{"timestamp":"2025-06-27T12:46:24,246","container":"6765e192c076","level":"INFO","thread":"main","class":"Besu","message":"Starting Besu","throwable":""}
{"timestamp":"2025-06-27T12:46:25,807","container":"6765e192c076","level":"WARN","thread":"main","class":"Besu","message":"--min-gas-price has been ignored because --miner-enabled was not defined on the command line.","throwable":""}
{"timestamp":"2025-06-27T12:46:28,067","container":"6765e192c076","level":"INFO","thread":"main","class":"Besu","message":"
####################################################################################################
#                                                                                                  #
# Besu version 23.4.1                                                                              #
#                                                                                                  #
# Configuration:                                                                                   #
# Network: Custom genesis file specified                                                           #
# Network Id: 1337                                                                                 #
# Data storage: Forest                                                                             #
# Sync mode: Full                                                                                  #
# RPC HTTP APIs: EEA,WEB3,ETH,NET,TRACE,DEBUG,ADMIN,TXPOOL,PRIV,PERM,QBFT                          #
# RPC HTTP port: 8545                                                                              #
#                                                                                                  #
# Host:                                                                                            #
# Java: openjdk-java-17                                                                            #
# Maximum heap size: 1.74 GB                                                                       #
# OS: linux-x86_64                                                                                 #
# glibc: 2.35                                                                                      #
# jemalloc: 5.2.1-0-gea6b3e973b477b8061e0076bb257dbd7f3faa756                                      #
# Total memory: 6.95 GB                                                                            #
# CPU cores: 4                                                                                     #
#                                                                                                  #
####################################################################################################","throwable":""}
{"timestamp":"2025-06-27T12:46:28,068","container":"6765e192c076","level":"INFO","thread":"main","class":"Besu","message":"Connecting to 8 static nodes.","throwable":""}
{"timestamp":"2025-06-27T12:46:28,069","container":"6765e192c076","level":"INFO","thread":"main","class":"Besu","message":"Security Module: localfile","throwable":""}
{"timestamp":"2025-06-27T12:46:28,156","container":"6765e192c076","level":"INFO","thread":"main","class":"Besu","message":"Using the native implementation of alt bn128","throwable":""}
{"timestamp":"2025-06-27T12:46:28,216","container":"6765e192c076","level":"INFO","thread":"main","class":"Besu","message":"Using the native implementation of modexp","throwable":""}
{"timestamp":"2025-06-27T12:46:28,217","container":"6765e192c076","level":"INFO","thread":"main","class":"Besu","message":"Using the native implementation of the signature algorithm","throwable":""}
{"timestamp":"2025-06-27T12:46:28,228","container":"6765e192c076","level":"INFO","thread":"main","class":"Besu","message":"Using the native implementation of the blake2bf algorithm","throwable":""}
{"timestamp":"2025-06-27T12:46:28,264","container":"6765e192c076","level":"INFO","thread":"main","class":"RocksDBKeyValueStorageFactory","message":"No existing database detected at /opt/besu/data. Using version 1","throwable":""}
{"timestamp":"2025-06-27T12:46:30,981","container":"6765e192c076","level":"INFO","thread":"main","class":"KeyPairUtil","message":"Loaded public key 0x8208a3f344695d44e9cf2c023683cbea7b9343e2f70a5e804bd2c93858e945f8f91439eef96a4ab6c47ff06637d6fbe6472f96de1655a1bee57ea896654f3a22 from /opt/besu/keys/nodekey","throwable":""}
{"timestamp":"2025-06-27T12:46:31,018","container":"6765e192c076","level":"WARN","thread":"main","class":"Besu","message":"Privacy is disabled. Cannot use EEA/PRIV API methods when not using Privacy.","throwable":""}
{"timestamp":"2025-06-27T12:46:31,858","container":"6765e192c076","level":"INFO","thread":"main","class":"ProtocolScheduleBuilder","message":"Protocol schedule created with milestones: [GrayGlacier: 0]","throwable":""}
{"timestamp":"2025-06-27T12:46:32,426","container":"6765e192c076","level":"INFO","thread":"main","class":"TransactionPoolFactory","message":"Enabling transaction pool","throwable":""}
{"timestamp":"2025-06-27T12:46:32,446","container":"6765e192c076","level":"INFO","thread":"main","class":"BesuControllerBuilder","message":"TTD difficulty is not present, creating initial sync phase for PoW","throwable":""}
{"timestamp":"2025-06-27T12:46:32,596","container":"6765e192c076","level":"INFO","thread":"main","class":"RunnerBuilder","message":"Detecting NAT service.","throwable":""}
{"timestamp":"2025-06-27T12:46:34,632","container":"6765e192c076","level":"INFO","thread":"main","class":"Runner","message":"Starting external services ... ","throwable":""}
{"timestamp":"2025-06-27T12:46:34,646","container":"6765e192c076","level":"INFO","thread":"main","class":"MetricsHttpService","message":"Starting metrics http service on 0.0.0.0:9545","throwable":""}
{"timestamp":"2025-06-27T12:46:35,123","container":"6765e192c076","level":"INFO","thread":"main","class":"JsonRpcHttpService","message":"Starting JSON-RPC service on 0.0.0.0:8545","throwable":""}
{"timestamp":"2025-06-27T12:46:35,140","container":"6765e192c076","level":"INFO","thread":"vert.x-eventloop-thread-1","class":"MetricsHttpService","message":"Metrics service started and listening on 0.0.0.0:9545","throwable":""}
{"timestamp":"2025-06-27T12:46:35,186","container":"6765e192c076","level":"INFO","thread":"vert.x-eventloop-thread-1","class":"JsonRpcHttpService","message":"JSON-RPC service started and listening on 0.0.0.0:8545","throwable":""}
{"timestamp":"2025-06-27T12:46:35,189","container":"6765e192c076","level":"INFO","thread":"main","class":"GraphQLHttpService","message":"Starting GraphQL HTTP service on 0.0.0.0:8547","throwable":""}
{"timestamp":"2025-06-27T12:46:35,209","container":"6765e192c076","level":"INFO","thread":"vert.x-eventloop-thread-1","class":"GraphQLHttpService","message":"GraphQL HTTP service started and listening on 0.0.0.0:8547","throwable":""}
{"timestamp":"2025-06-27T12:46:35,209","container":"6765e192c076","level":"INFO","thread":"main","class":"WebSocketService","message":"Starting Websocket service on 0.0.0.0:8546","throwable":""}
{"timestamp":"2025-06-27T12:46:35,239","container":"6765e192c076","level":"INFO","thread":"vert.x-eventloop-thread-1","class":"WebSocketService","message":"Websocket service started and listening on 0.0.0.0:8546","throwable":""}
{"timestamp":"2025-06-27T12:46:35,243","container":"6765e192c076","level":"INFO","thread":"main","class":"AutoTransactionLogBloomCachingService","message":"Starting auto transaction log bloom caching service.","throwable":""}
{"timestamp":"2025-06-27T12:46:35,260","container":"6765e192c076","level":"INFO","thread":"main","class":"LogBloomCacheMetadata","message":"Lookup cache metadata file in data directory: /opt/besu/data/caches","throwable":""}
{"timestamp":"2025-06-27T12:46:35,345","container":"6765e192c076","level":"INFO","thread":"main","class":"Runner","message":"Starting Ethereum main loop ... ","throwable":""}
{"timestamp":"2025-06-27T12:46:35,358","container":"6765e192c076","level":"INFO","thread":"main","class":"DockerNatManager","message":"Starting docker NAT manager.","throwable":""}
{"timestamp":"2025-06-27T12:46:35,413","container":"6765e192c076","level":"INFO","thread":"main","class":"NetworkRunner","message":"Starting Network.","throwable":""}
{"timestamp":"2025-06-27T12:46:35,460","container":"6765e192c076","level":"INFO","thread":"nioEventLoopGroup-2-1","class":"RlpxAgent","message":"P2P RLPx agent started and listening on /0.0.0.0:30303.","throwable":""}
{"timestamp":"2025-06-27T12:46:35,463","container":"6765e192c076","level":"INFO","thread":"main","class":"PeerDiscoveryAgent","message":"Starting peer discovery agent on host=0.0.0.0, port=30303","throwable":""}
{"timestamp":"2025-06-27T12:46:35,578","container":"6765e192c076","level":"INFO","thread":"vert.x-eventloop-thread-1","class":"VertxPeerDiscoveryAgent","message":"Started peer discovery agent successfully, on effective host=0.0.0.0 and port=30303","throwable":""}
{"timestamp":"2025-06-27T12:46:35,581","container":"6765e192c076","level":"INFO","thread":"vert.x-eventloop-thread-1","class":"PeerDiscoveryAgent","message":"P2P peer discovery agent started and listening on /0.0.0.0:30303","throwable":""}
{"timestamp":"2025-06-27T12:46:35,735","container":"6765e192c076","level":"INFO","thread":"vert.x-eventloop-thread-1","class":"PeerDiscoveryAgent","message":"Writing node record to disk. NodeRecord{seq=1, publicKey=0x028208a3f344695d44e9cf2c023683cbea7b9343e2f70a5e804bd2c93858e945f8, udpAddress=Optional[/10.0.0.77:30303], tcpAddress=Optional[/10.0.0.77:30303], asBase64=-Je4QA_j_JIWC_j4kM6f1RGw-G6R-BJRBJ3hlZcFnK9rsJhVGop2G39QHazdXmSpM_hPtwOsWy7t4Po_IcQ8gsedWhsBg2V0aMfGhGpSrW2AgmlkgnY0gmlwhAoAAE2Jc2VjcDI1NmsxoQKCCKPzRGldROnPLAI2g8vqe5ND4vcKXoBL0sk4WOlF-IN0Y3CCdl-DdWRwgnZf, nodeId=0x58e94810eeee14c28613b47e93917cadbace5dfce132b991732c6cda9bcc5b8a, customFields={tcp=30303, udp=30303, ip=0x0a00004d, eth=[[0x6a52ad6d, 0x]], id=V4, secp256k1=0x028208a3f344695d44e9cf2c023683cbea7b9343e2f70a5e804bd2c93858e945f8}}","throwable":""}
{"timestamp":"2025-06-27T12:46:35,856","container":"6765e192c076","level":"INFO","thread":"main","class":"DefaultP2PNetwork","message":"Enode URL enode://8208a3f344695d44e9cf2c023683cbea7b9343e2f70a5e804bd2c93858e945f8f91439eef96a4ab6c47ff06637d6fbe6472f96de1655a1bee57ea896654f3a22@10.0.0.77:30303","throwable":""}
{"timestamp":"2025-06-27T12:46:35,857","container":"6765e192c076","level":"INFO","thread":"main","class":"DefaultP2PNetwork","message":"Node address 0x93917cadbace5dfce132b991732c6cda9bcc5b8a","throwable":""}
{"timestamp":"2025-06-27T12:46:36,292","container":"6765e192c076","level":"INFO","thread":"main","class":"NetworkRunner","message":"Supported capabilities: [eth/62, eth/63, eth/64, eth/65, eth/66, eth/67, eth/68], [istanbul/100], [snap/1]","throwable":""}
{"timestamp":"2025-06-27T12:46:36,293","container":"6765e192c076","level":"INFO","thread":"main","class":"DefaultSynchronizer","message":"Starting synchronizer.","throwable":""}
{"timestamp":"2025-06-27T12:46:36,350","container":"6765e192c076","level":"INFO","thread":"main","class":"TransactionPoolFactory","message":"Enabling transaction handling following initial sync","throwable":""}
{"timestamp":"2025-06-27T12:46:36,416","container":"6765e192c076","level":"INFO","thread":"main","class":"FullSyncDownloader","message":"Starting full sync.","throwable":""}
{"timestamp":"2025-06-27T12:46:36,447","container":"6765e192c076","level":"INFO","thread":"main","class":"FullSyncTargetManager","message":"Unable to find sync target. Currently checking 0 peers for usefulness","throwable":""}
{"timestamp":"2025-06-27T12:46:36,771","container":"6765e192c076","level":"INFO","thread":"main","class":"Runner","message":"Ethereum main loop is up.","throwable":""}
{"timestamp":"2025-06-27T12:46:37,338","container":"6765e192c076","level":"INFO","thread":"nioEventLoopGroup-3-6","class":"FullSyncTargetManager","message":"Unable to find sync target. Currently checking 3 peers for usefulness","throwable":""}
{"timestamp":"2025-06-27T12:46:42,344","container":"6765e192c076","level":"INFO","thread":"EthScheduler-Timer-0","class":"FullSyncTargetManager","message":"Unable to find sync target. Currently checking 3 peers for usefulness","throwable":""}
{"timestamp":"2025-06-27T12:46:47,260","container":"6765e192c076","level":"INFO","thread":"BftProcessorExecutor-QBFT-0","class":"TimestampBoundedByFutureParameter","message":"Invalid block header: timestamp 1751028409 is greater than the timestamp margin 1751028408","throwable":""}
{"timestamp":"2025-06-27T12:46:47,268","container":"6765e192c076","level":"INFO","thread":"BftProcessorExecutor-QBFT-0","class":"MainnetBlockValidator","message":"Invalid block 1 (0x7e1925a7d8c5542c603b45991a2571a47c6faf07ac842992b65bd621b26e5b42): Optional[header validation rule violated, see logs]","throwable":""}
{"timestamp":"2025-06-27T12:46:47,269","container":"6765e192c076","level":"INFO","thread":"BftProcessorExecutor-QBFT-0","class":"ProposalPayloadValidator","message":"Invalid Proposal Payload: block did not pass validation. Reason Optional[header validation rule violated, see logs]","throwable":""}
{"timestamp":"2025-06-27T12:46:47,269","container":"6765e192c076","level":"INFO","thread":"BftProcessorExecutor-QBFT-0","class":"ProposalValidator","message":"Invalid Proposal Payload: invalid proposal payload in proposal message","throwable":""}
{"timestamp":"2025-06-27T12:46:47,269","container":"6765e192c076","level":"INFO","thread":"BftProcessorExecutor-QBFT-0","class":"QbftBlockHeightManager","message":"Received future Proposal which is illegal, no round change triggered.","throwable":""}
{"timestamp":"2025-06-27T12:46:47,351","container":"6765e192c076","level":"INFO","thread":"EthScheduler-Timer-0","class":"FullSyncTargetManager","message":"Unable to find sync target. Currently checking 3 peers for usefulness","throwable":""}
{"timestamp":"2025-06-27T12:46:47,422","container":"6765e192c076","level":"INFO","thread":"EthScheduler-Workers-0","class":"TimestampBoundedByFutureParameter","message":"Invalid block header: timestamp 1751028409 is greater than the timestamp margin 1751028408","throwable":""}
{"timestamp":"2025-06-27T12:46:47,430","container":"6765e192c076","level":"WARN","thread":"EthScheduler-Workers-0","class":"BlockPropagationManager","message":"Added to bad block manager for invalid header, failed to import announced block 1 (0x7e1925a7d8c5542c603b45991a2571a47c6faf07ac842992b65bd621b26e5b42)","throwable":""}
{"timestamp":"2025-06-27T12:46:47,443","container":"6765e192c076","level":"INFO","thread":"EthScheduler-Workers-0","class":"TimestampBoundedByFutureParameter","message":"Invalid block header: timestamp 1751028409 is greater than the timestamp margin 1751028408","throwable":""}
{"timestamp":"2025-06-27T12:46:47,443","container":"6765e192c076","level":"WARN","thread":"EthScheduler-Workers-0","class":"BlockPropagationManager","message":"Added to bad block manager for invalid header, failed to import announced block 1 (0x7e1925a7d8c5542c603b45991a2571a47c6faf07ac842992b65bd621b26e5b42)","throwable":""}
{"timestamp":"2025-06-27T12:46:52,353","container":"6765e192c076","level":"INFO","thread":"EthScheduler-Timer-0","class":"FullSyncTargetManager","message":"Unable to find sync target. Currently checking 3 peers for usefulness","throwable":""}
{"timestamp":"2025-06-27T12:46:57,528","container":"6765e192c076","level":"INFO","thread":"EthScheduler-Workers-0","class":"PersistBlockTask","message":"Block 2 (0x2f58f45bb01a8080d88286a2824aba6a448069aef615f599feb8f34faba1c402) is already imported","throwable":""}
{"timestamp":"2025-06-27T12:46:57,543","container":"6765e192c076","level":"INFO","thread":"BftProcessorExecutor-QBFT-0","class":"QbftBesuControllerBuilder","message":"Imported #2 / 0 tx / 0 pending / 0 (0.0%) gas / (0x2f58f45bb01a8080d88286a2824aba6a448069aef615f599feb8f34faba1c402)","throwable":""}
{"timestamp":"2025-06-27T12:47:02,957","container":"6765e192c076","level":"INFO","thread":"BftProcessorExecutor-QBFT-0","class":"TimestampBoundedByFutureParameter","message":"Invalid block header: timestamp 1751028425 is greater than the timestamp margin 1751028423","throwable":""}
{"timestamp":"2025-06-27T12:47:02,958","container":"6765e192c076","level":"INFO","thread":"BftProcessorExecutor-QBFT-0","class":"MainnetBlockValidator","message":"Invalid block 3 (0xad56f5ddb6da5feee5208d8cd05a91ffce8ac44ef1d30a9aa384e08ac992ede1): Optional[header validation rule violated, see logs]","throwable":""}
{"timestamp":"2025-06-27T12:47:02,958","container":"6765e192c076","level":"INFO","thread":"BftProcessorExecutor-QBFT-0","class":"ProposalPayloadValidator","message":"Invalid Proposal Payload: block did not pass validation. Reason Optional[header validation rule violated, see logs]","throwable":""}
{"timestamp":"2025-06-27T12:47:02,958","container":"6765e192c076","level":"INFO","thread":"BftProcessorExecutor-QBFT-0","class":"ProposalValidator","message":"Invalid Proposal Payload: invalid proposal payload in proposal message","throwable":""}
{"timestamp":"2025-06-27T12:47:02,958","container":"6765e192c076","level":"INFO","thread":"BftProcessorExecutor-QBFT-0","class":"QbftBlockHeightManager","message":"Received future Proposal which is illegal, no round change triggered.","throwable":""}
{"timestamp":"2025-06-27T12:47:03,052","container":"6765e192c076","level":"INFO","thread":"EthScheduler-Workers-0","class":"TimestampBoundedByFutureParameter","message":"Invalid block header: timestamp 1751028425 is greater than the timestamp margin 1751028424","throwable":""}
{"timestamp":"2025-06-27T12:47:03,061","container":"6765e192c076","level":"WARN","thread":"EthScheduler-Workers-0","class":"BlockPropagationManager","message":"Added to bad block manager for invalid header, failed to import announced block 3 (0xad56f5ddb6da5feee5208d8cd05a91ffce8ac44ef1d30a9aa384e08ac992ede1)","throwable":""}
{"timestamp":"2025-06-27T12:47:03,062","container":"6765e192c076","level":"INFO","thread":"EthScheduler-Workers-0","class":"TimestampBoundedByFutureParameter","message":"Invalid block header: timestamp 1751028425 is greater than the timestamp margin 1751028424","throwable":""}
{"timestamp":"2025-06-27T12:47:03,063","container":"6765e192c076","level":"WARN","thread":"EthScheduler-Workers-0","class":"BlockPropagationManager","message":"Added to bad block manager for invalid header, failed to import announced block 3 (0xad56f5ddb6da5feee5208d8cd05a91ffce8ac44ef1d30a9aa384e08ac992ede1)","throwable":""}
{"timestamp":"2025-06-27T12:47:24,525","container":"6765e192c076","level":"INFO","thread":"BftProcessorExecutor-QBFT-0","class":"TimestampBoundedByFutureParameter","message":"Invalid block header: timestamp 1751028446 is greater than the timestamp margin 1751028445","throwable":""}
{"timestamp":"2025-06-27T12:47:24,526","container":"6765e192c076","level":"INFO","thread":"BftProcessorExecutor-QBFT-0","class":"MainnetBlockValidator","message":"Invalid block 4 (0x6c53e450c5d2dcdf91be6d4ae094ceb3186a5c9a83f08059c43ee6cdd32dca59): Optional[header validation rule violated, see logs]","throwable":""}
{"timestamp":"2025-06-27T12:47:24,527","container":"6765e192c076","level":"INFO","thread":"BftProcessorExecutor-QBFT-0","class":"ProposalPayloadValidator","message":"Invalid Proposal Payload: block did not pass validation. Reason Optional[header validation rule violated, see logs]","throwable":""}
{"timestamp":"2025-06-27T12:47:24,527","container":"6765e192c076","level":"INFO","thread":"BftProcessorExecutor-QBFT-0","class":"ProposalValidator","message":"Invalid Proposal Payload: invalid proposal payload in proposal message","throwable":""}
{"timestamp":"2025-06-27T12:47:24,588","container":"6765e192c076","level":"INFO","thread":"EthScheduler-Workers-0","class":"TimestampBoundedByFutureParameter","message":"Invalid block header: timestamp 1751028446 is greater than the timestamp margin 1751028445","throwable":""}
{"timestamp":"2025-06-27T12:47:24,589","container":"6765e192c076","level":"WARN","thread":"EthScheduler-Workers-0","class":"BlockPropagationManager","message":"Added to bad block manager for invalid header, failed to import announced block 4 (0x6c53e450c5d2dcdf91be6d4ae094ceb3186a5c9a83f08059c43ee6cdd32dca59)","throwable":""}
{"timestamp":"2025-06-27T12:47:24,595","container":"6765e192c076","level":"INFO","thread":"EthScheduler-Workers-0","class":"TimestampBoundedByFutureParameter","message":"Invalid block header: timestamp 1751028446 is greater than the timestamp margin 1751028445","throwable":""}
{"timestamp":"2025-06-27T12:47:24,599","container":"6765e192c076","level":"WARN","thread":"EthScheduler-Workers-0","class":"BlockPropagationManager","message":"Added to bad block manager for invalid header, failed to import announced block 4 (0x6c53e450c5d2dcdf91be6d4ae094ceb3186a5c9a83f08059c43ee6cdd32dca59)","throwable":""}
{"timestamp":"2025-06-27T12:47:34,558","container":"6765e192c076","level":"INFO","thread":"BftProcessorExecutor-QBFT-0","class":"QbftBesuControllerBuilder","message":"Imported #5 / 0 tx / 0 pending / 0 (0.0%) gas / (0x62575071b488faafd89c36721dba3a2b15e4b81b2f8ee60e72210ade12ddeb45)","throwable":""}
{"timestamp":"2025-06-27T12:47:34,562","container":"6765e192c076","level":"INFO","thread":"EthScheduler-Workers-0","class":"PersistBlockTask","message":"Block 5 (0x62575071b488faafd89c36721dba3a2b15e4b81b2f8ee60e72210ade12ddeb45) is already imported","throwable":""}
{"timestamp":"2025-06-27T12:47:39,975","container":"6765e192c076","level":"INFO","thread":"BftProcessorExecutor-QBFT-0","class":"TimestampBoundedByFutureParameter","message":"Invalid block header: timestamp 1751028462 is greater than the timestamp margin 1751028460","throwable":""}
{"timestamp":"2025-06-27T12:47:39,976","container":"6765e192c076","level":"INFO","thread":"BftProcessorExecutor-QBFT-0","class":"MainnetBlockValidator","message":"Invalid block 6 (0x650ddc2ca2a745aa25928d11fc5923f4a7f36c8431f1f8928fa8647240ffe22e): Optional[header validation rule violated, see logs]","throwable":""}
{"timestamp":"2025-06-27T12:47:39,977","container":"6765e192c076","level":"INFO","thread":"BftProcessorExecutor-QBFT-0","class":"ProposalPayloadValidator","message":"Invalid Proposal Payload: block did not pass validation. Reason Optional[header validation rule violated, see logs]","throwable":""}
{"timestamp":"2025-06-27T12:47:39,977","container":"6765e192c076","level":"INFO","thread":"BftProcessorExecutor-QBFT-0","class":"ProposalValidator","message":"Invalid Proposal Payload: invalid proposal payload in proposal message","throwable":""}
{"timestamp":"2025-06-27T12:47:39,977","container":"6765e192c076","level":"INFO","thread":"BftProcessorExecutor-QBFT-0","class":"QbftBlockHeightManager","message":"Received future Proposal which is illegal, no round change triggered.","throwable":""}
{"timestamp":"2025-06-27T12:47:40,030","container":"6765e192c076","level":"INFO","thread":"EthScheduler-Workers-0","class":"TimestampBoundedByFutureParameter","message":"Invalid block header: timestamp 1751028462 is greater than the timestamp margin 1751028461","throwable":""}
{"timestamp":"2025-06-27T12:47:40,032","container":"6765e192c076","level":"WARN","thread":"EthScheduler-Workers-0","class":"BlockPropagationManager","message":"Added to bad block manager for invalid header, failed to import announced block 6 (0x650ddc2ca2a745aa25928d11fc5923f4a7f36c8431f1f8928fa8647240ffe22e)","throwable":""}
{"timestamp":"2025-06-27T12:47:40,057","container":"6765e192c076","level":"INFO","thread":"EthScheduler-Workers-0","class":"TimestampBoundedByFutureParameter","message":"Invalid block header: timestamp 1751028462 is greater than the timestamp margin 1751028461","throwable":""}
{"timestamp":"2025-06-27T12:47:40,059","container":"6765e192c076","level":"WARN","thread":"EthScheduler-Workers-0","class":"BlockPropagationManager","message":"Added to bad block manager for invalid header, failed to import announced block 6 (0x650ddc2ca2a745aa25928d11fc5923f4a7f36c8431f1f8928fa8647240ffe22e)","throwable":""}
{"timestamp":"2025-06-27T12:47:40,062","container":"6765e192c076","level":"INFO","thread":"EthScheduler-Workers-0","class":"TimestampBoundedByFutureParameter","message":"Invalid block header: timestamp 1751028462 is greater than the timestamp margin 1751028461","throwable":""}
{"timestamp":"2025-06-27T12:47:40,063","container":"6765e192c076","level":"WARN","thread":"EthScheduler-Workers-0","class":"BlockPropagationManager","message":"Added to bad block manager for invalid header, failed to import announced block 6 (0x650ddc2ca2a745aa25928d11fc5923f4a7f36c8431f1f8928fa8647240ffe22e)","throwable":""}
{"timestamp":"2025-06-27T12:47:59,538","container":"6765e192c076","level":"INFO","thread":"BftProcessorExecutor-QBFT-0","class":"TimestampBoundedByFutureParameter","message":"Invalid block header: timestamp 1751028481 is greater than the timestamp margin 1751028480","throwable":""}
{"timestamp":"2025-06-27T12:47:59,538","container":"6765e192c076","level":"INFO","thread":"BftProcessorExecutor-QBFT-0","class":"MainnetBlockValidator","message":"Invalid block 7 (0x4028b998c2a36583033cf23ed2b52fc66348a2aa17560ed3f4a86a0f2eb1ac34): Optional[header validation rule violated, see logs]","throwable":""}
{"timestamp":"2025-06-27T12:47:59,538","container":"6765e192c076","level":"INFO","thread":"BftProcessorExecutor-QBFT-0","class":"ProposalPayloadValidator","message":"Invalid Proposal Payload: block did not pass validation. Reason Optional[header validation rule violated, see logs]","throwable":""}
{"timestamp":"2025-06-27T12:47:59,539","container":"6765e192c076","level":"INFO","thread":"BftProcessorExecutor-QBFT-0","class":"ProposalValidator","message":"Invalid Proposal Payload: invalid proposal payload in proposal message","throwable":""}
{"timestamp":"2025-06-27T12:47:59,576","container":"6765e192c076","level":"INFO","thread":"EthScheduler-Workers-0","class":"TimestampBoundedByFutureParameter","message":"Invalid block header: timestamp 1751028481 is greater than the timestamp margin 1751028480","throwable":""}
{"timestamp":"2025-06-27T12:47:59,576","container":"6765e192c076","level":"WARN","thread":"EthScheduler-Workers-0","class":"BlockPropagationManager","message":"Added to bad block manager for invalid header, failed to import announced block 7 (0x4028b998c2a36583033cf23ed2b52fc66348a2aa17560ed3f4a86a0f2eb1ac34)","throwable":""}
{"timestamp":"2025-06-27T12:47:59,584","container":"6765e192c076","level":"INFO","thread":"EthScheduler-Workers-0","class":"TimestampBoundedByFutureParameter","message":"Invalid block header: timestamp 1751028481 is greater than the timestamp margin 1751028480","throwable":""}
{"timestamp":"2025-06-27T12:47:59,600","container":"6765e192c076","level":"WARN","thread":"EthScheduler-Workers-0","class":"BlockPropagationManager","message":"Added to bad block manager for invalid header, failed to import announced block 7 (0x4028b998c2a36583033cf23ed2b52fc66348a2aa17560ed3f4a86a0f2eb1ac34)","throwable":""}
{"timestamp":"2025-06-27T12:47:59,605","container":"6765e192c076","level":"INFO","thread":"EthScheduler-Workers-0","class":"TimestampBoundedByFutureParameter","message":"Invalid block header: timestamp 1751028481 is greater than the timestamp margin 1751028480","throwable":""}
{"timestamp":"2025-06-27T12:47:59,606","container":"6765e192c076","level":"WARN","thread":"EthScheduler-Workers-0","class":"BlockPropagationManager","message":"Added to bad block manager for invalid header, failed to import announced block 7 (0x4028b998c2a36583033cf23ed2b52fc66348a2aa17560ed3f4a86a0f2eb1ac34)","throwable":""}
{"timestamp":"2025-06-27T12:48:09,615","container":"6765e192c076","level":"INFO","thread":"EthScheduler-Workers-0","class":"PersistBlockTask","message":"Block 8 (0x0cee68aa635cda4cbfc76285366a213203c038ad599b20fa3aceb55bcbe1af30) is already imported","throwable":""}
{"timestamp":"2025-06-27T12:48:09,616","container":"6765e192c076","level":"INFO","thread":"BftProcessorExecutor-QBFT-0","class":"QbftBesuControllerBuilder","message":"Imported #8 / 0 tx / 0 pending / 0 (0.0%) gas / (0x0cee68aa635cda4cbfc76285366a213203c038ad599b20fa3aceb55bcbe1af30)","throwable":""}
{"timestamp":"2025-06-27T12:48:14,992","container":"6765e192c076","level":"INFO","thread":"BftProcessorExecutor-QBFT-0","class":"TimestampBoundedByFutureParameter","message":"Invalid block header: timestamp 1751028497 is greater than the timestamp margin 1751028495","throwable":""}
{"timestamp":"2025-06-27T12:48:14,992","container":"6765e192c076","level":"INFO","thread":"BftProcessorExecutor-QBFT-0","class":"MainnetBlockValidator","message":"Invalid block 9 (0xa50ba325f4ea03f7a1c2d239446feee39cac77393a1689ecd3b4fc935ce7145e): Optional[header validation rule violated, see logs]","throwable":""}
{"timestamp":"2025-06-27T12:48:14,993","container":"6765e192c076","level":"INFO","thread":"BftProcessorExecutor-QBFT-0","class":"ProposalPayloadValidator","message":"Invalid Proposal Payload: block did not pass validation. Reason Optional[header validation rule violated, see logs]","throwable":""}
{"timestamp":"2025-06-27T12:48:14,993","container":"6765e192c076","level":"INFO","thread":"BftProcessorExecutor-QBFT-0","class":"ProposalValidator","message":"Invalid Proposal Payload: invalid proposal payload in proposal message","throwable":""}
{"timestamp":"2025-06-27T12:48:14,993","container":"6765e192c076","level":"INFO","thread":"BftProcessorExecutor-QBFT-0","class":"QbftBlockHeightManager","message":"Received future Proposal which is illegal, no round change triggered.","throwable":""}
{"timestamp":"2025-06-27T12:48:15,071","container":"6765e192c076","level":"INFO","thread":"EthScheduler-Workers-0","class":"TimestampBoundedByFutureParameter","message":"Invalid block header: timestamp 1751028497 is greater than the timestamp margin 1751028496","throwable":""}
{"timestamp":"2025-06-27T12:48:15,074","container":"6765e192c076","level":"WARN","thread":"EthScheduler-Workers-0","class":"BlockPropagationManager","message":"Added to bad block manager for invalid header, failed to import announced block 9 (0xa50ba325f4ea03f7a1c2d239446feee39cac77393a1689ecd3b4fc935ce7145e)","throwable":""}
{"timestamp":"2025-06-27T12:48:15,086","container":"6765e192c076","level":"INFO","thread":"EthScheduler-Workers-0","class":"TimestampBoundedByFutureParameter","message":"Invalid block header: timestamp 1751028497 is greater than the timestamp margin 1751028496","throwable":""}
{"timestamp":"2025-06-27T12:48:15,086","container":"6765e192c076","level":"WARN","thread":"EthScheduler-Workers-0","class":"BlockPropagationManager","message":"Added to bad block manager for invalid header, failed to import announced block 9 (0xa50ba325f4ea03f7a1c2d239446feee39cac77393a1689ecd3b4fc935ce7145e)","throwable":""}
{"timestamp":"2025-06-27T12:48:34,597","container":"6765e192c076","level":"INFO","thread":"BftProcessorExecutor-QBFT-0","class":"TimestampBoundedByFutureParameter","message":"Invalid block header: timestamp 1751028516 is greater than the timestamp margin 1751028515","throwable":""}
{"timestamp":"2025-06-27T12:48:34,597","container":"6765e192c076","level":"INFO","thread":"BftProcessorExecutor-QBFT-0","class":"MainnetBlockValidator","message":"Invalid block 10 (0x876e7642b98762092b4aaf3d6ed52f26d7f5f999d114a1d7c040d9fe377e5f16): Optional[header validation rule violated, see logs]","throwable":""}
{"timestamp":"2025-06-27T12:48:34,598","container":"6765e192c076","level":"INFO","thread":"BftProcessorExecutor-QBFT-0","class":"ProposalPayloadValidator","message":"Invalid Proposal Payload: block did not pass validation. Reason Optional[header validation rule violated, see logs]","throwable":""}
{"timestamp":"2025-06-27T12:48:34,598","container":"6765e192c076","level":"INFO","thread":"BftProcessorExecutor-QBFT-0","class":"ProposalValidator","message":"Invalid Proposal Payload: invalid proposal payload in proposal message","throwable":""}
{"timestamp":"2025-06-27T12:48:34,637","container":"6765e192c076","level":"INFO","thread":"EthScheduler-Workers-0","class":"TimestampBoundedByFutureParameter","message":"Invalid block header: timestamp 1751028516 is greater than the timestamp margin 1751028515","throwable":""}
{"timestamp":"2025-06-27T12:48:34,651","container":"6765e192c076","level":"WARN","thread":"EthScheduler-Workers-0","class":"BlockPropagationManager","message":"Added to bad block manager for invalid header, failed to import announced block 10 (0x876e7642b98762092b4aaf3d6ed52f26d7f5f999d114a1d7c040d9fe377e5f16)","throwable":""}
{"timestamp":"2025-06-27T12:48:34,657","container":"6765e192c076","level":"INFO","thread":"EthScheduler-Workers-0","class":"TimestampBoundedByFutureParameter","message":"Invalid block header: timestamp 1751028516 is greater than the timestamp margin 1751028515","throwable":""}
{"timestamp":"2025-06-27T12:48:34,657","container":"6765e192c076","level":"WARN","thread":"EthScheduler-Workers-0","class":"BlockPropagationManager","message":"Added to bad block manager for invalid header, failed to import announced block 10 (0x876e7642b98762092b4aaf3d6ed52f26d7f5f999d114a1d7c040d9fe377e5f16)","throwable":""}
{"timestamp":"2025-06-27T12:48:34,658","container":"6765e192c076","level":"INFO","thread":"EthScheduler-Workers-0","class":"TimestampBoundedByFutureParameter","message":"Invalid block header: timestamp 1751028516 is greater than the timestamp margin 1751028515","throwable":""}
{"timestamp":"2025-06-27T12:48:34,659","container":"6765e192c076","level":"WARN","thread":"EthScheduler-Workers-0","class":"BlockPropagationManager","message":"Added to bad block manager for invalid header, failed to import announced block 10 (0x876e7642b98762092b4aaf3d6ed52f26d7f5f999d114a1d7c040d9fe377e5f16)","throwable":""}
{"timestamp":"2025-06-27T12:48:44,645","container":"6765e192c076","level":"INFO","thread":"BftProcessorExecutor-QBFT-0","class":"QbftBesuControllerBuilder","message":"Imported #11 / 0 tx / 0 pending / 0 (0.0%) gas / (0xb6e9f913b05f3a6412468f89e7d619fe9a6be53bb4a00cab1cf75fadf2461f3d)","throwable":""}
{"timestamp":"2025-06-27T12:48:50,010","container":"6765e192c076","level":"INFO","thread":"BftProcessorExecutor-QBFT-0","class":"TimestampBoundedByFutureParameter","message":"Invalid block header: timestamp 1751028532 is greater than the timestamp margin 1751028531","throwable":""}
{"timestamp":"2025-06-27T12:48:50,011","container":"6765e192c076","level":"INFO","thread":"BftProcessorExecutor-QBFT-0","class":"MainnetBlockValidator","message":"Invalid block 12 (0x65533274b240cbeb6663d4f73d70923149f1ecbd4b2c775dcc08595ce99274d2): Optional[header validation rule violated, see logs]","throwable":""}
{"timestamp":"2025-06-27T12:48:50,011","container":"6765e192c076","level":"INFO","thread":"BftProcessorExecutor-QBFT-0","class":"ProposalPayloadValidator","message":"Invalid Proposal Payload: block did not pass validation. Reason Optional[header validation rule violated, see logs]","throwable":""}
{"timestamp":"2025-06-27T12:48:50,012","container":"6765e192c076","level":"INFO","thread":"BftProcessorExecutor-QBFT-0","class":"ProposalValidator","message":"Invalid Proposal Payload: invalid proposal payload in proposal message","throwable":""}
{"timestamp":"2025-06-27T12:48:50,012","container":"6765e192c076","level":"INFO","thread":"BftProcessorExecutor-QBFT-0","class":"QbftBlockHeightManager","message":"Received future Proposal which is illegal, no round change triggered.","throwable":""}
{"timestamp":"2025-06-27T12:48:50,090","container":"6765e192c076","level":"INFO","thread":"EthScheduler-Workers-0","class":"TimestampBoundedByFutureParameter","message":"Invalid block header: timestamp 1751028532 is greater than the timestamp margin 1751028531","throwable":""}
{"timestamp":"2025-06-27T12:48:50,092","container":"6765e192c076","level":"WARN","thread":"EthScheduler-Workers-0","class":"BlockPropagationManager","message":"Added to bad block manager for invalid header, failed to import announced block 12 (0x65533274b240cbeb6663d4f73d70923149f1ecbd4b2c775dcc08595ce99274d2)","throwable":""}
{"timestamp":"2025-06-27T12:49:09,629","container":"6765e192c076","level":"INFO","thread":"BftProcessorExecutor-QBFT-0","class":"TimestampBoundedByFutureParameter","message":"Invalid block header: timestamp 1751028551 is greater than the timestamp margin 1751028550","throwable":""}
{"timestamp":"2025-06-27T12:49:09,630","container":"6765e192c076","level":"INFO","thread":"BftProcessorExecutor-QBFT-0","class":"MainnetBlockValidator","message":"Invalid block 13 (0x6e6f116fbd2cd7ea9b9e34759a51c02dceb889a5102fddc0845bf81455418f7f): Optional[header validation rule violated, see logs]","throwable":""}
{"timestamp":"2025-06-27T12:49:09,630","container":"6765e192c076","level":"INFO","thread":"BftProcessorExecutor-QBFT-0","class":"ProposalPayloadValidator","message":"Invalid Proposal Payload: block did not pass validation. Reason Optional[header validation rule violated, see logs]","throwable":""}
{"timestamp":"2025-06-27T12:49:09,631","container":"6765e192c076","level":"INFO","thread":"BftProcessorExecutor-QBFT-0","class":"ProposalValidator","message":"Invalid Proposal Payload: invalid proposal payload in proposal message","throwable":""}
{"timestamp":"2025-06-27T12:49:09,674","container":"6765e192c076","level":"INFO","thread":"EthScheduler-Workers-0","class":"TimestampBoundedByFutureParameter","message":"Invalid block header: timestamp 1751028551 is greater than the timestamp margin 1751028550","throwable":""}
{"timestamp":"2025-06-27T12:49:09,674","container":"6765e192c076","level":"WARN","thread":"EthScheduler-Workers-0","class":"BlockPropagationManager","message":"Added to bad block manager for invalid header, failed to import announced block 13 (0x6e6f116fbd2cd7ea9b9e34759a51c02dceb889a5102fddc0845bf81455418f7f)","throwable":""}
{"timestamp":"2025-06-27T12:49:09,695","container":"6765e192c076","level":"INFO","thread":"EthScheduler-Workers-0","class":"TimestampBoundedByFutureParameter","message":"Invalid block header: timestamp 1751028551 is greater than the timestamp margin 1751028550","throwable":""}
{"timestamp":"2025-06-27T12:49:09,696","container":"6765e192c076","level":"WARN","thread":"EthScheduler-Workers-0","class":"BlockPropagationManager","message":"Added to bad block manager for invalid header, failed to import announced block 13 (0x6e6f116fbd2cd7ea9b9e34759a51c02dceb889a5102fddc0845bf81455418f7f)","throwable":""}
{"timestamp":"2025-06-27T12:49:19,657","container":"6765e192c076","level":"INFO","thread":"BftProcessorExecutor-QBFT-0","class":"QbftBesuControllerBuilder","message":"Imported #14 / 0 tx / 0 pending / 0 (0.0%) gas / (0x7c428bf07f7639024ea95b42f7cff43b8b646cdf70c41690fb8069c39ee9f391)","throwable":""}
{"timestamp":"2025-06-27T12:49:25,037","container":"6765e192c076","level":"INFO","thread":"BftProcessorExecutor-QBFT-0","class":"TimestampBoundedByFutureParameter","message":"Invalid block header: timestamp 1751028567 is greater than the timestamp margin 1751028566","throwable":""}
{"timestamp":"2025-06-27T12:49:25,039","container":"6765e192c076","level":"INFO","thread":"BftProcessorExecutor-QBFT-0","class":"MainnetBlockValidator","message":"Invalid block 15 (0xc7b67cd28ce048e3c8ad81b363c0bf7a806d587ebc16752fea7983551b5e2cc5): Optional[header validation rule violated, see logs]","throwable":""}
{"timestamp":"2025-06-27T12:49:25,039","container":"6765e192c076","level":"INFO","thread":"BftProcessorExecutor-QBFT-0","class":"ProposalPayloadValidator","message":"Invalid Proposal Payload: block did not pass validation. Reason Optional[header validation rule violated, see logs]","throwable":""}
{"timestamp":"2025-06-27T12:49:25,040","container":"6765e192c076","level":"INFO","thread":"BftProcessorExecutor-QBFT-0","class":"ProposalValidator","message":"Invalid Proposal Payload: invalid proposal payload in proposal message","throwable":""}
{"timestamp":"2025-06-27T12:49:25,041","container":"6765e192c076","level":"INFO","thread":"BftProcessorExecutor-QBFT-0","class":"QbftBlockHeightManager","message":"Received future Proposal which is illegal, no round change triggered.","throwable":""}
{"timestamp":"2025-06-27T12:49:25,085","container":"6765e192c076","level":"INFO","thread":"EthScheduler-Workers-0","class":"TimestampBoundedByFutureParameter","message":"Invalid block header: timestamp 1751028567 is greater than the timestamp margin 1751028566","throwable":""}
{"timestamp":"2025-06-27T12:49:25,085","container":"6765e192c076","level":"WARN","thread":"EthScheduler-Workers-0","class":"BlockPropagationManager","message":"Added to bad block manager for invalid header, failed to import announced block 15 (0xc7b67cd28ce048e3c8ad81b363c0bf7a806d587ebc16752fea7983551b5e2cc5)","throwable":""}
{"timestamp":"2025-06-27T12:49:25,095","container":"6765e192c076","level":"INFO","thread":"EthScheduler-Workers-0","class":"TimestampBoundedByFutureParameter","message":"Invalid block header: timestamp 1751028567 is greater than the timestamp margin 1751028566","throwable":""}
{"timestamp":"2025-06-27T12:49:25,095","container":"6765e192c076","level":"WARN","thread":"EthScheduler-Workers-0","class":"BlockPropagationManager","message":"Added to bad block manager for invalid header, failed to import announced block 15 (0xc7b67cd28ce048e3c8ad81b363c0bf7a806d587ebc16752fea7983551b5e2cc5)","throwable":""}
{"timestamp":"2025-06-27T12:49:44,817","container":"6765e192c076","level":"INFO","thread":"BftProcessorExecutor-QBFT-0","class":"TimestampBoundedByFutureParameter","message":"Invalid block header: timestamp 1751028586 is greater than the timestamp margin 1751028585","throwable":""}
{"timestamp":"2025-06-27T12:49:44,820","container":"6765e192c076","level":"INFO","thread":"BftProcessorExecutor-QBFT-0","class":"MainnetBlockValidator","message":"Invalid block 16 (0x536e8b145b4dd2792582d32b08fd66c8f0f24fdababac987a0976f1980021c6d): Optional[header validation rule violated, see logs]","throwable":""}
{"timestamp":"2025-06-27T12:49:44,821","container":"6765e192c076","level":"INFO","thread":"BftProcessorExecutor-QBFT-0","class":"ProposalPayloadValidator","message":"Invalid Proposal Payload: block did not pass validation. Reason Optional[header validation rule violated, see logs]","throwable":""}
{"timestamp":"2025-06-27T12:49:44,821","container":"6765e192c076","level":"INFO","thread":"BftProcessorExecutor-QBFT-0","class":"ProposalValidator","message":"Invalid Proposal Payload: invalid proposal payload in proposal message","throwable":""}
{"timestamp":"2025-06-27T12:49:44,873","container":"6765e192c076","level":"INFO","thread":"EthScheduler-Workers-0","class":"TimestampBoundedByFutureParameter","message":"Invalid block header: timestamp 1751028586 is greater than the timestamp margin 1751028585","throwable":""}
{"timestamp":"2025-06-27T12:49:44,874","container":"6765e192c076","level":"WARN","thread":"EthScheduler-Workers-0","class":"BlockPropagationManager","message":"Added to bad block manager for invalid header, failed to import announced block 16 (0x536e8b145b4dd2792582d32b08fd66c8f0f24fdababac987a0976f1980021c6d)","throwable":""}
{"timestamp":"2025-06-27T12:49:54,864","container":"6765e192c076","level":"INFO","thread":"BftProcessorExecutor-QBFT-0","class":"QbftBesuControllerBuilder","message":"Imported #17 / 0 tx / 0 pending / 0 (0.0%) gas / (0xc3246001af2803f4c196c3e70122e639253048b6481788b28a8c032d3a793f89)","throwable":""}
{"timestamp":"2025-06-27T12:49:54,873","container":"6765e192c076","level":"INFO","thread":"EthScheduler-Workers-0","class":"PersistBlockTask","message":"Block 17 (0xc3246001af2803f4c196c3e70122e639253048b6481788b28a8c032d3a793f89) is already imported","throwable":""}
{"timestamp":"2025-06-27T12:50:00,043","container":"6765e192c076","level":"INFO","thread":"BftProcessorExecutor-QBFT-0","class":"TimestampBoundedByFutureParameter","message":"Invalid block header: timestamp 1751028602 is greater than the timestamp margin 1751028601","throwable":""}
{"timestamp":"2025-06-27T12:50:00,043","container":"6765e192c076","level":"INFO","thread":"BftProcessorExecutor-QBFT-0","class":"MainnetBlockValidator","message":"Invalid block 18 (0xe56339bb13ecb0cdf3d2b3e559f67f3164f3d890f59eaf3a4d225549f61d3940): Optional[header validation rule violated, see logs]","throwable":""}
{"timestamp":"2025-06-27T12:50:00,044","container":"6765e192c076","level":"INFO","thread":"BftProcessorExecutor-QBFT-0","class":"ProposalPayloadValidator","message":"Invalid Proposal Payload: block did not pass validation. Reason Optional[header validation rule violated, see logs]","throwable":""}
{"timestamp":"2025-06-27T12:50:00,045","container":"6765e192c076","level":"INFO","thread":"BftProcessorExecutor-QBFT-0","class":"ProposalValidator","message":"Invalid Proposal Payload: invalid proposal payload in proposal message","throwable":""}
{"timestamp":"2025-06-27T12:50:00,045","container":"6765e192c076","level":"INFO","thread":"BftProcessorExecutor-QBFT-0","class":"QbftBlockHeightManager","message":"Received future Proposal which is illegal, no round change triggered.","throwable":""}
{"timestamp":"2025-06-27T12:50:00,091","container":"6765e192c076","level":"INFO","thread":"EthScheduler-Workers-0","class":"TimestampBoundedByFutureParameter","message":"Invalid block header: timestamp 1751028602 is greater than the timestamp margin 1751028601","throwable":""}
{"timestamp":"2025-06-27T12:50:00,092","container":"6765e192c076","level":"WARN","thread":"EthScheduler-Workers-0","class":"BlockPropagationManager","message":"Added to bad block manager for invalid header, failed to import announced block 18 (0xe56339bb13ecb0cdf3d2b3e559f67f3164f3d890f59eaf3a4d225549f61d3940)","throwable":""}
{"timestamp":"2025-06-27T12:50:00,098","container":"6765e192c076","level":"INFO","thread":"EthScheduler-Workers-0","class":"TimestampBoundedByFutureParameter","message":"Invalid block header: timestamp 1751028602 is greater than the timestamp margin 1751028601","throwable":""}
{"timestamp":"2025-06-27T12:50:00,099","container":"6765e192c076","level":"WARN","thread":"EthScheduler-Workers-0","class":"BlockPropagationManager","message":"Added to bad block manager for invalid header, failed to import announced block 18 (0xe56339bb13ecb0cdf3d2b3e559f67f3164f3d890f59eaf3a4d225549f61d3940)","throwable":""}
{"timestamp":"2025-06-27T12:50:19,848","container":"6765e192c076","level":"INFO","thread":"BftProcessorExecutor-QBFT-0","class":"TimestampBoundedByFutureParameter","message":"Invalid block header: timestamp 1751028621 is greater than the timestamp margin 1751028620","throwable":""}
{"timestamp":"2025-06-27T12:50:19,849","container":"6765e192c076","level":"INFO","thread":"BftProcessorExecutor-QBFT-0","class":"MainnetBlockValidator","message":"Invalid block 19 (0x0aead13737cbc23908b7bd0786d826c84b97b1b3f7ff9e412d8b1cbacea68e3a): Optional[header validation rule violated, see logs]","throwable":""}
{"timestamp":"2025-06-27T12:50:19,849","container":"6765e192c076","level":"INFO","thread":"BftProcessorExecutor-QBFT-0","class":"ProposalPayloadValidator","message":"Invalid Proposal Payload: block did not pass validation. Reason Optional[header validation rule violated, see logs]","throwable":""}
{"timestamp":"2025-06-27T12:50:19,850","container":"6765e192c076","level":"INFO","thread":"BftProcessorExecutor-QBFT-0","class":"ProposalValidator","message":"Invalid Proposal Payload: invalid proposal payload in proposal message","throwable":""}
{"timestamp":"2025-06-27T12:50:19,892","container":"6765e192c076","level":"INFO","thread":"EthScheduler-Workers-0","class":"TimestampBoundedByFutureParameter","message":"Invalid block header: timestamp 1751028621 is greater than the timestamp margin 1751028620","throwable":""}
{"timestamp":"2025-06-27T12:50:19,892","container":"6765e192c076","level":"WARN","thread":"EthScheduler-Workers-0","class":"BlockPropagationManager","message":"Added to bad block manager for invalid header, failed to import announced block 19 (0x0aead13737cbc23908b7bd0786d826c84b97b1b3f7ff9e412d8b1cbacea68e3a)","throwable":""}
{"timestamp":"2025-06-27T12:50:19,915","container":"6765e192c076","level":"INFO","thread":"EthScheduler-Workers-0","class":"TimestampBoundedByFutureParameter","message":"Invalid block header: timestamp 1751028621 is greater than the timestamp margin 1751028620","throwable":""}
{"timestamp":"2025-06-27T12:50:19,916","container":"6765e192c076","level":"WARN","thread":"EthScheduler-Workers-0","class":"BlockPropagationManager","message":"Added to bad block manager for invalid header, failed to import announced block 19 (0x0aead13737cbc23908b7bd0786d826c84b97b1b3f7ff9e412d8b1cbacea68e3a)","throwable":""}
{"timestamp":"2025-06-27T12:50:29,901","container":"6765e192c076","level":"INFO","thread":"BftProcessorExecutor-QBFT-0","class":"QbftBesuControllerBuilder","message":"Imported #20 / 0 tx / 0 pending / 0 (0.0%) gas / (0xbd4bf3622734d5a355f3b8a6dc8445366d5041d193bdb6f5ab64ec574099035b)","throwable":""}
{"timestamp":"2025-06-27T12:50:35,059","container":"6765e192c076","level":"INFO","thread":"BftProcessorExecutor-QBFT-0","class":"TimestampBoundedByFutureParameter","message":"Invalid block header: timestamp 1751028637 is greater than the timestamp margin 1751028636","throwable":""}
{"timestamp":"2025-06-27T12:50:35,060","container":"6765e192c076","level":"INFO","thread":"BftProcessorExecutor-QBFT-0","class":"MainnetBlockValidator","message":"Invalid block 21 (0xe84f5c6e3f3a02c20b5f9bf48a48bb4898c29b774bac10b50f12bcc21da5d846): Optional[header validation rule violated, see logs]","throwable":""}
{"timestamp":"2025-06-27T12:50:35,060","container":"6765e192c076","level":"INFO","thread":"BftProcessorExecutor-QBFT-0","class":"ProposalPayloadValidator","message":"Invalid Proposal Payload: block did not pass validation. Reason Optional[header validation rule violated, see logs]","throwable":""}
{"timestamp":"2025-06-27T12:50:35,061","container":"6765e192c076","level":"INFO","thread":"BftProcessorExecutor-QBFT-0","class":"ProposalValidator","message":"Invalid Proposal Payload: invalid proposal payload in proposal message","throwable":""}
{"timestamp":"2025-06-27T12:50:35,061","container":"6765e192c076","level":"INFO","thread":"BftProcessorExecutor-QBFT-0","class":"QbftBlockHeightManager","message":"Received future Proposal which is illegal, no round change triggered.","throwable":""}
{"timestamp":"2025-06-27T12:50:35,097","container":"6765e192c076","level":"INFO","thread":"EthScheduler-Workers-0","class":"TimestampBoundedByFutureParameter","message":"Invalid block header: timestamp 1751028637 is greater than the timestamp margin 1751028636","throwable":""}
{"timestamp":"2025-06-27T12:50:35,098","container":"6765e192c076","level":"WARN","thread":"EthScheduler-Workers-0","class":"BlockPropagationManager","message":"Added to bad block manager for invalid header, failed to import announced block 21 (0xe84f5c6e3f3a02c20b5f9bf48a48bb4898c29b774bac10b50f12bcc21da5d846)","throwable":""}
{"timestamp":"2025-06-27T12:50:54,894","container":"6765e192c076","level":"INFO","thread":"BftProcessorExecutor-QBFT-0","class":"TimestampBoundedByFutureParameter","message":"Invalid block header: timestamp 1751028656 is greater than the timestamp margin 1751028655","throwable":""}
{"timestamp":"2025-06-27T12:50:54,895","container":"6765e192c076","level":"INFO","thread":"BftProcessorExecutor-QBFT-0","class":"MainnetBlockValidator","message":"Invalid block 22 (0x08eb80390fd3dd6273e042a49cfee3532e10fed7ae2145eef671aa42dab969ec): Optional[header validation rule violated, see logs]","throwable":""}
{"timestamp":"2025-06-27T12:50:54,895","container":"6765e192c076","level":"INFO","thread":"BftProcessorExecutor-QBFT-0","class":"ProposalPayloadValidator","message":"Invalid Proposal Payload: block did not pass validation. Reason Optional[header validation rule violated, see logs]","throwable":""}
{"timestamp":"2025-06-27T12:50:54,895","container":"6765e192c076","level":"INFO","thread":"BftProcessorExecutor-QBFT-0","class":"ProposalValidator","message":"Invalid Proposal Payload: invalid proposal payload in proposal message","throwable":""}
{"timestamp":"2025-06-27T12:50:54,949","container":"6765e192c076","level":"INFO","thread":"EthScheduler-Workers-0","class":"TimestampBoundedByFutureParameter","message":"Invalid block header: timestamp 1751028656 is greater than the timestamp margin 1751028655","throwable":""}
{"timestamp":"2025-06-27T12:50:54,950","container":"6765e192c076","level":"WARN","thread":"EthScheduler-Workers-0","class":"BlockPropagationManager","message":"Added to bad block manager for invalid header, failed to import announced block 22 (0x08eb80390fd3dd6273e042a49cfee3532e10fed7ae2145eef671aa42dab969ec)","throwable":""}
{"timestamp":"2025-06-27T12:50:54,956","container":"6765e192c076","level":"INFO","thread":"EthScheduler-Workers-0","class":"TimestampBoundedByFutureParameter","message":"Invalid block header: timestamp 1751028656 is greater than the timestamp margin 1751028655","throwable":""}
{"timestamp":"2025-06-27T12:50:54,956","container":"6765e192c076","level":"WARN","thread":"EthScheduler-Workers-0","class":"BlockPropagationManager","message":"Added to bad block manager for invalid header, failed to import announced block 22 (0x08eb80390fd3dd6273e042a49cfee3532e10fed7ae2145eef671aa42dab969ec)","throwable":""}
{"timestamp":"2025-06-27T12:50:54,959","container":"6765e192c076","level":"INFO","thread":"EthScheduler-Workers-0","class":"TimestampBoundedByFutureParameter","message":"Invalid block header: timestamp 1751028656 is greater than the timestamp margin 1751028655","throwable":""}
{"timestamp":"2025-06-27T12:50:54,960","container":"6765e192c076","level":"WARN","thread":"EthScheduler-Workers-0","class":"BlockPropagationManager","message":"Added to bad block manager for invalid header, failed to import announced block 22 (0x08eb80390fd3dd6273e042a49cfee3532e10fed7ae2145eef671aa42dab969ec)","throwable":""}
{"timestamp":"2025-06-27T12:51:04,913","container":"6765e192c076","level":"INFO","thread":"BftProcessorExecutor-QBFT-0","class":"QbftBesuControllerBuilder","message":"Imported #23 / 0 tx / 0 pending / 0 (0.0%) gas / (0x05c0f5d4419c7eff1cf998632d5bb82c19d19b1a914c29f6bfc51c74732b08f3)","throwable":""}
{"timestamp":"2025-06-27T12:51:10,078","container":"6765e192c076","level":"INFO","thread":"BftProcessorExecutor-QBFT-0","class":"TimestampBoundedByFutureParameter","message":"Invalid block header: timestamp 1751028672 is greater than the timestamp margin 1751028671","throwable":""}
{"timestamp":"2025-06-27T12:51:10,079","container":"6765e192c076","level":"INFO","thread":"BftProcessorExecutor-QBFT-0","class":"MainnetBlockValidator","message":"Invalid block 24 (0xa10abcbcb8679c25ffd613c0f87de515db5678603c819312809f1c27a9f68d63): Optional[header validation rule violated, see logs]","throwable":""}
{"timestamp":"2025-06-27T12:51:10,079","container":"6765e192c076","level":"INFO","thread":"BftProcessorExecutor-QBFT-0","class":"ProposalPayloadValidator","message":"Invalid Proposal Payload: block did not pass validation. Reason Optional[header validation rule violated, see logs]","throwable":""}
{"timestamp":"2025-06-27T12:51:10,079","container":"6765e192c076","level":"INFO","thread":"BftProcessorExecutor-QBFT-0","class":"ProposalValidator","message":"Invalid Proposal Payload: invalid proposal payload in proposal message","throwable":""}
{"timestamp":"2025-06-27T12:51:10,079","container":"6765e192c076","level":"INFO","thread":"BftProcessorExecutor-QBFT-0","class":"QbftBlockHeightManager","message":"Received future Proposal which is illegal, no round change triggered.","throwable":""}
{"timestamp":"2025-06-27T12:51:10,105","container":"6765e192c076","level":"INFO","thread":"EthScheduler-Workers-0","class":"TimestampBoundedByFutureParameter","message":"Invalid block header: timestamp 1751028672 is greater than the timestamp margin 1751028671","throwable":""}
{"timestamp":"2025-06-27T12:51:10,106","container":"6765e192c076","level":"WARN","thread":"EthScheduler-Workers-0","class":"BlockPropagationManager","message":"Added to bad block manager for invalid header, failed to import announced block 24 (0xa10abcbcb8679c25ffd613c0f87de515db5678603c819312809f1c27a9f68d63)","throwable":""}
{"timestamp":"2025-06-27T12:51:10,107","container":"6765e192c076","level":"INFO","thread":"EthScheduler-Workers-0","class":"TimestampBoundedByFutureParameter","message":"Invalid block header: timestamp 1751028672 is greater than the timestamp margin 1751028671","throwable":""}
{"timestamp":"2025-06-27T12:51:10,108","container":"6765e192c076","level":"WARN","thread":"EthScheduler-Workers-0","class":"BlockPropagationManager","message":"Added to bad block manager for invalid header, failed to import announced block 24 (0xa10abcbcb8679c25ffd613c0f87de515db5678603c819312809f1c27a9f68d63)","throwable":""}
{"timestamp":"2025-06-27T12:51:10,116","container":"6765e192c076","level":"INFO","thread":"EthScheduler-Workers-0","class":"TimestampBoundedByFutureParameter","message":"Invalid block header: timestamp 1751028672 is greater than the timestamp margin 1751028671","throwable":""}
{"timestamp":"2025-06-27T12:51:10,117","container":"6765e192c076","level":"WARN","thread":"EthScheduler-Workers-0","class":"BlockPropagationManager","message":"Added to bad block manager for invalid header, failed to import announced block 24 (0xa10abcbcb8679c25ffd613c0f87de515db5678603c819312809f1c27a9f68d63)","throwable":""}
{"timestamp":"2025-06-27T12:51:29,939","container":"6765e192c076","level":"INFO","thread":"BftProcessorExecutor-QBFT-0","class":"TimestampBoundedByFutureParameter","message":"Invalid block header: timestamp 1751028691 is greater than the timestamp margin 1751028690","throwable":""}
{"timestamp":"2025-06-27T12:51:29,940","container":"6765e192c076","level":"INFO","thread":"BftProcessorExecutor-QBFT-0","class":"MainnetBlockValidator","message":"Invalid block 25 (0x3f799e06a0024eca188e2d2b2b009e3210049e792af9fc70ebb05d6b34aa034f): Optional[header validation rule violated, see logs]","throwable":""}
{"timestamp":"2025-06-27T12:51:29,940","container":"6765e192c076","level":"INFO","thread":"BftProcessorExecutor-QBFT-0","class":"ProposalPayloadValidator","message":"Invalid Proposal Payload: block did not pass validation. Reason Optional[header validation rule violated, see logs]","throwable":""}
{"timestamp":"2025-06-27T12:51:29,940","container":"6765e192c076","level":"INFO","thread":"BftProcessorExecutor-QBFT-0","class":"ProposalValidator","message":"Invalid Proposal Payload: invalid proposal payload in proposal message","throwable":""}
{"timestamp":"2025-06-27T12:51:30,049","container":"6765e192c076","level":"INFO","thread":"EthScheduler-Workers-0","class":"PersistBlockTask","message":"Imported #25 / 0 tx / 0 om / 0 (0.0%) gas / (0x3f799e06a0024eca188e2d2b2b009e3210049e792af9fc70ebb05d6b34aa034f) in 0.002s. Peers: 3","throwable":""}
{"timestamp":"2025-06-27T12:51:37,091","container":"6765e192c076","level":"INFO","thread":"BftProcessorExecutor-QBFT-0","class":"TimestampBoundedByFutureParameter","message":"Invalid block header: timestamp 1751028699 is greater than the timestamp margin 1751028698","throwable":""}
{"timestamp":"2025-06-27T12:51:37,091","container":"6765e192c076","level":"INFO","thread":"BftProcessorExecutor-QBFT-0","class":"MainnetBlockValidator","message":"Invalid block 26 (0x3bf33cee1ad2a7640730027614c13fbe21e5aa122573761931fe3b0cb71865e1): Optional[header validation rule violated, see logs]","throwable":""}
{"timestamp":"2025-06-27T12:51:37,092","container":"6765e192c076","level":"INFO","thread":"BftProcessorExecutor-QBFT-0","class":"ProposalPayloadValidator","message":"Invalid Proposal Payload: block did not pass validation. Reason Optional[header validation rule violated, see logs]","throwable":""}
{"timestamp":"2025-06-27T12:51:37,092","container":"6765e192c076","level":"INFO","thread":"BftProcessorExecutor-QBFT-0","class":"ProposalValidator","message":"Invalid Proposal Payload: invalid proposal payload in proposal message","throwable":""}
{"timestamp":"2025-06-27T12:51:37,092","container":"6765e192c076","level":"INFO","thread":"BftProcessorExecutor-QBFT-0","class":"QbftBlockHeightManager","message":"Received future Proposal which is illegal, no round change triggered.","throwable":""}
{"timestamp":"2025-06-27T12:51:37,117","container":"6765e192c076","level":"INFO","thread":"EthScheduler-Workers-0","class":"TimestampBoundedByFutureParameter","message":"Invalid block header: timestamp 1751028699 is greater than the timestamp margin 1751028698","throwable":""}
{"timestamp":"2025-06-27T12:51:37,118","container":"6765e192c076","level":"WARN","thread":"EthScheduler-Workers-0","class":"BlockPropagationManager","message":"Added to bad block manager for invalid header, failed to import announced block 26 (0x3bf33cee1ad2a7640730027614c13fbe21e5aa122573761931fe3b0cb71865e1)","throwable":""}
{"timestamp":"2025-06-27T12:51:49,968","container":"6765e192c076","level":"INFO","thread":"BftProcessorExecutor-QBFT-0","class":"QbftBesuControllerBuilder","message":"Imported #27 / 0 tx / 0 pending / 0 (0.0%) gas / (0x161f95053897826cd74f4a2ea9cf0b0ea3f774faca05a5c4a05d6dd1d3df56e2)","throwable":""}
{"timestamp":"2025-06-27T12:51:55,064","container":"6765e192c076","level":"INFO","thread":"BftProcessorExecutor-QBFT-0","class":"QbftBesuControllerBuilder","message":"Produced #28 / 0 tx / 0 pending / 0 (0.0%) gas / (0x9469e885967f4b6f3f49576f52fddf0ca4087a539ab767e875c0be48a1b71ada)","throwable":""}
{"timestamp":"2025-06-27T12:52:01,102","container":"6765e192c076","level":"INFO","thread":"BftProcessorExecutor-QBFT-0","class":"TimestampBoundedByFutureParameter","message":"Invalid block header: timestamp 1751028723 is greater than the timestamp margin 1751028722","throwable":""}
{"timestamp":"2025-06-27T12:52:01,103","container":"6765e192c076","level":"INFO","thread":"BftProcessorExecutor-QBFT-0","class":"MainnetBlockValidator","message":"Invalid block 29 (0x3e537eec29b83289a4fab1c6b55ecd6337c1797d16f6013a1e871bdd22d699ea): Optional[header validation rule violated, see logs]","throwable":""}
{"timestamp":"2025-06-27T12:52:01,103","container":"6765e192c076","level":"INFO","thread":"BftProcessorExecutor-QBFT-0","class":"ProposalPayloadValidator","message":"Invalid Proposal Payload: block did not pass validation. Reason Optional[header validation rule violated, see logs]","throwable":""}
{"timestamp":"2025-06-27T12:52:01,103","container":"6765e192c076","level":"INFO","thread":"BftProcessorExecutor-QBFT-0","class":"ProposalValidator","message":"Invalid Proposal Payload: invalid proposal payload in proposal message","throwable":""}
{"timestamp":"2025-06-27T12:52:01,103","container":"6765e192c076","level":"INFO","thread":"BftProcessorExecutor-QBFT-0","class":"QbftBlockHeightManager","message":"Received future Proposal which is illegal, no round change triggered.","throwable":""}
{"timestamp":"2025-06-27T12:52:01,141","container":"6765e192c076","level":"INFO","thread":"EthScheduler-Workers-0","class":"TimestampBoundedByFutureParameter","message":"Invalid block header: timestamp 1751028723 is greater than the timestamp margin 1751028722","throwable":""}
{"timestamp":"2025-06-27T12:52:01,141","container":"6765e192c076","level":"WARN","thread":"EthScheduler-Workers-0","class":"BlockPropagationManager","message":"Added to bad block manager for invalid header, failed to import announced block 29 (0x3e537eec29b83289a4fab1c6b55ecd6337c1797d16f6013a1e871bdd22d699ea)","throwable":""}
{"timestamp":"2025-06-27T12:52:01,144","container":"6765e192c076","level":"INFO","thread":"EthScheduler-Workers-0","class":"TimestampBoundedByFutureParameter","message":"Invalid block header: timestamp 1751028723 is greater than the timestamp margin 1751028722","throwable":""}
{"timestamp":"2025-06-27T12:52:01,145","container":"6765e192c076","level":"WARN","thread":"EthScheduler-Workers-0","class":"BlockPropagationManager","message":"Added to bad block manager for invalid header, failed to import announced block 29 (0x3e537eec29b83289a4fab1c6b55ecd6337c1797d16f6013a1e871bdd22d699ea)","throwable":""}
{"timestamp":"2025-06-27T12:52:09,960","container":"6765e192c076","level":"INFO","thread":"BftProcessorExecutor-QBFT-0","class":"TimestampBoundedByFutureParameter","message":"Invalid block header: timestamp 1751028731 is greater than the timestamp margin 1751028730","throwable":""}
{"timestamp":"2025-06-27T12:52:09,961","container":"6765e192c076","level":"INFO","thread":"BftProcessorExecutor-QBFT-0","class":"MainnetBlockValidator","message":"Invalid block 30 (0x4c02af20d5f4faaf6ae379ae452d2211489ec0004bdc82758df7e806ee9e23e9): Optional[header validation rule violated, see logs]","throwable":""}
{"timestamp":"2025-06-27T12:52:09,962","container":"6765e192c076","level":"INFO","thread":"BftProcessorExecutor-QBFT-0","class":"ProposalPayloadValidator","message":"Invalid Proposal Payload: block did not pass validation. Reason Optional[header validation rule violated, see logs]","throwable":""}
{"timestamp":"2025-06-27T12:52:09,962","container":"6765e192c076","level":"INFO","thread":"BftProcessorExecutor-QBFT-0","class":"ProposalValidator","message":"Invalid Proposal Payload: invalid proposal payload in proposal message","throwable":""}
{"timestamp":"2025-06-27T12:52:09,962","container":"6765e192c076","level":"INFO","thread":"BftProcessorExecutor-QBFT-0","class":"QbftBlockHeightManager","message":"Received future Proposal which is illegal, no round change triggered.","throwable":""}
{"timestamp":"2025-06-27T12:52:10,015","container":"6765e192c076","level":"INFO","thread":"EthScheduler-Workers-0","class":"PersistBlockTask","message":"Imported #30 / 0 tx / 0 om / 0 (0.0%) gas / (0x4c02af20d5f4faaf6ae379ae452d2211489ec0004bdc82758df7e806ee9e23e9) in 0.004s. Peers: 3","throwable":""}
{"timestamp":"2025-06-27T12:52:17,111","container":"6765e192c076","level":"INFO","thread":"BftProcessorExecutor-QBFT-0","class":"TimestampBoundedByFutureParameter","message":"Invalid block header: timestamp 1751028739 is greater than the timestamp margin 1751028738","throwable":""}
{"timestamp":"2025-06-27T12:52:17,111","container":"6765e192c076","level":"INFO","thread":"BftProcessorExecutor-QBFT-0","class":"MainnetBlockValidator","message":"Invalid block 31 (0x2305b40dabab1322af5a83e9858a1a5c51c154c4d4a625251e1ce3b6f0338e69): Optional[header validation rule violated, see logs]","throwable":""}
{"timestamp":"2025-06-27T12:52:17,112","container":"6765e192c076","level":"INFO","thread":"BftProcessorExecutor-QBFT-0","class":"ProposalPayloadValidator","message":"Invalid Proposal Payload: block did not pass validation. Reason Optional[header validation rule violated, see logs]","throwable":""}
{"timestamp":"2025-06-27T12:52:17,112","container":"6765e192c076","level":"INFO","thread":"BftProcessorExecutor-QBFT-0","class":"ProposalValidator","message":"Invalid Proposal Payload: invalid proposal payload in proposal message","throwable":""}
{"timestamp":"2025-06-27T12:52:17,112","container":"6765e192c076","level":"INFO","thread":"BftProcessorExecutor-QBFT-0","class":"QbftBlockHeightManager","message":"Received future Proposal which is illegal, no round change triggered.","throwable":""}
{"timestamp":"2025-06-27T12:52:17,139","container":"6765e192c076","level":"INFO","thread":"EthScheduler-Workers-0","class":"TimestampBoundedByFutureParameter","message":"Invalid block header: timestamp 1751028739 is greater than the timestamp margin 1751028738","throwable":""}
{"timestamp":"2025-06-27T12:52:17,139","container":"6765e192c076","level":"WARN","thread":"EthScheduler-Workers-0","class":"BlockPropagationManager","message":"Added to bad block manager for invalid header, failed to import announced block 31 (0x2305b40dabab1322af5a83e9858a1a5c51c154c4d4a625251e1ce3b6f0338e69)","throwable":""}
{"timestamp":"2025-06-27T12:52:17,142","container":"6765e192c076","level":"INFO","thread":"EthScheduler-Workers-0","class":"TimestampBoundedByFutureParameter","message":"Invalid block header: timestamp 1751028739 is greater than the timestamp margin 1751028738","throwable":""}
{"timestamp":"2025-06-27T12:52:17,142","container":"6765e192c076","level":"WARN","thread":"EthScheduler-Workers-0","class":"BlockPropagationManager","message":"Added to bad block manager for invalid header, failed to import announced block 31 (0x2305b40dabab1322af5a83e9858a1a5c51c154c4d4a625251e1ce3b6f0338e69)","throwable":""}
{"timestamp":"2025-06-27T12:52:39,991","container":"6765e192c076","level":"INFO","thread":"BftProcessorExecutor-QBFT-0","class":"TimestampBoundedByFutureParameter","message":"Invalid block header: timestamp 1751028761 is greater than the timestamp margin 1751028760","throwable":""}
{"timestamp":"2025-06-27T12:52:39,992","container":"6765e192c076","level":"INFO","thread":"BftProcessorExecutor-QBFT-0","class":"MainnetBlockValidator","message":"Invalid block 32 (0x587b1836b7cdccd9df66a4549c20ba31c9e69de60ac0e3a473f4f2eb06c4bea9): Optional[header validation rule violated, see logs]","throwable":""}
{"timestamp":"2025-06-27T12:52:39,993","container":"6765e192c076","level":"INFO","thread":"BftProcessorExecutor-QBFT-0","class":"ProposalPayloadValidator","message":"Invalid Proposal Payload: block did not pass validation. Reason Optional[header validation rule violated, see logs]","throwable":""}
{"timestamp":"2025-06-27T12:52:39,993","container":"6765e192c076","level":"INFO","thread":"BftProcessorExecutor-QBFT-0","class":"ProposalValidator","message":"Invalid Proposal Payload: invalid proposal payload in proposal message","throwable":""}
{"timestamp":"2025-06-27T12:52:40,063","container":"6765e192c076","level":"INFO","thread":"EthScheduler-Workers-0","class":"PersistBlockTask","message":"Imported #32 / 0 tx / 0 om / 0 (0.0%) gas / (0x587b1836b7cdccd9df66a4549c20ba31c9e69de60ac0e3a473f4f2eb06c4bea9) in 0.003s. Peers: 3","throwable":""}
{"timestamp":"2025-06-27T12:52:47,125","container":"6765e192c076","level":"INFO","thread":"BftProcessorExecutor-QBFT-0","class":"TimestampBoundedByFutureParameter","message":"Invalid block header: timestamp 1751028769 is greater than the timestamp margin 1751028768","throwable":""}
{"timestamp":"2025-06-27T12:52:47,126","container":"6765e192c076","level":"INFO","thread":"BftProcessorExecutor-QBFT-0","class":"MainnetBlockValidator","message":"Invalid block 33 (0x32a44499de02b83f1913391a68591d7637ed1b6c30273027cd6690409893a78a): Optional[header validation rule violated, see logs]","throwable":""}
{"timestamp":"2025-06-27T12:52:47,127","container":"6765e192c076","level":"INFO","thread":"BftProcessorExecutor-QBFT-0","class":"ProposalPayloadValidator","message":"Invalid Proposal Payload: block did not pass validation. Reason Optional[header validation rule violated, see logs]","throwable":""}
{"timestamp":"2025-06-27T12:52:47,127","container":"6765e192c076","level":"INFO","thread":"BftProcessorExecutor-QBFT-0","class":"ProposalValidator","message":"Invalid Proposal Payload: invalid proposal payload in proposal message","throwable":""}
{"timestamp":"2025-06-27T12:52:47,127","container":"6765e192c076","level":"INFO","thread":"BftProcessorExecutor-QBFT-0","class":"QbftBlockHeightManager","message":"Received future Proposal which is illegal, no round change triggered.","throwable":""}
{"timestamp":"2025-06-27T12:52:47,153","container":"6765e192c076","level":"INFO","thread":"EthScheduler-Workers-0","class":"TimestampBoundedByFutureParameter","message":"Invalid block header: timestamp 1751028769 is greater than the timestamp margin 1751028768","throwable":""}
{"timestamp":"2025-06-27T12:52:47,154","container":"6765e192c076","level":"WARN","thread":"EthScheduler-Workers-0","class":"BlockPropagationManager","message":"Added to bad block manager for invalid header, failed to import announced block 33 (0x32a44499de02b83f1913391a68591d7637ed1b6c30273027cd6690409893a78a)","throwable":""}
{"timestamp":"2025-06-27T12:52:47,156","container":"6765e192c076","level":"INFO","thread":"EthScheduler-Workers-0","class":"TimestampBoundedByFutureParameter","message":"Invalid block header: timestamp 1751028769 is greater than the timestamp margin 1751028768","throwable":""}
{"timestamp":"2025-06-27T12:52:47,157","container":"6765e192c076","level":"WARN","thread":"EthScheduler-Workers-0","class":"BlockPropagationManager","message":"Added to bad block manager for invalid header, failed to import announced block 33 (0x32a44499de02b83f1913391a68591d7637ed1b6c30273027cd6690409893a78a)","throwable":""}
{"timestamp":"2025-06-27T12:52:47,164","container":"6765e192c076","level":"INFO","thread":"EthScheduler-Workers-0","class":"TimestampBoundedByFutureParameter","message":"Invalid block header: timestamp 1751028769 is greater than the timestamp margin 1751028768","throwable":""}
{"timestamp":"2025-06-27T12:52:47,166","container":"6765e192c076","level":"WARN","thread":"EthScheduler-Workers-0","class":"BlockPropagationManager","message":"Added to bad block manager for invalid header, failed to import announced block 33 (0x32a44499de02b83f1913391a68591d7637ed1b6c30273027cd6690409893a78a)","throwable":""}
{"timestamp":"2025-06-27T12:53:00,037","container":"6765e192c076","level":"INFO","thread":"BftProcessorExecutor-QBFT-0","class":"QbftBesuControllerBuilder","message":"Imported #34 / 0 tx / 0 pending / 0 (0.0%) gas / (0xcc1d50d3359a30ec2a0c8bc4a70cc89696c82e790c191800d10181342c6f3c95)","throwable":""}
{"timestamp":"2025-06-27T12:53:00,039","container":"6765e192c076","level":"INFO","thread":"EthScheduler-Workers-0","class":"PersistBlockTask","message":"Block 34 (0xcc1d50d3359a30ec2a0c8bc4a70cc89696c82e790c191800d10181342c6f3c95) is already imported","throwable":""}
{"timestamp":"2025-06-27T12:53:05,060","container":"6765e192c076","level":"INFO","thread":"BftProcessorExecutor-QBFT-0","class":"QbftBesuControllerBuilder","message":"Produced #35 / 0 tx / 0 pending / 0 (0.0%) gas / (0xf03ccec58e99061d97bb9c0e6dc9d6bd109d23690a31522ad851a228017079d6)","throwable":""}
{"timestamp":"2025-06-27T12:53:05,060","container":"6765e192c076","level":"INFO","thread":"EthScheduler-Workers-0","class":"PersistBlockTask","message":"Block 35 (0xf03ccec58e99061d97bb9c0e6dc9d6bd109d23690a31522ad851a228017079d6) is already imported","throwable":""}
{"timestamp":"2025-06-27T12:53:11,138","container":"6765e192c076","level":"INFO","thread":"BftProcessorExecutor-QBFT-0","class":"TimestampBoundedByFutureParameter","message":"Invalid block header: timestamp 1751028793 is greater than the timestamp margin 1751028792","throwable":""}
{"timestamp":"2025-06-27T12:53:11,138","container":"6765e192c076","level":"INFO","thread":"BftProcessorExecutor-QBFT-0","class":"MainnetBlockValidator","message":"Invalid block 36 (0x5316e91a9398e20fbf514686bb471db8109e5d2e65f6a7016d06666ef1d48fda): Optional[header validation rule violated, see logs]","throwable":""}
{"timestamp":"2025-06-27T12:53:11,139","container":"6765e192c076","level":"INFO","thread":"BftProcessorExecutor-QBFT-0","class":"ProposalPayloadValidator","message":"Invalid Proposal Payload: block did not pass validation. Reason Optional[header validation rule violated, see logs]","throwable":""}
{"timestamp":"2025-06-27T12:53:11,139","container":"6765e192c076","level":"INFO","thread":"BftProcessorExecutor-QBFT-0","class":"ProposalValidator","message":"Invalid Proposal Payload: invalid proposal payload in proposal message","throwable":""}
{"timestamp":"2025-06-27T12:53:11,139","container":"6765e192c076","level":"INFO","thread":"BftProcessorExecutor-QBFT-0","class":"QbftBlockHeightManager","message":"Received future Proposal which is illegal, no round change triggered.","throwable":""}
{"timestamp":"2025-06-27T12:53:11,162","container":"6765e192c076","level":"INFO","thread":"EthScheduler-Workers-0","class":"TimestampBoundedByFutureParameter","message":"Invalid block header: timestamp 1751028793 is greater than the timestamp margin 1751028792","throwable":""}
{"timestamp":"2025-06-27T12:53:11,162","container":"6765e192c076","level":"WARN","thread":"EthScheduler-Workers-0","class":"BlockPropagationManager","message":"Added to bad block manager for invalid header, failed to import announced block 36 (0x5316e91a9398e20fbf514686bb471db8109e5d2e65f6a7016d06666ef1d48fda)","throwable":""}
{"timestamp":"2025-06-27T12:53:11,164","container":"6765e192c076","level":"INFO","thread":"EthScheduler-Workers-0","class":"TimestampBoundedByFutureParameter","message":"Invalid block header: timestamp 1751028793 is greater than the timestamp margin 1751028792","throwable":""}
{"timestamp":"2025-06-27T12:53:11,165","container":"6765e192c076","level":"WARN","thread":"EthScheduler-Workers-0","class":"BlockPropagationManager","message":"Added to bad block manager for invalid header, failed to import announced block 36 (0x5316e91a9398e20fbf514686bb471db8109e5d2e65f6a7016d06666ef1d48fda)","throwable":""}
{"timestamp":"2025-06-27T12:53:20,063","container":"6765e192c076","level":"INFO","thread":"BftProcessorExecutor-QBFT-0","class":"QbftBesuControllerBuilder","message":"Imported #37 / 0 tx / 0 pending / 0 (0.0%) gas / (0x9c51c235f26bfaaecca7f8acf9a950ceded058dc347689da172be75474196514)","throwable":""}
{"timestamp":"2025-06-27T12:53:27,145","container":"6765e192c076","level":"INFO","thread":"BftProcessorExecutor-QBFT-0","class":"TimestampBoundedByFutureParameter","message":"Invalid block header: timestamp 1751028809 is greater than the timestamp margin 1751028808","throwable":""}
{"timestamp":"2025-06-27T12:53:27,145","container":"6765e192c076","level":"INFO","thread":"BftProcessorExecutor-QBFT-0","class":"MainnetBlockValidator","message":"Invalid block 38 (0xfe9b9eb5589f411476b90a74dac3d076889169cb786ad8a2e19cffc6813d97fd): Optional[header validation rule violated, see logs]","throwable":""}
{"timestamp":"2025-06-27T12:53:27,146","container":"6765e192c076","level":"INFO","thread":"BftProcessorExecutor-QBFT-0","class":"ProposalPayloadValidator","message":"Invalid Proposal Payload: block did not pass validation. Reason Optional[header validation rule violated, see logs]","throwable":""}
{"timestamp":"2025-06-27T12:53:27,146","container":"6765e192c076","level":"INFO","thread":"BftProcessorExecutor-QBFT-0","class":"ProposalValidator","message":"Invalid Proposal Payload: invalid proposal payload in proposal message","throwable":""}
{"timestamp":"2025-06-27T12:53:27,146","container":"6765e192c076","level":"INFO","thread":"BftProcessorExecutor-QBFT-0","class":"QbftBlockHeightManager","message":"Received future Proposal which is illegal, no round change triggered.","throwable":""}
{"timestamp":"2025-06-27T12:53:27,167","container":"6765e192c076","level":"INFO","thread":"EthScheduler-Workers-0","class":"TimestampBoundedByFutureParameter","message":"Invalid block header: timestamp 1751028809 is greater than the timestamp margin 1751028808","throwable":""}
{"timestamp":"2025-06-27T12:53:27,169","container":"6765e192c076","level":"WARN","thread":"EthScheduler-Workers-0","class":"BlockPropagationManager","message":"Added to bad block manager for invalid header, failed to import announced block 38 (0xfe9b9eb5589f411476b90a74dac3d076889169cb786ad8a2e19cffc6813d97fd)","throwable":""}
{"timestamp":"2025-06-27T12:53:27,175","container":"6765e192c076","level":"INFO","thread":"EthScheduler-Workers-0","class":"TimestampBoundedByFutureParameter","message":"Invalid block header: timestamp 1751028809 is greater than the timestamp margin 1751028808","throwable":""}
{"timestamp":"2025-06-27T12:53:27,176","container":"6765e192c076","level":"WARN","thread":"EthScheduler-Workers-0","class":"BlockPropagationManager","message":"Added to bad block manager for invalid header, failed to import announced block 38 (0xfe9b9eb5589f411476b90a74dac3d076889169cb786ad8a2e19cffc6813d97fd)","throwable":""}
{"timestamp":"2025-06-27T12:53:50,080","container":"6765e192c076","level":"INFO","thread":"BftProcessorExecutor-QBFT-0","class":"QbftRound","message":"Importing proposed block to chain. round=ConsensusRoundIdentifier{Sequence=39, Round=1}, hash=0xba22ea0caa7742660b087c75be5be23b6dffc5232774bafdaf3f6567b1e12e1b","throwable":""}
{"timestamp":"2025-06-27T12:53:50,093","container":"6765e192c076","level":"INFO","thread":"BftProcessorExecutor-QBFT-0","class":"QbftBesuControllerBuilder","message":"Imported #39 / 0 tx / 0 pending / 0 (0.0%) gas / (0xba22ea0caa7742660b087c75be5be23b6dffc5232774bafdaf3f6567b1e12e1b)","throwable":""}
{"timestamp":"2025-06-27T12:53:50,103","container":"6765e192c076","level":"INFO","thread":"EthScheduler-Workers-0","class":"PersistBlockTask","message":"Block 39 (0xba22ea0caa7742660b087c75be5be23b6dffc5232774bafdaf3f6567b1e12e1b) is already imported","throwable":""}
{"timestamp":"2025-06-27T12:53:57,162","container":"6765e192c076","level":"INFO","thread":"BftProcessorExecutor-QBFT-0","class":"TimestampBoundedByFutureParameter","message":"Invalid block header: timestamp 1751028839 is greater than the timestamp margin 1751028838","throwable":""}
{"timestamp":"2025-06-27T12:53:57,163","container":"6765e192c076","level":"INFO","thread":"BftProcessorExecutor-QBFT-0","class":"MainnetBlockValidator","message":"Invalid block 40 (0xe425ff7edf47f7d7a670b1741d414777ae2118e44e41be0f81cc931af50c9f59): Optional[header validation rule violated, see logs]","throwable":""}
{"timestamp":"2025-06-27T12:53:57,163","container":"6765e192c076","level":"INFO","thread":"BftProcessorExecutor-QBFT-0","class":"ProposalPayloadValidator","message":"Invalid Proposal Payload: block did not pass validation. Reason Optional[header validation rule violated, see logs]","throwable":""}
{"timestamp":"2025-06-27T12:53:57,163","container":"6765e192c076","level":"INFO","thread":"BftProcessorExecutor-QBFT-0","class":"ProposalValidator","message":"Invalid Proposal Payload: invalid proposal payload in proposal message","throwable":""}
{"timestamp":"2025-06-27T12:53:57,163","container":"6765e192c076","level":"INFO","thread":"BftProcessorExecutor-QBFT-0","class":"QbftBlockHeightManager","message":"Received future Proposal which is illegal, no round change triggered.","throwable":""}
{"timestamp":"2025-06-27T12:53:57,192","container":"6765e192c076","level":"INFO","thread":"EthScheduler-Workers-0","class":"TimestampBoundedByFutureParameter","message":"Invalid block header: timestamp 1751028839 is greater than the timestamp margin 1751028838","throwable":""}
{"timestamp":"2025-06-27T12:53:57,192","container":"6765e192c076","level":"WARN","thread":"EthScheduler-Workers-0","class":"BlockPropagationManager","message":"Added to bad block manager for invalid header, failed to import announced block 40 (0xe425ff7edf47f7d7a670b1741d414777ae2118e44e41be0f81cc931af50c9f59)","throwable":""}
{"timestamp":"2025-06-27T12:53:57,199","container":"6765e192c076","level":"INFO","thread":"EthScheduler-Workers-0","class":"TimestampBoundedByFutureParameter","message":"Invalid block header: timestamp 1751028839 is greater than the timestamp margin 1751028838","throwable":""}
{"timestamp":"2025-06-27T12:53:57,200","container":"6765e192c076","level":"WARN","thread":"EthScheduler-Workers-0","class":"BlockPropagationManager","message":"Added to bad block manager for invalid header, failed to import announced block 40 (0xe425ff7edf47f7d7a670b1741d414777ae2118e44e41be0f81cc931af50c9f59)","throwable":""}
{"timestamp":"2025-06-27T12:54:10,105","container":"6765e192c076","level":"INFO","thread":"BftProcessorExecutor-QBFT-0","class":"QbftBesuControllerBuilder","message":"Imported #41 / 0 tx / 0 pending / 0 (0.0%) gas / (0x3a6f3ad9f4042ae6d7f4d584c5fe267313399e431e1211f6186c6975213be8d8)","throwable":""}
{"timestamp":"2025-06-27T12:54:15,061","container":"6765e192c076","level":"INFO","thread":"BftProcessorExecutor-QBFT-0","class":"QbftBesuControllerBuilder","message":"Produced #42 / 0 tx / 0 pending / 0 (0.0%) gas / (0xe34cbc546b56d3db4c7264719a9cac27c2546218a30322aac66a0def6ec27a68)","throwable":""}
{"timestamp":"2025-06-27T12:54:15,064","container":"6765e192c076","level":"INFO","thread":"EthScheduler-Workers-0","class":"PersistBlockTask","message":"Block 42 (0xe34cbc546b56d3db4c7264719a9cac27c2546218a30322aac66a0def6ec27a68) is already imported","throwable":""}
{"timestamp":"2025-06-27T12:54:21,172","container":"6765e192c076","level":"INFO","thread":"BftProcessorExecutor-QBFT-0","class":"TimestampBoundedByFutureParameter","message":"Invalid block header: timestamp 1751028863 is greater than the timestamp margin 1751028862","throwable":""}
{"timestamp":"2025-06-27T12:54:21,173","container":"6765e192c076","level":"INFO","thread":"BftProcessorExecutor-QBFT-0","class":"MainnetBlockValidator","message":"Invalid block 43 (0x987f17981fb74e1388a2cc0ba5403fdb0f838cfe5ff822d36c71bbf32295948d): Optional[header validation rule violated, see logs]","throwable":""}
{"timestamp":"2025-06-27T12:54:21,173","container":"6765e192c076","level":"INFO","thread":"BftProcessorExecutor-QBFT-0","class":"ProposalPayloadValidator","message":"Invalid Proposal Payload: block did not pass validation. Reason Optional[header validation rule violated, see logs]","throwable":""}
{"timestamp":"2025-06-27T12:54:21,173","container":"6765e192c076","level":"INFO","thread":"BftProcessorExecutor-QBFT-0","class":"ProposalValidator","message":"Invalid Proposal Payload: invalid proposal payload in proposal message","throwable":""}
{"timestamp":"2025-06-27T12:54:21,173","container":"6765e192c076","level":"INFO","thread":"BftProcessorExecutor-QBFT-0","class":"QbftBlockHeightManager","message":"Received future Proposal which is illegal, no round change triggered.","throwable":""}
{"timestamp":"2025-06-27T12:54:21,191","container":"6765e192c076","level":"INFO","thread":"EthScheduler-Workers-0","class":"TimestampBoundedByFutureParameter","message":"Invalid block header: timestamp 1751028863 is greater than the timestamp margin 1751028862","throwable":""}
{"timestamp":"2025-06-27T12:54:21,191","container":"6765e192c076","level":"WARN","thread":"EthScheduler-Workers-0","class":"BlockPropagationManager","message":"Added to bad block manager for invalid header, failed to import announced block 43 (0x987f17981fb74e1388a2cc0ba5403fdb0f838cfe5ff822d36c71bbf32295948d)","throwable":""}
{"timestamp":"2025-06-27T12:54:21,193","container":"6765e192c076","level":"INFO","thread":"EthScheduler-Workers-0","class":"TimestampBoundedByFutureParameter","message":"Invalid block header: timestamp 1751028863 is greater than the timestamp margin 1751028862","throwable":""}
{"timestamp":"2025-06-27T12:54:21,196","container":"6765e192c076","level":"WARN","thread":"EthScheduler-Workers-0","class":"BlockPropagationManager","message":"Added to bad block manager for invalid header, failed to import announced block 43 (0x987f17981fb74e1388a2cc0ba5403fdb0f838cfe5ff822d36c71bbf32295948d)","throwable":""}
{"timestamp":"2025-06-27T12:54:30,128","container":"6765e192c076","level":"INFO","thread":"BftProcessorExecutor-QBFT-0","class":"QbftBesuControllerBuilder","message":"Imported #44 / 0 tx / 0 pending / 0 (0.0%) gas / (0x82fb754e1cf314b2606bd921b5fa52822ec31819cbb37b340b4dcc1ae065e30b)","throwable":""}
{"timestamp":"2025-06-27T12:54:37,180","container":"6765e192c076","level":"INFO","thread":"BftProcessorExecutor-QBFT-0","class":"TimestampBoundedByFutureParameter","message":"Invalid block header: timestamp 1751028879 is greater than the timestamp margin 1751028878","throwable":""}
{"timestamp":"2025-06-27T12:54:37,181","container":"6765e192c076","level":"INFO","thread":"BftProcessorExecutor-QBFT-0","class":"MainnetBlockValidator","message":"Invalid block 45 (0xa9389f872cdf28635ecdf1b585b3ca3b8201c87bf5baa096a4cd65688a8a8686): Optional[header validation rule violated, see logs]","throwable":""}
{"timestamp":"2025-06-27T12:54:37,182","container":"6765e192c076","level":"INFO","thread":"BftProcessorExecutor-QBFT-0","class":"ProposalPayloadValidator","message":"Invalid Proposal Payload: block did not pass validation. Reason Optional[header validation rule violated, see logs]","throwable":""}
{"timestamp":"2025-06-27T12:54:37,182","container":"6765e192c076","level":"INFO","thread":"BftProcessorExecutor-QBFT-0","class":"ProposalValidator","message":"Invalid Proposal Payload: invalid proposal payload in proposal message","throwable":""}
{"timestamp":"2025-06-27T12:54:37,182","container":"6765e192c076","level":"INFO","thread":"BftProcessorExecutor-QBFT-0","class":"QbftBlockHeightManager","message":"Received future Proposal which is illegal, no round change triggered.","throwable":""}
{"timestamp":"2025-06-27T12:54:37,203","container":"6765e192c076","level":"INFO","thread":"EthScheduler-Workers-0","class":"TimestampBoundedByFutureParameter","message":"Invalid block header: timestamp 1751028879 is greater than the timestamp margin 1751028878","throwable":""}
{"timestamp":"2025-06-27T12:54:37,204","container":"6765e192c076","level":"WARN","thread":"EthScheduler-Workers-0","class":"BlockPropagationManager","message":"Added to bad block manager for invalid header, failed to import announced block 45 (0xa9389f872cdf28635ecdf1b585b3ca3b8201c87bf5baa096a4cd65688a8a8686)","throwable":""}
{"timestamp":"2025-06-27T12:54:37,207","container":"6765e192c076","level":"INFO","thread":"EthScheduler-Workers-0","class":"TimestampBoundedByFutureParameter","message":"Invalid block header: timestamp 1751028879 is greater than the timestamp margin 1751028878","throwable":""}
{"timestamp":"2025-06-27T12:54:37,208","container":"6765e192c076","level":"WARN","thread":"EthScheduler-Workers-0","class":"BlockPropagationManager","message":"Added to bad block manager for invalid header, failed to import announced block 45 (0xa9389f872cdf28635ecdf1b585b3ca3b8201c87bf5baa096a4cd65688a8a8686)","throwable":""}
{"timestamp":"2025-06-27T12:55:00,163","container":"6765e192c076","level":"INFO","thread":"BftProcessorExecutor-QBFT-0","class":"QbftRound","message":"Importing proposed block to chain. round=ConsensusRoundIdentifier{Sequence=46, Round=1}, hash=0x21318180ea7a084a44a723fa46949b444a609f8e8a32a8e9062683cd193d9a60","throwable":""}
{"timestamp":"2025-06-27T12:55:00,177","container":"6765e192c076","level":"INFO","thread":"EthScheduler-Workers-0","class":"PersistBlockTask","message":"Block 46 (0x21318180ea7a084a44a723fa46949b444a609f8e8a32a8e9062683cd193d9a60) is already imported","throwable":""}
{"timestamp":"2025-06-27T12:55:00,178","container":"6765e192c076","level":"INFO","thread":"BftProcessorExecutor-QBFT-0","class":"QbftBesuControllerBuilder","message":"Imported #46 / 0 tx / 0 pending / 0 (0.0%) gas / (0x21318180ea7a084a44a723fa46949b444a609f8e8a32a8e9062683cd193d9a60)","throwable":""}
{"timestamp":"2025-06-27T12:55:07,195","container":"6765e192c076","level":"INFO","thread":"BftProcessorExecutor-QBFT-0","class":"TimestampBoundedByFutureParameter","message":"Invalid block header: timestamp 1751028909 is greater than the timestamp margin 1751028908","throwable":""}
{"timestamp":"2025-06-27T12:55:07,195","container":"6765e192c076","level":"INFO","thread":"BftProcessorExecutor-QBFT-0","class":"MainnetBlockValidator","message":"Invalid block 47 (0xf4d15c9f1618f2ec9d8cf496099c07252519d8fa79041e64a1e9a70a61da53e4): Optional[header validation rule violated, see logs]","throwable":""}
{"timestamp":"2025-06-27T12:55:07,196","container":"6765e192c076","level":"INFO","thread":"BftProcessorExecutor-QBFT-0","class":"ProposalPayloadValidator","message":"Invalid Proposal Payload: block did not pass validation. Reason Optional[header validation rule violated, see logs]","throwable":""}
{"timestamp":"2025-06-27T12:55:07,196","container":"6765e192c076","level":"INFO","thread":"BftProcessorExecutor-QBFT-0","class":"ProposalValidator","message":"Invalid Proposal Payload: invalid proposal payload in proposal message","throwable":""}
{"timestamp":"2025-06-27T12:55:07,196","container":"6765e192c076","level":"INFO","thread":"BftProcessorExecutor-QBFT-0","class":"QbftBlockHeightManager","message":"Received future Proposal which is illegal, no round change triggered.","throwable":""}
{"timestamp":"2025-06-27T12:55:07,217","container":"6765e192c076","level":"INFO","thread":"EthScheduler-Workers-0","class":"TimestampBoundedByFutureParameter","message":"Invalid block header: timestamp 1751028909 is greater than the timestamp margin 1751028908","throwable":""}
{"timestamp":"2025-06-27T12:55:07,223","container":"6765e192c076","level":"WARN","thread":"EthScheduler-Workers-0","class":"BlockPropagationManager","message":"Added to bad block manager for invalid header, failed to import announced block 47 (0xf4d15c9f1618f2ec9d8cf496099c07252519d8fa79041e64a1e9a70a61da53e4)","throwable":""}
{"timestamp":"2025-06-27T12:55:20,199","container":"6765e192c076","level":"INFO","thread":"BftProcessorExecutor-QBFT-0","class":"QbftBesuControllerBuilder","message":"Imported #48 / 0 tx / 0 pending / 0 (0.0%) gas / (0x3906dd34d612550dfd99df0e41119678ee252147f62f116b25a922a89424e014)","throwable":""}
{"timestamp":"2025-06-27T12:55:25,035","container":"6765e192c076","level":"INFO","thread":"BftProcessorExecutor-QBFT-0","class":"QbftBesuControllerBuilder","message":"Produced #49 / 0 tx / 0 pending / 0 (0.0%) gas / (0x3057a5d8afd8b2400f07716e96c7abc573dddb023bcaffc5eb007800c1d052cd)","throwable":""}
{"timestamp":"2025-06-27T12:55:31,208","container":"6765e192c076","level":"INFO","thread":"BftProcessorExecutor-QBFT-0","class":"TimestampBoundedByFutureParameter","message":"Invalid block header: timestamp 1751028933 is greater than the timestamp margin 1751028932","throwable":""}
{"timestamp":"2025-06-27T12:55:31,209","container":"6765e192c076","level":"INFO","thread":"BftProcessorExecutor-QBFT-0","class":"MainnetBlockValidator","message":"Invalid block 50 (0x3703aceb532939e5413756f7de0eba04adf0c9baf3798dac3c6213def7d87169): Optional[header validation rule violated, see logs]","throwable":""}
{"timestamp":"2025-06-27T12:55:31,209","container":"6765e192c076","level":"INFO","thread":"BftProcessorExecutor-QBFT-0","class":"ProposalPayloadValidator","message":"Invalid Proposal Payload: block did not pass validation. Reason Optional[header validation rule violated, see logs]","throwable":""}
{"timestamp":"2025-06-27T12:55:31,209","container":"6765e192c076","level":"INFO","thread":"BftProcessorExecutor-QBFT-0","class":"ProposalValidator","message":"Invalid Proposal Payload: invalid proposal payload in proposal message","throwable":""}
{"timestamp":"2025-06-27T12:55:31,209","container":"6765e192c076","level":"INFO","thread":"BftProcessorExecutor-QBFT-0","class":"QbftBlockHeightManager","message":"Received future Proposal which is illegal, no round change triggered.","throwable":""}
{"timestamp":"2025-06-27T12:55:31,233","container":"6765e192c076","level":"INFO","thread":"EthScheduler-Workers-0","class":"TimestampBoundedByFutureParameter","message":"Invalid block header: timestamp 1751028933 is greater than the timestamp margin 1751028932","throwable":""}
{"timestamp":"2025-06-27T12:55:31,233","container":"6765e192c076","level":"WARN","thread":"EthScheduler-Workers-0","class":"BlockPropagationManager","message":"Added to bad block manager for invalid header, failed to import announced block 50 (0x3703aceb532939e5413756f7de0eba04adf0c9baf3798dac3c6213def7d87169)","throwable":""}
{"timestamp":"2025-06-27T12:55:40,214","container":"6765e192c076","level":"INFO","thread":"BftProcessorExecutor-QBFT-0","class":"QbftBesuControllerBuilder","message":"Imported #51 / 0 tx / 0 pending / 0 (0.0%) gas / (0xe6f9c14ec57d15d763c03ef295f8fb6c584ffccc0b6b80e680408fe97cc147d1)","throwable":""}
{"timestamp":"2025-06-27T12:55:47,215","container":"6765e192c076","level":"INFO","thread":"BftProcessorExecutor-QBFT-0","class":"TimestampBoundedByFutureParameter","message":"Invalid block header: timestamp 1751028949 is greater than the timestamp margin 1751028948","throwable":""}
{"timestamp":"2025-06-27T12:55:47,215","container":"6765e192c076","level":"INFO","thread":"BftProcessorExecutor-QBFT-0","class":"MainnetBlockValidator","message":"Invalid block 52 (0x95942c4db82bdbc5fc478aa3a0d1e2a90d43f2f1d1ba9559bc39cf1a988a7080): Optional[header validation rule violated, see logs]","throwable":""}
{"timestamp":"2025-06-27T12:55:47,215","container":"6765e192c076","level":"INFO","thread":"BftProcessorExecutor-QBFT-0","class":"ProposalPayloadValidator","message":"Invalid Proposal Payload: block did not pass validation. Reason Optional[header validation rule violated, see logs]","throwable":""}
{"timestamp":"2025-06-27T12:55:47,215","container":"6765e192c076","level":"INFO","thread":"BftProcessorExecutor-QBFT-0","class":"ProposalValidator","message":"Invalid Proposal Payload: invalid proposal payload in proposal message","throwable":""}
{"timestamp":"2025-06-27T12:55:47,215","container":"6765e192c076","level":"INFO","thread":"BftProcessorExecutor-QBFT-0","class":"QbftBlockHeightManager","message":"Received future Proposal which is illegal, no round change triggered.","throwable":""}
{"timestamp":"2025-06-27T12:55:47,238","container":"6765e192c076","level":"INFO","thread":"EthScheduler-Workers-0","class":"TimestampBoundedByFutureParameter","message":"Invalid block header: timestamp 1751028949 is greater than the timestamp margin 1751028948","throwable":""}
{"timestamp":"2025-06-27T12:55:47,239","container":"6765e192c076","level":"WARN","thread":"EthScheduler-Workers-0","class":"BlockPropagationManager","message":"Added to bad block manager for invalid header, failed to import announced block 52 (0x95942c4db82bdbc5fc478aa3a0d1e2a90d43f2f1d1ba9559bc39cf1a988a7080)","throwable":""}
{"timestamp":"2025-06-27T12:55:47,240","container":"6765e192c076","level":"INFO","thread":"EthScheduler-Workers-0","class":"TimestampBoundedByFutureParameter","message":"Invalid block header: timestamp 1751028949 is greater than the timestamp margin 1751028948","throwable":""}
{"timestamp":"2025-06-27T12:55:47,240","container":"6765e192c076","level":"WARN","thread":"EthScheduler-Workers-0","class":"BlockPropagationManager","message":"Added to bad block manager for invalid header, failed to import announced block 52 (0x95942c4db82bdbc5fc478aa3a0d1e2a90d43f2f1d1ba9559bc39cf1a988a7080)","throwable":""}
{"timestamp":"2025-06-27T12:56:10,226","container":"6765e192c076","level":"INFO","thread":"BftProcessorExecutor-QBFT-0","class":"TimestampBoundedByFutureParameter","message":"Invalid block header: timestamp 1751028972 is greater than the timestamp margin 1751028971","throwable":""}
{"timestamp":"2025-06-27T12:56:10,227","container":"6765e192c076","level":"INFO","thread":"BftProcessorExecutor-QBFT-0","class":"MainnetBlockValidator","message":"Invalid block 53 (0xbfd8b678b7eefaa1a61b1ca8389428443fde18e6269b0071f49d84ee29638eeb): Optional[header validation rule violated, see logs]","throwable":""}
{"timestamp":"2025-06-27T12:56:10,227","container":"6765e192c076","level":"INFO","thread":"BftProcessorExecutor-QBFT-0","class":"ProposalPayloadValidator","message":"Invalid Proposal Payload: block did not pass validation. Reason Optional[header validation rule violated, see logs]","throwable":""}
{"timestamp":"2025-06-27T12:56:10,227","container":"6765e192c076","level":"INFO","thread":"BftProcessorExecutor-QBFT-0","class":"ProposalValidator","message":"Invalid Proposal Payload: invalid proposal payload in proposal message","throwable":""}
{"timestamp":"2025-06-27T12:56:10,251","container":"6765e192c076","level":"INFO","thread":"EthScheduler-Workers-0","class":"TimestampBoundedByFutureParameter","message":"Invalid block header: timestamp 1751028972 is greater than the timestamp margin 1751028971","throwable":""}
{"timestamp":"2025-06-27T12:56:10,251","container":"6765e192c076","level":"WARN","thread":"EthScheduler-Workers-0","class":"BlockPropagationManager","message":"Added to bad block manager for invalid header, failed to import announced block 53 (0xbfd8b678b7eefaa1a61b1ca8389428443fde18e6269b0071f49d84ee29638eeb)","throwable":""}
{"timestamp":"2025-06-27T12:56:10,253","container":"6765e192c076","level":"INFO","thread":"EthScheduler-Workers-0","class":"TimestampBoundedByFutureParameter","message":"Invalid block header: timestamp 1751028972 is greater than the timestamp margin 1751028971","throwable":""}
{"timestamp":"2025-06-27T12:56:10,253","container":"6765e192c076","level":"WARN","thread":"EthScheduler-Workers-0","class":"BlockPropagationManager","message":"Added to bad block manager for invalid header, failed to import announced block 53 (0xbfd8b678b7eefaa1a61b1ca8389428443fde18e6269b0071f49d84ee29638eeb)","throwable":""}
{"timestamp":"2025-06-27T12:56:20,265","container":"6765e192c076","level":"INFO","thread":"EthScheduler-Workers-0","class":"PersistBlockTask","message":"Block 54 (0x1472b715b38f6d259bdce3d54452110c5db0fcbf29832476eb597e2baa1ce706) is already imported","throwable":""}
{"timestamp":"2025-06-27T12:56:20,270","container":"6765e192c076","level":"INFO","thread":"BftProcessorExecutor-QBFT-0","class":"QbftBesuControllerBuilder","message":"Imported #54 / 0 tx / 0 pending / 0 (0.0%) gas / (0x1472b715b38f6d259bdce3d54452110c5db0fcbf29832476eb597e2baa1ce706)","throwable":""}
{"timestamp":"2025-06-27T12:56:26,234","container":"6765e192c076","level":"INFO","thread":"BftProcessorExecutor-QBFT-0","class":"TimestampBoundedByFutureParameter","message":"Invalid block header: timestamp 1751028988 is greater than the timestamp margin 1751028987","throwable":""}
{"timestamp":"2025-06-27T12:56:26,235","container":"6765e192c076","level":"INFO","thread":"BftProcessorExecutor-QBFT-0","class":"MainnetBlockValidator","message":"Invalid block 55 (0xdeb07e55463b1b0e8b2598336d67283cc7f6111c71ad57183ec95d1da3a1488f): Optional[header validation rule violated, see logs]","throwable":""}
{"timestamp":"2025-06-27T12:56:26,235","container":"6765e192c076","level":"INFO","thread":"BftProcessorExecutor-QBFT-0","class":"ProposalPayloadValidator","message":"Invalid Proposal Payload: block did not pass validation. Reason Optional[header validation rule violated, see logs]","throwable":""}
{"timestamp":"2025-06-27T12:56:26,235","container":"6765e192c076","level":"INFO","thread":"BftProcessorExecutor-QBFT-0","class":"ProposalValidator","message":"Invalid Proposal Payload: invalid proposal payload in proposal message","throwable":""}
{"timestamp":"2025-06-27T12:56:26,235","container":"6765e192c076","level":"INFO","thread":"BftProcessorExecutor-QBFT-0","class":"QbftBlockHeightManager","message":"Received future Proposal which is illegal, no round change triggered.","throwable":""}
{"timestamp":"2025-06-27T12:56:26,250","container":"6765e192c076","level":"INFO","thread":"EthScheduler-Workers-0","class":"TimestampBoundedByFutureParameter","message":"Invalid block header: timestamp 1751028988 is greater than the timestamp margin 1751028987","throwable":""}
{"timestamp":"2025-06-27T12:56:26,250","container":"6765e192c076","level":"WARN","thread":"EthScheduler-Workers-0","class":"BlockPropagationManager","message":"Added to bad block manager for invalid header, failed to import announced block 55 (0xdeb07e55463b1b0e8b2598336d67283cc7f6111c71ad57183ec95d1da3a1488f)","throwable":""}
{"timestamp":"2025-06-27T12:56:26,253","container":"6765e192c076","level":"INFO","thread":"EthScheduler-Workers-0","class":"TimestampBoundedByFutureParameter","message":"Invalid block header: timestamp 1751028988 is greater than the timestamp margin 1751028987","throwable":""}
{"timestamp":"2025-06-27T12:56:26,254","container":"6765e192c076","level":"WARN","thread":"EthScheduler-Workers-0","class":"BlockPropagationManager","message":"Added to bad block manager for invalid header, failed to import announced block 55 (0xdeb07e55463b1b0e8b2598336d67283cc7f6111c71ad57183ec95d1da3a1488f)","throwable":""}
{"timestamp":"2025-06-27T12:56:45,254","container":"6765e192c076","level":"INFO","thread":"BftProcessorExecutor-QBFT-0","class":"TimestampBoundedByFutureParameter","message":"Invalid block header: timestamp 1751029007 is greater than the timestamp margin 1751029006","throwable":""}
{"timestamp":"2025-06-27T12:56:45,255","container":"6765e192c076","level":"INFO","thread":"BftProcessorExecutor-QBFT-0","class":"MainnetBlockValidator","message":"Invalid block 56 (0x429715924906007b17ccf6d2b3658fb94a7049c1ef2d19f025a7f70cd0c2ce6b): Optional[header validation rule violated, see logs]","throwable":""}
{"timestamp":"2025-06-27T12:56:45,255","container":"6765e192c076","level":"INFO","thread":"BftProcessorExecutor-QBFT-0","class":"ProposalPayloadValidator","message":"Invalid Proposal Payload: block did not pass validation. Reason Optional[header validation rule violated, see logs]","throwable":""}
{"timestamp":"2025-06-27T12:56:45,255","container":"6765e192c076","level":"INFO","thread":"BftProcessorExecutor-QBFT-0","class":"ProposalValidator","message":"Invalid Proposal Payload: invalid proposal payload in proposal message","throwable":""}
{"timestamp":"2025-06-27T12:56:45,282","container":"6765e192c076","level":"INFO","thread":"EthScheduler-Workers-0","class":"TimestampBoundedByFutureParameter","message":"Invalid block header: timestamp 1751029007 is greater than the timestamp margin 1751029006","throwable":""}
{"timestamp":"2025-06-27T12:56:45,283","container":"6765e192c076","level":"WARN","thread":"EthScheduler-Workers-0","class":"BlockPropagationManager","message":"Added to bad block manager for invalid header, failed to import announced block 56 (0x429715924906007b17ccf6d2b3658fb94a7049c1ef2d19f025a7f70cd0c2ce6b)","throwable":""}
{"timestamp":"2025-06-27T12:56:45,299","container":"6765e192c076","level":"INFO","thread":"EthScheduler-Workers-0","class":"TimestampBoundedByFutureParameter","message":"Invalid block header: timestamp 1751029007 is greater than the timestamp margin 1751029006","throwable":""}
{"timestamp":"2025-06-27T12:56:45,300","container":"6765e192c076","level":"WARN","thread":"EthScheduler-Workers-0","class":"BlockPropagationManager","message":"Added to bad block manager for invalid header, failed to import announced block 56 (0x429715924906007b17ccf6d2b3658fb94a7049c1ef2d19f025a7f70cd0c2ce6b)","throwable":""}
{"timestamp":"2025-06-27T12:56:45,305","container":"6765e192c076","level":"INFO","thread":"EthScheduler-Workers-0","class":"TimestampBoundedByFutureParameter","message":"Invalid block header: timestamp 1751029007 is greater than the timestamp margin 1751029006","throwable":""}
{"timestamp":"2025-06-27T12:56:45,305","container":"6765e192c076","level":"WARN","thread":"EthScheduler-Workers-0","class":"BlockPropagationManager","message":"Added to bad block manager for invalid header, failed to import announced block 56 (0x429715924906007b17ccf6d2b3658fb94a7049c1ef2d19f025a7f70cd0c2ce6b)","throwable":""}
{"timestamp":"2025-06-27T12:56:55,285","container":"6765e192c076","level":"INFO","thread":"BftProcessorExecutor-QBFT-0","class":"QbftBesuControllerBuilder","message":"Imported #57 / 0 tx / 0 pending / 0 (0.0%) gas / (0x62cb82376a7b33be2d77f34ead5afb8f979953e6d71a5d7b718dfba498fd715b)","throwable":""}
{"timestamp":"2025-06-27T12:57:01,254","container":"6765e192c076","level":"INFO","thread":"BftProcessorExecutor-QBFT-0","class":"TimestampBoundedByFutureParameter","message":"Invalid block header: timestamp 1751029023 is greater than the timestamp margin 1751029022","throwable":""}
{"timestamp":"2025-06-27T12:57:01,255","container":"6765e192c076","level":"INFO","thread":"BftProcessorExecutor-QBFT-0","class":"MainnetBlockValidator","message":"Invalid block 58 (0xb3bb82d76b6dcfd92629c5c2ac34a79243c0e7b9e22e0685d6f97270fb5a0cd3): Optional[header validation rule violated, see logs]","throwable":""}
{"timestamp":"2025-06-27T12:57:01,256","container":"6765e192c076","level":"INFO","thread":"BftProcessorExecutor-QBFT-0","class":"ProposalPayloadValidator","message":"Invalid Proposal Payload: block did not pass validation. Reason Optional[header validation rule violated, see logs]","throwable":""}
{"timestamp":"2025-06-27T12:57:01,256","container":"6765e192c076","level":"INFO","thread":"BftProcessorExecutor-QBFT-0","class":"ProposalValidator","message":"Invalid Proposal Payload: invalid proposal payload in proposal message","throwable":""}
{"timestamp":"2025-06-27T12:57:01,256","container":"6765e192c076","level":"INFO","thread":"BftProcessorExecutor-QBFT-0","class":"QbftBlockHeightManager","message":"Received future Proposal which is illegal, no round change triggered.","throwable":""}
{"timestamp":"2025-06-27T12:57:01,280","container":"6765e192c076","level":"INFO","thread":"EthScheduler-Workers-0","class":"TimestampBoundedByFutureParameter","message":"Invalid block header: timestamp 1751029023 is greater than the timestamp margin 1751029022","throwable":""}
{"timestamp":"2025-06-27T12:57:01,281","container":"6765e192c076","level":"WARN","thread":"EthScheduler-Workers-0","class":"BlockPropagationManager","message":"Added to bad block manager for invalid header, failed to import announced block 58 (0xb3bb82d76b6dcfd92629c5c2ac34a79243c0e7b9e22e0685d6f97270fb5a0cd3)","throwable":""}
{"timestamp":"2025-06-27T12:57:01,283","container":"6765e192c076","level":"INFO","thread":"EthScheduler-Workers-0","class":"TimestampBoundedByFutureParameter","message":"Invalid block header: timestamp 1751029023 is greater than the timestamp margin 1751029022","throwable":""}
{"timestamp":"2025-06-27T12:57:01,283","container":"6765e192c076","level":"WARN","thread":"EthScheduler-Workers-0","class":"BlockPropagationManager","message":"Added to bad block manager for invalid header, failed to import announced block 58 (0xb3bb82d76b6dcfd92629c5c2ac34a79243c0e7b9e22e0685d6f97270fb5a0cd3)","throwable":""}
{"timestamp":"2025-06-27T12:57:20,289","container":"6765e192c076","level":"INFO","thread":"BftProcessorExecutor-QBFT-0","class":"TimestampBoundedByFutureParameter","message":"Invalid block header: timestamp 1751029042 is greater than the timestamp margin 1751029041","throwable":""}
{"timestamp":"2025-06-27T12:57:20,289","container":"6765e192c076","level":"INFO","thread":"BftProcessorExecutor-QBFT-0","class":"MainnetBlockValidator","message":"Invalid block 59 (0xca8b1fda16fb6352f4b94fcacece72a3fd3d51aa45ae6deba20ea150e19048a1): Optional[header validation rule violated, see logs]","throwable":""}
{"timestamp":"2025-06-27T12:57:20,290","container":"6765e192c076","level":"INFO","thread":"BftProcessorExecutor-QBFT-0","class":"ProposalPayloadValidator","message":"Invalid Proposal Payload: block did not pass validation. Reason Optional[header validation rule violated, see logs]","throwable":""}
{"timestamp":"2025-06-27T12:57:20,290","container":"6765e192c076","level":"INFO","thread":"BftProcessorExecutor-QBFT-0","class":"ProposalValidator","message":"Invalid Proposal Payload: invalid proposal payload in proposal message","throwable":""}
{"timestamp":"2025-06-27T12:57:20,327","container":"6765e192c076","level":"INFO","thread":"EthScheduler-Workers-0","class":"TimestampBoundedByFutureParameter","message":"Invalid block header: timestamp 1751029042 is greater than the timestamp margin 1751029041","throwable":""}
{"timestamp":"2025-06-27T12:57:20,330","container":"6765e192c076","level":"WARN","thread":"EthScheduler-Workers-0","class":"BlockPropagationManager","message":"Added to bad block manager for invalid header, failed to import announced block 59 (0xca8b1fda16fb6352f4b94fcacece72a3fd3d51aa45ae6deba20ea150e19048a1)","throwable":""}
{"timestamp":"2025-06-27T12:57:30,337","container":"6765e192c076","level":"INFO","thread":"BftProcessorExecutor-QBFT-0","class":"QbftBesuControllerBuilder","message":"Imported #60 / 0 tx / 0 pending / 0 (0.0%) gas / (0xccee2befad5c0eed956a5b4021d7ec4f55437052d4251de24220438e4a3ada18)","throwable":""}
{"timestamp":"2025-06-27T12:57:36,272","container":"6765e192c076","level":"INFO","thread":"BftProcessorExecutor-QBFT-0","class":"TimestampBoundedByFutureParameter","message":"Invalid block header: timestamp 1751029058 is greater than the timestamp margin 1751029057","throwable":""}
{"timestamp":"2025-06-27T12:57:36,272","container":"6765e192c076","level":"INFO","thread":"BftProcessorExecutor-QBFT-0","class":"MainnetBlockValidator","message":"Invalid block 61 (0x11d02a9736d6069043c6d9ee5b22ebfd93d6aa8f09edc6b56d8d364313d61767): Optional[header validation rule violated, see logs]","throwable":""}
{"timestamp":"2025-06-27T12:57:36,273","container":"6765e192c076","level":"INFO","thread":"BftProcessorExecutor-QBFT-0","class":"ProposalPayloadValidator","message":"Invalid Proposal Payload: block did not pass validation. Reason Optional[header validation rule violated, see logs]","throwable":""}
{"timestamp":"2025-06-27T12:57:36,273","container":"6765e192c076","level":"INFO","thread":"BftProcessorExecutor-QBFT-0","class":"ProposalValidator","message":"Invalid Proposal Payload: invalid proposal payload in proposal message","throwable":""}
{"timestamp":"2025-06-27T12:57:36,273","container":"6765e192c076","level":"INFO","thread":"BftProcessorExecutor-QBFT-0","class":"QbftBlockHeightManager","message":"Received future Proposal which is illegal, no round change triggered.","throwable":""}
{"timestamp":"2025-06-27T12:57:36,292","container":"6765e192c076","level":"INFO","thread":"EthScheduler-Workers-0","class":"TimestampBoundedByFutureParameter","message":"Invalid block header: timestamp 1751029058 is greater than the timestamp margin 1751029057","throwable":""}
{"timestamp":"2025-06-27T12:57:36,293","container":"6765e192c076","level":"WARN","thread":"EthScheduler-Workers-0","class":"BlockPropagationManager","message":"Added to bad block manager for invalid header, failed to import announced block 61 (0x11d02a9736d6069043c6d9ee5b22ebfd93d6aa8f09edc6b56d8d364313d61767)","throwable":""}
{"timestamp":"2025-06-27T12:57:36,297","container":"6765e192c076","level":"INFO","thread":"EthScheduler-Workers-0","class":"TimestampBoundedByFutureParameter","message":"Invalid block header: timestamp 1751029058 is greater than the timestamp margin 1751029057","throwable":""}
{"timestamp":"2025-06-27T12:57:36,298","container":"6765e192c076","level":"WARN","thread":"EthScheduler-Workers-0","class":"BlockPropagationManager","message":"Added to bad block manager for invalid header, failed to import announced block 61 (0x11d02a9736d6069043c6d9ee5b22ebfd93d6aa8f09edc6b56d8d364313d61767)","throwable":""}
{"timestamp":"2025-06-27T12:57:55,345","container":"6765e192c076","level":"INFO","thread":"BftProcessorExecutor-QBFT-0","class":"TimestampBoundedByFutureParameter","message":"Invalid block header: timestamp 1751029077 is greater than the timestamp margin 1751029076","throwable":""}
{"timestamp":"2025-06-27T12:57:55,345","container":"6765e192c076","level":"INFO","thread":"BftProcessorExecutor-QBFT-0","class":"MainnetBlockValidator","message":"Invalid block 62 (0x97305962c2e30a8d9b773516d87af78a89bfd3fe7ef6d4204844c730a1023b88): Optional[header validation rule violated, see logs]","throwable":""}
{"timestamp":"2025-06-27T12:57:55,346","container":"6765e192c076","level":"INFO","thread":"BftProcessorExecutor-QBFT-0","class":"ProposalPayloadValidator","message":"Invalid Proposal Payload: block did not pass validation. Reason Optional[header validation rule violated, see logs]","throwable":""}
{"timestamp":"2025-06-27T12:57:55,346","container":"6765e192c076","level":"INFO","thread":"BftProcessorExecutor-QBFT-0","class":"ProposalValidator","message":"Invalid Proposal Payload: invalid proposal payload in proposal message","throwable":""}
{"timestamp":"2025-06-27T12:57:55,381","container":"6765e192c076","level":"INFO","thread":"EthScheduler-Workers-0","class":"TimestampBoundedByFutureParameter","message":"Invalid block header: timestamp 1751029077 is greater than the timestamp margin 1751029076","throwable":""}
{"timestamp":"2025-06-27T12:57:55,385","container":"6765e192c076","level":"WARN","thread":"EthScheduler-Workers-0","class":"BlockPropagationManager","message":"Added to bad block manager for invalid header, failed to import announced block 62 (0x97305962c2e30a8d9b773516d87af78a89bfd3fe7ef6d4204844c730a1023b88)","throwable":""}
{"timestamp":"2025-06-27T12:57:55,386","container":"6765e192c076","level":"INFO","thread":"EthScheduler-Workers-0","class":"TimestampBoundedByFutureParameter","message":"Invalid block header: timestamp 1751029077 is greater than the timestamp margin 1751029076","throwable":""}
{"timestamp":"2025-06-27T12:57:55,386","container":"6765e192c076","level":"WARN","thread":"EthScheduler-Workers-0","class":"BlockPropagationManager","message":"Added to bad block manager for invalid header, failed to import announced block 62 (0x97305962c2e30a8d9b773516d87af78a89bfd3fe7ef6d4204844c730a1023b88)","throwable":""}
{"timestamp":"2025-06-27T12:58:05,387","container":"6765e192c076","level":"INFO","thread":"BftProcessorExecutor-QBFT-0","class":"QbftBesuControllerBuilder","message":"Imported #63 / 0 tx / 0 pending / 0 (0.0%) gas / (0x52df285ef33c64af9a0e12dc4847465a1b4ba7e368477425b7821de6e330b714)","throwable":""}
{"timestamp":"2025-06-27T12:58:11,287","container":"6765e192c076","level":"INFO","thread":"BftProcessorExecutor-QBFT-0","class":"TimestampBoundedByFutureParameter","message":"Invalid block header: timestamp 1751029093 is greater than the timestamp margin 1751029092","throwable":""}
{"timestamp":"2025-06-27T12:58:11,287","container":"6765e192c076","level":"INFO","thread":"BftProcessorExecutor-QBFT-0","class":"MainnetBlockValidator","message":"Invalid block 64 (0xc455d0abffe0cd6264c547cce84a20237b43baf701687bd8da2b72582990eb63): Optional[header validation rule violated, see logs]","throwable":""}
{"timestamp":"2025-06-27T12:58:11,288","container":"6765e192c076","level":"INFO","thread":"BftProcessorExecutor-QBFT-0","class":"ProposalPayloadValidator","message":"Invalid Proposal Payload: block did not pass validation. Reason Optional[header validation rule violated, see logs]","throwable":""}
{"timestamp":"2025-06-27T12:58:11,288","container":"6765e192c076","level":"INFO","thread":"BftProcessorExecutor-QBFT-0","class":"ProposalValidator","message":"Invalid Proposal Payload: invalid proposal payload in proposal message","throwable":""}
{"timestamp":"2025-06-27T12:58:11,288","container":"6765e192c076","level":"INFO","thread":"BftProcessorExecutor-QBFT-0","class":"QbftBlockHeightManager","message":"Received future Proposal which is illegal, no round change triggered.","throwable":""}
{"timestamp":"2025-06-27T12:58:11,303","container":"6765e192c076","level":"INFO","thread":"EthScheduler-Workers-0","class":"TimestampBoundedByFutureParameter","message":"Invalid block header: timestamp 1751029093 is greater than the timestamp margin 1751029092","throwable":""}
{"timestamp":"2025-06-27T12:58:11,304","container":"6765e192c076","level":"WARN","thread":"EthScheduler-Workers-0","class":"BlockPropagationManager","message":"Added to bad block manager for invalid header, failed to import announced block 64 (0xc455d0abffe0cd6264c547cce84a20237b43baf701687bd8da2b72582990eb63)","throwable":""}
{"timestamp":"2025-06-27T12:58:11,305","container":"6765e192c076","level":"INFO","thread":"EthScheduler-Workers-0","class":"TimestampBoundedByFutureParameter","message":"Invalid block header: timestamp 1751029093 is greater than the timestamp margin 1751029092","throwable":""}
{"timestamp":"2025-06-27T12:58:11,305","container":"6765e192c076","level":"WARN","thread":"EthScheduler-Workers-0","class":"BlockPropagationManager","message":"Added to bad block manager for invalid header, failed to import announced block 64 (0xc455d0abffe0cd6264c547cce84a20237b43baf701687bd8da2b72582990eb63)","throwable":""}
{"timestamp":"2025-06-27T12:58:11,306","container":"6765e192c076","level":"INFO","thread":"EthScheduler-Workers-0","class":"TimestampBoundedByFutureParameter","message":"Invalid block header: timestamp 1751029093 is greater than the timestamp margin 1751029092","throwable":""}
{"timestamp":"2025-06-27T12:58:11,306","container":"6765e192c076","level":"WARN","thread":"EthScheduler-Workers-0","class":"BlockPropagationManager","message":"Added to bad block manager for invalid header, failed to import announced block 64 (0xc455d0abffe0cd6264c547cce84a20237b43baf701687bd8da2b72582990eb63)","throwable":""}
{"timestamp":"2025-06-27T12:58:30,392","container":"6765e192c076","level":"INFO","thread":"BftProcessorExecutor-QBFT-0","class":"TimestampBoundedByFutureParameter","message":"Invalid block header: timestamp 1751029112 is greater than the timestamp margin 1751029111","throwable":""}
{"timestamp":"2025-06-27T12:58:30,393","container":"6765e192c076","level":"INFO","thread":"BftProcessorExecutor-QBFT-0","class":"MainnetBlockValidator","message":"Invalid block 65 (0x423da1e82ff57d3d3a8979eda3d1bd71dd13f95e287b9e131857f456f8565f2c): Optional[header validation rule violated, see logs]","throwable":""}
{"timestamp":"2025-06-27T12:58:30,393","container":"6765e192c076","level":"INFO","thread":"BftProcessorExecutor-QBFT-0","class":"ProposalPayloadValidator","message":"Invalid Proposal Payload: block did not pass validation. Reason Optional[header validation rule violated, see logs]","throwable":""}
{"timestamp":"2025-06-27T12:58:30,394","container":"6765e192c076","level":"INFO","thread":"BftProcessorExecutor-QBFT-0","class":"ProposalValidator","message":"Invalid Proposal Payload: invalid proposal payload in proposal message","throwable":""}
{"timestamp":"2025-06-27T12:58:30,421","container":"6765e192c076","level":"INFO","thread":"EthScheduler-Workers-0","class":"TimestampBoundedByFutureParameter","message":"Invalid block header: timestamp 1751029112 is greater than the timestamp margin 1751029111","throwable":""}
{"timestamp":"2025-06-27T12:58:30,423","container":"6765e192c076","level":"WARN","thread":"EthScheduler-Workers-0","class":"BlockPropagationManager","message":"Added to bad block manager for invalid header, failed to import announced block 65 (0x423da1e82ff57d3d3a8979eda3d1bd71dd13f95e287b9e131857f456f8565f2c)","throwable":""}
{"timestamp":"2025-06-27T12:58:30,438","container":"6765e192c076","level":"INFO","thread":"EthScheduler-Workers-0","class":"TimestampBoundedByFutureParameter","message":"Invalid block header: timestamp 1751029112 is greater than the timestamp margin 1751029111","throwable":""}
{"timestamp":"2025-06-27T12:58:30,438","container":"6765e192c076","level":"WARN","thread":"EthScheduler-Workers-0","class":"BlockPropagationManager","message":"Added to bad block manager for invalid header, failed to import announced block 65 (0x423da1e82ff57d3d3a8979eda3d1bd71dd13f95e287b9e131857f456f8565f2c)","throwable":""}
{"timestamp":"2025-06-27T12:58:40,430","container":"6765e192c076","level":"INFO","thread":"BftProcessorExecutor-QBFT-0","class":"QbftBesuControllerBuilder","message":"Imported #66 / 0 tx / 0 pending / 0 (0.0%) gas / (0x2f8c7b4dc5e0fbaf2b8ceab97f60fddb583bebc61f44634fa6ec771abf09ba31)","throwable":""}
{"timestamp":"2025-06-27T12:58:46,307","container":"6765e192c076","level":"INFO","thread":"BftProcessorExecutor-QBFT-0","class":"TimestampBoundedByFutureParameter","message":"Invalid block header: timestamp 1751029128 is greater than the timestamp margin 1751029127","throwable":""}
{"timestamp":"2025-06-27T12:58:46,308","container":"6765e192c076","level":"INFO","thread":"BftProcessorExecutor-QBFT-0","class":"MainnetBlockValidator","message":"Invalid block 67 (0xe7173bd975e911643266a206e91ba2ca565ad6c9a2038073ee9f53e62baa60b1): Optional[header validation rule violated, see logs]","throwable":""}
{"timestamp":"2025-06-27T12:58:46,308","container":"6765e192c076","level":"INFO","thread":"BftProcessorExecutor-QBFT-0","class":"ProposalPayloadValidator","message":"Invalid Proposal Payload: block did not pass validation. Reason Optional[header validation rule violated, see logs]","throwable":""}
{"timestamp":"2025-06-27T12:58:46,308","container":"6765e192c076","level":"INFO","thread":"BftProcessorExecutor-QBFT-0","class":"ProposalValidator","message":"Invalid Proposal Payload: invalid proposal payload in proposal message","throwable":""}
{"timestamp":"2025-06-27T12:58:46,309","container":"6765e192c076","level":"INFO","thread":"BftProcessorExecutor-QBFT-0","class":"QbftBlockHeightManager","message":"Received future Proposal which is illegal, no round change triggered.","throwable":""}
{"timestamp":"2025-06-27T12:58:46,323","container":"6765e192c076","level":"INFO","thread":"EthScheduler-Workers-0","class":"TimestampBoundedByFutureParameter","message":"Invalid block header: timestamp 1751029128 is greater than the timestamp margin 1751029127","throwable":""}
{"timestamp":"2025-06-27T12:58:46,323","container":"6765e192c076","level":"WARN","thread":"EthScheduler-Workers-0","class":"BlockPropagationManager","message":"Added to bad block manager for invalid header, failed to import announced block 67 (0xe7173bd975e911643266a206e91ba2ca565ad6c9a2038073ee9f53e62baa60b1)","throwable":""}
{"timestamp":"2025-06-27T12:58:46,337","container":"6765e192c076","level":"INFO","thread":"EthScheduler-Workers-0","class":"TimestampBoundedByFutureParameter","message":"Invalid block header: timestamp 1751029128 is greater than the timestamp margin 1751029127","throwable":""}
{"timestamp":"2025-06-27T12:58:46,338","container":"6765e192c076","level":"WARN","thread":"EthScheduler-Workers-0","class":"BlockPropagationManager","message":"Added to bad block manager for invalid header, failed to import announced block 67 (0xe7173bd975e911643266a206e91ba2ca565ad6c9a2038073ee9f53e62baa60b1)","throwable":""}
{"timestamp":"2025-06-27T12:59:05,438","container":"6765e192c076","level":"INFO","thread":"BftProcessorExecutor-QBFT-0","class":"TimestampBoundedByFutureParameter","message":"Invalid block header: timestamp 1751029147 is greater than the timestamp margin 1751029146","throwable":""}
{"timestamp":"2025-06-27T12:59:05,440","container":"6765e192c076","level":"INFO","thread":"BftProcessorExecutor-QBFT-0","class":"MainnetBlockValidator","message":"Invalid block 68 (0xc2e045271f9ae2c4cdfe58aa52e332e9083f57d7b1723362eec3ad0b7ef8d2b5): Optional[header validation rule violated, see logs]","throwable":""}
{"timestamp":"2025-06-27T12:59:05,440","container":"6765e192c076","level":"INFO","thread":"BftProcessorExecutor-QBFT-0","class":"ProposalPayloadValidator","message":"Invalid Proposal Payload: block did not pass validation. Reason Optional[header validation rule violated, see logs]","throwable":""}
{"timestamp":"2025-06-27T12:59:05,440","container":"6765e192c076","level":"INFO","thread":"BftProcessorExecutor-QBFT-0","class":"ProposalValidator","message":"Invalid Proposal Payload: invalid proposal payload in proposal message","throwable":""}
{"timestamp":"2025-06-27T12:59:05,478","container":"6765e192c076","level":"INFO","thread":"EthScheduler-Workers-0","class":"TimestampBoundedByFutureParameter","message":"Invalid block header: timestamp 1751029147 is greater than the timestamp margin 1751029146","throwable":""}
{"timestamp":"2025-06-27T12:59:05,482","container":"6765e192c076","level":"WARN","thread":"EthScheduler-Workers-0","class":"BlockPropagationManager","message":"Added to bad block manager for invalid header, failed to import announced block 68 (0xc2e045271f9ae2c4cdfe58aa52e332e9083f57d7b1723362eec3ad0b7ef8d2b5)","throwable":""}
{"timestamp":"2025-06-27T12:59:05,485","container":"6765e192c076","level":"INFO","thread":"EthScheduler-Workers-0","class":"TimestampBoundedByFutureParameter","message":"Invalid block header: timestamp 1751029147 is greater than the timestamp margin 1751029146","throwable":""}
{"timestamp":"2025-06-27T12:59:05,485","container":"6765e192c076","level":"WARN","thread":"EthScheduler-Workers-0","class":"BlockPropagationManager","message":"Added to bad block manager for invalid header, failed to import announced block 68 (0xc2e045271f9ae2c4cdfe58aa52e332e9083f57d7b1723362eec3ad0b7ef8d2b5)","throwable":""}
{"timestamp":"2025-06-27T12:59:15,480","container":"6765e192c076","level":"INFO","thread":"BftProcessorExecutor-QBFT-0","class":"QbftBesuControllerBuilder","message":"Imported #69 / 0 tx / 0 pending / 0 (0.0%) gas / (0x753a36f3af04898022e5ea09c0bf5fcf5b1c9681fb1b966fb9244e661ae10789)","throwable":""}
{"timestamp":"2025-06-27T12:59:21,322","container":"6765e192c076","level":"INFO","thread":"BftProcessorExecutor-QBFT-0","class":"TimestampBoundedByFutureParameter","message":"Invalid block header: timestamp 1751029163 is greater than the timestamp margin 1751029162","throwable":""}
{"timestamp":"2025-06-27T12:59:21,322","container":"6765e192c076","level":"INFO","thread":"BftProcessorExecutor-QBFT-0","class":"MainnetBlockValidator","message":"Invalid block 70 (0x67d6076499aa8435cc827011d3c0c59d55b2dd6b8a8589c28bf0cad52345c704): Optional[header validation rule violated, see logs]","throwable":""}
{"timestamp":"2025-06-27T12:59:21,323","container":"6765e192c076","level":"INFO","thread":"BftProcessorExecutor-QBFT-0","class":"ProposalPayloadValidator","message":"Invalid Proposal Payload: block did not pass validation. Reason Optional[header validation rule violated, see logs]","throwable":""}
{"timestamp":"2025-06-27T12:59:21,323","container":"6765e192c076","level":"INFO","thread":"BftProcessorExecutor-QBFT-0","class":"ProposalValidator","message":"Invalid Proposal Payload: invalid proposal payload in proposal message","throwable":""}
{"timestamp":"2025-06-27T12:59:21,323","container":"6765e192c076","level":"INFO","thread":"BftProcessorExecutor-QBFT-0","class":"QbftBlockHeightManager","message":"Received future Proposal which is illegal, no round change triggered.","throwable":""}
{"timestamp":"2025-06-27T12:59:21,336","container":"6765e192c076","level":"INFO","thread":"EthScheduler-Workers-0","class":"TimestampBoundedByFutureParameter","message":"Invalid block header: timestamp 1751029163 is greater than the timestamp margin 1751029162","throwable":""}
{"timestamp":"2025-06-27T12:59:21,338","container":"6765e192c076","level":"WARN","thread":"EthScheduler-Workers-0","class":"BlockPropagationManager","message":"Added to bad block manager for invalid header, failed to import announced block 70 (0x67d6076499aa8435cc827011d3c0c59d55b2dd6b8a8589c28bf0cad52345c704)","throwable":""}
{"timestamp":"2025-06-27T12:59:21,339","container":"6765e192c076","level":"INFO","thread":"EthScheduler-Workers-0","class":"TimestampBoundedByFutureParameter","message":"Invalid block header: timestamp 1751029163 is greater than the timestamp margin 1751029162","throwable":""}
{"timestamp":"2025-06-27T12:59:21,340","container":"6765e192c076","level":"WARN","thread":"EthScheduler-Workers-0","class":"BlockPropagationManager","message":"Added to bad block manager for invalid header, failed to import announced block 70 (0x67d6076499aa8435cc827011d3c0c59d55b2dd6b8a8589c28bf0cad52345c704)","throwable":""}
{"timestamp":"2025-06-27T12:59:40,491","container":"6765e192c076","level":"INFO","thread":"BftProcessorExecutor-QBFT-0","class":"TimestampBoundedByFutureParameter","message":"Invalid block header: timestamp 1751029182 is greater than the timestamp margin 1751029181","throwable":""}
{"timestamp":"2025-06-27T12:59:40,492","container":"6765e192c076","level":"INFO","thread":"BftProcessorExecutor-QBFT-0","class":"MainnetBlockValidator","message":"Invalid block 71 (0x62019fed52554a10d2662b78f3fd10eef5811656c322d2fc3640c860cc39d07f): Optional[header validation rule violated, see logs]","throwable":""}
{"timestamp":"2025-06-27T12:59:40,492","container":"6765e192c076","level":"INFO","thread":"BftProcessorExecutor-QBFT-0","class":"ProposalPayloadValidator","message":"Invalid Proposal Payload: block did not pass validation. Reason Optional[header validation rule violated, see logs]","throwable":""}
{"timestamp":"2025-06-27T12:59:40,492","container":"6765e192c076","level":"INFO","thread":"BftProcessorExecutor-QBFT-0","class":"ProposalValidator","message":"Invalid Proposal Payload: invalid proposal payload in proposal message","throwable":""}
{"timestamp":"2025-06-27T12:59:40,517","container":"6765e192c076","level":"INFO","thread":"EthScheduler-Workers-0","class":"TimestampBoundedByFutureParameter","message":"Invalid block header: timestamp 1751029182 is greater than the timestamp margin 1751029181","throwable":""}
{"timestamp":"2025-06-27T12:59:40,517","container":"6765e192c076","level":"WARN","thread":"EthScheduler-Workers-0","class":"BlockPropagationManager","message":"Added to bad block manager for invalid header, failed to import announced block 71 (0x62019fed52554a10d2662b78f3fd10eef5811656c322d2fc3640c860cc39d07f)","throwable":""}
{"timestamp":"2025-06-27T12:59:50,562","container":"6765e192c076","level":"INFO","thread":"BftProcessorExecutor-QBFT-0","class":"QbftBesuControllerBuilder","message":"Imported #72 / 0 tx / 0 pending / 0 (0.0%) gas / (0x8d8afb5a3853e9225d5b3a71417235f6e798b7f14484e715835e9ba76646c3a8)","throwable":""}
{"timestamp":"2025-06-27T12:59:56,339","container":"6765e192c076","level":"INFO","thread":"BftProcessorExecutor-QBFT-0","class":"TimestampBoundedByFutureParameter","message":"Invalid block header: timestamp 1751029198 is greater than the timestamp margin 1751029197","throwable":""}
{"timestamp":"2025-06-27T12:59:56,339","container":"6765e192c076","level":"INFO","thread":"BftProcessorExecutor-QBFT-0","class":"MainnetBlockValidator","message":"Invalid block 73 (0x11646e1b5960107458fd100f4df29534144b10e204c3264b239b22beaf98aa39): Optional[header validation rule violated, see logs]","throwable":""}
{"timestamp":"2025-06-27T12:59:56,339","container":"6765e192c076","level":"INFO","thread":"BftProcessorExecutor-QBFT-0","class":"ProposalPayloadValidator","message":"Invalid Proposal Payload: block did not pass validation. Reason Optional[header validation rule violated, see logs]","throwable":""}
{"timestamp":"2025-06-27T12:59:56,339","container":"6765e192c076","level":"INFO","thread":"BftProcessorExecutor-QBFT-0","class":"ProposalValidator","message":"Invalid Proposal Payload: invalid proposal payload in proposal message","throwable":""}
{"timestamp":"2025-06-27T12:59:56,339","container":"6765e192c076","level":"INFO","thread":"BftProcessorExecutor-QBFT-0","class":"QbftBlockHeightManager","message":"Received future Proposal which is illegal, no round change triggered.","throwable":""}
{"timestamp":"2025-06-27T12:59:56,360","container":"6765e192c076","level":"INFO","thread":"EthScheduler-Workers-0","class":"TimestampBoundedByFutureParameter","message":"Invalid block header: timestamp 1751029198 is greater than the timestamp margin 1751029197","throwable":""}
{"timestamp":"2025-06-27T12:59:56,360","container":"6765e192c076","level":"WARN","thread":"EthScheduler-Workers-0","class":"BlockPropagationManager","message":"Added to bad block manager for invalid header, failed to import announced block 73 (0x11646e1b5960107458fd100f4df29534144b10e204c3264b239b22beaf98aa39)","throwable":""}
{"timestamp":"2025-06-27T13:00:15,579","container":"6765e192c076","level":"INFO","thread":"BftProcessorExecutor-QBFT-0","class":"TimestampBoundedByFutureParameter","message":"Invalid block header: timestamp 1751029217 is greater than the timestamp margin 1751029216","throwable":""}
{"timestamp":"2025-06-27T13:00:15,580","container":"6765e192c076","level":"INFO","thread":"BftProcessorExecutor-QBFT-0","class":"MainnetBlockValidator","message":"Invalid block 74 (0x20620a449a42cd59521d496d25b27d302f3273e3029fae2740d56042f9b23e12): Optional[header validation rule violated, see logs]","throwable":""}
{"timestamp":"2025-06-27T13:00:15,580","container":"6765e192c076","level":"INFO","thread":"BftProcessorExecutor-QBFT-0","class":"ProposalPayloadValidator","message":"Invalid Proposal Payload: block did not pass validation. Reason Optional[header validation rule violated, see logs]","throwable":""}
{"timestamp":"2025-06-27T13:00:15,581","container":"6765e192c076","level":"INFO","thread":"BftProcessorExecutor-QBFT-0","class":"ProposalValidator","message":"Invalid Proposal Payload: invalid proposal payload in proposal message","throwable":""}
{"timestamp":"2025-06-27T13:00:15,612","container":"6765e192c076","level":"INFO","thread":"EthScheduler-Workers-0","class":"TimestampBoundedByFutureParameter","message":"Invalid block header: timestamp 1751029217 is greater than the timestamp margin 1751029216","throwable":""}
{"timestamp":"2025-06-27T13:00:15,613","container":"6765e192c076","level":"WARN","thread":"EthScheduler-Workers-0","class":"BlockPropagationManager","message":"Added to bad block manager for invalid header, failed to import announced block 74 (0x20620a449a42cd59521d496d25b27d302f3273e3029fae2740d56042f9b23e12)","throwable":""}
{"timestamp":"2025-06-27T13:00:15,614","container":"6765e192c076","level":"INFO","thread":"EthScheduler-Workers-0","class":"TimestampBoundedByFutureParameter","message":"Invalid block header: timestamp 1751029217 is greater than the timestamp margin 1751029216","throwable":""}
{"timestamp":"2025-06-27T13:00:15,614","container":"6765e192c076","level":"WARN","thread":"EthScheduler-Workers-0","class":"BlockPropagationManager","message":"Added to bad block manager for invalid header, failed to import announced block 74 (0x20620a449a42cd59521d496d25b27d302f3273e3029fae2740d56042f9b23e12)","throwable":""}
{"timestamp":"2025-06-27T13:00:25,598","container":"6765e192c076","level":"INFO","thread":"BftProcessorExecutor-QBFT-0","class":"QbftBesuControllerBuilder","message":"Imported #75 / 0 tx / 0 pending / 0 (0.0%) gas / (0xda2f35d9c65288fba14b65a5506508a63177c227b873166ca0b36c7fe59e92c3)","throwable":""}
{"timestamp":"2025-06-27T13:00:31,358","container":"6765e192c076","level":"INFO","thread":"BftProcessorExecutor-QBFT-0","class":"TimestampBoundedByFutureParameter","message":"Invalid block header: timestamp 1751029233 is greater than the timestamp margin 1751029232","throwable":""}
{"timestamp":"2025-06-27T13:00:31,358","container":"6765e192c076","level":"INFO","thread":"BftProcessorExecutor-QBFT-0","class":"MainnetBlockValidator","message":"Invalid block 76 (0x30433daaf4e4cfb92143e86521783327d4def243fed61807742f2fe90b059d7f): Optional[header validation rule violated, see logs]","throwable":""}
{"timestamp":"2025-06-27T13:00:31,358","container":"6765e192c076","level":"INFO","thread":"BftProcessorExecutor-QBFT-0","class":"ProposalPayloadValidator","message":"Invalid Proposal Payload: block did not pass validation. Reason Optional[header validation rule violated, see logs]","throwable":""}
{"timestamp":"2025-06-27T13:00:31,358","container":"6765e192c076","level":"INFO","thread":"BftProcessorExecutor-QBFT-0","class":"ProposalValidator","message":"Invalid Proposal Payload: invalid proposal payload in proposal message","throwable":""}
{"timestamp":"2025-06-27T13:00:31,358","container":"6765e192c076","level":"INFO","thread":"BftProcessorExecutor-QBFT-0","class":"QbftBlockHeightManager","message":"Received future Proposal which is illegal, no round change triggered.","throwable":""}
{"timestamp":"2025-06-27T13:00:31,377","container":"6765e192c076","level":"INFO","thread":"EthScheduler-Workers-0","class":"TimestampBoundedByFutureParameter","message":"Invalid block header: timestamp 1751029233 is greater than the timestamp margin 1751029232","throwable":""}
{"timestamp":"2025-06-27T13:00:31,378","container":"6765e192c076","level":"WARN","thread":"EthScheduler-Workers-0","class":"BlockPropagationManager","message":"Added to bad block manager for invalid header, failed to import announced block 76 (0x30433daaf4e4cfb92143e86521783327d4def243fed61807742f2fe90b059d7f)","throwable":""}
{"timestamp":"2025-06-27T13:00:31,379","container":"6765e192c076","level":"INFO","thread":"EthScheduler-Workers-0","class":"TimestampBoundedByFutureParameter","message":"Invalid block header: timestamp 1751029233 is greater than the timestamp margin 1751029232","throwable":""}
{"timestamp":"2025-06-27T13:00:31,380","container":"6765e192c076","level":"WARN","thread":"EthScheduler-Workers-0","class":"BlockPropagationManager","message":"Added to bad block manager for invalid header, failed to import announced block 76 (0x30433daaf4e4cfb92143e86521783327d4def243fed61807742f2fe90b059d7f)","throwable":""}
{"timestamp":"2025-06-27T13:00:50,604","container":"6765e192c076","level":"INFO","thread":"BftProcessorExecutor-QBFT-0","class":"TimestampBoundedByFutureParameter","message":"Invalid block header: timestamp 1751029252 is greater than the timestamp margin 1751029251","throwable":""}
{"timestamp":"2025-06-27T13:00:50,605","container":"6765e192c076","level":"INFO","thread":"BftProcessorExecutor-QBFT-0","class":"MainnetBlockValidator","message":"Invalid block 77 (0x78ba6b7dd1fcaeeebea0a6a30e52a99a0b43b7dbf7317170fa2df32dfc957e17): Optional[header validation rule violated, see logs]","throwable":""}
{"timestamp":"2025-06-27T13:00:50,605","container":"6765e192c076","level":"INFO","thread":"BftProcessorExecutor-QBFT-0","class":"ProposalPayloadValidator","message":"Invalid Proposal Payload: block did not pass validation. Reason Optional[header validation rule violated, see logs]","throwable":""}
{"timestamp":"2025-06-27T13:00:50,605","container":"6765e192c076","level":"INFO","thread":"BftProcessorExecutor-QBFT-0","class":"ProposalValidator","message":"Invalid Proposal Payload: invalid proposal payload in proposal message","throwable":""}
{"timestamp":"2025-06-27T13:00:50,629","container":"6765e192c076","level":"INFO","thread":"EthScheduler-Workers-0","class":"TimestampBoundedByFutureParameter","message":"Invalid block header: timestamp 1751029252 is greater than the timestamp margin 1751029251","throwable":""}
{"timestamp":"2025-06-27T13:00:50,630","container":"6765e192c076","level":"WARN","thread":"EthScheduler-Workers-0","class":"BlockPropagationManager","message":"Added to bad block manager for invalid header, failed to import announced block 77 (0x78ba6b7dd1fcaeeebea0a6a30e52a99a0b43b7dbf7317170fa2df32dfc957e17)","throwable":""}
{"timestamp":"2025-06-27T13:00:50,641","container":"6765e192c076","level":"INFO","thread":"EthScheduler-Workers-0","class":"TimestampBoundedByFutureParameter","message":"Invalid block header: timestamp 1751029252 is greater than the timestamp margin 1751029251","throwable":""}
{"timestamp":"2025-06-27T13:00:50,644","container":"6765e192c076","level":"WARN","thread":"EthScheduler-Workers-0","class":"BlockPropagationManager","message":"Added to bad block manager for invalid header, failed to import announced block 77 (0x78ba6b7dd1fcaeeebea0a6a30e52a99a0b43b7dbf7317170fa2df32dfc957e17)","throwable":""}
{"timestamp":"2025-06-27T13:00:50,645","container":"6765e192c076","level":"INFO","thread":"EthScheduler-Workers-0","class":"TimestampBoundedByFutureParameter","message":"Invalid block header: timestamp 1751029252 is greater than the timestamp margin 1751029251","throwable":""}
{"timestamp":"2025-06-27T13:00:50,646","container":"6765e192c076","level":"WARN","thread":"EthScheduler-Workers-0","class":"BlockPropagationManager","message":"Added to bad block manager for invalid header, failed to import announced block 77 (0x78ba6b7dd1fcaeeebea0a6a30e52a99a0b43b7dbf7317170fa2df32dfc957e17)","throwable":""}
{"timestamp":"2025-06-27T13:01:00,642","container":"6765e192c076","level":"INFO","thread":"BftProcessorExecutor-QBFT-0","class":"QbftBesuControllerBuilder","message":"Imported #78 / 0 tx / 0 pending / 0 (0.0%) gas / (0x5d96132d6a205559d22507ee4e3d633687412005c663757fe0282fd5885ca1b0)","throwable":""}
{"timestamp":"2025-06-27T13:01:06,375","container":"6765e192c076","level":"INFO","thread":"BftProcessorExecutor-QBFT-0","class":"TimestampBoundedByFutureParameter","message":"Invalid block header: timestamp 1751029268 is greater than the timestamp margin 1751029267","throwable":""}
{"timestamp":"2025-06-27T13:01:06,375","container":"6765e192c076","level":"INFO","thread":"BftProcessorExecutor-QBFT-0","class":"MainnetBlockValidator","message":"Invalid block 79 (0xa00821c42d82221f40707efc6a0dca90e41ba8110f76548e769ffb5a6dad9aff): Optional[header validation rule violated, see logs]","throwable":""}
{"timestamp":"2025-06-27T13:01:06,376","container":"6765e192c076","level":"INFO","thread":"BftProcessorExecutor-QBFT-0","class":"ProposalPayloadValidator","message":"Invalid Proposal Payload: block did not pass validation. Reason Optional[header validation rule violated, see logs]","throwable":""}
{"timestamp":"2025-06-27T13:01:06,376","container":"6765e192c076","level":"INFO","thread":"BftProcessorExecutor-QBFT-0","class":"ProposalValidator","message":"Invalid Proposal Payload: invalid proposal payload in proposal message","throwable":""}
{"timestamp":"2025-06-27T13:01:06,376","container":"6765e192c076","level":"INFO","thread":"BftProcessorExecutor-QBFT-0","class":"QbftBlockHeightManager","message":"Received future Proposal which is illegal, no round change triggered.","throwable":""}
{"timestamp":"2025-06-27T13:01:06,395","container":"6765e192c076","level":"INFO","thread":"EthScheduler-Workers-0","class":"TimestampBoundedByFutureParameter","message":"Invalid block header: timestamp 1751029268 is greater than the timestamp margin 1751029267","throwable":""}
{"timestamp":"2025-06-27T13:01:06,395","container":"6765e192c076","level":"WARN","thread":"EthScheduler-Workers-0","class":"BlockPropagationManager","message":"Added to bad block manager for invalid header, failed to import announced block 79 (0xa00821c42d82221f40707efc6a0dca90e41ba8110f76548e769ffb5a6dad9aff)","throwable":""}
{"timestamp":"2025-06-27T13:01:06,406","container":"6765e192c076","level":"INFO","thread":"EthScheduler-Workers-0","class":"TimestampBoundedByFutureParameter","message":"Invalid block header: timestamp 1751029268 is greater than the timestamp margin 1751029267","throwable":""}
{"timestamp":"2025-06-27T13:01:06,406","container":"6765e192c076","level":"WARN","thread":"EthScheduler-Workers-0","class":"BlockPropagationManager","message":"Added to bad block manager for invalid header, failed to import announced block 79 (0xa00821c42d82221f40707efc6a0dca90e41ba8110f76548e769ffb5a6dad9aff)","throwable":""}
{"timestamp":"2025-06-27T13:01:25,661","container":"6765e192c076","level":"INFO","thread":"BftProcessorExecutor-QBFT-0","class":"TimestampBoundedByFutureParameter","message":"Invalid block header: timestamp 1751029287 is greater than the timestamp margin 1751029286","throwable":""}
{"timestamp":"2025-06-27T13:01:25,661","container":"6765e192c076","level":"INFO","thread":"BftProcessorExecutor-QBFT-0","class":"MainnetBlockValidator","message":"Invalid block 80 (0xbe3258efa2dc29cc2928e11b64d9fa6281ed1d8364446a8e2859d111546ab14e): Optional[header validation rule violated, see logs]","throwable":""}
{"timestamp":"2025-06-27T13:01:25,662","container":"6765e192c076","level":"INFO","thread":"BftProcessorExecutor-QBFT-0","class":"ProposalPayloadValidator","message":"Invalid Proposal Payload: block did not pass validation. Reason Optional[header validation rule violated, see logs]","throwable":""}
{"timestamp":"2025-06-27T13:01:25,662","container":"6765e192c076","level":"INFO","thread":"BftProcessorExecutor-QBFT-0","class":"ProposalValidator","message":"Invalid Proposal Payload: invalid proposal payload in proposal message","throwable":""}
{"timestamp":"2025-06-27T13:01:25,684","container":"6765e192c076","level":"INFO","thread":"EthScheduler-Workers-0","class":"TimestampBoundedByFutureParameter","message":"Invalid block header: timestamp 1751029287 is greater than the timestamp margin 1751029286","throwable":""}
{"timestamp":"2025-06-27T13:01:25,684","container":"6765e192c076","level":"WARN","thread":"EthScheduler-Workers-0","class":"BlockPropagationManager","message":"Added to bad block manager for invalid header, failed to import announced block 80 (0xbe3258efa2dc29cc2928e11b64d9fa6281ed1d8364446a8e2859d111546ab14e)","throwable":""}
{"timestamp":"2025-06-27T13:01:35,702","container":"6765e192c076","level":"INFO","thread":"BftProcessorExecutor-QBFT-0","class":"QbftBesuControllerBuilder","message":"Imported #81 / 0 tx / 0 pending / 0 (0.0%) gas / (0x37170ed8e1bd4053fb08afa1dfe47a3060a4d50b907e2662929240eb188f9ee1)","throwable":""}
{"timestamp":"2025-06-27T13:01:41,393","container":"6765e192c076","level":"INFO","thread":"BftProcessorExecutor-QBFT-0","class":"TimestampBoundedByFutureParameter","message":"Invalid block header: timestamp 1751029303 is greater than the timestamp margin 1751029302","throwable":""}
{"timestamp":"2025-06-27T13:01:41,394","container":"6765e192c076","level":"INFO","thread":"BftProcessorExecutor-QBFT-0","class":"MainnetBlockValidator","message":"Invalid block 82 (0x0c038d1083702fbe7d17397fb41b7e0c489a5376028fa02f4fed841544697013): Optional[header validation rule violated, see logs]","throwable":""}
{"timestamp":"2025-06-27T13:01:41,394","container":"6765e192c076","level":"INFO","thread":"BftProcessorExecutor-QBFT-0","class":"ProposalPayloadValidator","message":"Invalid Proposal Payload: block did not pass validation. Reason Optional[header validation rule violated, see logs]","throwable":""}
{"timestamp":"2025-06-27T13:01:41,394","container":"6765e192c076","level":"INFO","thread":"BftProcessorExecutor-QBFT-0","class":"ProposalValidator","message":"Invalid Proposal Payload: invalid proposal payload in proposal message","throwable":""}
{"timestamp":"2025-06-27T13:01:41,394","container":"6765e192c076","level":"INFO","thread":"BftProcessorExecutor-QBFT-0","class":"QbftBlockHeightManager","message":"Received future Proposal which is illegal, no round change triggered.","throwable":""}
{"timestamp":"2025-06-27T13:01:41,408","container":"6765e192c076","level":"INFO","thread":"EthScheduler-Workers-0","class":"TimestampBoundedByFutureParameter","message":"Invalid block header: timestamp 1751029303 is greater than the timestamp margin 1751029302","throwable":""}
{"timestamp":"2025-06-27T13:01:41,409","container":"6765e192c076","level":"WARN","thread":"EthScheduler-Workers-0","class":"BlockPropagationManager","message":"Added to bad block manager for invalid header, failed to import announced block 82 (0x0c038d1083702fbe7d17397fb41b7e0c489a5376028fa02f4fed841544697013)","throwable":""}
{"timestamp":"2025-06-27T13:02:00,718","container":"6765e192c076","level":"INFO","thread":"BftProcessorExecutor-QBFT-0","class":"TimestampBoundedByFutureParameter","message":"Invalid block header: timestamp 1751029322 is greater than the timestamp margin 1751029321","throwable":""}
{"timestamp":"2025-06-27T13:02:00,719","container":"6765e192c076","level":"INFO","thread":"BftProcessorExecutor-QBFT-0","class":"MainnetBlockValidator","message":"Invalid block 83 (0x4c83916db5b61258f6b8aceeb838be9dad2f8795d8e71dcc46f2f14eab340f7f): Optional[header validation rule violated, see logs]","throwable":""}
{"timestamp":"2025-06-27T13:02:00,719","container":"6765e192c076","level":"INFO","thread":"BftProcessorExecutor-QBFT-0","class":"ProposalPayloadValidator","message":"Invalid Proposal Payload: block did not pass validation. Reason Optional[header validation rule violated, see logs]","throwable":""}
{"timestamp":"2025-06-27T13:02:00,719","container":"6765e192c076","level":"INFO","thread":"BftProcessorExecutor-QBFT-0","class":"ProposalValidator","message":"Invalid Proposal Payload: invalid proposal payload in proposal message","throwable":""}
{"timestamp":"2025-06-27T13:02:00,743","container":"6765e192c076","level":"INFO","thread":"EthScheduler-Workers-0","class":"TimestampBoundedByFutureParameter","message":"Invalid block header: timestamp 1751029322 is greater than the timestamp margin 1751029321","throwable":""}
{"timestamp":"2025-06-27T13:02:00,743","container":"6765e192c076","level":"WARN","thread":"EthScheduler-Workers-0","class":"BlockPropagationManager","message":"Added to bad block manager for invalid header, failed to import announced block 83 (0x4c83916db5b61258f6b8aceeb838be9dad2f8795d8e71dcc46f2f14eab340f7f)","throwable":""}
{"timestamp":"2025-06-27T13:02:00,745","container":"6765e192c076","level":"INFO","thread":"EthScheduler-Workers-0","class":"TimestampBoundedByFutureParameter","message":"Invalid block header: timestamp 1751029322 is greater than the timestamp margin 1751029321","throwable":""}
{"timestamp":"2025-06-27T13:02:00,745","container":"6765e192c076","level":"WARN","thread":"EthScheduler-Workers-0","class":"BlockPropagationManager","message":"Added to bad block manager for invalid header, failed to import announced block 83 (0x4c83916db5b61258f6b8aceeb838be9dad2f8795d8e71dcc46f2f14eab340f7f)","throwable":""}
{"timestamp":"2025-06-27T13:02:00,747","container":"6765e192c076","level":"INFO","thread":"EthScheduler-Workers-0","class":"TimestampBoundedByFutureParameter","message":"Invalid block header: timestamp 1751029322 is greater than the timestamp margin 1751029321","throwable":""}
{"timestamp":"2025-06-27T13:02:00,747","container":"6765e192c076","level":"WARN","thread":"EthScheduler-Workers-0","class":"BlockPropagationManager","message":"Added to bad block manager for invalid header, failed to import announced block 83 (0x4c83916db5b61258f6b8aceeb838be9dad2f8795d8e71dcc46f2f14eab340f7f)","throwable":""}
{"timestamp":"2025-06-27T13:02:10,771","container":"6765e192c076","level":"INFO","thread":"BftProcessorExecutor-QBFT-0","class":"QbftBesuControllerBuilder","message":"Imported #84 / 0 tx / 0 pending / 0 (0.0%) gas / (0xb36921b79b694256cf72411f11c456c27645ee077673b35142857e813b1ce7ef)","throwable":""}
{"timestamp":"2025-06-27T13:02:16,419","container":"6765e192c076","level":"INFO","thread":"BftProcessorExecutor-QBFT-0","class":"TimestampBoundedByFutureParameter","message":"Invalid block header: timestamp 1751029338 is greater than the timestamp margin 1751029337","throwable":""}
{"timestamp":"2025-06-27T13:02:16,419","container":"6765e192c076","level":"INFO","thread":"BftProcessorExecutor-QBFT-0","class":"MainnetBlockValidator","message":"Invalid block 85 (0x7e20e59d83f21e00f73cfd02f3367a887545bbfda0cd7bfa59863d79ea711eed): Optional[header validation rule violated, see logs]","throwable":""}
{"timestamp":"2025-06-27T13:02:16,419","container":"6765e192c076","level":"INFO","thread":"BftProcessorExecutor-QBFT-0","class":"ProposalPayloadValidator","message":"Invalid Proposal Payload: block did not pass validation. Reason Optional[header validation rule violated, see logs]","throwable":""}
{"timestamp":"2025-06-27T13:02:16,420","container":"6765e192c076","level":"INFO","thread":"BftProcessorExecutor-QBFT-0","class":"ProposalValidator","message":"Invalid Proposal Payload: invalid proposal payload in proposal message","throwable":""}
{"timestamp":"2025-06-27T13:02:16,420","container":"6765e192c076","level":"INFO","thread":"BftProcessorExecutor-QBFT-0","class":"QbftBlockHeightManager","message":"Received future Proposal which is illegal, no round change triggered.","throwable":""}
{"timestamp":"2025-06-27T13:02:16,446","container":"6765e192c076","level":"INFO","thread":"EthScheduler-Workers-0","class":"TimestampBoundedByFutureParameter","message":"Invalid block header: timestamp 1751029338 is greater than the timestamp margin 1751029337","throwable":""}
{"timestamp":"2025-06-27T13:02:16,447","container":"6765e192c076","level":"WARN","thread":"EthScheduler-Workers-0","class":"BlockPropagationManager","message":"Added to bad block manager for invalid header, failed to import announced block 85 (0x7e20e59d83f21e00f73cfd02f3367a887545bbfda0cd7bfa59863d79ea711eed)","throwable":""}
{"timestamp":"2025-06-27T13:02:16,449","container":"6765e192c076","level":"INFO","thread":"EthScheduler-Workers-0","class":"TimestampBoundedByFutureParameter","message":"Invalid block header: timestamp 1751029338 is greater than the timestamp margin 1751029337","throwable":""}
{"timestamp":"2025-06-27T13:02:16,450","container":"6765e192c076","level":"WARN","thread":"EthScheduler-Workers-0","class":"BlockPropagationManager","message":"Added to bad block manager for invalid header, failed to import announced block 85 (0x7e20e59d83f21e00f73cfd02f3367a887545bbfda0cd7bfa59863d79ea711eed)","throwable":""}
{"timestamp":"2025-06-27T13:02:35,793","container":"6765e192c076","level":"INFO","thread":"BftProcessorExecutor-QBFT-0","class":"TimestampBoundedByFutureParameter","message":"Invalid block header: timestamp 1751029357 is greater than the timestamp margin 1751029356","throwable":""}
{"timestamp":"2025-06-27T13:02:35,793","container":"6765e192c076","level":"INFO","thread":"BftProcessorExecutor-QBFT-0","class":"MainnetBlockValidator","message":"Invalid block 86 (0x7843731ca6b6402513edce6e519283c148a40c0eebc8f360f11a10d92c3c7263): Optional[header validation rule violated, see logs]","throwable":""}
{"timestamp":"2025-06-27T13:02:35,793","container":"6765e192c076","level":"INFO","thread":"BftProcessorExecutor-QBFT-0","class":"ProposalPayloadValidator","message":"Invalid Proposal Payload: block did not pass validation. Reason Optional[header validation rule violated, see logs]","throwable":""}
{"timestamp":"2025-06-27T13:02:35,793","container":"6765e192c076","level":"INFO","thread":"BftProcessorExecutor-QBFT-0","class":"ProposalValidator","message":"Invalid Proposal Payload: invalid proposal payload in proposal message","throwable":""}
{"timestamp":"2025-06-27T13:02:35,827","container":"6765e192c076","level":"INFO","thread":"EthScheduler-Workers-0","class":"TimestampBoundedByFutureParameter","message":"Invalid block header: timestamp 1751029357 is greater than the timestamp margin 1751029356","throwable":""}
{"timestamp":"2025-06-27T13:02:35,828","container":"6765e192c076","level":"WARN","thread":"EthScheduler-Workers-0","class":"BlockPropagationManager","message":"Added to bad block manager for invalid header, failed to import announced block 86 (0x7843731ca6b6402513edce6e519283c148a40c0eebc8f360f11a10d92c3c7263)","throwable":""}
{"timestamp":"2025-06-27T13:02:45,820","container":"6765e192c076","level":"INFO","thread":"BftProcessorExecutor-QBFT-0","class":"QbftBesuControllerBuilder","message":"Imported #87 / 0 tx / 0 pending / 0 (0.0%) gas / (0x22a1ebd858919d5df182f71f9b0807d0cf3328bfbab9c378fd7e98ed40e87843)","throwable":""}
{"timestamp":"2025-06-27T13:02:51,428","container":"6765e192c076","level":"INFO","thread":"BftProcessorExecutor-QBFT-0","class":"TimestampBoundedByFutureParameter","message":"Invalid block header: timestamp 1751029373 is greater than the timestamp margin 1751029372","throwable":""}
{"timestamp":"2025-06-27T13:02:51,428","container":"6765e192c076","level":"INFO","thread":"BftProcessorExecutor-QBFT-0","class":"MainnetBlockValidator","message":"Invalid block 88 (0x16d5c11e538337777ac6af1e5611a498385eda3841ffd76dfe2e42c5a93cb833): Optional[header validation rule violated, see logs]","throwable":""}
{"timestamp":"2025-06-27T13:02:51,429","container":"6765e192c076","level":"INFO","thread":"BftProcessorExecutor-QBFT-0","class":"ProposalPayloadValidator","message":"Invalid Proposal Payload: block did not pass validation. Reason Optional[header validation rule violated, see logs]","throwable":""}
{"timestamp":"2025-06-27T13:02:51,429","container":"6765e192c076","level":"INFO","thread":"BftProcessorExecutor-QBFT-0","class":"ProposalValidator","message":"Invalid Proposal Payload: invalid proposal payload in proposal message","throwable":""}
{"timestamp":"2025-06-27T13:02:51,429","container":"6765e192c076","level":"INFO","thread":"BftProcessorExecutor-QBFT-0","class":"QbftBlockHeightManager","message":"Received future Proposal which is illegal, no round change triggered.","throwable":""}
{"timestamp":"2025-06-27T13:02:51,443","container":"6765e192c076","level":"INFO","thread":"EthScheduler-Workers-0","class":"TimestampBoundedByFutureParameter","message":"Invalid block header: timestamp 1751029373 is greater than the timestamp margin 1751029372","throwable":""}
{"timestamp":"2025-06-27T13:02:51,443","container":"6765e192c076","level":"WARN","thread":"EthScheduler-Workers-0","class":"BlockPropagationManager","message":"Added to bad block manager for invalid header, failed to import announced block 88 (0x16d5c11e538337777ac6af1e5611a498385eda3841ffd76dfe2e42c5a93cb833)","throwable":""}
{"timestamp":"2025-06-27T13:02:51,444","container":"6765e192c076","level":"INFO","thread":"EthScheduler-Workers-0","class":"TimestampBoundedByFutureParameter","message":"Invalid block header: timestamp 1751029373 is greater than the timestamp margin 1751029372","throwable":""}
{"timestamp":"2025-06-27T13:02:51,445","container":"6765e192c076","level":"WARN","thread":"EthScheduler-Workers-0","class":"BlockPropagationManager","message":"Added to bad block manager for invalid header, failed to import announced block 88 (0x16d5c11e538337777ac6af1e5611a498385eda3841ffd76dfe2e42c5a93cb833)","throwable":""}
{"timestamp":"2025-06-27T13:02:51,450","container":"6765e192c076","level":"INFO","thread":"EthScheduler-Workers-0","class":"TimestampBoundedByFutureParameter","message":"Invalid block header: timestamp 1751029373 is greater than the timestamp margin 1751029372","throwable":""}
{"timestamp":"2025-06-27T13:02:51,451","container":"6765e192c076","level":"WARN","thread":"EthScheduler-Workers-0","class":"BlockPropagationManager","message":"Added to bad block manager for invalid header, failed to import announced block 88 (0x16d5c11e538337777ac6af1e5611a498385eda3841ffd76dfe2e42c5a93cb833)","throwable":""}
{"timestamp":"2025-06-27T13:03:10,839","container":"6765e192c076","level":"INFO","thread":"BftProcessorExecutor-QBFT-0","class":"TimestampBoundedByFutureParameter","message":"Invalid block header: timestamp 1751029392 is greater than the timestamp margin 1751029391","throwable":""}
{"timestamp":"2025-06-27T13:03:10,840","container":"6765e192c076","level":"INFO","thread":"BftProcessorExecutor-QBFT-0","class":"MainnetBlockValidator","message":"Invalid block 89 (0xd997e22b9953d1979681c9cb10dd1a2b33684b237f559afca92fa3f588e4e366): Optional[header validation rule violated, see logs]","throwable":""}
{"timestamp":"2025-06-27T13:03:10,840","container":"6765e192c076","level":"INFO","thread":"BftProcessorExecutor-QBFT-0","class":"ProposalPayloadValidator","message":"Invalid Proposal Payload: block did not pass validation. Reason Optional[header validation rule violated, see logs]","throwable":""}
{"timestamp":"2025-06-27T13:03:10,841","container":"6765e192c076","level":"INFO","thread":"BftProcessorExecutor-QBFT-0","class":"ProposalValidator","message":"Invalid Proposal Payload: invalid proposal payload in proposal message","throwable":""}
{"timestamp":"2025-06-27T13:03:10,862","container":"6765e192c076","level":"INFO","thread":"EthScheduler-Workers-0","class":"TimestampBoundedByFutureParameter","message":"Invalid block header: timestamp 1751029392 is greater than the timestamp margin 1751029391","throwable":""}
{"timestamp":"2025-06-27T13:03:10,863","container":"6765e192c076","level":"WARN","thread":"EthScheduler-Workers-0","class":"BlockPropagationManager","message":"Added to bad block manager for invalid header, failed to import announced block 89 (0xd997e22b9953d1979681c9cb10dd1a2b33684b237f559afca92fa3f588e4e366)","throwable":""}
{"timestamp":"2025-06-27T13:03:10,865","container":"6765e192c076","level":"INFO","thread":"EthScheduler-Workers-0","class":"TimestampBoundedByFutureParameter","message":"Invalid block header: timestamp 1751029392 is greater than the timestamp margin 1751029391","throwable":""}
{"timestamp":"2025-06-27T13:03:10,866","container":"6765e192c076","level":"WARN","thread":"EthScheduler-Workers-0","class":"BlockPropagationManager","message":"Added to bad block manager for invalid header, failed to import announced block 89 (0xd997e22b9953d1979681c9cb10dd1a2b33684b237f559afca92fa3f588e4e366)","throwable":""}
{"timestamp":"2025-06-27T13:03:20,869","container":"6765e192c076","level":"INFO","thread":"BftProcessorExecutor-QBFT-0","class":"QbftBesuControllerBuilder","message":"Imported #90 / 0 tx / 0 pending / 0 (0.0%) gas / (0x3d6e9fb8985d75ed3df94a1b0b52ee969f8d497aaaf0e10da6ee199fa390b9bc)","throwable":""}
{"timestamp":"2025-06-27T13:03:26,446","container":"6765e192c076","level":"INFO","thread":"BftProcessorExecutor-QBFT-0","class":"TimestampBoundedByFutureParameter","message":"Invalid block header: timestamp 1751029408 is greater than the timestamp margin 1751029407","throwable":""}
{"timestamp":"2025-06-27T13:03:26,446","container":"6765e192c076","level":"INFO","thread":"BftProcessorExecutor-QBFT-0","class":"MainnetBlockValidator","message":"Invalid block 91 (0x7151b607f81e84744bb594da4bbb901c820c6f496c18334809faa2b8c4058f97): Optional[header validation rule violated, see logs]","throwable":""}
{"timestamp":"2025-06-27T13:03:26,446","container":"6765e192c076","level":"INFO","thread":"BftProcessorExecutor-QBFT-0","class":"ProposalPayloadValidator","message":"Invalid Proposal Payload: block did not pass validation. Reason Optional[header validation rule violated, see logs]","throwable":""}
{"timestamp":"2025-06-27T13:03:26,446","container":"6765e192c076","level":"INFO","thread":"BftProcessorExecutor-QBFT-0","class":"ProposalValidator","message":"Invalid Proposal Payload: invalid proposal payload in proposal message","throwable":""}
{"timestamp":"2025-06-27T13:03:26,446","container":"6765e192c076","level":"INFO","thread":"BftProcessorExecutor-QBFT-0","class":"QbftBlockHeightManager","message":"Received future Proposal which is illegal, no round change triggered.","throwable":""}
{"timestamp":"2025-06-27T13:03:26,462","container":"6765e192c076","level":"INFO","thread":"EthScheduler-Workers-0","class":"TimestampBoundedByFutureParameter","message":"Invalid block header: timestamp 1751029408 is greater than the timestamp margin 1751029407","throwable":""}
{"timestamp":"2025-06-27T13:03:26,463","container":"6765e192c076","level":"WARN","thread":"EthScheduler-Workers-0","class":"BlockPropagationManager","message":"Added to bad block manager for invalid header, failed to import announced block 91 (0x7151b607f81e84744bb594da4bbb901c820c6f496c18334809faa2b8c4058f97)","throwable":""}
{"timestamp":"2025-06-27T13:03:26,468","container":"6765e192c076","level":"INFO","thread":"EthScheduler-Workers-0","class":"TimestampBoundedByFutureParameter","message":"Invalid block header: timestamp 1751029408 is greater than the timestamp margin 1751029407","throwable":""}
{"timestamp":"2025-06-27T13:03:26,468","container":"6765e192c076","level":"WARN","thread":"EthScheduler-Workers-0","class":"BlockPropagationManager","message":"Added to bad block manager for invalid header, failed to import announced block 91 (0x7151b607f81e84744bb594da4bbb901c820c6f496c18334809faa2b8c4058f97)","throwable":""}
{"timestamp":"2025-06-27T13:03:26,469","container":"6765e192c076","level":"INFO","thread":"EthScheduler-Workers-0","class":"TimestampBoundedByFutureParameter","message":"Invalid block header: timestamp 1751029408 is greater than the timestamp margin 1751029407","throwable":""}
{"timestamp":"2025-06-27T13:03:26,469","container":"6765e192c076","level":"WARN","thread":"EthScheduler-Workers-0","class":"BlockPropagationManager","message":"Added to bad block manager for invalid header, failed to import announced block 91 (0x7151b607f81e84744bb594da4bbb901c820c6f496c18334809faa2b8c4058f97)","throwable":""}
{"timestamp":"2025-06-27T13:03:45,892","container":"6765e192c076","level":"INFO","thread":"BftProcessorExecutor-QBFT-0","class":"TimestampBoundedByFutureParameter","message":"Invalid block header: timestamp 1751029427 is greater than the timestamp margin 1751029426","throwable":""}
{"timestamp":"2025-06-27T13:03:45,892","container":"6765e192c076","level":"INFO","thread":"BftProcessorExecutor-QBFT-0","class":"MainnetBlockValidator","message":"Invalid block 92 (0x98d7541272cba8d9c0458bd27366e494830c244b9d64572f3c0b1c25ca44d3a7): Optional[header validation rule violated, see logs]","throwable":""}
{"timestamp":"2025-06-27T13:03:45,893","container":"6765e192c076","level":"INFO","thread":"BftProcessorExecutor-QBFT-0","class":"ProposalPayloadValidator","message":"Invalid Proposal Payload: block did not pass validation. Reason Optional[header validation rule violated, see logs]","throwable":""}
{"timestamp":"2025-06-27T13:03:45,893","container":"6765e192c076","level":"INFO","thread":"BftProcessorExecutor-QBFT-0","class":"ProposalValidator","message":"Invalid Proposal Payload: invalid proposal payload in proposal message","throwable":""}
{"timestamp":"2025-06-27T13:03:45,932","container":"6765e192c076","level":"INFO","thread":"EthScheduler-Workers-0","class":"TimestampBoundedByFutureParameter","message":"Invalid block header: timestamp 1751029427 is greater than the timestamp margin 1751029426","throwable":""}
{"timestamp":"2025-06-27T13:03:45,933","container":"6765e192c076","level":"WARN","thread":"EthScheduler-Workers-0","class":"BlockPropagationManager","message":"Added to bad block manager for invalid header, failed to import announced block 92 (0x98d7541272cba8d9c0458bd27366e494830c244b9d64572f3c0b1c25ca44d3a7)","throwable":""}
{"timestamp":"2025-06-27T13:03:45,954","container":"6765e192c076","level":"INFO","thread":"EthScheduler-Workers-0","class":"TimestampBoundedByFutureParameter","message":"Invalid block header: timestamp 1751029427 is greater than the timestamp margin 1751029426","throwable":""}
{"timestamp":"2025-06-27T13:03:45,954","container":"6765e192c076","level":"WARN","thread":"EthScheduler-Workers-0","class":"BlockPropagationManager","message":"Added to bad block manager for invalid header, failed to import announced block 92 (0x98d7541272cba8d9c0458bd27366e494830c244b9d64572f3c0b1c25ca44d3a7)","throwable":""}
{"timestamp":"2025-06-27T13:03:45,960","container":"6765e192c076","level":"INFO","thread":"EthScheduler-Workers-0","class":"TimestampBoundedByFutureParameter","message":"Invalid block header: timestamp 1751029427 is greater than the timestamp margin 1751029426","throwable":""}
{"timestamp":"2025-06-27T13:03:45,961","container":"6765e192c076","level":"WARN","thread":"EthScheduler-Workers-0","class":"BlockPropagationManager","message":"Added to bad block manager for invalid header, failed to import announced block 92 (0x98d7541272cba8d9c0458bd27366e494830c244b9d64572f3c0b1c25ca44d3a7)","throwable":""}
{"timestamp":"2025-06-27T13:03:55,935","container":"6765e192c076","level":"INFO","thread":"BftProcessorExecutor-QBFT-0","class":"QbftBesuControllerBuilder","message":"Imported #93 / 0 tx / 0 pending / 0 (0.0%) gas / (0xe041bb780b181339749b94078d92241d82ef68cd4b5a3c2a38f64327224f3d8b)","throwable":""}
{"timestamp":"2025-06-27T13:04:01,464","container":"6765e192c076","level":"INFO","thread":"BftProcessorExecutor-QBFT-0","class":"TimestampBoundedByFutureParameter","message":"Invalid block header: timestamp 1751029443 is greater than the timestamp margin 1751029442","throwable":""}
{"timestamp":"2025-06-27T13:04:01,465","container":"6765e192c076","level":"INFO","thread":"BftProcessorExecutor-QBFT-0","class":"MainnetBlockValidator","message":"Invalid block 94 (0x17d98dfaaf136d246b63417adea8c897ee006955347c6e94edf1f92605b89b30): Optional[header validation rule violated, see logs]","throwable":""}
{"timestamp":"2025-06-27T13:04:01,465","container":"6765e192c076","level":"INFO","thread":"BftProcessorExecutor-QBFT-0","class":"ProposalPayloadValidator","message":"Invalid Proposal Payload: block did not pass validation. Reason Optional[header validation rule violated, see logs]","throwable":""}
{"timestamp":"2025-06-27T13:04:01,465","container":"6765e192c076","level":"INFO","thread":"BftProcessorExecutor-QBFT-0","class":"ProposalValidator","message":"Invalid Proposal Payload: invalid proposal payload in proposal message","throwable":""}
{"timestamp":"2025-06-27T13:04:01,466","container":"6765e192c076","level":"INFO","thread":"BftProcessorExecutor-QBFT-0","class":"QbftBlockHeightManager","message":"Received future Proposal which is illegal, no round change triggered.","throwable":""}
{"timestamp":"2025-06-27T13:04:01,490","container":"6765e192c076","level":"INFO","thread":"EthScheduler-Workers-0","class":"TimestampBoundedByFutureParameter","message":"Invalid block header: timestamp 1751029443 is greater than the timestamp margin 1751029442","throwable":""}
{"timestamp":"2025-06-27T13:04:01,491","container":"6765e192c076","level":"WARN","thread":"EthScheduler-Workers-0","class":"BlockPropagationManager","message":"Added to bad block manager for invalid header, failed to import announced block 94 (0x17d98dfaaf136d246b63417adea8c897ee006955347c6e94edf1f92605b89b30)","throwable":""}
{"timestamp":"2025-06-27T13:04:01,491","container":"6765e192c076","level":"INFO","thread":"EthScheduler-Workers-0","class":"TimestampBoundedByFutureParameter","message":"Invalid block header: timestamp 1751029443 is greater than the timestamp margin 1751029442","throwable":""}
{"timestamp":"2025-06-27T13:04:01,492","container":"6765e192c076","level":"WARN","thread":"EthScheduler-Workers-0","class":"BlockPropagationManager","message":"Added to bad block manager for invalid header, failed to import announced block 94 (0x17d98dfaaf136d246b63417adea8c897ee006955347c6e94edf1f92605b89b30)","throwable":""}
{"timestamp":"2025-06-27T13:04:21,081","container":"6765e192c076","level":"INFO","thread":"EthScheduler-Workers-0","class":"PersistBlockTask","message":"Imported #95 / 0 tx / 0 om / 0 (0.0%) gas / (0xc8d58ad119e8f1a853b615583a816e2727e3cd7465b6685620cc220308e4807a) in 0.002s. Peers: 3","throwable":""}
{"timestamp":"2025-06-27T13:04:21,083","container":"6765e192c076","level":"INFO","thread":"BftProcessorExecutor-QBFT-0","class":"QbftRound","message":"Importing proposed block to chain. round=ConsensusRoundIdentifier{Sequence=95, Round=1}, hash=0xc8d58ad119e8f1a853b615583a816e2727e3cd7465b6685620cc220308e4807a","throwable":""}
{"timestamp":"2025-06-27T13:04:21,084","container":"6765e192c076","level":"INFO","thread":"BftProcessorExecutor-QBFT-0","class":"QbftBesuControllerBuilder","message":"Imported #95 / 0 tx / 0 pending / 0 (0.0%) gas / (0xc8d58ad119e8f1a853b615583a816e2727e3cd7465b6685620cc220308e4807a)","throwable":""}
{"timestamp":"2025-06-27T13:04:28,477","container":"6765e192c076","level":"INFO","thread":"BftProcessorExecutor-QBFT-0","class":"TimestampBoundedByFutureParameter","message":"Invalid block header: timestamp 1751029470 is greater than the timestamp margin 1751029469","throwable":""}
{"timestamp":"2025-06-27T13:04:28,478","container":"6765e192c076","level":"INFO","thread":"BftProcessorExecutor-QBFT-0","class":"MainnetBlockValidator","message":"Invalid block 96 (0xa6bed5d5f94d30cd43e8d8a28c73e215ec550fa642f5ee916e938e27d2760864): Optional[header validation rule violated, see logs]","throwable":""}
{"timestamp":"2025-06-27T13:04:28,478","container":"6765e192c076","level":"INFO","thread":"BftProcessorExecutor-QBFT-0","class":"ProposalPayloadValidator","message":"Invalid Proposal Payload: block did not pass validation. Reason Optional[header validation rule violated, see logs]","throwable":""}
{"timestamp":"2025-06-27T13:04:28,478","container":"6765e192c076","level":"INFO","thread":"BftProcessorExecutor-QBFT-0","class":"ProposalValidator","message":"Invalid Proposal Payload: invalid proposal payload in proposal message","throwable":""}
{"timestamp":"2025-06-27T13:04:28,478","container":"6765e192c076","level":"INFO","thread":"BftProcessorExecutor-QBFT-0","class":"QbftBlockHeightManager","message":"Received future Proposal which is illegal, no round change triggered.","throwable":""}
{"timestamp":"2025-06-27T13:04:28,489","container":"6765e192c076","level":"INFO","thread":"EthScheduler-Workers-0","class":"TimestampBoundedByFutureParameter","message":"Invalid block header: timestamp 1751029470 is greater than the timestamp margin 1751029469","throwable":""}
{"timestamp":"2025-06-27T13:04:28,490","container":"6765e192c076","level":"WARN","thread":"EthScheduler-Workers-0","class":"BlockPropagationManager","message":"Added to bad block manager for invalid header, failed to import announced block 96 (0xa6bed5d5f94d30cd43e8d8a28c73e215ec550fa642f5ee916e938e27d2760864)","throwable":""}
{"timestamp":"2025-06-27T13:04:28,490","container":"6765e192c076","level":"INFO","thread":"EthScheduler-Workers-0","class":"TimestampBoundedByFutureParameter","message":"Invalid block header: timestamp 1751029470 is greater than the timestamp margin 1751029469","throwable":""}
{"timestamp":"2025-06-27T13:04:28,491","container":"6765e192c076","level":"WARN","thread":"EthScheduler-Workers-0","class":"BlockPropagationManager","message":"Added to bad block manager for invalid header, failed to import announced block 96 (0xa6bed5d5f94d30cd43e8d8a28c73e215ec550fa642f5ee916e938e27d2760864)","throwable":""}
{"timestamp":"2025-06-27T13:04:41,091","container":"6765e192c076","level":"INFO","thread":"BftProcessorExecutor-QBFT-0","class":"QbftBesuControllerBuilder","message":"Imported #97 / 0 tx / 0 pending / 0 (0.0%) gas / (0x542dc19fc0fa2455d9b53bfbed92451f65592c6849281580b07e6219646fba98)","throwable":""}
{"timestamp":"2025-06-27T13:04:46,045","container":"6765e192c076","level":"INFO","thread":"BftProcessorExecutor-QBFT-0","class":"QbftBesuControllerBuilder","message":"Produced #98 / 0 tx / 0 pending / 0 (0.0%) gas / (0x3ee0ee7fa77de113098801d2b295513c34c44a4694d6e03d0b5382c38383fc83)","throwable":""}
{"timestamp":"2025-06-27T13:04:52,491","container":"6765e192c076","level":"INFO","thread":"BftProcessorExecutor-QBFT-0","class":"TimestampBoundedByFutureParameter","message":"Invalid block header: timestamp 1751029494 is greater than the timestamp margin 1751029493","throwable":""}
{"timestamp":"2025-06-27T13:04:52,492","container":"6765e192c076","level":"INFO","thread":"BftProcessorExecutor-QBFT-0","class":"MainnetBlockValidator","message":"Invalid block 99 (0x9d82c55c9f0c9622d5e1b3382200a3e9f768b3e5ae4c6bfbeeead678bdcb2d1b): Optional[header validation rule violated, see logs]","throwable":""}
{"timestamp":"2025-06-27T13:04:52,492","container":"6765e192c076","level":"INFO","thread":"BftProcessorExecutor-QBFT-0","class":"ProposalPayloadValidator","message":"Invalid Proposal Payload: block did not pass validation. Reason Optional[header validation rule violated, see logs]","throwable":""}
{"timestamp":"2025-06-27T13:04:52,492","container":"6765e192c076","level":"INFO","thread":"BftProcessorExecutor-QBFT-0","class":"ProposalValidator","message":"Invalid Proposal Payload: invalid proposal payload in proposal message","throwable":""}
{"timestamp":"2025-06-27T13:04:52,492","container":"6765e192c076","level":"INFO","thread":"BftProcessorExecutor-QBFT-0","class":"QbftBlockHeightManager","message":"Received future Proposal which is illegal, no round change triggered.","throwable":""}
{"timestamp":"2025-06-27T13:04:52,530","container":"6765e192c076","level":"INFO","thread":"EthScheduler-Workers-0","class":"TimestampBoundedByFutureParameter","message":"Invalid block header: timestamp 1751029494 is greater than the timestamp margin 1751029493","throwable":""}
{"timestamp":"2025-06-27T13:04:52,530","container":"6765e192c076","level":"WARN","thread":"EthScheduler-Workers-0","class":"BlockPropagationManager","message":"Added to bad block manager for invalid header, failed to import announced block 99 (0x9d82c55c9f0c9622d5e1b3382200a3e9f768b3e5ae4c6bfbeeead678bdcb2d1b)","throwable":""}
{"timestamp":"2025-06-27T13:04:52,538","container":"6765e192c076","level":"INFO","thread":"EthScheduler-Workers-0","class":"TimestampBoundedByFutureParameter","message":"Invalid block header: timestamp 1751029494 is greater than the timestamp margin 1751029493","throwable":""}
{"timestamp":"2025-06-27T13:04:52,539","container":"6765e192c076","level":"WARN","thread":"EthScheduler-Workers-0","class":"BlockPropagationManager","message":"Added to bad block manager for invalid header, failed to import announced block 99 (0x9d82c55c9f0c9622d5e1b3382200a3e9f768b3e5ae4c6bfbeeead678bdcb2d1b)","throwable":""}
{"timestamp":"2025-06-27T13:05:01,109","container":"6765e192c076","level":"INFO","thread":"BftProcessorExecutor-QBFT-0","class":"QbftBesuControllerBuilder","message":"Imported #100 / 0 tx / 0 pending / 0 (0.0%) gas / (0xcb42580d491667896e08c44389f91bd437dc58e5a357c81d37d81cdf3802dd42)","throwable":""}
{"timestamp":"2025-06-27T13:05:08,498","container":"6765e192c076","level":"INFO","thread":"BftProcessorExecutor-QBFT-0","class":"TimestampBoundedByFutureParameter","message":"Invalid block header: timestamp 1751029510 is greater than the timestamp margin 1751029509","throwable":""}
{"timestamp":"2025-06-27T13:05:08,498","container":"6765e192c076","level":"INFO","thread":"BftProcessorExecutor-QBFT-0","class":"MainnetBlockValidator","message":"Invalid block 101 (0xee5167061db95164ac06092dbec3c05b766b716b679277a9d0dba8a1468f83e5): Optional[header validation rule violated, see logs]","throwable":""}
{"timestamp":"2025-06-27T13:05:08,499","container":"6765e192c076","level":"INFO","thread":"BftProcessorExecutor-QBFT-0","class":"ProposalPayloadValidator","message":"Invalid Proposal Payload: block did not pass validation. Reason Optional[header validation rule violated, see logs]","throwable":""}
{"timestamp":"2025-06-27T13:05:08,499","container":"6765e192c076","level":"INFO","thread":"BftProcessorExecutor-QBFT-0","class":"ProposalValidator","message":"Invalid Proposal Payload: invalid proposal payload in proposal message","throwable":""}
{"timestamp":"2025-06-27T13:05:08,499","container":"6765e192c076","level":"INFO","thread":"BftProcessorExecutor-QBFT-0","class":"QbftBlockHeightManager","message":"Received future Proposal which is illegal, no round change triggered.","throwable":""}
{"timestamp":"2025-06-27T13:05:08,511","container":"6765e192c076","level":"INFO","thread":"EthScheduler-Workers-0","class":"TimestampBoundedByFutureParameter","message":"Invalid block header: timestamp 1751029510 is greater than the timestamp margin 1751029509","throwable":""}
{"timestamp":"2025-06-27T13:05:08,511","container":"6765e192c076","level":"WARN","thread":"EthScheduler-Workers-0","class":"BlockPropagationManager","message":"Added to bad block manager for invalid header, failed to import announced block 101 (0xee5167061db95164ac06092dbec3c05b766b716b679277a9d0dba8a1468f83e5)","throwable":""}
{"timestamp":"2025-06-27T13:05:08,516","container":"6765e192c076","level":"INFO","thread":"EthScheduler-Workers-0","class":"TimestampBoundedByFutureParameter","message":"Invalid block header: timestamp 1751029510 is greater than the timestamp margin 1751029509","throwable":""}
{"timestamp":"2025-06-27T13:05:08,516","container":"6765e192c076","level":"WARN","thread":"EthScheduler-Workers-0","class":"BlockPropagationManager","message":"Added to bad block manager for invalid header, failed to import announced block 101 (0xee5167061db95164ac06092dbec3c05b766b716b679277a9d0dba8a1468f83e5)","throwable":""}
{"timestamp":"2025-06-27T13:05:31,164","container":"6765e192c076","level":"INFO","thread":"BftProcessorExecutor-QBFT-0","class":"QbftRound","message":"Importing proposed block to chain. round=ConsensusRoundIdentifier{Sequence=102, Round=1}, hash=0xcbdbeee8cf60f8333b40376ca53bb8826ddc71262ed3851616cd34eaee8af554","throwable":""}
{"timestamp":"2025-06-27T13:05:31,168","container":"6765e192c076","level":"INFO","thread":"BftProcessorExecutor-QBFT-0","class":"QbftBesuControllerBuilder","message":"Imported #102 / 0 tx / 0 pending / 0 (0.0%) gas / (0xcbdbeee8cf60f8333b40376ca53bb8826ddc71262ed3851616cd34eaee8af554)","throwable":""}
{"timestamp":"2025-06-27T13:05:38,511","container":"6765e192c076","level":"INFO","thread":"BftProcessorExecutor-QBFT-0","class":"TimestampBoundedByFutureParameter","message":"Invalid block header: timestamp 1751029540 is greater than the timestamp margin 1751029539","throwable":""}
{"timestamp":"2025-06-27T13:05:38,512","container":"6765e192c076","level":"INFO","thread":"BftProcessorExecutor-QBFT-0","class":"MainnetBlockValidator","message":"Invalid block 103 (0xd53fbc8ed3b10596796f59e90da138b144eea43d37e77a47cf120f6aa3f6dc6d): Optional[header validation rule violated, see logs]","throwable":""}
{"timestamp":"2025-06-27T13:05:38,512","container":"6765e192c076","level":"INFO","thread":"BftProcessorExecutor-QBFT-0","class":"ProposalPayloadValidator","message":"Invalid Proposal Payload: block did not pass validation. Reason Optional[header validation rule violated, see logs]","throwable":""}
{"timestamp":"2025-06-27T13:05:38,512","container":"6765e192c076","level":"INFO","thread":"BftProcessorExecutor-QBFT-0","class":"ProposalValidator","message":"Invalid Proposal Payload: invalid proposal payload in proposal message","throwable":""}
{"timestamp":"2025-06-27T13:05:38,512","container":"6765e192c076","level":"INFO","thread":"BftProcessorExecutor-QBFT-0","class":"QbftBlockHeightManager","message":"Received future Proposal which is illegal, no round change triggered.","throwable":""}
{"timestamp":"2025-06-27T13:05:38,522","container":"6765e192c076","level":"INFO","thread":"EthScheduler-Workers-0","class":"TimestampBoundedByFutureParameter","message":"Invalid block header: timestamp 1751029540 is greater than the timestamp margin 1751029539","throwable":""}
{"timestamp":"2025-06-27T13:05:38,524","container":"6765e192c076","level":"WARN","thread":"EthScheduler-Workers-0","class":"BlockPropagationManager","message":"Added to bad block manager for invalid header, failed to import announced block 103 (0xd53fbc8ed3b10596796f59e90da138b144eea43d37e77a47cf120f6aa3f6dc6d)","throwable":""}
{"timestamp":"2025-06-27T13:05:38,527","container":"6765e192c076","level":"INFO","thread":"EthScheduler-Workers-0","class":"TimestampBoundedByFutureParameter","message":"Invalid block header: timestamp 1751029540 is greater than the timestamp margin 1751029539","throwable":""}
{"timestamp":"2025-06-27T13:05:38,527","container":"6765e192c076","level":"WARN","thread":"EthScheduler-Workers-0","class":"BlockPropagationManager","message":"Added to bad block manager for invalid header, failed to import announced block 103 (0xd53fbc8ed3b10596796f59e90da138b144eea43d37e77a47cf120f6aa3f6dc6d)","throwable":""}
{"timestamp":"2025-06-27T13:05:38,530","container":"6765e192c076","level":"INFO","thread":"EthScheduler-Workers-0","class":"TimestampBoundedByFutureParameter","message":"Invalid block header: timestamp 1751029540 is greater than the timestamp margin 1751029539","throwable":""}
{"timestamp":"2025-06-27T13:05:38,530","container":"6765e192c076","level":"WARN","thread":"EthScheduler-Workers-0","class":"BlockPropagationManager","message":"Added to bad block manager for invalid header, failed to import announced block 103 (0xd53fbc8ed3b10596796f59e90da138b144eea43d37e77a47cf120f6aa3f6dc6d)","throwable":""}
{"timestamp":"2025-06-27T13:05:51,194","container":"6765e192c076","level":"INFO","thread":"BftProcessorExecutor-QBFT-0","class":"QbftBesuControllerBuilder","message":"Imported #104 / 0 tx / 0 pending / 0 (0.0%) gas / (0x92071282ba8d7d535dcb5c8781339f8eb5a9e03ea2f6067f698e823f05f6d0fc)","throwable":""}
{"timestamp":"2025-06-27T13:05:56,044","container":"6765e192c076","level":"INFO","thread":"BftProcessorExecutor-QBFT-0","class":"QbftBesuControllerBuilder","message":"Produced #105 / 0 tx / 0 pending / 0 (0.0%) gas / (0x295b56da2b09fc70109c898d48e95d1baede5f07372dde70bbb8c87b5ca06908)","throwable":""}
{"timestamp":"2025-06-27T13:06:02,525","container":"6765e192c076","level":"INFO","thread":"BftProcessorExecutor-QBFT-0","class":"TimestampBoundedByFutureParameter","message":"Invalid block header: timestamp 1751029564 is greater than the timestamp margin 1751029563","throwable":""}
{"timestamp":"2025-06-27T13:06:02,526","container":"6765e192c076","level":"INFO","thread":"BftProcessorExecutor-QBFT-0","class":"MainnetBlockValidator","message":"Invalid block 106 (0x8d5e90c8072e8085b7d71ea6a78458d0810db78eb93b2f9a110aecc8cf513c24): Optional[header validation rule violated, see logs]","throwable":""}
{"timestamp":"2025-06-27T13:06:02,526","container":"6765e192c076","level":"INFO","thread":"BftProcessorExecutor-QBFT-0","class":"ProposalPayloadValidator","message":"Invalid Proposal Payload: block did not pass validation. Reason Optional[header validation rule violated, see logs]","throwable":""}
{"timestamp":"2025-06-27T13:06:02,526","container":"6765e192c076","level":"INFO","thread":"BftProcessorExecutor-QBFT-0","class":"ProposalValidator","message":"Invalid Proposal Payload: invalid proposal payload in proposal message","throwable":""}
{"timestamp":"2025-06-27T13:06:02,526","container":"6765e192c076","level":"INFO","thread":"BftProcessorExecutor-QBFT-0","class":"QbftBlockHeightManager","message":"Received future Proposal which is illegal, no round change triggered.","throwable":""}
{"timestamp":"2025-06-27T13:06:02,544","container":"6765e192c076","level":"INFO","thread":"EthScheduler-Workers-0","class":"TimestampBoundedByFutureParameter","message":"Invalid block header: timestamp 1751029564 is greater than the timestamp margin 1751029563","throwable":""}
{"timestamp":"2025-06-27T13:06:02,545","container":"6765e192c076","level":"WARN","thread":"EthScheduler-Workers-0","class":"BlockPropagationManager","message":"Added to bad block manager for invalid header, failed to import announced block 106 (0x8d5e90c8072e8085b7d71ea6a78458d0810db78eb93b2f9a110aecc8cf513c24)","throwable":""}
{"timestamp":"2025-06-27T13:06:11,238","container":"6765e192c076","level":"INFO","thread":"BftProcessorExecutor-QBFT-0","class":"QbftBesuControllerBuilder","message":"Imported #107 / 0 tx / 0 pending / 0 (0.0%) gas / (0x5a0c14e2253b55ed41bf187c7fd9fd94fb87563473fede47bd6976025af21457)","throwable":""}
{"timestamp":"2025-06-27T13:06:18,533","container":"6765e192c076","level":"INFO","thread":"BftProcessorExecutor-QBFT-0","class":"TimestampBoundedByFutureParameter","message":"Invalid block header: timestamp 1751029580 is greater than the timestamp margin 1751029579","throwable":""}
{"timestamp":"2025-06-27T13:06:18,533","container":"6765e192c076","level":"INFO","thread":"BftProcessorExecutor-QBFT-0","class":"MainnetBlockValidator","message":"Invalid block 108 (0xdcb9450403344dfb5cec8f03643bec8c881233e462d0b6d5b66b91af02ab8094): Optional[header validation rule violated, see logs]","throwable":""}
{"timestamp":"2025-06-27T13:06:18,534","container":"6765e192c076","level":"INFO","thread":"BftProcessorExecutor-QBFT-0","class":"ProposalPayloadValidator","message":"Invalid Proposal Payload: block did not pass validation. Reason Optional[header validation rule violated, see logs]","throwable":""}
{"timestamp":"2025-06-27T13:06:18,534","container":"6765e192c076","level":"INFO","thread":"BftProcessorExecutor-QBFT-0","class":"ProposalValidator","message":"Invalid Proposal Payload: invalid proposal payload in proposal message","throwable":""}
{"timestamp":"2025-06-27T13:06:18,534","container":"6765e192c076","level":"INFO","thread":"BftProcessorExecutor-QBFT-0","class":"QbftBlockHeightManager","message":"Received future Proposal which is illegal, no round change triggered.","throwable":""}
{"timestamp":"2025-06-27T13:06:18,550","container":"6765e192c076","level":"INFO","thread":"EthScheduler-Workers-0","class":"TimestampBoundedByFutureParameter","message":"Invalid block header: timestamp 1751029580 is greater than the timestamp margin 1751029579","throwable":""}
{"timestamp":"2025-06-27T13:06:18,551","container":"6765e192c076","level":"WARN","thread":"EthScheduler-Workers-0","class":"BlockPropagationManager","message":"Added to bad block manager for invalid header, failed to import announced block 108 (0xdcb9450403344dfb5cec8f03643bec8c881233e462d0b6d5b66b91af02ab8094)","throwable":""}
{"timestamp":"2025-06-27T13:06:18,552","container":"6765e192c076","level":"INFO","thread":"EthScheduler-Workers-0","class":"TimestampBoundedByFutureParameter","message":"Invalid block header: timestamp 1751029580 is greater than the timestamp margin 1751029579","throwable":""}
{"timestamp":"2025-06-27T13:06:18,553","container":"6765e192c076","level":"WARN","thread":"EthScheduler-Workers-0","class":"BlockPropagationManager","message":"Added to bad block manager for invalid header, failed to import announced block 108 (0xdcb9450403344dfb5cec8f03643bec8c881233e462d0b6d5b66b91af02ab8094)","throwable":""}
{"timestamp":"2025-06-27T13:06:41,337","container":"6765e192c076","level":"INFO","thread":"BftProcessorExecutor-QBFT-0","class":"QbftRound","message":"Importing proposed block to chain. round=ConsensusRoundIdentifier{Sequence=109, Round=1}, hash=0xa2698007f1eb5f26417b532649ffccd686810be428f16d613ee35a4758b6a048","throwable":""}
{"timestamp":"2025-06-27T13:06:41,342","container":"6765e192c076","level":"INFO","thread":"BftProcessorExecutor-QBFT-0","class":"QbftBesuControllerBuilder","message":"Imported #109 / 0 tx / 0 pending / 0 (0.0%) gas / (0xa2698007f1eb5f26417b532649ffccd686810be428f16d613ee35a4758b6a048)","throwable":""}
{"timestamp":"2025-06-27T13:06:48,547","container":"6765e192c076","level":"INFO","thread":"BftProcessorExecutor-QBFT-0","class":"TimestampBoundedByFutureParameter","message":"Invalid block header: timestamp 1751029610 is greater than the timestamp margin 1751029609","throwable":""}
{"timestamp":"2025-06-27T13:06:48,547","container":"6765e192c076","level":"INFO","thread":"BftProcessorExecutor-QBFT-0","class":"MainnetBlockValidator","message":"Invalid block 110 (0xafc6d89d565191a2cfcc5eaba0db7f088720fcc7b58c9cfee5d0e74bc3e38d66): Optional[header validation rule violated, see logs]","throwable":""}
{"timestamp":"2025-06-27T13:06:48,547","container":"6765e192c076","level":"INFO","thread":"BftProcessorExecutor-QBFT-0","class":"ProposalPayloadValidator","message":"Invalid Proposal Payload: block did not pass validation. Reason Optional[header validation rule violated, see logs]","throwable":""}
{"timestamp":"2025-06-27T13:06:48,547","container":"6765e192c076","level":"INFO","thread":"BftProcessorExecutor-QBFT-0","class":"ProposalValidator","message":"Invalid Proposal Payload: invalid proposal payload in proposal message","throwable":""}
{"timestamp":"2025-06-27T13:06:48,547","container":"6765e192c076","level":"INFO","thread":"BftProcessorExecutor-QBFT-0","class":"QbftBlockHeightManager","message":"Received future Proposal which is illegal, no round change triggered.","throwable":""}
{"timestamp":"2025-06-27T13:06:48,572","container":"6765e192c076","level":"INFO","thread":"EthScheduler-Workers-0","class":"TimestampBoundedByFutureParameter","message":"Invalid block header: timestamp 1751029610 is greater than the timestamp margin 1751029609","throwable":""}
{"timestamp":"2025-06-27T13:06:48,572","container":"6765e192c076","level":"WARN","thread":"EthScheduler-Workers-0","class":"BlockPropagationManager","message":"Added to bad block manager for invalid header, failed to import announced block 110 (0xafc6d89d565191a2cfcc5eaba0db7f088720fcc7b58c9cfee5d0e74bc3e38d66)","throwable":""}
{"timestamp":"2025-06-27T13:06:48,573","container":"6765e192c076","level":"INFO","thread":"EthScheduler-Workers-0","class":"TimestampBoundedByFutureParameter","message":"Invalid block header: timestamp 1751029610 is greater than the timestamp margin 1751029609","throwable":""}
{"timestamp":"2025-06-27T13:06:48,573","container":"6765e192c076","level":"WARN","thread":"EthScheduler-Workers-0","class":"BlockPropagationManager","message":"Added to bad block manager for invalid header, failed to import announced block 110 (0xafc6d89d565191a2cfcc5eaba0db7f088720fcc7b58c9cfee5d0e74bc3e38d66)","throwable":""}
{"timestamp":"2025-06-27T13:06:48,575","container":"6765e192c076","level":"INFO","thread":"EthScheduler-Workers-0","class":"TimestampBoundedByFutureParameter","message":"Invalid block header: timestamp 1751029610 is greater than the timestamp margin 1751029609","throwable":""}
{"timestamp":"2025-06-27T13:06:48,576","container":"6765e192c076","level":"WARN","thread":"EthScheduler-Workers-0","class":"BlockPropagationManager","message":"Added to bad block manager for invalid header, failed to import announced block 110 (0xafc6d89d565191a2cfcc5eaba0db7f088720fcc7b58c9cfee5d0e74bc3e38d66)","throwable":""}
{"timestamp":"2025-06-27T13:07:01,384","container":"6765e192c076","level":"INFO","thread":"BftProcessorExecutor-QBFT-0","class":"QbftBesuControllerBuilder","message":"Imported #111 / 0 tx / 0 pending / 0 (0.0%) gas / (0x4ebdfbb052b3f558d9a966b20f0a81ede85fed6c942b7c92e4ff16fb9909f5f9)","throwable":""}
{"timestamp":"2025-06-27T13:07:06,046","container":"6765e192c076","level":"INFO","thread":"BftProcessorExecutor-QBFT-0","class":"QbftBesuControllerBuilder","message":"Produced #112 / 0 tx / 0 pending / 0 (0.0%) gas / (0xba755ca9d8317edcc18a1314d41b88ead0db432969a5273f7f77c1ac1caed597)","throwable":""}
{"timestamp":"2025-06-27T13:07:12,559","container":"6765e192c076","level":"INFO","thread":"BftProcessorExecutor-QBFT-0","class":"TimestampBoundedByFutureParameter","message":"Invalid block header: timestamp 1751029634 is greater than the timestamp margin 1751029633","throwable":""}
{"timestamp":"2025-06-27T13:07:12,559","container":"6765e192c076","level":"INFO","thread":"BftProcessorExecutor-QBFT-0","class":"MainnetBlockValidator","message":"Invalid block 113 (0x29b6a568114430e532b6649310a98f140ec3a7cd959b4777a1d0f00e10603b9c): Optional[header validation rule violated, see logs]","throwable":""}
{"timestamp":"2025-06-27T13:07:12,559","container":"6765e192c076","level":"INFO","thread":"BftProcessorExecutor-QBFT-0","class":"ProposalPayloadValidator","message":"Invalid Proposal Payload: block did not pass validation. Reason Optional[header validation rule violated, see logs]","throwable":""}
{"timestamp":"2025-06-27T13:07:12,559","container":"6765e192c076","level":"INFO","thread":"BftProcessorExecutor-QBFT-0","class":"ProposalValidator","message":"Invalid Proposal Payload: invalid proposal payload in proposal message","throwable":""}
{"timestamp":"2025-06-27T13:07:12,559","container":"6765e192c076","level":"INFO","thread":"BftProcessorExecutor-QBFT-0","class":"QbftBlockHeightManager","message":"Received future Proposal which is illegal, no round change triggered.","throwable":""}
{"timestamp":"2025-06-27T13:07:12,583","container":"6765e192c076","level":"INFO","thread":"EthScheduler-Workers-0","class":"TimestampBoundedByFutureParameter","message":"Invalid block header: timestamp 1751029634 is greater than the timestamp margin 1751029633","throwable":""}
{"timestamp":"2025-06-27T13:07:12,583","container":"6765e192c076","level":"WARN","thread":"EthScheduler-Workers-0","class":"BlockPropagationManager","message":"Added to bad block manager for invalid header, failed to import announced block 113 (0x29b6a568114430e532b6649310a98f140ec3a7cd959b4777a1d0f00e10603b9c)","throwable":""}
{"timestamp":"2025-06-27T13:07:12,585","container":"6765e192c076","level":"INFO","thread":"EthScheduler-Workers-0","class":"TimestampBoundedByFutureParameter","message":"Invalid block header: timestamp 1751029634 is greater than the timestamp margin 1751029633","throwable":""}
{"timestamp":"2025-06-27T13:07:12,586","container":"6765e192c076","level":"WARN","thread":"EthScheduler-Workers-0","class":"BlockPropagationManager","message":"Added to bad block manager for invalid header, failed to import announced block 113 (0x29b6a568114430e532b6649310a98f140ec3a7cd959b4777a1d0f00e10603b9c)","throwable":""}
{"timestamp":"2025-06-27T13:07:12,587","container":"6765e192c076","level":"INFO","thread":"EthScheduler-Workers-0","class":"TimestampBoundedByFutureParameter","message":"Invalid block header: timestamp 1751029634 is greater than the timestamp margin 1751029633","throwable":""}
{"timestamp":"2025-06-27T13:07:12,587","container":"6765e192c076","level":"WARN","thread":"EthScheduler-Workers-0","class":"BlockPropagationManager","message":"Added to bad block manager for invalid header, failed to import announced block 113 (0x29b6a568114430e532b6649310a98f140ec3a7cd959b4777a1d0f00e10603b9c)","throwable":""}
{"timestamp":"2025-06-27T13:07:21,394","container":"6765e192c076","level":"INFO","thread":"BftProcessorExecutor-QBFT-0","class":"QbftBesuControllerBuilder","message":"Imported #114 / 0 tx / 0 pending / 0 (0.0%) gas / (0x3d6bad0ce719baea388f371164f336aa5dab7eb6771209908349f7b81e03167c)","throwable":""}
{"timestamp":"2025-06-27T13:07:28,567","container":"6765e192c076","level":"INFO","thread":"BftProcessorExecutor-QBFT-0","class":"TimestampBoundedByFutureParameter","message":"Invalid block header: timestamp 1751029650 is greater than the timestamp margin 1751029649","throwable":""}
{"timestamp":"2025-06-27T13:07:28,567","container":"6765e192c076","level":"INFO","thread":"BftProcessorExecutor-QBFT-0","class":"MainnetBlockValidator","message":"Invalid block 115 (0x9ab1e4b1051bb51750ef35081cde06a9816c8397b5155cdc5e0dc51d93d901e5): Optional[header validation rule violated, see logs]","throwable":""}
{"timestamp":"2025-06-27T13:07:28,567","container":"6765e192c076","level":"INFO","thread":"BftProcessorExecutor-QBFT-0","class":"ProposalPayloadValidator","message":"Invalid Proposal Payload: block did not pass validation. Reason Optional[header validation rule violated, see logs]","throwable":""}
{"timestamp":"2025-06-27T13:07:28,567","container":"6765e192c076","level":"INFO","thread":"BftProcessorExecutor-QBFT-0","class":"ProposalValidator","message":"Invalid Proposal Payload: invalid proposal payload in proposal message","throwable":""}
{"timestamp":"2025-06-27T13:07:28,567","container":"6765e192c076","level":"INFO","thread":"BftProcessorExecutor-QBFT-0","class":"QbftBlockHeightManager","message":"Received future Proposal which is illegal, no round change triggered.","throwable":""}
{"timestamp":"2025-06-27T13:07:28,583","container":"6765e192c076","level":"INFO","thread":"EthScheduler-Workers-0","class":"TimestampBoundedByFutureParameter","message":"Invalid block header: timestamp 1751029650 is greater than the timestamp margin 1751029649","throwable":""}
{"timestamp":"2025-06-27T13:07:28,583","container":"6765e192c076","level":"WARN","thread":"EthScheduler-Workers-0","class":"BlockPropagationManager","message":"Added to bad block manager for invalid header, failed to import announced block 115 (0x9ab1e4b1051bb51750ef35081cde06a9816c8397b5155cdc5e0dc51d93d901e5)","throwable":""}
{"timestamp":"2025-06-27T13:07:28,584","container":"6765e192c076","level":"INFO","thread":"EthScheduler-Workers-0","class":"TimestampBoundedByFutureParameter","message":"Invalid block header: timestamp 1751029650 is greater than the timestamp margin 1751029649","throwable":""}
{"timestamp":"2025-06-27T13:07:28,584","container":"6765e192c076","level":"WARN","thread":"EthScheduler-Workers-0","class":"BlockPropagationManager","message":"Added to bad block manager for invalid header, failed to import announced block 115 (0x9ab1e4b1051bb51750ef35081cde06a9816c8397b5155cdc5e0dc51d93d901e5)","throwable":""}
{"timestamp":"2025-06-27T13:07:51,475","container":"6765e192c076","level":"INFO","thread":"BftProcessorExecutor-QBFT-0","class":"QbftRound","message":"Importing proposed block to chain. round=ConsensusRoundIdentifier{Sequence=116, Round=1}, hash=0xe467cb38331a3651aadb92733b71b95d8af8796f43de6c5e2981f36f290034ca","throwable":""}
{"timestamp":"2025-06-27T13:07:51,490","container":"6765e192c076","level":"INFO","thread":"BftProcessorExecutor-QBFT-0","class":"QbftBesuControllerBuilder","message":"Imported #116 / 0 tx / 0 pending / 0 (0.0%) gas / (0xe467cb38331a3651aadb92733b71b95d8af8796f43de6c5e2981f36f290034ca)","throwable":""}
{"timestamp":"2025-06-27T13:07:58,583","container":"6765e192c076","level":"INFO","thread":"BftProcessorExecutor-QBFT-0","class":"TimestampBoundedByFutureParameter","message":"Invalid block header: timestamp 1751029680 is greater than the timestamp margin 1751029679","throwable":""}
{"timestamp":"2025-06-27T13:07:58,584","container":"6765e192c076","level":"INFO","thread":"BftProcessorExecutor-QBFT-0","class":"MainnetBlockValidator","message":"Invalid block 117 (0xb5315e0a2f8c39752291bfb8c7fb7ce61abfb71f0b7f007bdb8c2908d54f8576): Optional[header validation rule violated, see logs]","throwable":""}
{"timestamp":"2025-06-27T13:07:58,584","container":"6765e192c076","level":"INFO","thread":"BftProcessorExecutor-QBFT-0","class":"ProposalPayloadValidator","message":"Invalid Proposal Payload: block did not pass validation. Reason Optional[header validation rule violated, see logs]","throwable":""}
{"timestamp":"2025-06-27T13:07:58,584","container":"6765e192c076","level":"INFO","thread":"BftProcessorExecutor-QBFT-0","class":"ProposalValidator","message":"Invalid Proposal Payload: invalid proposal payload in proposal message","throwable":""}
{"timestamp":"2025-06-27T13:07:58,584","container":"6765e192c076","level":"INFO","thread":"BftProcessorExecutor-QBFT-0","class":"QbftBlockHeightManager","message":"Received future Proposal which is illegal, no round change triggered.","throwable":""}
{"timestamp":"2025-06-27T13:07:58,598","container":"6765e192c076","level":"INFO","thread":"EthScheduler-Workers-0","class":"TimestampBoundedByFutureParameter","message":"Invalid block header: timestamp 1751029680 is greater than the timestamp margin 1751029679","throwable":""}
{"timestamp":"2025-06-27T13:07:58,598","container":"6765e192c076","level":"WARN","thread":"EthScheduler-Workers-0","class":"BlockPropagationManager","message":"Added to bad block manager for invalid header, failed to import announced block 117 (0xb5315e0a2f8c39752291bfb8c7fb7ce61abfb71f0b7f007bdb8c2908d54f8576)","throwable":""}
{"timestamp":"2025-06-27T13:07:58,601","container":"6765e192c076","level":"INFO","thread":"EthScheduler-Workers-0","class":"TimestampBoundedByFutureParameter","message":"Invalid block header: timestamp 1751029680 is greater than the timestamp margin 1751029679","throwable":""}
{"timestamp":"2025-06-27T13:07:58,602","container":"6765e192c076","level":"WARN","thread":"EthScheduler-Workers-0","class":"BlockPropagationManager","message":"Added to bad block manager for invalid header, failed to import announced block 117 (0xb5315e0a2f8c39752291bfb8c7fb7ce61abfb71f0b7f007bdb8c2908d54f8576)","throwable":""}
{"timestamp":"2025-06-27T13:07:58,605","container":"6765e192c076","level":"INFO","thread":"EthScheduler-Workers-0","class":"TimestampBoundedByFutureParameter","message":"Invalid block header: timestamp 1751029680 is greater than the timestamp margin 1751029679","throwable":""}
{"timestamp":"2025-06-27T13:07:58,606","container":"6765e192c076","level":"WARN","thread":"EthScheduler-Workers-0","class":"BlockPropagationManager","message":"Added to bad block manager for invalid header, failed to import announced block 117 (0xb5315e0a2f8c39752291bfb8c7fb7ce61abfb71f0b7f007bdb8c2908d54f8576)","throwable":""}
{"timestamp":"2025-06-27T13:08:11,523","container":"6765e192c076","level":"INFO","thread":"BftProcessorExecutor-QBFT-0","class":"QbftBesuControllerBuilder","message":"Imported #118 / 0 tx / 0 pending / 0 (0.0%) gas / (0x0a00ba748e8c40e4a7b8b6e5f921d790e65ee7f37213eb83aadf43c7bcb93168)","throwable":""}
{"timestamp":"2025-06-27T13:08:16,028","container":"6765e192c076","level":"INFO","thread":"BftProcessorExecutor-QBFT-0","class":"QbftBesuControllerBuilder","message":"Produced #119 / 0 tx / 0 pending / 0 (0.0%) gas / (0xc1ebb63c139f8011cf66aa7111dc8297ec307ed8a317c2c33f89e307249bfe6b)","throwable":""}
{"timestamp":"2025-06-27T13:08:22,594","container":"6765e192c076","level":"INFO","thread":"BftProcessorExecutor-QBFT-0","class":"TimestampBoundedByFutureParameter","message":"Invalid block header: timestamp 1751029704 is greater than the timestamp margin 1751029703","throwable":""}
{"timestamp":"2025-06-27T13:08:22,596","container":"6765e192c076","level":"INFO","thread":"BftProcessorExecutor-QBFT-0","class":"MainnetBlockValidator","message":"Invalid block 120 (0x2e3b776593f5497cfd51e385f3b68c8701d4acc25383a022d39de523c5663dcb): Optional[header validation rule violated, see logs]","throwable":""}
{"timestamp":"2025-06-27T13:08:22,596","container":"6765e192c076","level":"INFO","thread":"BftProcessorExecutor-QBFT-0","class":"ProposalPayloadValidator","message":"Invalid Proposal Payload: block did not pass validation. Reason Optional[header validation rule violated, see logs]","throwable":""}
{"timestamp":"2025-06-27T13:08:22,597","container":"6765e192c076","level":"INFO","thread":"BftProcessorExecutor-QBFT-0","class":"ProposalValidator","message":"Invalid Proposal Payload: invalid proposal payload in proposal message","throwable":""}
{"timestamp":"2025-06-27T13:08:22,597","container":"6765e192c076","level":"INFO","thread":"BftProcessorExecutor-QBFT-0","class":"QbftBlockHeightManager","message":"Received future Proposal which is illegal, no round change triggered.","throwable":""}
{"timestamp":"2025-06-27T13:08:22,618","container":"6765e192c076","level":"INFO","thread":"EthScheduler-Workers-0","class":"TimestampBoundedByFutureParameter","message":"Invalid block header: timestamp 1751029704 is greater than the timestamp margin 1751029703","throwable":""}
{"timestamp":"2025-06-27T13:08:22,618","container":"6765e192c076","level":"WARN","thread":"EthScheduler-Workers-0","class":"BlockPropagationManager","message":"Added to bad block manager for invalid header, failed to import announced block 120 (0x2e3b776593f5497cfd51e385f3b68c8701d4acc25383a022d39de523c5663dcb)","throwable":""}
{"timestamp":"2025-06-27T13:08:22,619","container":"6765e192c076","level":"INFO","thread":"EthScheduler-Workers-0","class":"TimestampBoundedByFutureParameter","message":"Invalid block header: timestamp 1751029704 is greater than the timestamp margin 1751029703","throwable":""}
{"timestamp":"2025-06-27T13:08:22,619","container":"6765e192c076","level":"WARN","thread":"EthScheduler-Workers-0","class":"BlockPropagationManager","message":"Added to bad block manager for invalid header, failed to import announced block 120 (0x2e3b776593f5497cfd51e385f3b68c8701d4acc25383a022d39de523c5663dcb)","throwable":""}
{"timestamp":"2025-06-27T13:08:31,560","container":"6765e192c076","level":"INFO","thread":"BftProcessorExecutor-QBFT-0","class":"QbftBesuControllerBuilder","message":"Imported #121 / 0 tx / 0 pending / 0 (0.0%) gas / (0xe27397a1a254e11ca0a0b8d5ed569d0d01b5acec838b419e32002604c52d6b97)","throwable":""}
{"timestamp":"2025-06-27T13:08:38,601","container":"6765e192c076","level":"INFO","thread":"BftProcessorExecutor-QBFT-0","class":"TimestampBoundedByFutureParameter","message":"Invalid block header: timestamp 1751029720 is greater than the timestamp margin 1751029719","throwable":""}
{"timestamp":"2025-06-27T13:08:38,601","container":"6765e192c076","level":"INFO","thread":"BftProcessorExecutor-QBFT-0","class":"MainnetBlockValidator","message":"Invalid block 122 (0xbc414f2b2b9c558037c978f6bc804204e4500757729cc8170bd941105d30b24a): Optional[header validation rule violated, see logs]","throwable":""}
{"timestamp":"2025-06-27T13:08:38,601","container":"6765e192c076","level":"INFO","thread":"BftProcessorExecutor-QBFT-0","class":"ProposalPayloadValidator","message":"Invalid Proposal Payload: block did not pass validation. Reason Optional[header validation rule violated, see logs]","throwable":""}
{"timestamp":"2025-06-27T13:08:38,601","container":"6765e192c076","level":"INFO","thread":"BftProcessorExecutor-QBFT-0","class":"ProposalValidator","message":"Invalid Proposal Payload: invalid proposal payload in proposal message","throwable":""}
{"timestamp":"2025-06-27T13:08:38,601","container":"6765e192c076","level":"INFO","thread":"BftProcessorExecutor-QBFT-0","class":"QbftBlockHeightManager","message":"Received future Proposal which is illegal, no round change triggered.","throwable":""}
{"timestamp":"2025-06-27T13:08:38,614","container":"6765e192c076","level":"INFO","thread":"EthScheduler-Workers-0","class":"TimestampBoundedByFutureParameter","message":"Invalid block header: timestamp 1751029720 is greater than the timestamp margin 1751029719","throwable":""}
{"timestamp":"2025-06-27T13:08:38,615","container":"6765e192c076","level":"WARN","thread":"EthScheduler-Workers-0","class":"BlockPropagationManager","message":"Added to bad block manager for invalid header, failed to import announced block 122 (0xbc414f2b2b9c558037c978f6bc804204e4500757729cc8170bd941105d30b24a)","throwable":""}
{"timestamp":"2025-06-27T13:08:38,615","container":"6765e192c076","level":"INFO","thread":"EthScheduler-Workers-0","class":"TimestampBoundedByFutureParameter","message":"Invalid block header: timestamp 1751029720 is greater than the timestamp margin 1751029719","throwable":""}
{"timestamp":"2025-06-27T13:08:38,615","container":"6765e192c076","level":"WARN","thread":"EthScheduler-Workers-0","class":"BlockPropagationManager","message":"Added to bad block manager for invalid header, failed to import announced block 122 (0xbc414f2b2b9c558037c978f6bc804204e4500757729cc8170bd941105d30b24a)","throwable":""}
{"timestamp":"2025-06-27T13:09:01,616","container":"6765e192c076","level":"INFO","thread":"BftProcessorExecutor-QBFT-0","class":"TimestampBoundedByFutureParameter","message":"Invalid block header: timestamp 1751029743 is greater than the timestamp margin 1751029742","throwable":""}
{"timestamp":"2025-06-27T13:09:01,617","container":"6765e192c076","level":"INFO","thread":"BftProcessorExecutor-QBFT-0","class":"MainnetBlockValidator","message":"Invalid block 123 (0xd60aa5f792acdef1f7ef60e94a2c3cc5b4b5a8e24c29cad47f5235d08c1a0092): Optional[header validation rule violated, see logs]","throwable":""}
{"timestamp":"2025-06-27T13:09:01,617","container":"6765e192c076","level":"INFO","thread":"BftProcessorExecutor-QBFT-0","class":"ProposalPayloadValidator","message":"Invalid Proposal Payload: block did not pass validation. Reason Optional[header validation rule violated, see logs]","throwable":""}
{"timestamp":"2025-06-27T13:09:01,617","container":"6765e192c076","level":"INFO","thread":"BftProcessorExecutor-QBFT-0","class":"ProposalValidator","message":"Invalid Proposal Payload: invalid proposal payload in proposal message","throwable":""}
{"timestamp":"2025-06-27T13:09:01,643","container":"6765e192c076","level":"INFO","thread":"EthScheduler-Workers-0","class":"TimestampBoundedByFutureParameter","message":"Invalid block header: timestamp 1751029743 is greater than the timestamp margin 1751029742","throwable":""}
{"timestamp":"2025-06-27T13:09:01,643","container":"6765e192c076","level":"WARN","thread":"EthScheduler-Workers-0","class":"BlockPropagationManager","message":"Added to bad block manager for invalid header, failed to import announced block 123 (0xd60aa5f792acdef1f7ef60e94a2c3cc5b4b5a8e24c29cad47f5235d08c1a0092)","throwable":""}
{"timestamp":"2025-06-27T13:09:01,647","container":"6765e192c076","level":"INFO","thread":"EthScheduler-Workers-0","class":"TimestampBoundedByFutureParameter","message":"Invalid block header: timestamp 1751029743 is greater than the timestamp margin 1751029742","throwable":""}
{"timestamp":"2025-06-27T13:09:01,648","container":"6765e192c076","level":"WARN","thread":"EthScheduler-Workers-0","class":"BlockPropagationManager","message":"Added to bad block manager for invalid header, failed to import announced block 123 (0xd60aa5f792acdef1f7ef60e94a2c3cc5b4b5a8e24c29cad47f5235d08c1a0092)","throwable":""}
{"timestamp":"2025-06-27T13:09:11,643","container":"6765e192c076","level":"INFO","thread":"BftProcessorExecutor-QBFT-0","class":"QbftBesuControllerBuilder","message":"Imported #124 / 0 tx / 0 pending / 0 (0.0%) gas / (0xd6ddfd3964dc5a5ee43b03dc4d66f61311fec8859500f2569fa1f127085529e9)","throwable":""}
{"timestamp":"2025-06-27T13:09:17,623","container":"6765e192c076","level":"INFO","thread":"BftProcessorExecutor-QBFT-0","class":"TimestampBoundedByFutureParameter","message":"Invalid block header: timestamp 1751029759 is greater than the timestamp margin 1751029758","throwable":""}
{"timestamp":"2025-06-27T13:09:17,623","container":"6765e192c076","level":"INFO","thread":"BftProcessorExecutor-QBFT-0","class":"MainnetBlockValidator","message":"Invalid block 125 (0x03facd0492ac3408e7d1941143c4e3873b04d3e4ddd4ceecce2f3bc9567ea933): Optional[header validation rule violated, see logs]","throwable":""}
{"timestamp":"2025-06-27T13:09:17,623","container":"6765e192c076","level":"INFO","thread":"BftProcessorExecutor-QBFT-0","class":"ProposalPayloadValidator","message":"Invalid Proposal Payload: block did not pass validation. Reason Optional[header validation rule violated, see logs]","throwable":""}
{"timestamp":"2025-06-27T13:09:17,623","container":"6765e192c076","level":"INFO","thread":"BftProcessorExecutor-QBFT-0","class":"ProposalValidator","message":"Invalid Proposal Payload: invalid proposal payload in proposal message","throwable":""}
{"timestamp":"2025-06-27T13:09:17,623","container":"6765e192c076","level":"INFO","thread":"BftProcessorExecutor-QBFT-0","class":"QbftBlockHeightManager","message":"Received future Proposal which is illegal, no round change triggered.","throwable":""}
{"timestamp":"2025-06-27T13:09:17,673","container":"6765e192c076","level":"INFO","thread":"EthScheduler-Workers-0","class":"TimestampBoundedByFutureParameter","message":"Invalid block header: timestamp 1751029759 is greater than the timestamp margin 1751029758","throwable":""}
{"timestamp":"2025-06-27T13:09:17,674","container":"6765e192c076","level":"WARN","thread":"EthScheduler-Workers-0","class":"BlockPropagationManager","message":"Added to bad block manager for invalid header, failed to import announced block 125 (0x03facd0492ac3408e7d1941143c4e3873b04d3e4ddd4ceecce2f3bc9567ea933)","throwable":""}
{"timestamp":"2025-06-27T13:09:36,715","container":"6765e192c076","level":"INFO","thread":"BftProcessorExecutor-QBFT-0","class":"TimestampBoundedByFutureParameter","message":"Invalid block header: timestamp 1751029778 is greater than the timestamp margin 1751029777","throwable":""}
{"timestamp":"2025-06-27T13:09:36,716","container":"6765e192c076","level":"INFO","thread":"BftProcessorExecutor-QBFT-0","class":"MainnetBlockValidator","message":"Invalid block 126 (0xa53e0e61e905a4e2fee5ba063527d884e467ba5460ec41c7e147978d275169e7): Optional[header validation rule violated, see logs]","throwable":""}
{"timestamp":"2025-06-27T13:09:36,716","container":"6765e192c076","level":"INFO","thread":"BftProcessorExecutor-QBFT-0","class":"ProposalPayloadValidator","message":"Invalid Proposal Payload: block did not pass validation. Reason Optional[header validation rule violated, see logs]","throwable":""}
{"timestamp":"2025-06-27T13:09:36,716","container":"6765e192c076","level":"INFO","thread":"BftProcessorExecutor-QBFT-0","class":"ProposalValidator","message":"Invalid Proposal Payload: invalid proposal payload in proposal message","throwable":""}
{"timestamp":"2025-06-27T13:09:36,744","container":"6765e192c076","level":"INFO","thread":"EthScheduler-Workers-0","class":"TimestampBoundedByFutureParameter","message":"Invalid block header: timestamp 1751029778 is greater than the timestamp margin 1751029777","throwable":""}
{"timestamp":"2025-06-27T13:09:36,745","container":"6765e192c076","level":"WARN","thread":"EthScheduler-Workers-0","class":"BlockPropagationManager","message":"Added to bad block manager for invalid header, failed to import announced block 126 (0xa53e0e61e905a4e2fee5ba063527d884e467ba5460ec41c7e147978d275169e7)","throwable":""}
{"timestamp":"2025-06-27T13:09:46,764","container":"6765e192c076","level":"INFO","thread":"BftProcessorExecutor-QBFT-0","class":"QbftBesuControllerBuilder","message":"Imported #127 / 0 tx / 0 pending / 0 (0.0%) gas / (0xf47b38b8e6369fc37e29663ba4db3105156649d4e6c306f2a9f0b1d5094ac32f)","throwable":""}
{"timestamp":"2025-06-27T13:09:52,638","container":"6765e192c076","level":"INFO","thread":"BftProcessorExecutor-QBFT-0","class":"TimestampBoundedByFutureParameter","message":"Invalid block header: timestamp 1751029794 is greater than the timestamp margin 1751029793","throwable":""}
{"timestamp":"2025-06-27T13:09:52,639","container":"6765e192c076","level":"INFO","thread":"BftProcessorExecutor-QBFT-0","class":"MainnetBlockValidator","message":"Invalid block 128 (0xe794b1d73a6c6dd58ec62be85d624da91518aed7f9c3a7dd06175675c888ba38): Optional[header validation rule violated, see logs]","throwable":""}
{"timestamp":"2025-06-27T13:09:52,639","container":"6765e192c076","level":"INFO","thread":"BftProcessorExecutor-QBFT-0","class":"ProposalPayloadValidator","message":"Invalid Proposal Payload: block did not pass validation. Reason Optional[header validation rule violated, see logs]","throwable":""}
{"timestamp":"2025-06-27T13:09:52,639","container":"6765e192c076","level":"INFO","thread":"BftProcessorExecutor-QBFT-0","class":"ProposalValidator","message":"Invalid Proposal Payload: invalid proposal payload in proposal message","throwable":""}
{"timestamp":"2025-06-27T13:09:52,639","container":"6765e192c076","level":"INFO","thread":"BftProcessorExecutor-QBFT-0","class":"QbftBlockHeightManager","message":"Received future Proposal which is illegal, no round change triggered.","throwable":""}
{"timestamp":"2025-06-27T13:09:52,674","container":"6765e192c076","level":"INFO","thread":"EthScheduler-Workers-0","class":"TimestampBoundedByFutureParameter","message":"Invalid block header: timestamp 1751029794 is greater than the timestamp margin 1751029793","throwable":""}
{"timestamp":"2025-06-27T13:09:52,675","container":"6765e192c076","level":"WARN","thread":"EthScheduler-Workers-0","class":"BlockPropagationManager","message":"Added to bad block manager for invalid header, failed to import announced block 128 (0xe794b1d73a6c6dd58ec62be85d624da91518aed7f9c3a7dd06175675c888ba38)","throwable":""}
{"timestamp":"2025-06-27T13:09:52,680","container":"6765e192c076","level":"INFO","thread":"EthScheduler-Workers-0","class":"TimestampBoundedByFutureParameter","message":"Invalid block header: timestamp 1751029794 is greater than the timestamp margin 1751029793","throwable":""}
{"timestamp":"2025-06-27T13:09:52,680","container":"6765e192c076","level":"WARN","thread":"EthScheduler-Workers-0","class":"BlockPropagationManager","message":"Added to bad block manager for invalid header, failed to import announced block 128 (0xe794b1d73a6c6dd58ec62be85d624da91518aed7f9c3a7dd06175675c888ba38)","throwable":""}
{"timestamp":"2025-06-27T13:10:11,789","container":"6765e192c076","level":"INFO","thread":"BftProcessorExecutor-QBFT-0","class":"TimestampBoundedByFutureParameter","message":"Invalid block header: timestamp 1751029813 is greater than the timestamp margin 1751029812","throwable":""}
{"timestamp":"2025-06-27T13:10:11,790","container":"6765e192c076","level":"INFO","thread":"BftProcessorExecutor-QBFT-0","class":"MainnetBlockValidator","message":"Invalid block 129 (0x05fcd444cd2e2375f0e7d835f55880802619b4a264c380dedaa4da173174bfb5): Optional[header validation rule violated, see logs]","throwable":""}
{"timestamp":"2025-06-27T13:10:11,790","container":"6765e192c076","level":"INFO","thread":"BftProcessorExecutor-QBFT-0","class":"ProposalPayloadValidator","message":"Invalid Proposal Payload: block did not pass validation. Reason Optional[header validation rule violated, see logs]","throwable":""}
{"timestamp":"2025-06-27T13:10:11,791","container":"6765e192c076","level":"INFO","thread":"BftProcessorExecutor-QBFT-0","class":"ProposalValidator","message":"Invalid Proposal Payload: invalid proposal payload in proposal message","throwable":""}
{"timestamp":"2025-06-27T13:10:11,847","container":"6765e192c076","level":"INFO","thread":"EthScheduler-Workers-0","class":"TimestampBoundedByFutureParameter","message":"Invalid block header: timestamp 1751029813 is greater than the timestamp margin 1751029812","throwable":""}
{"timestamp":"2025-06-27T13:10:11,848","container":"6765e192c076","level":"WARN","thread":"EthScheduler-Workers-0","class":"BlockPropagationManager","message":"Added to bad block manager for invalid header, failed to import announced block 129 (0x05fcd444cd2e2375f0e7d835f55880802619b4a264c380dedaa4da173174bfb5)","throwable":""}
{"timestamp":"2025-06-27T13:10:11,854","container":"6765e192c076","level":"INFO","thread":"EthScheduler-Workers-0","class":"TimestampBoundedByFutureParameter","message":"Invalid block header: timestamp 1751029813 is greater than the timestamp margin 1751029812","throwable":""}
{"timestamp":"2025-06-27T13:10:11,854","container":"6765e192c076","level":"WARN","thread":"EthScheduler-Workers-0","class":"BlockPropagationManager","message":"Added to bad block manager for invalid header, failed to import announced block 129 (0x05fcd444cd2e2375f0e7d835f55880802619b4a264c380dedaa4da173174bfb5)","throwable":""}
{"timestamp":"2025-06-27T13:10:11,860","container":"6765e192c076","level":"INFO","thread":"EthScheduler-Workers-0","class":"TimestampBoundedByFutureParameter","message":"Invalid block header: timestamp 1751029813 is greater than the timestamp margin 1751029812","throwable":""}
{"timestamp":"2025-06-27T13:10:11,860","container":"6765e192c076","level":"WARN","thread":"EthScheduler-Workers-0","class":"BlockPropagationManager","message":"Added to bad block manager for invalid header, failed to import announced block 129 (0x05fcd444cd2e2375f0e7d835f55880802619b4a264c380dedaa4da173174bfb5)","throwable":""}
{"timestamp":"2025-06-27T13:10:21,823","container":"6765e192c076","level":"INFO","thread":"BftProcessorExecutor-QBFT-0","class":"QbftBesuControllerBuilder","message":"Imported #130 / 0 tx / 0 pending / 0 (0.0%) gas / (0x51cccd0bf0f86991c013830671623d713505ff23e44bfde5e1194196569b063f)","throwable":""}
{"timestamp":"2025-06-27T13:10:27,655","container":"6765e192c076","level":"INFO","thread":"BftProcessorExecutor-QBFT-0","class":"TimestampBoundedByFutureParameter","message":"Invalid block header: timestamp 1751029829 is greater than the timestamp margin 1751029828","throwable":""}
{"timestamp":"2025-06-27T13:10:27,656","container":"6765e192c076","level":"INFO","thread":"BftProcessorExecutor-QBFT-0","class":"MainnetBlockValidator","message":"Invalid block 131 (0x7ea0b28f1d48304a9c501f60c94566422abb1734352270634fd3dc9e4b26f529): Optional[header validation rule violated, see logs]","throwable":""}
{"timestamp":"2025-06-27T13:10:27,656","container":"6765e192c076","level":"INFO","thread":"BftProcessorExecutor-QBFT-0","class":"ProposalPayloadValidator","message":"Invalid Proposal Payload: block did not pass validation. Reason Optional[header validation rule violated, see logs]","throwable":""}
{"timestamp":"2025-06-27T13:10:27,656","container":"6765e192c076","level":"INFO","thread":"BftProcessorExecutor-QBFT-0","class":"ProposalValidator","message":"Invalid Proposal Payload: invalid proposal payload in proposal message","throwable":""}
{"timestamp":"2025-06-27T13:10:27,656","container":"6765e192c076","level":"INFO","thread":"BftProcessorExecutor-QBFT-0","class":"QbftBlockHeightManager","message":"Received future Proposal which is illegal, no round change triggered.","throwable":""}
{"timestamp":"2025-06-27T13:10:27,677","container":"6765e192c076","level":"INFO","thread":"EthScheduler-Workers-0","class":"TimestampBoundedByFutureParameter","message":"Invalid block header: timestamp 1751029829 is greater than the timestamp margin 1751029828","throwable":""}
{"timestamp":"2025-06-27T13:10:27,678","container":"6765e192c076","level":"WARN","thread":"EthScheduler-Workers-0","class":"BlockPropagationManager","message":"Added to bad block manager for invalid header, failed to import announced block 131 (0x7ea0b28f1d48304a9c501f60c94566422abb1734352270634fd3dc9e4b26f529)","throwable":""}
{"timestamp":"2025-06-27T13:10:46,864","container":"6765e192c076","level":"INFO","thread":"BftProcessorExecutor-QBFT-0","class":"TimestampBoundedByFutureParameter","message":"Invalid block header: timestamp 1751029848 is greater than the timestamp margin 1751029847","throwable":""}
{"timestamp":"2025-06-27T13:10:46,864","container":"6765e192c076","level":"INFO","thread":"BftProcessorExecutor-QBFT-0","class":"MainnetBlockValidator","message":"Invalid block 132 (0x0a44d637aace35990260f73332f26a9a5da54df395cb5f135ed3eac03ed88a12): Optional[header validation rule violated, see logs]","throwable":""}
{"timestamp":"2025-06-27T13:10:46,865","container":"6765e192c076","level":"INFO","thread":"BftProcessorExecutor-QBFT-0","class":"ProposalPayloadValidator","message":"Invalid Proposal Payload: block did not pass validation. Reason Optional[header validation rule violated, see logs]","throwable":""}
{"timestamp":"2025-06-27T13:10:46,865","container":"6765e192c076","level":"INFO","thread":"BftProcessorExecutor-QBFT-0","class":"ProposalValidator","message":"Invalid Proposal Payload: invalid proposal payload in proposal message","throwable":""}
{"timestamp":"2025-06-27T13:10:46,892","container":"6765e192c076","level":"INFO","thread":"EthScheduler-Workers-0","class":"TimestampBoundedByFutureParameter","message":"Invalid block header: timestamp 1751029848 is greater than the timestamp margin 1751029847","throwable":""}
{"timestamp":"2025-06-27T13:10:46,894","container":"6765e192c076","level":"WARN","thread":"EthScheduler-Workers-0","class":"BlockPropagationManager","message":"Added to bad block manager for invalid header, failed to import announced block 132 (0x0a44d637aace35990260f73332f26a9a5da54df395cb5f135ed3eac03ed88a12)","throwable":""}
{"timestamp":"2025-06-27T13:10:46,898","container":"6765e192c076","level":"INFO","thread":"EthScheduler-Workers-0","class":"TimestampBoundedByFutureParameter","message":"Invalid block header: timestamp 1751029848 is greater than the timestamp margin 1751029847","throwable":""}
{"timestamp":"2025-06-27T13:10:46,899","container":"6765e192c076","level":"WARN","thread":"EthScheduler-Workers-0","class":"BlockPropagationManager","message":"Added to bad block manager for invalid header, failed to import announced block 132 (0x0a44d637aace35990260f73332f26a9a5da54df395cb5f135ed3eac03ed88a12)","throwable":""}
{"timestamp":"2025-06-27T13:10:46,899","container":"6765e192c076","level":"INFO","thread":"EthScheduler-Workers-0","class":"TimestampBoundedByFutureParameter","message":"Invalid block header: timestamp 1751029848 is greater than the timestamp margin 1751029847","throwable":""}
{"timestamp":"2025-06-27T13:10:46,900","container":"6765e192c076","level":"WARN","thread":"EthScheduler-Workers-0","class":"BlockPropagationManager","message":"Added to bad block manager for invalid header, failed to import announced block 132 (0x0a44d637aace35990260f73332f26a9a5da54df395cb5f135ed3eac03ed88a12)","throwable":""}
{"timestamp":"2025-06-27T13:10:56,931","container":"6765e192c076","level":"INFO","thread":"BftProcessorExecutor-QBFT-0","class":"QbftBesuControllerBuilder","message":"Imported #133 / 0 tx / 0 pending / 0 (0.0%) gas / (0x0f9e3f0934a1941f1148bb20e5a63b23b6b4ff3bb577b232bf7261ff9fc4746d)","throwable":""}
{"timestamp":"2025-06-27T13:11:02,672","container":"6765e192c076","level":"INFO","thread":"BftProcessorExecutor-QBFT-0","class":"TimestampBoundedByFutureParameter","message":"Invalid block header: timestamp 1751029864 is greater than the timestamp margin 1751029863","throwable":""}
{"timestamp":"2025-06-27T13:11:02,673","container":"6765e192c076","level":"INFO","thread":"BftProcessorExecutor-QBFT-0","class":"MainnetBlockValidator","message":"Invalid block 134 (0xe9447240b34e71ea73f851e26eb673eb166e869064a48caafed81cee748edc0b): Optional[header validation rule violated, see logs]","throwable":""}
{"timestamp":"2025-06-27T13:11:02,673","container":"6765e192c076","level":"INFO","thread":"BftProcessorExecutor-QBFT-0","class":"ProposalPayloadValidator","message":"Invalid Proposal Payload: block did not pass validation. Reason Optional[header validation rule violated, see logs]","throwable":""}
{"timestamp":"2025-06-27T13:11:02,673","container":"6765e192c076","level":"INFO","thread":"BftProcessorExecutor-QBFT-0","class":"ProposalValidator","message":"Invalid Proposal Payload: invalid proposal payload in proposal message","throwable":""}
{"timestamp":"2025-06-27T13:11:02,673","container":"6765e192c076","level":"INFO","thread":"BftProcessorExecutor-QBFT-0","class":"QbftBlockHeightManager","message":"Received future Proposal which is illegal, no round change triggered.","throwable":""}
{"timestamp":"2025-06-27T13:11:02,685","container":"6765e192c076","level":"INFO","thread":"EthScheduler-Workers-0","class":"TimestampBoundedByFutureParameter","message":"Invalid block header: timestamp 1751029864 is greater than the timestamp margin 1751029863","throwable":""}
{"timestamp":"2025-06-27T13:11:02,685","container":"6765e192c076","level":"WARN","thread":"EthScheduler-Workers-0","class":"BlockPropagationManager","message":"Added to bad block manager for invalid header, failed to import announced block 134 (0xe9447240b34e71ea73f851e26eb673eb166e869064a48caafed81cee748edc0b)","throwable":""}
{"timestamp":"2025-06-27T13:11:02,686","container":"6765e192c076","level":"INFO","thread":"EthScheduler-Workers-0","class":"TimestampBoundedByFutureParameter","message":"Invalid block header: timestamp 1751029864 is greater than the timestamp margin 1751029863","throwable":""}
{"timestamp":"2025-06-27T13:11:02,687","container":"6765e192c076","level":"WARN","thread":"EthScheduler-Workers-0","class":"BlockPropagationManager","message":"Added to bad block manager for invalid header, failed to import announced block 134 (0xe9447240b34e71ea73f851e26eb673eb166e869064a48caafed81cee748edc0b)","throwable":""}
{"timestamp":"2025-06-27T13:11:02,689","container":"6765e192c076","level":"INFO","thread":"EthScheduler-Workers-0","class":"TimestampBoundedByFutureParameter","message":"Invalid block header: timestamp 1751029864 is greater than the timestamp margin 1751029863","throwable":""}
{"timestamp":"2025-06-27T13:11:02,690","container":"6765e192c076","level":"WARN","thread":"EthScheduler-Workers-0","class":"BlockPropagationManager","message":"Added to bad block manager for invalid header, failed to import announced block 134 (0xe9447240b34e71ea73f851e26eb673eb166e869064a48caafed81cee748edc0b)","throwable":""}
{"timestamp":"2025-06-27T13:11:21,952","container":"6765e192c076","level":"INFO","thread":"BftProcessorExecutor-QBFT-0","class":"TimestampBoundedByFutureParameter","message":"Invalid block header: timestamp 1751029883 is greater than the timestamp margin 1751029882","throwable":""}
{"timestamp":"2025-06-27T13:11:21,953","container":"6765e192c076","level":"INFO","thread":"BftProcessorExecutor-QBFT-0","class":"MainnetBlockValidator","message":"Invalid block 135 (0x43ba9d3ad6fbf0cd3087791d1eb0d583d1a918afb1576be1c56aa15b69ff78cd): Optional[header validation rule violated, see logs]","throwable":""}
{"timestamp":"2025-06-27T13:11:21,953","container":"6765e192c076","level":"INFO","thread":"BftProcessorExecutor-QBFT-0","class":"ProposalPayloadValidator","message":"Invalid Proposal Payload: block did not pass validation. Reason Optional[header validation rule violated, see logs]","throwable":""}
{"timestamp":"2025-06-27T13:11:21,953","container":"6765e192c076","level":"INFO","thread":"BftProcessorExecutor-QBFT-0","class":"ProposalValidator","message":"Invalid Proposal Payload: invalid proposal payload in proposal message","throwable":""}
{"timestamp":"2025-06-27T13:11:21,979","container":"6765e192c076","level":"INFO","thread":"EthScheduler-Workers-0","class":"TimestampBoundedByFutureParameter","message":"Invalid block header: timestamp 1751029883 is greater than the timestamp margin 1751029882","throwable":""}
{"timestamp":"2025-06-27T13:11:21,980","container":"6765e192c076","level":"WARN","thread":"EthScheduler-Workers-0","class":"BlockPropagationManager","message":"Added to bad block manager for invalid header, failed to import announced block 135 (0x43ba9d3ad6fbf0cd3087791d1eb0d583d1a918afb1576be1c56aa15b69ff78cd)","throwable":""}
{"timestamp":"2025-06-27T13:11:31,988","container":"6765e192c076","level":"INFO","thread":"BftProcessorExecutor-QBFT-0","class":"QbftBesuControllerBuilder","message":"Imported #136 / 0 tx / 0 pending / 0 (0.0%) gas / (0x306185c116bf802ca36256455be96039de1e88f7534603b6ab9ca8564c392976)","throwable":""}
{"timestamp":"2025-06-27T13:11:37,689","container":"6765e192c076","level":"INFO","thread":"BftProcessorExecutor-QBFT-0","class":"TimestampBoundedByFutureParameter","message":"Invalid block header: timestamp 1751029899 is greater than the timestamp margin 1751029898","throwable":""}
{"timestamp":"2025-06-27T13:11:37,690","container":"6765e192c076","level":"INFO","thread":"BftProcessorExecutor-QBFT-0","class":"MainnetBlockValidator","message":"Invalid block 137 (0x2ed633d29ff465df9cb3359612caeef059748cbe6fb7d96523206cdd3cc9237a): Optional[header validation rule violated, see logs]","throwable":""}
{"timestamp":"2025-06-27T13:11:37,690","container":"6765e192c076","level":"INFO","thread":"BftProcessorExecutor-QBFT-0","class":"ProposalPayloadValidator","message":"Invalid Proposal Payload: block did not pass validation. Reason Optional[header validation rule violated, see logs]","throwable":""}
{"timestamp":"2025-06-27T13:11:37,690","container":"6765e192c076","level":"INFO","thread":"BftProcessorExecutor-QBFT-0","class":"ProposalValidator","message":"Invalid Proposal Payload: invalid proposal payload in proposal message","throwable":""}
{"timestamp":"2025-06-27T13:11:37,690","container":"6765e192c076","level":"INFO","thread":"BftProcessorExecutor-QBFT-0","class":"QbftBlockHeightManager","message":"Received future Proposal which is illegal, no round change triggered.","throwable":""}
{"timestamp":"2025-06-27T13:11:37,703","container":"6765e192c076","level":"INFO","thread":"EthScheduler-Workers-0","class":"TimestampBoundedByFutureParameter","message":"Invalid block header: timestamp 1751029899 is greater than the timestamp margin 1751029898","throwable":""}
{"timestamp":"2025-06-27T13:11:37,703","container":"6765e192c076","level":"WARN","thread":"EthScheduler-Workers-0","class":"BlockPropagationManager","message":"Added to bad block manager for invalid header, failed to import announced block 137 (0x2ed633d29ff465df9cb3359612caeef059748cbe6fb7d96523206cdd3cc9237a)","throwable":""}
{"timestamp":"2025-06-27T13:11:37,704","container":"6765e192c076","level":"INFO","thread":"EthScheduler-Workers-0","class":"TimestampBoundedByFutureParameter","message":"Invalid block header: timestamp 1751029899 is greater than the timestamp margin 1751029898","throwable":""}
{"timestamp":"2025-06-27T13:11:37,705","container":"6765e192c076","level":"WARN","thread":"EthScheduler-Workers-0","class":"BlockPropagationManager","message":"Added to bad block manager for invalid header, failed to import announced block 137 (0x2ed633d29ff465df9cb3359612caeef059748cbe6fb7d96523206cdd3cc9237a)","throwable":""}
{"timestamp":"2025-06-27T13:11:57,039","container":"6765e192c076","level":"INFO","thread":"BftProcessorExecutor-QBFT-0","class":"QbftRound","message":"Importing proposed block to chain. round=ConsensusRoundIdentifier{Sequence=138, Round=1}, hash=0xc939c5fedb1bd0d0890217226210efbb40267457532dfd9e8b46b121bcf6bba4","throwable":""}
{"timestamp":"2025-06-27T13:11:57,052","container":"6765e192c076","level":"INFO","thread":"BftProcessorExecutor-QBFT-0","class":"QbftBesuControllerBuilder","message":"Imported #138 / 0 tx / 0 pending / 0 (0.0%) gas / (0xc939c5fedb1bd0d0890217226210efbb40267457532dfd9e8b46b121bcf6bba4)","throwable":""}
{"timestamp":"2025-06-27T13:12:04,704","container":"6765e192c076","level":"INFO","thread":"BftProcessorExecutor-QBFT-0","class":"TimestampBoundedByFutureParameter","message":"Invalid block header: timestamp 1751029926 is greater than the timestamp margin 1751029925","throwable":""}
{"timestamp":"2025-06-27T13:12:04,704","container":"6765e192c076","level":"INFO","thread":"BftProcessorExecutor-QBFT-0","class":"MainnetBlockValidator","message":"Invalid block 139 (0x5aefde8a8fedd388b50936dfddb4ac82e9fbccd37d454bbce74babee7de76b64): Optional[header validation rule violated, see logs]","throwable":""}
{"timestamp":"2025-06-27T13:12:04,704","container":"6765e192c076","level":"INFO","thread":"BftProcessorExecutor-QBFT-0","class":"ProposalPayloadValidator","message":"Invalid Proposal Payload: block did not pass validation. Reason Optional[header validation rule violated, see logs]","throwable":""}
{"timestamp":"2025-06-27T13:12:04,704","container":"6765e192c076","level":"INFO","thread":"BftProcessorExecutor-QBFT-0","class":"ProposalValidator","message":"Invalid Proposal Payload: invalid proposal payload in proposal message","throwable":""}
{"timestamp":"2025-06-27T13:12:04,704","container":"6765e192c076","level":"INFO","thread":"BftProcessorExecutor-QBFT-0","class":"QbftBlockHeightManager","message":"Received future Proposal which is illegal, no round change triggered.","throwable":""}
{"timestamp":"2025-06-27T13:12:04,723","container":"6765e192c076","level":"INFO","thread":"EthScheduler-Workers-0","class":"TimestampBoundedByFutureParameter","message":"Invalid block header: timestamp 1751029926 is greater than the timestamp margin 1751029925","throwable":""}
{"timestamp":"2025-06-27T13:12:04,724","container":"6765e192c076","level":"WARN","thread":"EthScheduler-Workers-0","class":"BlockPropagationManager","message":"Added to bad block manager for invalid header, failed to import announced block 139 (0x5aefde8a8fedd388b50936dfddb4ac82e9fbccd37d454bbce74babee7de76b64)","throwable":""}
{"timestamp":"2025-06-27T13:12:04,727","container":"6765e192c076","level":"INFO","thread":"EthScheduler-Workers-0","class":"TimestampBoundedByFutureParameter","message":"Invalid block header: timestamp 1751029926 is greater than the timestamp margin 1751029925","throwable":""}
{"timestamp":"2025-06-27T13:12:04,727","container":"6765e192c076","level":"WARN","thread":"EthScheduler-Workers-0","class":"BlockPropagationManager","message":"Added to bad block manager for invalid header, failed to import announced block 139 (0x5aefde8a8fedd388b50936dfddb4ac82e9fbccd37d454bbce74babee7de76b64)","throwable":""}
{"timestamp":"2025-06-27T13:12:17,056","container":"6765e192c076","level":"INFO","thread":"EthScheduler-Workers-0","class":"PersistBlockTask","message":"Block 140 (0xac413cf33d3b0e1fb840f0ba5595e5c6dd94610bdd81c988768ca6d30a9400c2) is already imported","throwable":""}
{"timestamp":"2025-06-27T13:12:17,056","container":"6765e192c076","level":"INFO","thread":"BftProcessorExecutor-QBFT-0","class":"QbftBesuControllerBuilder","message":"Imported #140 / 0 tx / 0 pending / 0 (0.0%) gas / (0xac413cf33d3b0e1fb840f0ba5595e5c6dd94610bdd81c988768ca6d30a9400c2)","throwable":""}
{"timestamp":"2025-06-27T13:12:22,031","container":"6765e192c076","level":"INFO","thread":"EthScheduler-Workers-0","class":"PersistBlockTask","message":"Block 141 (0x6f309c9a37d2b896a8a491a5301b28a5e5a96c2975160ff16b5ced5fcd9211f2) is already imported","throwable":""}
{"timestamp":"2025-06-27T13:12:22,033","container":"6765e192c076","level":"INFO","thread":"BftProcessorExecutor-QBFT-0","class":"QbftBesuControllerBuilder","message":"Produced #141 / 0 tx / 0 pending / 0 (0.0%) gas / (0x6f309c9a37d2b896a8a491a5301b28a5e5a96c2975160ff16b5ced5fcd9211f2)","throwable":""}
{"timestamp":"2025-06-27T13:12:28,716","container":"6765e192c076","level":"INFO","thread":"BftProcessorExecutor-QBFT-0","class":"TimestampBoundedByFutureParameter","message":"Invalid block header: timestamp 1751029950 is greater than the timestamp margin 1751029949","throwable":""}
{"timestamp":"2025-06-27T13:12:28,716","container":"6765e192c076","level":"INFO","thread":"BftProcessorExecutor-QBFT-0","class":"MainnetBlockValidator","message":"Invalid block 142 (0x8f42c73b0e675570b6833cbd87d0a8845798bbaf13c5f3a35b9f8f3ec3880d3e): Optional[header validation rule violated, see logs]","throwable":""}
{"timestamp":"2025-06-27T13:12:28,716","container":"6765e192c076","level":"INFO","thread":"BftProcessorExecutor-QBFT-0","class":"ProposalPayloadValidator","message":"Invalid Proposal Payload: block did not pass validation. Reason Optional[header validation rule violated, see logs]","throwable":""}
{"timestamp":"2025-06-27T13:12:28,716","container":"6765e192c076","level":"INFO","thread":"BftProcessorExecutor-QBFT-0","class":"ProposalValidator","message":"Invalid Proposal Payload: invalid proposal payload in proposal message","throwable":""}
{"timestamp":"2025-06-27T13:12:28,716","container":"6765e192c076","level":"INFO","thread":"BftProcessorExecutor-QBFT-0","class":"QbftBlockHeightManager","message":"Received future Proposal which is illegal, no round change triggered.","throwable":""}
{"timestamp":"2025-06-27T13:12:28,741","container":"6765e192c076","level":"INFO","thread":"EthScheduler-Workers-0","class":"TimestampBoundedByFutureParameter","message":"Invalid block header: timestamp 1751029950 is greater than the timestamp margin 1751029949","throwable":""}
{"timestamp":"2025-06-27T13:12:28,742","container":"6765e192c076","level":"WARN","thread":"EthScheduler-Workers-0","class":"BlockPropagationManager","message":"Added to bad block manager for invalid header, failed to import announced block 142 (0x8f42c73b0e675570b6833cbd87d0a8845798bbaf13c5f3a35b9f8f3ec3880d3e)","throwable":""}
{"timestamp":"2025-06-27T13:12:28,743","container":"6765e192c076","level":"INFO","thread":"EthScheduler-Workers-0","class":"TimestampBoundedByFutureParameter","message":"Invalid block header: timestamp 1751029950 is greater than the timestamp margin 1751029949","throwable":""}
{"timestamp":"2025-06-27T13:12:28,744","container":"6765e192c076","level":"WARN","thread":"EthScheduler-Workers-0","class":"BlockPropagationManager","message":"Added to bad block manager for invalid header, failed to import announced block 142 (0x8f42c73b0e675570b6833cbd87d0a8845798bbaf13c5f3a35b9f8f3ec3880d3e)","throwable":""}
{"timestamp":"2025-06-27T13:12:37,093","container":"6765e192c076","level":"INFO","thread":"BftProcessorExecutor-QBFT-0","class":"QbftBesuControllerBuilder","message":"Imported #143 / 0 tx / 0 pending / 0 (0.0%) gas / (0x52c96e959db2777e52f1572581a5ba1547b66fde3eeb57725e982466ebd90724)","throwable":""}
{"timestamp":"2025-06-27T13:12:44,724","container":"6765e192c076","level":"INFO","thread":"BftProcessorExecutor-QBFT-0","class":"TimestampBoundedByFutureParameter","message":"Invalid block header: timestamp 1751029966 is greater than the timestamp margin 1751029965","throwable":""}
{"timestamp":"2025-06-27T13:12:44,725","container":"6765e192c076","level":"INFO","thread":"BftProcessorExecutor-QBFT-0","class":"MainnetBlockValidator","message":"Invalid block 144 (0x33328f8c641a010461dfae9cf01269e7cf86dd14dbea41754a1212baa5b4dbc7): Optional[header validation rule violated, see logs]","throwable":""}
{"timestamp":"2025-06-27T13:12:44,725","container":"6765e192c076","level":"INFO","thread":"BftProcessorExecutor-QBFT-0","class":"ProposalPayloadValidator","message":"Invalid Proposal Payload: block did not pass validation. Reason Optional[header validation rule violated, see logs]","throwable":""}
{"timestamp":"2025-06-27T13:12:44,725","container":"6765e192c076","level":"INFO","thread":"BftProcessorExecutor-QBFT-0","class":"ProposalValidator","message":"Invalid Proposal Payload: invalid proposal payload in proposal message","throwable":""}
{"timestamp":"2025-06-27T13:12:44,725","container":"6765e192c076","level":"INFO","thread":"BftProcessorExecutor-QBFT-0","class":"QbftBlockHeightManager","message":"Received future Proposal which is illegal, no round change triggered.","throwable":""}
{"timestamp":"2025-06-27T13:12:44,739","container":"6765e192c076","level":"INFO","thread":"EthScheduler-Workers-0","class":"TimestampBoundedByFutureParameter","message":"Invalid block header: timestamp 1751029966 is greater than the timestamp margin 1751029965","throwable":""}
{"timestamp":"2025-06-27T13:12:44,741","container":"6765e192c076","level":"WARN","thread":"EthScheduler-Workers-0","class":"BlockPropagationManager","message":"Added to bad block manager for invalid header, failed to import announced block 144 (0x33328f8c641a010461dfae9cf01269e7cf86dd14dbea41754a1212baa5b4dbc7)","throwable":""}
{"timestamp":"2025-06-27T13:12:44,742","container":"6765e192c076","level":"INFO","thread":"EthScheduler-Workers-0","class":"TimestampBoundedByFutureParameter","message":"Invalid block header: timestamp 1751029966 is greater than the timestamp margin 1751029965","throwable":""}
{"timestamp":"2025-06-27T13:12:44,742","container":"6765e192c076","level":"WARN","thread":"EthScheduler-Workers-0","class":"BlockPropagationManager","message":"Added to bad block manager for invalid header, failed to import announced block 144 (0x33328f8c641a010461dfae9cf01269e7cf86dd14dbea41754a1212baa5b4dbc7)","throwable":""}
{"timestamp":"2025-06-27T13:13:07,156","container":"6765e192c076","level":"INFO","thread":"BftProcessorExecutor-QBFT-0","class":"QbftRound","message":"Importing proposed block to chain. round=ConsensusRoundIdentifier{Sequence=145, Round=1}, hash=0x376a379af38f01b81c8193ca0cb760d978aa3ee05e80c05e5743f1f7e851c5c9","throwable":""}
{"timestamp":"2025-06-27T13:13:07,172","container":"6765e192c076","level":"INFO","thread":"BftProcessorExecutor-QBFT-0","class":"QbftBesuControllerBuilder","message":"Imported #145 / 0 tx / 0 pending / 0 (0.0%) gas / (0x376a379af38f01b81c8193ca0cb760d978aa3ee05e80c05e5743f1f7e851c5c9)","throwable":""}
{"timestamp":"2025-06-27T13:13:14,740","container":"6765e192c076","level":"INFO","thread":"BftProcessorExecutor-QBFT-0","class":"TimestampBoundedByFutureParameter","message":"Invalid block header: timestamp 1751029996 is greater than the timestamp margin 1751029995","throwable":""}
{"timestamp":"2025-06-27T13:13:14,741","container":"6765e192c076","level":"INFO","thread":"BftProcessorExecutor-QBFT-0","class":"MainnetBlockValidator","message":"Invalid block 146 (0x33bdd119c2f8f09c2cd177c4eeb400864603f8c97636c238d74eb8c9e44d0a85): Optional[header validation rule violated, see logs]","throwable":""}
{"timestamp":"2025-06-27T13:13:14,741","container":"6765e192c076","level":"INFO","thread":"BftProcessorExecutor-QBFT-0","class":"ProposalPayloadValidator","message":"Invalid Proposal Payload: block did not pass validation. Reason Optional[header validation rule violated, see logs]","throwable":""}
{"timestamp":"2025-06-27T13:13:14,741","container":"6765e192c076","level":"INFO","thread":"BftProcessorExecutor-QBFT-0","class":"ProposalValidator","message":"Invalid Proposal Payload: invalid proposal payload in proposal message","throwable":""}
{"timestamp":"2025-06-27T13:13:14,741","container":"6765e192c076","level":"INFO","thread":"BftProcessorExecutor-QBFT-0","class":"QbftBlockHeightManager","message":"Received future Proposal which is illegal, no round change triggered.","throwable":""}
{"timestamp":"2025-06-27T13:13:14,762","container":"6765e192c076","level":"INFO","thread":"EthScheduler-Workers-0","class":"TimestampBoundedByFutureParameter","message":"Invalid block header: timestamp 1751029996 is greater than the timestamp margin 1751029995","throwable":""}
{"timestamp":"2025-06-27T13:13:14,762","container":"6765e192c076","level":"WARN","thread":"EthScheduler-Workers-0","class":"BlockPropagationManager","message":"Added to bad block manager for invalid header, failed to import announced block 146 (0x33bdd119c2f8f09c2cd177c4eeb400864603f8c97636c238d74eb8c9e44d0a85)","throwable":""}
{"timestamp":"2025-06-27T13:13:14,764","container":"6765e192c076","level":"INFO","thread":"EthScheduler-Workers-0","class":"TimestampBoundedByFutureParameter","message":"Invalid block header: timestamp 1751029996 is greater than the timestamp margin 1751029995","throwable":""}
{"timestamp":"2025-06-27T13:13:14,765","container":"6765e192c076","level":"WARN","thread":"EthScheduler-Workers-0","class":"BlockPropagationManager","message":"Added to bad block manager for invalid header, failed to import announced block 146 (0x33bdd119c2f8f09c2cd177c4eeb400864603f8c97636c238d74eb8c9e44d0a85)","throwable":""}
{"timestamp":"2025-06-27T13:13:27,184","container":"6765e192c076","level":"INFO","thread":"BftProcessorExecutor-QBFT-0","class":"QbftBesuControllerBuilder","message":"Imported #147 / 0 tx / 0 pending / 0 (0.0%) gas / (0x2927d7c354c9e2d6cedadbab9910ffe9aca1d45d9a0ab55ca05040d4c66418bd)","throwable":""}
{"timestamp":"2025-06-27T13:13:32,040","container":"6765e192c076","level":"INFO","thread":"BftProcessorExecutor-QBFT-0","class":"QbftBesuControllerBuilder","message":"Produced #148 / 0 tx / 0 pending / 0 (0.0%) gas / (0xbb6713fe4de9d51e93ce877a8316c0adf7cc2ccd8c3a76371b09b50e9b24fb6d)","throwable":""}
{"timestamp":"2025-06-27T13:13:38,750","container":"6765e192c076","level":"INFO","thread":"BftProcessorExecutor-QBFT-0","class":"TimestampBoundedByFutureParameter","message":"Invalid block header: timestamp 1751030020 is greater than the timestamp margin 1751030019","throwable":""}
{"timestamp":"2025-06-27T13:13:38,750","container":"6765e192c076","level":"INFO","thread":"BftProcessorExecutor-QBFT-0","class":"MainnetBlockValidator","message":"Invalid block 149 (0x035f00ae602f9c7aef2160788c1082854f973350a65bd20a8e4567efec3aff34): Optional[header validation rule violated, see logs]","throwable":""}
{"timestamp":"2025-06-27T13:13:38,751","container":"6765e192c076","level":"INFO","thread":"BftProcessorExecutor-QBFT-0","class":"ProposalPayloadValidator","message":"Invalid Proposal Payload: block did not pass validation. Reason Optional[header validation rule violated, see logs]","throwable":""}
{"timestamp":"2025-06-27T13:13:38,751","container":"6765e192c076","level":"INFO","thread":"BftProcessorExecutor-QBFT-0","class":"ProposalValidator","message":"Invalid Proposal Payload: invalid proposal payload in proposal message","throwable":""}
{"timestamp":"2025-06-27T13:13:38,751","container":"6765e192c076","level":"INFO","thread":"BftProcessorExecutor-QBFT-0","class":"QbftBlockHeightManager","message":"Received future Proposal which is illegal, no round change triggered.","throwable":""}
{"timestamp":"2025-06-27T13:13:38,762","container":"6765e192c076","level":"INFO","thread":"EthScheduler-Workers-0","class":"TimestampBoundedByFutureParameter","message":"Invalid block header: timestamp 1751030020 is greater than the timestamp margin 1751030019","throwable":""}
{"timestamp":"2025-06-27T13:13:38,763","container":"6765e192c076","level":"WARN","thread":"EthScheduler-Workers-0","class":"BlockPropagationManager","message":"Added to bad block manager for invalid header, failed to import announced block 149 (0x035f00ae602f9c7aef2160788c1082854f973350a65bd20a8e4567efec3aff34)","throwable":""}
{"timestamp":"2025-06-27T13:13:38,763","container":"6765e192c076","level":"INFO","thread":"EthScheduler-Workers-0","class":"TimestampBoundedByFutureParameter","message":"Invalid block header: timestamp 1751030020 is greater than the timestamp margin 1751030019","throwable":""}
{"timestamp":"2025-06-27T13:13:38,764","container":"6765e192c076","level":"WARN","thread":"EthScheduler-Workers-0","class":"BlockPropagationManager","message":"Added to bad block manager for invalid header, failed to import announced block 149 (0x035f00ae602f9c7aef2160788c1082854f973350a65bd20a8e4567efec3aff34)","throwable":""}
{"timestamp":"2025-06-27T13:13:47,237","container":"6765e192c076","level":"INFO","thread":"BftProcessorExecutor-QBFT-0","class":"QbftBesuControllerBuilder","message":"Imported #150 / 0 tx / 0 pending / 0 (0.0%) gas / (0xe723fc3103fa5ea6f3202657cfb9a082968017493a24142c4a03ad33dcbb0577)","throwable":""}
{"timestamp":"2025-06-27T13:13:54,758","container":"6765e192c076","level":"INFO","thread":"BftProcessorExecutor-QBFT-0","class":"TimestampBoundedByFutureParameter","message":"Invalid block header: timestamp 1751030036 is greater than the timestamp margin 1751030035","throwable":""}
{"timestamp":"2025-06-27T13:13:54,759","container":"6765e192c076","level":"INFO","thread":"BftProcessorExecutor-QBFT-0","class":"MainnetBlockValidator","message":"Invalid block 151 (0x95fdb7638ae50d2972318c05b567cff513833d43ae7bc3bc5d22ba8c4670a37a): Optional[header validation rule violated, see logs]","throwable":""}
{"timestamp":"2025-06-27T13:13:54,759","container":"6765e192c076","level":"INFO","thread":"BftProcessorExecutor-QBFT-0","class":"ProposalPayloadValidator","message":"Invalid Proposal Payload: block did not pass validation. Reason Optional[header validation rule violated, see logs]","throwable":""}
{"timestamp":"2025-06-27T13:13:54,759","container":"6765e192c076","level":"INFO","thread":"BftProcessorExecutor-QBFT-0","class":"ProposalValidator","message":"Invalid Proposal Payload: invalid proposal payload in proposal message","throwable":""}
{"timestamp":"2025-06-27T13:13:54,759","container":"6765e192c076","level":"INFO","thread":"BftProcessorExecutor-QBFT-0","class":"QbftBlockHeightManager","message":"Received future Proposal which is illegal, no round change triggered.","throwable":""}
{"timestamp":"2025-06-27T13:13:54,769","container":"6765e192c076","level":"INFO","thread":"EthScheduler-Workers-0","class":"TimestampBoundedByFutureParameter","message":"Invalid block header: timestamp 1751030036 is greater than the timestamp margin 1751030035","throwable":""}
{"timestamp":"2025-06-27T13:13:54,769","container":"6765e192c076","level":"WARN","thread":"EthScheduler-Workers-0","class":"BlockPropagationManager","message":"Added to bad block manager for invalid header, failed to import announced block 151 (0x95fdb7638ae50d2972318c05b567cff513833d43ae7bc3bc5d22ba8c4670a37a)","throwable":""}
{"timestamp":"2025-06-27T13:13:54,771","container":"6765e192c076","level":"INFO","thread":"EthScheduler-Workers-0","class":"TimestampBoundedByFutureParameter","message":"Invalid block header: timestamp 1751030036 is greater than the timestamp margin 1751030035","throwable":""}
{"timestamp":"2025-06-27T13:13:54,771","container":"6765e192c076","level":"WARN","thread":"EthScheduler-Workers-0","class":"BlockPropagationManager","message":"Added to bad block manager for invalid header, failed to import announced block 151 (0x95fdb7638ae50d2972318c05b567cff513833d43ae7bc3bc5d22ba8c4670a37a)","throwable":""}
{"timestamp":"2025-06-27T13:14:17,274","container":"6765e192c076","level":"INFO","thread":"BftProcessorExecutor-QBFT-0","class":"QbftRound","message":"Importing proposed block to chain. round=ConsensusRoundIdentifier{Sequence=152, Round=1}, hash=0x9e4dab2506abd2369d80e4e4784338d813d6dadfdf3b7b2f7e1bac5e7d2bb175","throwable":""}
{"timestamp":"2025-06-27T13:14:17,284","container":"6765e192c076","level":"INFO","thread":"BftProcessorExecutor-QBFT-0","class":"QbftBesuControllerBuilder","message":"Imported #152 / 0 tx / 0 pending / 0 (0.0%) gas / (0x9e4dab2506abd2369d80e4e4784338d813d6dadfdf3b7b2f7e1bac5e7d2bb175)","throwable":""}
{"timestamp":"2025-06-27T13:14:24,773","container":"6765e192c076","level":"INFO","thread":"BftProcessorExecutor-QBFT-0","class":"TimestampBoundedByFutureParameter","message":"Invalid block header: timestamp 1751030066 is greater than the timestamp margin 1751030065","throwable":""}
{"timestamp":"2025-06-27T13:14:24,774","container":"6765e192c076","level":"INFO","thread":"BftProcessorExecutor-QBFT-0","class":"MainnetBlockValidator","message":"Invalid block 153 (0xf0a4ca2714937f3f34e9fe86629deb770c67d390998b15998fe78558c65ff51b): Optional[header validation rule violated, see logs]","throwable":""}
{"timestamp":"2025-06-27T13:14:24,774","container":"6765e192c076","level":"INFO","thread":"BftProcessorExecutor-QBFT-0","class":"ProposalPayloadValidator","message":"Invalid Proposal Payload: block did not pass validation. Reason Optional[header validation rule violated, see logs]","throwable":""}
{"timestamp":"2025-06-27T13:14:24,774","container":"6765e192c076","level":"INFO","thread":"BftProcessorExecutor-QBFT-0","class":"ProposalValidator","message":"Invalid Proposal Payload: invalid proposal payload in proposal message","throwable":""}
{"timestamp":"2025-06-27T13:14:24,774","container":"6765e192c076","level":"INFO","thread":"BftProcessorExecutor-QBFT-0","class":"QbftBlockHeightManager","message":"Received future Proposal which is illegal, no round change triggered.","throwable":""}
{"timestamp":"2025-06-27T13:14:24,790","container":"6765e192c076","level":"INFO","thread":"EthScheduler-Workers-0","class":"TimestampBoundedByFutureParameter","message":"Invalid block header: timestamp 1751030066 is greater than the timestamp margin 1751030065","throwable":""}
{"timestamp":"2025-06-27T13:14:24,790","container":"6765e192c076","level":"WARN","thread":"EthScheduler-Workers-0","class":"BlockPropagationManager","message":"Added to bad block manager for invalid header, failed to import announced block 153 (0xf0a4ca2714937f3f34e9fe86629deb770c67d390998b15998fe78558c65ff51b)","throwable":""}
{"timestamp":"2025-06-27T13:14:24,792","container":"6765e192c076","level":"INFO","thread":"EthScheduler-Workers-0","class":"TimestampBoundedByFutureParameter","message":"Invalid block header: timestamp 1751030066 is greater than the timestamp margin 1751030065","throwable":""}
{"timestamp":"2025-06-27T13:14:24,792","container":"6765e192c076","level":"WARN","thread":"EthScheduler-Workers-0","class":"BlockPropagationManager","message":"Added to bad block manager for invalid header, failed to import announced block 153 (0xf0a4ca2714937f3f34e9fe86629deb770c67d390998b15998fe78558c65ff51b)","throwable":""}
{"timestamp":"2025-06-27T13:14:24,793","container":"6765e192c076","level":"INFO","thread":"EthScheduler-Workers-0","class":"TimestampBoundedByFutureParameter","message":"Invalid block header: timestamp 1751030066 is greater than the timestamp margin 1751030065","throwable":""}
{"timestamp":"2025-06-27T13:14:24,793","container":"6765e192c076","level":"WARN","thread":"EthScheduler-Workers-0","class":"BlockPropagationManager","message":"Added to bad block manager for invalid header, failed to import announced block 153 (0xf0a4ca2714937f3f34e9fe86629deb770c67d390998b15998fe78558c65ff51b)","throwable":""}
{"timestamp":"2025-06-27T13:14:37,295","container":"6765e192c076","level":"INFO","thread":"BftProcessorExecutor-QBFT-0","class":"QbftBesuControllerBuilder","message":"Imported #154 / 0 tx / 0 pending / 0 (0.0%) gas / (0x934d1672e864885c4a3248f7e7d0b5b4906957f45c9cc0114845c1f3b49f24de)","throwable":""}
{"timestamp":"2025-06-27T13:14:42,025","container":"6765e192c076","level":"INFO","thread":"EthScheduler-Workers-0","class":"PersistBlockTask","message":"Block 155 (0xe3969655f7cef1954b6565f701529f02842df2bdb6df5dda476bbfb72246eaba) is already imported","throwable":""}
{"timestamp":"2025-06-27T13:14:42,025","container":"6765e192c076","level":"INFO","thread":"BftProcessorExecutor-QBFT-0","class":"QbftBesuControllerBuilder","message":"Produced #155 / 0 tx / 0 pending / 0 (0.0%) gas / (0xe3969655f7cef1954b6565f701529f02842df2bdb6df5dda476bbfb72246eaba)","throwable":""}
{"timestamp":"2025-06-27T13:14:48,786","container":"6765e192c076","level":"INFO","thread":"BftProcessorExecutor-QBFT-0","class":"TimestampBoundedByFutureParameter","message":"Invalid block header: timestamp 1751030090 is greater than the timestamp margin 1751030089","throwable":""}
{"timestamp":"2025-06-27T13:14:48,787","container":"6765e192c076","level":"INFO","thread":"BftProcessorExecutor-QBFT-0","class":"MainnetBlockValidator","message":"Invalid block 156 (0xcbe66ab7a35b581b617822dbd0dc977d7bcf0c33bd19b314c5445ee5757406ef): Optional[header validation rule violated, see logs]","throwable":""}
{"timestamp":"2025-06-27T13:14:48,787","container":"6765e192c076","level":"INFO","thread":"BftProcessorExecutor-QBFT-0","class":"ProposalPayloadValidator","message":"Invalid Proposal Payload: block did not pass validation. Reason Optional[header validation rule violated, see logs]","throwable":""}
{"timestamp":"2025-06-27T13:14:48,787","container":"6765e192c076","level":"INFO","thread":"BftProcessorExecutor-QBFT-0","class":"ProposalValidator","message":"Invalid Proposal Payload: invalid proposal payload in proposal message","throwable":""}
{"timestamp":"2025-06-27T13:14:48,787","container":"6765e192c076","level":"INFO","thread":"BftProcessorExecutor-QBFT-0","class":"QbftBlockHeightManager","message":"Received future Proposal which is illegal, no round change triggered.","throwable":""}
{"timestamp":"2025-06-27T13:14:48,797","container":"6765e192c076","level":"INFO","thread":"EthScheduler-Workers-0","class":"TimestampBoundedByFutureParameter","message":"Invalid block header: timestamp 1751030090 is greater than the timestamp margin 1751030089","throwable":""}
{"timestamp":"2025-06-27T13:14:48,798","container":"6765e192c076","level":"WARN","thread":"EthScheduler-Workers-0","class":"BlockPropagationManager","message":"Added to bad block manager for invalid header, failed to import announced block 156 (0xcbe66ab7a35b581b617822dbd0dc977d7bcf0c33bd19b314c5445ee5757406ef)","throwable":""}
{"timestamp":"2025-06-27T13:14:57,321","container":"6765e192c076","level":"INFO","thread":"BftProcessorExecutor-QBFT-0","class":"QbftBesuControllerBuilder","message":"Imported #157 / 0 tx / 0 pending / 0 (0.0%) gas / (0x6f49442a70cec47e550128c6b142437ee1f7b92c59ff0385c3e15d4c5bee05ee)","throwable":""}
{"timestamp":"2025-06-27T13:15:04,794","container":"6765e192c076","level":"INFO","thread":"BftProcessorExecutor-QBFT-0","class":"TimestampBoundedByFutureParameter","message":"Invalid block header: timestamp 1751030106 is greater than the timestamp margin 1751030105","throwable":""}
{"timestamp":"2025-06-27T13:15:04,794","container":"6765e192c076","level":"INFO","thread":"BftProcessorExecutor-QBFT-0","class":"MainnetBlockValidator","message":"Invalid block 158 (0x01ed56ccadf97ea5758ebbabda25ef4d885fbff5d7166c7f6b4d684fa3dbdbfd): Optional[header validation rule violated, see logs]","throwable":""}
{"timestamp":"2025-06-27T13:15:04,794","container":"6765e192c076","level":"INFO","thread":"BftProcessorExecutor-QBFT-0","class":"ProposalPayloadValidator","message":"Invalid Proposal Payload: block did not pass validation. Reason Optional[header validation rule violated, see logs]","throwable":""}
{"timestamp":"2025-06-27T13:15:04,794","container":"6765e192c076","level":"INFO","thread":"BftProcessorExecutor-QBFT-0","class":"ProposalValidator","message":"Invalid Proposal Payload: invalid proposal payload in proposal message","throwable":""}
{"timestamp":"2025-06-27T13:15:04,794","container":"6765e192c076","level":"INFO","thread":"BftProcessorExecutor-QBFT-0","class":"QbftBlockHeightManager","message":"Received future Proposal which is illegal, no round change triggered.","throwable":""}
{"timestamp":"2025-06-27T13:15:04,812","container":"6765e192c076","level":"INFO","thread":"EthScheduler-Workers-0","class":"TimestampBoundedByFutureParameter","message":"Invalid block header: timestamp 1751030106 is greater than the timestamp margin 1751030105","throwable":""}
{"timestamp":"2025-06-27T13:15:04,813","container":"6765e192c076","level":"WARN","thread":"EthScheduler-Workers-0","class":"BlockPropagationManager","message":"Added to bad block manager for invalid header, failed to import announced block 158 (0x01ed56ccadf97ea5758ebbabda25ef4d885fbff5d7166c7f6b4d684fa3dbdbfd)","throwable":""}
{"timestamp":"2025-06-27T13:15:27,382","container":"6765e192c076","level":"INFO","thread":"BftProcessorExecutor-QBFT-0","class":"QbftRound","message":"Importing proposed block to chain. round=ConsensusRoundIdentifier{Sequence=159, Round=1}, hash=0x3df5489662ae2129935a0b799b66eb81199cc7fcd5defcd9c9193a33386d606c","throwable":""}
{"timestamp":"2025-06-27T13:15:27,403","container":"6765e192c076","level":"INFO","thread":"EthScheduler-Workers-0","class":"PersistBlockTask","message":"Imported #159 / 0 tx / 0 om / 0 (0.0%) gas / (0x3df5489662ae2129935a0b799b66eb81199cc7fcd5defcd9c9193a33386d606c) in 0.003s. Peers: 3","throwable":""}
{"timestamp":"2025-06-27T13:15:27,405","container":"6765e192c076","level":"INFO","thread":"BftProcessorExecutor-QBFT-0","class":"QbftBesuControllerBuilder","message":"Imported #159 / 0 tx / 0 pending / 0 (0.0%) gas / (0x3df5489662ae2129935a0b799b66eb81199cc7fcd5defcd9c9193a33386d606c)","throwable":""}
{"timestamp":"2025-06-27T13:15:34,810","container":"6765e192c076","level":"INFO","thread":"BftProcessorExecutor-QBFT-0","class":"TimestampBoundedByFutureParameter","message":"Invalid block header: timestamp 1751030136 is greater than the timestamp margin 1751030135","throwable":""}
{"timestamp":"2025-06-27T13:15:34,810","container":"6765e192c076","level":"INFO","thread":"BftProcessorExecutor-QBFT-0","class":"MainnetBlockValidator","message":"Invalid block 160 (0xa962e948c7a744918115c03b0a589cf87407519acbe0c83a66e0b18fff1a23f4): Optional[header validation rule violated, see logs]","throwable":""}
{"timestamp":"2025-06-27T13:15:34,810","container":"6765e192c076","level":"INFO","thread":"BftProcessorExecutor-QBFT-0","class":"ProposalPayloadValidator","message":"Invalid Proposal Payload: block did not pass validation. Reason Optional[header validation rule violated, see logs]","throwable":""}
{"timestamp":"2025-06-27T13:15:34,810","container":"6765e192c076","level":"INFO","thread":"BftProcessorExecutor-QBFT-0","class":"ProposalValidator","message":"Invalid Proposal Payload: invalid proposal payload in proposal message","throwable":""}
{"timestamp":"2025-06-27T13:15:34,810","container":"6765e192c076","level":"INFO","thread":"BftProcessorExecutor-QBFT-0","class":"QbftBlockHeightManager","message":"Received future Proposal which is illegal, no round change triggered.","throwable":""}
{"timestamp":"2025-06-27T13:15:34,831","container":"6765e192c076","level":"INFO","thread":"EthScheduler-Workers-0","class":"TimestampBoundedByFutureParameter","message":"Invalid block header: timestamp 1751030136 is greater than the timestamp margin 1751030135","throwable":""}
{"timestamp":"2025-06-27T13:15:34,831","container":"6765e192c076","level":"WARN","thread":"EthScheduler-Workers-0","class":"BlockPropagationManager","message":"Added to bad block manager for invalid header, failed to import announced block 160 (0xa962e948c7a744918115c03b0a589cf87407519acbe0c83a66e0b18fff1a23f4)","throwable":""}
{"timestamp":"2025-06-27T13:15:47,381","container":"6765e192c076","level":"INFO","thread":"BftProcessorExecutor-QBFT-0","class":"QbftBesuControllerBuilder","message":"Imported #161 / 0 tx / 0 pending / 0 (0.0%) gas / (0xe4ba35b66a18474e9c44d9f0783a9b5e95b78f701e8761657929a2e8e2b61663)","throwable":""}
{"timestamp":"2025-06-27T13:15:52,018","container":"6765e192c076","level":"INFO","thread":"BftProcessorExecutor-QBFT-0","class":"QbftBesuControllerBuilder","message":"Produced #162 / 0 tx / 0 pending / 0 (0.0%) gas / (0xf5ce0ba7dc507e2ed95e6d90ed1f12332ce2aeab6b0f75a6fee91d095090d10b)","throwable":""}
{"timestamp":"2025-06-27T13:15:58,822","container":"6765e192c076","level":"INFO","thread":"BftProcessorExecutor-QBFT-0","class":"TimestampBoundedByFutureParameter","message":"Invalid block header: timestamp 1751030160 is greater than the timestamp margin 1751030159","throwable":""}
{"timestamp":"2025-06-27T13:15:58,823","container":"6765e192c076","level":"INFO","thread":"BftProcessorExecutor-QBFT-0","class":"MainnetBlockValidator","message":"Invalid block 163 (0xd5a0209eb1631de6c611d901d12eb145a5925175a63f2643a7ec8dc7b64898e5): Optional[header validation rule violated, see logs]","throwable":""}
{"timestamp":"2025-06-27T13:15:58,823","container":"6765e192c076","level":"INFO","thread":"BftProcessorExecutor-QBFT-0","class":"ProposalPayloadValidator","message":"Invalid Proposal Payload: block did not pass validation. Reason Optional[header validation rule violated, see logs]","throwable":""}
{"timestamp":"2025-06-27T13:15:58,823","container":"6765e192c076","level":"INFO","thread":"BftProcessorExecutor-QBFT-0","class":"ProposalValidator","message":"Invalid Proposal Payload: invalid proposal payload in proposal message","throwable":""}
{"timestamp":"2025-06-27T13:15:58,823","container":"6765e192c076","level":"INFO","thread":"BftProcessorExecutor-QBFT-0","class":"QbftBlockHeightManager","message":"Received future Proposal which is illegal, no round change triggered.","throwable":""}
{"timestamp":"2025-06-27T13:15:58,845","container":"6765e192c076","level":"INFO","thread":"EthScheduler-Workers-0","class":"TimestampBoundedByFutureParameter","message":"Invalid block header: timestamp 1751030160 is greater than the timestamp margin 1751030159","throwable":""}
{"timestamp":"2025-06-27T13:15:58,846","container":"6765e192c076","level":"WARN","thread":"EthScheduler-Workers-0","class":"BlockPropagationManager","message":"Added to bad block manager for invalid header, failed to import announced block 163 (0xd5a0209eb1631de6c611d901d12eb145a5925175a63f2643a7ec8dc7b64898e5)","throwable":""}
{"timestamp":"2025-06-27T13:15:58,848","container":"6765e192c076","level":"INFO","thread":"EthScheduler-Workers-0","class":"TimestampBoundedByFutureParameter","message":"Invalid block header: timestamp 1751030160 is greater than the timestamp margin 1751030159","throwable":""}
{"timestamp":"2025-06-27T13:15:58,848","container":"6765e192c076","level":"WARN","thread":"EthScheduler-Workers-0","class":"BlockPropagationManager","message":"Added to bad block manager for invalid header, failed to import announced block 163 (0xd5a0209eb1631de6c611d901d12eb145a5925175a63f2643a7ec8dc7b64898e5)","throwable":""}
{"timestamp":"2025-06-27T13:16:07,419","container":"6765e192c076","level":"INFO","thread":"BftProcessorExecutor-QBFT-0","class":"QbftBesuControllerBuilder","message":"Imported #164 / 0 tx / 0 pending / 0 (0.0%) gas / (0x66bb212b2f0e6ca749668646404da66ca7bb414e8796f20086aa25d26cb30547)","throwable":""}
{"timestamp":"2025-06-27T13:16:14,829","container":"6765e192c076","level":"INFO","thread":"BftProcessorExecutor-QBFT-0","class":"TimestampBoundedByFutureParameter","message":"Invalid block header: timestamp 1751030176 is greater than the timestamp margin 1751030175","throwable":""}
{"timestamp":"2025-06-27T13:16:14,829","container":"6765e192c076","level":"INFO","thread":"BftProcessorExecutor-QBFT-0","class":"MainnetBlockValidator","message":"Invalid block 165 (0xd10866ee46b4c9f42d1d6210052d1529f37b27ba0b9a6bf852c08f85cee5f800): Optional[header validation rule violated, see logs]","throwable":""}
{"timestamp":"2025-06-27T13:16:14,829","container":"6765e192c076","level":"INFO","thread":"BftProcessorExecutor-QBFT-0","class":"ProposalPayloadValidator","message":"Invalid Proposal Payload: block did not pass validation. Reason Optional[header validation rule violated, see logs]","throwable":""}
{"timestamp":"2025-06-27T13:16:14,829","container":"6765e192c076","level":"INFO","thread":"BftProcessorExecutor-QBFT-0","class":"ProposalValidator","message":"Invalid Proposal Payload: invalid proposal payload in proposal message","throwable":""}
{"timestamp":"2025-06-27T13:16:14,829","container":"6765e192c076","level":"INFO","thread":"BftProcessorExecutor-QBFT-0","class":"QbftBlockHeightManager","message":"Received future Proposal which is illegal, no round change triggered.","throwable":""}
{"timestamp":"2025-06-27T13:16:14,842","container":"6765e192c076","level":"INFO","thread":"EthScheduler-Workers-0","class":"TimestampBoundedByFutureParameter","message":"Invalid block header: timestamp 1751030176 is greater than the timestamp margin 1751030175","throwable":""}
{"timestamp":"2025-06-27T13:16:14,843","container":"6765e192c076","level":"WARN","thread":"EthScheduler-Workers-0","class":"BlockPropagationManager","message":"Added to bad block manager for invalid header, failed to import announced block 165 (0xd10866ee46b4c9f42d1d6210052d1529f37b27ba0b9a6bf852c08f85cee5f800)","throwable":""}
{"timestamp":"2025-06-27T13:16:14,843","container":"6765e192c076","level":"INFO","thread":"EthScheduler-Workers-0","class":"TimestampBoundedByFutureParameter","message":"Invalid block header: timestamp 1751030176 is greater than the timestamp margin 1751030175","throwable":""}
{"timestamp":"2025-06-27T13:16:14,843","container":"6765e192c076","level":"WARN","thread":"EthScheduler-Workers-0","class":"BlockPropagationManager","message":"Added to bad block manager for invalid header, failed to import announced block 165 (0xd10866ee46b4c9f42d1d6210052d1529f37b27ba0b9a6bf852c08f85cee5f800)","throwable":""}
{"timestamp":"2025-06-27T13:16:14,844","container":"6765e192c076","level":"INFO","thread":"EthScheduler-Workers-0","class":"TimestampBoundedByFutureParameter","message":"Invalid block header: timestamp 1751030176 is greater than the timestamp margin 1751030175","throwable":""}
{"timestamp":"2025-06-27T13:16:14,844","container":"6765e192c076","level":"WARN","thread":"EthScheduler-Workers-0","class":"BlockPropagationManager","message":"Added to bad block manager for invalid header, failed to import announced block 165 (0xd10866ee46b4c9f42d1d6210052d1529f37b27ba0b9a6bf852c08f85cee5f800)","throwable":""}
{"timestamp":"2025-06-27T13:16:37,441","container":"6765e192c076","level":"INFO","thread":"BftProcessorExecutor-QBFT-0","class":"QbftRound","message":"Importing proposed block to chain. round=ConsensusRoundIdentifier{Sequence=166, Round=1}, hash=0x1532132be525c2eae287d1a42cdf884b48684312c378f461251ff0bc5fb2da26","throwable":""}
{"timestamp":"2025-06-27T13:16:37,447","container":"6765e192c076","level":"INFO","thread":"BftProcessorExecutor-QBFT-0","class":"QbftBesuControllerBuilder","message":"Imported #166 / 0 tx / 0 pending / 0 (0.0%) gas / (0x1532132be525c2eae287d1a42cdf884b48684312c378f461251ff0bc5fb2da26)","throwable":""}
{"timestamp":"2025-06-27T13:16:44,844","container":"6765e192c076","level":"INFO","thread":"BftProcessorExecutor-QBFT-0","class":"TimestampBoundedByFutureParameter","message":"Invalid block header: timestamp 1751030206 is greater than the timestamp margin 1751030205","throwable":""}
{"timestamp":"2025-06-27T13:16:44,844","container":"6765e192c076","level":"INFO","thread":"BftProcessorExecutor-QBFT-0","class":"MainnetBlockValidator","message":"Invalid block 167 (0xdd06514022bba6af06ac07b46c96f0f4c57ff81f105c33d5ae75c6e3a9181713): Optional[header validation rule violated, see logs]","throwable":""}
{"timestamp":"2025-06-27T13:16:44,844","container":"6765e192c076","level":"INFO","thread":"BftProcessorExecutor-QBFT-0","class":"ProposalPayloadValidator","message":"Invalid Proposal Payload: block did not pass validation. Reason Optional[header validation rule violated, see logs]","throwable":""}
{"timestamp":"2025-06-27T13:16:44,844","container":"6765e192c076","level":"INFO","thread":"BftProcessorExecutor-QBFT-0","class":"ProposalValidator","message":"Invalid Proposal Payload: invalid proposal payload in proposal message","throwable":""}
{"timestamp":"2025-06-27T13:16:44,844","container":"6765e192c076","level":"INFO","thread":"BftProcessorExecutor-QBFT-0","class":"QbftBlockHeightManager","message":"Received future Proposal which is illegal, no round change triggered.","throwable":""}
{"timestamp":"2025-06-27T13:16:44,857","container":"6765e192c076","level":"INFO","thread":"EthScheduler-Workers-0","class":"TimestampBoundedByFutureParameter","message":"Invalid block header: timestamp 1751030206 is greater than the timestamp margin 1751030205","throwable":""}
{"timestamp":"2025-06-27T13:16:44,859","container":"6765e192c076","level":"WARN","thread":"EthScheduler-Workers-0","class":"BlockPropagationManager","message":"Added to bad block manager for invalid header, failed to import announced block 167 (0xdd06514022bba6af06ac07b46c96f0f4c57ff81f105c33d5ae75c6e3a9181713)","throwable":""}
{"timestamp":"2025-06-27T13:16:57,477","container":"6765e192c076","level":"INFO","thread":"BftProcessorExecutor-QBFT-0","class":"QbftBesuControllerBuilder","message":"Imported #168 / 0 tx / 0 pending / 0 (0.0%) gas / (0x1e102cda4984173b6fe6722edaf0dec3f5fc017c1faf03189d6cd15b50335b8a)","throwable":""}
{"timestamp":"2025-06-27T13:17:02,021","container":"6765e192c076","level":"INFO","thread":"BftProcessorExecutor-QBFT-0","class":"QbftBesuControllerBuilder","message":"Produced #169 / 0 tx / 0 pending / 0 (0.0%) gas / (0x29f3b8b1448ef7e56db346192f5f282e430293fa3e10622fb4d0052468c34dca)","throwable":""}
{"timestamp":"2025-06-27T13:17:08,858","container":"6765e192c076","level":"INFO","thread":"BftProcessorExecutor-QBFT-0","class":"TimestampBoundedByFutureParameter","message":"Invalid block header: timestamp 1751030230 is greater than the timestamp margin 1751030229","throwable":""}
{"timestamp":"2025-06-27T13:17:08,859","container":"6765e192c076","level":"INFO","thread":"BftProcessorExecutor-QBFT-0","class":"MainnetBlockValidator","message":"Invalid block 170 (0x5785d477866d8b3c2c2bfd31a2856453df13a6c545a38ac4a9a3f65250a1bde4): Optional[header validation rule violated, see logs]","throwable":""}
{"timestamp":"2025-06-27T13:17:08,859","container":"6765e192c076","level":"INFO","thread":"BftProcessorExecutor-QBFT-0","class":"ProposalPayloadValidator","message":"Invalid Proposal Payload: block did not pass validation. Reason Optional[header validation rule violated, see logs]","throwable":""}
{"timestamp":"2025-06-27T13:17:08,859","container":"6765e192c076","level":"INFO","thread":"BftProcessorExecutor-QBFT-0","class":"ProposalValidator","message":"Invalid Proposal Payload: invalid proposal payload in proposal message","throwable":""}
{"timestamp":"2025-06-27T13:17:08,859","container":"6765e192c076","level":"INFO","thread":"BftProcessorExecutor-QBFT-0","class":"QbftBlockHeightManager","message":"Received future Proposal which is illegal, no round change triggered.","throwable":""}
{"timestamp":"2025-06-27T13:17:08,872","container":"6765e192c076","level":"INFO","thread":"EthScheduler-Workers-0","class":"TimestampBoundedByFutureParameter","message":"Invalid block header: timestamp 1751030230 is greater than the timestamp margin 1751030229","throwable":""}
{"timestamp":"2025-06-27T13:17:08,872","container":"6765e192c076","level":"WARN","thread":"EthScheduler-Workers-0","class":"BlockPropagationManager","message":"Added to bad block manager for invalid header, failed to import announced block 170 (0x5785d477866d8b3c2c2bfd31a2856453df13a6c545a38ac4a9a3f65250a1bde4)","throwable":""}
{"timestamp":"2025-06-27T13:17:08,876","container":"6765e192c076","level":"INFO","thread":"EthScheduler-Workers-0","class":"TimestampBoundedByFutureParameter","message":"Invalid block header: timestamp 1751030230 is greater than the timestamp margin 1751030229","throwable":""}
{"timestamp":"2025-06-27T13:17:08,876","container":"6765e192c076","level":"WARN","thread":"EthScheduler-Workers-0","class":"BlockPropagationManager","message":"Added to bad block manager for invalid header, failed to import announced block 170 (0x5785d477866d8b3c2c2bfd31a2856453df13a6c545a38ac4a9a3f65250a1bde4)","throwable":""}
{"timestamp":"2025-06-27T13:17:08,877","container":"6765e192c076","level":"INFO","thread":"EthScheduler-Workers-0","class":"TimestampBoundedByFutureParameter","message":"Invalid block header: timestamp 1751030230 is greater than the timestamp margin 1751030229","throwable":""}
{"timestamp":"2025-06-27T13:17:08,877","container":"6765e192c076","level":"WARN","thread":"EthScheduler-Workers-0","class":"BlockPropagationManager","message":"Added to bad block manager for invalid header, failed to import announced block 170 (0x5785d477866d8b3c2c2bfd31a2856453df13a6c545a38ac4a9a3f65250a1bde4)","throwable":""}
{"timestamp":"2025-06-27T13:17:17,502","container":"6765e192c076","level":"INFO","thread":"BftProcessorExecutor-QBFT-0","class":"QbftBesuControllerBuilder","message":"Imported #171 / 0 tx / 0 pending / 0 (0.0%) gas / (0x68e3ad3ddb9dd4c31896fa51fd67e3b35d920437f980902e96e14422c10498f6)","throwable":""}
{"timestamp":"2025-06-27T13:17:17,502","container":"6765e192c076","level":"INFO","thread":"EthScheduler-Workers-0","class":"PersistBlockTask","message":"Block 171 (0x68e3ad3ddb9dd4c31896fa51fd67e3b35d920437f980902e96e14422c10498f6) is already imported","throwable":""}
{"timestamp":"2025-06-27T13:17:24,864","container":"6765e192c076","level":"INFO","thread":"BftProcessorExecutor-QBFT-0","class":"TimestampBoundedByFutureParameter","message":"Invalid block header: timestamp 1751030246 is greater than the timestamp margin 1751030245","throwable":""}
{"timestamp":"2025-06-27T13:17:24,864","container":"6765e192c076","level":"INFO","thread":"BftProcessorExecutor-QBFT-0","class":"MainnetBlockValidator","message":"Invalid block 172 (0x4286db242db3e24078f8ad2822f7951d9ec5656d7d7278bacf3dcb82cda66090): Optional[header validation rule violated, see logs]","throwable":""}
{"timestamp":"2025-06-27T13:17:24,865","container":"6765e192c076","level":"INFO","thread":"BftProcessorExecutor-QBFT-0","class":"ProposalPayloadValidator","message":"Invalid Proposal Payload: block did not pass validation. Reason Optional[header validation rule violated, see logs]","throwable":""}
{"timestamp":"2025-06-27T13:17:24,865","container":"6765e192c076","level":"INFO","thread":"BftProcessorExecutor-QBFT-0","class":"ProposalValidator","message":"Invalid Proposal Payload: invalid proposal payload in proposal message","throwable":""}
{"timestamp":"2025-06-27T13:17:24,865","container":"6765e192c076","level":"INFO","thread":"BftProcessorExecutor-QBFT-0","class":"QbftBlockHeightManager","message":"Received future Proposal which is illegal, no round change triggered.","throwable":""}
{"timestamp":"2025-06-27T13:17:24,876","container":"6765e192c076","level":"INFO","thread":"EthScheduler-Workers-0","class":"TimestampBoundedByFutureParameter","message":"Invalid block header: timestamp 1751030246 is greater than the timestamp margin 1751030245","throwable":""}
{"timestamp":"2025-06-27T13:17:24,878","container":"6765e192c076","level":"WARN","thread":"EthScheduler-Workers-0","class":"BlockPropagationManager","message":"Added to bad block manager for invalid header, failed to import announced block 172 (0x4286db242db3e24078f8ad2822f7951d9ec5656d7d7278bacf3dcb82cda66090)","throwable":""}
{"timestamp":"2025-06-27T13:17:24,880","container":"6765e192c076","level":"INFO","thread":"EthScheduler-Workers-0","class":"TimestampBoundedByFutureParameter","message":"Invalid block header: timestamp 1751030246 is greater than the timestamp margin 1751030245","throwable":""}
{"timestamp":"2025-06-27T13:17:24,881","container":"6765e192c076","level":"WARN","thread":"EthScheduler-Workers-0","class":"BlockPropagationManager","message":"Added to bad block manager for invalid header, failed to import announced block 172 (0x4286db242db3e24078f8ad2822f7951d9ec5656d7d7278bacf3dcb82cda66090)","throwable":""}
{"timestamp":"2025-06-27T13:17:24,883","container":"6765e192c076","level":"INFO","thread":"EthScheduler-Workers-0","class":"TimestampBoundedByFutureParameter","message":"Invalid block header: timestamp 1751030246 is greater than the timestamp margin 1751030245","throwable":""}
{"timestamp":"2025-06-27T13:17:24,883","container":"6765e192c076","level":"WARN","thread":"EthScheduler-Workers-0","class":"BlockPropagationManager","message":"Added to bad block manager for invalid header, failed to import announced block 172 (0x4286db242db3e24078f8ad2822f7951d9ec5656d7d7278bacf3dcb82cda66090)","throwable":""}
{"timestamp":"2025-06-27T13:17:47,533","container":"6765e192c076","level":"INFO","thread":"BftProcessorExecutor-QBFT-0","class":"QbftRound","message":"Importing proposed block to chain. round=ConsensusRoundIdentifier{Sequence=173, Round=1}, hash=0xec07fa402958fb5e1e8e13015351bb6e4cc11b78ac21214288d3a7b0b3dbfdb4","throwable":""}
{"timestamp":"2025-06-27T13:17:47,541","container":"6765e192c076","level":"INFO","thread":"BftProcessorExecutor-QBFT-0","class":"QbftBesuControllerBuilder","message":"Imported #173 / 0 tx / 0 pending / 0 (0.0%) gas / (0xec07fa402958fb5e1e8e13015351bb6e4cc11b78ac21214288d3a7b0b3dbfdb4)","throwable":""}
{"timestamp":"2025-06-27T13:17:54,879","container":"6765e192c076","level":"INFO","thread":"BftProcessorExecutor-QBFT-0","class":"TimestampBoundedByFutureParameter","message":"Invalid block header: timestamp 1751030276 is greater than the timestamp margin 1751030275","throwable":""}
{"timestamp":"2025-06-27T13:17:54,880","container":"6765e192c076","level":"INFO","thread":"BftProcessorExecutor-QBFT-0","class":"MainnetBlockValidator","message":"Invalid block 174 (0xc5331b78d4851a10b736034fcd30b4a9b90cbdd9ce90c7ac513d8480820c56de): Optional[header validation rule violated, see logs]","throwable":""}
{"timestamp":"2025-06-27T13:17:54,880","container":"6765e192c076","level":"INFO","thread":"BftProcessorExecutor-QBFT-0","class":"ProposalPayloadValidator","message":"Invalid Proposal Payload: block did not pass validation. Reason Optional[header validation rule violated, see logs]","throwable":""}
{"timestamp":"2025-06-27T13:17:54,880","container":"6765e192c076","level":"INFO","thread":"BftProcessorExecutor-QBFT-0","class":"ProposalValidator","message":"Invalid Proposal Payload: invalid proposal payload in proposal message","throwable":""}
{"timestamp":"2025-06-27T13:17:54,880","container":"6765e192c076","level":"INFO","thread":"BftProcessorExecutor-QBFT-0","class":"QbftBlockHeightManager","message":"Received future Proposal which is illegal, no round change triggered.","throwable":""}
{"timestamp":"2025-06-27T13:17:54,889","container":"6765e192c076","level":"INFO","thread":"EthScheduler-Workers-0","class":"TimestampBoundedByFutureParameter","message":"Invalid block header: timestamp 1751030276 is greater than the timestamp margin 1751030275","throwable":""}
{"timestamp":"2025-06-27T13:17:54,889","container":"6765e192c076","level":"WARN","thread":"EthScheduler-Workers-0","class":"BlockPropagationManager","message":"Added to bad block manager for invalid header, failed to import announced block 174 (0xc5331b78d4851a10b736034fcd30b4a9b90cbdd9ce90c7ac513d8480820c56de)","throwable":""}
{"timestamp":"2025-06-27T13:17:54,892","container":"6765e192c076","level":"INFO","thread":"EthScheduler-Workers-0","class":"TimestampBoundedByFutureParameter","message":"Invalid block header: timestamp 1751030276 is greater than the timestamp margin 1751030275","throwable":""}
{"timestamp":"2025-06-27T13:17:54,893","container":"6765e192c076","level":"WARN","thread":"EthScheduler-Workers-0","class":"BlockPropagationManager","message":"Added to bad block manager for invalid header, failed to import announced block 174 (0xc5331b78d4851a10b736034fcd30b4a9b90cbdd9ce90c7ac513d8480820c56de)","throwable":""}
{"timestamp":"2025-06-27T13:18:07,559","container":"6765e192c076","level":"INFO","thread":"BftProcessorExecutor-QBFT-0","class":"QbftBesuControllerBuilder","message":"Imported #175 / 0 tx / 0 pending / 0 (0.0%) gas / (0x9c7c10c9a790e177907243ae955698411f9cc7a81af4691f0f62cd62295a8111)","throwable":""}
{"timestamp":"2025-06-27T13:18:12,025","container":"6765e192c076","level":"INFO","thread":"BftProcessorExecutor-QBFT-0","class":"QbftBesuControllerBuilder","message":"Produced #176 / 0 tx / 0 pending / 0 (0.0%) gas / (0xbafff9a8e4eecb64cfc7ce7ee7573d28077a61c1ac5ebe5cf42b15fe0f176007)","throwable":""}
{"timestamp":"2025-06-27T13:18:18,895","container":"6765e192c076","level":"INFO","thread":"BftProcessorExecutor-QBFT-0","class":"TimestampBoundedByFutureParameter","message":"Invalid block header: timestamp 1751030300 is greater than the timestamp margin 1751030299","throwable":""}
{"timestamp":"2025-06-27T13:18:18,895","container":"6765e192c076","level":"INFO","thread":"BftProcessorExecutor-QBFT-0","class":"MainnetBlockValidator","message":"Invalid block 177 (0x3fbacfc857b76dd7743f14830b504eb52123c0c4f7954a97fcb78ef2f53db66d): Optional[header validation rule violated, see logs]","throwable":""}
{"timestamp":"2025-06-27T13:18:18,896","container":"6765e192c076","level":"INFO","thread":"BftProcessorExecutor-QBFT-0","class":"ProposalPayloadValidator","message":"Invalid Proposal Payload: block did not pass validation. Reason Optional[header validation rule violated, see logs]","throwable":""}
{"timestamp":"2025-06-27T13:18:18,896","container":"6765e192c076","level":"INFO","thread":"BftProcessorExecutor-QBFT-0","class":"ProposalValidator","message":"Invalid Proposal Payload: invalid proposal payload in proposal message","throwable":""}
{"timestamp":"2025-06-27T13:18:18,896","container":"6765e192c076","level":"INFO","thread":"BftProcessorExecutor-QBFT-0","class":"QbftBlockHeightManager","message":"Received future Proposal which is illegal, no round change triggered.","throwable":""}
{"timestamp":"2025-06-27T13:18:18,936","container":"6765e192c076","level":"INFO","thread":"EthScheduler-Workers-0","class":"TimestampBoundedByFutureParameter","message":"Invalid block header: timestamp 1751030300 is greater than the timestamp margin 1751030299","throwable":""}
{"timestamp":"2025-06-27T13:18:18,937","container":"6765e192c076","level":"WARN","thread":"EthScheduler-Workers-0","class":"BlockPropagationManager","message":"Added to bad block manager for invalid header, failed to import announced block 177 (0x3fbacfc857b76dd7743f14830b504eb52123c0c4f7954a97fcb78ef2f53db66d)","throwable":""}
{"timestamp":"2025-06-27T13:18:18,942","container":"6765e192c076","level":"INFO","thread":"EthScheduler-Workers-0","class":"TimestampBoundedByFutureParameter","message":"Invalid block header: timestamp 1751030300 is greater than the timestamp margin 1751030299","throwable":""}
{"timestamp":"2025-06-27T13:18:18,942","container":"6765e192c076","level":"WARN","thread":"EthScheduler-Workers-0","class":"BlockPropagationManager","message":"Added to bad block manager for invalid header, failed to import announced block 177 (0x3fbacfc857b76dd7743f14830b504eb52123c0c4f7954a97fcb78ef2f53db66d)","throwable":""}
{"timestamp":"2025-06-27T13:18:27,599","container":"6765e192c076","level":"INFO","thread":"BftProcessorExecutor-QBFT-0","class":"QbftBesuControllerBuilder","message":"Imported #178 / 0 tx / 0 pending / 0 (0.0%) gas / (0x61e55b5b272246f3c5f6ce64a9fb948129a7038760909eb0d55992addd0451c2)","throwable":""}
{"timestamp":"2025-06-27T13:18:34,903","container":"6765e192c076","level":"INFO","thread":"BftProcessorExecutor-QBFT-0","class":"TimestampBoundedByFutureParameter","message":"Invalid block header: timestamp 1751030316 is greater than the timestamp margin 1751030315","throwable":""}
{"timestamp":"2025-06-27T13:18:34,904","container":"6765e192c076","level":"INFO","thread":"BftProcessorExecutor-QBFT-0","class":"MainnetBlockValidator","message":"Invalid block 179 (0x8fdc79bcafaf3f1d1b299c2c3924313140c647e1f1812cd314f8bacefccfa63a): Optional[header validation rule violated, see logs]","throwable":""}
{"timestamp":"2025-06-27T13:18:34,904","container":"6765e192c076","level":"INFO","thread":"BftProcessorExecutor-QBFT-0","class":"ProposalPayloadValidator","message":"Invalid Proposal Payload: block did not pass validation. Reason Optional[header validation rule violated, see logs]","throwable":""}
{"timestamp":"2025-06-27T13:18:34,904","container":"6765e192c076","level":"INFO","thread":"BftProcessorExecutor-QBFT-0","class":"ProposalValidator","message":"Invalid Proposal Payload: invalid proposal payload in proposal message","throwable":""}
{"timestamp":"2025-06-27T13:18:34,904","container":"6765e192c076","level":"INFO","thread":"BftProcessorExecutor-QBFT-0","class":"QbftBlockHeightManager","message":"Received future Proposal which is illegal, no round change triggered.","throwable":""}
{"timestamp":"2025-06-27T13:18:34,922","container":"6765e192c076","level":"INFO","thread":"EthScheduler-Workers-0","class":"TimestampBoundedByFutureParameter","message":"Invalid block header: timestamp 1751030316 is greater than the timestamp margin 1751030315","throwable":""}
{"timestamp":"2025-06-27T13:18:34,922","container":"6765e192c076","level":"WARN","thread":"EthScheduler-Workers-0","class":"BlockPropagationManager","message":"Added to bad block manager for invalid header, failed to import announced block 179 (0x8fdc79bcafaf3f1d1b299c2c3924313140c647e1f1812cd314f8bacefccfa63a)","throwable":""}
{"timestamp":"2025-06-27T13:18:34,925","container":"6765e192c076","level":"INFO","thread":"EthScheduler-Workers-0","class":"TimestampBoundedByFutureParameter","message":"Invalid block header: timestamp 1751030316 is greater than the timestamp margin 1751030315","throwable":""}
{"timestamp":"2025-06-27T13:18:34,926","container":"6765e192c076","level":"WARN","thread":"EthScheduler-Workers-0","class":"BlockPropagationManager","message":"Added to bad block manager for invalid header, failed to import announced block 179 (0x8fdc79bcafaf3f1d1b299c2c3924313140c647e1f1812cd314f8bacefccfa63a)","throwable":""}
{"timestamp":"2025-06-27T13:18:34,926","container":"6765e192c076","level":"INFO","thread":"EthScheduler-Workers-0","class":"TimestampBoundedByFutureParameter","message":"Invalid block header: timestamp 1751030316 is greater than the timestamp margin 1751030315","throwable":""}
{"timestamp":"2025-06-27T13:18:34,926","container":"6765e192c076","level":"WARN","thread":"EthScheduler-Workers-0","class":"BlockPropagationManager","message":"Added to bad block manager for invalid header, failed to import announced block 179 (0x8fdc79bcafaf3f1d1b299c2c3924313140c647e1f1812cd314f8bacefccfa63a)","throwable":""}
{"timestamp":"2025-06-27T13:18:57,625","container":"6765e192c076","level":"INFO","thread":"BftProcessorExecutor-QBFT-0","class":"QbftRound","message":"Importing proposed block to chain. round=ConsensusRoundIdentifier{Sequence=180, Round=1}, hash=0x2ed330853fdb6a410995a875b608a0da6d0ecafcab50a4133157bd93a9aa15a5","throwable":""}
{"timestamp":"2025-06-27T13:18:57,633","container":"6765e192c076","level":"INFO","thread":"BftProcessorExecutor-QBFT-0","class":"QbftBesuControllerBuilder","message":"Imported #180 / 0 tx / 0 pending / 0 (0.0%) gas / (0x2ed330853fdb6a410995a875b608a0da6d0ecafcab50a4133157bd93a9aa15a5)","throwable":""}
{"timestamp":"2025-06-27T13:19:04,915","container":"6765e192c076","level":"INFO","thread":"BftProcessorExecutor-QBFT-0","class":"TimestampBoundedByFutureParameter","message":"Invalid block header: timestamp 1751030346 is greater than the timestamp margin 1751030345","throwable":""}
{"timestamp":"2025-06-27T13:19:04,915","container":"6765e192c076","level":"INFO","thread":"BftProcessorExecutor-QBFT-0","class":"MainnetBlockValidator","message":"Invalid block 181 (0x98c06d158d540191e6a8a4595366a64984ee099b8e832a78cfb58192d9b66949): Optional[header validation rule violated, see logs]","throwable":""}
{"timestamp":"2025-06-27T13:19:04,915","container":"6765e192c076","level":"INFO","thread":"BftProcessorExecutor-QBFT-0","class":"ProposalPayloadValidator","message":"Invalid Proposal Payload: block did not pass validation. Reason Optional[header validation rule violated, see logs]","throwable":""}
{"timestamp":"2025-06-27T13:19:04,915","container":"6765e192c076","level":"INFO","thread":"BftProcessorExecutor-QBFT-0","class":"ProposalValidator","message":"Invalid Proposal Payload: invalid proposal payload in proposal message","throwable":""}
{"timestamp":"2025-06-27T13:19:04,915","container":"6765e192c076","level":"INFO","thread":"BftProcessorExecutor-QBFT-0","class":"QbftBlockHeightManager","message":"Received future Proposal which is illegal, no round change triggered.","throwable":""}
{"timestamp":"2025-06-27T13:19:04,936","container":"6765e192c076","level":"INFO","thread":"EthScheduler-Workers-0","class":"TimestampBoundedByFutureParameter","message":"Invalid block header: timestamp 1751030346 is greater than the timestamp margin 1751030345","throwable":""}
{"timestamp":"2025-06-27T13:19:04,936","container":"6765e192c076","level":"WARN","thread":"EthScheduler-Workers-0","class":"BlockPropagationManager","message":"Added to bad block manager for invalid header, failed to import announced block 181 (0x98c06d158d540191e6a8a4595366a64984ee099b8e832a78cfb58192d9b66949)","throwable":""}
{"timestamp":"2025-06-27T13:19:17,660","container":"6765e192c076","level":"INFO","thread":"BftProcessorExecutor-QBFT-0","class":"QbftBesuControllerBuilder","message":"Imported #182 / 0 tx / 0 pending / 0 (0.0%) gas / (0x2995e3bfd70a8288d061d689457e2b1142e53f2564aad68ebe2c426215dec8d7)","throwable":""}
{"timestamp":"2025-06-27T13:19:22,035","container":"6765e192c076","level":"INFO","thread":"BftProcessorExecutor-QBFT-0","class":"QbftBesuControllerBuilder","message":"Produced #183 / 0 tx / 0 pending / 0 (0.0%) gas / (0x3ecb675c5e3eed8058131024d10a0691944aa9f76c4c4f54927e5c29b239d8f1)","throwable":""}
{"timestamp":"2025-06-27T13:19:28,928","container":"6765e192c076","level":"INFO","thread":"BftProcessorExecutor-QBFT-0","class":"TimestampBoundedByFutureParameter","message":"Invalid block header: timestamp 1751030370 is greater than the timestamp margin 1751030369","throwable":""}
{"timestamp":"2025-06-27T13:19:28,928","container":"6765e192c076","level":"INFO","thread":"BftProcessorExecutor-QBFT-0","class":"MainnetBlockValidator","message":"Invalid block 184 (0x679853e4ebfa7dc73b97682ceae48a5ee47dd256812dded8ecb5b950c572bd52): Optional[header validation rule violated, see logs]","throwable":""}
{"timestamp":"2025-06-27T13:19:28,929","container":"6765e192c076","level":"INFO","thread":"BftProcessorExecutor-QBFT-0","class":"ProposalPayloadValidator","message":"Invalid Proposal Payload: block did not pass validation. Reason Optional[header validation rule violated, see logs]","throwable":""}
{"timestamp":"2025-06-27T13:19:28,929","container":"6765e192c076","level":"INFO","thread":"BftProcessorExecutor-QBFT-0","class":"ProposalValidator","message":"Invalid Proposal Payload: invalid proposal payload in proposal message","throwable":""}
{"timestamp":"2025-06-27T13:19:28,929","container":"6765e192c076","level":"INFO","thread":"BftProcessorExecutor-QBFT-0","class":"QbftBlockHeightManager","message":"Received future Proposal which is illegal, no round change triggered.","throwable":""}
{"timestamp":"2025-06-27T13:19:28,940","container":"6765e192c076","level":"INFO","thread":"EthScheduler-Workers-0","class":"TimestampBoundedByFutureParameter","message":"Invalid block header: timestamp 1751030370 is greater than the timestamp margin 1751030369","throwable":""}
{"timestamp":"2025-06-27T13:19:28,941","container":"6765e192c076","level":"WARN","thread":"EthScheduler-Workers-0","class":"BlockPropagationManager","message":"Added to bad block manager for invalid header, failed to import announced block 184 (0x679853e4ebfa7dc73b97682ceae48a5ee47dd256812dded8ecb5b950c572bd52)","throwable":""}
{"timestamp":"2025-06-27T13:19:28,941","container":"6765e192c076","level":"INFO","thread":"EthScheduler-Workers-0","class":"TimestampBoundedByFutureParameter","message":"Invalid block header: timestamp 1751030370 is greater than the timestamp margin 1751030369","throwable":""}
{"timestamp":"2025-06-27T13:19:28,941","container":"6765e192c076","level":"WARN","thread":"EthScheduler-Workers-0","class":"BlockPropagationManager","message":"Added to bad block manager for invalid header, failed to import announced block 184 (0x679853e4ebfa7dc73b97682ceae48a5ee47dd256812dded8ecb5b950c572bd52)","throwable":""}
{"timestamp":"2025-06-27T13:19:37,684","container":"6765e192c076","level":"INFO","thread":"BftProcessorExecutor-QBFT-0","class":"QbftBesuControllerBuilder","message":"Imported #185 / 0 tx / 0 pending / 0 (0.0%) gas / (0x30d42d214000a046a5a70f95d728d892f3aa677fc9dc37703ed8ab3b8876e826)","throwable":""}
                                                                                                                                                                                                                 {"timestamp":"2025-07-02T11:57:05,991","container":"6765e192c076","level":"INFO","thread":"main","class":"Besu","message":"Starting Besu","throwable":""}
{"timestamp":"2025-07-02T11:57:06,539","container":"6765e192c076","level":"WARN","thread":"main","class":"Besu","message":"--min-gas-price has been ignored because --miner-enabled was not defined on the command line.","throwable":""}
{"timestamp":"2025-07-02T11:57:07,825","container":"6765e192c076","level":"INFO","thread":"main","class":"Besu","message":"
####################################################################################################
#                                                                                                  #
# Besu version 23.4.1                                                                              #
#                                                                                                  #
# Configuration:                                                                                   #
# Network: Custom genesis file specified                                                           #
# Network Id: 1337                                                                                 #
# Data storage: Forest                                                                             #
# Sync mode: Full                                                                                  #
# RPC HTTP APIs: EEA,WEB3,ETH,NET,TRACE,DEBUG,ADMIN,TXPOOL,PRIV,PERM,QBFT                          #
# RPC HTTP port: 8545                                                                              #
#                                                                                                  #
# Host:                                                                                            #
# Java: openjdk-java-17                                                                            #
# Maximum heap size: 1.74 GB                                                                       #
# OS: linux-x86_64                                                                                 #
# glibc: 2.35                                                                                      #
# jemalloc: 5.2.1-0-gea6b3e973b477b8061e0076bb257dbd7f3faa756                                      #
# Total memory: 6.95 GB                                                                            #
# CPU cores: 4                                                                                     #
#                                                                                                  #
####################################################################################################","throwable":""}
{"timestamp":"2025-07-02T11:57:07,826","container":"6765e192c076","level":"INFO","thread":"main","class":"Besu","message":"Connecting to 8 static nodes.","throwable":""}
{"timestamp":"2025-07-02T11:57:07,826","container":"6765e192c076","level":"INFO","thread":"main","class":"Besu","message":"Security Module: localfile","throwable":""}
{"timestamp":"2025-07-02T11:57:07,995","container":"6765e192c076","level":"INFO","thread":"main","class":"Besu","message":"Using the native implementation of alt bn128","throwable":""}
{"timestamp":"2025-07-02T11:57:08,038","container":"6765e192c076","level":"INFO","thread":"main","class":"Besu","message":"Using the native implementation of modexp","throwable":""}
{"timestamp":"2025-07-02T11:57:08,038","container":"6765e192c076","level":"INFO","thread":"main","class":"Besu","message":"Using the native implementation of the signature algorithm","throwable":""}
{"timestamp":"2025-07-02T11:57:08,042","container":"6765e192c076","level":"INFO","thread":"main","class":"Besu","message":"Using the native implementation of the blake2bf algorithm","throwable":""}
{"timestamp":"2025-07-02T11:57:08,059","container":"6765e192c076","level":"INFO","thread":"main","class":"DatabaseMetadata","message":"Lookup database metadata file in data directory: /opt/besu/data","throwable":""}
{"timestamp":"2025-07-02T11:57:08,115","container":"6765e192c076","level":"INFO","thread":"main","class":"RocksDBKeyValueStorageFactory","message":"Existing database detected at /opt/besu/data. Version 1. Compacting database...","throwable":""}
{"timestamp":"2025-07-02T11:57:09,163","container":"6765e192c076","level":"INFO","thread":"main","class":"KeyPairUtil","message":"Loaded public key 0x8208a3f344695d44e9cf2c023683cbea7b9343e2f70a5e804bd2c93858e945f8f91439eef96a4ab6c47ff06637d6fbe6472f96de1655a1bee57ea896654f3a22 from /opt/besu/keys/nodekey","throwable":""}
{"timestamp":"2025-07-02T11:57:09,169","container":"6765e192c076","level":"WARN","thread":"main","class":"Besu","message":"Privacy is disabled. Cannot use EEA/PRIV API methods when not using Privacy.","throwable":""}
{"timestamp":"2025-07-02T11:57:10,109","container":"6765e192c076","level":"INFO","thread":"main","class":"ProtocolScheduleBuilder","message":"Protocol schedule created with milestones: [GrayGlacier: 0]","throwable":""}
{"timestamp":"2025-07-02T11:57:10,678","container":"6765e192c076","level":"INFO","thread":"main","class":"TransactionPoolFactory","message":"Enabling transaction pool","throwable":""}
{"timestamp":"2025-07-02T11:57:10,768","container":"6765e192c076","level":"INFO","thread":"main","class":"BesuControllerBuilder","message":"TTD difficulty is not present, creating initial sync phase for PoW","throwable":""}
{"timestamp":"2025-07-02T11:57:11,024","container":"6765e192c076","level":"INFO","thread":"main","class":"RunnerBuilder","message":"Detecting NAT service.","throwable":""}
{"timestamp":"2025-07-02T11:57:13,125","container":"6765e192c076","level":"INFO","thread":"main","class":"Runner","message":"Starting external services ... ","throwable":""}
{"timestamp":"2025-07-02T11:57:13,128","container":"6765e192c076","level":"INFO","thread":"main","class":"MetricsHttpService","message":"Starting metrics http service on 0.0.0.0:9545","throwable":""}
{"timestamp":"2025-07-02T11:57:13,475","container":"6765e192c076","level":"INFO","thread":"main","class":"JsonRpcHttpService","message":"Starting JSON-RPC service on 0.0.0.0:8545","throwable":""}
{"timestamp":"2025-07-02T11:57:13,484","container":"6765e192c076","level":"INFO","thread":"vert.x-eventloop-thread-1","class":"MetricsHttpService","message":"Metrics service started and listening on 0.0.0.0:9545","throwable":""}
{"timestamp":"2025-07-02T11:57:13,492","container":"6765e192c076","level":"INFO","thread":"vert.x-eventloop-thread-1","class":"JsonRpcHttpService","message":"JSON-RPC service started and listening on 0.0.0.0:8545","throwable":""}
{"timestamp":"2025-07-02T11:57:13,494","container":"6765e192c076","level":"INFO","thread":"main","class":"GraphQLHttpService","message":"Starting GraphQL HTTP service on 0.0.0.0:8547","throwable":""}
{"timestamp":"2025-07-02T11:57:13,516","container":"6765e192c076","level":"INFO","thread":"vert.x-eventloop-thread-1","class":"GraphQLHttpService","message":"GraphQL HTTP service started and listening on 0.0.0.0:8547","throwable":""}
{"timestamp":"2025-07-02T11:57:13,517","container":"6765e192c076","level":"INFO","thread":"main","class":"WebSocketService","message":"Starting Websocket service on 0.0.0.0:8546","throwable":""}
{"timestamp":"2025-07-02T11:57:13,521","container":"6765e192c076","level":"INFO","thread":"vert.x-eventloop-thread-1","class":"WebSocketService","message":"Websocket service started and listening on 0.0.0.0:8546","throwable":""}
{"timestamp":"2025-07-02T11:57:13,524","container":"6765e192c076","level":"INFO","thread":"main","class":"AutoTransactionLogBloomCachingService","message":"Starting auto transaction log bloom caching service.","throwable":""}
{"timestamp":"2025-07-02T11:57:13,540","container":"6765e192c076","level":"INFO","thread":"main","class":"LogBloomCacheMetadata","message":"Lookup cache metadata file in data directory: /opt/besu/data/caches","throwable":""}
{"timestamp":"2025-07-02T11:57:13,563","container":"6765e192c076","level":"INFO","thread":"main","class":"Runner","message":"Starting Ethereum main loop ... ","throwable":""}
{"timestamp":"2025-07-02T11:57:13,564","container":"6765e192c076","level":"INFO","thread":"main","class":"DockerNatManager","message":"Starting docker NAT manager.","throwable":""}
{"timestamp":"2025-07-02T11:57:13,707","container":"6765e192c076","level":"INFO","thread":"main","class":"NetworkRunner","message":"Starting Network.","throwable":""}
{"timestamp":"2025-07-02T11:57:13,734","container":"6765e192c076","level":"INFO","thread":"nioEventLoopGroup-2-1","class":"RlpxAgent","message":"P2P RLPx agent started and listening on /0.0.0.0:30303.","throwable":""}
{"timestamp":"2025-07-02T11:57:13,738","container":"6765e192c076","level":"INFO","thread":"main","class":"PeerDiscoveryAgent","message":"Starting peer discovery agent on host=0.0.0.0, port=30303","throwable":""}
{"timestamp":"2025-07-02T11:57:13,786","container":"6765e192c076","level":"INFO","thread":"vert.x-eventloop-thread-1","class":"VertxPeerDiscoveryAgent","message":"Started peer discovery agent successfully, on effective host=0.0.0.0 and port=30303","throwable":""}
{"timestamp":"2025-07-02T11:57:13,790","container":"6765e192c076","level":"INFO","thread":"main","class":"PeerDiscoveryAgent","message":"P2P peer discovery agent started and listening on /0.0.0.0:30303","throwable":""}
{"timestamp":"2025-07-02T11:57:13,898","container":"6765e192c076","level":"INFO","thread":"main","class":"PeerDiscoveryAgent","message":"Writing node record to disk. NodeRecord{seq=2, publicKey=0x028208a3f344695d44e9cf2c023683cbea7b9343e2f70a5e804bd2c93858e945f8, udpAddress=Optional[/10.0.0.77:30303], tcpAddress=Optional[/10.0.0.77:30303], asBase64=-Je4QLPwMfzzw7c0qwBllAJN3JYaLjP4JSkq9jIG3-9zPBovZgqav8hR0WmIPAkdqQ0Nk39Cqs7kXx5oOhCuVHMzqDgCg2V0aMfGhGpSrW2AgmlkgnY0gmlwhAoAAE2Jc2VjcDI1NmsxoQKCCKPzRGldROnPLAI2g8vqe5ND4vcKXoBL0sk4WOlF-IN0Y3CCdl-DdWRwgnZf, nodeId=0x58e94810eeee14c28613b47e93917cadbace5dfce132b991732c6cda9bcc5b8a, customFields={tcp=30303, udp=30303, ip=0x0a00004d, eth=[[0x6a52ad6d, 0x]], id=V4, secp256k1=0x028208a3f344695d44e9cf2c023683cbea7b9343e2f70a5e804bd2c93858e945f8}}","throwable":""}
{"timestamp":"2025-07-02T11:57:13,990","container":"6765e192c076","level":"INFO","thread":"main","class":"DefaultP2PNetwork","message":"Enode URL enode://8208a3f344695d44e9cf2c023683cbea7b9343e2f70a5e804bd2c93858e945f8f91439eef96a4ab6c47ff06637d6fbe6472f96de1655a1bee57ea896654f3a22@10.0.0.77:30303","throwable":""}
{"timestamp":"2025-07-02T11:57:13,990","container":"6765e192c076","level":"INFO","thread":"main","class":"DefaultP2PNetwork","message":"Node address 0x93917cadbace5dfce132b991732c6cda9bcc5b8a","throwable":""}
{"timestamp":"2025-07-02T11:57:14,135","container":"6765e192c076","level":"INFO","thread":"main","class":"NetworkRunner","message":"Supported capabilities: [eth/62, eth/63, eth/64, eth/65, eth/66, eth/67, eth/68], [istanbul/100], [snap/1]","throwable":""}
{"timestamp":"2025-07-02T11:57:14,140","container":"6765e192c076","level":"INFO","thread":"main","class":"DefaultSynchronizer","message":"Starting synchronizer.","throwable":""}
{"timestamp":"2025-07-02T11:57:14,153","container":"6765e192c076","level":"INFO","thread":"main","class":"TransactionPoolFactory","message":"Enabling transaction handling following initial sync","throwable":""}
{"timestamp":"2025-07-02T11:57:14,155","container":"6765e192c076","level":"INFO","thread":"main","class":"FullSyncDownloader","message":"Starting full sync.","throwable":""}
{"timestamp":"2025-07-02T11:57:14,156","container":"6765e192c076","level":"INFO","thread":"main","class":"FullSyncTargetManager","message":"Unable to find sync target. Currently checking 0 peers for usefulness","throwable":""}
{"timestamp":"2025-07-02T11:57:14,557","container":"6765e192c076","level":"INFO","thread":"main","class":"Runner","message":"Ethereum main loop is up.","throwable":""}
{"timestamp":"2025-07-02T11:57:19,182","container":"6765e192c076","level":"INFO","thread":"EthScheduler-Timer-0","class":"FullSyncTargetManager","message":"Unable to find sync target. Currently checking 0 peers for usefulness","throwable":""}
{"timestamp":"2025-07-02T11:57:24,184","container":"6765e192c076","level":"INFO","thread":"EthScheduler-Timer-0","class":"FullSyncTargetManager","message":"Unable to find sync target. Currently checking 0 peers for usefulness","throwable":""}
{"timestamp":"2025-07-02T11:57:29,185","container":"6765e192c076","level":"INFO","thread":"EthScheduler-Timer-0","class":"FullSyncTargetManager","message":"Unable to find sync target. Currently checking 0 peers for usefulness","throwable":""}
{"timestamp":"2025-07-02T11:57:34,186","container":"6765e192c076","level":"INFO","thread":"EthScheduler-Timer-0","class":"FullSyncTargetManager","message":"Unable to find sync target. Currently checking 0 peers for usefulness","throwable":""}
{"timestamp":"2025-07-02T11:57:39,188","container":"6765e192c076","level":"INFO","thread":"EthScheduler-Timer-0","class":"FullSyncTargetManager","message":"Unable to find sync target. Currently checking 0 peers for usefulness","throwable":""}
{"timestamp":"2025-07-02T11:57:44,189","container":"6765e192c076","level":"INFO","thread":"EthScheduler-Timer-0","class":"FullSyncTargetManager","message":"Unable to find sync target. Currently checking 0 peers for usefulness","throwable":""}
{"timestamp":"2025-07-02T11:57:49,205","container":"6765e192c076","level":"INFO","thread":"EthScheduler-Timer-0","class":"FullSyncTargetManager","message":"Unable to find sync target. Currently checking 0 peers for usefulness","throwable":""}
{"timestamp":"2025-07-02T11:57:54,218","container":"6765e192c076","level":"INFO","thread":"EthScheduler-Timer-0","class":"FullSyncTargetManager","message":"Unable to find sync target. Currently checking 0 peers for usefulness","throwable":""}
{"timestamp":"2025-07-02T11:57:59,246","container":"6765e192c076","level":"INFO","thread":"EthScheduler-Timer-0","class":"FullSyncTargetManager","message":"Unable to find sync target. Currently checking 0 peers for usefulness","throwable":""}
{"timestamp":"2025-07-02T11:58:04,249","container":"6765e192c076","level":"INFO","thread":"EthScheduler-Timer-0","class":"FullSyncTargetManager","message":"Unable to find sync target. Currently checking 0 peers for usefulness","throwable":""}
{"timestamp":"2025-07-02T11:58:09,256","container":"6765e192c076","level":"INFO","thread":"EthScheduler-Timer-0","class":"FullSyncTargetManager","message":"Unable to find sync target. Currently checking 0 peers for usefulness","throwable":""}
{"timestamp":"2025-07-02T11:58:14,257","container":"6765e192c076","level":"INFO","thread":"EthScheduler-Timer-0","class":"FullSyncTargetManager","message":"Unable to find sync target. Currently checking 0 peers for usefulness","throwable":""}
{"timestamp":"2025-07-02T11:58:19,262","container":"6765e192c076","level":"INFO","thread":"EthScheduler-Timer-0","class":"FullSyncTargetManager","message":"Unable to find sync target. Currently checking 0 peers for usefulness","throwable":""}
{"timestamp":"2025-07-02T11:58:24,263","container":"6765e192c076","level":"INFO","thread":"EthScheduler-Timer-0","class":"FullSyncTargetManager","message":"Unable to find sync target. Currently checking 0 peers for usefulness","throwable":""}
{"timestamp":"2025-07-02T11:58:29,265","container":"6765e192c076","level":"INFO","thread":"EthScheduler-Timer-0","class":"FullSyncTargetManager","message":"Unable to find sync target. Currently checking 0 peers for usefulness","throwable":""}
{"timestamp":"2025-07-02T11:58:34,266","container":"6765e192c076","level":"INFO","thread":"EthScheduler-Timer-0","class":"FullSyncTargetManager","message":"Unable to find sync target. Currently checking 0 peers for usefulness","throwable":""}
{"timestamp":"2025-07-02T11:58:39,268","container":"6765e192c076","level":"INFO","thread":"EthScheduler-Timer-0","class":"FullSyncTargetManager","message":"Unable to find sync target. Currently checking 0 peers for usefulness","throwable":""}
{"timestamp":"2025-07-02T11:58:44,269","container":"6765e192c076","level":"INFO","thread":"EthScheduler-Timer-0","class":"FullSyncTargetManager","message":"Unable to find sync target. Currently checking 0 peers for usefulness","throwable":""}
{"timestamp":"2025-07-02T11:58:49,271","container":"6765e192c076","level":"INFO","thread":"EthScheduler-Timer-0","class":"FullSyncTargetManager","message":"Unable to find sync target. Currently checking 0 peers for usefulness","throwable":""}
{"timestamp":"2025-07-02T11:58:53,736","container":"6765e192c076","level":"INFO","thread":"BftProcessorExecutor-QBFT-0","class":"BftProcessor","message":"Shutting down BFT event processor","throwable":""}
{"timestamp":"2025-07-02T11:58:53,740","container":"6765e192c076","level":"INFO","thread":"BesuCommand-Shutdown-Hook","class":"DefaultSynchronizer","message":"Stopping synchronizer","throwable":""}
{"timestamp":"2025-07-02T11:58:53,744","container":"6765e192c076","level":"INFO","thread":"BesuCommand-Shutdown-Hook","class":"NetworkRunner","message":"Stopping Network.","throwable":""}
{"timestamp":"2025-07-02T11:58:53,757","container":"6765e192c076","level":"INFO","thread":"BesuCommand-Shutdown-Hook","class":"EthProtocolManager","message":"Stopping eth Subprotocol.","throwable":""}
{"timestamp":"2025-07-02T11:58:53,854","container":"6765e192c076","level":"INFO","thread":"BesuCommand-Shutdown-Hook","class":"EthProtocolManager","message":"eth Subprotocol stopped.","throwable":""}
{"timestamp":"2025-07-02T11:58:53,854","container":"6765e192c076","level":"INFO","thread":"BesuCommand-Shutdown-Hook","class":"NetworkRunner","message":"Network stopped.","throwable":""}
{"timestamp":"2025-07-02T11:58:53,855","container":"6765e192c076","level":"INFO","thread":"BesuCommand-Shutdown-Hook","class":"AutoTransactionLogBloomCachingService","message":"Shutting down Auto transaction logs caching service.","throwable":""}
{"timestamp":"2025-07-02T11:58:53,856","container":"6765e192c076","level":"INFO","thread":"BesuCommand-Shutdown-Hook","class":"DockerNatManager","message":"Stopping docker NAT manager.","throwable":""}
