{"timestamp":"2025-06-27T01:23:22,583","container":"f1f6ec10c4e9","level":"INFO","thread":"main","class":"Besu","message":"Starting Besu","throwable":""}
{"timestamp":"2025-06-27T01:23:23,712","container":"f1f6ec10c4e9","level":"WARN","thread":"main","class":"Besu","message":"--min-gas-price has been ignored because --miner-enabled was not defined on the command line.","throwable":""}
{"timestamp":"2025-06-27T01:23:26,329","container":"f1f6ec10c4e9","level":"INFO","thread":"main","class":"Besu","message":"
####################################################################################################
#                                                                                                  #
# Besu version 23.4.1                                                                              #
#                                                                                                  #
# Configuration:                                                                                   #
# Network: Custom genesis file specified                                                           #
# Network Id: 1337                                                                                 #
# Data storage: Forest                                                                             #
# Sync mode: Full                                                                                  #
# RPC HTTP APIs: EEA,WEB3,ETH,NET,TRACE,DEBUG,ADMIN,TXPOOL,PRIV,PERM,QBFT                          #
# RPC HTTP port: 8545                                                                              #
#                                                                                                  #
# Host:                                                                                            #
# Java: openjdk-java-17                                                                            #
# Maximum heap size: 1.74 GB                                                                       #
# OS: linux-x86_64                                                                                 #
# glibc: 2.35                                                                                      #
# jemalloc: 5.2.1-0-gea6b3e973b477b8061e0076bb257dbd7f3faa756                                      #
# Total memory: 6.95 GB                                                                            #
# CPU cores: 4                                                                                     #
#                                                                                                  #
####################################################################################################","throwable":""}
{"timestamp":"2025-06-27T01:23:26,329","container":"f1f6ec10c4e9","level":"INFO","thread":"main","class":"Besu","message":"Connecting to 8 static nodes.","throwable":""}
{"timestamp":"2025-06-27T01:23:26,330","container":"f1f6ec10c4e9","level":"INFO","thread":"main","class":"Besu","message":"Security Module: localfile","throwable":""}
{"timestamp":"2025-06-27T01:23:26,618","container":"f1f6ec10c4e9","level":"INFO","thread":"main","class":"Besu","message":"Using the native implementation of alt bn128","throwable":""}
{"timestamp":"2025-06-27T01:23:26,819","container":"f1f6ec10c4e9","level":"INFO","thread":"main","class":"Besu","message":"Using the native implementation of modexp","throwable":""}
{"timestamp":"2025-06-27T01:23:26,820","container":"f1f6ec10c4e9","level":"INFO","thread":"main","class":"Besu","message":"Using the native implementation of the signature algorithm","throwable":""}
{"timestamp":"2025-06-27T01:23:26,825","container":"f1f6ec10c4e9","level":"INFO","thread":"main","class":"Besu","message":"Using the native implementation of the blake2bf algorithm","throwable":""}
{"timestamp":"2025-06-27T01:23:26,862","container":"f1f6ec10c4e9","level":"INFO","thread":"main","class":"RocksDBKeyValueStorageFactory","message":"No existing database detected at /opt/besu/data. Using version 1","throwable":""}
{"timestamp":"2025-06-27T01:23:28,603","container":"f1f6ec10c4e9","level":"INFO","thread":"main","class":"KeyPairUtil","message":"Loaded public key 0x86fcc16f4730fbfd238dc17ea552854c0943923bb1d5e886e5601b8d884fb0519060e0023f495dd24ffe60a65660fb7fdcdebfceedd2b3673dfa63658825924b from /opt/besu/keys/nodekey","throwable":""}
{"timestamp":"2025-06-27T01:23:28,619","container":"f1f6ec10c4e9","level":"WARN","thread":"main","class":"Besu","message":"Privacy is disabled. Cannot use EEA/PRIV API methods when not using Privacy.","throwable":""}
{"timestamp":"2025-06-27T01:23:29,077","container":"f1f6ec10c4e9","level":"INFO","thread":"main","class":"ProtocolScheduleBuilder","message":"Protocol schedule created with milestones: [GrayGlacier: 0]","throwable":""}
{"timestamp":"2025-06-27T01:23:29,357","container":"f1f6ec10c4e9","level":"INFO","thread":"main","class":"TransactionPoolFactory","message":"Enabling transaction pool","throwable":""}
{"timestamp":"2025-06-27T01:23:29,391","container":"f1f6ec10c4e9","level":"INFO","thread":"main","class":"BesuControllerBuilder","message":"TTD difficulty is not present, creating initial sync phase for PoW","throwable":""}
{"timestamp":"2025-06-27T01:23:29,630","container":"f1f6ec10c4e9","level":"INFO","thread":"main","class":"RunnerBuilder","message":"Detecting NAT service.","throwable":""}
{"timestamp":"2025-06-27T01:23:30,546","container":"f1f6ec10c4e9","level":"INFO","thread":"main","class":"Runner","message":"Starting external services ... ","throwable":""}
{"timestamp":"2025-06-27T01:23:30,559","container":"f1f6ec10c4e9","level":"INFO","thread":"main","class":"MetricsHttpService","message":"Starting metrics http service on 0.0.0.0:9545","throwable":""}
{"timestamp":"2025-06-27T01:23:30,652","container":"f1f6ec10c4e9","level":"INFO","thread":"main","class":"JsonRpcHttpService","message":"Starting JSON-RPC service on 0.0.0.0:8545","throwable":""}
{"timestamp":"2025-06-27T01:23:30,668","container":"f1f6ec10c4e9","level":"INFO","thread":"vert.x-eventloop-thread-1","class":"MetricsHttpService","message":"Metrics service started and listening on 0.0.0.0:9545","throwable":""}
{"timestamp":"2025-06-27T01:23:30,678","container":"f1f6ec10c4e9","level":"INFO","thread":"vert.x-eventloop-thread-1","class":"JsonRpcHttpService","message":"JSON-RPC service started and listening on 0.0.0.0:8545","throwable":""}
{"timestamp":"2025-06-27T01:23:30,680","container":"f1f6ec10c4e9","level":"INFO","thread":"main","class":"GraphQLHttpService","message":"Starting GraphQL HTTP service on 0.0.0.0:8547","throwable":""}
{"timestamp":"2025-06-27T01:23:30,683","container":"f1f6ec10c4e9","level":"INFO","thread":"vert.x-eventloop-thread-1","class":"GraphQLHttpService","message":"GraphQL HTTP service started and listening on 0.0.0.0:8547","throwable":""}
{"timestamp":"2025-06-27T01:23:30,684","container":"f1f6ec10c4e9","level":"INFO","thread":"main","class":"WebSocketService","message":"Starting Websocket service on 0.0.0.0:8546","throwable":""}
{"timestamp":"2025-06-27T01:23:30,686","container":"f1f6ec10c4e9","level":"INFO","thread":"vert.x-eventloop-thread-1","class":"WebSocketService","message":"Websocket service started and listening on 0.0.0.0:8546","throwable":""}
{"timestamp":"2025-06-27T01:23:30,688","container":"f1f6ec10c4e9","level":"INFO","thread":"main","class":"AutoTransactionLogBloomCachingService","message":"Starting auto transaction log bloom caching service.","throwable":""}
{"timestamp":"2025-06-27T01:23:30,689","container":"f1f6ec10c4e9","level":"INFO","thread":"main","class":"LogBloomCacheMetadata","message":"Lookup cache metadata file in data directory: /opt/besu/data/caches","throwable":""}
{"timestamp":"2025-06-27T01:23:30,724","container":"f1f6ec10c4e9","level":"INFO","thread":"main","class":"Runner","message":"Starting Ethereum main loop ... ","throwable":""}
{"timestamp":"2025-06-27T01:23:30,725","container":"f1f6ec10c4e9","level":"INFO","thread":"main","class":"DockerNatManager","message":"Starting docker NAT manager.","throwable":""}
{"timestamp":"2025-06-27T01:23:30,738","container":"f1f6ec10c4e9","level":"INFO","thread":"main","class":"NetworkRunner","message":"Starting Network.","throwable":""}
{"timestamp":"2025-06-27T01:23:30,764","container":"f1f6ec10c4e9","level":"INFO","thread":"nioEventLoopGroup-2-1","class":"RlpxAgent","message":"P2P RLPx agent started and listening on /0.0.0.0:30303.","throwable":""}
{"timestamp":"2025-06-27T01:23:30,769","container":"f1f6ec10c4e9","level":"INFO","thread":"main","class":"PeerDiscoveryAgent","message":"Starting peer discovery agent on host=0.0.0.0, port=30303","throwable":""}
{"timestamp":"2025-06-27T01:23:30,797","container":"f1f6ec10c4e9","level":"INFO","thread":"vert.x-eventloop-thread-1","class":"VertxPeerDiscoveryAgent","message":"Started peer discovery agent successfully, on effective host=0.0.0.0 and port=30303","throwable":""}
{"timestamp":"2025-06-27T01:23:30,798","container":"f1f6ec10c4e9","level":"INFO","thread":"main","class":"PeerDiscoveryAgent","message":"P2P peer discovery agent started and listening on /0.0.0.0:30303","throwable":""}
{"timestamp":"2025-06-27T01:23:30,841","container":"f1f6ec10c4e9","level":"INFO","thread":"main","class":"PeerDiscoveryAgent","message":"Writing node record to disk. NodeRecord{seq=1, publicKey=0x0386fcc16f4730fbfd238dc17ea552854c0943923bb1d5e886e5601b8d884fb051, udpAddress=Optional[/10.26.107.75:30303], tcpAddress=Optional[/10.26.107.75:30303], asBase64=-Je4QGOGCq4w7cBOxahvdsnPU50B-97CKc1qp71Hf3VbC-NJJOihhEesOB5ArV0PncR8QFtg6BqiqriuPwB8ReI64y4Bg2V0aMfGhGpSrW2AgmlkgnY0gmlwhAoaa0uJc2VjcDI1NmsxoQOG_MFvRzD7_SONwX6lUoVMCUOSO7HV6IblYBuNiE-wUYN0Y3CCdl-DdWRwgnZf, nodeId=0x133b4f32d7750cdfd4048f04df8b560be949c229c821731554c33ead5e3888a4, customFields={tcp=30303, udp=30303, ip=0x0a1a6b4b, eth=[[0x6a52ad6d, 0x]], id=V4, secp256k1=0x0386fcc16f4730fbfd238dc17ea552854c0943923bb1d5e886e5601b8d884fb051}}","throwable":""}
{"timestamp":"2025-06-27T01:23:30,924","container":"f1f6ec10c4e9","level":"INFO","thread":"main","class":"DefaultP2PNetwork","message":"Enode URL enode://86fcc16f4730fbfd238dc17ea552854c0943923bb1d5e886e5601b8d884fb0519060e0023f495dd24ffe60a65660fb7fdcdebfceedd2b3673dfa63658825924b@10.26.107.75:30303","throwable":""}
{"timestamp":"2025-06-27T01:23:30,925","container":"f1f6ec10c4e9","level":"INFO","thread":"main","class":"DefaultP2PNetwork","message":"Node address 0xdf8b560be949c229c821731554c33ead5e3888a4","throwable":""}
{"timestamp":"2025-06-27T01:23:31,106","container":"f1f6ec10c4e9","level":"INFO","thread":"main","class":"NetworkRunner","message":"Supported capabilities: [eth/62, eth/63, eth/64, eth/65, eth/66, eth/67, eth/68], [istanbul/100], [snap/1]","throwable":""}
{"timestamp":"2025-06-27T01:23:31,106","container":"f1f6ec10c4e9","level":"INFO","thread":"main","class":"DefaultSynchronizer","message":"Starting synchronizer.","throwable":""}
{"timestamp":"2025-06-27T01:23:31,108","container":"f1f6ec10c4e9","level":"INFO","thread":"main","class":"TransactionPoolFactory","message":"Enabling transaction handling following initial sync","throwable":""}
{"timestamp":"2025-06-27T01:23:31,109","container":"f1f6ec10c4e9","level":"INFO","thread":"main","class":"FullSyncDownloader","message":"Starting full sync.","throwable":""}
{"timestamp":"2025-06-27T01:23:31,110","container":"f1f6ec10c4e9","level":"INFO","thread":"main","class":"FullSyncTargetManager","message":"Unable to find sync target. Currently checking 0 peers for usefulness","throwable":""}
{"timestamp":"2025-06-27T01:23:31,262","container":"f1f6ec10c4e9","level":"INFO","thread":"main","class":"Runner","message":"Ethereum main loop is up.","throwable":""}
{"timestamp":"2025-06-27T01:23:31,366","container":"f1f6ec10c4e9","level":"INFO","thread":"nioEventLoopGroup-3-6","class":"FullSyncTargetManager","message":"Unable to find sync target. Currently checking 3 peers for usefulness","throwable":""}
{"timestamp":"2025-06-27T01:23:36,371","container":"f1f6ec10c4e9","level":"INFO","thread":"EthScheduler-Timer-0","class":"FullSyncTargetManager","message":"Unable to find sync target. Currently checking 3 peers for usefulness","throwable":""}
{"timestamp":"2025-06-27T01:23:37,858","container":"f1f6ec10c4e9","level":"INFO","thread":"EthScheduler-Workers-0","class":"PersistBlockTask","message":"Imported #1 / 0 tx / 0 om / 0 (0.0%) gas / (0x7e7fcfdb24c825b73e9ac6fa0f9efd49f0ea9f4b56c87ce1866720e5066dbb88) in 0.035s. Peers: 3","throwable":""}
{"timestamp":"2025-06-27T01:23:41,373","container":"f1f6ec10c4e9","level":"INFO","thread":"EthScheduler-Timer-0","class":"FullSyncTargetManager","message":"Unable to find sync target. Currently checking 3 peers for usefulness","throwable":""}
{"timestamp":"2025-06-27T01:23:44,830","container":"f1f6ec10c4e9","level":"INFO","thread":"EthScheduler-Workers-0","class":"PersistBlockTask","message":"Imported #2 / 0 tx / 0 om / 0 (0.0%) gas / (0x649a4cd48e0bf4c960df4db6dcea12a5ca5528ddeb3a51186fb5b29359bf8410) in 0.005s. Peers: 3","throwable":""}
{"timestamp":"2025-06-27T01:23:52,823","container":"f1f6ec10c4e9","level":"INFO","thread":"EthScheduler-Workers-0","class":"PersistBlockTask","message":"Imported #3 / 0 tx / 0 om / 0 (0.0%) gas / (0x0a2bf52cd96f3a59507a517379f706175401278ca7f2a94e9671ee01ddf14d66) in 0.021s. Peers: 3","throwable":""}
{"timestamp":"2025-06-27T01:24:00,839","container":"f1f6ec10c4e9","level":"INFO","thread":"EthScheduler-Workers-0","class":"PersistBlockTask","message":"Imported #4 / 0 tx / 0 om / 0 (0.0%) gas / (0x895979d0f13510f1bb41f75ede0407694cda45bcb2137258b2e80c593219848f) in 0.030s. Peers: 3","throwable":""}
{"timestamp":"2025-06-27T01:24:09,104","container":"f1f6ec10c4e9","level":"INFO","thread":"EthScheduler-Workers-0","class":"PersistBlockTask","message":"Imported #5 / 0 tx / 0 om / 0 (0.0%) gas / (0x3a70bf64a66ffa5e435d367cddd452c5e833fb0ddbfad415fd1f07bbe3cf9a19) in 0.012s. Peers: 3","throwable":""}
{"timestamp":"2025-06-27T01:24:16,780","container":"f1f6ec10c4e9","level":"INFO","thread":"EthScheduler-Workers-0","class":"PersistBlockTask","message":"Imported #6 / 0 tx / 0 om / 0 (0.0%) gas / (0xc59df784829ec0c758fff71120ba8179a28762a0995f86638cb0bd13f3b7e82c) in 0.006s. Peers: 3","throwable":""}
{"timestamp":"2025-06-27T01:24:24,862","container":"f1f6ec10c4e9","level":"INFO","thread":"EthScheduler-Workers-0","class":"PersistBlockTask","message":"Imported #7 / 0 tx / 0 om / 0 (0.0%) gas / (0xc7aed18ccbded7c424626d9c8eb9ff0c9e2a9a41065cb40169c3068c7cbeb2fb) in 0.020s. Peers: 3","throwable":""}
{"timestamp":"2025-06-27T01:24:32,813","container":"f1f6ec10c4e9","level":"INFO","thread":"EthScheduler-Workers-0","class":"PersistBlockTask","message":"Imported #8 / 0 tx / 0 om / 0 (0.0%) gas / (0x6f67e3c10ac1bfefa1e433d0b48d4dd34c6630e5324d5bb1b98551d74fde1be5) in 0.016s. Peers: 3","throwable":""}
{"timestamp":"2025-06-27T01:24:41,086","container":"f1f6ec10c4e9","level":"INFO","thread":"EthScheduler-Workers-0","class":"PersistBlockTask","message":"Imported #9 / 0 tx / 0 om / 0 (0.0%) gas / (0xb413852ec6ebf92af61936ab310dabe8c768e86108c5eeb60c431608a6303bef) in 0.008s. Peers: 3","throwable":""}
{"timestamp":"2025-06-27T01:24:48,815","container":"f1f6ec10c4e9","level":"INFO","thread":"EthScheduler-Workers-0","class":"PersistBlockTask","message":"Imported #10 / 0 tx / 0 om / 0 (0.0%) gas / (0xcab056507d498e3fb17b909b309d20eaf46bf5803649c1addb6823631fef80ee) in 0.019s. Peers: 3","throwable":""}
{"timestamp":"2025-06-27T01:24:56,811","container":"f1f6ec10c4e9","level":"INFO","thread":"EthScheduler-Workers-0","class":"PersistBlockTask","message":"Imported #11 / 0 tx / 0 om / 0 (0.0%) gas / (0xe46f642e713b096923520d506aa2f546ba075e621f616a25ddd418037ab39273) in 0.006s. Peers: 3","throwable":""}
{"timestamp":"2025-06-27T01:25:04,885","container":"f1f6ec10c4e9","level":"INFO","thread":"EthScheduler-Workers-0","class":"PersistBlockTask","message":"Imported #12 / 0 tx / 0 om / 0 (0.0%) gas / (0x901b962e12d52ac5a8d2eb62522dc400fde1e234c313f42d18bc8f066ed8d1dd) in 0.012s. Peers: 3","throwable":""}
{"timestamp":"2025-06-27T01:25:13,081","container":"f1f6ec10c4e9","level":"INFO","thread":"EthScheduler-Workers-0","class":"PersistBlockTask","message":"Imported #13 / 0 tx / 0 om / 0 (0.0%) gas / (0x014d4fe7a16072b3295eeed4e45597494533cc2c217d0212fc8418a87b005eac) in 0.007s. Peers: 3","throwable":""}
{"timestamp":"2025-06-27T01:25:20,824","container":"f1f6ec10c4e9","level":"INFO","thread":"EthScheduler-Workers-0","class":"PersistBlockTask","message":"Imported #14 / 0 tx / 0 om / 0 (0.0%) gas / (0x77a19adada76e978b52aef8f291366ff3a7fd8c5385b0c6e63b6134686e592ba) in 0.015s. Peers: 3","throwable":""}
{"timestamp":"2025-06-27T01:25:28,811","container":"f1f6ec10c4e9","level":"INFO","thread":"EthScheduler-Workers-0","class":"PersistBlockTask","message":"Imported #15 / 0 tx / 0 om / 0 (0.0%) gas / (0x003c0cf39963815bfb9a56117507844d5b9dee575a61476b8dd8cbfe39b5b23d) in 0.019s. Peers: 3","throwable":""}
{"timestamp":"2025-06-27T01:25:36,818","container":"f1f6ec10c4e9","level":"INFO","thread":"EthScheduler-Workers-0","class":"PersistBlockTask","message":"Imported #16 / 0 tx / 0 om / 0 (0.0%) gas / (0x2b6f9b9a3304a5d2d2972b154ffff0bf7f6440878f79ecb8159fcee991858cf7) in 0.005s. Peers: 3","throwable":""}
{"timestamp":"2025-06-27T01:25:45,055","container":"f1f6ec10c4e9","level":"INFO","thread":"EthScheduler-Workers-0","class":"PersistBlockTask","message":"Imported #17 / 0 tx / 0 om / 0 (0.0%) gas / (0xd1348887ad76e2df75c24900a75b6f9db7c41da294e26b2e73ac0bd5d73999f3) in 0.002s. Peers: 3","throwable":""}
{"timestamp":"2025-06-27T01:25:52,835","container":"f1f6ec10c4e9","level":"INFO","thread":"EthScheduler-Workers-0","class":"PersistBlockTask","message":"Imported #18 / 0 tx / 0 om / 0 (0.0%) gas / (0x4af57b52f4645fb44f69f4a070ed69c2d5058de0f10a3e797333e9c8d7c62883) in 0.007s. Peers: 3","throwable":""}
{"timestamp":"2025-06-27T01:26:00,812","container":"f1f6ec10c4e9","level":"INFO","thread":"EthScheduler-Workers-0","class":"PersistBlockTask","message":"Imported #19 / 0 tx / 0 om / 0 (0.0%) gas / (0xb7b5ae56bee1fd4cff1734e13b04ba6adf404ef06518f595c86fab69e212cfe6) in 0.002s. Peers: 3","throwable":""}
{"timestamp":"2025-06-27T01:26:08,825","container":"f1f6ec10c4e9","level":"INFO","thread":"EthScheduler-Workers-0","class":"PersistBlockTask","message":"Imported #20 / 0 tx / 0 om / 0 (0.0%) gas / (0xa6c36b5227a6b429f17240263ab2f90cc2ddd95abe3659a8a437b3e0ce5b18ed) in 0.004s. Peers: 3","throwable":""}
{"timestamp":"2025-06-27T01:26:17,070","container":"f1f6ec10c4e9","level":"INFO","thread":"EthScheduler-Workers-0","class":"PersistBlockTask","message":"Imported #21 / 0 tx / 0 om / 0 (0.0%) gas / (0x89f7ec7154c6fd79d80526369b27bab371927a48492e4b083ccc49e844ba6a9c) in 0.003s. Peers: 3","throwable":""}
{"timestamp":"2025-06-27T01:26:24,870","container":"f1f6ec10c4e9","level":"INFO","thread":"EthScheduler-Workers-0","class":"PersistBlockTask","message":"Imported #22 / 0 tx / 0 om / 0 (0.0%) gas / (0xc0c39cae669e0ddabd46b3f273604593d9a0936a00cffbae92fe3edde29d0c96) in 0.011s. Peers: 3","throwable":""}
{"timestamp":"2025-06-27T01:26:32,973","container":"f1f6ec10c4e9","level":"INFO","thread":"EthScheduler-Workers-0","class":"PersistBlockTask","message":"Imported #23 / 1 tx / 0 om / 2,000,000 (0.0%) gas / (0x31f2d6af504b1a6f53e04fc4c7c7371227ce64bc46e9eca42393af2d436c30a7) in 0.048s. Peers: 3","throwable":""}
{"timestamp":"2025-06-27T01:26:40,880","container":"f1f6ec10c4e9","level":"INFO","thread":"EthScheduler-Workers-0","class":"PersistBlockTask","message":"Imported #24 / 1 tx / 0 om / 23,604 (0.0%) gas / (0x3de5a5c6225173770e106af0ce7ba87d3b187004ccafe5d67d9bbf6f57087ffe) in 0.030s. Peers: 3","throwable":""}
{"timestamp":"2025-06-27T01:26:49,068","container":"f1f6ec10c4e9","level":"INFO","thread":"EthScheduler-Workers-0","class":"PersistBlockTask","message":"Imported #25 / 0 tx / 0 om / 0 (0.0%) gas / (0xc629687efa039095b07baf42e1db9e204edc8f507b1ec61a321126aa6144ba95) in 0.003s. Peers: 3","throwable":""}
{"timestamp":"2025-06-27T10:11:14,310","container":"f1f6ec10c4e9","level":"INFO","thread":"EthScheduler-Workers-0","class":"PersistBlockTask","message":"Imported #26 / 0 tx / 0 om / 0 (0.0%) gas / (0x1f24d2904b45bb665488fca26f0644c897f2f8eafe0b8e6f0708547a74befe76) in 0.002s. Peers: 3","throwable":""}
{"timestamp":"2025-06-27T10:11:22,056","container":"f1f6ec10c4e9","level":"INFO","thread":"EthScheduler-Workers-0","class":"PersistBlockTask","message":"Imported #27 / 0 tx / 0 om / 0 (0.0%) gas / (0x58a3ca4d889ba8670bf14b62d2bf0d55d8c2ddfce4ab8c8c67b22770e63591d2) in 0.011s. Peers: 3","throwable":""}
{"timestamp":"2025-06-27T10:11:30,041","container":"f1f6ec10c4e9","level":"INFO","thread":"EthScheduler-Workers-0","class":"PersistBlockTask","message":"Imported #28 / 0 tx / 0 om / 0 (0.0%) gas / (0x34ab6318f4c6818bca60187ffa5eef042c6ba5d8d64dee4546f38251b4dad6a0) in 0.009s. Peers: 3","throwable":""}
{"timestamp":"2025-06-27T10:11:38,050","container":"f1f6ec10c4e9","level":"INFO","thread":"EthScheduler-Workers-0","class":"PersistBlockTask","message":"Imported #29 / 0 tx / 0 om / 0 (0.0%) gas / (0x4c0aa4a5765ae6469e451b47a0a27e4550dcdaf33b5eeda36f4996bc2eb8c991) in 0.008s. Peers: 3","throwable":""}
{"timestamp":"2025-06-27T10:11:46,051","container":"f1f6ec10c4e9","level":"INFO","thread":"EthScheduler-Workers-0","class":"PersistBlockTask","message":"Imported #30 / 0 tx / 0 om / 0 (0.0%) gas / (0x288b56b9aeeaf89a382e0052f20058c31c43cade2551b3765615848a93390f35) in 0.009s. Peers: 3","throwable":""}
{"timestamp":"2025-06-27T10:11:54,038","container":"f1f6ec10c4e9","level":"INFO","thread":"EthScheduler-Workers-0","class":"PersistBlockTask","message":"Imported #31 / 0 tx / 0 om / 0 (0.0%) gas / (0xd532091453be50b781439445ed9ab0ee614a79913f4722159dfd5dd1c7dd99b3) in 0.002s. Peers: 3","throwable":""}
{"timestamp":"2025-06-27T10:12:02,046","container":"f1f6ec10c4e9","level":"INFO","thread":"EthScheduler-Workers-0","class":"PersistBlockTask","message":"Imported #32 / 0 tx / 0 om / 0 (0.0%) gas / (0x3979eaffb18d5c80f49b4bbaf331ff573205a5dd9ad4d58f5d703155d8063ad5) in 0.005s. Peers: 3","throwable":""}
{"timestamp":"2025-06-27T10:12:10,045","container":"f1f6ec10c4e9","level":"INFO","thread":"EthScheduler-Workers-0","class":"PersistBlockTask","message":"Imported #33 / 0 tx / 0 om / 0 (0.0%) gas / (0xe8eb94db2581495962ef0744baef66bba93b9a706cebabf6c3f9367fe6687051) in 0.003s. Peers: 3","throwable":""}
{"timestamp":"2025-06-27T10:12:18,057","container":"f1f6ec10c4e9","level":"INFO","thread":"EthScheduler-Workers-0","class":"PersistBlockTask","message":"Imported #34 / 0 tx / 0 om / 0 (0.0%) gas / (0x080d18416326a14d1b9dadef801ebb9bd71b7f0953c41e95b1bf34b0c74a01e8) in 0.005s. Peers: 3","throwable":""}
{"timestamp":"2025-06-27T10:12:26,059","container":"f1f6ec10c4e9","level":"INFO","thread":"EthScheduler-Workers-0","class":"PersistBlockTask","message":"Imported #35 / 0 tx / 0 om / 0 (0.0%) gas / (0x97be8df818cef2ea3444edfe093caf7e05084b837207cf272db8f670f1e38d5e) in 0.003s. Peers: 3","throwable":""}
{"timestamp":"2025-06-27T10:12:34,053","container":"f1f6ec10c4e9","level":"INFO","thread":"EthScheduler-Workers-0","class":"PersistBlockTask","message":"Imported #36 / 0 tx / 0 om / 0 (0.0%) gas / (0x066eff6d2052c6888ab2d12a039a4950854002adf4c86a3f893149efe701d35f) in 0.009s. Peers: 3","throwable":""}
{"timestamp":"2025-06-27T10:12:42,073","container":"f1f6ec10c4e9","level":"INFO","thread":"EthScheduler-Workers-0","class":"PersistBlockTask","message":"Imported #37 / 0 tx / 0 om / 0 (0.0%) gas / (0x316aa57c846b79dde5e1752b607b90f29917b0635fc13fac2f75fe41ad9180ba) in 0.013s. Peers: 3","throwable":""}
{"timestamp":"2025-06-27T10:12:50,046","container":"f1f6ec10c4e9","level":"INFO","thread":"EthScheduler-Workers-0","class":"PersistBlockTask","message":"Imported #38 / 0 tx / 0 om / 0 (0.0%) gas / (0x5c4aa81e1c2309750e29084ea3cc1778164cf2c9403abc71d04e4c45008285ec) in 0.006s. Peers: 3","throwable":""}
{"timestamp":"2025-06-27T10:12:58,064","container":"f1f6ec10c4e9","level":"INFO","thread":"EthScheduler-Workers-0","class":"PersistBlockTask","message":"Imported #39 / 0 tx / 0 om / 0 (0.0%) gas / (0x2fb91b215e75cad1b0d842a874cdcfab6a9f85587d795ceb6c265bce27f9f861) in 0.003s. Peers: 3","throwable":""}
{"timestamp":"2025-06-27T10:13:06,050","container":"f1f6ec10c4e9","level":"INFO","thread":"EthScheduler-Workers-0","class":"PersistBlockTask","message":"Imported #40 / 0 tx / 0 om / 0 (0.0%) gas / (0x1134e2a12ab9e60502e74cbba264627118108f5648e9834de61ddb1bed16657d) in 0.003s. Peers: 3","throwable":""}
{"timestamp":"2025-06-27T10:13:14,052","container":"f1f6ec10c4e9","level":"INFO","thread":"EthScheduler-Workers-0","class":"PersistBlockTask","message":"Imported #41 / 0 tx / 0 om / 0 (0.0%) gas / (0x6f3e77b09dc62aed316062b621896b5993f753a867c6509b72f1be21dd50a2ba) in 0.010s. Peers: 3","throwable":""}
{"timestamp":"2025-06-27T10:13:22,036","container":"f1f6ec10c4e9","level":"INFO","thread":"EthScheduler-Workers-0","class":"PersistBlockTask","message":"Imported #42 / 0 tx / 0 om / 0 (0.0%) gas / (0x1d42cac39bc9fbec961603eaaeeb642ac115e20ad30c0a5ee2469e7a54b28bb7) in 0.005s. Peers: 3","throwable":""}
{"timestamp":"2025-06-27T10:13:30,043","container":"f1f6ec10c4e9","level":"INFO","thread":"EthScheduler-Workers-0","class":"PersistBlockTask","message":"Imported #43 / 0 tx / 0 om / 0 (0.0%) gas / (0xfd093a88cbbc310bf40b842735d464f5bc149096f3aa3ea93383cba4e9378a43) in 0.002s. Peers: 3","throwable":""}
{"timestamp":"2025-06-27T10:13:38,081","container":"f1f6ec10c4e9","level":"INFO","thread":"EthScheduler-Workers-0","class":"PersistBlockTask","message":"Imported #44 / 0 tx / 0 om / 0 (0.0%) gas / (0x51a2e6457e12a0a062b20dd1685fa605ded5f71f9090ec26cd538be7094df83f) in 0.005s. Peers: 3","throwable":""}
{"timestamp":"2025-06-27T10:13:46,051","container":"f1f6ec10c4e9","level":"INFO","thread":"EthScheduler-Workers-0","class":"PersistBlockTask","message":"Imported #45 / 0 tx / 0 om / 0 (0.0%) gas / (0x6c4d02a42c6953da2b29b64fe4e385eb19686e3aefeb9a241091005496c355b2) in 0.004s. Peers: 3","throwable":""}
{"timestamp":"2025-06-27T10:13:54,044","container":"f1f6ec10c4e9","level":"INFO","thread":"EthScheduler-Workers-0","class":"PersistBlockTask","message":"Imported #46 / 0 tx / 0 om / 0 (0.0%) gas / (0x54a2cd876f91d012662b4358906d6f9fe3c755ec1cd230583476d81e100c26c7) in 0.006s. Peers: 3","throwable":""}
{"timestamp":"2025-06-27T10:14:02,043","container":"f1f6ec10c4e9","level":"INFO","thread":"EthScheduler-Workers-0","class":"PersistBlockTask","message":"Imported #47 / 0 tx / 0 om / 0 (0.0%) gas / (0xd5f16f035aee14326e6283fe3d2f373bae3c85ff63a05d335f16916d1dfc2d3b) in 0.002s. Peers: 3","throwable":""}
{"timestamp":"2025-06-27T10:14:10,045","container":"f1f6ec10c4e9","level":"INFO","thread":"EthScheduler-Workers-0","class":"PersistBlockTask","message":"Imported #48 / 0 tx / 0 om / 0 (0.0%) gas / (0x64b96cd69f675d6dc599ad7650f5d4c32d849d2620062caee1ebfed702b53d9c) in 0.002s. Peers: 3","throwable":""}
{"timestamp":"2025-06-27T10:14:18,048","container":"f1f6ec10c4e9","level":"INFO","thread":"EthScheduler-Workers-0","class":"PersistBlockTask","message":"Imported #49 / 0 tx / 0 om / 0 (0.0%) gas / (0x779b7e55a92ade590b7e2dbb576e1fa1a0e48bc57ba1a4f9a773aacaf32840fe) in 0.003s. Peers: 3","throwable":""}
{"timestamp":"2025-06-27T10:14:26,045","container":"f1f6ec10c4e9","level":"INFO","thread":"EthScheduler-Workers-0","class":"PersistBlockTask","message":"Imported #50 / 0 tx / 0 om / 0 (0.0%) gas / (0x39ed271c427dd4ae48dce0a6d52e51c0f114aeebb831b02ba714dec3080f1fe2) in 0.004s. Peers: 3","throwable":""}
{"timestamp":"2025-06-27T10:14:34,042","container":"f1f6ec10c4e9","level":"INFO","thread":"EthScheduler-Workers-0","class":"PersistBlockTask","message":"Imported #51 / 0 tx / 0 om / 0 (0.0%) gas / (0xe21951a9076a8ad990b8b23b449a23870005c6869ded9c90b3760b176c9ee45a) in 0.002s. Peers: 3","throwable":""}
{"timestamp":"2025-06-27T10:14:42,044","container":"f1f6ec10c4e9","level":"INFO","thread":"EthScheduler-Workers-0","class":"PersistBlockTask","message":"Imported #52 / 0 tx / 0 om / 0 (0.0%) gas / (0xb703b4a0c086fc6a1f7bbe7db6aeca1aa90de82330aebf76d23ea8e17ff52723) in 0.004s. Peers: 3","throwable":""}
{"timestamp":"2025-06-27T10:14:50,060","container":"f1f6ec10c4e9","level":"INFO","thread":"EthScheduler-Workers-0","class":"PersistBlockTask","message":"Imported #53 / 0 tx / 0 om / 0 (0.0%) gas / (0xd7046c7238f9a4d767d3f5504e359a1dca09c28d06a2379114ae92e105409e89) in 0.009s. Peers: 3","throwable":""}
{"timestamp":"2025-06-27T10:14:58,031","container":"f1f6ec10c4e9","level":"INFO","thread":"EthScheduler-Workers-0","class":"PersistBlockTask","message":"Imported #54 / 0 tx / 0 om / 0 (0.0%) gas / (0x7fd981e65706f82b7d96e45fadf3a3e6324325b9cfee2d15282640ec4842bf71) in 0.002s. Peers: 3","throwable":""}
{"timestamp":"2025-06-27T10:15:06,041","container":"f1f6ec10c4e9","level":"INFO","thread":"EthScheduler-Workers-0","class":"PersistBlockTask","message":"Imported #55 / 0 tx / 0 om / 0 (0.0%) gas / (0x001f6ac27ee7368da97fb898830bdebb4bce0d64a834c994c47c6aa48052da55) in 0.003s. Peers: 3","throwable":""}
{"timestamp":"2025-06-27T10:15:14,044","container":"f1f6ec10c4e9","level":"INFO","thread":"EthScheduler-Workers-0","class":"PersistBlockTask","message":"Imported #56 / 0 tx / 0 om / 0 (0.0%) gas / (0x726df4f94b7ae9b004c5ae74295f54e7c127984a6d9fa3c6d0f2022f342ae0a7) in 0.003s. Peers: 3","throwable":""}
{"timestamp":"2025-06-27T10:15:22,021","container":"f1f6ec10c4e9","level":"INFO","thread":"EthScheduler-Workers-0","class":"PersistBlockTask","message":"Imported #57 / 0 tx / 0 om / 0 (0.0%) gas / (0xa5ce2fd42e425e8b7475e3b28335c3059890a7a8e1a2d94ec1cb910f3a4192f2) in 0.002s. Peers: 3","throwable":""}
{"timestamp":"2025-06-27T10:15:30,044","container":"f1f6ec10c4e9","level":"INFO","thread":"EthScheduler-Workers-0","class":"PersistBlockTask","message":"Imported #58 / 0 tx / 0 om / 0 (0.0%) gas / (0xdbbab18461736c7f22806681652a5ea3f6038b387b68282203c5250fdfdfc6f1) in 0.005s. Peers: 3","throwable":""}
{"timestamp":"2025-06-27T10:15:38,036","container":"f1f6ec10c4e9","level":"INFO","thread":"EthScheduler-Workers-0","class":"PersistBlockTask","message":"Imported #59 / 0 tx / 0 om / 0 (0.0%) gas / (0x6db5152ef0f3b71cd1ab196f9fcfc69a761f3aeab156191f7e5a7fbfb7e82c0b) in 0.003s. Peers: 3","throwable":""}
{"timestamp":"2025-06-27T10:15:46,044","container":"f1f6ec10c4e9","level":"INFO","thread":"EthScheduler-Workers-0","class":"PersistBlockTask","message":"Imported #60 / 0 tx / 0 om / 0 (0.0%) gas / (0xd5197e9f564eb383d596115a26e45ed2f8eb3143187864e7dfdc5ba6f645e011) in 0.004s. Peers: 3","throwable":""}
{"timestamp":"2025-06-27T10:15:54,041","container":"f1f6ec10c4e9","level":"INFO","thread":"EthScheduler-Workers-0","class":"PersistBlockTask","message":"Imported #61 / 0 tx / 0 om / 0 (0.0%) gas / (0xa3413e0583f652ac66c703a83b2ef342080d77f084bbb209eab7d436d51fb4e3) in 0.003s. Peers: 3","throwable":""}
{"timestamp":"2025-06-27T10:16:02,043","container":"f1f6ec10c4e9","level":"INFO","thread":"EthScheduler-Workers-0","class":"PersistBlockTask","message":"Imported #62 / 0 tx / 0 om / 0 (0.0%) gas / (0x0540eeeb65a72169666d3fcc9b6c909ca3b26513baf1282c8dc59998546e8b99) in 0.008s. Peers: 3","throwable":""}
{"timestamp":"2025-06-27T10:16:10,031","container":"f1f6ec10c4e9","level":"INFO","thread":"EthScheduler-Workers-0","class":"PersistBlockTask","message":"Imported #63 / 0 tx / 0 om / 0 (0.0%) gas / (0x3a3b80043b56b05cb7c32b6d4248eded7b13fe449137cab7d00ee6f28979db90) in 0.006s. Peers: 3","throwable":""}
{"timestamp":"2025-06-27T10:16:18,054","container":"f1f6ec10c4e9","level":"INFO","thread":"EthScheduler-Workers-0","class":"PersistBlockTask","message":"Imported #64 / 0 tx / 0 om / 0 (0.0%) gas / (0x33bc8eed3e368b73efd12e4f4379277116c8a8b26979735666b8be02b791dc44) in 0.011s. Peers: 3","throwable":""}
{"timestamp":"2025-06-27T10:16:26,042","container":"f1f6ec10c4e9","level":"INFO","thread":"EthScheduler-Workers-0","class":"PersistBlockTask","message":"Imported #65 / 0 tx / 0 om / 0 (0.0%) gas / (0x38cde5ca1af8461e5955009800a4ce765aa3ac4735262041e6c8e5f849d9dded) in 0.004s. Peers: 3","throwable":""}
{"timestamp":"2025-06-27T10:16:34,037","container":"f1f6ec10c4e9","level":"INFO","thread":"EthScheduler-Workers-0","class":"PersistBlockTask","message":"Imported #66 / 0 tx / 0 om / 0 (0.0%) gas / (0xfce8c425dc24654b5dbde8066ca953b3d827d1e887662e0980f44a9270d8f8f1) in 0.005s. Peers: 3","throwable":""}
{"timestamp":"2025-06-27T10:16:42,037","container":"f1f6ec10c4e9","level":"INFO","thread":"EthScheduler-Workers-0","class":"PersistBlockTask","message":"Imported #67 / 0 tx / 0 om / 0 (0.0%) gas / (0xf04d395edb30bc6e66a80d4996d3dd3aa98a8c55a5d74e7618bffccb0de4696e) in 0.005s. Peers: 3","throwable":""}
{"timestamp":"2025-06-27T10:16:50,033","container":"f1f6ec10c4e9","level":"INFO","thread":"EthScheduler-Workers-0","class":"PersistBlockTask","message":"Imported #68 / 0 tx / 0 om / 0 (0.0%) gas / (0xebfeb220b82b8c31c489a924dd7233f3e0b109f13ae2c7f99b8735d8e2a19365) in 0.002s. Peers: 3","throwable":""}
{"timestamp":"2025-06-27T10:16:58,037","container":"f1f6ec10c4e9","level":"INFO","thread":"EthScheduler-Workers-0","class":"PersistBlockTask","message":"Imported #69 / 0 tx / 0 om / 0 (0.0%) gas / (0x8f6cff96577e0fab48dba05432856f8026c802c1d059149c35a0326d9592ceb4) in 0.004s. Peers: 3","throwable":""}
{"timestamp":"2025-06-27T10:17:06,031","container":"f1f6ec10c4e9","level":"INFO","thread":"EthScheduler-Workers-0","class":"PersistBlockTask","message":"Imported #70 / 0 tx / 0 om / 0 (0.0%) gas / (0x32c983383fcdadee29500b53cf0c2391d181c8dcb7841fedff7ddd1e75d0f155) in 0.003s. Peers: 3","throwable":""}
{"timestamp":"2025-06-27T10:17:14,020","container":"f1f6ec10c4e9","level":"INFO","thread":"EthScheduler-Workers-0","class":"PersistBlockTask","message":"Imported #71 / 0 tx / 0 om / 0 (0.0%) gas / (0xed245c7a0d6d2017ce72618a6c7e10dc484737dc49ae11be95e18175e216ffc8) in 0.002s. Peers: 3","throwable":""}
{"timestamp":"2025-06-27T10:17:22,038","container":"f1f6ec10c4e9","level":"INFO","thread":"EthScheduler-Workers-0","class":"PersistBlockTask","message":"Imported #72 / 0 tx / 0 om / 0 (0.0%) gas / (0x0eb989304082e918f7d2f519ccebd665a3a773c7f7dba83705eeb6615972fe3d) in 0.004s. Peers: 3","throwable":""}
{"timestamp":"2025-06-27T10:17:30,033","container":"f1f6ec10c4e9","level":"INFO","thread":"EthScheduler-Workers-0","class":"PersistBlockTask","message":"Imported #73 / 0 tx / 0 om / 0 (0.0%) gas / (0xe391e8efe2c776cb315de307b847297c6c4ab0683c7811caefc444ee36bdd9fe) in 0.002s. Peers: 3","throwable":""}
{"timestamp":"2025-06-27T10:17:38,037","container":"f1f6ec10c4e9","level":"INFO","thread":"EthScheduler-Workers-0","class":"PersistBlockTask","message":"Imported #74 / 0 tx / 0 om / 0 (0.0%) gas / (0x5365f9050e2f17e2dab2cdad191b7ec7afd0fbc85751bb7cc8edefffda71bc8a) in 0.003s. Peers: 3","throwable":""}
{"timestamp":"2025-06-27T10:17:46,039","container":"f1f6ec10c4e9","level":"INFO","thread":"EthScheduler-Workers-0","class":"PersistBlockTask","message":"Imported #75 / 0 tx / 0 om / 0 (0.0%) gas / (0xe596c198dab526ae45b05e24d1840ed6d1bb525ea5da98ff4396b15ca60492cb) in 0.004s. Peers: 3","throwable":""}
{"timestamp":"2025-06-27T10:17:54,057","container":"f1f6ec10c4e9","level":"INFO","thread":"EthScheduler-Workers-0","class":"PersistBlockTask","message":"Imported #76 / 0 tx / 0 om / 0 (0.0%) gas / (0x0fc7997dfc356721cb273155eabf8a6b166b6fefdd3adb1cd09319e43f611189) in 0.005s. Peers: 3","throwable":""}
{"timestamp":"2025-06-27T10:18:02,034","container":"f1f6ec10c4e9","level":"INFO","thread":"EthScheduler-Workers-0","class":"PersistBlockTask","message":"Imported #77 / 0 tx / 0 om / 0 (0.0%) gas / (0x6b34f13ab39fae5731175e2862755f251e0cdd392c6c50157c1007f2bcdc68f2) in 0.002s. Peers: 3","throwable":""}
{"timestamp":"2025-06-27T10:18:10,037","container":"f1f6ec10c4e9","level":"INFO","thread":"EthScheduler-Workers-0","class":"PersistBlockTask","message":"Imported #78 / 0 tx / 0 om / 0 (0.0%) gas / (0xa5702216dd705ef9d9963089dce930dbaf7bfbac16ecc7481cec2ce9c6123b24) in 0.007s. Peers: 3","throwable":""}
{"timestamp":"2025-06-27T10:18:18,040","container":"f1f6ec10c4e9","level":"INFO","thread":"EthScheduler-Workers-0","class":"PersistBlockTask","message":"Imported #79 / 0 tx / 0 om / 0 (0.0%) gas / (0x8531c7da4d9bc6adbe832e320ac79fee3d2d3569d78999f84d9a479c2fdca29d) in 0.004s. Peers: 3","throwable":""}
{"timestamp":"2025-06-27T10:18:26,033","container":"f1f6ec10c4e9","level":"INFO","thread":"EthScheduler-Workers-0","class":"PersistBlockTask","message":"Imported #80 / 0 tx / 0 om / 0 (0.0%) gas / (0xfd01940af0ec3354a65fd4b38a4d8527a6db9023b41c2ecbb807061181d701b9) in 0.004s. Peers: 3","throwable":""}
{"timestamp":"2025-06-27T10:18:34,036","container":"f1f6ec10c4e9","level":"INFO","thread":"EthScheduler-Workers-0","class":"PersistBlockTask","message":"Imported #81 / 0 tx / 0 om / 0 (0.0%) gas / (0x87c20b67f60279d6bf8258935d440153bb357afa00758c451a448fb635d60401) in 0.006s. Peers: 3","throwable":""}
{"timestamp":"2025-06-27T10:18:42,040","container":"f1f6ec10c4e9","level":"INFO","thread":"EthScheduler-Workers-0","class":"PersistBlockTask","message":"Imported #82 / 0 tx / 0 om / 0 (0.0%) gas / (0x69b7ebcac7124b9240a3b1fefa7ffc53494c00c06bdce37f9e0357e500308c80) in 0.010s. Peers: 3","throwable":""}
{"timestamp":"2025-06-27T10:18:50,038","container":"f1f6ec10c4e9","level":"INFO","thread":"EthScheduler-Workers-0","class":"PersistBlockTask","message":"Imported #83 / 0 tx / 0 om / 0 (0.0%) gas / (0x928282aa7a1885e32c7a84a38431801b49535019c51f3fd71cb69420b223698d) in 0.005s. Peers: 3","throwable":""}
{"timestamp":"2025-06-27T10:18:58,036","container":"f1f6ec10c4e9","level":"INFO","thread":"EthScheduler-Workers-0","class":"PersistBlockTask","message":"Imported #84 / 0 tx / 0 om / 0 (0.0%) gas / (0x7c5237b59e6b64ebe6882050fea533e228ed62ff3ebf972c17500505001e8648) in 0.007s. Peers: 3","throwable":""}
{"timestamp":"2025-06-27T10:19:06,040","container":"f1f6ec10c4e9","level":"INFO","thread":"EthScheduler-Workers-0","class":"PersistBlockTask","message":"Imported #85 / 0 tx / 0 om / 0 (0.0%) gas / (0x838417b5fcec06594e725457ecb7e132934fb4b6997a948dddb153afff65b51c) in 0.003s. Peers: 3","throwable":""}
{"timestamp":"2025-06-27T10:19:14,036","container":"f1f6ec10c4e9","level":"INFO","thread":"EthScheduler-Workers-0","class":"PersistBlockTask","message":"Imported #86 / 0 tx / 0 om / 0 (0.0%) gas / (0x5354c2002b94a27add4dcb4105b4d21ab9610b819e270b92d31fe90a78f54e41) in 0.003s. Peers: 3","throwable":""}
{"timestamp":"2025-06-27T10:19:22,039","container":"f1f6ec10c4e9","level":"INFO","thread":"EthScheduler-Workers-0","class":"PersistBlockTask","message":"Imported #87 / 0 tx / 0 om / 0 (0.0%) gas / (0x6dc78473a142c852e323f57aa7ea2b7d13bf413dad271bb5c0f37bd9ba186e29) in 0.005s. Peers: 3","throwable":""}
{"timestamp":"2025-06-27T10:19:30,029","container":"f1f6ec10c4e9","level":"INFO","thread":"EthScheduler-Workers-0","class":"PersistBlockTask","message":"Imported #88 / 0 tx / 0 om / 0 (0.0%) gas / (0x998e819afe07bf70257a9c6fe2593ca5a709a1a2f3afcf3fd919522f4c9541ee) in 0.002s. Peers: 3","throwable":""}
{"timestamp":"2025-06-27T10:19:38,037","container":"f1f6ec10c4e9","level":"INFO","thread":"EthScheduler-Workers-0","class":"PersistBlockTask","message":"Imported #89 / 0 tx / 0 om / 0 (0.0%) gas / (0xa5ab08de940b85359d11fa395e3050dc14651c5285646851db0e967976a323e0) in 0.002s. Peers: 3","throwable":""}
{"timestamp":"2025-06-27T10:19:46,038","container":"f1f6ec10c4e9","level":"INFO","thread":"EthScheduler-Workers-0","class":"PersistBlockTask","message":"Imported #90 / 0 tx / 0 om / 0 (0.0%) gas / (0x06e26a8f4a3272a6355d2db03c364a76467e9aeee125b01d8abeb2cad4f477ef) in 0.004s. Peers: 3","throwable":""}
{"timestamp":"2025-06-27T10:19:54,037","container":"f1f6ec10c4e9","level":"INFO","thread":"EthScheduler-Workers-0","class":"PersistBlockTask","message":"Imported #91 / 0 tx / 0 om / 0 (0.0%) gas / (0x878d5143ee385593b9c4484aed40dd9c577b3c7104ffdeed008be323ed7f1810) in 0.002s. Peers: 3","throwable":""}
{"timestamp":"2025-06-27T10:20:02,036","container":"f1f6ec10c4e9","level":"INFO","thread":"EthScheduler-Workers-0","class":"PersistBlockTask","message":"Imported #92 / 0 tx / 0 om / 0 (0.0%) gas / (0xc7657d51a0294358cce99e8d6b0a0cada8b356f73b18c591128d89dbca4a58c3) in 0.003s. Peers: 3","throwable":""}
{"timestamp":"2025-06-27T10:20:10,033","container":"f1f6ec10c4e9","level":"INFO","thread":"EthScheduler-Workers-0","class":"PersistBlockTask","message":"Imported #93 / 0 tx / 0 om / 0 (0.0%) gas / (0x0a154403b8c5036a0016880eec88761b8a9bac42cca6d9f87cea5a5c31f6c4e1) in 0.004s. Peers: 3","throwable":""}
{"timestamp":"2025-06-27T10:20:18,032","container":"f1f6ec10c4e9","level":"INFO","thread":"EthScheduler-Workers-0","class":"PersistBlockTask","message":"Imported #94 / 0 tx / 0 om / 0 (0.0%) gas / (0x22778d8aa2e7615456b1a21d7416696ced0aac7f55b8f3a3f8b022fbbd2f38b3) in 0.002s. Peers: 3","throwable":""}
{"timestamp":"2025-06-27T10:20:26,030","container":"f1f6ec10c4e9","level":"INFO","thread":"EthScheduler-Workers-0","class":"PersistBlockTask","message":"Imported #95 / 0 tx / 0 om / 0 (0.0%) gas / (0xc8260638fd8f6d09964a23919ede5eecaeffb8c052102b9232076178b43e5b9a) in 0.003s. Peers: 3","throwable":""}
{"timestamp":"2025-06-27T10:20:34,042","container":"f1f6ec10c4e9","level":"INFO","thread":"EthScheduler-Workers-0","class":"PersistBlockTask","message":"Imported #96 / 0 tx / 0 om / 0 (0.0%) gas / (0x887d653d92a70b2315e3134f594ac1947f7fb669451c58a671970fb9bbeb26f6) in 0.004s. Peers: 3","throwable":""}
{"timestamp":"2025-06-27T10:20:42,035","container":"f1f6ec10c4e9","level":"INFO","thread":"EthScheduler-Workers-0","class":"PersistBlockTask","message":"Imported #97 / 0 tx / 0 om / 0 (0.0%) gas / (0x339cb63dec611beef7e62444d67739599d2cabe652f39ac370e7f8864aedfb2f) in 0.004s. Peers: 3","throwable":""}
{"timestamp":"2025-06-27T10:20:50,040","container":"f1f6ec10c4e9","level":"INFO","thread":"EthScheduler-Workers-0","class":"PersistBlockTask","message":"Imported #98 / 0 tx / 0 om / 0 (0.0%) gas / (0xfaf962e5eb2df030bcd381e6e0bb518dd1cccf6c24d8f7ad05e4d9c4916f60c5) in 0.008s. Peers: 3","throwable":""}
{"timestamp":"2025-06-27T10:20:58,028","container":"f1f6ec10c4e9","level":"INFO","thread":"EthScheduler-Workers-0","class":"PersistBlockTask","message":"Imported #99 / 0 tx / 0 om / 0 (0.0%) gas / (0x73e784e7ecc4e3cc3285e10d620ea271db320a02a5b3f091ac651ba8050954b6) in 0.004s. Peers: 3","throwable":""}
{"timestamp":"2025-06-27T10:21:06,049","container":"f1f6ec10c4e9","level":"INFO","thread":"EthScheduler-Workers-0","class":"PersistBlockTask","message":"Imported #100 / 0 tx / 0 om / 0 (0.0%) gas / (0x0eca458de9cdd9537d2d6627140242d08d6deb702673bc9418eeaf5d2bba8d5f) in 0.006s. Peers: 3","throwable":""}
{"timestamp":"2025-06-27T10:21:14,034","container":"f1f6ec10c4e9","level":"INFO","thread":"EthScheduler-Workers-0","class":"PersistBlockTask","message":"Imported #101 / 0 tx / 0 om / 0 (0.0%) gas / (0x33c6c2d2643a736ea1b9c9ec19e43663f8692077dc44a47296f8a7a5cb696a01) in 0.005s. Peers: 3","throwable":""}
{"timestamp":"2025-06-27T10:21:22,030","container":"f1f6ec10c4e9","level":"INFO","thread":"EthScheduler-Workers-0","class":"PersistBlockTask","message":"Imported #102 / 0 tx / 0 om / 0 (0.0%) gas / (0x36032bd3e1052a942b8efed6df1c9343b0ea578e08a86258a77780754c41144b) in 0.004s. Peers: 3","throwable":""}
{"timestamp":"2025-06-27T10:21:30,027","container":"f1f6ec10c4e9","level":"INFO","thread":"EthScheduler-Workers-0","class":"PersistBlockTask","message":"Imported #103 / 0 tx / 0 om / 0 (0.0%) gas / (0x7e3f5d3777bdaa1fb08cb0c1c9c2ccc44e24e7b4efe757ee5dd7bf529b65cc1b) in 0.002s. Peers: 3","throwable":""}
{"timestamp":"2025-06-27T10:21:38,044","container":"f1f6ec10c4e9","level":"INFO","thread":"EthScheduler-Workers-0","class":"PersistBlockTask","message":"Imported #104 / 0 tx / 0 om / 0 (0.0%) gas / (0xe259e173839936a542fc3f78cc215cb03b5fa304c06a0f7ca39cf1e27a5d1dc8) in 0.003s. Peers: 3","throwable":""}
{"timestamp":"2025-06-27T10:21:46,048","container":"f1f6ec10c4e9","level":"INFO","thread":"EthScheduler-Workers-0","class":"PersistBlockTask","message":"Imported #105 / 0 tx / 0 om / 0 (0.0%) gas / (0x7f13aa68d3f443ed88b37cb8684018b3bdcfe0ddbe8db047c6baa918d809d246) in 0.015s. Peers: 3","throwable":""}
{"timestamp":"2025-06-27T10:21:54,030","container":"f1f6ec10c4e9","level":"INFO","thread":"EthScheduler-Workers-0","class":"PersistBlockTask","message":"Imported #106 / 0 tx / 0 om / 0 (0.0%) gas / (0xba61604edbca27666cda0289a16976ec7fcf883548e4dec9aba433b203ee7701) in 0.003s. Peers: 3","throwable":""}
{"timestamp":"2025-06-27T10:22:02,032","container":"f1f6ec10c4e9","level":"INFO","thread":"EthScheduler-Workers-0","class":"PersistBlockTask","message":"Imported #107 / 0 tx / 0 om / 0 (0.0%) gas / (0x869bd3321cb6819e57e325f0568121d9fc963e06c830dc9c1ed467d4ca8e35cf) in 0.002s. Peers: 3","throwable":""}
{"timestamp":"2025-06-27T10:22:10,054","container":"f1f6ec10c4e9","level":"INFO","thread":"EthScheduler-Workers-0","class":"PersistBlockTask","message":"Imported #108 / 0 tx / 0 om / 0 (0.0%) gas / (0x9d79b07faafb3a533c0124366ba74b154f668c645657ec1ed09632da6b594336) in 0.009s. Peers: 3","throwable":""}
{"timestamp":"2025-06-27T10:22:18,018","container":"f1f6ec10c4e9","level":"INFO","thread":"EthScheduler-Workers-0","class":"PersistBlockTask","message":"Imported #109 / 0 tx / 0 om / 0 (0.0%) gas / (0xb80564e741879af7c3e4a68538c5b315e4026e4cf4d5402d1600397e976b69b4) in 0.002s. Peers: 3","throwable":""}
{"timestamp":"2025-06-27T10:22:26,017","container":"f1f6ec10c4e9","level":"INFO","thread":"EthScheduler-Workers-0","class":"PersistBlockTask","message":"Imported #110 / 0 tx / 0 om / 0 (0.0%) gas / (0xb24ddc09ce3d3ddbbb2bb62b9d70f0ca580809a9f67d3b6a8235ea87abfb514d) in 0.002s. Peers: 3","throwable":""}
{"timestamp":"2025-06-27T10:22:34,018","container":"f1f6ec10c4e9","level":"INFO","thread":"EthScheduler-Workers-0","class":"PersistBlockTask","message":"Imported #111 / 0 tx / 0 om / 0 (0.0%) gas / (0x570fc7275c594c3481a82b93d7a624aab8f6bf5804a888e6b3eb4237c383f372) in 0.002s. Peers: 3","throwable":""}
{"timestamp":"2025-06-27T10:22:42,031","container":"f1f6ec10c4e9","level":"INFO","thread":"EthScheduler-Workers-0","class":"PersistBlockTask","message":"Imported #112 / 0 tx / 0 om / 0 (0.0%) gas / (0xf491c4896329c638074b6b54e348b3e7e35ad45475bbbae339e800121bea872b) in 0.003s. Peers: 3","throwable":""}
{"timestamp":"2025-06-27T10:22:50,035","container":"f1f6ec10c4e9","level":"INFO","thread":"EthScheduler-Workers-0","class":"PersistBlockTask","message":"Imported #113 / 0 tx / 0 om / 0 (0.0%) gas / (0x87ae3457cf0ed78a189372c8a7f10099288846d070756939b0bab8a0e319b3cc) in 0.003s. Peers: 3","throwable":""}
{"timestamp":"2025-06-27T10:22:58,017","container":"f1f6ec10c4e9","level":"INFO","thread":"EthScheduler-Workers-0","class":"PersistBlockTask","message":"Imported #114 / 0 tx / 0 om / 0 (0.0%) gas / (0xe0b2e971757995c650f7710d9cc010248448b1e456ee96fdf335c4037f50097c) in 0.002s. Peers: 3","throwable":""}
{"timestamp":"2025-06-27T10:23:06,037","container":"f1f6ec10c4e9","level":"INFO","thread":"EthScheduler-Workers-0","class":"PersistBlockTask","message":"Imported #115 / 0 tx / 0 om / 0 (0.0%) gas / (0xa1e62ccd672a3c7834499496b09ab2808759a5bd7cf8e94389571a29a5998cd6) in 0.004s. Peers: 3","throwable":""}
{"timestamp":"2025-06-27T10:23:14,034","container":"f1f6ec10c4e9","level":"INFO","thread":"EthScheduler-Workers-0","class":"PersistBlockTask","message":"Imported #116 / 0 tx / 0 om / 0 (0.0%) gas / (0x7675edef6431bcb4f1c64b3e4a967c267f419334b10d3120ebb2f7971827404d) in 0.002s. Peers: 3","throwable":""}
{"timestamp":"2025-06-27T10:23:22,038","container":"f1f6ec10c4e9","level":"INFO","thread":"EthScheduler-Workers-0","class":"PersistBlockTask","message":"Imported #117 / 0 tx / 0 om / 0 (0.0%) gas / (0x95b7ba4ff07857bbfb06cd03b93b1918f91fd6f5ef29e1b479744bb86455be05) in 0.004s. Peers: 3","throwable":""}
{"timestamp":"2025-06-27T10:23:30,031","container":"f1f6ec10c4e9","level":"INFO","thread":"EthScheduler-Workers-0","class":"PersistBlockTask","message":"Imported #118 / 0 tx / 0 om / 0 (0.0%) gas / (0xa4823a9c1f0d8a1669f342d0e722c640975f7069836e235e332aaf2a045aa30f) in 0.004s. Peers: 3","throwable":""}
{"timestamp":"2025-06-27T10:23:38,028","container":"f1f6ec10c4e9","level":"INFO","thread":"EthScheduler-Workers-0","class":"PersistBlockTask","message":"Imported #119 / 0 tx / 0 om / 0 (0.0%) gas / (0xc3127b72d37c266a1f4d4661150e4602e4429095943a15c998120558ef1cca16) in 0.002s. Peers: 3","throwable":""}
{"timestamp":"2025-06-27T10:23:46,034","container":"f1f6ec10c4e9","level":"INFO","thread":"EthScheduler-Workers-0","class":"PersistBlockTask","message":"Imported #120 / 0 tx / 0 om / 0 (0.0%) gas / (0x6864b82e48ce76e8bda3ae721ec1b224246f09cf1a3123c16562745e9386f265) in 0.003s. Peers: 3","throwable":""}
{"timestamp":"2025-06-27T10:23:54,031","container":"f1f6ec10c4e9","level":"INFO","thread":"EthScheduler-Workers-0","class":"PersistBlockTask","message":"Imported #121 / 0 tx / 0 om / 0 (0.0%) gas / (0xec7d32f61a9570188b4ab1ba4d364fee0dcd29cefefe13c797af8b6a1d37ad34) in 0.002s. Peers: 3","throwable":""}
{"timestamp":"2025-06-27T10:24:02,037","container":"f1f6ec10c4e9","level":"INFO","thread":"EthScheduler-Workers-0","class":"PersistBlockTask","message":"Imported #122 / 0 tx / 0 om / 0 (0.0%) gas / (0xbcbea67e338105669ed475608e8aec453e16b5bb173f6154c8f07124c9519d19) in 0.008s. Peers: 3","throwable":""}
{"timestamp":"2025-06-27T10:24:10,036","container":"f1f6ec10c4e9","level":"INFO","thread":"EthScheduler-Workers-0","class":"PersistBlockTask","message":"Imported #123 / 0 tx / 0 om / 0 (0.0%) gas / (0x8bcf643ceafe9945146230d8855054c7b699ccd8bfced5d74689ff1fc60802e3) in 0.003s. Peers: 3","throwable":""}
{"timestamp":"2025-06-27T10:24:18,031","container":"f1f6ec10c4e9","level":"INFO","thread":"EthScheduler-Workers-0","class":"PersistBlockTask","message":"Imported #124 / 0 tx / 0 om / 0 (0.0%) gas / (0x405ee1acd6e7d7a0f3149fffe947200c18da2465261492539cba2551bf8e2268) in 0.002s. Peers: 3","throwable":""}
{"timestamp":"2025-06-27T10:24:26,038","container":"f1f6ec10c4e9","level":"INFO","thread":"EthScheduler-Workers-0","class":"PersistBlockTask","message":"Imported #125 / 0 tx / 0 om / 0 (0.0%) gas / (0x87d812fbf0eee4b0d5fd6ab6dbad1918fb552b474520b6b410ee97dde4e346ea) in 0.004s. Peers: 3","throwable":""}
{"timestamp":"2025-06-27T10:24:34,046","container":"f1f6ec10c4e9","level":"INFO","thread":"EthScheduler-Workers-0","class":"PersistBlockTask","message":"Imported #126 / 0 tx / 0 om / 0 (0.0%) gas / (0x619b625a61cc0a23418ca1f86fbe47c3d813abead5ba0d7507d5ae233561ceff) in 0.010s. Peers: 3","throwable":""}
{"timestamp":"2025-06-27T10:24:42,034","container":"f1f6ec10c4e9","level":"INFO","thread":"EthScheduler-Workers-0","class":"PersistBlockTask","message":"Imported #127 / 0 tx / 0 om / 0 (0.0%) gas / (0xb078d4d77ed23fba65f58175cedce90d3c73aa624d0897c3b9b98b344acbc117) in 0.003s. Peers: 3","throwable":""}
{"timestamp":"2025-06-27T10:24:50,094","container":"f1f6ec10c4e9","level":"INFO","thread":"EthScheduler-Workers-0","class":"PersistBlockTask","message":"Imported #128 / 0 tx / 0 om / 0 (0.0%) gas / (0xb5e2cd1688bf23ff2c357b32ae9763f83e7e2e7dcd3bd1585876f07c50bb3eb7) in 0.019s. Peers: 3","throwable":""}
{"timestamp":"2025-06-27T10:24:58,030","container":"f1f6ec10c4e9","level":"INFO","thread":"EthScheduler-Workers-0","class":"PersistBlockTask","message":"Imported #129 / 0 tx / 0 om / 0 (0.0%) gas / (0x4d4f64a438aeccef7e281fbee9af0bce346860278ddfa97deb16841bd7658d71) in 0.003s. Peers: 3","throwable":""}
{"timestamp":"2025-06-27T10:25:06,033","container":"f1f6ec10c4e9","level":"INFO","thread":"EthScheduler-Workers-0","class":"PersistBlockTask","message":"Imported #130 / 0 tx / 0 om / 0 (0.0%) gas / (0x2f1a03850366ab9b491786f572379044c9b1d0afe9debc238592cc294ae830f2) in 0.003s. Peers: 3","throwable":""}
{"timestamp":"2025-06-27T10:25:14,048","container":"f1f6ec10c4e9","level":"INFO","thread":"EthScheduler-Workers-0","class":"PersistBlockTask","message":"Imported #131 / 0 tx / 0 om / 0 (0.0%) gas / (0xc931eacb28f4ef50296afd8eb1a4a4808f6fbbeea9cea4027bc6020e4a9c263d) in 0.003s. Peers: 3","throwable":""}
{"timestamp":"2025-06-27T10:25:22,035","container":"f1f6ec10c4e9","level":"INFO","thread":"EthScheduler-Workers-0","class":"PersistBlockTask","message":"Imported #132 / 0 tx / 0 om / 0 (0.0%) gas / (0x42fb80cc9e80ebf841275614c116c27ce744925644c3668afdb90102ba00ff71) in 0.003s. Peers: 3","throwable":""}
{"timestamp":"2025-06-27T10:25:30,030","container":"f1f6ec10c4e9","level":"INFO","thread":"EthScheduler-Workers-0","class":"PersistBlockTask","message":"Imported #133 / 0 tx / 0 om / 0 (0.0%) gas / (0x5de3355ed3c99e1e029e3a5eb115e3eeb1cad308ba46ee95ee15fceef46f4d29) in 0.004s. Peers: 3","throwable":""}
{"timestamp":"2025-06-27T10:25:38,031","container":"f1f6ec10c4e9","level":"INFO","thread":"EthScheduler-Workers-0","class":"PersistBlockTask","message":"Imported #134 / 0 tx / 0 om / 0 (0.0%) gas / (0x99e366d1871c0d38e1bfa6f7ae0c301340b7f9dab006fcb1e0464f451dba0e2f) in 0.005s. Peers: 3","throwable":""}
{"timestamp":"2025-06-27T10:25:46,037","container":"f1f6ec10c4e9","level":"INFO","thread":"EthScheduler-Workers-0","class":"PersistBlockTask","message":"Imported #135 / 0 tx / 0 om / 0 (0.0%) gas / (0x4df1fc7492ef4282ba5da529923cca593cc07d48010dbf7a8c36ee02a7266b1d) in 0.003s. Peers: 3","throwable":""}
{"timestamp":"2025-06-27T10:25:54,038","container":"f1f6ec10c4e9","level":"INFO","thread":"EthScheduler-Workers-0","class":"PersistBlockTask","message":"Imported #136 / 0 tx / 0 om / 0 (0.0%) gas / (0x94105adc19cbe5b9e432b6fb620bfd55966a0498f02f3f8410aaaea1e335cbad) in 0.003s. Peers: 3","throwable":""}
{"timestamp":"2025-06-27T10:26:02,017","container":"f1f6ec10c4e9","level":"INFO","thread":"EthScheduler-Workers-0","class":"PersistBlockTask","message":"Imported #137 / 0 tx / 0 om / 0 (0.0%) gas / (0x43f6c9ce867f44cd524d0c5a55348038b49b7027aab693594c2b1621f5727c92) in 0.002s. Peers: 3","throwable":""}
{"timestamp":"2025-06-27T10:26:10,035","container":"f1f6ec10c4e9","level":"INFO","thread":"EthScheduler-Workers-0","class":"PersistBlockTask","message":"Imported #138 / 0 tx / 0 om / 0 (0.0%) gas / (0x2078c51b8d754e3194a0e6777c28593d7a9757473d7250542ded3b79d35a0487) in 0.003s. Peers: 3","throwable":""}
{"timestamp":"2025-06-27T10:26:18,036","container":"f1f6ec10c4e9","level":"INFO","thread":"EthScheduler-Workers-0","class":"PersistBlockTask","message":"Imported #139 / 0 tx / 0 om / 0 (0.0%) gas / (0xdd607955c33f7aeb570296e400f9b5b4951bc13e6b16a8cece63845db671ebdf) in 0.004s. Peers: 3","throwable":""}
{"timestamp":"2025-06-27T10:26:26,031","container":"f1f6ec10c4e9","level":"INFO","thread":"EthScheduler-Workers-0","class":"PersistBlockTask","message":"Imported #140 / 0 tx / 0 om / 0 (0.0%) gas / (0xffd1738c54f6bb12e18f20223960616cce2c93793ebac37436d0c85ade70d326) in 0.002s. Peers: 3","throwable":""}
{"timestamp":"2025-06-27T10:26:34,041","container":"f1f6ec10c4e9","level":"INFO","thread":"EthScheduler-Workers-0","class":"PersistBlockTask","message":"Imported #141 / 0 tx / 0 om / 0 (0.0%) gas / (0xa3a5ee1591c1debf8edeab8ad7e38b3ae8d11a05191bf51f79801e3e49d371fc) in 0.006s. Peers: 3","throwable":""}
{"timestamp":"2025-06-27T10:26:42,028","container":"f1f6ec10c4e9","level":"INFO","thread":"EthScheduler-Workers-0","class":"PersistBlockTask","message":"Imported #142 / 0 tx / 0 om / 0 (0.0%) gas / (0xae89264dab20a71465fd4cc9f760a1781cfb66696cc0d5b2a593d2c31ba069de) in 0.003s. Peers: 3","throwable":""}
{"timestamp":"2025-06-27T10:26:50,026","container":"f1f6ec10c4e9","level":"INFO","thread":"EthScheduler-Workers-0","class":"PersistBlockTask","message":"Imported #143 / 0 tx / 0 om / 0 (0.0%) gas / (0x91f15749549ac9104b845897e735fbee9acbf50dd4316230ae6f81f1acf74914) in 0.004s. Peers: 3","throwable":""}
{"timestamp":"2025-06-27T10:26:58,039","container":"f1f6ec10c4e9","level":"INFO","thread":"EthScheduler-Workers-0","class":"PersistBlockTask","message":"Imported #144 / 0 tx / 0 om / 0 (0.0%) gas / (0xecf389ccfe78cfee7d1d6b28402285149617da5794f656368f654ce49095217c) in 0.010s. Peers: 3","throwable":""}
{"timestamp":"2025-06-27T10:27:06,032","container":"f1f6ec10c4e9","level":"INFO","thread":"EthScheduler-Workers-0","class":"PersistBlockTask","message":"Imported #145 / 0 tx / 0 om / 0 (0.0%) gas / (0xdcfe3b5e06ca3187bc5fb9751ef5be49bcf5ec0fa90db827711a16c6e43c9211) in 0.003s. Peers: 3","throwable":""}
{"timestamp":"2025-06-27T10:27:14,030","container":"f1f6ec10c4e9","level":"INFO","thread":"EthScheduler-Workers-0","class":"PersistBlockTask","message":"Imported #146 / 0 tx / 0 om / 0 (0.0%) gas / (0x5f984db76e495083c39f7237d127910b7d99951646632e684f93f7b3d84eb83d) in 0.002s. Peers: 3","throwable":""}
{"timestamp":"2025-06-27T10:27:22,028","container":"f1f6ec10c4e9","level":"INFO","thread":"EthScheduler-Workers-0","class":"PersistBlockTask","message":"Imported #147 / 0 tx / 0 om / 0 (0.0%) gas / (0x74d0a83e5c431f07c2adf8a6ddf8c07907f4343cb018831a1c62dc3e42767b6a) in 0.002s. Peers: 3","throwable":""}
{"timestamp":"2025-06-27T10:27:30,048","container":"f1f6ec10c4e9","level":"INFO","thread":"EthScheduler-Workers-0","class":"PersistBlockTask","message":"Imported #148 / 0 tx / 0 om / 0 (0.0%) gas / (0xa98e534fa9f84a95cac487f24a64bb64ccc8b0c23e5fd27e7ba0d7719301c370) in 0.005s. Peers: 3","throwable":""}
{"timestamp":"2025-06-27T10:27:38,034","container":"f1f6ec10c4e9","level":"INFO","thread":"EthScheduler-Workers-0","class":"PersistBlockTask","message":"Imported #149 / 0 tx / 0 om / 0 (0.0%) gas / (0x14b4e3508be30bfca8f1a4737b2918b071f093d6462ca43ee634691d42f1ee7b) in 0.005s. Peers: 3","throwable":""}
{"timestamp":"2025-06-27T10:27:46,040","container":"f1f6ec10c4e9","level":"INFO","thread":"EthScheduler-Workers-0","class":"PersistBlockTask","message":"Imported #150 / 0 tx / 0 om / 0 (0.0%) gas / (0x38eac700e331fb3874f88fb08f61a666f930f847e408f74c9beb0f428538f9bc) in 0.003s. Peers: 3","throwable":""}
{"timestamp":"2025-06-27T10:27:54,031","container":"f1f6ec10c4e9","level":"INFO","thread":"EthScheduler-Workers-0","class":"PersistBlockTask","message":"Imported #151 / 0 tx / 0 om / 0 (0.0%) gas / (0x41ab42c83e492476409cdcc6783fe5effcacbb2c13961f20e20508d8842ee5bb) in 0.002s. Peers: 3","throwable":""}
{"timestamp":"2025-06-27T10:28:02,033","container":"f1f6ec10c4e9","level":"INFO","thread":"EthScheduler-Workers-0","class":"PersistBlockTask","message":"Imported #152 / 0 tx / 0 om / 0 (0.0%) gas / (0x512613330fbb27e00f788c75836c58f6438045e889c1e238d14618209d85ebdc) in 0.004s. Peers: 3","throwable":""}
{"timestamp":"2025-06-27T10:28:10,054","container":"f1f6ec10c4e9","level":"INFO","thread":"EthScheduler-Workers-0","class":"PersistBlockTask","message":"Imported #153 / 0 tx / 0 om / 0 (0.0%) gas / (0xafbe0a7ffc1e76d73031440a173cabfd26c5b0c3ffb104243428267b5374f75f) in 0.002s. Peers: 3","throwable":""}
{"timestamp":"2025-06-27T10:28:18,034","container":"f1f6ec10c4e9","level":"INFO","thread":"EthScheduler-Workers-0","class":"PersistBlockTask","message":"Imported #154 / 0 tx / 0 om / 0 (0.0%) gas / (0x19fca75b2d992c1e04bd987eab2d73cd0baa5e340ac7666f290b1c3b43859193) in 0.007s. Peers: 3","throwable":""}
{"timestamp":"2025-06-27T10:28:26,033","container":"f1f6ec10c4e9","level":"INFO","thread":"EthScheduler-Workers-0","class":"PersistBlockTask","message":"Imported #155 / 0 tx / 0 om / 0 (0.0%) gas / (0x7d1bacd2980cf46542ca543849539ab69692b9cb65c0521c338050a6d88756cb) in 0.007s. Peers: 3","throwable":""}
{"timestamp":"2025-06-27T10:28:34,025","container":"f1f6ec10c4e9","level":"INFO","thread":"EthScheduler-Workers-0","class":"PersistBlockTask","message":"Imported #156 / 0 tx / 0 om / 0 (0.0%) gas / (0x2002f802b97c482f333d4e95afebc63efa7831dc64bf052089134cd84c3f2224) in 0.001s. Peers: 3","throwable":""}
{"timestamp":"2025-06-27T10:28:42,024","container":"f1f6ec10c4e9","level":"INFO","thread":"EthScheduler-Workers-0","class":"PersistBlockTask","message":"Imported #157 / 0 tx / 0 om / 0 (0.0%) gas / (0x1a6aa580671b3e15539a0a87da041b2b2a2e026cc73c9ad22662d60f569f5726) in 0.002s. Peers: 3","throwable":""}
{"timestamp":"2025-06-27T10:28:50,016","container":"f1f6ec10c4e9","level":"INFO","thread":"EthScheduler-Workers-0","class":"PersistBlockTask","message":"Imported #158 / 0 tx / 0 om / 0 (0.0%) gas / (0x98a20587ff03c954a496038d846bef1536c6c8d17a6637de2df6420f739afc93) in 0.001s. Peers: 3","throwable":""}
{"timestamp":"2025-06-27T10:28:58,032","container":"f1f6ec10c4e9","level":"INFO","thread":"EthScheduler-Workers-0","class":"PersistBlockTask","message":"Imported #159 / 0 tx / 0 om / 0 (0.0%) gas / (0xe1918320ca2ba139a76382e94c14d2707d09909c16e0c9c76485c6f74fddea11) in 0.005s. Peers: 3","throwable":""}
{"timestamp":"2025-06-27T10:29:06,034","container":"f1f6ec10c4e9","level":"INFO","thread":"EthScheduler-Workers-0","class":"PersistBlockTask","message":"Imported #160 / 0 tx / 0 om / 0 (0.0%) gas / (0xfb55f3f22def611e785eb3881a0b635c56cc2e2bdda6050e21aa2599c6db7208) in 0.003s. Peers: 3","throwable":""}
{"timestamp":"2025-06-27T10:29:14,032","container":"f1f6ec10c4e9","level":"INFO","thread":"EthScheduler-Workers-0","class":"PersistBlockTask","message":"Imported #161 / 0 tx / 0 om / 0 (0.0%) gas / (0x908f666359e18f1910457f1d455e693f3b7093bef5880bc4e720d3ff50a75580) in 0.004s. Peers: 3","throwable":""}
{"timestamp":"2025-06-27T10:29:22,017","container":"f1f6ec10c4e9","level":"INFO","thread":"EthScheduler-Workers-0","class":"PersistBlockTask","message":"Imported #162 / 0 tx / 0 om / 0 (0.0%) gas / (0xc089ac06b24ecf6871cbc23fd84e443af3b9a9a60905bcdbae4a2dd8c01144d8) in 0.001s. Peers: 3","throwable":""}
{"timestamp":"2025-06-27T10:29:30,029","container":"f1f6ec10c4e9","level":"INFO","thread":"EthScheduler-Workers-0","class":"PersistBlockTask","message":"Imported #163 / 0 tx / 0 om / 0 (0.0%) gas / (0x489fcc40e3b86bf963420e961253f6f17c0e4cd2d57707600fc44dc8a005e04b) in 0.003s. Peers: 3","throwable":""}
{"timestamp":"2025-06-27T10:29:38,044","container":"f1f6ec10c4e9","level":"INFO","thread":"EthScheduler-Workers-0","class":"PersistBlockTask","message":"Imported #164 / 0 tx / 0 om / 0 (0.0%) gas / (0x5009297a5daea0e7f3f1b1246a59e6ff71f999d6389db0622bab22519d7ea97f) in 0.002s. Peers: 3","throwable":""}
{"timestamp":"2025-06-27T10:29:46,030","container":"f1f6ec10c4e9","level":"INFO","thread":"EthScheduler-Workers-0","class":"PersistBlockTask","message":"Imported #165 / 0 tx / 0 om / 0 (0.0%) gas / (0x6a9d76884ecc14a3439aa6748b1e506edc6a85a79faef3f5ac998751227cb0b2) in 0.003s. Peers: 3","throwable":""}
{"timestamp":"2025-06-27T10:29:54,029","container":"f1f6ec10c4e9","level":"INFO","thread":"EthScheduler-Workers-0","class":"PersistBlockTask","message":"Imported #166 / 0 tx / 0 om / 0 (0.0%) gas / (0x6a96273adfc0a9a9ad8bf16b8acb94b70c4180972263c2561626122458cffbd3) in 0.003s. Peers: 3","throwable":""}
{"timestamp":"2025-06-27T10:30:02,027","container":"f1f6ec10c4e9","level":"INFO","thread":"EthScheduler-Workers-0","class":"PersistBlockTask","message":"Imported #167 / 0 tx / 0 om / 0 (0.0%) gas / (0x81d1d8523fe9e6d3b1b4deb069cc41d94a4a12c38bcf2eb02ac3c33dafd1ae7c) in 0.004s. Peers: 3","throwable":""}
{"timestamp":"2025-06-27T10:30:10,044","container":"f1f6ec10c4e9","level":"INFO","thread":"EthScheduler-Workers-0","class":"PersistBlockTask","message":"Imported #168 / 0 tx / 0 om / 0 (0.0%) gas / (0x987022e67abd1fe8282c0663588761eed403fdbf2507aeb65840b9f786a13d25) in 0.004s. Peers: 3","throwable":""}
{"timestamp":"2025-06-27T10:30:18,021","container":"f1f6ec10c4e9","level":"INFO","thread":"EthScheduler-Workers-0","class":"PersistBlockTask","message":"Imported #169 / 0 tx / 0 om / 0 (0.0%) gas / (0x6446fb0fb06d522213e820b12cbaa4956b811afcb256b46dc74993c466d1facf) in 0.002s. Peers: 3","throwable":""}
{"timestamp":"2025-06-27T10:30:26,034","container":"f1f6ec10c4e9","level":"INFO","thread":"EthScheduler-Workers-0","class":"PersistBlockTask","message":"Imported #170 / 0 tx / 0 om / 0 (0.0%) gas / (0x7f5bc38d2a3e5301cfd9ee4218f7280df526e2048ab3137ce31e2c9b63def48d) in 0.002s. Peers: 3","throwable":""}
{"timestamp":"2025-06-27T10:30:34,030","container":"f1f6ec10c4e9","level":"INFO","thread":"EthScheduler-Workers-0","class":"PersistBlockTask","message":"Imported #171 / 0 tx / 0 om / 0 (0.0%) gas / (0x0ede6682bbfd77a1109e127aa4cf429545f21d22ab9dc3acb485bcde50ec63e2) in 0.005s. Peers: 3","throwable":""}
{"timestamp":"2025-06-27T10:30:42,032","container":"f1f6ec10c4e9","level":"INFO","thread":"EthScheduler-Workers-0","class":"PersistBlockTask","message":"Imported #172 / 0 tx / 0 om / 0 (0.0%) gas / (0x2df0e87e85fc2df9005f203c54a4cf73b0bef9424e861744608e8a32589dea97) in 0.003s. Peers: 3","throwable":""}
{"timestamp":"2025-06-27T10:30:50,030","container":"f1f6ec10c4e9","level":"INFO","thread":"EthScheduler-Workers-0","class":"PersistBlockTask","message":"Imported #173 / 0 tx / 0 om / 0 (0.0%) gas / (0x35c55d98ca406cf48c0cf725dbdf1aa645573ea4d2efde778d6f8b12e078e23f) in 0.003s. Peers: 3","throwable":""}
{"timestamp":"2025-06-27T10:30:58,030","container":"f1f6ec10c4e9","level":"INFO","thread":"EthScheduler-Workers-0","class":"PersistBlockTask","message":"Imported #174 / 0 tx / 0 om / 0 (0.0%) gas / (0x72e966b647ee942b2a89224320901a15119d37b96bc7f21bb7f4092e4199a98a) in 0.002s. Peers: 3","throwable":""}
{"timestamp":"2025-06-27T10:31:06,033","container":"f1f6ec10c4e9","level":"INFO","thread":"EthScheduler-Workers-0","class":"PersistBlockTask","message":"Imported #175 / 0 tx / 0 om / 0 (0.0%) gas / (0x4c42fdef9bedb32a10f08f51fdbbfc2198e90d5179a619ba7ebfc3d639d2f2db) in 0.003s. Peers: 3","throwable":""}
{"timestamp":"2025-06-27T10:31:14,031","container":"f1f6ec10c4e9","level":"INFO","thread":"EthScheduler-Workers-0","class":"PersistBlockTask","message":"Imported #176 / 0 tx / 0 om / 0 (0.0%) gas / (0x487c2fdd5650cd820c63b9889dccdfaceae258944a82942224a22f54b3abfa23) in 0.003s. Peers: 3","throwable":""}
{"timestamp":"2025-06-27T10:31:22,027","container":"f1f6ec10c4e9","level":"INFO","thread":"EthScheduler-Workers-0","class":"PersistBlockTask","message":"Imported #177 / 0 tx / 0 om / 0 (0.0%) gas / (0x7083b5780c78b6054fa3c61619a7df2c2d5d167d7c35f529a6ea32e452101379) in 0.002s. Peers: 3","throwable":""}
{"timestamp":"2025-06-27T10:31:30,029","container":"f1f6ec10c4e9","level":"INFO","thread":"EthScheduler-Workers-0","class":"PersistBlockTask","message":"Imported #178 / 0 tx / 0 om / 0 (0.0%) gas / (0xc9ab71a065feb7e3dcb818cb2c66296b511b540d770beb9b7907f05e35899b58) in 0.003s. Peers: 3","throwable":""}
{"timestamp":"2025-06-27T10:31:38,032","container":"f1f6ec10c4e9","level":"INFO","thread":"EthScheduler-Workers-0","class":"PersistBlockTask","message":"Imported #179 / 0 tx / 0 om / 0 (0.0%) gas / (0x0adc1005dea4a0f79af145e5053a694e3ed7d1e894c26058a7e781473388f3df) in 0.003s. Peers: 3","throwable":""}
{"timestamp":"2025-06-27T10:31:46,025","container":"f1f6ec10c4e9","level":"INFO","thread":"EthScheduler-Workers-0","class":"PersistBlockTask","message":"Imported #180 / 0 tx / 0 om / 0 (0.0%) gas / (0xa97ca4bf9eb6b20d310a8ef7828a9c2ed750c4787a3fccef500b89ca239018a1) in 0.002s. Peers: 3","throwable":""}
{"timestamp":"2025-06-27T10:31:54,028","container":"f1f6ec10c4e9","level":"INFO","thread":"EthScheduler-Workers-0","class":"PersistBlockTask","message":"Imported #181 / 0 tx / 0 om / 0 (0.0%) gas / (0xecef82f19130ff47ea9b4ba39e1ff30789085d110c2f4eb628656ce7087cc1bd) in 0.002s. Peers: 3","throwable":""}
{"timestamp":"2025-06-27T10:32:02,026","container":"f1f6ec10c4e9","level":"INFO","thread":"EthScheduler-Workers-0","class":"PersistBlockTask","message":"Imported #182 / 0 tx / 0 om / 0 (0.0%) gas / (0xae93ab177886d0d8090b78356e1b96c99747717c9bfa925b52a32fcd662c79bb) in 0.002s. Peers: 3","throwable":""}
{"timestamp":"2025-06-27T10:32:10,030","container":"f1f6ec10c4e9","level":"INFO","thread":"EthScheduler-Workers-0","class":"PersistBlockTask","message":"Imported #183 / 0 tx / 0 om / 0 (0.0%) gas / (0xaf3b4a050af5138a8de904edae8c3aa8864fd7dbe6f7d516f356651d52f355a2) in 0.003s. Peers: 3","throwable":""}
{"timestamp":"2025-06-27T10:32:18,031","container":"f1f6ec10c4e9","level":"INFO","thread":"EthScheduler-Workers-0","class":"PersistBlockTask","message":"Imported #184 / 0 tx / 0 om / 0 (0.0%) gas / (0x310f6ac3ac8bbeeee53dce20052a87243b52bccb7145b0e27341ec42132cc589) in 0.003s. Peers: 3","throwable":""}
{"timestamp":"2025-06-27T10:32:26,026","container":"f1f6ec10c4e9","level":"INFO","thread":"EthScheduler-Workers-0","class":"PersistBlockTask","message":"Imported #185 / 0 tx / 0 om / 0 (0.0%) gas / (0x2a96c428ae81958bf4ffda2e0f8b3c020a8bbc93721441491b5c96608e35dd5a) in 0.003s. Peers: 3","throwable":""}
{"timestamp":"2025-06-27T10:32:34,029","container":"f1f6ec10c4e9","level":"INFO","thread":"EthScheduler-Workers-0","class":"PersistBlockTask","message":"Imported #186 / 0 tx / 0 om / 0 (0.0%) gas / (0xf7c092587997e6d67531d3826aaa3b001f205c9b5e59d520df7f7300b462d935) in 0.003s. Peers: 3","throwable":""}
{"timestamp":"2025-06-27T10:32:42,026","container":"f1f6ec10c4e9","level":"INFO","thread":"EthScheduler-Workers-0","class":"PersistBlockTask","message":"Imported #187 / 0 tx / 0 om / 0 (0.0%) gas / (0x087e7d29e39d945f939439110e3b266e046e9d77a2aa45b808a3133064d765e1) in 0.003s. Peers: 3","throwable":""}
{"timestamp":"2025-06-27T10:32:50,057","container":"f1f6ec10c4e9","level":"INFO","thread":"EthScheduler-Workers-0","class":"PersistBlockTask","message":"Imported #188 / 0 tx / 0 om / 0 (0.0%) gas / (0x2b9ee0777f61db761632abe7887718ab0dc91e213145d469df814b5ab974c73b) in 0.003s. Peers: 3","throwable":""}
{"timestamp":"2025-06-27T10:32:58,021","container":"f1f6ec10c4e9","level":"INFO","thread":"EthScheduler-Workers-0","class":"PersistBlockTask","message":"Imported #189 / 0 tx / 0 om / 0 (0.0%) gas / (0xc446cc0c04f847a438a6963e9e2f023f909985cca243ba4db180a6f5db8bc0a6) in 0.001s. Peers: 3","throwable":""}
{"timestamp":"2025-06-27T10:33:06,027","container":"f1f6ec10c4e9","level":"INFO","thread":"EthScheduler-Workers-0","class":"PersistBlockTask","message":"Imported #190 / 0 tx / 0 om / 0 (0.0%) gas / (0x10a204347a3185a39a5e3883e9d79561b49e98ced83993d9992c8a468ac48f23) in 0.003s. Peers: 3","throwable":""}
{"timestamp":"2025-06-27T10:33:14,034","container":"f1f6ec10c4e9","level":"INFO","thread":"EthScheduler-Workers-0","class":"PersistBlockTask","message":"Imported #191 / 0 tx / 0 om / 0 (0.0%) gas / (0x233c727a1c0388e4c9b71eb2816ed916f7d1df4c4c0ba1c502b0f1719e423243) in 0.006s. Peers: 3","throwable":""}
{"timestamp":"2025-06-27T10:33:22,038","container":"f1f6ec10c4e9","level":"INFO","thread":"EthScheduler-Workers-0","class":"PersistBlockTask","message":"Imported #192 / 0 tx / 0 om / 0 (0.0%) gas / (0xfe6c0bba95a2c60cbded6c932c3388ad984653c86d0eb83198be7bf45c6abf19) in 0.005s. Peers: 3","throwable":""}
{"timestamp":"2025-06-27T10:33:30,024","container":"f1f6ec10c4e9","level":"INFO","thread":"EthScheduler-Workers-0","class":"PersistBlockTask","message":"Imported #193 / 0 tx / 0 om / 0 (0.0%) gas / (0x75f6a6c7d570b887bc6503734d78554ec2231a3f71705765c9c20abf9a9343e5) in 0.002s. Peers: 3","throwable":""}
{"timestamp":"2025-06-27T10:33:38,032","container":"f1f6ec10c4e9","level":"INFO","thread":"EthScheduler-Workers-0","class":"PersistBlockTask","message":"Imported #194 / 0 tx / 0 om / 0 (0.0%) gas / (0x3b0f0941f86b586645ab15d28ce801ec1d188adceefab3900a1b94b642b59c57) in 0.008s. Peers: 3","throwable":""}
{"timestamp":"2025-06-27T10:33:46,034","container":"f1f6ec10c4e9","level":"INFO","thread":"EthScheduler-Workers-0","class":"PersistBlockTask","message":"Imported #195 / 0 tx / 0 om / 0 (0.0%) gas / (0x8143c9232a078e792600009fd7d83da0fa7367d4b471348e9349674c8d284e9c) in 0.004s. Peers: 3","throwable":""}
{"timestamp":"2025-06-27T10:33:54,034","container":"f1f6ec10c4e9","level":"INFO","thread":"EthScheduler-Workers-0","class":"PersistBlockTask","message":"Imported #196 / 0 tx / 0 om / 0 (0.0%) gas / (0x4c27cfcf32442006aac442d9aaeea9e5654a6264e875983b639151061886b0f7) in 0.004s. Peers: 3","throwable":""}
{"timestamp":"2025-06-27T10:34:02,027","container":"f1f6ec10c4e9","level":"INFO","thread":"EthScheduler-Workers-0","class":"PersistBlockTask","message":"Imported #197 / 0 tx / 0 om / 0 (0.0%) gas / (0xc41534312a32611046b81675d140ef9c6369fa07a35938262e44dedb2b2f1c89) in 0.002s. Peers: 3","throwable":""}
{"timestamp":"2025-06-27T10:34:10,063","container":"f1f6ec10c4e9","level":"INFO","thread":"EthScheduler-Workers-0","class":"PersistBlockTask","message":"Imported #198 / 0 tx / 0 om / 0 (0.0%) gas / (0x1b3c2c091cf3337ee2ce1a3d3016f7882adbbb7281e5a0c3f1edbbb797ccaeb2) in 0.007s. Peers: 3","throwable":""}
{"timestamp":"2025-06-27T10:34:18,037","container":"f1f6ec10c4e9","level":"INFO","thread":"EthScheduler-Workers-0","class":"PersistBlockTask","message":"Imported #199 / 0 tx / 0 om / 0 (0.0%) gas / (0x3620a5a271bc09501082331433d8ef204aa6aa5de1b53dfa1a68fd43b49d2d45) in 0.005s. Peers: 3","throwable":""}
{"timestamp":"2025-06-27T10:34:26,031","container":"f1f6ec10c4e9","level":"INFO","thread":"EthScheduler-Workers-0","class":"PersistBlockTask","message":"Imported #200 / 0 tx / 0 om / 0 (0.0%) gas / (0x70c585f9e126096dcfe0e812c5981e5db0b2c173b94b4f3af4ec8db371afaf07) in 0.007s. Peers: 3","throwable":""}
{"timestamp":"2025-06-27T10:34:34,031","container":"f1f6ec10c4e9","level":"INFO","thread":"EthScheduler-Workers-0","class":"PersistBlockTask","message":"Imported #201 / 0 tx / 0 om / 0 (0.0%) gas / (0xef0cebbde3133a6fff8469ac38c1f2822c826f16b7fbcc794a919a2f566fd27f) in 0.004s. Peers: 3","throwable":""}
{"timestamp":"2025-06-27T10:34:42,025","container":"f1f6ec10c4e9","level":"INFO","thread":"EthScheduler-Workers-0","class":"PersistBlockTask","message":"Imported #202 / 0 tx / 0 om / 0 (0.0%) gas / (0xd74cf7a265f0b6c21818076a9dce755f2d3680dedd7437655d3c594c2297bc81) in 0.003s. Peers: 3","throwable":""}
{"timestamp":"2025-06-27T10:34:50,031","container":"f1f6ec10c4e9","level":"INFO","thread":"EthScheduler-Workers-0","class":"PersistBlockTask","message":"Imported #203 / 0 tx / 0 om / 0 (0.0%) gas / (0x6954c2f9a8245681b7031f628556b081f984403aaf1a14cc18fec52bd30c1513) in 0.002s. Peers: 3","throwable":""}
{"timestamp":"2025-06-27T10:34:58,032","container":"f1f6ec10c4e9","level":"INFO","thread":"EthScheduler-Workers-0","class":"PersistBlockTask","message":"Imported #204 / 0 tx / 0 om / 0 (0.0%) gas / (0xbb34bdb9736089e27598e4edf05b11eaf276024beadada275e7031a36ce22a43) in 0.003s. Peers: 3","throwable":""}
{"timestamp":"2025-06-27T10:35:06,032","container":"f1f6ec10c4e9","level":"INFO","thread":"EthScheduler-Workers-0","class":"PersistBlockTask","message":"Imported #205 / 0 tx / 0 om / 0 (0.0%) gas / (0xd534b00e8c7f47151d9d2a21c25524225625d4d3dd95afa54d0286b6f9c81620) in 0.002s. Peers: 3","throwable":""}
{"timestamp":"2025-06-27T10:35:14,022","container":"f1f6ec10c4e9","level":"INFO","thread":"EthScheduler-Workers-0","class":"PersistBlockTask","message":"Imported #206 / 0 tx / 0 om / 0 (0.0%) gas / (0x6f93f0192c5840378678789c3afec663c123ae3c7940e8050752745c75a26595) in 0.002s. Peers: 3","throwable":""}
{"timestamp":"2025-06-27T10:35:22,016","container":"f1f6ec10c4e9","level":"INFO","thread":"EthScheduler-Workers-0","class":"PersistBlockTask","message":"Imported #207 / 0 tx / 0 om / 0 (0.0%) gas / (0x0987136b8c2fbfcbdac25b9fc6d44ec5b957a58086e189b21bb935c00f35a390) in 0.001s. Peers: 3","throwable":""}
{"timestamp":"2025-06-27T10:35:30,024","container":"f1f6ec10c4e9","level":"INFO","thread":"EthScheduler-Workers-0","class":"PersistBlockTask","message":"Imported #208 / 0 tx / 0 om / 0 (0.0%) gas / (0xcbf106ef867180edad018d5853ff2441c639900ce20128ef39e261d0bb5f2d08) in 0.002s. Peers: 3","throwable":""}
{"timestamp":"2025-06-27T10:35:38,034","container":"f1f6ec10c4e9","level":"INFO","thread":"EthScheduler-Workers-0","class":"PersistBlockTask","message":"Imported #209 / 0 tx / 0 om / 0 (0.0%) gas / (0xb833735b45be27f067fa2cfb5c197e21999f2f1773dec7536afa4d7726d69dbb) in 0.004s. Peers: 3","throwable":""}
{"timestamp":"2025-06-27T10:35:46,034","container":"f1f6ec10c4e9","level":"INFO","thread":"EthScheduler-Workers-0","class":"PersistBlockTask","message":"Imported #210 / 0 tx / 0 om / 0 (0.0%) gas / (0x5c54264b8c64fd88dcdb107fc0192c58e4b7fbf917b616a0e3e9400233e83127) in 0.006s. Peers: 3","throwable":""}
{"timestamp":"2025-06-27T10:35:54,042","container":"f1f6ec10c4e9","level":"INFO","thread":"EthScheduler-Workers-0","class":"PersistBlockTask","message":"Imported #211 / 0 tx / 0 om / 0 (0.0%) gas / (0xbf37e56314434134ca0c96b20d245681ad5bf8d6d4c39f28ea394b4eadc2abd1) in 0.002s. Peers: 3","throwable":""}
{"timestamp":"2025-06-27T10:36:02,027","container":"f1f6ec10c4e9","level":"INFO","thread":"EthScheduler-Workers-0","class":"PersistBlockTask","message":"Imported #212 / 0 tx / 0 om / 0 (0.0%) gas / (0xf693a8f4266a0a33b0f30f45a376be2f6243393972cf7c1dc5bf2aae8d3221d8) in 0.003s. Peers: 3","throwable":""}
{"timestamp":"2025-06-27T10:36:10,028","container":"f1f6ec10c4e9","level":"INFO","thread":"EthScheduler-Workers-0","class":"PersistBlockTask","message":"Imported #213 / 0 tx / 0 om / 0 (0.0%) gas / (0x2f1e5d89cccec6ec2da73366660efd0900ed638e54bb6186291e2b194724d4ad) in 0.002s. Peers: 3","throwable":""}
{"timestamp":"2025-06-27T10:36:18,026","container":"f1f6ec10c4e9","level":"INFO","thread":"EthScheduler-Workers-0","class":"PersistBlockTask","message":"Imported #214 / 0 tx / 0 om / 0 (0.0%) gas / (0x5305032f2d60f1b5408c7192960ea193bf96a198f9a56ea489a5185b568085b6) in 0.002s. Peers: 3","throwable":""}
{"timestamp":"2025-06-27T10:36:26,031","container":"f1f6ec10c4e9","level":"INFO","thread":"EthScheduler-Workers-0","class":"PersistBlockTask","message":"Imported #215 / 0 tx / 0 om / 0 (0.0%) gas / (0xbe1ce5d347f25ccec8c0f7153e2feb9defe6d6876d48f1216f9f24181707e16c) in 0.004s. Peers: 3","throwable":""}
{"timestamp":"2025-06-27T10:36:34,055","container":"f1f6ec10c4e9","level":"INFO","thread":"EthScheduler-Workers-0","class":"PersistBlockTask","message":"Imported #216 / 0 tx / 0 om / 0 (0.0%) gas / (0xe3928f1a49656e13d89c039f8e9cb7f75e2857e41772df8dd4af0909cd055039) in 0.002s. Peers: 3","throwable":""}
{"timestamp":"2025-06-27T10:36:42,024","container":"f1f6ec10c4e9","level":"INFO","thread":"EthScheduler-Workers-0","class":"PersistBlockTask","message":"Imported #217 / 0 tx / 0 om / 0 (0.0%) gas / (0x2335624e837a51c4230eeff041b7014627633b7256a2efcebf0708330f4efd0d) in 0.003s. Peers: 3","throwable":""}
{"timestamp":"2025-06-27T10:36:50,035","container":"f1f6ec10c4e9","level":"INFO","thread":"EthScheduler-Workers-0","class":"PersistBlockTask","message":"Imported #218 / 0 tx / 0 om / 0 (0.0%) gas / (0x5544b9251ac32572a6f2306502f942dd65e590474d7c8ab5b51b1ccaed111e7d) in 0.002s. Peers: 3","throwable":""}
{"timestamp":"2025-06-27T10:36:58,027","container":"f1f6ec10c4e9","level":"INFO","thread":"EthScheduler-Workers-0","class":"PersistBlockTask","message":"Imported #219 / 0 tx / 0 om / 0 (0.0%) gas / (0x45f29bb2ed4d2a8b6ff60e1a4c1d2f7b8527c3e234407593d561ca7987375433) in 0.003s. Peers: 3","throwable":""}
{"timestamp":"2025-06-27T10:37:06,034","container":"f1f6ec10c4e9","level":"INFO","thread":"EthScheduler-Workers-0","class":"PersistBlockTask","message":"Imported #220 / 0 tx / 0 om / 0 (0.0%) gas / (0xd370aef94982ac463646382ec1296f5499988fd3636d7a3be4fa25af28eecac4) in 0.002s. Peers: 3","throwable":""}
{"timestamp":"2025-06-27T10:37:14,015","container":"f1f6ec10c4e9","level":"INFO","thread":"EthScheduler-Workers-0","class":"PersistBlockTask","message":"Imported #221 / 0 tx / 0 om / 0 (0.0%) gas / (0xa8de6af30de5c89bc0f776c805392ae6aafb100bc72f19ecb1d3bc93777fb083) in 0.001s. Peers: 3","throwable":""}
{"timestamp":"2025-06-27T10:37:22,028","container":"f1f6ec10c4e9","level":"INFO","thread":"EthScheduler-Workers-0","class":"PersistBlockTask","message":"Imported #222 / 0 tx / 0 om / 0 (0.0%) gas / (0xbcaab28fd17bbad7a616186058fd9d73c488aaebc45ebd4a6cfc6c86d624240c) in 0.002s. Peers: 3","throwable":""}
{"timestamp":"2025-06-27T10:37:30,026","container":"f1f6ec10c4e9","level":"INFO","thread":"EthScheduler-Workers-0","class":"PersistBlockTask","message":"Imported #223 / 0 tx / 0 om / 0 (0.0%) gas / (0x40f5c219299816f50a86a251aa7d1ccc48bdf9ac9ee9b3c01a623e6310bc5d27) in 0.003s. Peers: 3","throwable":""}
{"timestamp":"2025-06-27T10:37:38,029","container":"f1f6ec10c4e9","level":"INFO","thread":"EthScheduler-Workers-0","class":"PersistBlockTask","message":"Imported #224 / 0 tx / 0 om / 0 (0.0%) gas / (0x93168b0de2333831fab00d8fa3691e48dcbda68051d01a8424af9992ffff72c6) in 0.002s. Peers: 3","throwable":""}
{"timestamp":"2025-06-27T10:37:46,024","container":"f1f6ec10c4e9","level":"INFO","thread":"EthScheduler-Workers-0","class":"PersistBlockTask","message":"Imported #225 / 0 tx / 0 om / 0 (0.0%) gas / (0xcf1001892fcee6caa5fd0c2d8d266b312d696f7867845b22400d24fbabe5a8f0) in 0.002s. Peers: 3","throwable":""}
{"timestamp":"2025-06-27T10:37:54,026","container":"f1f6ec10c4e9","level":"INFO","thread":"EthScheduler-Workers-0","class":"PersistBlockTask","message":"Imported #226 / 0 tx / 0 om / 0 (0.0%) gas / (0x70848dc1b358ec2a8935d93b11e8b3d6adef64eb2caadf5afe63b7487bcc3cd2) in 0.003s. Peers: 3","throwable":""}
{"timestamp":"2025-06-27T10:38:02,026","container":"f1f6ec10c4e9","level":"INFO","thread":"EthScheduler-Workers-0","class":"PersistBlockTask","message":"Imported #227 / 0 tx / 0 om / 0 (0.0%) gas / (0x07dbe3e37f63cff457be5ba656fc02232a517675b7091796ea83b23ad99cc00e) in 0.004s. Peers: 3","throwable":""}
{"timestamp":"2025-06-27T10:38:10,029","container":"f1f6ec10c4e9","level":"INFO","thread":"EthScheduler-Workers-0","class":"PersistBlockTask","message":"Imported #228 / 0 tx / 0 om / 0 (0.0%) gas / (0xc42fc9ba7a5f58465885a87b51d4427b1be3cdef8fae3c92881329bf3a9b4a51) in 0.006s. Peers: 3","throwable":""}
{"timestamp":"2025-06-27T10:38:18,028","container":"f1f6ec10c4e9","level":"INFO","thread":"EthScheduler-Workers-0","class":"PersistBlockTask","message":"Imported #229 / 0 tx / 0 om / 0 (0.0%) gas / (0xb478c91a0986f5d7d6405708d4dbbfb66beebbe58fe7dd20453053d424652c55) in 0.004s. Peers: 3","throwable":""}
{"timestamp":"2025-06-27T10:38:26,030","container":"f1f6ec10c4e9","level":"INFO","thread":"EthScheduler-Workers-0","class":"PersistBlockTask","message":"Imported #230 / 0 tx / 0 om / 0 (0.0%) gas / (0x0e4ea397b9bb25535b08a0a576fbd247d3ce5355f6f00a5db04aa4ddc8752074) in 0.003s. Peers: 3","throwable":""}
{"timestamp":"2025-06-27T10:38:34,028","container":"f1f6ec10c4e9","level":"INFO","thread":"EthScheduler-Workers-0","class":"PersistBlockTask","message":"Imported #231 / 0 tx / 0 om / 0 (0.0%) gas / (0x64aade6b19b95572bb67b5475b078617f39f6de903ec3835b77dc750dcb853e0) in 0.003s. Peers: 3","throwable":""}
{"timestamp":"2025-06-27T10:38:42,032","container":"f1f6ec10c4e9","level":"INFO","thread":"EthScheduler-Workers-0","class":"PersistBlockTask","message":"Imported #232 / 0 tx / 0 om / 0 (0.0%) gas / (0x2074385197a92c14cd578fa80d7bd4021a931203288721af8e5d2452654c1aa5) in 0.003s. Peers: 3","throwable":""}
{"timestamp":"2025-06-27T10:38:50,025","container":"f1f6ec10c4e9","level":"INFO","thread":"EthScheduler-Workers-0","class":"PersistBlockTask","message":"Imported #233 / 0 tx / 0 om / 0 (0.0%) gas / (0x5ffac27ddb58917db4b0a8bd82287eed27a82e084525b8eb4cc252e2f8add4bc) in 0.002s. Peers: 3","throwable":""}
{"timestamp":"2025-06-27T10:38:58,022","container":"f1f6ec10c4e9","level":"INFO","thread":"EthScheduler-Workers-0","class":"PersistBlockTask","message":"Imported #234 / 0 tx / 0 om / 0 (0.0%) gas / (0x6bf16521163a67d52921ef8470efd0b73931dea5ccd9f0737b2e7c00d744a402) in 0.002s. Peers: 3","throwable":""}
{"timestamp":"2025-06-27T10:39:06,029","container":"f1f6ec10c4e9","level":"INFO","thread":"EthScheduler-Workers-0","class":"PersistBlockTask","message":"Imported #235 / 0 tx / 0 om / 0 (0.0%) gas / (0x45b02c042658d3433103161e7074483318f6aceea2fc1fab592fb813d446361e) in 0.002s. Peers: 3","throwable":""}
{"timestamp":"2025-06-27T10:39:14,041","container":"f1f6ec10c4e9","level":"INFO","thread":"EthScheduler-Workers-0","class":"PersistBlockTask","message":"Imported #236 / 0 tx / 0 om / 0 (0.0%) gas / (0x8c3a291c12296ded11ee8b1f5128dd1ebd6f350d96a02e42f71d99f968e1b9b1) in 0.002s. Peers: 3","throwable":""}
{"timestamp":"2025-06-27T10:39:22,036","container":"f1f6ec10c4e9","level":"INFO","thread":"EthScheduler-Workers-0","class":"PersistBlockTask","message":"Imported #237 / 0 tx / 0 om / 0 (0.0%) gas / (0x267ea3f2a3b9b48ec9b09415e1f675ce705fdb459cd3e24d141bb4cfabd5b6e1) in 0.002s. Peers: 3","throwable":""}
{"timestamp":"2025-06-27T10:39:30,019","container":"f1f6ec10c4e9","level":"INFO","thread":"EthScheduler-Workers-0","class":"PersistBlockTask","message":"Imported #238 / 0 tx / 0 om / 0 (0.0%) gas / (0xde7585f7b3ff89d2f4ef26264d36935851d658a09c361745fc427d4a8a1f64bf) in 0.004s. Peers: 3","throwable":""}
{"timestamp":"2025-06-27T10:39:38,034","container":"f1f6ec10c4e9","level":"INFO","thread":"EthScheduler-Workers-0","class":"PersistBlockTask","message":"Imported #239 / 0 tx / 0 om / 0 (0.0%) gas / (0x2dc658421a24879b7e94672fbf0cf197109c0702ca893fa2724034cbf791914d) in 0.005s. Peers: 3","throwable":""}
{"timestamp":"2025-06-27T10:39:46,030","container":"f1f6ec10c4e9","level":"INFO","thread":"EthScheduler-Workers-0","class":"PersistBlockTask","message":"Imported #240 / 0 tx / 0 om / 0 (0.0%) gas / (0xee4f6f0310efd14966cb853a3e145a66d26e92645e1ee39ec0fb6599e2af7e51) in 0.002s. Peers: 3","throwable":""}
{"timestamp":"2025-06-27T10:39:54,026","container":"f1f6ec10c4e9","level":"INFO","thread":"EthScheduler-Workers-0","class":"PersistBlockTask","message":"Imported #241 / 0 tx / 0 om / 0 (0.0%) gas / (0x6882d6e9d91192accde8276cfabb1cbc9c1e89a79841e5f73d916ae6f3c72089) in 0.003s. Peers: 3","throwable":""}
{"timestamp":"2025-06-27T10:40:02,028","container":"f1f6ec10c4e9","level":"INFO","thread":"EthScheduler-Workers-0","class":"PersistBlockTask","message":"Imported #242 / 0 tx / 0 om / 0 (0.0%) gas / (0xb25c7c16270feb799d5c3d0fd0b5e727e6ed25f2ad62ea9cda54576930b85cb1) in 0.003s. Peers: 3","throwable":""}
{"timestamp":"2025-06-27T10:40:10,014","container":"f1f6ec10c4e9","level":"INFO","thread":"EthScheduler-Workers-0","class":"PersistBlockTask","message":"Imported #243 / 0 tx / 0 om / 0 (0.0%) gas / (0x46beef71f1ec0c91e6268f27207e7f1082e4a94df8e1ad82a82bf8ce72191468) in 0.002s. Peers: 3","throwable":""}
{"timestamp":"2025-06-27T10:40:18,026","container":"f1f6ec10c4e9","level":"INFO","thread":"EthScheduler-Workers-0","class":"PersistBlockTask","message":"Imported #244 / 0 tx / 0 om / 0 (0.0%) gas / (0x8efcd155fe9257cdc901327dcfb1d3d53dc56a5e0ed0bbd2e17167bc99217e83) in 0.002s. Peers: 3","throwable":""}
{"timestamp":"2025-06-27T10:40:26,027","container":"f1f6ec10c4e9","level":"INFO","thread":"EthScheduler-Workers-0","class":"PersistBlockTask","message":"Imported #245 / 0 tx / 0 om / 0 (0.0%) gas / (0x259956bb9893287e5943cddb36efdccdfb1be035da4c35882c70d5096dcf5329) in 0.003s. Peers: 3","throwable":""}
{"timestamp":"2025-06-27T10:40:34,027","container":"f1f6ec10c4e9","level":"INFO","thread":"EthScheduler-Workers-0","class":"PersistBlockTask","message":"Imported #246 / 0 tx / 0 om / 0 (0.0%) gas / (0xbc997ce17ba95b98cd2c884c8cf7ee918ea42b52a3a55a44bb6c075dc76675c0) in 0.002s. Peers: 3","throwable":""}
{"timestamp":"2025-06-27T10:40:42,026","container":"f1f6ec10c4e9","level":"INFO","thread":"EthScheduler-Workers-0","class":"PersistBlockTask","message":"Imported #247 / 0 tx / 0 om / 0 (0.0%) gas / (0x00ee5eda0f23c202a6b782ceb574701d62ab53da8d0c931a6780fd48c5235bac) in 0.002s. Peers: 3","throwable":""}
{"timestamp":"2025-06-27T10:40:50,032","container":"f1f6ec10c4e9","level":"INFO","thread":"EthScheduler-Workers-0","class":"PersistBlockTask","message":"Imported #248 / 0 tx / 0 om / 0 (0.0%) gas / (0x199f5ab12c5fa79b8cc1978faaaa549b6f23a340b3d1603421876e1a13c38101) in 0.006s. Peers: 3","throwable":""}
{"timestamp":"2025-06-27T10:40:58,041","container":"f1f6ec10c4e9","level":"INFO","thread":"EthScheduler-Workers-0","class":"PersistBlockTask","message":"Imported #249 / 0 tx / 0 om / 0 (0.0%) gas / (0xc3211de5165b92f46748351eb79e28bf1d11da4974ca37c34f0f17783482d729) in 0.004s. Peers: 3","throwable":""}
{"timestamp":"2025-06-27T10:41:06,030","container":"f1f6ec10c4e9","level":"INFO","thread":"EthScheduler-Workers-0","class":"PersistBlockTask","message":"Imported #250 / 0 tx / 0 om / 0 (0.0%) gas / (0x43328e328c41a0850f66498ea609459d1df15d2349b233eb09ae6616c9d1ec46) in 0.002s. Peers: 3","throwable":""}
{"timestamp":"2025-06-27T10:41:14,034","container":"f1f6ec10c4e9","level":"INFO","thread":"EthScheduler-Workers-0","class":"PersistBlockTask","message":"Imported #251 / 0 tx / 0 om / 0 (0.0%) gas / (0x248fafac6f0748125e4999b4ea195a6d607f8ebac5bfab53fe315cfb1e7cf635) in 0.003s. Peers: 3","throwable":""}
{"timestamp":"2025-06-27T10:41:22,033","container":"f1f6ec10c4e9","level":"INFO","thread":"EthScheduler-Workers-0","class":"PersistBlockTask","message":"Imported #252 / 0 tx / 0 om / 0 (0.0%) gas / (0x6f832964f284f8e88f4f3e296d09e92c62d05b64bc481f635f5d7281a8b694c3) in 0.003s. Peers: 3","throwable":""}
{"timestamp":"2025-06-27T10:41:30,033","container":"f1f6ec10c4e9","level":"INFO","thread":"EthScheduler-Workers-0","class":"PersistBlockTask","message":"Imported #253 / 0 tx / 0 om / 0 (0.0%) gas / (0xb9a077021a92977cd3de50efbaef72faa218055f539dd8af0fd6a53cf612b55c) in 0.007s. Peers: 3","throwable":""}
{"timestamp":"2025-06-27T10:41:38,034","container":"f1f6ec10c4e9","level":"INFO","thread":"EthScheduler-Workers-0","class":"PersistBlockTask","message":"Imported #254 / 0 tx / 0 om / 0 (0.0%) gas / (0x5eeadb6e8b5d1f9a710d0dba55ed0058d32ce91f93a06ec2d961f0d23a4c0552) in 0.004s. Peers: 3","throwable":""}
{"timestamp":"2025-06-27T10:41:46,029","container":"f1f6ec10c4e9","level":"INFO","thread":"EthScheduler-Workers-0","class":"PersistBlockTask","message":"Imported #255 / 0 tx / 0 om / 0 (0.0%) gas / (0x9a446ccdf3ed59cd94bb942b5d0261df062e04b3ca80a16ec2cae18680f9db4d) in 0.002s. Peers: 3","throwable":""}
{"timestamp":"2025-06-27T10:41:54,038","container":"f1f6ec10c4e9","level":"INFO","thread":"EthScheduler-Workers-0","class":"PersistBlockTask","message":"Imported #256 / 0 tx / 0 om / 0 (0.0%) gas / (0xa8b2c17f781f18ddd91570b299473334bc2475890a9e57b22e400baa3e3d23a9) in 0.002s. Peers: 3","throwable":""}
{"timestamp":"2025-06-27T10:42:02,044","container":"f1f6ec10c4e9","level":"INFO","thread":"EthScheduler-Workers-0","class":"PersistBlockTask","message":"Imported #257 / 0 tx / 0 om / 0 (0.0%) gas / (0xc1ec5f06f8608253b63b1caa34c3315cc1db65fff4cd6ae88c06a4f3df97acf7) in 0.004s. Peers: 3","throwable":""}
{"timestamp":"2025-06-27T10:42:10,029","container":"f1f6ec10c4e9","level":"INFO","thread":"EthScheduler-Workers-0","class":"PersistBlockTask","message":"Imported #258 / 0 tx / 0 om / 0 (0.0%) gas / (0xa348589a3f72f6aee3eaa4b1b7b3817ede3d4b94a2a71ebd0eb31747ef3e71af) in 0.004s. Peers: 3","throwable":""}
{"timestamp":"2025-06-27T10:42:18,057","container":"f1f6ec10c4e9","level":"INFO","thread":"EthScheduler-Workers-0","class":"PersistBlockTask","message":"Imported #259 / 0 tx / 0 om / 0 (0.0%) gas / (0x953557d9db6c036153e93d12c8abc8d976e3f0b8d3ff4252b552b11abb6f1ef7) in 0.002s. Peers: 3","throwable":""}
{"timestamp":"2025-06-27T10:42:26,028","container":"f1f6ec10c4e9","level":"INFO","thread":"EthScheduler-Workers-0","class":"PersistBlockTask","message":"Imported #260 / 0 tx / 0 om / 0 (0.0%) gas / (0x5261611bfd84b45822ad2aae253b9bb6a0c6af8e036c0bd64adad41af1a74f0c) in 0.002s. Peers: 3","throwable":""}
{"timestamp":"2025-06-27T10:42:34,025","container":"f1f6ec10c4e9","level":"INFO","thread":"EthScheduler-Workers-0","class":"PersistBlockTask","message":"Imported #261 / 0 tx / 0 om / 0 (0.0%) gas / (0x5b18b679bedab6cd0e7bc188ad716afcf483c2099e5173c62f716537d6f7de21) in 0.003s. Peers: 3","throwable":""}
{"timestamp":"2025-06-27T10:42:42,026","container":"f1f6ec10c4e9","level":"INFO","thread":"EthScheduler-Workers-0","class":"PersistBlockTask","message":"Imported #262 / 0 tx / 0 om / 0 (0.0%) gas / (0xf8c895377c93de3acef4ff8c449f56728898b3fd552342ffd5c2e804d89bd066) in 0.002s. Peers: 3","throwable":""}
{"timestamp":"2025-06-27T10:42:50,026","container":"f1f6ec10c4e9","level":"INFO","thread":"EthScheduler-Workers-0","class":"PersistBlockTask","message":"Imported #263 / 0 tx / 0 om / 0 (0.0%) gas / (0x60785a51c27c5c0e651a28b6665b70b38fbedd8af6de266c5d146894866a42e2) in 0.002s. Peers: 3","throwable":""}
{"timestamp":"2025-06-27T10:42:58,028","container":"f1f6ec10c4e9","level":"INFO","thread":"EthScheduler-Workers-0","class":"PersistBlockTask","message":"Imported #264 / 0 tx / 0 om / 0 (0.0%) gas / (0x4ca4001341705d223bb90122169e70d6ab86d1522953561730b5d00fd59c768a) in 0.002s. Peers: 3","throwable":""}
{"timestamp":"2025-06-27T10:43:06,032","container":"f1f6ec10c4e9","level":"INFO","thread":"EthScheduler-Workers-0","class":"PersistBlockTask","message":"Imported #265 / 0 tx / 0 om / 0 (0.0%) gas / (0x8525f779e8a8ced57f06f08780cfa0f5b8d1e9100d6b2870d0501905a689ad22) in 0.003s. Peers: 3","throwable":""}
{"timestamp":"2025-06-27T10:43:14,026","container":"f1f6ec10c4e9","level":"INFO","thread":"EthScheduler-Workers-0","class":"PersistBlockTask","message":"Imported #266 / 0 tx / 0 om / 0 (0.0%) gas / (0x609927bfa02201482fa9574e3d046579e3a74e1798ca9c70359fa05e0750346f) in 0.003s. Peers: 3","throwable":""}
{"timestamp":"2025-06-27T10:43:22,023","container":"f1f6ec10c4e9","level":"INFO","thread":"EthScheduler-Workers-0","class":"PersistBlockTask","message":"Imported #267 / 0 tx / 0 om / 0 (0.0%) gas / (0x96b4a609e00a0cbcb263cc62304536aec38ff00561c1b32b6dc862b7ff33a195) in 0.002s. Peers: 3","throwable":""}
{"timestamp":"2025-06-27T10:43:30,027","container":"f1f6ec10c4e9","level":"INFO","thread":"EthScheduler-Workers-0","class":"PersistBlockTask","message":"Imported #268 / 0 tx / 0 om / 0 (0.0%) gas / (0xb5881ae3d30230fee40ff7cca64ba286f18ca139167bc2c19f1d71293aecedd8) in 0.003s. Peers: 3","throwable":""}
{"timestamp":"2025-06-27T10:43:38,027","container":"f1f6ec10c4e9","level":"INFO","thread":"EthScheduler-Workers-0","class":"PersistBlockTask","message":"Imported #269 / 0 tx / 0 om / 0 (0.0%) gas / (0x07bc549a4e654997db2ec14aa8d611f1fa4820fcc2e118e25a8b9feebf12749d) in 0.002s. Peers: 3","throwable":""}
{"timestamp":"2025-06-27T10:43:46,025","container":"f1f6ec10c4e9","level":"INFO","thread":"EthScheduler-Workers-0","class":"PersistBlockTask","message":"Imported #270 / 0 tx / 0 om / 0 (0.0%) gas / (0xe5d931c13fcfb46b458a823d284bf6007f290bf6b7cfa103d68a590b863ae480) in 0.002s. Peers: 3","throwable":""}
{"timestamp":"2025-06-27T10:43:54,020","container":"f1f6ec10c4e9","level":"INFO","thread":"EthScheduler-Workers-0","class":"PersistBlockTask","message":"Imported #271 / 0 tx / 0 om / 0 (0.0%) gas / (0xfb7073a5373ae937ee6b526cd2afae488901b8008ecac1ff3820faa58a6e9d65) in 0.001s. Peers: 3","throwable":""}
{"timestamp":"2025-06-27T10:44:02,028","container":"f1f6ec10c4e9","level":"INFO","thread":"EthScheduler-Workers-0","class":"PersistBlockTask","message":"Imported #272 / 0 tx / 0 om / 0 (0.0%) gas / (0xdf66140068492679aaa52094d6fa0c0e3719b28a8467a901474b8ba189ae9795) in 0.002s. Peers: 3","throwable":""}
{"timestamp":"2025-06-27T10:44:10,024","container":"f1f6ec10c4e9","level":"INFO","thread":"EthScheduler-Workers-0","class":"PersistBlockTask","message":"Imported #273 / 0 tx / 0 om / 0 (0.0%) gas / (0x90ca694dbfe506c7ed00b525da297cac9bd8df5f3a8a7a102c61fb3b559197ae) in 0.002s. Peers: 3","throwable":""}
{"timestamp":"2025-06-27T10:44:18,026","container":"f1f6ec10c4e9","level":"INFO","thread":"EthScheduler-Workers-0","class":"PersistBlockTask","message":"Imported #274 / 0 tx / 0 om / 0 (0.0%) gas / (0xa91ef7f6821bdd1de2555ea1f308512f318f82b81c95fdbafae3f268b9fcd401) in 0.002s. Peers: 3","throwable":""}
{"timestamp":"2025-06-27T10:44:26,029","container":"f1f6ec10c4e9","level":"INFO","thread":"EthScheduler-Workers-0","class":"PersistBlockTask","message":"Imported #275 / 0 tx / 0 om / 0 (0.0%) gas / (0xfac5f1163c9ed14a4346873d3330795279d7e98dc8eb1c62a4955d9d3c3c4010) in 0.002s. Peers: 3","throwable":""}
{"timestamp":"2025-06-27T10:44:34,028","container":"f1f6ec10c4e9","level":"INFO","thread":"EthScheduler-Workers-0","class":"PersistBlockTask","message":"Imported #276 / 0 tx / 0 om / 0 (0.0%) gas / (0xb3d1c59f7d7bea57044069f51c5af8c81388069c4f19ac2dec2739f0cf9178a5) in 0.003s. Peers: 3","throwable":""}
{"timestamp":"2025-06-27T10:44:42,027","container":"f1f6ec10c4e9","level":"INFO","thread":"EthScheduler-Workers-0","class":"PersistBlockTask","message":"Imported #277 / 0 tx / 0 om / 0 (0.0%) gas / (0x374d4ec1e90bff6cecf33446a720335d5cbf4b195c49e33b41cb097dbbd82cd1) in 0.002s. Peers: 3","throwable":""}
{"timestamp":"2025-06-27T10:44:50,021","container":"f1f6ec10c4e9","level":"INFO","thread":"EthScheduler-Workers-0","class":"PersistBlockTask","message":"Imported #278 / 0 tx / 0 om / 0 (0.0%) gas / (0x2abe35113e66a13305ff56bf5a24e1bb70bfd95126d61d274393547e383bb317) in 0.001s. Peers: 3","throwable":""}
{"timestamp":"2025-06-27T10:44:58,025","container":"f1f6ec10c4e9","level":"INFO","thread":"EthScheduler-Workers-0","class":"PersistBlockTask","message":"Imported #279 / 0 tx / 0 om / 0 (0.0%) gas / (0x6bb2f4344b98104b57b70f982a4d3e23b82da89a7c9332f9e8cecb81abbeb18c) in 0.003s. Peers: 3","throwable":""}
{"timestamp":"2025-06-27T10:45:06,028","container":"f1f6ec10c4e9","level":"INFO","thread":"EthScheduler-Workers-0","class":"PersistBlockTask","message":"Imported #280 / 0 tx / 0 om / 0 (0.0%) gas / (0xbdcf5dad4cecec9ccf9942d540b80755ca2296594bd8b5f30e28c03c1e69a6af) in 0.002s. Peers: 3","throwable":""}
{"timestamp":"2025-06-27T10:45:14,025","container":"f1f6ec10c4e9","level":"INFO","thread":"EthScheduler-Workers-0","class":"PersistBlockTask","message":"Imported #281 / 0 tx / 0 om / 0 (0.0%) gas / (0x50fff01b9ae4ebcf6e9a4f0c814a7b468b842fc144e0eab413c502cc07f5ed4e) in 0.002s. Peers: 3","throwable":""}
{"timestamp":"2025-06-27T10:45:22,028","container":"f1f6ec10c4e9","level":"INFO","thread":"EthScheduler-Workers-0","class":"PersistBlockTask","message":"Imported #282 / 0 tx / 0 om / 0 (0.0%) gas / (0x0ff244773019a3563a865bf321941a92349608d7d855176bd122888e3cb867f5) in 0.002s. Peers: 3","throwable":""}
{"timestamp":"2025-06-27T10:45:30,026","container":"f1f6ec10c4e9","level":"INFO","thread":"EthScheduler-Workers-0","class":"PersistBlockTask","message":"Imported #283 / 0 tx / 0 om / 0 (0.0%) gas / (0x34353bb95f57e2a4f3a29d24531fcce04e161653cdd0d9898e2ef1c96402d8a5) in 0.003s. Peers: 3","throwable":""}
{"timestamp":"2025-06-27T10:45:38,034","container":"f1f6ec10c4e9","level":"INFO","thread":"EthScheduler-Workers-0","class":"PersistBlockTask","message":"Imported #284 / 0 tx / 0 om / 0 (0.0%) gas / (0xe00de8725e8998302e50f8ec1a064ea7e40689a6168244df93d1cb029d9c8158) in 0.002s. Peers: 3","throwable":""}
{"timestamp":"2025-06-27T10:45:46,026","container":"f1f6ec10c4e9","level":"INFO","thread":"EthScheduler-Workers-0","class":"PersistBlockTask","message":"Imported #285 / 0 tx / 0 om / 0 (0.0%) gas / (0x69d567f3c68ed70802d90e91c139d0a9de901495b41c4109c107a2e5f59b41bd) in 0.002s. Peers: 3","throwable":""}
{"timestamp":"2025-06-27T10:45:54,025","container":"f1f6ec10c4e9","level":"INFO","thread":"EthScheduler-Workers-0","class":"PersistBlockTask","message":"Imported #286 / 0 tx / 0 om / 0 (0.0%) gas / (0xd07a812063da2906ee432b421df6bf751d0c5796494c6c2969cb9491950523e2) in 0.003s. Peers: 3","throwable":""}
{"timestamp":"2025-06-27T10:46:02,019","container":"f1f6ec10c4e9","level":"INFO","thread":"EthScheduler-Workers-0","class":"PersistBlockTask","message":"Imported #287 / 0 tx / 0 om / 0 (0.0%) gas / (0xf86f07214b5cc984ae1be4a3e4131294ebd90d458595fe66213a4ea7e8974068) in 0.002s. Peers: 3","throwable":""}
{"timestamp":"2025-06-27T10:46:10,025","container":"f1f6ec10c4e9","level":"INFO","thread":"EthScheduler-Workers-0","class":"PersistBlockTask","message":"Imported #288 / 0 tx / 0 om / 0 (0.0%) gas / (0x4c2d1be96f522dff22e2da9ee7d15ce77f4b734c142cfd740dd6914b3769d3fa) in 0.002s. Peers: 3","throwable":""}
{"timestamp":"2025-06-27T10:46:18,024","container":"f1f6ec10c4e9","level":"INFO","thread":"EthScheduler-Workers-0","class":"PersistBlockTask","message":"Imported #289 / 0 tx / 0 om / 0 (0.0%) gas / (0x32f1edc3d7d1b8daeb79419a271a816cf36c71397684987ea765c46af83f4aa1) in 0.002s. Peers: 3","throwable":""}
{"timestamp":"2025-06-27T10:46:26,026","container":"f1f6ec10c4e9","level":"INFO","thread":"EthScheduler-Workers-0","class":"PersistBlockTask","message":"Imported #290 / 0 tx / 0 om / 0 (0.0%) gas / (0xafd4a73d1d8ea872ec503780f65ab16c5d7b2e2c23178e3f1c38f756e1d066ab) in 0.002s. Peers: 3","throwable":""}
{"timestamp":"2025-06-27T10:46:34,018","container":"f1f6ec10c4e9","level":"INFO","thread":"EthScheduler-Workers-0","class":"PersistBlockTask","message":"Imported #291 / 0 tx / 0 om / 0 (0.0%) gas / (0x06e41635b4db001d780d7d3b9409865c4368af377a910832f54d00dc311af532) in 0.001s. Peers: 3","throwable":""}
{"timestamp":"2025-06-27T10:46:42,027","container":"f1f6ec10c4e9","level":"INFO","thread":"EthScheduler-Workers-0","class":"PersistBlockTask","message":"Imported #292 / 0 tx / 0 om / 0 (0.0%) gas / (0x400ad18372bd94efc4bfa598c876ff5c7162d9698e690316c539f223706513e4) in 0.002s. Peers: 3","throwable":""}
{"timestamp":"2025-06-27T10:46:50,033","container":"f1f6ec10c4e9","level":"INFO","thread":"EthScheduler-Workers-0","class":"PersistBlockTask","message":"Imported #293 / 0 tx / 0 om / 0 (0.0%) gas / (0x27e8f87280c37d36638bf162fa75e2dd3087f63e1386cb8538961c7982e9781e) in 0.003s. Peers: 3","throwable":""}
{"timestamp":"2025-06-27T10:46:58,028","container":"f1f6ec10c4e9","level":"INFO","thread":"EthScheduler-Workers-0","class":"PersistBlockTask","message":"Imported #294 / 0 tx / 0 om / 0 (0.0%) gas / (0x0d66761c9ee58c9e4a42ae95cc080607ba18244cf2dcc22d841b2c71e08cb4f7) in 0.002s. Peers: 3","throwable":""}
{"timestamp":"2025-06-27T10:47:06,030","container":"f1f6ec10c4e9","level":"INFO","thread":"EthScheduler-Workers-0","class":"PersistBlockTask","message":"Imported #295 / 0 tx / 0 om / 0 (0.0%) gas / (0xe94d3d27357bee1ca3414bf0f72b2f5c77aa7ed647ccd76bc172814e1bb7d973) in 0.003s. Peers: 3","throwable":""}
{"timestamp":"2025-06-27T10:47:14,031","container":"f1f6ec10c4e9","level":"INFO","thread":"EthScheduler-Workers-0","class":"PersistBlockTask","message":"Imported #296 / 0 tx / 0 om / 0 (0.0%) gas / (0x210520ea7603fe7e22786c4c3ccfe766101315d6a1ea5048c7c3ec7b0b0099db) in 0.005s. Peers: 3","throwable":""}
{"timestamp":"2025-06-27T10:47:22,029","container":"f1f6ec10c4e9","level":"INFO","thread":"EthScheduler-Workers-0","class":"PersistBlockTask","message":"Imported #297 / 0 tx / 0 om / 0 (0.0%) gas / (0x0066f824d6da73fd97b93fa532f9f1daf5ad6e6e063e154ba1e6a2777b445bd7) in 0.005s. Peers: 3","throwable":""}
{"timestamp":"2025-06-27T10:47:30,024","container":"f1f6ec10c4e9","level":"INFO","thread":"EthScheduler-Workers-0","class":"PersistBlockTask","message":"Imported #298 / 0 tx / 0 om / 0 (0.0%) gas / (0xa5a871dcfaf25b8f0337c398f31b90a653d7ff658db46a9baca79e7315379a7e) in 0.002s. Peers: 3","throwable":""}
{"timestamp":"2025-06-27T10:47:38,024","container":"f1f6ec10c4e9","level":"INFO","thread":"EthScheduler-Workers-0","class":"PersistBlockTask","message":"Imported #299 / 0 tx / 0 om / 0 (0.0%) gas / (0x182fdf6f7fef405612f62693dfe1d47b45a793026c3db15abd1dbf64195b8978) in 0.002s. Peers: 3","throwable":""}
{"timestamp":"2025-06-27T10:47:46,039","container":"f1f6ec10c4e9","level":"INFO","thread":"EthScheduler-Workers-0","class":"PersistBlockTask","message":"Imported #300 / 0 tx / 0 om / 0 (0.0%) gas / (0x0767067c3830083f23acb3c35398750b198953210737ae5ba2ddd6ff6f4f06c8) in 0.004s. Peers: 3","throwable":""}
{"timestamp":"2025-06-27T10:47:54,027","container":"f1f6ec10c4e9","level":"INFO","thread":"EthScheduler-Workers-0","class":"PersistBlockTask","message":"Imported #301 / 0 tx / 0 om / 0 (0.0%) gas / (0x3f6282e79ffe0ef6dda46b9585185e477bda5cea354722a5ebf1f0cacce4eefb) in 0.002s. Peers: 3","throwable":""}
{"timestamp":"2025-06-27T10:48:02,029","container":"f1f6ec10c4e9","level":"INFO","thread":"EthScheduler-Workers-0","class":"PersistBlockTask","message":"Imported #302 / 0 tx / 0 om / 0 (0.0%) gas / (0x45515aa3c3c5d8652d4b0876d43e73af9a1bc56b7742e26c98f45491c636a0a7) in 0.003s. Peers: 3","throwable":""}
{"timestamp":"2025-06-27T10:48:10,024","container":"f1f6ec10c4e9","level":"INFO","thread":"EthScheduler-Workers-0","class":"PersistBlockTask","message":"Imported #303 / 0 tx / 0 om / 0 (0.0%) gas / (0x2e9a7f95928445102baf9d3c858df3676c3c7641ecf3ce2a37e3bef65614822a) in 0.002s. Peers: 3","throwable":""}
{"timestamp":"2025-06-27T10:48:18,015","container":"f1f6ec10c4e9","level":"INFO","thread":"EthScheduler-Workers-0","class":"PersistBlockTask","message":"Imported #304 / 0 tx / 0 om / 0 (0.0%) gas / (0x37435da37b67cd10a19ed2847b0d4e5ec255e84589287c18c8cc724c2529cb1e) in 0.002s. Peers: 3","throwable":""}
{"timestamp":"2025-06-27T10:48:26,024","container":"f1f6ec10c4e9","level":"INFO","thread":"EthScheduler-Workers-0","class":"PersistBlockTask","message":"Imported #305 / 0 tx / 0 om / 0 (0.0%) gas / (0x9ee3e5eeeeddaeb4056cdd2fbe3f058c20b28b179f51a38aa3e99bfb4fcea46b) in 0.002s. Peers: 3","throwable":""}
{"timestamp":"2025-06-27T10:48:34,027","container":"f1f6ec10c4e9","level":"INFO","thread":"EthScheduler-Workers-0","class":"PersistBlockTask","message":"Imported #306 / 0 tx / 0 om / 0 (0.0%) gas / (0x14446398929cc9cd82434992de1ac32666ce06a78b01453cfd3a2dfd58055f63) in 0.003s. Peers: 3","throwable":""}
{"timestamp":"2025-06-27T10:48:42,028","container":"f1f6ec10c4e9","level":"INFO","thread":"EthScheduler-Workers-0","class":"PersistBlockTask","message":"Imported #307 / 0 tx / 0 om / 0 (0.0%) gas / (0xf73117eacc96b9cf639dd5f232577827104276fd0210a14f2820aecb9b462c9d) in 0.002s. Peers: 3","throwable":""}
{"timestamp":"2025-06-27T10:48:50,030","container":"f1f6ec10c4e9","level":"INFO","thread":"EthScheduler-Workers-0","class":"PersistBlockTask","message":"Imported #308 / 0 tx / 0 om / 0 (0.0%) gas / (0x795c7d1523a412fa4034d0404dd929a37f4e95a4d66574afba945f9ce738773b) in 0.002s. Peers: 3","throwable":""}
{"timestamp":"2025-06-27T10:48:58,025","container":"f1f6ec10c4e9","level":"INFO","thread":"EthScheduler-Workers-0","class":"PersistBlockTask","message":"Imported #309 / 0 tx / 0 om / 0 (0.0%) gas / (0x8f88f56772264587e793b1cd1ae65e62f05769817b6141442012ad51b43138b5) in 0.002s. Peers: 3","throwable":""}
{"timestamp":"2025-06-27T10:49:06,027","container":"f1f6ec10c4e9","level":"INFO","thread":"EthScheduler-Workers-0","class":"PersistBlockTask","message":"Imported #310 / 0 tx / 0 om / 0 (0.0%) gas / (0x3a30f355bc12c78573a0176ed600aa84ee51f5313c6cdc6124961d9053c529a3) in 0.002s. Peers: 3","throwable":""}
{"timestamp":"2025-06-27T10:49:14,028","container":"f1f6ec10c4e9","level":"INFO","thread":"EthScheduler-Workers-0","class":"PersistBlockTask","message":"Imported #311 / 0 tx / 0 om / 0 (0.0%) gas / (0x5e9bedec152d74590d3dbc0c349c30b17248a58b41a704b7a01a5494c470f17f) in 0.002s. Peers: 3","throwable":""}
{"timestamp":"2025-06-27T10:49:22,034","container":"f1f6ec10c4e9","level":"INFO","thread":"EthScheduler-Workers-0","class":"PersistBlockTask","message":"Imported #312 / 0 tx / 0 om / 0 (0.0%) gas / (0xdcf41733ca90182684008ef4d31094d5bfe61636a95103a33d1464f94797a58d) in 0.003s. Peers: 3","throwable":""}
{"timestamp":"2025-06-27T10:49:30,018","container":"f1f6ec10c4e9","level":"INFO","thread":"EthScheduler-Workers-0","class":"PersistBlockTask","message":"Imported #313 / 0 tx / 0 om / 0 (0.0%) gas / (0x77f3f5ced8400191b9d25565cec8304beb744e693169f5cb4e2e5702623163a3) in 0.002s. Peers: 3","throwable":""}
{"timestamp":"2025-06-27T10:49:38,026","container":"f1f6ec10c4e9","level":"INFO","thread":"EthScheduler-Workers-0","class":"PersistBlockTask","message":"Imported #314 / 0 tx / 0 om / 0 (0.0%) gas / (0x17ec8d9d028d227f25cbbee75c8dcb35c049edd788d48a87893cbdbb6cac1cd9) in 0.003s. Peers: 3","throwable":""}
{"timestamp":"2025-06-27T10:49:46,025","container":"f1f6ec10c4e9","level":"INFO","thread":"EthScheduler-Workers-0","class":"PersistBlockTask","message":"Imported #315 / 0 tx / 0 om / 0 (0.0%) gas / (0xad291e097a710796e9f80dd6d0ed7adf6bc1172b037ecfacaaedd580cc6eec85) in 0.004s. Peers: 3","throwable":""}
{"timestamp":"2025-06-27T10:49:54,031","container":"f1f6ec10c4e9","level":"INFO","thread":"EthScheduler-Workers-0","class":"PersistBlockTask","message":"Imported #316 / 0 tx / 0 om / 0 (0.0%) gas / (0xcc9dd7de30f539f54e2dde9b202558a59c786e18f4a68564d318bcf061addf92) in 0.002s. Peers: 3","throwable":""}
{"timestamp":"2025-06-27T10:50:02,024","container":"f1f6ec10c4e9","level":"INFO","thread":"EthScheduler-Workers-0","class":"PersistBlockTask","message":"Imported #317 / 0 tx / 0 om / 0 (0.0%) gas / (0x6319db6b6d25c156fb44e4295dfde5b5da0558cc52835ccfd62b089c3e6492a4) in 0.002s. Peers: 3","throwable":""}
{"timestamp":"2025-06-27T10:50:10,027","container":"f1f6ec10c4e9","level":"INFO","thread":"EthScheduler-Workers-0","class":"PersistBlockTask","message":"Imported #318 / 0 tx / 0 om / 0 (0.0%) gas / (0x56c9e1becf8ce0fde72d181a30a9ccebc96547f85b4104088ec4f2d5e3760ef0) in 0.002s. Peers: 3","throwable":""}
{"timestamp":"2025-06-27T10:50:18,025","container":"f1f6ec10c4e9","level":"INFO","thread":"EthScheduler-Workers-0","class":"PersistBlockTask","message":"Imported #319 / 0 tx / 0 om / 0 (0.0%) gas / (0xb08aadf4e330d95ffbf1beff1dcaeff08156e35945eb790f629e513880501558) in 0.002s. Peers: 3","throwable":""}
{"timestamp":"2025-06-27T10:50:26,041","container":"f1f6ec10c4e9","level":"INFO","thread":"EthScheduler-Workers-0","class":"PersistBlockTask","message":"Imported #320 / 0 tx / 0 om / 0 (0.0%) gas / (0x055d2c7fd12c7b9f91a008272aa5d50041f3d72b219322aca8c9e827e90c7de1) in 0.006s. Peers: 3","throwable":""}
{"timestamp":"2025-06-27T10:50:34,030","container":"f1f6ec10c4e9","level":"INFO","thread":"EthScheduler-Workers-0","class":"PersistBlockTask","message":"Imported #321 / 0 tx / 0 om / 0 (0.0%) gas / (0x54228351eb54c7858771c749b94bbf2933a4bbf9805cd75d20c7bcf2035e54d3) in 0.005s. Peers: 3","throwable":""}
{"timestamp":"2025-06-27T10:50:42,014","container":"f1f6ec10c4e9","level":"INFO","thread":"EthScheduler-Workers-0","class":"PersistBlockTask","message":"Imported #322 / 0 tx / 0 om / 0 (0.0%) gas / (0x54f3b1f2e0096d10acb6e285371cb0080d3b065210c89a36d3c0f49a0572455d) in 0.001s. Peers: 3","throwable":""}
{"timestamp":"2025-06-27T10:50:50,024","container":"f1f6ec10c4e9","level":"INFO","thread":"EthScheduler-Workers-0","class":"PersistBlockTask","message":"Imported #323 / 0 tx / 0 om / 0 (0.0%) gas / (0x799ab85cb1cd53aae3796e8e8596e68b030a04ed474b08c90f95d47c40b14fe9) in 0.002s. Peers: 3","throwable":""}
{"timestamp":"2025-06-27T10:50:58,017","container":"f1f6ec10c4e9","level":"INFO","thread":"EthScheduler-Workers-0","class":"PersistBlockTask","message":"Imported #324 / 0 tx / 0 om / 0 (0.0%) gas / (0x36e77e09383baf4a2fac6f1a49f4518708f8329b05c1e79f9dc8ed66da67099c) in 0.002s. Peers: 3","throwable":""}
{"timestamp":"2025-06-27T10:51:06,034","container":"f1f6ec10c4e9","level":"INFO","thread":"EthScheduler-Workers-0","class":"PersistBlockTask","message":"Imported #325 / 0 tx / 0 om / 0 (0.0%) gas / (0x4b2a56cb373e4905719b85fb25e54ae8e6b7679b11a17feb78ee160be17e2ce2) in 0.004s. Peers: 3","throwable":""}
{"timestamp":"2025-06-27T10:51:14,027","container":"f1f6ec10c4e9","level":"INFO","thread":"EthScheduler-Workers-0","class":"PersistBlockTask","message":"Imported #326 / 0 tx / 0 om / 0 (0.0%) gas / (0xd90b2d117130a98707871d0651ae61f218ffab0eb9d18ee105db7b0e598b4183) in 0.003s. Peers: 3","throwable":""}
{"timestamp":"2025-06-27T10:51:22,025","container":"f1f6ec10c4e9","level":"INFO","thread":"EthScheduler-Workers-0","class":"PersistBlockTask","message":"Imported #327 / 0 tx / 0 om / 0 (0.0%) gas / (0x04ed4e0cbdecbed2b9b9e6bcebeea1bac7b16e8525b64d33cf6a52bde6330f9b) in 0.003s. Peers: 3","throwable":""}
{"timestamp":"2025-06-27T10:51:30,031","container":"f1f6ec10c4e9","level":"INFO","thread":"EthScheduler-Workers-0","class":"PersistBlockTask","message":"Imported #328 / 0 tx / 0 om / 0 (0.0%) gas / (0x07bab8f8f4590656598becaa4db8cfe786b6d8cd8bd6e2310c5d0efd66acc810) in 0.003s. Peers: 3","throwable":""}
{"timestamp":"2025-06-27T10:51:38,025","container":"f1f6ec10c4e9","level":"INFO","thread":"EthScheduler-Workers-0","class":"PersistBlockTask","message":"Imported #329 / 0 tx / 0 om / 0 (0.0%) gas / (0x2c087c2d0b267e5893ad2a42c594f70937180f203bd911491f92fd5aa9296145) in 0.003s. Peers: 3","throwable":""}
{"timestamp":"2025-06-27T10:51:46,027","container":"f1f6ec10c4e9","level":"INFO","thread":"EthScheduler-Workers-0","class":"PersistBlockTask","message":"Imported #330 / 0 tx / 0 om / 0 (0.0%) gas / (0x68140f5ec0ebcfa0ca3f4fa5385e5a48b67104a3adc83f97e2dc9d1adab3c2cc) in 0.003s. Peers: 3","throwable":""}
{"timestamp":"2025-06-27T10:51:54,026","container":"f1f6ec10c4e9","level":"INFO","thread":"EthScheduler-Workers-0","class":"PersistBlockTask","message":"Imported #331 / 0 tx / 0 om / 0 (0.0%) gas / (0xc7940ca8cff61feeb30d624859b8057649d4758e568ea90d08ef699f1bfc36d2) in 0.002s. Peers: 3","throwable":""}
{"timestamp":"2025-06-27T10:52:02,035","container":"f1f6ec10c4e9","level":"INFO","thread":"EthScheduler-Workers-0","class":"PersistBlockTask","message":"Imported #332 / 0 tx / 0 om / 0 (0.0%) gas / (0x8eb699272475cc951c0f167b0d156788380caeeaeda053f8363c1e140e6bcabd) in 0.002s. Peers: 3","throwable":""}
{"timestamp":"2025-06-27T10:52:10,027","container":"f1f6ec10c4e9","level":"INFO","thread":"EthScheduler-Workers-0","class":"PersistBlockTask","message":"Imported #333 / 0 tx / 0 om / 0 (0.0%) gas / (0xa89caf4d991becdb6f69eb7af21ea0273772b8c35dd634be229d08faa1b32231) in 0.003s. Peers: 3","throwable":""}
{"timestamp":"2025-06-27T10:52:18,024","container":"f1f6ec10c4e9","level":"INFO","thread":"EthScheduler-Workers-0","class":"PersistBlockTask","message":"Imported #334 / 0 tx / 0 om / 0 (0.0%) gas / (0xd930cd1c239cea1cb40c832ba21c8d198562fd20dbd47db642213057f85a2684) in 0.003s. Peers: 3","throwable":""}
{"timestamp":"2025-06-27T10:52:26,028","container":"f1f6ec10c4e9","level":"INFO","thread":"EthScheduler-Workers-0","class":"PersistBlockTask","message":"Imported #335 / 0 tx / 0 om / 0 (0.0%) gas / (0xfa1a8f957cc34a719b4b8430401d290ae9140549a369e9a05a3e360c7ff52453) in 0.002s. Peers: 3","throwable":""}
{"timestamp":"2025-06-27T10:52:34,031","container":"f1f6ec10c4e9","level":"INFO","thread":"EthScheduler-Workers-0","class":"PersistBlockTask","message":"Imported #336 / 0 tx / 0 om / 0 (0.0%) gas / (0x0ef796fc5ef01c199b79cf9cc0d87d679e5b3c94a1440be79ef7a82c26491dba) in 0.006s. Peers: 3","throwable":""}
{"timestamp":"2025-06-27T10:52:42,026","container":"f1f6ec10c4e9","level":"INFO","thread":"EthScheduler-Workers-0","class":"PersistBlockTask","message":"Imported #337 / 0 tx / 0 om / 0 (0.0%) gas / (0x4b2c707f9203359cd02f0cced225a236fff9024581173bf90df645ea7a7f6099) in 0.003s. Peers: 3","throwable":""}
{"timestamp":"2025-06-27T10:52:50,030","container":"f1f6ec10c4e9","level":"INFO","thread":"EthScheduler-Workers-0","class":"PersistBlockTask","message":"Imported #338 / 0 tx / 0 om / 0 (0.0%) gas / (0xa0ffbcfd08760aaff113fe633cb2736cf125a8918b8eba71107bcf92c9a883ce) in 0.002s. Peers: 3","throwable":""}
{"timestamp":"2025-06-27T10:52:58,034","container":"f1f6ec10c4e9","level":"INFO","thread":"EthScheduler-Workers-0","class":"PersistBlockTask","message":"Imported #339 / 0 tx / 0 om / 0 (0.0%) gas / (0x55d1538bea41fd81f209712c3f54acab78f8e5614c7450443e06f262e1ba4a11) in 0.005s. Peers: 3","throwable":""}
{"timestamp":"2025-06-27T10:53:06,029","container":"f1f6ec10c4e9","level":"INFO","thread":"EthScheduler-Workers-0","class":"PersistBlockTask","message":"Imported #340 / 0 tx / 0 om / 0 (0.0%) gas / (0xdd31dfa0098049f67bc6005cc2c92b4e99aaf5f7a2b52c97c543a631a23d9794) in 0.003s. Peers: 3","throwable":""}
{"timestamp":"2025-06-27T10:53:14,030","container":"f1f6ec10c4e9","level":"INFO","thread":"EthScheduler-Workers-0","class":"PersistBlockTask","message":"Imported #341 / 0 tx / 0 om / 0 (0.0%) gas / (0x7ccb86de1462d67c38592b4fbd6f4644d44aed95e00dd3cb14aee96e5a857786) in 0.003s. Peers: 3","throwable":""}
{"timestamp":"2025-06-27T10:53:22,026","container":"f1f6ec10c4e9","level":"INFO","thread":"EthScheduler-Workers-0","class":"PersistBlockTask","message":"Imported #342 / 0 tx / 0 om / 0 (0.0%) gas / (0x3c6708d0e1c1f47e6a1575b38e874ffc40c61b37b89c1f2ecb68beb2a5d1b224) in 0.003s. Peers: 3","throwable":""}
{"timestamp":"2025-06-27T10:53:30,025","container":"f1f6ec10c4e9","level":"INFO","thread":"EthScheduler-Workers-0","class":"PersistBlockTask","message":"Imported #343 / 0 tx / 0 om / 0 (0.0%) gas / (0x701b0072f2f6534cb7a662ebcba97202085e5fbebd87d04f4bc09c4dc86062fa) in 0.002s. Peers: 3","throwable":""}
{"timestamp":"2025-06-27T10:53:38,023","container":"f1f6ec10c4e9","level":"INFO","thread":"EthScheduler-Workers-0","class":"PersistBlockTask","message":"Imported #344 / 0 tx / 0 om / 0 (0.0%) gas / (0x2fb3d4cd0bcaeb82742c18eb66ac32bf834777c958f9d0600813bd7cc480e729) in 0.002s. Peers: 3","throwable":""}
{"timestamp":"2025-06-27T10:53:46,024","container":"f1f6ec10c4e9","level":"INFO","thread":"EthScheduler-Workers-0","class":"PersistBlockTask","message":"Imported #345 / 0 tx / 0 om / 0 (0.0%) gas / (0x39ceafe4b814814f047eec0256d2af2174f66e2bb19301b5bea21e3b99a8db7e) in 0.002s. Peers: 3","throwable":""}
{"timestamp":"2025-06-27T10:53:54,025","container":"f1f6ec10c4e9","level":"INFO","thread":"EthScheduler-Workers-0","class":"PersistBlockTask","message":"Imported #346 / 0 tx / 0 om / 0 (0.0%) gas / (0xa33d7e4fb14bf922b3685d9e63ef8c89e92f46d54dec5f1cab098094facc12e9) in 0.003s. Peers: 3","throwable":""}
{"timestamp":"2025-06-27T10:54:02,025","container":"f1f6ec10c4e9","level":"INFO","thread":"EthScheduler-Workers-0","class":"PersistBlockTask","message":"Imported #347 / 0 tx / 0 om / 0 (0.0%) gas / (0xb9f7ae30790e854035c27a1c7d9dea3a1a4bf814975d395064f753b492f07278) in 0.002s. Peers: 3","throwable":""}
{"timestamp":"2025-06-27T10:54:10,025","container":"f1f6ec10c4e9","level":"INFO","thread":"EthScheduler-Workers-0","class":"PersistBlockTask","message":"Imported #348 / 0 tx / 0 om / 0 (0.0%) gas / (0xd46e8d2d1016419c0e5369c1f94199096eb77707aff7806a14267f419ee7d557) in 0.002s. Peers: 3","throwable":""}
{"timestamp":"2025-06-27T10:54:18,046","container":"f1f6ec10c4e9","level":"INFO","thread":"EthScheduler-Workers-0","class":"PersistBlockTask","message":"Imported #349 / 1 tx / 0 om / 31,040 (0.0%) gas / (0xa4bbb20a7c4a42328db7d406288e9b8317ccf5d058e19f3bd308fa659badbfad) in 0.010s. Peers: 3","throwable":""}
{"timestamp":"2025-06-27T10:54:26,034","container":"f1f6ec10c4e9","level":"INFO","thread":"EthScheduler-Workers-0","class":"PersistBlockTask","message":"Imported #350 / 1 tx / 0 om / 30,664 (0.0%) gas / (0x9b3ed6a8b358cf7ab3a5bd10ad60f5c4bdb709ea8fbfc2ac672c15072013844f) in 0.005s. Peers: 3","throwable":""}
{"timestamp":"2025-06-27T10:54:34,029","container":"f1f6ec10c4e9","level":"INFO","thread":"EthScheduler-Workers-0","class":"PersistBlockTask","message":"Imported #351 / 0 tx / 0 om / 0 (0.0%) gas / (0x3447c2bf607269ce2d462a921f11fa8c1548d6d677f956bd770305e8a94492da) in 0.003s. Peers: 3","throwable":""}
{"timestamp":"2025-06-27T10:54:42,032","container":"f1f6ec10c4e9","level":"INFO","thread":"EthScheduler-Workers-0","class":"PersistBlockTask","message":"Imported #352 / 0 tx / 0 om / 0 (0.0%) gas / (0xf15c85c4be0535dabb06620822e23cd9176e3cbbfd80f227b862cc977a2ad89c) in 0.005s. Peers: 3","throwable":""}
{"timestamp":"2025-06-27T10:54:50,037","container":"f1f6ec10c4e9","level":"INFO","thread":"EthScheduler-Workers-0","class":"PersistBlockTask","message":"Imported #353 / 0 tx / 0 om / 0 (0.0%) gas / (0x7d5cab03702980ab14c5596d7229f78a8f3520d04e88ccd2669d20652446b134) in 0.008s. Peers: 3","throwable":""}
{"timestamp":"2025-06-27T10:54:58,026","container":"f1f6ec10c4e9","level":"INFO","thread":"EthScheduler-Workers-0","class":"PersistBlockTask","message":"Imported #354 / 0 tx / 0 om / 0 (0.0%) gas / (0x14c0891478f36085f0e5fb531214a461c40e91d1128638f11de34e8cef4e2814) in 0.002s. Peers: 3","throwable":""}
{"timestamp":"2025-06-27T10:55:06,031","container":"f1f6ec10c4e9","level":"INFO","thread":"EthScheduler-Workers-0","class":"PersistBlockTask","message":"Imported #355 / 0 tx / 0 om / 0 (0.0%) gas / (0x079ecb4e36a0ef8b2709700ca73fc9b1636a4e423f3e7058690d480c640d6f87) in 0.002s. Peers: 3","throwable":""}
{"timestamp":"2025-06-27T10:55:14,049","container":"f1f6ec10c4e9","level":"INFO","thread":"EthScheduler-Workers-0","class":"PersistBlockTask","message":"Imported #356 / 0 tx / 0 om / 0 (0.0%) gas / (0x18d89dd250fbdc0b30e261719876c007a6c2911b05c71f6ff8842c9d771a8491) in 0.003s. Peers: 3","throwable":""}
{"timestamp":"2025-06-27T10:55:22,026","container":"f1f6ec10c4e9","level":"INFO","thread":"EthScheduler-Workers-0","class":"PersistBlockTask","message":"Imported #357 / 0 tx / 0 om / 0 (0.0%) gas / (0x45022e01b03c834495c8e8d56daf194d59f8a78680ce01e91e283f90e372f632) in 0.002s. Peers: 3","throwable":""}
{"timestamp":"2025-06-27T10:55:30,028","container":"f1f6ec10c4e9","level":"INFO","thread":"EthScheduler-Workers-0","class":"PersistBlockTask","message":"Imported #358 / 0 tx / 0 om / 0 (0.0%) gas / (0x9cf2707280b85c2a791b4761576669792e86cf211b2172e67513961cb81e81db) in 0.003s. Peers: 3","throwable":""}
{"timestamp":"2025-06-27T10:55:38,024","container":"f1f6ec10c4e9","level":"INFO","thread":"EthScheduler-Workers-0","class":"PersistBlockTask","message":"Imported #359 / 0 tx / 0 om / 0 (0.0%) gas / (0xf36781fd73f61ef83d87ca45ec5ff42d88af6e47d71ac16e2b805d61aa05c1d7) in 0.002s. Peers: 3","throwable":""}
{"timestamp":"2025-06-27T10:55:46,045","container":"f1f6ec10c4e9","level":"INFO","thread":"EthScheduler-Workers-0","class":"PersistBlockTask","message":"Imported #360 / 0 tx / 0 om / 0 (0.0%) gas / (0x8e4c316bc9753a8becd989df35fc03659cf8296b6df05dfb4436ab82eaad2c32) in 0.002s. Peers: 3","throwable":""}
{"timestamp":"2025-06-27T10:55:54,024","container":"f1f6ec10c4e9","level":"INFO","thread":"EthScheduler-Workers-0","class":"PersistBlockTask","message":"Imported #361 / 0 tx / 0 om / 0 (0.0%) gas / (0xa5f6ca16f77ff328834664f7cdf353dc30941e0de4cdc7cbc143630a3782b98e) in 0.003s. Peers: 3","throwable":""}
{"timestamp":"2025-06-27T10:56:02,023","container":"f1f6ec10c4e9","level":"INFO","thread":"EthScheduler-Workers-0","class":"PersistBlockTask","message":"Imported #362 / 0 tx / 0 om / 0 (0.0%) gas / (0xbc684d36c74c7fea12d1b405ba0365f16d8f5f5222e0ee75e370d8652c63bf4d) in 0.001s. Peers: 3","throwable":""}
{"timestamp":"2025-06-27T10:56:10,025","container":"f1f6ec10c4e9","level":"INFO","thread":"EthScheduler-Workers-0","class":"PersistBlockTask","message":"Imported #363 / 0 tx / 0 om / 0 (0.0%) gas / (0x15b183551e2eb9a348821b6538b3dd97dd278aa5a13cd8b76c0ef5c1fb74a2d4) in 0.002s. Peers: 3","throwable":""}
{"timestamp":"2025-06-27T10:56:18,034","container":"f1f6ec10c4e9","level":"INFO","thread":"EthScheduler-Workers-0","class":"PersistBlockTask","message":"Imported #364 / 0 tx / 0 om / 0 (0.0%) gas / (0x130eb3922953b159436ead34e51ccca4dc27b88a688e0bdefecec9d697a444e8) in 0.002s. Peers: 3","throwable":""}
{"timestamp":"2025-06-27T10:56:26,032","container":"f1f6ec10c4e9","level":"INFO","thread":"EthScheduler-Workers-0","class":"PersistBlockTask","message":"Imported #365 / 0 tx / 0 om / 0 (0.0%) gas / (0x4cff6fe19adfd6743dc42c72b163df3150ea1aa34db6b0e27c7e7ccee4c84947) in 0.006s. Peers: 3","throwable":""}
{"timestamp":"2025-06-27T10:56:34,029","container":"f1f6ec10c4e9","level":"INFO","thread":"EthScheduler-Workers-0","class":"PersistBlockTask","message":"Imported #366 / 0 tx / 0 om / 0 (0.0%) gas / (0x75784580652e09f531d1054bfe996ed84aba94f09540fbfa63672462cf5465e1) in 0.002s. Peers: 3","throwable":""}
{"timestamp":"2025-06-27T10:56:42,031","container":"f1f6ec10c4e9","level":"INFO","thread":"EthScheduler-Workers-0","class":"PersistBlockTask","message":"Imported #367 / 0 tx / 0 om / 0 (0.0%) gas / (0xfa2bbd995caaad33a3fe139832a12770d860bf83ded69d07f5ebb766a0e07de6) in 0.005s. Peers: 3","throwable":""}
{"timestamp":"2025-06-27T10:56:50,027","container":"f1f6ec10c4e9","level":"INFO","thread":"EthScheduler-Workers-0","class":"PersistBlockTask","message":"Imported #368 / 0 tx / 0 om / 0 (0.0%) gas / (0x42cb38bc8df08667a736e737d1d70bbdaafb66a1e3c12b5e5a1082fb45e7a5ac) in 0.003s. Peers: 3","throwable":""}
{"timestamp":"2025-06-27T10:56:58,026","container":"f1f6ec10c4e9","level":"INFO","thread":"EthScheduler-Workers-0","class":"PersistBlockTask","message":"Imported #369 / 0 tx / 0 om / 0 (0.0%) gas / (0x1513913cc6e0fcc71753469cb555d3b1a7829a28c07db56cd23d78b5b7e291b3) in 0.002s. Peers: 3","throwable":""}
{"timestamp":"2025-06-27T10:57:06,028","container":"f1f6ec10c4e9","level":"INFO","thread":"EthScheduler-Workers-0","class":"PersistBlockTask","message":"Imported #370 / 0 tx / 0 om / 0 (0.0%) gas / (0x45c21b2a5df6ea2696113f27200c73fd3f3011e11b694c1fcd389e4cb660a4a7) in 0.004s. Peers: 3","throwable":""}
{"timestamp":"2025-06-27T10:57:14,023","container":"f1f6ec10c4e9","level":"INFO","thread":"EthScheduler-Workers-0","class":"PersistBlockTask","message":"Imported #371 / 0 tx / 0 om / 0 (0.0%) gas / (0x73ecb1b202de80a723f690a803edef3b308f86c8db510729a6dc08ef5c88b537) in 0.002s. Peers: 3","throwable":""}
{"timestamp":"2025-06-27T10:57:22,025","container":"f1f6ec10c4e9","level":"INFO","thread":"EthScheduler-Workers-0","class":"PersistBlockTask","message":"Imported #372 / 0 tx / 0 om / 0 (0.0%) gas / (0x6e861936256ccea7748b6b6c5e701f37268f3a3f1f72514fa6816b9478d7b185) in 0.002s. Peers: 3","throwable":""}
{"timestamp":"2025-06-27T10:57:30,022","container":"f1f6ec10c4e9","level":"INFO","thread":"EthScheduler-Workers-0","class":"PersistBlockTask","message":"Imported #373 / 0 tx / 0 om / 0 (0.0%) gas / (0xfb00c0d4d43392b19011b5ed17c1a385fc9a59d81977aa68b4fe8fec8106fe94) in 0.002s. Peers: 3","throwable":""}
{"timestamp":"2025-06-27T10:57:38,021","container":"f1f6ec10c4e9","level":"INFO","thread":"EthScheduler-Workers-0","class":"PersistBlockTask","message":"Imported #374 / 0 tx / 0 om / 0 (0.0%) gas / (0x58ccb448a2a74cc7920c233717612b1c5ecaea056cbc4dda515249584da599cf) in 0.002s. Peers: 3","throwable":""}
{"timestamp":"2025-06-27T10:57:46,028","container":"f1f6ec10c4e9","level":"INFO","thread":"EthScheduler-Workers-0","class":"PersistBlockTask","message":"Imported #375 / 0 tx / 0 om / 0 (0.0%) gas / (0x6a2af47e0c5543118bace6f5bb080680fd39a7d6e07a996756be0787bc658577) in 0.002s. Peers: 3","throwable":""}
{"timestamp":"2025-06-27T10:57:54,028","container":"f1f6ec10c4e9","level":"INFO","thread":"EthScheduler-Workers-0","class":"PersistBlockTask","message":"Imported #376 / 0 tx / 0 om / 0 (0.0%) gas / (0x57f572a4774b066a4809fb788e07803ee0d61cafcc1131c25205b37b8eafdb8c) in 0.002s. Peers: 3","throwable":""}
{"timestamp":"2025-06-27T10:58:02,027","container":"f1f6ec10c4e9","level":"INFO","thread":"EthScheduler-Workers-0","class":"PersistBlockTask","message":"Imported #377 / 0 tx / 0 om / 0 (0.0%) gas / (0x1d3188e74e16abae062f90545012277999bf9e72dfc4b79dbae61359625a5edf) in 0.002s. Peers: 3","throwable":""}
{"timestamp":"2025-06-27T10:58:10,031","container":"f1f6ec10c4e9","level":"INFO","thread":"EthScheduler-Workers-0","class":"PersistBlockTask","message":"Imported #378 / 0 tx / 0 om / 0 (0.0%) gas / (0x99605fd337466b168610dfb07f1483a4e484c3fadf0b8a06f4911886065b6fbd) in 0.002s. Peers: 3","throwable":""}
{"timestamp":"2025-06-27T10:58:18,027","container":"f1f6ec10c4e9","level":"INFO","thread":"EthScheduler-Workers-0","class":"PersistBlockTask","message":"Imported #379 / 0 tx / 0 om / 0 (0.0%) gas / (0xee1465f1d7d2dc1a5fdcf1549d5e51e9708e484d21ba8ae4b6f7f97f71e6b8fb) in 0.003s. Peers: 3","throwable":""}
{"timestamp":"2025-06-27T10:58:26,026","container":"f1f6ec10c4e9","level":"INFO","thread":"EthScheduler-Workers-0","class":"PersistBlockTask","message":"Imported #380 / 0 tx / 0 om / 0 (0.0%) gas / (0x4872c0427ca90d8f7d7da2942516ee21ff64d5e0d0d219b7d1a13e251bfe7d6c) in 0.002s. Peers: 3","throwable":""}
{"timestamp":"2025-06-27T10:58:34,028","container":"f1f6ec10c4e9","level":"INFO","thread":"EthScheduler-Workers-0","class":"PersistBlockTask","message":"Imported #381 / 0 tx / 0 om / 0 (0.0%) gas / (0xf70862dbe7b106847e94b6eb8665f4c630ebbe3c23512097fda770eabdc51be8) in 0.003s. Peers: 3","throwable":""}
{"timestamp":"2025-06-27T10:58:42,032","container":"f1f6ec10c4e9","level":"INFO","thread":"EthScheduler-Workers-0","class":"PersistBlockTask","message":"Imported #382 / 0 tx / 0 om / 0 (0.0%) gas / (0x48379e9919204219e8a1c6c61a36121702d9c96302ad2e201fac9eaf64132a3d) in 0.004s. Peers: 3","throwable":""}
{"timestamp":"2025-06-27T10:58:50,028","container":"f1f6ec10c4e9","level":"INFO","thread":"EthScheduler-Workers-0","class":"PersistBlockTask","message":"Imported #383 / 0 tx / 0 om / 0 (0.0%) gas / (0x2993cb2957a1638091286e3c4a6638f7a292fc5d1cbd7b46ed7d77cd8e7f465a) in 0.003s. Peers: 3","throwable":""}
{"timestamp":"2025-06-27T10:58:58,032","container":"f1f6ec10c4e9","level":"INFO","thread":"EthScheduler-Workers-0","class":"PersistBlockTask","message":"Imported #384 / 0 tx / 0 om / 0 (0.0%) gas / (0x16343d80d71cec9f718e2539cc4b5e41da77b908f2f3c157f92bfe634de3ac27) in 0.006s. Peers: 3","throwable":""}
{"timestamp":"2025-06-27T10:59:06,028","container":"f1f6ec10c4e9","level":"INFO","thread":"EthScheduler-Workers-0","class":"PersistBlockTask","message":"Imported #385 / 0 tx / 0 om / 0 (0.0%) gas / (0xe08f5a8528e3183affd6ec86d243b12277345dfc9564a8e6b17a91ba55e05aa7) in 0.003s. Peers: 3","throwable":""}
{"timestamp":"2025-06-27T10:59:14,025","container":"f1f6ec10c4e9","level":"INFO","thread":"EthScheduler-Workers-0","class":"PersistBlockTask","message":"Imported #386 / 0 tx / 0 om / 0 (0.0%) gas / (0x6ea930bdf97272eeafe827c5245137a0d7cf2d935e45dcfa2b4df2dba34c04ab) in 0.002s. Peers: 3","throwable":""}
{"timestamp":"2025-06-27T10:59:22,023","container":"f1f6ec10c4e9","level":"INFO","thread":"EthScheduler-Workers-0","class":"PersistBlockTask","message":"Imported #387 / 0 tx / 0 om / 0 (0.0%) gas / (0xe5e9f9a7626c5f03ce34aa76971e19e14dec7ed83b094888367ca3b646f51081) in 0.002s. Peers: 3","throwable":""}
{"timestamp":"2025-06-27T10:59:30,032","container":"f1f6ec10c4e9","level":"INFO","thread":"EthScheduler-Workers-0","class":"PersistBlockTask","message":"Imported #388 / 0 tx / 0 om / 0 (0.0%) gas / (0xd527a8d2aa9bafbe6d40ab75602cbb114ecebda71c7b513dad9c00a63f989a04) in 0.001s. Peers: 3","throwable":""}
{"timestamp":"2025-06-27T10:59:38,024","container":"f1f6ec10c4e9","level":"INFO","thread":"EthScheduler-Workers-0","class":"PersistBlockTask","message":"Imported #389 / 0 tx / 0 om / 0 (0.0%) gas / (0xff893c1f1a3ce819ac9149a02c50b77ae66cd636cecefc6965563bad33b66f91) in 0.002s. Peers: 3","throwable":""}
{"timestamp":"2025-06-27T10:59:46,023","container":"f1f6ec10c4e9","level":"INFO","thread":"EthScheduler-Workers-0","class":"PersistBlockTask","message":"Imported #390 / 0 tx / 0 om / 0 (0.0%) gas / (0xe507ccd09a33281a1082ffa3dbc41fe142078867b912a1e5172365e42e97e68c) in 0.002s. Peers: 3","throwable":""}
{"timestamp":"2025-06-27T10:59:54,027","container":"f1f6ec10c4e9","level":"INFO","thread":"EthScheduler-Workers-0","class":"PersistBlockTask","message":"Imported #391 / 0 tx / 0 om / 0 (0.0%) gas / (0x514be1d8948c4a130c6ba7036efaa24abf20b5491c1f29f54043ba4676c1f244) in 0.003s. Peers: 3","throwable":""}
{"timestamp":"2025-06-27T11:00:02,029","container":"f1f6ec10c4e9","level":"INFO","thread":"EthScheduler-Workers-0","class":"PersistBlockTask","message":"Imported #392 / 0 tx / 0 om / 0 (0.0%) gas / (0xffdd6c22871a9d04000e32957b47ab61e79e71e5bb6564282050e4ee78af7fef) in 0.002s. Peers: 3","throwable":""}
{"timestamp":"2025-06-27T11:00:10,020","container":"f1f6ec10c4e9","level":"INFO","thread":"EthScheduler-Workers-0","class":"PersistBlockTask","message":"Imported #393 / 0 tx / 0 om / 0 (0.0%) gas / (0x9f7e0415d73688f6563e290c618f42822edc0f6145e113cdd39753aaa92628de) in 0.002s. Peers: 3","throwable":""}
{"timestamp":"2025-06-27T11:00:18,041","container":"f1f6ec10c4e9","level":"INFO","thread":"EthScheduler-Workers-0","class":"PersistBlockTask","message":"Imported #394 / 0 tx / 0 om / 0 (0.0%) gas / (0x19d33eb53c22975a585f53a995bccfb18ce919d10ac37d840371e029149cd822) in 0.014s. Peers: 3","throwable":""}
{"timestamp":"2025-06-27T11:00:26,027","container":"f1f6ec10c4e9","level":"INFO","thread":"EthScheduler-Workers-0","class":"PersistBlockTask","message":"Imported #395 / 0 tx / 0 om / 0 (0.0%) gas / (0x9d2c6c6d3e60c7371f2a5b2be53e759d43b24027dbd09ca7d25266cf6ca48a55) in 0.004s. Peers: 3","throwable":""}
{"timestamp":"2025-06-27T11:00:34,044","container":"f1f6ec10c4e9","level":"INFO","thread":"EthScheduler-Workers-0","class":"PersistBlockTask","message":"Imported #396 / 0 tx / 0 om / 0 (0.0%) gas / (0xcb54e06205c09c59f26c1bb727dc28326fc63dacaf5ea26c0b290a40b2176461) in 0.013s. Peers: 3","throwable":""}
{"timestamp":"2025-06-27T11:00:42,024","container":"f1f6ec10c4e9","level":"INFO","thread":"EthScheduler-Workers-0","class":"PersistBlockTask","message":"Imported #397 / 0 tx / 0 om / 0 (0.0%) gas / (0x025e9035dd1a6703da1a48b8e829a69dff442fab94c3fd57eb6689ef6d685a3c) in 0.002s. Peers: 3","throwable":""}
{"timestamp":"2025-06-27T11:00:50,026","container":"f1f6ec10c4e9","level":"INFO","thread":"EthScheduler-Workers-0","class":"PersistBlockTask","message":"Imported #398 / 0 tx / 0 om / 0 (0.0%) gas / (0x32e92ff387a6e8a2617a2f4c6236eeca75491e37f64bde45ae081978b4b5ae0b) in 0.002s. Peers: 3","throwable":""}
{"timestamp":"2025-06-27T11:00:58,026","container":"f1f6ec10c4e9","level":"INFO","thread":"EthScheduler-Workers-0","class":"PersistBlockTask","message":"Imported #399 / 0 tx / 0 om / 0 (0.0%) gas / (0x844a65ae87525ca1e1ebb301c57a6196c156b339954c203a870e5355faddb523) in 0.002s. Peers: 3","throwable":""}
{"timestamp":"2025-06-27T11:01:06,024","container":"f1f6ec10c4e9","level":"INFO","thread":"EthScheduler-Workers-0","class":"PersistBlockTask","message":"Imported #400 / 0 tx / 0 om / 0 (0.0%) gas / (0x3b1e19bdf25905faf3a944c3661677b162be0520f37ba365f8c9b00b80a68949) in 0.002s. Peers: 3","throwable":""}
{"timestamp":"2025-06-27T11:01:14,024","container":"f1f6ec10c4e9","level":"INFO","thread":"EthScheduler-Workers-0","class":"PersistBlockTask","message":"Imported #401 / 0 tx / 0 om / 0 (0.0%) gas / (0x3c1dba0d9ba67f5b886cd8506e365d5369d6927398f002b872a00b9da9c265e8) in 0.002s. Peers: 3","throwable":""}
{"timestamp":"2025-06-27T11:01:22,023","container":"f1f6ec10c4e9","level":"INFO","thread":"EthScheduler-Workers-0","class":"PersistBlockTask","message":"Imported #402 / 0 tx / 0 om / 0 (0.0%) gas / (0xa5231cfb39b7547dcaa890d467f13d1c47937151229ae28c6dc2a0ea670d3212) in 0.002s. Peers: 3","throwable":""}
{"timestamp":"2025-06-27T11:01:30,029","container":"f1f6ec10c4e9","level":"INFO","thread":"EthScheduler-Workers-0","class":"PersistBlockTask","message":"Imported #403 / 0 tx / 0 om / 0 (0.0%) gas / (0x9c6ca619a11c7613e73cff27b4da025d048b8ef827d690070554a859f1911654) in 0.002s. Peers: 3","throwable":""}
{"timestamp":"2025-06-27T11:01:38,028","container":"f1f6ec10c4e9","level":"INFO","thread":"EthScheduler-Workers-0","class":"PersistBlockTask","message":"Imported #404 / 0 tx / 0 om / 0 (0.0%) gas / (0x23e658b0ab18bbe3aa0c0b28cbe650c906778c97cf32890d6c597fed7e2f9c32) in 0.005s. Peers: 3","throwable":""}
{"timestamp":"2025-06-27T11:01:46,029","container":"f1f6ec10c4e9","level":"INFO","thread":"EthScheduler-Workers-0","class":"PersistBlockTask","message":"Imported #405 / 0 tx / 0 om / 0 (0.0%) gas / (0x297041b479aa9cc6fcdcf6b7298f0b32f31c7fe9f39e18128e3c79359a93a88f) in 0.005s. Peers: 3","throwable":""}
{"timestamp":"2025-06-27T11:01:54,025","container":"f1f6ec10c4e9","level":"INFO","thread":"EthScheduler-Workers-0","class":"PersistBlockTask","message":"Imported #406 / 0 tx / 0 om / 0 (0.0%) gas / (0x1e803a60ba92bf45033e27cc93769bd861da702a9ab116b586d15b7ef296fd3c) in 0.002s. Peers: 3","throwable":""}
{"timestamp":"2025-06-27T11:02:02,023","container":"f1f6ec10c4e9","level":"INFO","thread":"EthScheduler-Workers-0","class":"PersistBlockTask","message":"Imported #407 / 0 tx / 0 om / 0 (0.0%) gas / (0xa6fabcc339a7c545969d0aa56dfc5bd85b24465cb99d4e82aa9bd9849e4d56ff) in 0.002s. Peers: 3","throwable":""}
{"timestamp":"2025-06-27T11:02:10,024","container":"f1f6ec10c4e9","level":"INFO","thread":"EthScheduler-Workers-0","class":"PersistBlockTask","message":"Imported #408 / 0 tx / 0 om / 0 (0.0%) gas / (0x767c8997d9d7207cba2d433aefec68aaa80f2df8bc5724d56eaa513df62bf2b2) in 0.002s. Peers: 3","throwable":""}
{"timestamp":"2025-06-27T11:02:18,027","container":"f1f6ec10c4e9","level":"INFO","thread":"EthScheduler-Workers-0","class":"PersistBlockTask","message":"Imported #409 / 0 tx / 0 om / 0 (0.0%) gas / (0xfde96666788497c534c5b1e6c12e3ce96a818bd3be2a41a227d901e8cf647e68) in 0.002s. Peers: 3","throwable":""}
{"timestamp":"2025-06-27T11:02:26,026","container":"f1f6ec10c4e9","level":"INFO","thread":"EthScheduler-Workers-0","class":"PersistBlockTask","message":"Imported #410 / 0 tx / 0 om / 0 (0.0%) gas / (0x704e8b88485a94ee18f46bc2a2e5dd796e43632047c0c859daec811732f15660) in 0.002s. Peers: 3","throwable":""}
{"timestamp":"2025-06-27T11:02:34,024","container":"f1f6ec10c4e9","level":"INFO","thread":"EthScheduler-Workers-0","class":"PersistBlockTask","message":"Imported #411 / 0 tx / 0 om / 0 (0.0%) gas / (0xf7a7cdf2b463e0a2f23e09615e06566bb8e3b0deabea307c30ee0efc33f22746) in 0.002s. Peers: 3","throwable":""}
{"timestamp":"2025-06-27T11:02:42,028","container":"f1f6ec10c4e9","level":"INFO","thread":"EthScheduler-Workers-0","class":"PersistBlockTask","message":"Imported #412 / 0 tx / 0 om / 0 (0.0%) gas / (0x3c7bddbbf48f4224073443df50dd4083717b8b6ab162dc851895d9a7bbfd0d4c) in 0.002s. Peers: 3","throwable":""}
{"timestamp":"2025-06-27T11:02:50,025","container":"f1f6ec10c4e9","level":"INFO","thread":"EthScheduler-Workers-0","class":"PersistBlockTask","message":"Imported #413 / 0 tx / 0 om / 0 (0.0%) gas / (0x979dedd3636e6544548f94b63b5a605e87897b9c410f98d09a65f4e8878e9047) in 0.003s. Peers: 3","throwable":""}
{"timestamp":"2025-06-27T11:02:58,029","container":"f1f6ec10c4e9","level":"INFO","thread":"EthScheduler-Workers-0","class":"PersistBlockTask","message":"Imported #414 / 0 tx / 0 om / 0 (0.0%) gas / (0xcbb643dec4bec4eaea81c95daa0767c654919a8ede0a2ed934ef1a79c7f8085d) in 0.005s. Peers: 3","throwable":""}
{"timestamp":"2025-06-27T11:03:06,028","container":"f1f6ec10c4e9","level":"INFO","thread":"EthScheduler-Workers-0","class":"PersistBlockTask","message":"Imported #415 / 0 tx / 0 om / 0 (0.0%) gas / (0x8aeefdc06a1f1034a553244553a508e1277c3d7ff635df9cf14f83713a937731) in 0.002s. Peers: 3","throwable":""}
{"timestamp":"2025-06-27T11:03:14,029","container":"f1f6ec10c4e9","level":"INFO","thread":"EthScheduler-Workers-0","class":"PersistBlockTask","message":"Imported #416 / 0 tx / 0 om / 0 (0.0%) gas / (0x3652914ebb411ab1af8d8913f9b8e61ab8a204e63e785cf88f3f6572d4467f0a) in 0.003s. Peers: 3","throwable":""}
{"timestamp":"2025-06-27T11:03:22,013","container":"f1f6ec10c4e9","level":"INFO","thread":"EthScheduler-Workers-0","class":"PersistBlockTask","message":"Imported #417 / 0 tx / 0 om / 0 (0.0%) gas / (0xe0729ade0c8143b33dee2b10140c48cb4fb0b25167a5654f7f2c404638488b04) in 0.001s. Peers: 3","throwable":""}
{"timestamp":"2025-06-27T11:03:30,025","container":"f1f6ec10c4e9","level":"INFO","thread":"EthScheduler-Workers-0","class":"PersistBlockTask","message":"Imported #418 / 0 tx / 0 om / 0 (0.0%) gas / (0x8fd4cc53afa3713dc5cd7933ad642e666bff5b2243497185203656cb8e983cbc) in 0.002s. Peers: 3","throwable":""}
{"timestamp":"2025-06-27T11:03:38,025","container":"f1f6ec10c4e9","level":"INFO","thread":"EthScheduler-Workers-0","class":"PersistBlockTask","message":"Imported #419 / 0 tx / 0 om / 0 (0.0%) gas / (0x226db6dc8e03e803e3df27697c06d527fdc3399e0cb48db95e011464c5172b8c) in 0.002s. Peers: 3","throwable":""}
{"timestamp":"2025-06-27T11:03:46,020","container":"f1f6ec10c4e9","level":"INFO","thread":"EthScheduler-Workers-0","class":"PersistBlockTask","message":"Imported #420 / 0 tx / 0 om / 0 (0.0%) gas / (0xa88782d43cb5552f90c490dffc91b170d41a88dd96150e3a447a0c8b3d3ead91) in 0.003s. Peers: 3","throwable":""}
{"timestamp":"2025-06-27T11:03:54,026","container":"f1f6ec10c4e9","level":"INFO","thread":"EthScheduler-Workers-0","class":"PersistBlockTask","message":"Imported #421 / 0 tx / 0 om / 0 (0.0%) gas / (0x39a4ad10f1184f27700671e55e27c683aa5626d7b0a7cc4c2a968c3516e3456b) in 0.003s. Peers: 3","throwable":""}
{"timestamp":"2025-06-27T11:04:02,016","container":"f1f6ec10c4e9","level":"INFO","thread":"EthScheduler-Workers-0","class":"PersistBlockTask","message":"Imported #422 / 0 tx / 0 om / 0 (0.0%) gas / (0x68f92c05676d3b25069584c943015a31fadbed4d9f9e0cefcf796a5793ae9458) in 0.001s. Peers: 3","throwable":""}
{"timestamp":"2025-06-27T11:04:10,036","container":"f1f6ec10c4e9","level":"INFO","thread":"EthScheduler-Workers-0","class":"PersistBlockTask","message":"Imported #423 / 0 tx / 0 om / 0 (0.0%) gas / (0x79e396d029bd9b8d6e7b2ee2d80588cb285394085c3a624a7e363065d0648521) in 0.003s. Peers: 3","throwable":""}
{"timestamp":"2025-06-27T11:04:18,036","container":"f1f6ec10c4e9","level":"INFO","thread":"EthScheduler-Workers-0","class":"PersistBlockTask","message":"Imported #424 / 0 tx / 0 om / 0 (0.0%) gas / (0x96d569ef3bfcf0ceb95aa4b5592654f358a71f884068ea55cd5684c179463b2f) in 0.002s. Peers: 3","throwable":""}
{"timestamp":"2025-06-27T11:04:26,025","container":"f1f6ec10c4e9","level":"INFO","thread":"EthScheduler-Workers-0","class":"PersistBlockTask","message":"Imported #425 / 0 tx / 0 om / 0 (0.0%) gas / (0x646549ef781513609bf6863234db99f15f7b9cb26754500e90a403fdeb157ec5) in 0.001s. Peers: 3","throwable":""}
{"timestamp":"2025-06-27T11:04:34,023","container":"f1f6ec10c4e9","level":"INFO","thread":"EthScheduler-Workers-0","class":"PersistBlockTask","message":"Imported #426 / 0 tx / 0 om / 0 (0.0%) gas / (0xfe9a77a426e11a060dd1abc43e01e62f1a23715cf47cb04d1973ed74abb0982e) in 0.002s. Peers: 3","throwable":""}
{"timestamp":"2025-06-27T11:04:42,023","container":"f1f6ec10c4e9","level":"INFO","thread":"EthScheduler-Workers-0","class":"PersistBlockTask","message":"Imported #427 / 0 tx / 0 om / 0 (0.0%) gas / (0xa102f2f743944ab5bf3b15c3ab242aeb2a1f4e0076f84a6da6e81fff9cfdfcab) in 0.002s. Peers: 3","throwable":""}
{"timestamp":"2025-06-27T11:04:50,024","container":"f1f6ec10c4e9","level":"INFO","thread":"EthScheduler-Workers-0","class":"PersistBlockTask","message":"Imported #428 / 0 tx / 0 om / 0 (0.0%) gas / (0xea2f5c148804abf1bc504a883779116cced0b6e5fc0555b5615f48a4951ff674) in 0.002s. Peers: 3","throwable":""}
{"timestamp":"2025-06-27T11:04:58,026","container":"f1f6ec10c4e9","level":"INFO","thread":"EthScheduler-Workers-0","class":"PersistBlockTask","message":"Imported #429 / 0 tx / 0 om / 0 (0.0%) gas / (0x8cf3645a8e005d407539423bf2000baf7924487a3d45dbc689ae751bd1aac70b) in 0.002s. Peers: 3","throwable":""}
{"timestamp":"2025-06-27T11:05:06,029","container":"f1f6ec10c4e9","level":"INFO","thread":"EthScheduler-Workers-0","class":"PersistBlockTask","message":"Imported #430 / 0 tx / 0 om / 0 (0.0%) gas / (0x9ad0ef52b3c6736851092f0be5b8d352fdaffc31e2099f23d68bf6ad5a598f4a) in 0.002s. Peers: 3","throwable":""}
{"timestamp":"2025-06-27T11:05:14,027","container":"f1f6ec10c4e9","level":"INFO","thread":"EthScheduler-Workers-0","class":"PersistBlockTask","message":"Imported #431 / 0 tx / 0 om / 0 (0.0%) gas / (0x0ce1c21dba82dafe4ab2c5c132c6aeb023fe297177e1a54c0d29d69d5e6f1df6) in 0.002s. Peers: 3","throwable":""}
{"timestamp":"2025-06-27T11:05:22,017","container":"f1f6ec10c4e9","level":"INFO","thread":"EthScheduler-Workers-0","class":"PersistBlockTask","message":"Imported #432 / 0 tx / 0 om / 0 (0.0%) gas / (0x1bda1851f10b91b4833dd1408a54e499931e2a9c6cffb11526da5a85b1afda10) in 0.001s. Peers: 3","throwable":""}
{"timestamp":"2025-06-27T11:05:30,029","container":"f1f6ec10c4e9","level":"INFO","thread":"EthScheduler-Workers-0","class":"PersistBlockTask","message":"Imported #433 / 0 tx / 0 om / 0 (0.0%) gas / (0x16dbfd707a1dd2c21f05a0f10d7f06bd8d355f2cdba0aca871682a01f6262b34) in 0.003s. Peers: 3","throwable":""}
{"timestamp":"2025-06-27T11:05:38,024","container":"f1f6ec10c4e9","level":"INFO","thread":"EthScheduler-Workers-0","class":"PersistBlockTask","message":"Imported #434 / 0 tx / 0 om / 0 (0.0%) gas / (0x1276b158fbf78e6e8b59389d05f07dc738e2986ce056ca404786db27f1af6970) in 0.002s. Peers: 3","throwable":""}
{"timestamp":"2025-06-27T11:05:46,022","container":"f1f6ec10c4e9","level":"INFO","thread":"EthScheduler-Workers-0","class":"PersistBlockTask","message":"Imported #435 / 0 tx / 0 om / 0 (0.0%) gas / (0x6e8ab985c49686f801c2eca043062ac3becf9b961908bab80d56b510228841fc) in 0.002s. Peers: 3","throwable":""}
{"timestamp":"2025-06-27T11:05:54,025","container":"f1f6ec10c4e9","level":"INFO","thread":"EthScheduler-Workers-0","class":"PersistBlockTask","message":"Imported #436 / 0 tx / 0 om / 0 (0.0%) gas / (0x5b80d1df21b148b3b8d918f54f73349c34ea181494dc6de4a951fd4302a39fe5) in 0.002s. Peers: 3","throwable":""}
{"timestamp":"2025-06-27T11:06:02,021","container":"f1f6ec10c4e9","level":"INFO","thread":"EthScheduler-Workers-0","class":"PersistBlockTask","message":"Imported #437 / 0 tx / 0 om / 0 (0.0%) gas / (0x715c33b2f432f3f597a9aae323714d005408ab1950ae72a3068500bd43d7e602) in 0.002s. Peers: 3","throwable":""}
{"timestamp":"2025-06-27T11:06:10,032","container":"f1f6ec10c4e9","level":"INFO","thread":"EthScheduler-Workers-0","class":"PersistBlockTask","message":"Imported #438 / 0 tx / 0 om / 0 (0.0%) gas / (0xa31bfbce89af6c9dbb718e22f2fdf07dbe8ad35ce275e416fe0a5d6c9b2ce419) in 0.009s. Peers: 3","throwable":""}
{"timestamp":"2025-06-27T11:06:18,036","container":"f1f6ec10c4e9","level":"INFO","thread":"EthScheduler-Workers-0","class":"PersistBlockTask","message":"Imported #439 / 0 tx / 0 om / 0 (0.0%) gas / (0x532091e88d1f32a1dd9ef190c0ef2c2aab710af49fbf645c5377485135334735) in 0.002s. Peers: 3","throwable":""}
{"timestamp":"2025-06-27T11:06:26,024","container":"f1f6ec10c4e9","level":"INFO","thread":"EthScheduler-Workers-0","class":"PersistBlockTask","message":"Imported #440 / 0 tx / 0 om / 0 (0.0%) gas / (0x5449395eb58951c88b90c4227763147901b6ceac209cdd195d54ef1669cf3d4c) in 0.002s. Peers: 3","throwable":""}
{"timestamp":"2025-06-27T11:06:34,023","container":"f1f6ec10c4e9","level":"INFO","thread":"EthScheduler-Workers-0","class":"PersistBlockTask","message":"Imported #441 / 0 tx / 0 om / 0 (0.0%) gas / (0x7648cb61a9a18a071e05ab6470cf3f9ce721a1cf3e21e2f14b3969356c9019e7) in 0.002s. Peers: 3","throwable":""}
{"timestamp":"2025-06-27T11:06:42,024","container":"f1f6ec10c4e9","level":"INFO","thread":"EthScheduler-Workers-0","class":"PersistBlockTask","message":"Imported #442 / 0 tx / 0 om / 0 (0.0%) gas / (0x2411d943e2b2d766a129d9979cff046d918cc137a0caf7f1733a546cb70adc88) in 0.002s. Peers: 3","throwable":""}
{"timestamp":"2025-06-27T11:06:50,025","container":"f1f6ec10c4e9","level":"INFO","thread":"EthScheduler-Workers-0","class":"PersistBlockTask","message":"Imported #443 / 0 tx / 0 om / 0 (0.0%) gas / (0x47de496ee36b89a7a03394fec57334b51f724da646f30e86fb63929aa13e2205) in 0.003s. Peers: 3","throwable":""}
{"timestamp":"2025-06-27T11:06:58,033","container":"f1f6ec10c4e9","level":"INFO","thread":"EthScheduler-Workers-0","class":"PersistBlockTask","message":"Imported #444 / 0 tx / 0 om / 0 (0.0%) gas / (0x306e3b8e5a61f75a21b1c7fdee79d6ae444b4cef8a5a431a8fefa1f83732058e) in 0.003s. Peers: 3","throwable":""}
{"timestamp":"2025-06-27T11:07:06,024","container":"f1f6ec10c4e9","level":"INFO","thread":"EthScheduler-Workers-0","class":"PersistBlockTask","message":"Imported #445 / 0 tx / 0 om / 0 (0.0%) gas / (0xfc4b6218e7b330fd290eee49928acc3ed1bf19c9a3adca81ef3f054e96d91d84) in 0.003s. Peers: 3","throwable":""}
{"timestamp":"2025-06-27T11:07:14,025","container":"f1f6ec10c4e9","level":"INFO","thread":"EthScheduler-Workers-0","class":"PersistBlockTask","message":"Imported #446 / 0 tx / 0 om / 0 (0.0%) gas / (0x708b71d6649e35ec14dc82b3bbec8e5b2f0249e361b4b4e1b54086726a6debe3) in 0.003s. Peers: 3","throwable":""}
{"timestamp":"2025-06-27T11:07:22,018","container":"f1f6ec10c4e9","level":"INFO","thread":"EthScheduler-Workers-0","class":"PersistBlockTask","message":"Imported #447 / 0 tx / 0 om / 0 (0.0%) gas / (0x84df1dcc68de6246667d3b0bdefa48edd33fe899744f9c2d068a038c656d0efd) in 0.001s. Peers: 3","throwable":""}
{"timestamp":"2025-06-27T11:07:30,025","container":"f1f6ec10c4e9","level":"INFO","thread":"EthScheduler-Workers-0","class":"PersistBlockTask","message":"Imported #448 / 0 tx / 0 om / 0 (0.0%) gas / (0x146376f0c02fcd6c3b0e109fe2e00368c55b54b8f987d8c8b0fec68a63fe6383) in 0.002s. Peers: 3","throwable":""}
{"timestamp":"2025-06-27T11:07:38,025","container":"f1f6ec10c4e9","level":"INFO","thread":"EthScheduler-Workers-0","class":"PersistBlockTask","message":"Imported #449 / 0 tx / 0 om / 0 (0.0%) gas / (0xe0b2ec8f11001d5c3aa3062b445f0a2e67c036f258b6753bd60f28fe48043793) in 0.004s. Peers: 3","throwable":""}
{"timestamp":"2025-06-27T11:07:46,023","container":"f1f6ec10c4e9","level":"INFO","thread":"EthScheduler-Workers-0","class":"PersistBlockTask","message":"Imported #450 / 0 tx / 0 om / 0 (0.0%) gas / (0x009096261a4f001db0f65edce6f2b51061241eb60b63f0781fec1b7fdc8ec462) in 0.002s. Peers: 3","throwable":""}
{"timestamp":"2025-06-27T11:07:54,025","container":"f1f6ec10c4e9","level":"INFO","thread":"EthScheduler-Workers-0","class":"PersistBlockTask","message":"Imported #451 / 0 tx / 0 om / 0 (0.0%) gas / (0x7bb46a04b4a7a81dee8a7a418236807dd66c26cd406e79bffeddfb693d91a379) in 0.002s. Peers: 3","throwable":""}
{"timestamp":"2025-06-27T11:08:02,016","container":"f1f6ec10c4e9","level":"INFO","thread":"EthScheduler-Workers-0","class":"PersistBlockTask","message":"Imported #452 / 0 tx / 0 om / 0 (0.0%) gas / (0xfd0d1b7f79689dcb6ba59056093122fb67ee96665c2b7e66b144d265e2665dc8) in 0.001s. Peers: 3","throwable":""}
{"timestamp":"2025-06-27T11:08:10,021","container":"f1f6ec10c4e9","level":"INFO","thread":"EthScheduler-Workers-0","class":"PersistBlockTask","message":"Imported #453 / 0 tx / 0 om / 0 (0.0%) gas / (0x79344f8a1de771d2e0483b9efd6b48988e25f71b6df3f907435f4f0da2c4a599) in 0.002s. Peers: 3","throwable":""}
{"timestamp":"2025-06-27T11:08:18,026","container":"f1f6ec10c4e9","level":"INFO","thread":"EthScheduler-Workers-0","class":"PersistBlockTask","message":"Imported #454 / 0 tx / 0 om / 0 (0.0%) gas / (0xfc64dc595c36388bdb5f508ff26a8a5caec4f6e8b8c380f52ff35a8c41df7ce1) in 0.002s. Peers: 3","throwable":""}
{"timestamp":"2025-06-27T11:08:26,024","container":"f1f6ec10c4e9","level":"INFO","thread":"EthScheduler-Workers-0","class":"PersistBlockTask","message":"Imported #455 / 0 tx / 0 om / 0 (0.0%) gas / (0x54bf0aeda48449396c04a51402152ee5df5c94ff37564ab5133239ab7f32cfbf) in 0.002s. Peers: 3","throwable":""}
{"timestamp":"2025-06-27T11:08:34,038","container":"f1f6ec10c4e9","level":"INFO","thread":"EthScheduler-Workers-0","class":"PersistBlockTask","message":"Imported #456 / 0 tx / 0 om / 0 (0.0%) gas / (0x62a5f9c59bec7bc7a65f832df2a83bad21938b2792cfa02556ea54ff057cf50c) in 0.004s. Peers: 3","throwable":""}
{"timestamp":"2025-06-27T11:08:42,022","container":"f1f6ec10c4e9","level":"INFO","thread":"EthScheduler-Workers-0","class":"PersistBlockTask","message":"Imported #457 / 0 tx / 0 om / 0 (0.0%) gas / (0xd838a44ca879837d949c38cc6c502bd12c4930539f3489662c4a9e779e3a1743) in 0.002s. Peers: 3","throwable":""}
{"timestamp":"2025-06-27T11:08:50,026","container":"f1f6ec10c4e9","level":"INFO","thread":"EthScheduler-Workers-0","class":"PersistBlockTask","message":"Imported #458 / 0 tx / 0 om / 0 (0.0%) gas / (0x55814677ad709a0b118efdcf52a5fceca4c17f0521c420b21d1b173f25c5bfbc) in 0.003s. Peers: 3","throwable":""}
{"timestamp":"2025-06-27T11:08:58,021","container":"f1f6ec10c4e9","level":"INFO","thread":"EthScheduler-Workers-0","class":"PersistBlockTask","message":"Imported #459 / 0 tx / 0 om / 0 (0.0%) gas / (0x5977ac8ec166e4b09a148fdb43a9bf01383f2a63de589c390d5383a690569fd9) in 0.007s. Peers: 3","throwable":""}
{"timestamp":"2025-06-27T11:09:06,027","container":"f1f6ec10c4e9","level":"INFO","thread":"EthScheduler-Workers-0","class":"PersistBlockTask","message":"Imported #460 / 0 tx / 0 om / 0 (0.0%) gas / (0xe74a7732298735e0823594033d48015edaeb90be815a3953468d1f9f8cddeb70) in 0.002s. Peers: 3","throwable":""}
{"timestamp":"2025-06-27T11:09:14,026","container":"f1f6ec10c4e9","level":"INFO","thread":"EthScheduler-Workers-0","class":"PersistBlockTask","message":"Imported #461 / 0 tx / 0 om / 0 (0.0%) gas / (0xd42124e2e2e7a270cb32ef175c561e6695547606670c309599240488cbaf96b9) in 0.003s. Peers: 3","throwable":""}
{"timestamp":"2025-06-27T11:09:22,022","container":"f1f6ec10c4e9","level":"INFO","thread":"EthScheduler-Workers-0","class":"PersistBlockTask","message":"Imported #462 / 0 tx / 0 om / 0 (0.0%) gas / (0x85eaecee60f980034b7aa5bad682ed89277dc6035675ffbaf8d58dec4c933b85) in 0.003s. Peers: 3","throwable":""}
{"timestamp":"2025-06-27T11:09:30,025","container":"f1f6ec10c4e9","level":"INFO","thread":"EthScheduler-Workers-0","class":"PersistBlockTask","message":"Imported #463 / 0 tx / 0 om / 0 (0.0%) gas / (0x24c0595dddcd016d29f14313f5df6c1c14112a902887a888de720e08eb84ca0e) in 0.002s. Peers: 3","throwable":""}
{"timestamp":"2025-06-27T11:09:38,016","container":"f1f6ec10c4e9","level":"INFO","thread":"EthScheduler-Workers-0","class":"PersistBlockTask","message":"Imported #464 / 0 tx / 0 om / 0 (0.0%) gas / (0x95574e4f811859387730632c6fe9958ac0a0fe9d5a83c0404a81efbdc2789c89) in 0.003s. Peers: 3","throwable":""}
{"timestamp":"2025-06-27T11:09:46,025","container":"f1f6ec10c4e9","level":"INFO","thread":"EthScheduler-Workers-0","class":"PersistBlockTask","message":"Imported #465 / 0 tx / 0 om / 0 (0.0%) gas / (0x7ecfd3bd637539fc521d32e4cc0c44f9701c0a34fa1ad626cf1e90bc8af491c0) in 0.003s. Peers: 3","throwable":""}
{"timestamp":"2025-06-27T11:09:54,022","container":"f1f6ec10c4e9","level":"INFO","thread":"EthScheduler-Workers-0","class":"PersistBlockTask","message":"Imported #466 / 0 tx / 0 om / 0 (0.0%) gas / (0x8b26c1268c509797a34ae306056371d9a29814fa4410c9788b7d07628275287c) in 0.002s. Peers: 3","throwable":""}
{"timestamp":"2025-06-27T11:10:02,015","container":"f1f6ec10c4e9","level":"INFO","thread":"EthScheduler-Workers-0","class":"PersistBlockTask","message":"Imported #467 / 0 tx / 0 om / 0 (0.0%) gas / (0xe78a4a95150d6ed589585ba135b5761d1bdc4879686c9e8157b9ad630f08eaf0) in 0.001s. Peers: 3","throwable":""}
{"timestamp":"2025-06-27T11:10:10,041","container":"f1f6ec10c4e9","level":"INFO","thread":"EthScheduler-Workers-0","class":"PersistBlockTask","message":"Imported #468 / 0 tx / 0 om / 0 (0.0%) gas / (0x2321f50ae1fa48a71058a779739db5b6d8cddd85528501d1c7bf3e67c8caf7d2) in 0.003s. Peers: 3","throwable":""}
{"timestamp":"2025-06-27T11:10:18,023","container":"f1f6ec10c4e9","level":"INFO","thread":"EthScheduler-Workers-0","class":"PersistBlockTask","message":"Imported #469 / 0 tx / 0 om / 0 (0.0%) gas / (0x9330e7692fccae918a2661f7b18fa1e697a81b5c81a872e77608c4379acce3d2) in 0.002s. Peers: 3","throwable":""}
{"timestamp":"2025-06-27T11:10:26,024","container":"f1f6ec10c4e9","level":"INFO","thread":"EthScheduler-Workers-0","class":"PersistBlockTask","message":"Imported #470 / 0 tx / 0 om / 0 (0.0%) gas / (0x579d0406708b9a981235e956cee6525f5b767498d6f9e44c293c9c47d1cd830f) in 0.001s. Peers: 3","throwable":""}
{"timestamp":"2025-06-27T11:10:34,023","container":"f1f6ec10c4e9","level":"INFO","thread":"EthScheduler-Workers-0","class":"PersistBlockTask","message":"Imported #471 / 0 tx / 0 om / 0 (0.0%) gas / (0xbbdbae0f2568916d57e0692135248ea82dbb167cf4d58c82a07984fb9507c7e1) in 0.002s. Peers: 3","throwable":""}
{"timestamp":"2025-06-27T11:10:42,022","container":"f1f6ec10c4e9","level":"INFO","thread":"EthScheduler-Workers-0","class":"PersistBlockTask","message":"Imported #472 / 0 tx / 0 om / 0 (0.0%) gas / (0xd7aba085016009741988e29734896f2e308f80c94d58046d39c9f48177b7158b) in 0.001s. Peers: 3","throwable":""}
{"timestamp":"2025-06-27T11:10:50,024","container":"f1f6ec10c4e9","level":"INFO","thread":"EthScheduler-Workers-0","class":"PersistBlockTask","message":"Imported #473 / 0 tx / 0 om / 0 (0.0%) gas / (0x6946dbad0e5b3568c4add01517c914d914f2a8083eaa859beca25fd10a3ee5a6) in 0.003s. Peers: 3","throwable":""}
{"timestamp":"2025-06-27T11:10:58,024","container":"f1f6ec10c4e9","level":"INFO","thread":"EthScheduler-Workers-0","class":"PersistBlockTask","message":"Imported #474 / 0 tx / 0 om / 0 (0.0%) gas / (0x1ab9c5ee2e4acbb0152fc4ce9bdf6412f3fb7ee14fd3b8c3fe523d70accd8016) in 0.002s. Peers: 3","throwable":""}
{"timestamp":"2025-06-27T11:11:06,028","container":"f1f6ec10c4e9","level":"INFO","thread":"EthScheduler-Workers-0","class":"PersistBlockTask","message":"Imported #475 / 0 tx / 0 om / 0 (0.0%) gas / (0x5ca57ba75415e73d64e16a71808da35dfcfb60346ba31ecc429bd17918cd9a18) in 0.005s. Peers: 3","throwable":""}
{"timestamp":"2025-06-27T11:11:14,019","container":"f1f6ec10c4e9","level":"INFO","thread":"EthScheduler-Workers-0","class":"PersistBlockTask","message":"Imported #476 / 0 tx / 0 om / 0 (0.0%) gas / (0x05b8d6296ecd335c67c409b1856acb688eed293d829cdabcfa88d7f9710336af) in 0.001s. Peers: 3","throwable":""}
{"timestamp":"2025-06-27T11:11:22,021","container":"f1f6ec10c4e9","level":"INFO","thread":"EthScheduler-Workers-0","class":"PersistBlockTask","message":"Imported #477 / 0 tx / 0 om / 0 (0.0%) gas / (0xa600a05e641dcd1e8a98381ed5453e2b6233c91ca6bc12d8480b7e2de9aa1c5a) in 0.002s. Peers: 3","throwable":""}
{"timestamp":"2025-06-27T11:11:30,024","container":"f1f6ec10c4e9","level":"INFO","thread":"EthScheduler-Workers-0","class":"PersistBlockTask","message":"Imported #478 / 0 tx / 0 om / 0 (0.0%) gas / (0xce548ce53c3ac29075a2477c5406b0189ec2ec1ea3ddd7e649ccc91b257bce74) in 0.002s. Peers: 3","throwable":""}
{"timestamp":"2025-06-27T11:11:38,023","container":"f1f6ec10c4e9","level":"INFO","thread":"EthScheduler-Workers-0","class":"PersistBlockTask","message":"Imported #479 / 0 tx / 0 om / 0 (0.0%) gas / (0xa597268f319fb8c827fa202bf67430ae8ca83a76319720ce51536c2c92f165ff) in 0.002s. Peers: 3","throwable":""}
{"timestamp":"2025-06-27T11:11:46,038","container":"f1f6ec10c4e9","level":"INFO","thread":"EthScheduler-Workers-0","class":"PersistBlockTask","message":"Imported #480 / 0 tx / 0 om / 0 (0.0%) gas / (0x45d7204675a8caccb64458a37928b477fb13eea9dbcbfcc0de05f7dc1e7988e4) in 0.002s. Peers: 3","throwable":""}
{"timestamp":"2025-06-27T11:11:54,023","container":"f1f6ec10c4e9","level":"INFO","thread":"EthScheduler-Workers-0","class":"PersistBlockTask","message":"Imported #481 / 0 tx / 0 om / 0 (0.0%) gas / (0xc1e380099ff7595a2cb38c905a9c19a6f1b36cdb02efe5b2c7342b1e125f286e) in 0.004s. Peers: 3","throwable":""}
{"timestamp":"2025-06-27T11:12:02,014","container":"f1f6ec10c4e9","level":"INFO","thread":"EthScheduler-Workers-0","class":"PersistBlockTask","message":"Imported #482 / 0 tx / 0 om / 0 (0.0%) gas / (0xf9846d2b56f4a5bdb59f0493222ebb28768de3c96268a4f08d873046ec1d0859) in 0.002s. Peers: 3","throwable":""}
{"timestamp":"2025-06-27T11:12:10,024","container":"f1f6ec10c4e9","level":"INFO","thread":"EthScheduler-Workers-0","class":"PersistBlockTask","message":"Imported #483 / 0 tx / 0 om / 0 (0.0%) gas / (0xe43d34d79c526e8251974fa20fbae19cd1c46d3f7a133b09b84f584813974f13) in 0.002s. Peers: 3","throwable":""}
{"timestamp":"2025-06-27T11:12:18,052","container":"f1f6ec10c4e9","level":"INFO","thread":"EthScheduler-Workers-0","class":"PersistBlockTask","message":"Imported #484 / 1 tx / 0 om / 827,479 (0.0%) gas / (0x38862f16a1b6a625d88106279c5472169772cce98271520946980c1d7976de94) in 0.007s. Peers: 3","throwable":""}
{"timestamp":"2025-06-27T11:12:26,032","container":"f1f6ec10c4e9","level":"INFO","thread":"EthScheduler-Workers-0","class":"PersistBlockTask","message":"Imported #485 / 0 tx / 0 om / 0 (0.0%) gas / (0x3ef505246514ceb7df983ec013d5c3adfab869bb1ee3f73008a4866ad8cfbb7c) in 0.004s. Peers: 3","throwable":""}
{"timestamp":"2025-06-27T11:12:34,025","container":"f1f6ec10c4e9","level":"INFO","thread":"EthScheduler-Workers-0","class":"PersistBlockTask","message":"Imported #486 / 0 tx / 0 om / 0 (0.0%) gas / (0xdf954bdc8f01469ffdb7e9f4b3cfbd01784f4aa6a34eafee91be9290c354ed38) in 0.002s. Peers: 3","throwable":""}
{"timestamp":"2025-06-27T11:12:42,025","container":"f1f6ec10c4e9","level":"INFO","thread":"EthScheduler-Workers-0","class":"PersistBlockTask","message":"Imported #487 / 0 tx / 0 om / 0 (0.0%) gas / (0x9893b35d7fa051725dd380d4a68a104066910dbe8d7bb9e403c425ba8137bcaf) in 0.002s. Peers: 3","throwable":""}
{"timestamp":"2025-06-27T11:12:50,042","container":"f1f6ec10c4e9","level":"INFO","thread":"EthScheduler-Workers-0","class":"PersistBlockTask","message":"Imported #488 / 0 tx / 0 om / 0 (0.0%) gas / (0x236e176853cdce04b224a420c603798fef53e099e73f835f6ab6c6a1e67f3e7a) in 0.003s. Peers: 3","throwable":""}
{"timestamp":"2025-06-27T11:12:58,027","container":"f1f6ec10c4e9","level":"INFO","thread":"EthScheduler-Workers-0","class":"PersistBlockTask","message":"Imported #489 / 0 tx / 0 om / 0 (0.0%) gas / (0x21c11b628a8a124b9064471b8667fb466f3858b85beab8e88a6c0fd6110e829b) in 0.003s. Peers: 3","throwable":""}
{"timestamp":"2025-06-27T11:13:06,030","container":"f1f6ec10c4e9","level":"INFO","thread":"EthScheduler-Workers-0","class":"PersistBlockTask","message":"Imported #490 / 0 tx / 0 om / 0 (0.0%) gas / (0x997866376681718bc474d271d34a625ed76ce506efd071e410a85441a544c55b) in 0.003s. Peers: 3","throwable":""}
{"timestamp":"2025-06-27T11:13:14,025","container":"f1f6ec10c4e9","level":"INFO","thread":"EthScheduler-Workers-0","class":"PersistBlockTask","message":"Imported #491 / 0 tx / 0 om / 0 (0.0%) gas / (0x0ac38a5224dcb91702f31a058923b37e1734188b009d291f1cb5f809dbaaae79) in 0.003s. Peers: 3","throwable":""}
{"timestamp":"2025-06-27T11:13:22,024","container":"f1f6ec10c4e9","level":"INFO","thread":"EthScheduler-Workers-0","class":"PersistBlockTask","message":"Imported #492 / 0 tx / 0 om / 0 (0.0%) gas / (0xce60eba2dd4a55111c650d3aa87de4dd619252bdb7f6e27b5950e03668420838) in 0.002s. Peers: 3","throwable":""}
{"timestamp":"2025-06-27T11:13:30,026","container":"f1f6ec10c4e9","level":"INFO","thread":"EthScheduler-Workers-0","class":"PersistBlockTask","message":"Imported #493 / 0 tx / 0 om / 0 (0.0%) gas / (0xa121849e6291e36edb88553e864900dcf8258274878f62ce1259e244e73454a7) in 0.003s. Peers: 3","throwable":""}
{"timestamp":"2025-06-27T11:13:38,025","container":"f1f6ec10c4e9","level":"INFO","thread":"EthScheduler-Workers-0","class":"PersistBlockTask","message":"Imported #494 / 0 tx / 0 om / 0 (0.0%) gas / (0xbee37a009e9465ebc0fcf51592100b163bdc7e028e809906b6edb811f790dc32) in 0.002s. Peers: 3","throwable":""}
{"timestamp":"2025-06-27T11:13:46,019","container":"f1f6ec10c4e9","level":"INFO","thread":"EthScheduler-Workers-0","class":"PersistBlockTask","message":"Imported #495 / 0 tx / 0 om / 0 (0.0%) gas / (0x82537e66dc7e0b0b61e952faa33a5a431287507e669d0c3b22eef590e69fddee) in 0.001s. Peers: 3","throwable":""}
{"timestamp":"2025-06-27T11:13:54,028","container":"f1f6ec10c4e9","level":"INFO","thread":"EthScheduler-Workers-0","class":"PersistBlockTask","message":"Imported #496 / 0 tx / 0 om / 0 (0.0%) gas / (0xf97657976ccc39960bade0aa1f349b6f9db91293d5b9b53692f56a7bb859e671) in 0.003s. Peers: 3","throwable":""}
{"timestamp":"2025-06-27T11:14:02,028","container":"f1f6ec10c4e9","level":"INFO","thread":"EthScheduler-Workers-0","class":"PersistBlockTask","message":"Imported #497 / 0 tx / 0 om / 0 (0.0%) gas / (0x713de30fe5cacc3d2f39099b0b640e971b5f9d5e8f04aa6eb7a2c1e3ddacc464) in 0.003s. Peers: 3","throwable":""}
{"timestamp":"2025-06-27T11:14:10,028","container":"f1f6ec10c4e9","level":"INFO","thread":"EthScheduler-Workers-0","class":"PersistBlockTask","message":"Imported #498 / 0 tx / 0 om / 0 (0.0%) gas / (0x7e16546fb436dd8e2f8d13582fd294fda520acbb111cad2389fd0db201b9e083) in 0.002s. Peers: 3","throwable":""}
{"timestamp":"2025-06-27T11:14:18,019","container":"f1f6ec10c4e9","level":"INFO","thread":"EthScheduler-Workers-0","class":"PersistBlockTask","message":"Imported #499 / 0 tx / 0 om / 0 (0.0%) gas / (0x6c2abe7398104fe8d79b83eaa7afa961d2679f7a736e0a03c4c3b6e7e61996f4) in 0.003s. Peers: 3","throwable":""}
{"timestamp":"2025-06-27T11:14:26,027","container":"f1f6ec10c4e9","level":"INFO","thread":"EthScheduler-Workers-0","class":"PersistBlockTask","message":"Imported #500 / 0 tx / 0 om / 0 (0.0%) gas / (0x83a6e2fe487048e3eeae7ffe2a1d476f0cf1217a162ef3743616f2744ea4c7e4) in 0.002s. Peers: 3","throwable":""}
{"timestamp":"2025-06-27T11:14:34,026","container":"f1f6ec10c4e9","level":"INFO","thread":"EthScheduler-Workers-0","class":"PersistBlockTask","message":"Imported #501 / 0 tx / 0 om / 0 (0.0%) gas / (0x83814c4b57d98da0fad0bc895ce589138c038063449495a54f33463c66b26250) in 0.003s. Peers: 3","throwable":""}
{"timestamp":"2025-06-27T11:14:42,024","container":"f1f6ec10c4e9","level":"INFO","thread":"EthScheduler-Workers-0","class":"PersistBlockTask","message":"Imported #502 / 0 tx / 0 om / 0 (0.0%) gas / (0xf1bca446b4bf6f63f22b84ed1e9176f28c4e396023c5d5352ce79442cd4ae911) in 0.002s. Peers: 3","throwable":""}
{"timestamp":"2025-06-27T11:14:50,026","container":"f1f6ec10c4e9","level":"INFO","thread":"EthScheduler-Workers-0","class":"PersistBlockTask","message":"Imported #503 / 0 tx / 0 om / 0 (0.0%) gas / (0x4f58df0fadfc02c2c3a8f141064fd33c79e5cc9e8fe06a774c9969d1b56f5067) in 0.002s. Peers: 3","throwable":""}
{"timestamp":"2025-06-27T11:14:58,068","container":"f1f6ec10c4e9","level":"INFO","thread":"EthScheduler-Workers-0","class":"PersistBlockTask","message":"Imported #504 / 0 tx / 0 om / 0 (0.0%) gas / (0x69291516e9207e2d5ccbe559949abdc7f815bae9f6990f54049c6b491f42060a) in 0.002s. Peers: 3","throwable":""}
{"timestamp":"2025-06-27T11:15:06,025","container":"f1f6ec10c4e9","level":"INFO","thread":"EthScheduler-Workers-0","class":"PersistBlockTask","message":"Imported #505 / 0 tx / 0 om / 0 (0.0%) gas / (0xaa55b74f92e05f9f3e70571917889db2d03042ff2bb63608f33cc42349f92ce7) in 0.002s. Peers: 3","throwable":""}
{"timestamp":"2025-06-27T11:15:14,021","container":"f1f6ec10c4e9","level":"INFO","thread":"EthScheduler-Workers-0","class":"PersistBlockTask","message":"Imported #506 / 0 tx / 0 om / 0 (0.0%) gas / (0x3d30fb988bf156c4ba0aca12533aca9e7b50efd46d6060df16bcd6cd965c085a) in 0.002s. Peers: 3","throwable":""}
{"timestamp":"2025-06-27T11:15:22,025","container":"f1f6ec10c4e9","level":"INFO","thread":"EthScheduler-Workers-0","class":"PersistBlockTask","message":"Imported #507 / 0 tx / 0 om / 0 (0.0%) gas / (0xb38a0b48e0c537599132b945de55a175d4604760b93e8a027ee1a3122cb56c97) in 0.002s. Peers: 3","throwable":""}
{"timestamp":"2025-06-27T11:15:30,027","container":"f1f6ec10c4e9","level":"INFO","thread":"EthScheduler-Workers-0","class":"PersistBlockTask","message":"Imported #508 / 0 tx / 0 om / 0 (0.0%) gas / (0xa576c0db56b768bdbd8a15252b99a02d0e9ede5e9c6c3e26ce6888b1e3328061) in 0.001s. Peers: 3","throwable":""}
{"timestamp":"2025-06-27T11:15:38,028","container":"f1f6ec10c4e9","level":"INFO","thread":"EthScheduler-Workers-0","class":"PersistBlockTask","message":"Imported #509 / 0 tx / 0 om / 0 (0.0%) gas / (0x7294ef46979c94f0318bf9b5ebe0ca634fe994efc14b56a331423df3cdb854b5) in 0.003s. Peers: 3","throwable":""}
{"timestamp":"2025-06-27T11:15:46,028","container":"f1f6ec10c4e9","level":"INFO","thread":"EthScheduler-Workers-0","class":"PersistBlockTask","message":"Imported #510 / 0 tx / 0 om / 0 (0.0%) gas / (0x484543f5f388c4da7a8f8cad6741e71673a41cefca8c3f30742640b2b2ca1072) in 0.003s. Peers: 3","throwable":""}
{"timestamp":"2025-06-27T11:15:54,032","container":"f1f6ec10c4e9","level":"INFO","thread":"EthScheduler-Workers-0","class":"PersistBlockTask","message":"Imported #511 / 0 tx / 0 om / 0 (0.0%) gas / (0x1e169745d6b0306c1ef451e17b73e89f8dc94d5ff49d9e23372e6ee91bb932aa) in 0.005s. Peers: 3","throwable":""}
{"timestamp":"2025-06-27T11:16:02,031","container":"f1f6ec10c4e9","level":"INFO","thread":"EthScheduler-Workers-0","class":"PersistBlockTask","message":"Imported #512 / 0 tx / 0 om / 0 (0.0%) gas / (0xd237d832b590be129675ad1a874412039fee25e5a744c3595bda867adc6c4e03) in 0.002s. Peers: 3","throwable":""}
{"timestamp":"2025-06-27T11:16:10,041","container":"f1f6ec10c4e9","level":"INFO","thread":"EthScheduler-Workers-0","class":"PersistBlockTask","message":"Imported #513 / 0 tx / 0 om / 0 (0.0%) gas / (0xd9d25146145f0f6cd2c0cf5e40d7ddc18c3f175e07c808b402235880368e2bfd) in 0.001s. Peers: 3","throwable":""}
{"timestamp":"2025-06-27T11:16:18,024","container":"f1f6ec10c4e9","level":"INFO","thread":"EthScheduler-Workers-0","class":"PersistBlockTask","message":"Imported #514 / 0 tx / 0 om / 0 (0.0%) gas / (0xc1d35ac38cac253ba0cd7c03b6619d15a2e71c9e4cd4d8e7d0c12cbf238dd8dc) in 0.002s. Peers: 3","throwable":""}
{"timestamp":"2025-06-27T11:16:26,026","container":"f1f6ec10c4e9","level":"INFO","thread":"EthScheduler-Workers-0","class":"PersistBlockTask","message":"Imported #515 / 0 tx / 0 om / 0 (0.0%) gas / (0x63ebfb905d325166fb8e39ad89589ab6eb32f539ed11f38644673a1079c727a1) in 0.001s. Peers: 3","throwable":""}
{"timestamp":"2025-06-27T11:16:34,023","container":"f1f6ec10c4e9","level":"INFO","thread":"EthScheduler-Workers-0","class":"PersistBlockTask","message":"Imported #516 / 0 tx / 0 om / 0 (0.0%) gas / (0x2258fcc988cdc500591ef552426625064ac6482278890f26ad7654c2a2b8b3b0) in 0.002s. Peers: 3","throwable":""}
{"timestamp":"2025-06-27T11:16:42,020","container":"f1f6ec10c4e9","level":"INFO","thread":"EthScheduler-Workers-0","class":"PersistBlockTask","message":"Imported #517 / 0 tx / 0 om / 0 (0.0%) gas / (0xfa8bbd9eefa90172f0bffe544b311d4339e42511db47710a1a2b30706449b7ab) in 0.002s. Peers: 3","throwable":""}
{"timestamp":"2025-06-27T11:16:50,024","container":"f1f6ec10c4e9","level":"INFO","thread":"EthScheduler-Workers-0","class":"PersistBlockTask","message":"Imported #518 / 0 tx / 0 om / 0 (0.0%) gas / (0x58af70d1d72769455e839e899b0f9c2ef0cdaaf379cdad7601195419527b6b86) in 0.002s. Peers: 3","throwable":""}
{"timestamp":"2025-06-27T11:16:58,023","container":"f1f6ec10c4e9","level":"INFO","thread":"EthScheduler-Workers-0","class":"PersistBlockTask","message":"Imported #519 / 0 tx / 0 om / 0 (0.0%) gas / (0x0fce34388dffb9be86984b7a0bbde938bb017d1a3e004419fe6ca57bca0d22a3) in 0.002s. Peers: 3","throwable":""}
{"timestamp":"2025-06-27T11:17:06,038","container":"f1f6ec10c4e9","level":"INFO","thread":"EthScheduler-Workers-0","class":"PersistBlockTask","message":"Imported #520 / 0 tx / 0 om / 0 (0.0%) gas / (0x2387f57fbb812c1ad024a988b95bbe6e878811d81d097d5679d8981734200b6f) in 0.002s. Peers: 3","throwable":""}
{"timestamp":"2025-06-27T11:17:14,025","container":"f1f6ec10c4e9","level":"INFO","thread":"EthScheduler-Workers-0","class":"PersistBlockTask","message":"Imported #521 / 0 tx / 0 om / 0 (0.0%) gas / (0x26059ad7131c6f8b319629ce819f0e824893272cf77b06209a40bad31c00ff1f) in 0.002s. Peers: 3","throwable":""}
{"timestamp":"2025-06-27T11:17:22,027","container":"f1f6ec10c4e9","level":"INFO","thread":"EthScheduler-Workers-0","class":"PersistBlockTask","message":"Imported #522 / 0 tx / 0 om / 0 (0.0%) gas / (0xb23c63cc26964356f6f362f8008dc4404b85a5b3e4076038f7a150e3204ca5b4) in 0.004s. Peers: 3","throwable":""}
{"timestamp":"2025-06-27T11:17:30,024","container":"f1f6ec10c4e9","level":"INFO","thread":"EthScheduler-Workers-0","class":"PersistBlockTask","message":"Imported #523 / 0 tx / 0 om / 0 (0.0%) gas / (0xd58e6ec3fef49d21d48d0318288e165adaeacc5659850fe49e203b4607cd5993) in 0.002s. Peers: 3","throwable":""}
{"timestamp":"2025-06-27T11:17:38,040","container":"f1f6ec10c4e9","level":"INFO","thread":"EthScheduler-Workers-0","class":"PersistBlockTask","message":"Imported #524 / 0 tx / 0 om / 0 (0.0%) gas / (0xa30a0cedec080e0b8765d95f892c81a8a7976c687ada34b0232ce7f765d4aa56) in 0.003s. Peers: 3","throwable":""}
{"timestamp":"2025-06-27T11:17:46,028","container":"f1f6ec10c4e9","level":"INFO","thread":"EthScheduler-Workers-0","class":"PersistBlockTask","message":"Imported #525 / 0 tx / 0 om / 0 (0.0%) gas / (0xea7937ff1260e8fd1152877170ae08b07a2735edd02aa30951c73f29e0fb1b57) in 0.003s. Peers: 3","throwable":""}
{"timestamp":"2025-06-27T11:17:54,022","container":"f1f6ec10c4e9","level":"INFO","thread":"EthScheduler-Workers-0","class":"PersistBlockTask","message":"Imported #526 / 0 tx / 0 om / 0 (0.0%) gas / (0x9c4e095a8de6f335f9bbb64c990b50d7dc85f462a369cd0385c814c5d697bc14) in 0.001s. Peers: 3","throwable":""}
{"timestamp":"2025-06-27T11:18:02,022","container":"f1f6ec10c4e9","level":"INFO","thread":"EthScheduler-Workers-0","class":"PersistBlockTask","message":"Imported #527 / 0 tx / 0 om / 0 (0.0%) gas / (0x6f5f7f6c21449aa684867a9527b61727add2cdc2053e83448fa750068a91fa59) in 0.003s. Peers: 3","throwable":""}
{"timestamp":"2025-06-27T11:18:10,025","container":"f1f6ec10c4e9","level":"INFO","thread":"EthScheduler-Workers-0","class":"PersistBlockTask","message":"Imported #528 / 0 tx / 0 om / 0 (0.0%) gas / (0x007aeb1b37b1b3ba930a43e4538aedb5fe92041ada2ef51b0172d76e3eb3ef3d) in 0.003s. Peers: 3","throwable":""}
{"timestamp":"2025-06-27T11:18:18,023","container":"f1f6ec10c4e9","level":"INFO","thread":"EthScheduler-Workers-0","class":"PersistBlockTask","message":"Imported #529 / 0 tx / 0 om / 0 (0.0%) gas / (0x63eefdd184e0d0220f89ae03a48e4603cbfadeba2abe50fe8d84215871b95a9f) in 0.001s. Peers: 3","throwable":""}
{"timestamp":"2025-06-27T11:18:26,048","container":"f1f6ec10c4e9","level":"INFO","thread":"EthScheduler-Workers-0","class":"PersistBlockTask","message":"Imported #530 / 1 tx / 0 om / 2,000,000 (0.0%) gas / (0xd754c4389be40d79dd9d9292b886e90406a6653c7218ad3702e2e4452531d823) in 0.005s. Peers: 3","throwable":""}
{"timestamp":"2025-06-27T11:18:34,032","container":"f1f6ec10c4e9","level":"INFO","thread":"EthScheduler-Workers-0","class":"PersistBlockTask","message":"Imported #531 / 1 tx / 0 om / 2,000,000 (0.0%) gas / (0x1067002e6db9ed3ac567518b50bd95064da5b5d4b41afa516809f2fd424f3906) in 0.004s. Peers: 3","throwable":""}
{"timestamp":"2025-06-27T11:18:42,026","container":"f1f6ec10c4e9","level":"INFO","thread":"EthScheduler-Workers-0","class":"PersistBlockTask","message":"Imported #532 / 0 tx / 0 om / 0 (0.0%) gas / (0x32034758e9d207271fe3a3af63ea641ad168cbe1ec54be9322d05e68636b1c93) in 0.002s. Peers: 3","throwable":""}
{"timestamp":"2025-06-27T11:18:50,028","container":"f1f6ec10c4e9","level":"INFO","thread":"EthScheduler-Workers-0","class":"PersistBlockTask","message":"Imported #533 / 0 tx / 0 om / 0 (0.0%) gas / (0xc04db507a25c61caf877da43e439ff793cddb3946847b1be253f93b3d0c52b08) in 0.002s. Peers: 3","throwable":""}
{"timestamp":"2025-06-27T11:18:58,028","container":"f1f6ec10c4e9","level":"INFO","thread":"EthScheduler-Workers-0","class":"PersistBlockTask","message":"Imported #534 / 0 tx / 0 om / 0 (0.0%) gas / (0x8e024a72c195377e568cb28f1717f466c6939ddbd660aaf1916d6d43d83b75e0) in 0.002s. Peers: 3","throwable":""}
{"timestamp":"2025-06-27T11:19:06,025","container":"f1f6ec10c4e9","level":"INFO","thread":"EthScheduler-Workers-0","class":"PersistBlockTask","message":"Imported #535 / 0 tx / 0 om / 0 (0.0%) gas / (0xbbd3d84123ddf81edce1fdaf16a4eabb90596147d9decaedd13b30fc32373dc1) in 0.004s. Peers: 3","throwable":""}
{"timestamp":"2025-06-27T11:19:14,027","container":"f1f6ec10c4e9","level":"INFO","thread":"EthScheduler-Workers-0","class":"PersistBlockTask","message":"Imported #536 / 0 tx / 0 om / 0 (0.0%) gas / (0xcb16bab13ececfac23f344707c325f8980f63193c4a877c2e42e298feef852f7) in 0.002s. Peers: 3","throwable":""}
{"timestamp":"2025-06-27T11:19:22,027","container":"f1f6ec10c4e9","level":"INFO","thread":"EthScheduler-Workers-0","class":"PersistBlockTask","message":"Imported #537 / 0 tx / 0 om / 0 (0.0%) gas / (0xe67d257e2c87b7650c7b423f3390f3bd37bab5c5f744466db8b1a8fb5994005b) in 0.004s. Peers: 3","throwable":""}
{"timestamp":"2025-06-27T11:19:30,024","container":"f1f6ec10c4e9","level":"INFO","thread":"EthScheduler-Workers-0","class":"PersistBlockTask","message":"Imported #538 / 0 tx / 0 om / 0 (0.0%) gas / (0x7f44d25fa131e17d7685b4f7d00707cd8455975b573801c28b3418c41fdf3402) in 0.002s. Peers: 3","throwable":""}
{"timestamp":"2025-06-27T11:19:38,022","container":"f1f6ec10c4e9","level":"INFO","thread":"EthScheduler-Workers-0","class":"PersistBlockTask","message":"Imported #539 / 0 tx / 0 om / 0 (0.0%) gas / (0x8cc117c21e036282abadf3c70471e75bcbb6169fc1de31f9563a3773342f2343) in 0.001s. Peers: 3","throwable":""}
{"timestamp":"2025-06-27T11:19:46,024","container":"f1f6ec10c4e9","level":"INFO","thread":"EthScheduler-Workers-0","class":"PersistBlockTask","message":"Imported #540 / 0 tx / 0 om / 0 (0.0%) gas / (0x1d60e693aa77a80e15121be323baa09a20df42a0bb7fcce3bcedc730305aad3e) in 0.002s. Peers: 3","throwable":""}
{"timestamp":"2025-06-27T11:19:54,024","container":"f1f6ec10c4e9","level":"INFO","thread":"EthScheduler-Workers-0","class":"PersistBlockTask","message":"Imported #541 / 0 tx / 0 om / 0 (0.0%) gas / (0x28f6362e2eb86de27f455cc1fba7ba4f29b72dbcaeaf28254b043c39b5496e08) in 0.002s. Peers: 3","throwable":""}
{"timestamp":"2025-06-27T11:20:02,017","container":"f1f6ec10c4e9","level":"INFO","thread":"EthScheduler-Workers-0","class":"PersistBlockTask","message":"Imported #542 / 0 tx / 0 om / 0 (0.0%) gas / (0xee129cec0c8e382be427b43f383b2c22aa167c3b43816c592d80ede44296b75e) in 0.001s. Peers: 3","throwable":""}
{"timestamp":"2025-06-27T11:20:10,022","container":"f1f6ec10c4e9","level":"INFO","thread":"EthScheduler-Workers-0","class":"PersistBlockTask","message":"Imported #543 / 0 tx / 0 om / 0 (0.0%) gas / (0xf2e5430182b2fce9e22d716bf5cb90a5d59c78a7c2648e18243af51bc5659041) in 0.002s. Peers: 3","throwable":""}
{"timestamp":"2025-06-27T11:20:18,022","container":"f1f6ec10c4e9","level":"INFO","thread":"EthScheduler-Workers-0","class":"PersistBlockTask","message":"Imported #544 / 0 tx / 0 om / 0 (0.0%) gas / (0xc5f9a21178f35e04a0996133528668731c9b9cd5cb23d9de1e9ad4d43cbc7123) in 0.002s. Peers: 3","throwable":""}
{"timestamp":"2025-06-27T11:20:26,023","container":"f1f6ec10c4e9","level":"INFO","thread":"EthScheduler-Workers-0","class":"PersistBlockTask","message":"Imported #545 / 0 tx / 0 om / 0 (0.0%) gas / (0x8db219ded4fbf6d0b41e9da848bd74673a4f06e60b0a57ab71ef0dff9fa08e05) in 0.002s. Peers: 3","throwable":""}
{"timestamp":"2025-06-27T11:20:34,025","container":"f1f6ec10c4e9","level":"INFO","thread":"EthScheduler-Workers-0","class":"PersistBlockTask","message":"Imported #546 / 0 tx / 0 om / 0 (0.0%) gas / (0x34d2135375fbceb9d8587405f29b674574b35c685f27303386dc0dee965817a7) in 0.002s. Peers: 3","throwable":""}
{"timestamp":"2025-06-27T11:20:42,016","container":"f1f6ec10c4e9","level":"INFO","thread":"EthScheduler-Workers-0","class":"PersistBlockTask","message":"Imported #547 / 0 tx / 0 om / 0 (0.0%) gas / (0x411a31b2858000b25e8d8b49a71c1f6cc23b06cf8e315410f40193c895334eb0) in 0.003s. Peers: 3","throwable":""}
{"timestamp":"2025-06-27T11:20:50,023","container":"f1f6ec10c4e9","level":"INFO","thread":"EthScheduler-Workers-0","class":"PersistBlockTask","message":"Imported #548 / 0 tx / 0 om / 0 (0.0%) gas / (0x843b988eea4d0403b051aea8c9af9808eb1105b4a968b75d8d8aeb0646044901) in 0.002s. Peers: 3","throwable":""}
{"timestamp":"2025-06-27T11:20:58,027","container":"f1f6ec10c4e9","level":"INFO","thread":"EthScheduler-Workers-0","class":"PersistBlockTask","message":"Imported #549 / 0 tx / 0 om / 0 (0.0%) gas / (0x74dd0e69b309ff4cc5e6de2d8fa3b4ddf8a963269b57f940206683813716130c) in 0.002s. Peers: 3","throwable":""}
{"timestamp":"2025-06-27T11:21:06,025","container":"f1f6ec10c4e9","level":"INFO","thread":"EthScheduler-Workers-0","class":"PersistBlockTask","message":"Imported #550 / 0 tx / 0 om / 0 (0.0%) gas / (0x22be964884f298e64d59a204f53be75fbeabc350f3f0632730026cc280472b33) in 0.002s. Peers: 3","throwable":""}
{"timestamp":"2025-06-27T11:21:14,028","container":"f1f6ec10c4e9","level":"INFO","thread":"EthScheduler-Workers-0","class":"PersistBlockTask","message":"Imported #551 / 0 tx / 0 om / 0 (0.0%) gas / (0x2884a5d48d82852fd0556abf71bfeef5281ecfef91d58a61cc5f7b06baa1e4a5) in 0.002s. Peers: 3","throwable":""}
{"timestamp":"2025-06-27T11:21:22,023","container":"f1f6ec10c4e9","level":"INFO","thread":"EthScheduler-Workers-0","class":"PersistBlockTask","message":"Imported #552 / 0 tx / 0 om / 0 (0.0%) gas / (0x98d7fb737b00a7ee2ca2448dc96985e0b11c9c5c20f7d78ba3847f1f1e595129) in 0.003s. Peers: 3","throwable":""}
{"timestamp":"2025-06-27T11:21:30,025","container":"f1f6ec10c4e9","level":"INFO","thread":"EthScheduler-Workers-0","class":"PersistBlockTask","message":"Imported #553 / 0 tx / 0 om / 0 (0.0%) gas / (0x3fec73b2dd4e4ee0ad340305969176bc918bb29bf3c66447167b0b12b53ee63a) in 0.002s. Peers: 3","throwable":""}
{"timestamp":"2025-06-27T11:21:38,019","container":"f1f6ec10c4e9","level":"INFO","thread":"EthScheduler-Workers-0","class":"PersistBlockTask","message":"Imported #554 / 0 tx / 0 om / 0 (0.0%) gas / (0x97619c41cef1b102e53043aea3216fb3b5c01dae74ba5aece199b7f40c22a9a3) in 0.001s. Peers: 3","throwable":""}
{"timestamp":"2025-06-27T11:21:46,027","container":"f1f6ec10c4e9","level":"INFO","thread":"EthScheduler-Workers-0","class":"PersistBlockTask","message":"Imported #555 / 0 tx / 0 om / 0 (0.0%) gas / (0x655a81bf08ea897174580e931acb3cebc249785e239f946ea02755b93ce5b4dc) in 0.004s. Peers: 3","throwable":""}
{"timestamp":"2025-06-27T11:21:54,026","container":"f1f6ec10c4e9","level":"INFO","thread":"EthScheduler-Workers-0","class":"PersistBlockTask","message":"Imported #556 / 0 tx / 0 om / 0 (0.0%) gas / (0x0fade8ce779068ecaa87ad54d60a9cb1129211635290183852084223614dfe59) in 0.001s. Peers: 3","throwable":""}
{"timestamp":"2025-06-27T11:22:02,027","container":"f1f6ec10c4e9","level":"INFO","thread":"EthScheduler-Workers-0","class":"PersistBlockTask","message":"Imported #557 / 0 tx / 0 om / 0 (0.0%) gas / (0x8390afbb1e6e7bda1d7f7345f9939977210a90e7e5ed0048f170c970fd24f991) in 0.004s. Peers: 3","throwable":""}
{"timestamp":"2025-06-27T11:22:10,023","container":"f1f6ec10c4e9","level":"INFO","thread":"EthScheduler-Workers-0","class":"PersistBlockTask","message":"Imported #558 / 0 tx / 0 om / 0 (0.0%) gas / (0x1d496333d28248c209505511460ce59a3b8857581cce80ae267806d86a1b2688) in 0.001s. Peers: 3","throwable":""}
{"timestamp":"2025-06-27T11:22:18,027","container":"f1f6ec10c4e9","level":"INFO","thread":"EthScheduler-Workers-0","class":"PersistBlockTask","message":"Imported #559 / 0 tx / 0 om / 0 (0.0%) gas / (0x09a2efb185e382983abe618baf8ec5bb8146a85a5606e8befa5cd24991e3b683) in 0.004s. Peers: 3","throwable":""}
{"timestamp":"2025-06-27T11:22:26,025","container":"f1f6ec10c4e9","level":"INFO","thread":"EthScheduler-Workers-0","class":"PersistBlockTask","message":"Imported #560 / 0 tx / 0 om / 0 (0.0%) gas / (0x9fe19e61099e02c98be7325a6ec84db29db284607bd8f49e56b414434c86a983) in 0.002s. Peers: 3","throwable":""}
{"timestamp":"2025-06-27T11:22:34,027","container":"f1f6ec10c4e9","level":"INFO","thread":"EthScheduler-Workers-0","class":"PersistBlockTask","message":"Imported #561 / 0 tx / 0 om / 0 (0.0%) gas / (0x31aac62b3806f4c375ac1f2a1a7ad07f3aacee713c3f620c2648171756296eb7) in 0.002s. Peers: 3","throwable":""}
{"timestamp":"2025-06-27T11:22:42,014","container":"f1f6ec10c4e9","level":"INFO","thread":"EthScheduler-Workers-0","class":"PersistBlockTask","message":"Imported #562 / 0 tx / 0 om / 0 (0.0%) gas / (0xb65f5ce335dab48e72fd23800c97df23ef61f69327379d2d5d2efdfc04947dcf) in 0.001s. Peers: 3","throwable":""}
{"timestamp":"2025-06-27T11:22:50,013","container":"f1f6ec10c4e9","level":"INFO","thread":"EthScheduler-Workers-0","class":"PersistBlockTask","message":"Imported #563 / 0 tx / 0 om / 0 (0.0%) gas / (0x9f337cef8fc6475452ddd9280e0fa3047919c1fff9fd55ab160c8ae35159793d) in 0.001s. Peers: 3","throwable":""}
{"timestamp":"2025-06-27T11:22:58,029","container":"f1f6ec10c4e9","level":"INFO","thread":"EthScheduler-Workers-0","class":"PersistBlockTask","message":"Imported #564 / 1 tx / 0 om / 2,000,000 (0.0%) gas / (0x35ce7ac0382fa0b691b0ce9af81ca960da220fd1ed29439dae4d337cec7e41ea) in 0.004s. Peers: 3","throwable":""}
{"timestamp":"2025-06-27T11:23:06,042","container":"f1f6ec10c4e9","level":"INFO","thread":"EthScheduler-Workers-0","class":"PersistBlockTask","message":"Imported #565 / 1 tx / 0 om / 2,000,000 (0.0%) gas / (0x246197462e5695ac33516f4b3c756bceeeed0fba9704cf4e1562f731850a9b24) in 0.007s. Peers: 3","throwable":""}
{"timestamp":"2025-06-27T11:23:14,026","container":"f1f6ec10c4e9","level":"INFO","thread":"EthScheduler-Workers-0","class":"PersistBlockTask","message":"Imported #566 / 0 tx / 0 om / 0 (0.0%) gas / (0x1323d123f199ba567df7e971278873a328c75729b9731908f5cb98f4fe2e08d6) in 0.002s. Peers: 3","throwable":""}
{"timestamp":"2025-06-27T11:23:22,022","container":"f1f6ec10c4e9","level":"INFO","thread":"EthScheduler-Workers-0","class":"PersistBlockTask","message":"Imported #567 / 0 tx / 0 om / 0 (0.0%) gas / (0x77dd53086d16b3135e256bf0c9ad9fe07f73be58995ab4e701e1c9547ff9d14b) in 0.001s. Peers: 3","throwable":""}
{"timestamp":"2025-06-27T11:23:30,025","container":"f1f6ec10c4e9","level":"INFO","thread":"EthScheduler-Workers-0","class":"PersistBlockTask","message":"Imported #568 / 0 tx / 0 om / 0 (0.0%) gas / (0xd0ccfdf984320510e1c334fbda98723a43448589c3adf681f48e0e594736190f) in 0.002s. Peers: 3","throwable":""}
{"timestamp":"2025-06-27T11:23:38,023","container":"f1f6ec10c4e9","level":"INFO","thread":"EthScheduler-Workers-0","class":"PersistBlockTask","message":"Imported #569 / 0 tx / 0 om / 0 (0.0%) gas / (0xa6a91f7df141faca9a0d1d67284f3ef7b1f29a651a1917aee0d010d37eaeedd1) in 0.003s. Peers: 3","throwable":""}
{"timestamp":"2025-06-27T11:23:46,023","container":"f1f6ec10c4e9","level":"INFO","thread":"EthScheduler-Workers-0","class":"PersistBlockTask","message":"Imported #570 / 0 tx / 0 om / 0 (0.0%) gas / (0x29ecc79786f2e606933ae9067381c855a5fec5d04e1989d2523efa99efa46998) in 0.003s. Peers: 3","throwable":""}
{"timestamp":"2025-06-27T11:23:54,013","container":"f1f6ec10c4e9","level":"INFO","thread":"EthScheduler-Workers-0","class":"PersistBlockTask","message":"Imported #571 / 0 tx / 0 om / 0 (0.0%) gas / (0xeddcfc3e127074bfd07ac1ed3f61a0aff39c06ea4e04fb3d25ea7c3fbd7820e2) in 0.001s. Peers: 3","throwable":""}
{"timestamp":"2025-06-27T11:24:02,022","container":"f1f6ec10c4e9","level":"INFO","thread":"EthScheduler-Workers-0","class":"PersistBlockTask","message":"Imported #572 / 0 tx / 0 om / 0 (0.0%) gas / (0x59bc83b7c8f1bf01bea8551c9b4fd7a80528a1ea88a97731c94babc036c1d6e9) in 0.002s. Peers: 3","throwable":""}
{"timestamp":"2025-06-27T11:24:10,023","container":"f1f6ec10c4e9","level":"INFO","thread":"EthScheduler-Workers-0","class":"PersistBlockTask","message":"Imported #573 / 0 tx / 0 om / 0 (0.0%) gas / (0xec4ba15a6e5f57d0995da6519cbbe93d95513730b0a92d40fb78449690219715) in 0.001s. Peers: 3","throwable":""}
{"timestamp":"2025-06-27T11:24:18,027","container":"f1f6ec10c4e9","level":"INFO","thread":"EthScheduler-Workers-0","class":"PersistBlockTask","message":"Imported #574 / 0 tx / 0 om / 0 (0.0%) gas / (0xfc301dc49d1398723890c7ef401cc2bc2f7a1c834ed74d4d6b53220ae4478709) in 0.002s. Peers: 3","throwable":""}
{"timestamp":"2025-06-27T11:24:26,024","container":"f1f6ec10c4e9","level":"INFO","thread":"EthScheduler-Workers-0","class":"PersistBlockTask","message":"Imported #575 / 0 tx / 0 om / 0 (0.0%) gas / (0xda9387ecc647391c24084b04c289cda04926a0f694ee98599ab3ea294bed2028) in 0.002s. Peers: 3","throwable":""}
{"timestamp":"2025-06-27T11:24:34,015","container":"f1f6ec10c4e9","level":"INFO","thread":"EthScheduler-Workers-0","class":"PersistBlockTask","message":"Imported #576 / 0 tx / 0 om / 0 (0.0%) gas / (0xdb2bb4742ee83449115200e01104ab8e09dd76a0e41a8730c4f1e17cf2b6d02c) in 0.001s. Peers: 3","throwable":""}
{"timestamp":"2025-06-27T11:24:42,023","container":"f1f6ec10c4e9","level":"INFO","thread":"EthScheduler-Workers-0","class":"PersistBlockTask","message":"Imported #577 / 0 tx / 0 om / 0 (0.0%) gas / (0x0524932475b6e867fe1d5545bd41c754a640ca22a7a1f7a9620324363322056a) in 0.002s. Peers: 3","throwable":""}
{"timestamp":"2025-06-27T11:24:50,028","container":"f1f6ec10c4e9","level":"INFO","thread":"EthScheduler-Workers-0","class":"PersistBlockTask","message":"Imported #578 / 0 tx / 0 om / 0 (0.0%) gas / (0x51389235dfc972d64f2c89b0cd34df406f3b636a94c74e55a0df77928fa494e6) in 0.004s. Peers: 3","throwable":""}
{"timestamp":"2025-06-27T11:24:58,024","container":"f1f6ec10c4e9","level":"INFO","thread":"EthScheduler-Workers-0","class":"PersistBlockTask","message":"Imported #579 / 0 tx / 0 om / 0 (0.0%) gas / (0x3166510ce9c5d353ef4bb78ee4d16b6b5bc32b4bd18e1b4915a565765f478e5d) in 0.003s. Peers: 3","throwable":""}
{"timestamp":"2025-06-27T11:25:06,026","container":"f1f6ec10c4e9","level":"INFO","thread":"EthScheduler-Workers-0","class":"PersistBlockTask","message":"Imported #580 / 0 tx / 0 om / 0 (0.0%) gas / (0x848feda83fcb0e005b80ffdafff6f451b219813ca2f0ac2bd59d3b14dd15bb0c) in 0.002s. Peers: 3","throwable":""}
{"timestamp":"2025-06-27T11:25:14,028","container":"f1f6ec10c4e9","level":"INFO","thread":"EthScheduler-Workers-0","class":"PersistBlockTask","message":"Imported #581 / 0 tx / 0 om / 0 (0.0%) gas / (0x830ad4ac2b6a2aeb302c1ad4382bd5e4fbb7f3c123d8480e555a89a5c8428aed) in 0.003s. Peers: 3","throwable":""}
{"timestamp":"2025-06-27T11:25:22,022","container":"f1f6ec10c4e9","level":"INFO","thread":"EthScheduler-Workers-0","class":"PersistBlockTask","message":"Imported #582 / 0 tx / 0 om / 0 (0.0%) gas / (0x5f1dd9d477b4bd1fedb1d9c6ef47b9cfd9f8a427ce791217bd9c74a824bb80af) in 0.001s. Peers: 3","throwable":""}
{"timestamp":"2025-06-27T11:25:30,024","container":"f1f6ec10c4e9","level":"INFO","thread":"EthScheduler-Workers-0","class":"PersistBlockTask","message":"Imported #583 / 0 tx / 0 om / 0 (0.0%) gas / (0xa599bcc5a50734d5b6f95b52359fd96c69db92d72bb7b83d07d8b8672c267fa2) in 0.003s. Peers: 3","throwable":""}
{"timestamp":"2025-06-27T11:25:38,027","container":"f1f6ec10c4e9","level":"INFO","thread":"EthScheduler-Workers-0","class":"PersistBlockTask","message":"Imported #584 / 0 tx / 0 om / 0 (0.0%) gas / (0x20308fb2198292bb144d31ba900c1c5e82a9a92e7cd7420f609b59a54e89c902) in 0.002s. Peers: 3","throwable":""}
{"timestamp":"2025-06-27T11:25:46,026","container":"f1f6ec10c4e9","level":"INFO","thread":"EthScheduler-Workers-0","class":"PersistBlockTask","message":"Imported #585 / 0 tx / 0 om / 0 (0.0%) gas / (0x3c6a56450cdb0e490a380755afc8df919d91a0ea77d6475ace0c45a2c4a9709c) in 0.002s. Peers: 3","throwable":""}
{"timestamp":"2025-06-27T11:25:54,024","container":"f1f6ec10c4e9","level":"INFO","thread":"EthScheduler-Workers-0","class":"PersistBlockTask","message":"Imported #586 / 0 tx / 0 om / 0 (0.0%) gas / (0xcd11eaeb5a94791579295e3350a44e1d14cd8beae4795f86fce7b5127a22d70d) in 0.002s. Peers: 3","throwable":""}
{"timestamp":"2025-06-27T11:26:02,030","container":"f1f6ec10c4e9","level":"INFO","thread":"EthScheduler-Workers-0","class":"PersistBlockTask","message":"Imported #587 / 0 tx / 0 om / 0 (0.0%) gas / (0x51c34bcad2b03c5f65eea4f10cc6d441add45c3dccd25b286b012b24ba3c70ca) in 0.002s. Peers: 3","throwable":""}
{"timestamp":"2025-06-27T11:26:10,027","container":"f1f6ec10c4e9","level":"INFO","thread":"EthScheduler-Workers-0","class":"PersistBlockTask","message":"Imported #588 / 0 tx / 0 om / 0 (0.0%) gas / (0xec05dcb61a75dbbd801e7bbca8a7af5492c337dc1c1fa9e58d1e45965242fa57) in 0.002s. Peers: 3","throwable":""}
{"timestamp":"2025-06-27T11:26:18,023","container":"f1f6ec10c4e9","level":"INFO","thread":"EthScheduler-Workers-0","class":"PersistBlockTask","message":"Imported #589 / 0 tx / 0 om / 0 (0.0%) gas / (0x3de3511d3b0aad5ed2647da261d2f3606f834cfa2e2523892fd6b1d0a9cf0120) in 0.001s. Peers: 3","throwable":""}
{"timestamp":"2025-06-27T11:26:26,022","container":"f1f6ec10c4e9","level":"INFO","thread":"EthScheduler-Workers-0","class":"PersistBlockTask","message":"Imported #590 / 0 tx / 0 om / 0 (0.0%) gas / (0xecfdf35c417f026e9d917aca52c91a4f23ffd5fec5da4b197153b113b91ed21c) in 0.001s. Peers: 3","throwable":""}
{"timestamp":"2025-06-27T11:26:34,013","container":"f1f6ec10c4e9","level":"INFO","thread":"EthScheduler-Workers-0","class":"PersistBlockTask","message":"Imported #591 / 0 tx / 0 om / 0 (0.0%) gas / (0x1ee251878a2a961c4c0a338c99cb9db2bd10329eea9fbc9266e16c06ad708ad9) in 0.001s. Peers: 3","throwable":""}
{"timestamp":"2025-06-27T11:26:42,031","container":"f1f6ec10c4e9","level":"INFO","thread":"EthScheduler-Workers-0","class":"PersistBlockTask","message":"Imported #592 / 0 tx / 0 om / 0 (0.0%) gas / (0x0ae08aab60aaaeae77650e1399d8c67856a583ebd8e424fdadd2e9b7f63f399f) in 0.002s. Peers: 3","throwable":""}
{"timestamp":"2025-06-27T11:26:50,025","container":"f1f6ec10c4e9","level":"INFO","thread":"EthScheduler-Workers-0","class":"PersistBlockTask","message":"Imported #593 / 0 tx / 0 om / 0 (0.0%) gas / (0x458279f223e8b0b2069bf0ef98b59e4cfee316959f2ba26676420ad253ff786b) in 0.002s. Peers: 3","throwable":""}
{"timestamp":"2025-06-27T11:26:58,027","container":"f1f6ec10c4e9","level":"INFO","thread":"EthScheduler-Workers-0","class":"PersistBlockTask","message":"Imported #594 / 0 tx / 0 om / 0 (0.0%) gas / (0xd5aebc5a36c27c79a2cb23bfb0414dc4cc37f19e1655e1c864f748ab937ac930) in 0.003s. Peers: 3","throwable":""}
{"timestamp":"2025-06-27T11:27:06,027","container":"f1f6ec10c4e9","level":"INFO","thread":"EthScheduler-Workers-0","class":"PersistBlockTask","message":"Imported #595 / 0 tx / 0 om / 0 (0.0%) gas / (0x1214a3de12558ee63a00b45112242aa9c84c692a8a395e892e7d367ebfd7e816) in 0.003s. Peers: 3","throwable":""}
{"timestamp":"2025-06-27T11:27:14,027","container":"f1f6ec10c4e9","level":"INFO","thread":"EthScheduler-Workers-0","class":"PersistBlockTask","message":"Imported #596 / 0 tx / 0 om / 0 (0.0%) gas / (0xe0f2d1ac484ff7e8f14e3cefe61ab69ee7f375758d648dcc0b15905a3a17962b) in 0.002s. Peers: 3","throwable":""}
{"timestamp":"2025-06-27T11:27:22,028","container":"f1f6ec10c4e9","level":"INFO","thread":"EthScheduler-Workers-0","class":"PersistBlockTask","message":"Imported #597 / 0 tx / 0 om / 0 (0.0%) gas / (0x98e64c2693af6dcf7e52c51cf24b4b4353dcfd10fd7ddadadfbe278312f77336) in 0.002s. Peers: 3","throwable":""}
{"timestamp":"2025-06-27T11:27:30,024","container":"f1f6ec10c4e9","level":"INFO","thread":"EthScheduler-Workers-0","class":"PersistBlockTask","message":"Imported #598 / 0 tx / 0 om / 0 (0.0%) gas / (0x906696e69233cd60f20199210370f2e0dc9d53916a73e0eaeb7d4ce84b649a8d) in 0.002s. Peers: 3","throwable":""}
{"timestamp":"2025-06-27T11:27:38,026","container":"f1f6ec10c4e9","level":"INFO","thread":"EthScheduler-Workers-0","class":"PersistBlockTask","message":"Imported #599 / 0 tx / 0 om / 0 (0.0%) gas / (0xd9916e0dc40b9e32568bfb1fa0835355431b7f4a71cccf849cf34c79a182afca) in 0.002s. Peers: 3","throwable":""}
{"timestamp":"2025-06-27T11:27:46,023","container":"f1f6ec10c4e9","level":"INFO","thread":"EthScheduler-Workers-0","class":"PersistBlockTask","message":"Imported #600 / 0 tx / 0 om / 0 (0.0%) gas / (0x40897c92038fdf2a5acddb7d6475d245466c173c54cda5fd3d6b09cf14f3b5c3) in 0.002s. Peers: 3","throwable":""}
{"timestamp":"2025-06-27T11:27:54,027","container":"f1f6ec10c4e9","level":"INFO","thread":"EthScheduler-Workers-0","class":"PersistBlockTask","message":"Imported #601 / 0 tx / 0 om / 0 (0.0%) gas / (0xa6ed11a1d5b8d8fb38acd3bf410bdba3ad48ec6fe32002667b0871d1b8a2c2c8) in 0.002s. Peers: 3","throwable":""}
{"timestamp":"2025-06-27T11:28:02,024","container":"f1f6ec10c4e9","level":"INFO","thread":"EthScheduler-Workers-0","class":"PersistBlockTask","message":"Imported #602 / 0 tx / 0 om / 0 (0.0%) gas / (0xafd30bf645422157aaef273c4cb4cacb193b42a7acc32afdba479329c97d4aa5) in 0.001s. Peers: 3","throwable":""}
{"timestamp":"2025-06-27T11:28:10,025","container":"f1f6ec10c4e9","level":"INFO","thread":"EthScheduler-Workers-0","class":"PersistBlockTask","message":"Imported #603 / 0 tx / 0 om / 0 (0.0%) gas / (0x20504b742fddf25f51407a857a8818df9f55858c3359dd21c3fdb731da293523) in 0.003s. Peers: 3","throwable":""}
{"timestamp":"2025-06-27T11:28:18,022","container":"f1f6ec10c4e9","level":"INFO","thread":"EthScheduler-Workers-0","class":"PersistBlockTask","message":"Imported #604 / 0 tx / 0 om / 0 (0.0%) gas / (0xdc0963323c676385c5d4a8240cc987bdde82b1582f11718d91496f7d74bf5858) in 0.002s. Peers: 3","throwable":""}
{"timestamp":"2025-06-27T11:28:26,023","container":"f1f6ec10c4e9","level":"INFO","thread":"EthScheduler-Workers-0","class":"PersistBlockTask","message":"Imported #605 / 0 tx / 0 om / 0 (0.0%) gas / (0x9a83eaf88b17c6c51537e01872ef3a088741c189a52109f8b43fa885eb960373) in 0.002s. Peers: 3","throwable":""}
{"timestamp":"2025-06-27T11:28:34,026","container":"f1f6ec10c4e9","level":"INFO","thread":"EthScheduler-Workers-0","class":"PersistBlockTask","message":"Imported #606 / 0 tx / 0 om / 0 (0.0%) gas / (0x857a63aefdf5425d95a22ba2ee3e57060ff90d9339dc9aaefd164c8b241e6880) in 0.002s. Peers: 3","throwable":""}
{"timestamp":"2025-06-27T11:28:42,023","container":"f1f6ec10c4e9","level":"INFO","thread":"EthScheduler-Workers-0","class":"PersistBlockTask","message":"Imported #607 / 0 tx / 0 om / 0 (0.0%) gas / (0x13b8c6c71af268819a77e0a414380d5039743121133f7030929d0480e4718ac3) in 0.002s. Peers: 3","throwable":""}
{"timestamp":"2025-06-27T11:28:50,019","container":"f1f6ec10c4e9","level":"INFO","thread":"EthScheduler-Workers-0","class":"PersistBlockTask","message":"Imported #608 / 0 tx / 0 om / 0 (0.0%) gas / (0x2b24e8de709d90c02e35167ea9a6e62af5a7d39a237c7c54c33c874d74922ab1) in 0.002s. Peers: 3","throwable":""}
{"timestamp":"2025-06-27T11:28:58,022","container":"f1f6ec10c4e9","level":"INFO","thread":"EthScheduler-Workers-0","class":"PersistBlockTask","message":"Imported #609 / 0 tx / 0 om / 0 (0.0%) gas / (0xf7b4f8ae3609cb9c1c5b1b82ab1d26a57249ec53bdd593d12c3cf3c0959eb6ea) in 0.002s. Peers: 3","throwable":""}
{"timestamp":"2025-06-27T11:29:06,031","container":"f1f6ec10c4e9","level":"INFO","thread":"EthScheduler-Workers-0","class":"PersistBlockTask","message":"Imported #610 / 0 tx / 0 om / 0 (0.0%) gas / (0xb79b77ca9f8753de318a3fb350546422f4a95e6dc26761a94d0ddef2cfdc7529) in 0.003s. Peers: 3","throwable":""}
{"timestamp":"2025-06-27T11:29:14,024","container":"f1f6ec10c4e9","level":"INFO","thread":"EthScheduler-Workers-0","class":"PersistBlockTask","message":"Imported #611 / 0 tx / 0 om / 0 (0.0%) gas / (0xcef5d8241c3d75987cfd586f700d5977f2b61d51d29437938c369c86d2cc3f13) in 0.002s. Peers: 3","throwable":""}
{"timestamp":"2025-06-27T11:29:22,028","container":"f1f6ec10c4e9","level":"INFO","thread":"EthScheduler-Workers-0","class":"PersistBlockTask","message":"Imported #612 / 0 tx / 0 om / 0 (0.0%) gas / (0x2395430b3a6a27b01e30ee63619d3a8f52637a135e66fcb0bd1cc5393aa34e96) in 0.004s. Peers: 3","throwable":""}
{"timestamp":"2025-06-27T11:29:30,024","container":"f1f6ec10c4e9","level":"INFO","thread":"EthScheduler-Workers-0","class":"PersistBlockTask","message":"Imported #613 / 0 tx / 0 om / 0 (0.0%) gas / (0x461108ca233b2f83c0ee7ebcbd85cb9302af2bae6cafa7915a274f5faf4d33bc) in 0.003s. Peers: 3","throwable":""}
{"timestamp":"2025-06-27T11:29:38,025","container":"f1f6ec10c4e9","level":"INFO","thread":"EthScheduler-Workers-0","class":"PersistBlockTask","message":"Imported #614 / 0 tx / 0 om / 0 (0.0%) gas / (0xd609ebf245600a7f7cdf8eecc8609f781b3d63aae4749a0759bf3a74c202a7ba) in 0.001s. Peers: 3","throwable":""}
{"timestamp":"2025-06-27T11:29:46,025","container":"f1f6ec10c4e9","level":"INFO","thread":"EthScheduler-Workers-0","class":"PersistBlockTask","message":"Imported #615 / 0 tx / 0 om / 0 (0.0%) gas / (0xcca30811ebd0b8af6c65871eca830c819aa56494e662e7143fc4ade11a1adb16) in 0.002s. Peers: 3","throwable":""}
{"timestamp":"2025-06-27T11:29:54,026","container":"f1f6ec10c4e9","level":"INFO","thread":"EthScheduler-Workers-0","class":"PersistBlockTask","message":"Imported #616 / 0 tx / 0 om / 0 (0.0%) gas / (0xc7d397119afb4e93251e0d5b4dd5d591836d0981ca79898d6bdc7abc2bd84c7e) in 0.003s. Peers: 3","throwable":""}
{"timestamp":"2025-06-27T11:30:02,023","container":"f1f6ec10c4e9","level":"INFO","thread":"EthScheduler-Workers-0","class":"PersistBlockTask","message":"Imported #617 / 0 tx / 0 om / 0 (0.0%) gas / (0xda3e14143c4e9744625b129ce1ad5b8c6e5a80b59a3a14071372b77d686b79bd) in 0.001s. Peers: 3","throwable":""}
{"timestamp":"2025-06-27T11:30:10,024","container":"f1f6ec10c4e9","level":"INFO","thread":"EthScheduler-Workers-0","class":"PersistBlockTask","message":"Imported #618 / 0 tx / 0 om / 0 (0.0%) gas / (0x4a8d79f010889f6e4e453109bdfd0229e2205d49d83a45ecbee940db591e2a1d) in 0.002s. Peers: 3","throwable":""}
{"timestamp":"2025-06-27T11:30:18,028","container":"f1f6ec10c4e9","level":"INFO","thread":"EthScheduler-Workers-0","class":"PersistBlockTask","message":"Imported #619 / 0 tx / 0 om / 0 (0.0%) gas / (0x8d2ec39c3870b78d4f51e5aeeeb94d7726f76db844088ed65bf4c4208e616d4d) in 0.002s. Peers: 3","throwable":""}
{"timestamp":"2025-06-27T11:30:26,033","container":"f1f6ec10c4e9","level":"INFO","thread":"EthScheduler-Workers-0","class":"PersistBlockTask","message":"Imported #620 / 0 tx / 0 om / 0 (0.0%) gas / (0x9aa2c1c4cccdf58b96b13f5e40f9e0d7c8347b7340fb88108679a9b728006d8b) in 0.004s. Peers: 3","throwable":""}
{"timestamp":"2025-06-27T11:30:34,023","container":"f1f6ec10c4e9","level":"INFO","thread":"EthScheduler-Workers-0","class":"PersistBlockTask","message":"Imported #621 / 0 tx / 0 om / 0 (0.0%) gas / (0x9576b84bb889fbf6647f0a68a6b080494e8ea7052804e2c2939729c5e281571a) in 0.001s. Peers: 3","throwable":""}
{"timestamp":"2025-06-27T11:30:42,025","container":"f1f6ec10c4e9","level":"INFO","thread":"EthScheduler-Workers-0","class":"PersistBlockTask","message":"Imported #622 / 0 tx / 0 om / 0 (0.0%) gas / (0xde1426a4d0740a5458888aa6a005b47c60a9c64de23c7efa3301664dafb4f8c9) in 0.001s. Peers: 3","throwable":""}
{"timestamp":"2025-06-27T11:30:50,023","container":"f1f6ec10c4e9","level":"INFO","thread":"EthScheduler-Workers-0","class":"PersistBlockTask","message":"Imported #623 / 0 tx / 0 om / 0 (0.0%) gas / (0x241fc020d9c3b50822dc4d93176a877f1a3e0554dfe405ec852bbdaae8bbd9ed) in 0.002s. Peers: 3","throwable":""}
{"timestamp":"2025-06-27T11:30:58,041","container":"f1f6ec10c4e9","level":"INFO","thread":"EthScheduler-Workers-0","class":"PersistBlockTask","message":"Imported #624 / 0 tx / 0 om / 0 (0.0%) gas / (0xd39c9d843ad5bd9e3a268dbba5e5c343dc238d9bfb43315c4f50e32c194641e4) in 0.003s. Peers: 3","throwable":""}
{"timestamp":"2025-06-27T11:31:06,027","container":"f1f6ec10c4e9","level":"INFO","thread":"EthScheduler-Workers-0","class":"PersistBlockTask","message":"Imported #625 / 0 tx / 0 om / 0 (0.0%) gas / (0x6fe0201f970b030071e43921b5262d37c070af98c1537927886c59ab725d6f94) in 0.001s. Peers: 3","throwable":""}
{"timestamp":"2025-06-27T11:31:14,024","container":"f1f6ec10c4e9","level":"INFO","thread":"EthScheduler-Workers-0","class":"PersistBlockTask","message":"Imported #626 / 0 tx / 0 om / 0 (0.0%) gas / (0x6dfceed5895c905673e7f3c73ce857306e7445e730a522f2d1a8a1830b42fc8f) in 0.002s. Peers: 3","throwable":""}
{"timestamp":"2025-06-27T11:31:22,025","container":"f1f6ec10c4e9","level":"INFO","thread":"EthScheduler-Workers-0","class":"PersistBlockTask","message":"Imported #627 / 0 tx / 0 om / 0 (0.0%) gas / (0x8ac39b05bd78eeab108e99182bc8c65a6159d1e60682c01586b1c59399b91c3c) in 0.002s. Peers: 3","throwable":""}
{"timestamp":"2025-06-27T11:31:30,021","container":"f1f6ec10c4e9","level":"INFO","thread":"EthScheduler-Workers-0","class":"PersistBlockTask","message":"Imported #628 / 0 tx / 0 om / 0 (0.0%) gas / (0xe6efff48bed62a67744eb9e7c1419cc77ecc7adb2bee851a3bbf047ed7503d39) in 0.001s. Peers: 3","throwable":""}
{"timestamp":"2025-06-27T11:31:38,022","container":"f1f6ec10c4e9","level":"INFO","thread":"EthScheduler-Workers-0","class":"PersistBlockTask","message":"Imported #629 / 0 tx / 0 om / 0 (0.0%) gas / (0x0f60adf75d1d4a5a74a000379578124f2fe9ab353ca504741a8201111745e760) in 0.002s. Peers: 3","throwable":""}
{"timestamp":"2025-06-27T11:31:46,024","container":"f1f6ec10c4e9","level":"INFO","thread":"EthScheduler-Workers-0","class":"PersistBlockTask","message":"Imported #630 / 0 tx / 0 om / 0 (0.0%) gas / (0xd2b60a2e68837c01f92ac41d9f6db9d4b901c794f4e56e79ce2b70481a1b3e62) in 0.002s. Peers: 3","throwable":""}
{"timestamp":"2025-06-27T11:31:54,026","container":"f1f6ec10c4e9","level":"INFO","thread":"EthScheduler-Workers-0","class":"PersistBlockTask","message":"Imported #631 / 0 tx / 0 om / 0 (0.0%) gas / (0xe2d7566b1043ecd1e249ef7ca49dd4952db44ae059e66b63ed31dadbe31a70a5) in 0.002s. Peers: 3","throwable":""}
{"timestamp":"2025-06-27T11:32:02,039","container":"f1f6ec10c4e9","level":"INFO","thread":"EthScheduler-Workers-0","class":"PersistBlockTask","message":"Imported #632 / 0 tx / 0 om / 0 (0.0%) gas / (0x0f2378703ad0d8e38a4e0928740765f902a09ae40453964f249646d0452ae33f) in 0.002s. Peers: 3","throwable":""}
{"timestamp":"2025-06-27T11:32:10,029","container":"f1f6ec10c4e9","level":"INFO","thread":"EthScheduler-Workers-0","class":"PersistBlockTask","message":"Imported #633 / 0 tx / 0 om / 0 (0.0%) gas / (0xa8097edcc2ea3161ece0d4ae3b4c0c0844c2978e06c2d882a39fee28684a5b96) in 0.004s. Peers: 3","throwable":""}
{"timestamp":"2025-06-27T11:32:18,024","container":"f1f6ec10c4e9","level":"INFO","thread":"EthScheduler-Workers-0","class":"PersistBlockTask","message":"Imported #634 / 0 tx / 0 om / 0 (0.0%) gas / (0x4728f785f373965c327a8b6efbd7abdf53e39f0eedc5e4717e1f8c69d9a037cc) in 0.002s. Peers: 3","throwable":""}
{"timestamp":"2025-06-27T11:32:26,024","container":"f1f6ec10c4e9","level":"INFO","thread":"EthScheduler-Workers-0","class":"PersistBlockTask","message":"Imported #635 / 0 tx / 0 om / 0 (0.0%) gas / (0x2691b63b145fc023edc155a13ac7b42ca2f88628e6ed604a904740df729ba613) in 0.003s. Peers: 3","throwable":""}
{"timestamp":"2025-06-27T11:32:34,026","container":"f1f6ec10c4e9","level":"INFO","thread":"EthScheduler-Workers-0","class":"PersistBlockTask","message":"Imported #636 / 0 tx / 0 om / 0 (0.0%) gas / (0x0ffc8cb6e6cd506bf95f1644695caeef556d1dc3ac85a51f7833721d5002d46c) in 0.004s. Peers: 3","throwable":""}
{"timestamp":"2025-06-27T11:32:42,024","container":"f1f6ec10c4e9","level":"INFO","thread":"EthScheduler-Workers-0","class":"PersistBlockTask","message":"Imported #637 / 0 tx / 0 om / 0 (0.0%) gas / (0x6d39a9c743503adca40cd3c9839971ac21405997f91ae6fb1c5df6c273bad7c1) in 0.002s. Peers: 3","throwable":""}
{"timestamp":"2025-06-27T11:32:50,029","container":"f1f6ec10c4e9","level":"INFO","thread":"EthScheduler-Workers-0","class":"PersistBlockTask","message":"Imported #638 / 0 tx / 0 om / 0 (0.0%) gas / (0xac64aac4c7399fe6aa350912be3db45ff4b593f39174874a2112612436be6d1b) in 0.003s. Peers: 3","throwable":""}
{"timestamp":"2025-06-27T11:32:58,050","container":"f1f6ec10c4e9","level":"INFO","thread":"EthScheduler-Workers-0","class":"PersistBlockTask","message":"Imported #639 / 0 tx / 0 om / 0 (0.0%) gas / (0x660e07b6bbe026d06e3b93731360589b942271153ec499cfcb87ef17a881e348) in 0.005s. Peers: 3","throwable":""}
{"timestamp":"2025-06-27T11:33:06,047","container":"f1f6ec10c4e9","level":"INFO","thread":"EthScheduler-Workers-0","class":"PersistBlockTask","message":"Imported #640 / 0 tx / 0 om / 0 (0.0%) gas / (0x95378e2f268c2b46429f1b4138a67e769d9059d162d7777832416d62ce8f88b0) in 0.002s. Peers: 3","throwable":""}
{"timestamp":"2025-06-27T11:33:14,025","container":"f1f6ec10c4e9","level":"INFO","thread":"EthScheduler-Workers-0","class":"PersistBlockTask","message":"Imported #641 / 0 tx / 0 om / 0 (0.0%) gas / (0x5ca216fba6cad8013d15fb9abe77a8c818d8acae9d45cd024980018368631585) in 0.001s. Peers: 3","throwable":""}
{"timestamp":"2025-06-27T11:33:22,018","container":"f1f6ec10c4e9","level":"INFO","thread":"EthScheduler-Workers-0","class":"PersistBlockTask","message":"Imported #642 / 0 tx / 0 om / 0 (0.0%) gas / (0x1505503504a73365ac5d17fe2faae8f23e129d2fd1556956591e394e8ccd2d5e) in 0.001s. Peers: 3","throwable":""}
{"timestamp":"2025-06-27T11:33:30,026","container":"f1f6ec10c4e9","level":"INFO","thread":"EthScheduler-Workers-0","class":"PersistBlockTask","message":"Imported #643 / 0 tx / 0 om / 0 (0.0%) gas / (0x0ac9c1a872ab1a47aedcedab8f016fe9a8f00639997d378624860ccdedee2d99) in 0.003s. Peers: 3","throwable":""}
{"timestamp":"2025-06-27T11:33:38,034","container":"f1f6ec10c4e9","level":"INFO","thread":"EthScheduler-Workers-0","class":"PersistBlockTask","message":"Imported #644 / 0 tx / 0 om / 0 (0.0%) gas / (0x4ec5d352e65dc452df40d6b57f92c7653ec88666472977deff811d2ec097e057) in 0.001s. Peers: 3","throwable":""}
{"timestamp":"2025-06-27T11:33:46,025","container":"f1f6ec10c4e9","level":"INFO","thread":"EthScheduler-Workers-0","class":"PersistBlockTask","message":"Imported #645 / 0 tx / 0 om / 0 (0.0%) gas / (0x4b7a6a4243869300edf0afea1ed81ca7ea0208cd297c0d12106c182879836054) in 0.002s. Peers: 3","throwable":""}
{"timestamp":"2025-06-27T11:33:54,026","container":"f1f6ec10c4e9","level":"INFO","thread":"EthScheduler-Workers-0","class":"PersistBlockTask","message":"Imported #646 / 0 tx / 0 om / 0 (0.0%) gas / (0x28f5fe73644c0fbf70d075a0dfa4ebaf913597afb91e8b810fda4a608e410f7a) in 0.002s. Peers: 3","throwable":""}
{"timestamp":"2025-06-27T11:34:02,021","container":"f1f6ec10c4e9","level":"INFO","thread":"EthScheduler-Workers-0","class":"PersistBlockTask","message":"Imported #647 / 1 tx / 0 om / 2,000,000 (0.0%) gas / (0xa49807349eb3fcbe416f187b1537ff6a39da139f00a616a4a355dbc569694e34) in 0.004s. Peers: 3","throwable":""}
{"timestamp":"2025-06-27T11:34:10,034","container":"f1f6ec10c4e9","level":"INFO","thread":"EthScheduler-Workers-0","class":"PersistBlockTask","message":"Imported #648 / 1 tx / 0 om / 2,000,000 (0.0%) gas / (0x41c78af4d2b1a498caea2ea90531763e40d17d45839c4944759e9e82fc125809) in 0.005s. Peers: 3","throwable":""}
{"timestamp":"2025-06-27T11:34:18,024","container":"f1f6ec10c4e9","level":"INFO","thread":"EthScheduler-Workers-0","class":"PersistBlockTask","message":"Imported #649 / 0 tx / 0 om / 0 (0.0%) gas / (0xa85788529297650ec5827db89f3fbe3d0abdc496db9f3dab6c6c79a046b00f5e) in 0.002s. Peers: 3","throwable":""}
{"timestamp":"2025-06-27T11:34:26,023","container":"f1f6ec10c4e9","level":"INFO","thread":"EthScheduler-Workers-0","class":"PersistBlockTask","message":"Imported #650 / 0 tx / 0 om / 0 (0.0%) gas / (0x6be9224167e189cb65cd670336adec13773232112842d4f546ed3ed45f80cdef) in 0.002s. Peers: 3","throwable":""}
{"timestamp":"2025-06-27T11:34:34,025","container":"f1f6ec10c4e9","level":"INFO","thread":"EthScheduler-Workers-0","class":"PersistBlockTask","message":"Imported #651 / 1 tx / 0 om / 2,000,000 (0.0%) gas / (0x08912c49bd0d6106a9d79f5c7df59e35e023e167d622ffe5cd0a794d08043789) in 0.004s. Peers: 3","throwable":""}
{"timestamp":"2025-06-27T11:34:42,038","container":"f1f6ec10c4e9","level":"INFO","thread":"EthScheduler-Workers-0","class":"PersistBlockTask","message":"Imported #652 / 1 tx / 0 om / 2,000,000 (0.0%) gas / (0x05864f6fabfa01e8bf14cb7d987ff7a2a66d7a565e709aa8b18deda4603257b5) in 0.004s. Peers: 3","throwable":""}
{"timestamp":"2025-06-27T11:34:50,028","container":"f1f6ec10c4e9","level":"INFO","thread":"EthScheduler-Workers-0","class":"PersistBlockTask","message":"Imported #653 / 0 tx / 0 om / 0 (0.0%) gas / (0xb66fcd1493645a25d8ce1d0e799b44497470d75fa96c37d64f39620e4163d451) in 0.002s. Peers: 3","throwable":""}
{"timestamp":"2025-06-27T11:34:58,036","container":"f1f6ec10c4e9","level":"INFO","thread":"EthScheduler-Workers-0","class":"PersistBlockTask","message":"Imported #654 / 1 tx / 0 om / 2,000,000 (0.0%) gas / (0x2337a1cd79f46e984cb7bce2f17065aa5f28585a3ffd9015aabd04f9c8e2c1dc) in 0.004s. Peers: 3","throwable":""}
{"timestamp":"2025-06-27T11:35:06,040","container":"f1f6ec10c4e9","level":"INFO","thread":"EthScheduler-Workers-0","class":"PersistBlockTask","message":"Imported #655 / 1 tx / 0 om / 2,000,000 (0.0%) gas / (0x6d74c3aa86af8cc0966a446f8b321fddabe6aa6e66ed22058a03b69851b6047d) in 0.005s. Peers: 3","throwable":""}
{"timestamp":"2025-06-27T11:35:14,032","container":"f1f6ec10c4e9","level":"INFO","thread":"EthScheduler-Workers-0","class":"PersistBlockTask","message":"Imported #656 / 0 tx / 0 om / 0 (0.0%) gas / (0x2c69e452aa816eae8e644ba80f6fbec095c8c719deed6ef448a26db918adb745) in 0.003s. Peers: 3","throwable":""}
{"timestamp":"2025-06-27T11:35:22,033","container":"f1f6ec10c4e9","level":"INFO","thread":"EthScheduler-Workers-0","class":"PersistBlockTask","message":"Imported #657 / 1 tx / 0 om / 2,000,000 (0.0%) gas / (0x67163f2c72859a894391c05d89adba109acb02c35bb7e841f3c234721150e5b0) in 0.005s. Peers: 3","throwable":""}
{"timestamp":"2025-06-27T11:35:30,034","container":"f1f6ec10c4e9","level":"INFO","thread":"EthScheduler-Workers-0","class":"PersistBlockTask","message":"Imported #658 / 1 tx / 0 om / 2,000,000 (0.0%) gas / (0xbc7efe3ec687efb94f99dc47f5d8727cd163d5e083076b77bb5a19cadca15a42) in 0.006s. Peers: 3","throwable":""}
{"timestamp":"2025-06-27T11:35:38,025","container":"f1f6ec10c4e9","level":"INFO","thread":"EthScheduler-Workers-0","class":"PersistBlockTask","message":"Imported #659 / 0 tx / 0 om / 0 (0.0%) gas / (0x7bacfa0e9f30f0d864fdb0bc0579de7d91b070aa451eb163b519f4e1071e0207) in 0.002s. Peers: 3","throwable":""}
{"timestamp":"2025-06-27T11:35:46,018","container":"f1f6ec10c4e9","level":"INFO","thread":"EthScheduler-Workers-0","class":"PersistBlockTask","message":"Imported #660 / 0 tx / 0 om / 0 (0.0%) gas / (0x5da8a28b23b2030244e647bbd1894757c00e6ff1e0f992567a4efbc67c6f5128) in 0.001s. Peers: 3","throwable":""}
{"timestamp":"2025-06-27T11:35:54,031","container":"f1f6ec10c4e9","level":"INFO","thread":"EthScheduler-Workers-0","class":"PersistBlockTask","message":"Imported #661 / 0 tx / 0 om / 0 (0.0%) gas / (0x89276034412afa02b45a69b0f47b92d450267960cde06b866bd2a590f3c28dc2) in 0.002s. Peers: 3","throwable":""}
{"timestamp":"2025-06-27T11:36:02,032","container":"f1f6ec10c4e9","level":"INFO","thread":"EthScheduler-Workers-0","class":"PersistBlockTask","message":"Imported #662 / 0 tx / 0 om / 0 (0.0%) gas / (0x6900108b8288889945f4c1d58731f3418f0be2de80307b1543cc63a095da8885) in 0.002s. Peers: 3","throwable":""}
{"timestamp":"2025-06-27T11:36:10,018","container":"f1f6ec10c4e9","level":"INFO","thread":"EthScheduler-Workers-0","class":"PersistBlockTask","message":"Imported #663 / 0 tx / 0 om / 0 (0.0%) gas / (0x965fec131edab9308c7ca7a0209104ee0d46697056cad7d279ffd9defb002f79) in 0.002s. Peers: 3","throwable":""}
{"timestamp":"2025-06-27T11:36:18,028","container":"f1f6ec10c4e9","level":"INFO","thread":"EthScheduler-Workers-0","class":"PersistBlockTask","message":"Imported #664 / 0 tx / 0 om / 0 (0.0%) gas / (0x9477d3f19b70501c84595d78c5d8fe29e8d6cd7c5a4415c9f9e77b6140f3e697) in 0.003s. Peers: 3","throwable":""}
{"timestamp":"2025-06-27T11:36:26,017","container":"f1f6ec10c4e9","level":"INFO","thread":"EthScheduler-Workers-0","class":"PersistBlockTask","message":"Imported #665 / 0 tx / 0 om / 0 (0.0%) gas / (0x0c3778f76f7fde7b3d9896428c55573fcc306e34ee69acf4e8cc7ce2428ddbe7) in 0.004s. Peers: 3","throwable":""}
{"timestamp":"2025-06-27T11:36:34,009","container":"f1f6ec10c4e9","level":"INFO","thread":"EthScheduler-Workers-0","class":"PersistBlockTask","message":"Imported #666 / 0 tx / 0 om / 0 (0.0%) gas / (0x8ce9a063440b82e64967c044ee9f2a760c5cfcea7d9dfc176ff2e38e20a0bb8e) in 0.003s. Peers: 3","throwable":""}
{"timestamp":"2025-06-27T11:36:42,029","container":"f1f6ec10c4e9","level":"INFO","thread":"EthScheduler-Workers-0","class":"PersistBlockTask","message":"Imported #667 / 0 tx / 0 om / 0 (0.0%) gas / (0x615b00ff56ff4d21389fadabc77b329b1967f0bcd36508d1e045dc4037007500) in 0.001s. Peers: 3","throwable":""}
{"timestamp":"2025-06-27T11:36:50,070","container":"f1f6ec10c4e9","level":"INFO","thread":"EthScheduler-Workers-0","class":"PersistBlockTask","message":"Imported #668 / 0 tx / 0 om / 0 (0.0%) gas / (0xea5eb01674198b3c86c5972d12838f46938744a57f692c47c712d1b4ddbb354a) in 0.007s. Peers: 3","throwable":""}
{"timestamp":"2025-06-27T11:36:58,012","container":"f1f6ec10c4e9","level":"INFO","thread":"EthScheduler-Workers-0","class":"PersistBlockTask","message":"Imported #669 / 0 tx / 0 om / 0 (0.0%) gas / (0xf68d202d8bdfa24e399bc03e5218c5f08a711259c749df1689e68c9d37f52bcf) in 0.003s. Peers: 3","throwable":""}
{"timestamp":"2025-06-27T11:37:06,007","container":"f1f6ec10c4e9","level":"INFO","thread":"EthScheduler-Workers-0","class":"PersistBlockTask","message":"Imported #670 / 0 tx / 0 om / 0 (0.0%) gas / (0xcd631a28933936a5be8bdabd6f90351f9e3152e2e299e9be711b04d763cd7d17) in 0.002s. Peers: 3","throwable":""}
{"timestamp":"2025-06-27T11:37:13,997","container":"f1f6ec10c4e9","level":"INFO","thread":"EthScheduler-Workers-0","class":"PersistBlockTask","message":"Imported #671 / 0 tx / 0 om / 0 (0.0%) gas / (0x2d3f921e546ac806ede58648d62d93e34ad62220aaedda42ce8d4b379280919a) in 0.004s. Peers: 3","throwable":""}
{"timestamp":"2025-06-27T11:37:22,040","container":"f1f6ec10c4e9","level":"INFO","thread":"EthScheduler-Workers-0","class":"PersistBlockTask","message":"Imported #672 / 0 tx / 0 om / 0 (0.0%) gas / (0x2a706a4d35c980be9f828acb1961fb0d676feebd129928b39fe61cf24f09e08e) in 0.009s. Peers: 3","throwable":""}
{"timestamp":"2025-06-27T11:37:29,990","container":"f1f6ec10c4e9","level":"INFO","thread":"EthScheduler-Workers-0","class":"PersistBlockTask","message":"Imported #673 / 0 tx / 0 om / 0 (0.0%) gas / (0xbfaf62d7f744cdc0654c6b4c175b626d61d65f42718ec667008a5c1dc1a55bd3) in 0.002s. Peers: 3","throwable":""}
{"timestamp":"2025-06-27T11:37:37,982","container":"f1f6ec10c4e9","level":"INFO","thread":"EthScheduler-Workers-0","class":"PersistBlockTask","message":"Imported #674 / 0 tx / 0 om / 0 (0.0%) gas / (0xb2c9638e877493e649adf6c9a8c6c6150fb8b28b3af0062bcbc65467b7a068b7) in 0.006s. Peers: 3","throwable":""}
{"timestamp":"2025-06-27T11:37:45,989","container":"f1f6ec10c4e9","level":"INFO","thread":"EthScheduler-Workers-0","class":"PersistBlockTask","message":"Imported #675 / 0 tx / 0 om / 0 (0.0%) gas / (0x6e3cefaa9fb881c7865ee465fb7aad957d780f47da1394e8e24b4889d1b2da3f) in 0.002s. Peers: 3","throwable":""}
{"timestamp":"2025-06-27T11:37:54,038","container":"f1f6ec10c4e9","level":"INFO","thread":"EthScheduler-Workers-0","class":"PersistBlockTask","message":"Imported #676 / 0 tx / 0 om / 0 (0.0%) gas / (0x134f5e59bf3702f3655076cd57c31d12aa856ac53435887de0bd40939bdf4199) in 0.003s. Peers: 3","throwable":""}
{"timestamp":"2025-06-27T11:38:01,987","container":"f1f6ec10c4e9","level":"INFO","thread":"EthScheduler-Workers-0","class":"PersistBlockTask","message":"Imported #677 / 0 tx / 0 om / 0 (0.0%) gas / (0xecaaef420cb740eb55e1deca60ddb98bf8fa1dfe900f5a5394d4b0cf2cf337ec) in 0.002s. Peers: 3","throwable":""}
{"timestamp":"2025-06-27T11:38:09,975","container":"f1f6ec10c4e9","level":"INFO","thread":"EthScheduler-Workers-0","class":"PersistBlockTask","message":"Imported #678 / 0 tx / 0 om / 0 (0.0%) gas / (0x96ed01fa2c07c5e7c8134eded77f2487b87ed0ce9307c4fa9d4fb4c4c9ef6eef) in 0.003s. Peers: 3","throwable":""}
{"timestamp":"2025-06-27T11:38:17,958","container":"f1f6ec10c4e9","level":"INFO","thread":"EthScheduler-Workers-0","class":"PersistBlockTask","message":"Imported #679 / 0 tx / 0 om / 0 (0.0%) gas / (0x9e39adb4a5a5d345bfef5aeb5d242dee74eb9e3f8ba5dcf4da66dff9935a4ad4) in 0.002s. Peers: 3","throwable":""}
{"timestamp":"2025-06-27T11:38:26,097","container":"f1f6ec10c4e9","level":"INFO","thread":"EthScheduler-Workers-0","class":"PersistBlockTask","message":"Imported #680 / 0 tx / 0 om / 0 (0.0%) gas / (0x887be44f66ae2526ce4864875ee2d9c69ab8e754e75adc8286e33a1b1b29e4c0) in 0.001s. Peers: 3","throwable":""}
{"timestamp":"2025-06-27T11:38:33,957","container":"f1f6ec10c4e9","level":"INFO","thread":"EthScheduler-Workers-0","class":"PersistBlockTask","message":"Imported #681 / 0 tx / 0 om / 0 (0.0%) gas / (0x4afd1be032580619649903fc6ad55ab14f5da80a11b745091e1ac433ddd54243) in 0.003s. Peers: 3","throwable":""}
{"timestamp":"2025-06-27T11:38:41,954","container":"f1f6ec10c4e9","level":"INFO","thread":"EthScheduler-Workers-0","class":"PersistBlockTask","message":"Imported #682 / 0 tx / 0 om / 0 (0.0%) gas / (0x0439781285f7a9989f652d84768df55a23ebc9a2134b99cf7a869e339a0fac56) in 0.005s. Peers: 3","throwable":""}
{"timestamp":"2025-06-27T11:38:49,937","container":"f1f6ec10c4e9","level":"INFO","thread":"EthScheduler-Workers-0","class":"PersistBlockTask","message":"Imported #683 / 0 tx / 0 om / 0 (0.0%) gas / (0x8f9ba42a7cb876e6667fd344ce8a0da7ee6d6b62df02d8003e8e7e4d8044f84e) in 0.001s. Peers: 3","throwable":""}
{"timestamp":"2025-06-27T11:38:58,012","container":"f1f6ec10c4e9","level":"INFO","thread":"EthScheduler-Workers-0","class":"PersistBlockTask","message":"Imported #684 / 0 tx / 0 om / 0 (0.0%) gas / (0xf112b826462d85455bc559416cc17785aad56b9f591c9bc7288118c8522affb4) in 0.001s. Peers: 3","throwable":""}
{"timestamp":"2025-06-27T11:39:05,965","container":"f1f6ec10c4e9","level":"INFO","thread":"EthScheduler-Workers-0","class":"PersistBlockTask","message":"Imported #685 / 0 tx / 0 om / 0 (0.0%) gas / (0x34ce78b3c306392228a2263a5c6aec678e529b650c6c859e1c6284529fd9a5d3) in 0.003s. Peers: 3","throwable":""}
{"timestamp":"2025-06-27T11:39:13,929","container":"f1f6ec10c4e9","level":"INFO","thread":"EthScheduler-Workers-0","class":"PersistBlockTask","message":"Imported #686 / 0 tx / 0 om / 0 (0.0%) gas / (0x517ca1eacbc144df8e2400c9fdd281ac114f798b62b31292ea69562408febbf4) in 0.002s. Peers: 3","throwable":""}
{"timestamp":"2025-06-27T11:39:21,917","container":"f1f6ec10c4e9","level":"INFO","thread":"EthScheduler-Workers-0","class":"PersistBlockTask","message":"Imported #687 / 0 tx / 0 om / 0 (0.0%) gas / (0x4470fc3f6817a702ffd5d110213dbf8e6a37dba26e0ffbac936962dcad3527ff) in 0.001s. Peers: 3","throwable":""}
{"timestamp":"2025-06-27T11:39:30,049","container":"f1f6ec10c4e9","level":"INFO","thread":"EthScheduler-Workers-0","class":"PersistBlockTask","message":"Imported #688 / 0 tx / 0 om / 0 (0.0%) gas / (0x6b211e4152307a7567e793ba47a86ca234702b6c220f547ed016e4679543a0d1) in 0.002s. Peers: 3","throwable":""}
{"timestamp":"2025-06-27T11:39:37,928","container":"f1f6ec10c4e9","level":"INFO","thread":"EthScheduler-Workers-0","class":"PersistBlockTask","message":"Imported #689 / 0 tx / 0 om / 0 (0.0%) gas / (0xe03923ad0a44728a7234619c8c19588083dbfea50ed9f6f6c6856d318ad35fbe) in 0.002s. Peers: 3","throwable":""}
{"timestamp":"2025-06-27T11:39:45,930","container":"f1f6ec10c4e9","level":"INFO","thread":"EthScheduler-Workers-0","class":"PersistBlockTask","message":"Imported #690 / 0 tx / 0 om / 0 (0.0%) gas / (0x72074ba7d702941fcb2b5738803b01f2ab1b09798a8af82e046ac86f9d846558) in 0.003s. Peers: 3","throwable":""}
{"timestamp":"2025-06-27T11:39:53,933","container":"f1f6ec10c4e9","level":"INFO","thread":"EthScheduler-Workers-0","class":"PersistBlockTask","message":"Imported #691 / 0 tx / 0 om / 0 (0.0%) gas / (0x86df944c1d180e407dd77fd5d28bf7f625d40ba15c32febcb7ec855486e48cb1) in 0.002s. Peers: 3","throwable":""}
{"timestamp":"2025-06-27T11:40:02,174","container":"f1f6ec10c4e9","level":"INFO","thread":"EthScheduler-Workers-0","class":"PersistBlockTask","message":"Imported #692 / 0 tx / 0 om / 0 (0.0%) gas / (0x0f8832877ea2c127ed7427593a3a0a69e40dcaf2bc033789076fed973a997bc2) in 0.001s. Peers: 3","throwable":""}
{"timestamp":"2025-06-27T11:40:09,930","container":"f1f6ec10c4e9","level":"INFO","thread":"EthScheduler-Workers-0","class":"PersistBlockTask","message":"Imported #693 / 0 tx / 0 om / 0 (0.0%) gas / (0x2c0d9bb6ea09eeb0ab5849c2393a71f5fa47d84a006cc8da36daf1f4b0ab6468) in 0.001s. Peers: 3","throwable":""}
{"timestamp":"2025-06-27T11:40:17,945","container":"f1f6ec10c4e9","level":"INFO","thread":"EthScheduler-Workers-0","class":"PersistBlockTask","message":"Imported #694 / 0 tx / 0 om / 0 (0.0%) gas / (0x5e2df2b43aad1fbd306cb2e4a7ef18355918f705837456ae9c1c89f1334f2f16) in 0.001s. Peers: 3","throwable":""}
{"timestamp":"2025-06-27T11:40:25,938","container":"f1f6ec10c4e9","level":"INFO","thread":"EthScheduler-Workers-0","class":"PersistBlockTask","message":"Imported #695 / 0 tx / 0 om / 0 (0.0%) gas / (0xcca382d2b3648376a863d8a0b8478345d3c9b372a065c6778cc56f40cd71b224) in 0.001s. Peers: 3","throwable":""}
{"timestamp":"2025-06-27T11:40:34,053","container":"f1f6ec10c4e9","level":"INFO","thread":"EthScheduler-Workers-0","class":"PersistBlockTask","message":"Imported #696 / 0 tx / 0 om / 0 (0.0%) gas / (0xea1a8ed655499cbd222424a1ee771c545184e2f911896e92cd5d9eb12f6a5500) in 0.010s. Peers: 3","throwable":""}
{"timestamp":"2025-06-27T11:40:41,966","container":"f1f6ec10c4e9","level":"INFO","thread":"EthScheduler-Workers-0","class":"PersistBlockTask","message":"Imported #697 / 0 tx / 0 om / 0 (0.0%) gas / (0xf3958ffabd4e319689c65e084326daae4a0343262a6bf269f9fc60753006f31d) in 0.001s. Peers: 3","throwable":""}
{"timestamp":"2025-06-27T11:40:49,967","container":"f1f6ec10c4e9","level":"INFO","thread":"EthScheduler-Workers-0","class":"PersistBlockTask","message":"Imported #698 / 0 tx / 0 om / 0 (0.0%) gas / (0x4f98fd3016542bc9d1d9ba75f1ccb764e289b2f03d47195b0cc3afcff0104328) in 0.002s. Peers: 3","throwable":""}
{"timestamp":"2025-06-27T11:40:57,961","container":"f1f6ec10c4e9","level":"INFO","thread":"EthScheduler-Workers-0","class":"PersistBlockTask","message":"Imported #699 / 0 tx / 0 om / 0 (0.0%) gas / (0xca717599de8f9ec56f99fe7f4e3a7ab9d4f143273afe2c057b78f2dff62b78e9) in 0.001s. Peers: 3","throwable":""}
{"timestamp":"2025-06-27T11:41:06,021","container":"f1f6ec10c4e9","level":"INFO","thread":"EthScheduler-Workers-0","class":"PersistBlockTask","message":"Imported #700 / 0 tx / 0 om / 0 (0.0%) gas / (0xb68b36c6740dcfe2ab7b0b7f31478c0869cd0d287b68a6e0702b87383a27e743) in 0.003s. Peers: 3","throwable":""}
{"timestamp":"2025-06-27T11:41:13,988","container":"f1f6ec10c4e9","level":"INFO","thread":"EthScheduler-Workers-0","class":"PersistBlockTask","message":"Imported #701 / 0 tx / 0 om / 0 (0.0%) gas / (0x03032a8aebec27a556d8acae580b691422c5f6ef1834a19c1534bf2c73bff791) in 0.003s. Peers: 3","throwable":""}
{"timestamp":"2025-06-27T11:41:21,974","container":"f1f6ec10c4e9","level":"INFO","thread":"EthScheduler-Workers-0","class":"PersistBlockTask","message":"Imported #702 / 0 tx / 0 om / 0 (0.0%) gas / (0xa60b0ff8218f4bc0b1de1b5c5ca44aa6403e741f4f7db406ed430b063129a2f5) in 0.002s. Peers: 3","throwable":""}
{"timestamp":"2025-06-27T11:41:29,982","container":"f1f6ec10c4e9","level":"INFO","thread":"EthScheduler-Workers-0","class":"PersistBlockTask","message":"Imported #703 / 0 tx / 0 om / 0 (0.0%) gas / (0x1dc7fb456319a23155181b46900add0e43c4c83d5ca1884e5b2e4f28d832f392) in 0.002s. Peers: 3","throwable":""}
{"timestamp":"2025-06-27T11:41:38,030","container":"f1f6ec10c4e9","level":"INFO","thread":"EthScheduler-Workers-0","class":"PersistBlockTask","message":"Imported #704 / 0 tx / 0 om / 0 (0.0%) gas / (0x93e70d86792be8ed8ce3b43a49d8c0b568f278f63da9cfcb3dd77cd1b9c552bd) in 0.003s. Peers: 3","throwable":""}
{"timestamp":"2025-06-27T11:41:45,992","container":"f1f6ec10c4e9","level":"INFO","thread":"EthScheduler-Workers-0","class":"PersistBlockTask","message":"Imported #705 / 0 tx / 0 om / 0 (0.0%) gas / (0x57d7a5915f68931986d27ffa390f6b371c5ba7bb8f9f25f8b5442f12f72aa65e) in 0.002s. Peers: 3","throwable":""}
{"timestamp":"2025-06-27T11:41:53,993","container":"f1f6ec10c4e9","level":"INFO","thread":"EthScheduler-Workers-0","class":"PersistBlockTask","message":"Imported #706 / 0 tx / 0 om / 0 (0.0%) gas / (0x3638c7e7ea21bdaa8bac00d4367bdec39905a948869dba9e15ac34d859295733) in 0.002s. Peers: 3","throwable":""}
{"timestamp":"2025-06-27T11:42:01,988","container":"f1f6ec10c4e9","level":"INFO","thread":"EthScheduler-Workers-0","class":"PersistBlockTask","message":"Imported #707 / 0 tx / 0 om / 0 (0.0%) gas / (0xc147eb0ea10c06c97374c6e8db98750875f5ca262e193fc40345387e8052e15d) in 0.002s. Peers: 3","throwable":""}
{"timestamp":"2025-06-27T11:42:10,027","container":"f1f6ec10c4e9","level":"INFO","thread":"EthScheduler-Workers-0","class":"PersistBlockTask","message":"Imported #708 / 0 tx / 0 om / 0 (0.0%) gas / (0x0ea786b5202919e45ca9843aaf6ebff0aa20164e89162e807d181afae7ef1e11) in 0.002s. Peers: 3","throwable":""}
{"timestamp":"2025-06-27T11:42:18,026","container":"f1f6ec10c4e9","level":"INFO","thread":"EthScheduler-Workers-0","class":"PersistBlockTask","message":"Imported #709 / 0 tx / 0 om / 0 (0.0%) gas / (0x1e13f9b82014886ebd4c1cba74a385b70480ec7bdf8c7954cfce062043d11d6a) in 0.002s. Peers: 3","throwable":""}
{"timestamp":"2025-06-27T11:42:26,018","container":"f1f6ec10c4e9","level":"INFO","thread":"EthScheduler-Workers-0","class":"PersistBlockTask","message":"Imported #710 / 0 tx / 0 om / 0 (0.0%) gas / (0x697139f2791c5a1c0552e535ae7f98c1b3888dba0fc2e2fe1a5bb93acf7f3871) in 0.002s. Peers: 3","throwable":""}
{"timestamp":"2025-06-27T11:42:34,010","container":"f1f6ec10c4e9","level":"INFO","thread":"EthScheduler-Workers-0","class":"PersistBlockTask","message":"Imported #711 / 0 tx / 0 om / 0 (0.0%) gas / (0x12d864da710482c7bce94008ae418c94167412e6a6450d823be3403443130b52) in 0.001s. Peers: 3","throwable":""}
{"timestamp":"2025-06-27T11:42:42,023","container":"f1f6ec10c4e9","level":"INFO","thread":"EthScheduler-Workers-0","class":"PersistBlockTask","message":"Imported #712 / 0 tx / 0 om / 0 (0.0%) gas / (0xf6dac270c74241e677810ed42302b4e570d455744fbcfcadf70e599cd3f24290) in 0.003s. Peers: 3","throwable":""}
{"timestamp":"2025-06-27T11:42:50,020","container":"f1f6ec10c4e9","level":"INFO","thread":"EthScheduler-Workers-0","class":"PersistBlockTask","message":"Imported #713 / 0 tx / 0 om / 0 (0.0%) gas / (0xbdccc4e200c351bfb08bbef7b4393cc9f4118f1e3d7c6afeeef38861c1b4313f) in 0.003s. Peers: 3","throwable":""}
{"timestamp":"2025-06-27T11:42:58,022","container":"f1f6ec10c4e9","level":"INFO","thread":"EthScheduler-Workers-0","class":"PersistBlockTask","message":"Imported #714 / 0 tx / 0 om / 0 (0.0%) gas / (0x5ee7b2c438e6670e14c584d32a4eff8bf39d82e3d4df4618120a3e31ada08e46) in 0.001s. Peers: 3","throwable":""}
{"timestamp":"2025-06-27T11:43:06,028","container":"f1f6ec10c4e9","level":"INFO","thread":"EthScheduler-Workers-0","class":"PersistBlockTask","message":"Imported #715 / 0 tx / 0 om / 0 (0.0%) gas / (0xd8909d668970090828330cc921d6f060420d4e6d22e39732e46f53cf8a25c595) in 0.002s. Peers: 3","throwable":""}
{"timestamp":"2025-06-27T11:43:14,034","container":"f1f6ec10c4e9","level":"INFO","thread":"EthScheduler-Workers-0","class":"PersistBlockTask","message":"Imported #716 / 0 tx / 0 om / 0 (0.0%) gas / (0xbe20c6dc0053e8079254e41889450f253c1067fb8772089085d547faccaa5450) in 0.002s. Peers: 3","throwable":""}
{"timestamp":"2025-06-27T11:43:22,034","container":"f1f6ec10c4e9","level":"INFO","thread":"EthScheduler-Workers-0","class":"PersistBlockTask","message":"Imported #717 / 0 tx / 0 om / 0 (0.0%) gas / (0xbe9a229c9981c566dc74b598edd096ae3094235d2d24ab8217db5fae4da584ff) in 0.002s. Peers: 3","throwable":""}
{"timestamp":"2025-06-27T11:43:30,029","container":"f1f6ec10c4e9","level":"INFO","thread":"EthScheduler-Workers-0","class":"PersistBlockTask","message":"Imported #718 / 0 tx / 0 om / 0 (0.0%) gas / (0xb8b9309b60b6a5bde1ac44db68ed30c64c3f481d9130bd975d51c83eb8a79558) in 0.002s. Peers: 3","throwable":""}
{"timestamp":"2025-06-27T11:43:38,029","container":"f1f6ec10c4e9","level":"INFO","thread":"EthScheduler-Workers-0","class":"PersistBlockTask","message":"Imported #719 / 0 tx / 0 om / 0 (0.0%) gas / (0x4a42cb74c859c6d0cd74707f5cc2bd55b21cd60184a4912eaefd5d5f2d216a5a) in 0.002s. Peers: 3","throwable":""}
{"timestamp":"2025-06-27T11:43:46,028","container":"f1f6ec10c4e9","level":"INFO","thread":"EthScheduler-Workers-0","class":"PersistBlockTask","message":"Imported #720 / 0 tx / 0 om / 0 (0.0%) gas / (0x5a8b80cc0c9c78235e9b888910ac45190713f03cf3a9d4cc62e0fbff90d63fed) in 0.002s. Peers: 3","throwable":""}
{"timestamp":"2025-06-27T11:43:54,026","container":"f1f6ec10c4e9","level":"INFO","thread":"EthScheduler-Workers-0","class":"PersistBlockTask","message":"Imported #721 / 0 tx / 0 om / 0 (0.0%) gas / (0xf01138061bd185b26455d401ede400154cbe8e0e486414a4542c5160271a986d) in 0.004s. Peers: 3","throwable":""}
{"timestamp":"2025-06-27T11:44:02,020","container":"f1f6ec10c4e9","level":"INFO","thread":"EthScheduler-Workers-0","class":"PersistBlockTask","message":"Imported #722 / 0 tx / 0 om / 0 (0.0%) gas / (0xef30be6aec7a451b038aa5ed1e01fd233103c6b85d2e0477d7c76abb79789113) in 0.001s. Peers: 3","throwable":""}
{"timestamp":"2025-06-27T11:44:10,020","container":"f1f6ec10c4e9","level":"INFO","thread":"EthScheduler-Workers-0","class":"PersistBlockTask","message":"Imported #723 / 0 tx / 0 om / 0 (0.0%) gas / (0xbde2c8a33424e422142d60c1eadfa9cef8977d9425ba7dd7eeb11a080fc6f7a7) in 0.002s. Peers: 3","throwable":""}
{"timestamp":"2025-06-27T11:44:18,022","container":"f1f6ec10c4e9","level":"INFO","thread":"EthScheduler-Workers-0","class":"PersistBlockTask","message":"Imported #724 / 0 tx / 0 om / 0 (0.0%) gas / (0x0a656256dfd054b80fea2b6a77184ab4a145627f904ee3c6b4c3a86c56cf9c1e) in 0.001s. Peers: 3","throwable":""}
{"timestamp":"2025-06-27T11:44:26,032","container":"f1f6ec10c4e9","level":"INFO","thread":"EthScheduler-Workers-0","class":"PersistBlockTask","message":"Imported #725 / 0 tx / 0 om / 0 (0.0%) gas / (0xd88f8efa9ea51758e35456b55afc9a1f4f767996a409b58f750b8bf6e668c123) in 0.002s. Peers: 3","throwable":""}
{"timestamp":"2025-06-27T11:44:34,033","container":"f1f6ec10c4e9","level":"INFO","thread":"EthScheduler-Workers-0","class":"PersistBlockTask","message":"Imported #726 / 0 tx / 0 om / 0 (0.0%) gas / (0xe373ee79ab20523d528778334b9f10e811990ab75dc3cef3548502009a7cff76) in 0.003s. Peers: 3","throwable":""}
{"timestamp":"2025-06-27T11:44:42,030","container":"f1f6ec10c4e9","level":"INFO","thread":"EthScheduler-Workers-0","class":"PersistBlockTask","message":"Imported #727 / 0 tx / 0 om / 0 (0.0%) gas / (0x208621b6bf20d63d7a7842f919a2f9bdf6e15d6f490d598a505728c140be67ee) in 0.004s. Peers: 3","throwable":""}
{"timestamp":"2025-06-27T11:44:50,030","container":"f1f6ec10c4e9","level":"INFO","thread":"EthScheduler-Workers-0","class":"PersistBlockTask","message":"Imported #728 / 0 tx / 0 om / 0 (0.0%) gas / (0x4b28c12058adb2c18aa1507fe2486e1d5fe165e4884df030a92bbb3f842893da) in 0.003s. Peers: 3","throwable":""}
{"timestamp":"2025-06-27T11:44:58,025","container":"f1f6ec10c4e9","level":"INFO","thread":"EthScheduler-Workers-0","class":"PersistBlockTask","message":"Imported #729 / 0 tx / 0 om / 0 (0.0%) gas / (0x49dbd661a2712033a2b332f6f638cdad8f634d6e9920c1e17a3494a894364c5e) in 0.002s. Peers: 3","throwable":""}
{"timestamp":"2025-06-27T11:45:06,029","container":"f1f6ec10c4e9","level":"INFO","thread":"EthScheduler-Workers-0","class":"PersistBlockTask","message":"Imported #730 / 0 tx / 0 om / 0 (0.0%) gas / (0x4de336cd3cb1ad2ec8f37e6b633b14ce9f59ed7efb5341a107f4456ad9bc5cf9) in 0.003s. Peers: 3","throwable":""}
{"timestamp":"2025-06-27T11:45:14,020","container":"f1f6ec10c4e9","level":"INFO","thread":"EthScheduler-Workers-0","class":"PersistBlockTask","message":"Imported #731 / 0 tx / 0 om / 0 (0.0%) gas / (0x9be5f0a719d5256de76db928c2ba12232ba24509849f9b44bd7c9e5d383bc4da) in 0.001s. Peers: 3","throwable":""}
{"timestamp":"2025-06-27T11:45:22,035","container":"f1f6ec10c4e9","level":"INFO","thread":"EthScheduler-Workers-0","class":"PersistBlockTask","message":"Imported #732 / 0 tx / 0 om / 0 (0.0%) gas / (0xd0d828dd49b7b7d52b2859c6988c30ddb5f14f00363bea88df8e82eb21372157) in 0.002s. Peers: 3","throwable":""}
{"timestamp":"2025-06-27T11:45:30,027","container":"f1f6ec10c4e9","level":"INFO","thread":"EthScheduler-Workers-0","class":"PersistBlockTask","message":"Imported #733 / 0 tx / 0 om / 0 (0.0%) gas / (0xdbfa88b89b64d45df402c9b5f0832532fdcaf2033fd767635ff4a137afa95418) in 0.003s. Peers: 3","throwable":""}
{"timestamp":"2025-06-27T11:45:38,027","container":"f1f6ec10c4e9","level":"INFO","thread":"EthScheduler-Workers-0","class":"PersistBlockTask","message":"Imported #734 / 0 tx / 0 om / 0 (0.0%) gas / (0x1deeaab15c6428a45fd94cf833b43220f2d709875b02893ce210dfe3596ad281) in 0.002s. Peers: 3","throwable":""}
{"timestamp":"2025-06-27T11:45:46,025","container":"f1f6ec10c4e9","level":"INFO","thread":"EthScheduler-Workers-0","class":"PersistBlockTask","message":"Imported #735 / 0 tx / 0 om / 0 (0.0%) gas / (0x24ef713bc8fbedb17c7a03ae610666a1876d3b5fb0be7dfb7d296cf1fbd034ec) in 0.003s. Peers: 3","throwable":""}
{"timestamp":"2025-06-27T11:45:54,026","container":"f1f6ec10c4e9","level":"INFO","thread":"EthScheduler-Workers-0","class":"PersistBlockTask","message":"Imported #736 / 0 tx / 0 om / 0 (0.0%) gas / (0x57078533b9ae628a3ec7326725a55f251d71f7e9ddfcd709135a392eec274428) in 0.002s. Peers: 3","throwable":""}
{"timestamp":"2025-06-27T11:46:02,027","container":"f1f6ec10c4e9","level":"INFO","thread":"EthScheduler-Workers-0","class":"PersistBlockTask","message":"Imported #737 / 0 tx / 0 om / 0 (0.0%) gas / (0xa02426446aa8ac34d1ad6653bab0b8abaee107da370e7461d985774ac6b73f34) in 0.002s. Peers: 3","throwable":""}
{"timestamp":"2025-06-27T11:46:10,025","container":"f1f6ec10c4e9","level":"INFO","thread":"EthScheduler-Workers-0","class":"PersistBlockTask","message":"Imported #738 / 0 tx / 0 om / 0 (0.0%) gas / (0x6581e000b71326355bdd2be91dc2cbedb5e697d819cf2c16f4b3eee9f2c8c6c1) in 0.002s. Peers: 3","throwable":""}
{"timestamp":"2025-06-27T11:46:18,025","container":"f1f6ec10c4e9","level":"INFO","thread":"EthScheduler-Workers-0","class":"PersistBlockTask","message":"Imported #739 / 0 tx / 0 om / 0 (0.0%) gas / (0xf22aa37898eab0efc98afa467b31f1a92e771649e0bf950a65bbac6a75266f6d) in 0.002s. Peers: 3","throwable":""}
{"timestamp":"2025-06-27T11:46:26,036","container":"f1f6ec10c4e9","level":"INFO","thread":"EthScheduler-Workers-0","class":"PersistBlockTask","message":"Imported #740 / 0 tx / 0 om / 0 (0.0%) gas / (0x9bb9aeb02e3283c2c9d136350974eb065f9e7c216b1364dbf660cd6fc77a03db) in 0.002s. Peers: 3","throwable":""}
{"timestamp":"2025-06-27T11:46:34,023","container":"f1f6ec10c4e9","level":"INFO","thread":"EthScheduler-Workers-0","class":"PersistBlockTask","message":"Imported #741 / 0 tx / 0 om / 0 (0.0%) gas / (0x6daa40c3592594f8da83c9ad1a3b18c4dc2d3f293253ef79984d49800fd46965) in 0.002s. Peers: 3","throwable":""}
{"timestamp":"2025-06-27T11:46:42,039","container":"f1f6ec10c4e9","level":"INFO","thread":"EthScheduler-Workers-0","class":"PersistBlockTask","message":"Imported #742 / 0 tx / 0 om / 0 (0.0%) gas / (0x654b254247b25aa14192d438d5bdf40e7f1ba16d9f6b8d0953594977636637fa) in 0.003s. Peers: 3","throwable":""}
{"timestamp":"2025-06-27T11:46:50,034","container":"f1f6ec10c4e9","level":"INFO","thread":"EthScheduler-Workers-0","class":"PersistBlockTask","message":"Imported #743 / 0 tx / 0 om / 0 (0.0%) gas / (0xc25031e8022b6839d0494b8768eeca45f87b27104eb78288f48923da7dfcd0c5) in 0.005s. Peers: 3","throwable":""}
{"timestamp":"2025-06-27T11:46:58,037","container":"f1f6ec10c4e9","level":"INFO","thread":"EthScheduler-Workers-0","class":"PersistBlockTask","message":"Imported #744 / 0 tx / 0 om / 0 (0.0%) gas / (0x4a74cbf272792fe6549d197997f2bf05f23f2368f55770703cc0d4de62e83f38) in 0.002s. Peers: 3","throwable":""}
{"timestamp":"2025-06-27T11:47:06,043","container":"f1f6ec10c4e9","level":"INFO","thread":"EthScheduler-Workers-0","class":"PersistBlockTask","message":"Imported #745 / 0 tx / 0 om / 0 (0.0%) gas / (0x2ada45d54cb239537cd975d893474a66282c9e5d9f42820b37aa733b0940b9b2) in 0.002s. Peers: 3","throwable":""}
{"timestamp":"2025-06-27T11:47:14,023","container":"f1f6ec10c4e9","level":"INFO","thread":"EthScheduler-Workers-0","class":"PersistBlockTask","message":"Imported #746 / 0 tx / 0 om / 0 (0.0%) gas / (0x5e877c7b0cc700e707b90d5cbf5fcb082941866f20922d60a762df59e89d2f89) in 0.002s. Peers: 3","throwable":""}
{"timestamp":"2025-06-27T11:47:22,023","container":"f1f6ec10c4e9","level":"INFO","thread":"EthScheduler-Workers-0","class":"PersistBlockTask","message":"Imported #747 / 0 tx / 0 om / 0 (0.0%) gas / (0xfad0a78d358127842148706e3d8a566feb3fc08e5bbe5161a4f181f3436d3e28) in 0.002s. Peers: 3","throwable":""}
{"timestamp":"2025-06-27T11:47:30,024","container":"f1f6ec10c4e9","level":"INFO","thread":"EthScheduler-Workers-0","class":"PersistBlockTask","message":"Imported #748 / 0 tx / 0 om / 0 (0.0%) gas / (0x66426852fd4690e69d455002b585d2c117022f001126f6af666d5d76da4c7306) in 0.002s. Peers: 3","throwable":""}
{"timestamp":"2025-06-27T11:47:38,025","container":"f1f6ec10c4e9","level":"INFO","thread":"EthScheduler-Workers-0","class":"PersistBlockTask","message":"Imported #749 / 0 tx / 0 om / 0 (0.0%) gas / (0x169c6935a9d25279d5a840035f14a23581f6b6009033ae919fe5ecd86a0824aa) in 0.002s. Peers: 3","throwable":""}
{"timestamp":"2025-06-27T11:47:46,020","container":"f1f6ec10c4e9","level":"INFO","thread":"EthScheduler-Workers-0","class":"PersistBlockTask","message":"Imported #750 / 0 tx / 0 om / 0 (0.0%) gas / (0x4bc31cab3edc963872791605858d222462ee3f53aed3fd9b89bd6a4a53d11198) in 0.002s. Peers: 3","throwable":""}
{"timestamp":"2025-06-27T11:47:54,038","container":"f1f6ec10c4e9","level":"INFO","thread":"EthScheduler-Workers-0","class":"PersistBlockTask","message":"Imported #751 / 0 tx / 0 om / 0 (0.0%) gas / (0x71ff6cf72b833985e37ca0a6719bb67f588aa6357a1a70250683effeeb21268c) in 0.002s. Peers: 3","throwable":""}
{"timestamp":"2025-06-27T11:48:02,028","container":"f1f6ec10c4e9","level":"INFO","thread":"EthScheduler-Workers-0","class":"PersistBlockTask","message":"Imported #752 / 0 tx / 0 om / 0 (0.0%) gas / (0xc21e3811abe19912fef4cca823437df4899a1a99ddfbd2c9470bece92e18fb90) in 0.002s. Peers: 3","throwable":""}
{"timestamp":"2025-06-27T11:48:10,023","container":"f1f6ec10c4e9","level":"INFO","thread":"EthScheduler-Workers-0","class":"PersistBlockTask","message":"Imported #753 / 0 tx / 0 om / 0 (0.0%) gas / (0x7b39a1176c97d7a18069c98e4014955238eabb484992a011bbfe12af8f6650f4) in 0.001s. Peers: 3","throwable":""}
{"timestamp":"2025-06-27T11:48:18,029","container":"f1f6ec10c4e9","level":"INFO","thread":"EthScheduler-Workers-0","class":"PersistBlockTask","message":"Imported #754 / 0 tx / 0 om / 0 (0.0%) gas / (0xa6c3f9d6570c16445bed9856c4001ae08ad50f67a424abbfbd59e81d1e6c2606) in 0.002s. Peers: 3","throwable":""}
{"timestamp":"2025-06-27T11:48:26,023","container":"f1f6ec10c4e9","level":"INFO","thread":"EthScheduler-Workers-0","class":"PersistBlockTask","message":"Imported #755 / 0 tx / 0 om / 0 (0.0%) gas / (0x8f4fe85f9eb74ab53b54392fdbb9942775282b525e538b6215a2062e5c3246a9) in 0.002s. Peers: 3","throwable":""}
{"timestamp":"2025-06-27T11:48:34,040","container":"f1f6ec10c4e9","level":"INFO","thread":"EthScheduler-Workers-0","class":"PersistBlockTask","message":"Imported #756 / 1 tx / 0 om / 2,000,000 (0.0%) gas / (0x5ff24610e8a04058f99f184a2d83428cdf817782b5f3dc1ff14c3ca137aa9f6a) in 0.004s. Peers: 3","throwable":""}
{"timestamp":"2025-06-27T11:48:42,042","container":"f1f6ec10c4e9","level":"INFO","thread":"EthScheduler-Workers-0","class":"PersistBlockTask","message":"Imported #757 / 1 tx / 0 om / 2,000,000 (0.0%) gas / (0xb47a57b6011dde7142cb7ea27c4953f9d2b6280e0f79023fdfaa94b6c502b722) in 0.006s. Peers: 3","throwable":""}
{"timestamp":"2025-06-27T11:48:50,028","container":"f1f6ec10c4e9","level":"INFO","thread":"EthScheduler-Workers-0","class":"PersistBlockTask","message":"Imported #758 / 0 tx / 0 om / 0 (0.0%) gas / (0x08f2f0e7fc82e133a79900ce6e448c7ee5d716e6b13a354fdc9299dcb8fcf7e0) in 0.001s. Peers: 3","throwable":""}
{"timestamp":"2025-06-27T11:48:58,033","container":"f1f6ec10c4e9","level":"INFO","thread":"EthScheduler-Workers-0","class":"PersistBlockTask","message":"Imported #759 / 0 tx / 0 om / 0 (0.0%) gas / (0x7a2a23ddcfb2c2308dc295cec271aec5d00935b09420f32ba713f8b35da6336c) in 0.003s. Peers: 3","throwable":""}
{"timestamp":"2025-06-27T11:49:06,027","container":"f1f6ec10c4e9","level":"INFO","thread":"EthScheduler-Workers-0","class":"PersistBlockTask","message":"Imported #760 / 0 tx / 0 om / 0 (0.0%) gas / (0x7955a2a71b0602db933c553d19448f631b0ed5cdeefd3ce31cfaede0149d0699) in 0.002s. Peers: 3","throwable":""}
{"timestamp":"2025-06-27T11:49:14,024","container":"f1f6ec10c4e9","level":"INFO","thread":"EthScheduler-Workers-0","class":"PersistBlockTask","message":"Imported #761 / 0 tx / 0 om / 0 (0.0%) gas / (0xcd729520e58dad7b3de4198551db759b2b965af7fb671a2e6a1a8a33824539ee) in 0.002s. Peers: 3","throwable":""}
{"timestamp":"2025-06-27T11:49:22,014","container":"f1f6ec10c4e9","level":"INFO","thread":"EthScheduler-Workers-0","class":"PersistBlockTask","message":"Imported #762 / 0 tx / 0 om / 0 (0.0%) gas / (0xcafba2383974d0c6d4f9af38ff267f1003d0c4b3a85b79119508308876711a7f) in 0.001s. Peers: 3","throwable":""}
{"timestamp":"2025-06-27T11:49:30,064","container":"f1f6ec10c4e9","level":"INFO","thread":"EthScheduler-Workers-0","class":"PersistBlockTask","message":"Imported #763 / 0 tx / 0 om / 0 (0.0%) gas / (0x08c3f7df2daed3f0ac48c8b7ef85be8dbd4f476b101fc3b422f0ac1a93a3ef8a) in 0.003s. Peers: 3","throwable":""}
{"timestamp":"2025-06-27T11:49:38,072","container":"f1f6ec10c4e9","level":"INFO","thread":"EthScheduler-Workers-0","class":"PersistBlockTask","message":"Imported #764 / 0 tx / 0 om / 0 (0.0%) gas / (0xd488f479ab87104bd4588edd3fa57a59fc4d0b65210fd343d68291c2ad2ff008) in 0.002s. Peers: 3","throwable":""}
{"timestamp":"2025-06-27T11:49:46,021","container":"f1f6ec10c4e9","level":"INFO","thread":"EthScheduler-Workers-0","class":"PersistBlockTask","message":"Imported #765 / 0 tx / 0 om / 0 (0.0%) gas / (0xee964e85df01d678a391270c739874810f863566da2eaf934070e4cf19aa6a09) in 0.002s. Peers: 3","throwable":""}
{"timestamp":"2025-06-27T11:49:54,032","container":"f1f6ec10c4e9","level":"INFO","thread":"EthScheduler-Workers-0","class":"PersistBlockTask","message":"Imported #766 / 0 tx / 0 om / 0 (0.0%) gas / (0x188aa866c0b749514012dc3e7430d99c58bbf41f5b28f3ef7cf67de51b95ed6b) in 0.002s. Peers: 3","throwable":""}
{"timestamp":"2025-06-27T11:50:02,031","container":"f1f6ec10c4e9","level":"INFO","thread":"EthScheduler-Workers-0","class":"PersistBlockTask","message":"Imported #767 / 0 tx / 0 om / 0 (0.0%) gas / (0xd6d81e267ec7e42e578da375e1a900b5a577aff49d4237115a4eb4a1c7137c33) in 0.004s. Peers: 3","throwable":""}
{"timestamp":"2025-06-27T11:50:10,030","container":"f1f6ec10c4e9","level":"INFO","thread":"EthScheduler-Workers-0","class":"PersistBlockTask","message":"Imported #768 / 0 tx / 0 om / 0 (0.0%) gas / (0xd08f140cfb04c27b595392b6de98dc4b755029f49090b043bfccdfa1f15288af) in 0.004s. Peers: 3","throwable":""}
{"timestamp":"2025-06-27T11:50:18,023","container":"f1f6ec10c4e9","level":"INFO","thread":"EthScheduler-Workers-0","class":"PersistBlockTask","message":"Imported #769 / 0 tx / 0 om / 0 (0.0%) gas / (0xbae183b2b7f4117ac136138e89f4dff5ac489d14370d08de247d990d23b594ef) in 0.003s. Peers: 3","throwable":""}
{"timestamp":"2025-06-27T11:50:26,026","container":"f1f6ec10c4e9","level":"INFO","thread":"EthScheduler-Workers-0","class":"PersistBlockTask","message":"Imported #770 / 0 tx / 0 om / 0 (0.0%) gas / (0xa6867f1ad5a6822c1769e100cda0ecc8e37df162826609283419ff51bc89c67e) in 0.002s. Peers: 3","throwable":""}
{"timestamp":"2025-06-27T11:50:34,025","container":"f1f6ec10c4e9","level":"INFO","thread":"EthScheduler-Workers-0","class":"PersistBlockTask","message":"Imported #771 / 0 tx / 0 om / 0 (0.0%) gas / (0x2eda6011dff17877495b55affea665d4a3f9b9c57013d868f16cb85bd077e516) in 0.003s. Peers: 3","throwable":""}
{"timestamp":"2025-06-27T11:50:42,052","container":"f1f6ec10c4e9","level":"INFO","thread":"EthScheduler-Workers-0","class":"PersistBlockTask","message":"Imported #772 / 0 tx / 0 om / 0 (0.0%) gas / (0x65fcaf568a82c7096a39ee6be81a1896a411b1b5c6f28a71fbe5eec1ee154903) in 0.001s. Peers: 3","throwable":""}
{"timestamp":"2025-06-27T11:50:50,026","container":"f1f6ec10c4e9","level":"INFO","thread":"EthScheduler-Workers-0","class":"PersistBlockTask","message":"Imported #773 / 0 tx / 0 om / 0 (0.0%) gas / (0xe67c54d49f43ce6b6ed5fffc3039f646af7fff68a923ac63d0514d6a26ef1972) in 0.002s. Peers: 3","throwable":""}
{"timestamp":"2025-06-27T11:50:58,024","container":"f1f6ec10c4e9","level":"INFO","thread":"EthScheduler-Workers-0","class":"PersistBlockTask","message":"Imported #774 / 0 tx / 0 om / 0 (0.0%) gas / (0x9a21c44f9871bdc15db6d14a917382f7bccff92727834d2a33952f8d01bd8070) in 0.001s. Peers: 3","throwable":""}
{"timestamp":"2025-06-27T11:51:06,025","container":"f1f6ec10c4e9","level":"INFO","thread":"EthScheduler-Workers-0","class":"PersistBlockTask","message":"Imported #775 / 0 tx / 0 om / 0 (0.0%) gas / (0x7d49da2a8088779feca005e2ba808ce9c08825d2c1318f8409c6e273dc1da335) in 0.002s. Peers: 3","throwable":""}
{"timestamp":"2025-06-27T11:51:14,014","container":"f1f6ec10c4e9","level":"INFO","thread":"EthScheduler-Workers-0","class":"PersistBlockTask","message":"Imported #776 / 0 tx / 0 om / 0 (0.0%) gas / (0xac3e8bb18ddae04463e7568a7e26014c0be74aea8ea1e15464a5c7faa2557adc) in 0.001s. Peers: 3","throwable":""}
{"timestamp":"2025-06-27T11:51:22,023","container":"f1f6ec10c4e9","level":"INFO","thread":"EthScheduler-Workers-0","class":"PersistBlockTask","message":"Imported #777 / 0 tx / 0 om / 0 (0.0%) gas / (0x508c75e8f4d9433e1322184b8963a26af5c74608fb6a350ce57bb39fa6ec21d4) in 0.002s. Peers: 3","throwable":""}
{"timestamp":"2025-06-27T11:51:30,018","container":"f1f6ec10c4e9","level":"INFO","thread":"EthScheduler-Workers-0","class":"PersistBlockTask","message":"Imported #778 / 0 tx / 0 om / 0 (0.0%) gas / (0x7e1b536ca21a1976e0c1248a33c30e51a8dc3247e53495d64563009215fda139) in 0.002s. Peers: 3","throwable":""}
{"timestamp":"2025-06-27T11:51:38,015","container":"f1f6ec10c4e9","level":"INFO","thread":"EthScheduler-Workers-0","class":"PersistBlockTask","message":"Imported #779 / 0 tx / 0 om / 0 (0.0%) gas / (0x49d71451c1b534fc703cca47ca9563c80feb5fab09977d00eb6e7c7a951e514a) in 0.002s. Peers: 3","throwable":""}
{"timestamp":"2025-06-27T11:51:46,025","container":"f1f6ec10c4e9","level":"INFO","thread":"EthScheduler-Workers-0","class":"PersistBlockTask","message":"Imported #780 / 0 tx / 0 om / 0 (0.0%) gas / (0xe01523509a62664511b929d5206cb8b785914a5138aa6d56924b065a0237dd19) in 0.002s. Peers: 3","throwable":""}
{"timestamp":"2025-06-27T11:51:54,025","container":"f1f6ec10c4e9","level":"INFO","thread":"EthScheduler-Workers-0","class":"PersistBlockTask","message":"Imported #781 / 0 tx / 0 om / 0 (0.0%) gas / (0x2a0529b49a42019f5f2f19b0b16e6528f75a3803c9b5b75642296088774f81eb) in 0.002s. Peers: 3","throwable":""}
{"timestamp":"2025-06-27T11:52:02,035","container":"f1f6ec10c4e9","level":"INFO","thread":"EthScheduler-Workers-0","class":"PersistBlockTask","message":"Imported #782 / 0 tx / 0 om / 0 (0.0%) gas / (0xd340be725d62cedf9826cedb6aec6e4e8faad84a56fb0d245e8db7928c8ea6a7) in 0.002s. Peers: 3","throwable":""}
{"timestamp":"2025-06-27T11:52:10,027","container":"f1f6ec10c4e9","level":"INFO","thread":"EthScheduler-Workers-0","class":"PersistBlockTask","message":"Imported #783 / 0 tx / 0 om / 0 (0.0%) gas / (0xda08586a0a776b7daec0ece2b35178cfeb04e255d68fde06030a498ab0c0a45e) in 0.002s. Peers: 3","throwable":""}
{"timestamp":"2025-06-27T11:52:18,028","container":"f1f6ec10c4e9","level":"INFO","thread":"EthScheduler-Workers-0","class":"PersistBlockTask","message":"Imported #784 / 0 tx / 0 om / 0 (0.0%) gas / (0xb8c0d1fdee52600a1ef7401fed00605e8816cea838641578e01b6eb428771d92) in 0.003s. Peers: 3","throwable":""}
{"timestamp":"2025-06-27T11:52:26,034","container":"f1f6ec10c4e9","level":"INFO","thread":"EthScheduler-Workers-0","class":"PersistBlockTask","message":"Imported #785 / 0 tx / 0 om / 0 (0.0%) gas / (0x3ff1a3912c6df7e2d9923bfc60336531e8d5a5df1c15da8961ed424b21f7b375) in 0.002s. Peers: 3","throwable":""}
{"timestamp":"2025-06-27T11:52:34,028","container":"f1f6ec10c4e9","level":"INFO","thread":"EthScheduler-Workers-0","class":"PersistBlockTask","message":"Imported #786 / 0 tx / 0 om / 0 (0.0%) gas / (0x1c246261b4c21dd9a15c5f54c6b6bfe8c4c8471d863ad380f2b6854109d91f3b) in 0.002s. Peers: 3","throwable":""}
{"timestamp":"2025-06-27T11:52:42,043","container":"f1f6ec10c4e9","level":"INFO","thread":"EthScheduler-Workers-0","class":"PersistBlockTask","message":"Imported #787 / 0 tx / 0 om / 0 (0.0%) gas / (0xb55e7deee8c002ff298fbf552c0400f0d39f8a703a73012e7ce193757de9e224) in 0.002s. Peers: 3","throwable":""}
{"timestamp":"2025-06-27T11:52:50,042","container":"f1f6ec10c4e9","level":"INFO","thread":"EthScheduler-Workers-0","class":"PersistBlockTask","message":"Imported #788 / 0 tx / 0 om / 0 (0.0%) gas / (0xc710424ed1af94781b1fa825b3c97e1f16e98cc9632e45b3664aa74c0347a59f) in 0.004s. Peers: 3","throwable":""}
{"timestamp":"2025-06-27T11:52:58,025","container":"f1f6ec10c4e9","level":"INFO","thread":"EthScheduler-Workers-0","class":"PersistBlockTask","message":"Imported #789 / 0 tx / 0 om / 0 (0.0%) gas / (0x94a0b9b9c11dc4bb5aad0279b0ba281f168d5d757ebac4c11f05109844910c44) in 0.003s. Peers: 3","throwable":""}
{"timestamp":"2025-06-27T11:53:06,038","container":"f1f6ec10c4e9","level":"INFO","thread":"EthScheduler-Workers-0","class":"PersistBlockTask","message":"Imported #790 / 0 tx / 0 om / 0 (0.0%) gas / (0x405cc54e5655a393131da8b716bfcd3a887601d7a8d67782d0743c0fe205e2c3) in 0.002s. Peers: 3","throwable":""}
{"timestamp":"2025-06-27T11:53:14,030","container":"f1f6ec10c4e9","level":"INFO","thread":"EthScheduler-Workers-0","class":"PersistBlockTask","message":"Imported #791 / 0 tx / 0 om / 0 (0.0%) gas / (0x8f3929a309806080e52cb7d6293ca436d2d50c180fd07e8635317d2ddcf04b96) in 0.002s. Peers: 3","throwable":""}
{"timestamp":"2025-06-27T11:53:22,037","container":"f1f6ec10c4e9","level":"INFO","thread":"EthScheduler-Workers-0","class":"PersistBlockTask","message":"Imported #792 / 0 tx / 0 om / 0 (0.0%) gas / (0xa4db1e279c7f21a7a2ca0fa0c06a006d363cd4293591f0690bf202eee01f15ee) in 0.001s. Peers: 3","throwable":""}
{"timestamp":"2025-06-27T11:53:30,021","container":"f1f6ec10c4e9","level":"INFO","thread":"EthScheduler-Workers-0","class":"PersistBlockTask","message":"Imported #793 / 0 tx / 0 om / 0 (0.0%) gas / (0x67ac157eb02e4b2e2993fc96e19a1440bedcf9cf06283c5f3b7e9758780cd13a) in 0.002s. Peers: 3","throwable":""}
{"timestamp":"2025-06-27T11:53:38,024","container":"f1f6ec10c4e9","level":"INFO","thread":"EthScheduler-Workers-0","class":"PersistBlockTask","message":"Imported #794 / 0 tx / 0 om / 0 (0.0%) gas / (0x268f20505880bc5992143b48f08de64b4c255aae6178dd6fc0357b2b6e57414e) in 0.002s. Peers: 3","throwable":""}
{"timestamp":"2025-06-27T11:53:46,021","container":"f1f6ec10c4e9","level":"INFO","thread":"EthScheduler-Workers-0","class":"PersistBlockTask","message":"Imported #795 / 0 tx / 0 om / 0 (0.0%) gas / (0xbd6b94477582074c7ebb1924de6d0c51eb9e878404cb99b200650992143660e0) in 0.001s. Peers: 3","throwable":""}
{"timestamp":"2025-06-27T11:53:54,031","container":"f1f6ec10c4e9","level":"INFO","thread":"EthScheduler-Workers-0","class":"PersistBlockTask","message":"Imported #796 / 0 tx / 0 om / 0 (0.0%) gas / (0x9f3fa4751cec60f6f4e79ff8e3b91a8754e58d6407530a458727a446c8469367) in 0.002s. Peers: 3","throwable":""}
{"timestamp":"2025-06-27T11:54:02,025","container":"f1f6ec10c4e9","level":"INFO","thread":"EthScheduler-Workers-0","class":"PersistBlockTask","message":"Imported #797 / 0 tx / 0 om / 0 (0.0%) gas / (0xe4e6c10dc80940a44457f1554fcd379cee9dd58a22ad6d228426d04ccd811e19) in 0.001s. Peers: 3","throwable":""}
{"timestamp":"2025-06-27T11:54:10,032","container":"f1f6ec10c4e9","level":"INFO","thread":"EthScheduler-Workers-0","class":"PersistBlockTask","message":"Imported #798 / 0 tx / 0 om / 0 (0.0%) gas / (0x545b25d4778ca431a2618f7554b8c0fc71b87fb848dccdb401ad1f0482806a9c) in 0.002s. Peers: 3","throwable":""}
{"timestamp":"2025-06-27T11:54:18,040","container":"f1f6ec10c4e9","level":"INFO","thread":"EthScheduler-Workers-0","class":"PersistBlockTask","message":"Imported #799 / 0 tx / 0 om / 0 (0.0%) gas / (0x9aa67df12e7a4df32cc5761ea0a3e5cf91b1e4f0c94e0c433f41c27b90b53f46) in 0.001s. Peers: 3","throwable":""}
{"timestamp":"2025-06-27T11:54:26,022","container":"f1f6ec10c4e9","level":"INFO","thread":"EthScheduler-Workers-0","class":"PersistBlockTask","message":"Imported #800 / 0 tx / 0 om / 0 (0.0%) gas / (0xaacb29430bbf76cdda377a1d09428229b2b066613593014942b7474f0adf842f) in 0.001s. Peers: 3","throwable":""}
{"timestamp":"2025-06-27T11:54:34,026","container":"f1f6ec10c4e9","level":"INFO","thread":"EthScheduler-Workers-0","class":"PersistBlockTask","message":"Imported #801 / 0 tx / 0 om / 0 (0.0%) gas / (0x20f268e67afa4b35b0eb8e398e2e9f58e2a854e22d11ab3ce95f1bc601ae6c8f) in 0.002s. Peers: 3","throwable":""}
{"timestamp":"2025-06-27T11:54:42,042","container":"f1f6ec10c4e9","level":"INFO","thread":"EthScheduler-Workers-0","class":"PersistBlockTask","message":"Imported #802 / 0 tx / 0 om / 0 (0.0%) gas / (0xc3dcb816f27e7ed5990694ddcccafb425ecc0dd79ee2714814be80e39257397b) in 0.004s. Peers: 3","throwable":""}
{"timestamp":"2025-06-27T11:54:50,016","container":"f1f6ec10c4e9","level":"INFO","thread":"EthScheduler-Workers-0","class":"PersistBlockTask","message":"Imported #803 / 0 tx / 0 om / 0 (0.0%) gas / (0x652a3332d133397526253831d20304b067d1891512f6557e7be02a9a5db4840a) in 0.001s. Peers: 3","throwable":""}
{"timestamp":"2025-06-27T11:54:58,030","container":"f1f6ec10c4e9","level":"INFO","thread":"EthScheduler-Workers-0","class":"PersistBlockTask","message":"Imported #804 / 0 tx / 0 om / 0 (0.0%) gas / (0xcc0e3ece0a37169085a95df1d55fd7348645d226927a3e9f00c9f2f601bddd50) in 0.003s. Peers: 3","throwable":""}
{"timestamp":"2025-06-27T11:55:06,025","container":"f1f6ec10c4e9","level":"INFO","thread":"EthScheduler-Workers-0","class":"PersistBlockTask","message":"Imported #805 / 0 tx / 0 om / 0 (0.0%) gas / (0x7eca0bc178994d3c6905cd3f97d44765516cde97a136e2a2f9d78e1823863be5) in 0.003s. Peers: 3","throwable":""}
{"timestamp":"2025-06-27T11:55:14,024","container":"f1f6ec10c4e9","level":"INFO","thread":"EthScheduler-Workers-0","class":"PersistBlockTask","message":"Imported #806 / 0 tx / 0 om / 0 (0.0%) gas / (0x4d140e0736f3894b4bba44d623842b975c1529c1c53e95eed7bc4ca22cf05ba5) in 0.003s. Peers: 3","throwable":""}
{"timestamp":"2025-06-27T11:55:22,022","container":"f1f6ec10c4e9","level":"INFO","thread":"EthScheduler-Workers-0","class":"PersistBlockTask","message":"Imported #807 / 0 tx / 0 om / 0 (0.0%) gas / (0xaa83eb2232b2fe19254bb05448684a9db3a7b4cfee607cbb63034685b921dc99) in 0.001s. Peers: 3","throwable":""}
{"timestamp":"2025-06-27T11:55:30,020","container":"f1f6ec10c4e9","level":"INFO","thread":"EthScheduler-Workers-0","class":"PersistBlockTask","message":"Imported #808 / 0 tx / 0 om / 0 (0.0%) gas / (0xa6cdfe7c9c8fd4379506635015ea2c48dd168acd323476555ef3db90351c749c) in 0.001s. Peers: 3","throwable":""}
{"timestamp":"2025-06-27T11:55:38,020","container":"f1f6ec10c4e9","level":"INFO","thread":"EthScheduler-Workers-0","class":"PersistBlockTask","message":"Imported #809 / 0 tx / 0 om / 0 (0.0%) gas / (0xcd76a443eeb4fe1af24d3dc61aec7caabd444c4793028b3c454fd689c29c70d2) in 0.001s. Peers: 3","throwable":""}
{"timestamp":"2025-06-27T11:55:46,025","container":"f1f6ec10c4e9","level":"INFO","thread":"EthScheduler-Workers-0","class":"PersistBlockTask","message":"Imported #810 / 0 tx / 0 om / 0 (0.0%) gas / (0xae7bac0f01fde20e03cad56e658082bb3d4ab38bfc167162e8f1f14644d5f7f2) in 0.001s. Peers: 3","throwable":""}
{"timestamp":"2025-06-27T11:55:54,042","container":"f1f6ec10c4e9","level":"INFO","thread":"EthScheduler-Workers-0","class":"PersistBlockTask","message":"Imported #811 / 0 tx / 0 om / 0 (0.0%) gas / (0x13cf2822eb0ad97f5b0642451dfb0dbbb0327dd44559e483ed96757347b87eca) in 0.003s. Peers: 3","throwable":""}
{"timestamp":"2025-06-27T11:56:02,024","container":"f1f6ec10c4e9","level":"INFO","thread":"EthScheduler-Workers-0","class":"PersistBlockTask","message":"Imported #812 / 0 tx / 0 om / 0 (0.0%) gas / (0x4c5eec53059af8b287d398c8988f2f3abae9c7260713504e1fc0efbac41f0847) in 0.002s. Peers: 3","throwable":""}
{"timestamp":"2025-06-27T11:56:10,014","container":"f1f6ec10c4e9","level":"INFO","thread":"EthScheduler-Workers-0","class":"PersistBlockTask","message":"Imported #813 / 0 tx / 0 om / 0 (0.0%) gas / (0xeee3c8db4e1672f36026b7816e9a50e44eada0161a2c4f6964c588335891d088) in 0.001s. Peers: 3","throwable":""}
{"timestamp":"2025-06-27T11:56:18,015","container":"f1f6ec10c4e9","level":"INFO","thread":"EthScheduler-Workers-0","class":"PersistBlockTask","message":"Imported #814 / 0 tx / 0 om / 0 (0.0%) gas / (0x7e8414b26257c6b9fe7f8ba66c9ddd8204a88eef63c4be1ed9c2ea753df25234) in 0.001s. Peers: 3","throwable":""}
{"timestamp":"2025-06-27T11:56:26,017","container":"f1f6ec10c4e9","level":"INFO","thread":"EthScheduler-Workers-0","class":"PersistBlockTask","message":"Imported #815 / 0 tx / 0 om / 0 (0.0%) gas / (0x2e82127f07d9b7cc223afa75abb6c4f3e6a948de78062fc620ba11e13b33bcd7) in 0.002s. Peers: 3","throwable":""}
{"timestamp":"2025-06-27T11:56:34,019","container":"f1f6ec10c4e9","level":"INFO","thread":"EthScheduler-Workers-0","class":"PersistBlockTask","message":"Imported #816 / 0 tx / 0 om / 0 (0.0%) gas / (0x25660d043255ace9b8c21e1c9af407d2dad417c5865022b13850a476547a8b47) in 0.001s. Peers: 3","throwable":""}
{"timestamp":"2025-06-27T11:56:42,026","container":"f1f6ec10c4e9","level":"INFO","thread":"EthScheduler-Workers-0","class":"PersistBlockTask","message":"Imported #817 / 0 tx / 0 om / 0 (0.0%) gas / (0x6860ada91c1a6693d26cbad387d225cb342171af1bc37d62c34a5104d8e954f0) in 0.001s. Peers: 3","throwable":""}
{"timestamp":"2025-06-27T11:56:50,016","container":"f1f6ec10c4e9","level":"INFO","thread":"EthScheduler-Workers-0","class":"PersistBlockTask","message":"Imported #818 / 0 tx / 0 om / 0 (0.0%) gas / (0xa0d00865de35db5c37e489113e2a107473d6db4e081a02044969a22811c52e63) in 0.001s. Peers: 3","throwable":""}
{"timestamp":"2025-06-27T11:56:58,019","container":"f1f6ec10c4e9","level":"INFO","thread":"EthScheduler-Workers-0","class":"PersistBlockTask","message":"Imported #819 / 0 tx / 0 om / 0 (0.0%) gas / (0xe0b46c3d9275bda24ecd5c4f0dfa328e87b991df21e34bc8de6d1dc6da00dabe) in 0.001s. Peers: 3","throwable":""}
{"timestamp":"2025-06-27T11:57:06,031","container":"f1f6ec10c4e9","level":"INFO","thread":"EthScheduler-Workers-0","class":"PersistBlockTask","message":"Imported #820 / 0 tx / 0 om / 0 (0.0%) gas / (0x22f2a2afb5b82878e03afcec5ddc4e5bc45fc92104d9e9b24b9843621661e53a) in 0.001s. Peers: 3","throwable":""}
{"timestamp":"2025-06-27T11:57:14,018","container":"f1f6ec10c4e9","level":"INFO","thread":"EthScheduler-Workers-0","class":"PersistBlockTask","message":"Imported #821 / 0 tx / 0 om / 0 (0.0%) gas / (0xa086362a4a6c1a0ca971fe7eece973833b9fb62b12643a06a75ac6db00ade9eb) in 0.001s. Peers: 3","throwable":""}
{"timestamp":"2025-06-27T11:57:22,026","container":"f1f6ec10c4e9","level":"INFO","thread":"EthScheduler-Workers-0","class":"PersistBlockTask","message":"Imported #822 / 0 tx / 0 om / 0 (0.0%) gas / (0x74cb587893eea79bf47c1281ad11a0f6bca8fb5d4370254b4f91b5c472400f98) in 0.002s. Peers: 3","throwable":""}
{"timestamp":"2025-06-27T11:57:30,015","container":"f1f6ec10c4e9","level":"INFO","thread":"EthScheduler-Workers-0","class":"PersistBlockTask","message":"Imported #823 / 0 tx / 0 om / 0 (0.0%) gas / (0x10e868535a5f2d05b2cedc3b44a0e0a375cbf88b8dc0614407bb8bd3d654c587) in 0.003s. Peers: 3","throwable":""}
{"timestamp":"2025-06-27T11:57:38,025","container":"f1f6ec10c4e9","level":"INFO","thread":"EthScheduler-Workers-0","class":"PersistBlockTask","message":"Imported #824 / 0 tx / 0 om / 0 (0.0%) gas / (0x72eddd15c318669c1771b8f3fc928058b93cf107be06f3ca3bc774927c6e854d) in 0.001s. Peers: 3","throwable":""}
{"timestamp":"2025-06-27T11:57:46,013","container":"f1f6ec10c4e9","level":"INFO","thread":"EthScheduler-Workers-0","class":"PersistBlockTask","message":"Imported #825 / 0 tx / 0 om / 0 (0.0%) gas / (0xf2e19af4336b900ab1b6be25c9e694e645714d8356de18052de4491528212a00) in 0.002s. Peers: 3","throwable":""}
{"timestamp":"2025-06-27T11:57:54,016","container":"f1f6ec10c4e9","level":"INFO","thread":"EthScheduler-Workers-0","class":"PersistBlockTask","message":"Imported #826 / 0 tx / 0 om / 0 (0.0%) gas / (0x67fb1cdd40bdb4c0b9f1e3526db6cb5a01aa2154c988398d7910b6acd5765cca) in 0.004s. Peers: 3","throwable":""}
{"timestamp":"2025-06-27T11:58:02,014","container":"f1f6ec10c4e9","level":"INFO","thread":"EthScheduler-Workers-0","class":"PersistBlockTask","message":"Imported #827 / 0 tx / 0 om / 0 (0.0%) gas / (0x7b6dc189a0fc3a88435a88d04ac76b6704b2a800cfc1a53a896fc985b9558049) in 0.003s. Peers: 3","throwable":""}
{"timestamp":"2025-06-27T11:58:10,013","container":"f1f6ec10c4e9","level":"INFO","thread":"EthScheduler-Workers-0","class":"PersistBlockTask","message":"Imported #828 / 0 tx / 0 om / 0 (0.0%) gas / (0xb0321b8819f1c44de6938c7a5bd550a2182ec33f9898fe089b91845514797246) in 0.001s. Peers: 3","throwable":""}
{"timestamp":"2025-06-27T11:58:18,021","container":"f1f6ec10c4e9","level":"INFO","thread":"EthScheduler-Workers-0","class":"PersistBlockTask","message":"Imported #829 / 0 tx / 0 om / 0 (0.0%) gas / (0xa496799a4b67c867a481cdef2797a255bc4e48d6ea2b4a41c2d7d1991c63838b) in 0.001s. Peers: 3","throwable":""}
{"timestamp":"2025-06-27T11:58:26,028","container":"f1f6ec10c4e9","level":"INFO","thread":"EthScheduler-Workers-0","class":"PersistBlockTask","message":"Imported #830 / 0 tx / 0 om / 0 (0.0%) gas / (0xcd722b6fe289700f30a7c9b3d6208070ec813c35cee4924015c7620ca8062bfb) in 0.001s. Peers: 3","throwable":""}
{"timestamp":"2025-06-27T11:58:34,022","container":"f1f6ec10c4e9","level":"INFO","thread":"EthScheduler-Workers-0","class":"PersistBlockTask","message":"Imported #831 / 0 tx / 0 om / 0 (0.0%) gas / (0x9107fc07f73cdc1c64ca178edeaea46a4acacbc09a14e22b8bf3a1dba3a7a84c) in 0.001s. Peers: 3","throwable":""}
{"timestamp":"2025-06-27T11:58:42,013","container":"f1f6ec10c4e9","level":"INFO","thread":"EthScheduler-Workers-0","class":"PersistBlockTask","message":"Imported #832 / 0 tx / 0 om / 0 (0.0%) gas / (0x65878c1080957c89c5612753be2c620b0c86e92c706f9ad748945d01719bacc0) in 0.001s. Peers: 3","throwable":""}
{"timestamp":"2025-06-27T11:58:50,017","container":"f1f6ec10c4e9","level":"INFO","thread":"EthScheduler-Workers-0","class":"PersistBlockTask","message":"Imported #833 / 0 tx / 0 om / 0 (0.0%) gas / (0x2c90ec150f1fc062263b1573554ffb6ed279a53892591215311ed85b89dffbe9) in 0.002s. Peers: 3","throwable":""}
{"timestamp":"2025-06-27T11:58:58,022","container":"f1f6ec10c4e9","level":"INFO","thread":"EthScheduler-Workers-0","class":"PersistBlockTask","message":"Imported #834 / 0 tx / 0 om / 0 (0.0%) gas / (0xe81ee5a64444608be3e0efb26f79685db15490c74fb3f9b805840c4cc7f7a9cb) in 0.001s. Peers: 3","throwable":""}
{"timestamp":"2025-06-27T11:59:06,014","container":"f1f6ec10c4e9","level":"INFO","thread":"EthScheduler-Workers-0","class":"PersistBlockTask","message":"Imported #835 / 0 tx / 0 om / 0 (0.0%) gas / (0x0b2c07e37a039be8c1f60714932a787e2d8a2c7e7e377cb2d995e1fccbd80f08) in 0.001s. Peers: 3","throwable":""}
{"timestamp":"2025-06-27T11:59:14,016","container":"f1f6ec10c4e9","level":"INFO","thread":"EthScheduler-Workers-0","class":"PersistBlockTask","message":"Imported #836 / 0 tx / 0 om / 0 (0.0%) gas / (0xcc484f796af1145d8b678c70a93bcd3a2138c5ad805b8219fd980afba834b002) in 0.001s. Peers: 3","throwable":""}
{"timestamp":"2025-06-27T11:59:22,018","container":"f1f6ec10c4e9","level":"INFO","thread":"EthScheduler-Workers-0","class":"PersistBlockTask","message":"Imported #837 / 0 tx / 0 om / 0 (0.0%) gas / (0x60046012d00313d9d05d8e120b547e2c143aca822d6a44abcc4875efa11c96a5) in 0.002s. Peers: 3","throwable":""}
{"timestamp":"2025-06-27T11:59:30,019","container":"f1f6ec10c4e9","level":"INFO","thread":"EthScheduler-Workers-0","class":"PersistBlockTask","message":"Imported #838 / 0 tx / 0 om / 0 (0.0%) gas / (0x286edd06195cdd017ddae819ca0e7766c677132371c95adc2d96885db1633070) in 0.001s. Peers: 3","throwable":""}
{"timestamp":"2025-06-27T11:59:38,012","container":"f1f6ec10c4e9","level":"INFO","thread":"EthScheduler-Workers-0","class":"PersistBlockTask","message":"Imported #839 / 0 tx / 0 om / 0 (0.0%) gas / (0xf5bcf8632cea965ed554fdb8519c5d22ebea2aa4113c95b4dfd32290e1150e64) in 0.001s. Peers: 3","throwable":""}
{"timestamp":"2025-06-27T11:59:46,012","container":"f1f6ec10c4e9","level":"INFO","thread":"EthScheduler-Workers-0","class":"PersistBlockTask","message":"Imported #840 / 0 tx / 0 om / 0 (0.0%) gas / (0xfb00345637677acf3c2fa09f421030d7f90037533c1d3dc4aa8dedcd7473756a) in 0.001s. Peers: 3","throwable":""}
{"timestamp":"2025-06-27T11:59:54,050","container":"f1f6ec10c4e9","level":"INFO","thread":"EthScheduler-Workers-0","class":"PersistBlockTask","message":"Imported #841 / 0 tx / 0 om / 0 (0.0%) gas / (0x03aab4c06301c526daae675240e510b94a3cb8dc482806c9d40c8a2e82f0fb42) in 0.005s. Peers: 3","throwable":""}
{"timestamp":"2025-06-27T12:00:02,015","container":"f1f6ec10c4e9","level":"INFO","thread":"EthScheduler-Workers-0","class":"PersistBlockTask","message":"Imported #842 / 0 tx / 0 om / 0 (0.0%) gas / (0x1aa5492d5f2bf8a3027f1dddb19b038fb4fbde7c331aec83c22d40b4f5ad6d49) in 0.001s. Peers: 3","throwable":""}
{"timestamp":"2025-06-27T12:00:10,013","container":"f1f6ec10c4e9","level":"INFO","thread":"EthScheduler-Workers-0","class":"PersistBlockTask","message":"Imported #843 / 0 tx / 0 om / 0 (0.0%) gas / (0xe51a2c298592f6937de4dc3b0e52e0b05543231c0e928bdc58e02448742cf01e) in 0.001s. Peers: 3","throwable":""}
{"timestamp":"2025-06-27T12:00:18,011","container":"f1f6ec10c4e9","level":"INFO","thread":"EthScheduler-Workers-0","class":"PersistBlockTask","message":"Imported #844 / 0 tx / 0 om / 0 (0.0%) gas / (0x48e55304977ff8b87a40b0bd6e8161ace5de6d1b9a9eb243ca3088f595bfbd20) in 0.001s. Peers: 3","throwable":""}
{"timestamp":"2025-06-27T12:00:26,012","container":"f1f6ec10c4e9","level":"INFO","thread":"EthScheduler-Workers-0","class":"PersistBlockTask","message":"Imported #845 / 0 tx / 0 om / 0 (0.0%) gas / (0x55cd3dccbc99a9306daaeac28edb3e44a015c52f00ee610b26376fe06413ea8f) in 0.001s. Peers: 3","throwable":""}
{"timestamp":"2025-06-27T12:00:34,050","container":"f1f6ec10c4e9","level":"INFO","thread":"EthScheduler-Workers-0","class":"PersistBlockTask","message":"Imported #846 / 0 tx / 0 om / 0 (0.0%) gas / (0x685eb25bb481df2edd8a2f9e816e5aa09a879292baadbaa054603946342901f3) in 0.001s. Peers: 3","throwable":""}
{"timestamp":"2025-06-27T12:00:42,011","container":"f1f6ec10c4e9","level":"INFO","thread":"EthScheduler-Workers-0","class":"PersistBlockTask","message":"Imported #847 / 0 tx / 0 om / 0 (0.0%) gas / (0x9972d8b8332859bbde3f639bbf7b7db6c437bc1a326ce2859660493c141ad0c4) in 0.001s. Peers: 3","throwable":""}
{"timestamp":"2025-06-27T12:00:50,013","container":"f1f6ec10c4e9","level":"INFO","thread":"EthScheduler-Workers-0","class":"PersistBlockTask","message":"Imported #848 / 0 tx / 0 om / 0 (0.0%) gas / (0xc8bdcf6e205ec2cdfa6da45357c6e59eefe0de0e1ab6d5ef7225dfa74385eba2) in 0.001s. Peers: 3","throwable":""}
{"timestamp":"2025-06-27T12:00:58,013","container":"f1f6ec10c4e9","level":"INFO","thread":"EthScheduler-Workers-0","class":"PersistBlockTask","message":"Imported #849 / 0 tx / 0 om / 0 (0.0%) gas / (0x2a92e026ed2a8153cdba6b698163c5f9181d8b3be1100df4cd280446f7cc306d) in 0.001s. Peers: 3","throwable":""}
{"timestamp":"2025-06-27T12:01:06,011","container":"f1f6ec10c4e9","level":"INFO","thread":"EthScheduler-Workers-0","class":"PersistBlockTask","message":"Imported #850 / 0 tx / 0 om / 0 (0.0%) gas / (0xd1ff4dc6382645c7b8a8dad3d06c598f5e77456351369b7c95476f5ea21ef171) in 0.001s. Peers: 3","throwable":""}
{"timestamp":"2025-06-27T12:01:14,019","container":"f1f6ec10c4e9","level":"INFO","thread":"EthScheduler-Workers-0","class":"PersistBlockTask","message":"Imported #851 / 0 tx / 0 om / 0 (0.0%) gas / (0x62cc14788442e01e6acd04b1527d2e374494325baa0ae52710568834cbd4f170) in 0.004s. Peers: 3","throwable":""}
{"timestamp":"2025-06-27T12:01:22,021","container":"f1f6ec10c4e9","level":"INFO","thread":"EthScheduler-Workers-0","class":"PersistBlockTask","message":"Imported #852 / 0 tx / 0 om / 0 (0.0%) gas / (0xd11449644a0d104f1c5f16d35055af15bda26fe6cf06119052fc1f7c8bf7bf3f) in 0.001s. Peers: 3","throwable":""}
{"timestamp":"2025-06-27T12:01:30,014","container":"f1f6ec10c4e9","level":"INFO","thread":"EthScheduler-Workers-0","class":"PersistBlockTask","message":"Imported #853 / 0 tx / 0 om / 0 (0.0%) gas / (0x4ce3139de2fd0b95d81e62cf738bbc84ab544a0d796c0f87bd8cf8a5587faec3) in 0.001s. Peers: 3","throwable":""}
{"timestamp":"2025-06-27T12:01:38,025","container":"f1f6ec10c4e9","level":"INFO","thread":"EthScheduler-Workers-0","class":"PersistBlockTask","message":"Imported #854 / 0 tx / 0 om / 0 (0.0%) gas / (0x9249a1aea7a6b91c1a3da3abca35a57067ca1d3997bf7be74c8b545703d9f97e) in 0.001s. Peers: 3","throwable":""}
{"timestamp":"2025-06-27T12:01:46,016","container":"f1f6ec10c4e9","level":"INFO","thread":"EthScheduler-Workers-0","class":"PersistBlockTask","message":"Imported #855 / 0 tx / 0 om / 0 (0.0%) gas / (0x672de6ee4791e6c4c4411fa9661cc7cea9ab3a6417d9100bc09c206e35fd9971) in 0.003s. Peers: 3","throwable":""}
{"timestamp":"2025-06-27T12:01:54,018","container":"f1f6ec10c4e9","level":"INFO","thread":"EthScheduler-Workers-0","class":"PersistBlockTask","message":"Imported #856 / 0 tx / 0 om / 0 (0.0%) gas / (0x6c6f3343d0a2e643a88cc6775432467b0aa31f5e8894c614656af573f3a2cc55) in 0.001s. Peers: 3","throwable":""}
{"timestamp":"2025-06-27T12:02:02,015","container":"f1f6ec10c4e9","level":"INFO","thread":"EthScheduler-Workers-0","class":"PersistBlockTask","message":"Imported #857 / 0 tx / 0 om / 0 (0.0%) gas / (0x2a2b53728ee52568d9c40cdab0b115b8d1fc7b778604d3972e2cd62a22964524) in 0.001s. Peers: 3","throwable":""}
{"timestamp":"2025-06-27T12:02:10,015","container":"f1f6ec10c4e9","level":"INFO","thread":"EthScheduler-Workers-0","class":"PersistBlockTask","message":"Imported #858 / 0 tx / 0 om / 0 (0.0%) gas / (0x2457d8307ddb02dc94a2b9ee66238744af09b1f4ca56fbe832162cc14d86025b) in 0.001s. Peers: 3","throwable":""}
{"timestamp":"2025-06-27T12:02:18,016","container":"f1f6ec10c4e9","level":"INFO","thread":"EthScheduler-Workers-0","class":"PersistBlockTask","message":"Imported #859 / 0 tx / 0 om / 0 (0.0%) gas / (0x3d12754067feff4ce1ff289cf8f13dba8462e0238b36828da64c559c95a3118e) in 0.001s. Peers: 3","throwable":""}
{"timestamp":"2025-06-27T12:02:26,018","container":"f1f6ec10c4e9","level":"INFO","thread":"EthScheduler-Workers-0","class":"PersistBlockTask","message":"Imported #860 / 0 tx / 0 om / 0 (0.0%) gas / (0xb18042914201ad03d80a23fdbf07cf6b15a0e6b44715d125be55ddb2a19dc72a) in 0.001s. Peers: 3","throwable":""}
{"timestamp":"2025-06-27T12:02:34,016","container":"f1f6ec10c4e9","level":"INFO","thread":"EthScheduler-Workers-0","class":"PersistBlockTask","message":"Imported #861 / 0 tx / 0 om / 0 (0.0%) gas / (0xb94d590ac8cefbd1145693c8756bfe6db736bb8c8854f5a33f410d382ca2422e) in 0.002s. Peers: 3","throwable":""}
{"timestamp":"2025-06-27T12:02:42,014","container":"f1f6ec10c4e9","level":"INFO","thread":"EthScheduler-Workers-0","class":"PersistBlockTask","message":"Imported #862 / 0 tx / 0 om / 0 (0.0%) gas / (0xffaa1dcc2a5fab0a1a38fad64861b701ebbdaa96a4f262e5e55d8804ad6dd923) in 0.001s. Peers: 3","throwable":""}
{"timestamp":"2025-06-27T12:02:50,015","container":"f1f6ec10c4e9","level":"INFO","thread":"EthScheduler-Workers-0","class":"PersistBlockTask","message":"Imported #863 / 0 tx / 0 om / 0 (0.0%) gas / (0x3cd2adf03ee63e2294a7e5a9632b73e8a2adbe729326ae2bbab478cfd7b4db7b) in 0.001s. Peers: 3","throwable":""}
{"timestamp":"2025-06-27T12:02:58,016","container":"f1f6ec10c4e9","level":"INFO","thread":"EthScheduler-Workers-0","class":"PersistBlockTask","message":"Imported #864 / 0 tx / 0 om / 0 (0.0%) gas / (0x78652a94392eb525eb5a57bab0e86cb95019032c9e24a7e35dc92d2798711633) in 0.002s. Peers: 3","throwable":""}
{"timestamp":"2025-06-27T12:03:06,017","container":"f1f6ec10c4e9","level":"INFO","thread":"EthScheduler-Workers-0","class":"PersistBlockTask","message":"Imported #865 / 0 tx / 0 om / 0 (0.0%) gas / (0x66ef57b134197e33d29fe89989bcff8016d28696756861a15069ba83d98c8331) in 0.001s. Peers: 3","throwable":""}
{"timestamp":"2025-06-27T12:03:14,013","container":"f1f6ec10c4e9","level":"INFO","thread":"EthScheduler-Workers-0","class":"PersistBlockTask","message":"Imported #866 / 0 tx / 0 om / 0 (0.0%) gas / (0xcd8ba91550fd819e99247bcb0ae7209126d2d29f980bfc60aed4a1b67a562b70) in 0.001s. Peers: 3","throwable":""}
{"timestamp":"2025-06-27T12:03:22,014","container":"f1f6ec10c4e9","level":"INFO","thread":"EthScheduler-Workers-0","class":"PersistBlockTask","message":"Imported #867 / 0 tx / 0 om / 0 (0.0%) gas / (0x7430888cbd0c5c424e342fbf556bf4ed03e72db6bee2b6da9aaa1d66743c8b72) in 0.001s. Peers: 3","throwable":""}
{"timestamp":"2025-06-27T12:03:30,019","container":"f1f6ec10c4e9","level":"INFO","thread":"EthScheduler-Workers-0","class":"PersistBlockTask","message":"Imported #868 / 0 tx / 0 om / 0 (0.0%) gas / (0x37b4be5977d7c7bad364f851d3b14a716be86690055adc013db7ee71e10577a3) in 0.001s. Peers: 3","throwable":""}
{"timestamp":"2025-06-27T12:03:38,018","container":"f1f6ec10c4e9","level":"INFO","thread":"EthScheduler-Workers-0","class":"PersistBlockTask","message":"Imported #869 / 0 tx / 0 om / 0 (0.0%) gas / (0x94f9a416325c09db29ab8dfc913c559deb708f3974d0915c10d2cab2651d6af8) in 0.001s. Peers: 3","throwable":""}
{"timestamp":"2025-06-27T12:03:46,018","container":"f1f6ec10c4e9","level":"INFO","thread":"EthScheduler-Workers-0","class":"PersistBlockTask","message":"Imported #870 / 0 tx / 0 om / 0 (0.0%) gas / (0x24b9bc444540142d2449aa417f660f986bcc9fca462312e66f0a542be9473b36) in 0.002s. Peers: 3","throwable":""}
{"timestamp":"2025-06-27T12:03:54,018","container":"f1f6ec10c4e9","level":"INFO","thread":"EthScheduler-Workers-0","class":"PersistBlockTask","message":"Imported #871 / 0 tx / 0 om / 0 (0.0%) gas / (0x786780882a03b68e26885356589d319a9f5e13c6660af7580d20d72b7de20768) in 0.002s. Peers: 3","throwable":""}
{"timestamp":"2025-06-27T12:04:02,033","container":"f1f6ec10c4e9","level":"INFO","thread":"EthScheduler-Workers-0","class":"PersistBlockTask","message":"Imported #872 / 0 tx / 0 om / 0 (0.0%) gas / (0x69e5f196e35b2f474859faa09a7d370bf087ca9ce504057b30d6db6ca1635b42) in 0.003s. Peers: 3","throwable":""}
{"timestamp":"2025-06-27T12:04:10,013","container":"f1f6ec10c4e9","level":"INFO","thread":"EthScheduler-Workers-0","class":"PersistBlockTask","message":"Imported #873 / 0 tx / 0 om / 0 (0.0%) gas / (0x747e7907fdfe345e449d09f05daf5c27a84b37c63d7f4a78a9692457e4f32147) in 0.001s. Peers: 3","throwable":""}
{"timestamp":"2025-06-27T12:04:18,011","container":"f1f6ec10c4e9","level":"INFO","thread":"EthScheduler-Workers-0","class":"PersistBlockTask","message":"Imported #874 / 0 tx / 0 om / 0 (0.0%) gas / (0x267366c6dd69d9e51769054d51154e884e6e4e2e2de2bf5c209cef38aa0bf0ee) in 0.001s. Peers: 3","throwable":""}
{"timestamp":"2025-06-27T12:04:26,016","container":"f1f6ec10c4e9","level":"INFO","thread":"EthScheduler-Workers-0","class":"PersistBlockTask","message":"Imported #875 / 0 tx / 0 om / 0 (0.0%) gas / (0xfc795d8e809aa0ad73773d74690be9eefbbc00df790c44ac1f1118b8ba309aae) in 0.001s. Peers: 3","throwable":""}
{"timestamp":"2025-06-27T12:04:34,037","container":"f1f6ec10c4e9","level":"INFO","thread":"EthScheduler-Workers-0","class":"PersistBlockTask","message":"Imported #876 / 0 tx / 0 om / 0 (0.0%) gas / (0xd41ee77b806266318e0d50a2bc79f8a166d75fac92e5c07d644c25f3686c2be1) in 0.009s. Peers: 3","throwable":""}
{"timestamp":"2025-06-27T12:04:42,027","container":"f1f6ec10c4e9","level":"INFO","thread":"EthScheduler-Workers-0","class":"PersistBlockTask","message":"Imported #877 / 0 tx / 0 om / 0 (0.0%) gas / (0xfcf300880cb51ce4017715a7c2e74db45e5d8a70534869b75f3d2a1b8c5cacf9) in 0.001s. Peers: 3","throwable":""}
{"timestamp":"2025-06-27T12:04:50,014","container":"f1f6ec10c4e9","level":"INFO","thread":"EthScheduler-Workers-0","class":"PersistBlockTask","message":"Imported #878 / 0 tx / 0 om / 0 (0.0%) gas / (0x4896c41da1627f1a4e8cf7b0a426119ff651965bd7a04c7d1f23dba7ae878c53) in 0.001s. Peers: 3","throwable":""}
{"timestamp":"2025-06-27T12:04:58,017","container":"f1f6ec10c4e9","level":"INFO","thread":"EthScheduler-Workers-0","class":"PersistBlockTask","message":"Imported #879 / 0 tx / 0 om / 0 (0.0%) gas / (0xbc482ad982861fb06dce7e77aad1ea3e54c9e4feef11f48e802092a079e7a835) in 0.001s. Peers: 3","throwable":""}
{"timestamp":"2025-06-27T12:05:06,016","container":"f1f6ec10c4e9","level":"INFO","thread":"EthScheduler-Workers-0","class":"PersistBlockTask","message":"Imported #880 / 0 tx / 0 om / 0 (0.0%) gas / (0x4ac5fe45e66d230fe6ae232b57255262eaba2559fce0a6e6384eb9310077c0bb) in 0.001s. Peers: 3","throwable":""}
{"timestamp":"2025-06-27T12:05:14,015","container":"f1f6ec10c4e9","level":"INFO","thread":"EthScheduler-Workers-0","class":"PersistBlockTask","message":"Imported #881 / 0 tx / 0 om / 0 (0.0%) gas / (0xe170a2985d31571fc1b58c9626a912191e42d19a7f93622aea06e5e828901752) in 0.001s. Peers: 3","throwable":""}
{"timestamp":"2025-06-27T12:05:22,016","container":"f1f6ec10c4e9","level":"INFO","thread":"EthScheduler-Workers-0","class":"PersistBlockTask","message":"Imported #882 / 0 tx / 0 om / 0 (0.0%) gas / (0x5930e0320b8ecc027d8659093b5a11f27a81f222b0256d023dbc57cef6dc14a1) in 0.001s. Peers: 3","throwable":""}
{"timestamp":"2025-06-27T12:05:30,016","container":"f1f6ec10c4e9","level":"INFO","thread":"EthScheduler-Workers-0","class":"PersistBlockTask","message":"Imported #883 / 0 tx / 0 om / 0 (0.0%) gas / (0xc9072effcef0502ce8b8f539018f4850357572beb0602a593b314ed1a86c19a3) in 0.001s. Peers: 3","throwable":""}
{"timestamp":"2025-06-27T12:05:38,013","container":"f1f6ec10c4e9","level":"INFO","thread":"EthScheduler-Workers-0","class":"PersistBlockTask","message":"Imported #884 / 0 tx / 0 om / 0 (0.0%) gas / (0x2327f9af13941daae968711a32454ef938c1808c48f23d4d163f4ed85899f2fb) in 0.001s. Peers: 3","throwable":""}
{"timestamp":"2025-06-27T12:05:46,018","container":"f1f6ec10c4e9","level":"INFO","thread":"EthScheduler-Workers-0","class":"PersistBlockTask","message":"Imported #885 / 0 tx / 0 om / 0 (0.0%) gas / (0x863f452d43573b135339c1ce7140ced328af59527528d114b05a542f71833a9e) in 0.001s. Peers: 3","throwable":""}
{"timestamp":"2025-06-27T12:05:54,013","container":"f1f6ec10c4e9","level":"INFO","thread":"EthScheduler-Workers-0","class":"PersistBlockTask","message":"Imported #886 / 0 tx / 0 om / 0 (0.0%) gas / (0xf45879881462c921faecd977b86e3d2e39bbc1c0e9d23479f403917a04bd2ea1) in 0.001s. Peers: 3","throwable":""}
{"timestamp":"2025-06-27T12:06:02,015","container":"f1f6ec10c4e9","level":"INFO","thread":"EthScheduler-Workers-0","class":"PersistBlockTask","message":"Imported #887 / 0 tx / 0 om / 0 (0.0%) gas / (0x390a9c5562484205fd7b2e1daf7ddd6d72600535900064cf62ea10bb64574712) in 0.001s. Peers: 3","throwable":""}
{"timestamp":"2025-06-27T12:06:10,012","container":"f1f6ec10c4e9","level":"INFO","thread":"EthScheduler-Workers-0","class":"PersistBlockTask","message":"Imported #888 / 0 tx / 0 om / 0 (0.0%) gas / (0x2ab305fa67d8fcfc682a08acffd618e463f312b58c9f53eb5fec6e15a5e9dd21) in 0.002s. Peers: 3","throwable":""}
{"timestamp":"2025-06-27T12:06:18,027","container":"f1f6ec10c4e9","level":"INFO","thread":"EthScheduler-Workers-0","class":"PersistBlockTask","message":"Imported #889 / 0 tx / 0 om / 0 (0.0%) gas / (0xea80c153f1861df1d5876ff0292e0b0ac4d4416a147b7456477cc5f718d65966) in 0.002s. Peers: 3","throwable":""}
{"timestamp":"2025-06-27T12:06:26,016","container":"f1f6ec10c4e9","level":"INFO","thread":"EthScheduler-Workers-0","class":"PersistBlockTask","message":"Imported #890 / 0 tx / 0 om / 0 (0.0%) gas / (0xe12d9e96eb8e09f1412244022a9687a9317fac14c1ad31f566e2f1d5f52fa7f7) in 0.001s. Peers: 3","throwable":""}
{"timestamp":"2025-06-27T12:06:34,018","container":"f1f6ec10c4e9","level":"INFO","thread":"EthScheduler-Workers-0","class":"PersistBlockTask","message":"Imported #891 / 0 tx / 0 om / 0 (0.0%) gas / (0xc97d5e907a93771233c75b4b90335d0f93978c2a3fab87eb6fcc0985446a3448) in 0.001s. Peers: 3","throwable":""}
{"timestamp":"2025-06-27T12:06:42,015","container":"f1f6ec10c4e9","level":"INFO","thread":"EthScheduler-Workers-0","class":"PersistBlockTask","message":"Imported #892 / 0 tx / 0 om / 0 (0.0%) gas / (0x00b22fe96f80cfd4160320b98bf86b2355dad181bde5903101d496bfde7ec4be) in 0.001s. Peers: 3","throwable":""}
{"timestamp":"2025-06-27T12:06:50,023","container":"f1f6ec10c4e9","level":"INFO","thread":"EthScheduler-Workers-0","class":"PersistBlockTask","message":"Imported #893 / 0 tx / 0 om / 0 (0.0%) gas / (0x98dea7eed89b2d6c4e6412d30532af3caa8be9e2c24e59917b441997cf17674a) in 0.001s. Peers: 3","throwable":""}
{"timestamp":"2025-06-27T12:06:58,013","container":"f1f6ec10c4e9","level":"INFO","thread":"EthScheduler-Workers-0","class":"PersistBlockTask","message":"Imported #894 / 0 tx / 0 om / 0 (0.0%) gas / (0x4a51a091a2b67a6dbba9f71f204f06f366443a97244832f1154dcd38f9dafd5b) in 0.001s. Peers: 3","throwable":""}
{"timestamp":"2025-06-27T12:07:06,013","container":"f1f6ec10c4e9","level":"INFO","thread":"EthScheduler-Workers-0","class":"PersistBlockTask","message":"Imported #895 / 0 tx / 0 om / 0 (0.0%) gas / (0xfcc77a2b3f47ce76f5d6f87155fcdfbf696cf1b2bc5dad2aa9c52a2fe3afbc40) in 0.001s. Peers: 3","throwable":""}
{"timestamp":"2025-06-27T12:07:14,020","container":"f1f6ec10c4e9","level":"INFO","thread":"EthScheduler-Workers-0","class":"PersistBlockTask","message":"Imported #896 / 0 tx / 0 om / 0 (0.0%) gas / (0x19370b7747c21a96229f39314f07f0a665a2e4ad8ba515084c42a4dfedbc18d4) in 0.002s. Peers: 3","throwable":""}
{"timestamp":"2025-06-27T12:07:22,013","container":"f1f6ec10c4e9","level":"INFO","thread":"EthScheduler-Workers-0","class":"PersistBlockTask","message":"Imported #897 / 0 tx / 0 om / 0 (0.0%) gas / (0xbaa90b1677324aee19d4a02d36e97ef70223c92353ff01e52569a6ee1f3b56d8) in 0.002s. Peers: 3","throwable":""}
{"timestamp":"2025-06-27T12:07:30,017","container":"f1f6ec10c4e9","level":"INFO","thread":"EthScheduler-Workers-0","class":"PersistBlockTask","message":"Imported #898 / 0 tx / 0 om / 0 (0.0%) gas / (0x7a881181712819882f62efbdbe62dce69e0506df29715ac004ba2b56a02c34c2) in 0.001s. Peers: 3","throwable":""}
{"timestamp":"2025-06-27T12:07:38,011","container":"f1f6ec10c4e9","level":"INFO","thread":"EthScheduler-Workers-0","class":"PersistBlockTask","message":"Imported #899 / 0 tx / 0 om / 0 (0.0%) gas / (0xf6568dcd12995845117190472259fa81b1a08593507d980f0c86cfac29db0f53) in 0.001s. Peers: 3","throwable":""}
{"timestamp":"2025-06-27T12:07:46,017","container":"f1f6ec10c4e9","level":"INFO","thread":"EthScheduler-Workers-0","class":"PersistBlockTask","message":"Imported #900 / 0 tx / 0 om / 0 (0.0%) gas / (0x0f05da5f4d83781cbe70574d6ed81cab381f554e7442b1da6592d9bb0d2f5bc3) in 0.002s. Peers: 3","throwable":""}
{"timestamp":"2025-06-27T12:07:54,020","container":"f1f6ec10c4e9","level":"INFO","thread":"EthScheduler-Workers-0","class":"PersistBlockTask","message":"Imported #901 / 0 tx / 0 om / 0 (0.0%) gas / (0xdaad6a0c284ab453b9fab6c3a56d053adcc737c1a4820f82e4fb09da143354b8) in 0.001s. Peers: 3","throwable":""}
{"timestamp":"2025-06-27T12:08:02,013","container":"f1f6ec10c4e9","level":"INFO","thread":"EthScheduler-Workers-0","class":"PersistBlockTask","message":"Imported #902 / 0 tx / 0 om / 0 (0.0%) gas / (0x26f547284c8ec412d1e81e7f54d88515db7cc7753c8fdf61e08d636115af09e1) in 0.002s. Peers: 3","throwable":""}
{"timestamp":"2025-06-27T12:08:10,013","container":"f1f6ec10c4e9","level":"INFO","thread":"EthScheduler-Workers-0","class":"PersistBlockTask","message":"Imported #903 / 0 tx / 0 om / 0 (0.0%) gas / (0xc4a62a48b0e04fdde51501d1670d6c73924f0d46988afa7df86010b701cd6cf2) in 0.001s. Peers: 3","throwable":""}
{"timestamp":"2025-06-27T12:08:18,020","container":"f1f6ec10c4e9","level":"INFO","thread":"EthScheduler-Workers-0","class":"PersistBlockTask","message":"Imported #904 / 0 tx / 0 om / 0 (0.0%) gas / (0x644dd4bbcd203a1e952b601714c8bc0229271ae22a0344fcc368adc44b096a5c) in 0.001s. Peers: 3","throwable":""}
{"timestamp":"2025-06-27T12:08:26,014","container":"f1f6ec10c4e9","level":"INFO","thread":"EthScheduler-Workers-0","class":"PersistBlockTask","message":"Imported #905 / 0 tx / 0 om / 0 (0.0%) gas / (0xb6d6f745f3371eddc61665f7c6b721260d766354c162c23e9159faddadb288d2) in 0.001s. Peers: 3","throwable":""}
{"timestamp":"2025-06-27T12:08:34,021","container":"f1f6ec10c4e9","level":"INFO","thread":"EthScheduler-Workers-0","class":"PersistBlockTask","message":"Imported #906 / 0 tx / 0 om / 0 (0.0%) gas / (0xb6e8566397556ecac0deb40b312f515739cbe10b89194ff05a4f83c8e7973e50) in 0.001s. Peers: 3","throwable":""}
{"timestamp":"2025-06-27T12:08:42,019","container":"f1f6ec10c4e9","level":"INFO","thread":"EthScheduler-Workers-0","class":"PersistBlockTask","message":"Imported #907 / 0 tx / 0 om / 0 (0.0%) gas / (0x99ae9af3cd0b85efe4cc149c631da542c9445273164c73ca552c480ccaed9000) in 0.002s. Peers: 3","throwable":""}
{"timestamp":"2025-06-27T12:08:50,024","container":"f1f6ec10c4e9","level":"INFO","thread":"EthScheduler-Workers-0","class":"PersistBlockTask","message":"Imported #908 / 0 tx / 0 om / 0 (0.0%) gas / (0x42124442247d38dff6e4ab98dc7633becb235400e9ed60bd39a9a5bc1d095dcc) in 0.002s. Peers: 3","throwable":""}
{"timestamp":"2025-06-27T12:08:58,012","container":"f1f6ec10c4e9","level":"INFO","thread":"EthScheduler-Workers-0","class":"PersistBlockTask","message":"Imported #909 / 0 tx / 0 om / 0 (0.0%) gas / (0x57a9da806ad441fa992623ca04f16e4299fd4f30cb987d02ef79eba7b3b9e8a2) in 0.001s. Peers: 3","throwable":""}
{"timestamp":"2025-06-27T12:09:06,012","container":"f1f6ec10c4e9","level":"INFO","thread":"EthScheduler-Workers-0","class":"PersistBlockTask","message":"Imported #910 / 0 tx / 0 om / 0 (0.0%) gas / (0x991ee627c8d15382a804c0e3ce5c5fe0eeb592fed33b1e8adddc79495fc4eac0) in 0.001s. Peers: 3","throwable":""}
{"timestamp":"2025-06-27T12:09:14,011","container":"f1f6ec10c4e9","level":"INFO","thread":"EthScheduler-Workers-0","class":"PersistBlockTask","message":"Imported #911 / 0 tx / 0 om / 0 (0.0%) gas / (0xd31290e6c2af1d9f93d26d6924b530b5b22e79f8d7bdda5a1157302192baff78) in 0.001s. Peers: 3","throwable":""}
{"timestamp":"2025-06-27T12:09:22,021","container":"f1f6ec10c4e9","level":"INFO","thread":"EthScheduler-Workers-0","class":"PersistBlockTask","message":"Imported #912 / 0 tx / 0 om / 0 (0.0%) gas / (0x62f6388197f896575c7143ad0e29c2ddef9e276d58443818fe4b16e175f00c6a) in 0.001s. Peers: 3","throwable":""}
{"timestamp":"2025-06-27T12:09:30,011","container":"f1f6ec10c4e9","level":"INFO","thread":"EthScheduler-Workers-0","class":"PersistBlockTask","message":"Imported #913 / 0 tx / 0 om / 0 (0.0%) gas / (0x7357b6ec953ffc8caa2aa7081edbe326c40791b577b2c2b831c85fbac6cf4783) in 0.001s. Peers: 3","throwable":""}
{"timestamp":"2025-06-27T12:09:38,018","container":"f1f6ec10c4e9","level":"INFO","thread":"EthScheduler-Workers-0","class":"PersistBlockTask","message":"Imported #914 / 0 tx / 0 om / 0 (0.0%) gas / (0x4918646fcb5ea78c0e45a856e4c35b2f56258716ad2684bcb7478a79b5a0a52e) in 0.002s. Peers: 3","throwable":""}
{"timestamp":"2025-06-27T12:09:46,016","container":"f1f6ec10c4e9","level":"INFO","thread":"EthScheduler-Workers-0","class":"PersistBlockTask","message":"Imported #915 / 0 tx / 0 om / 0 (0.0%) gas / (0x3acc3b91351b6dc739faa3047566ba93009480cd5ea5ea281c9f91a8ee20a05b) in 0.001s. Peers: 3","throwable":""}
{"timestamp":"2025-06-27T12:09:54,021","container":"f1f6ec10c4e9","level":"INFO","thread":"EthScheduler-Workers-0","class":"PersistBlockTask","message":"Imported #916 / 0 tx / 0 om / 0 (0.0%) gas / (0xb3af698476bf6506822813c2e72132e78e5aa2519977c48261e8d8737460cb68) in 0.002s. Peers: 3","throwable":""}
{"timestamp":"2025-06-27T12:10:02,019","container":"f1f6ec10c4e9","level":"INFO","thread":"EthScheduler-Workers-0","class":"PersistBlockTask","message":"Imported #917 / 0 tx / 0 om / 0 (0.0%) gas / (0xb66e4a61373e7476697d414cb0e94753945172bdc70232a5bc6d0aea690de8d9) in 0.001s. Peers: 3","throwable":""}
{"timestamp":"2025-06-27T12:10:10,023","container":"f1f6ec10c4e9","level":"INFO","thread":"EthScheduler-Workers-0","class":"PersistBlockTask","message":"Imported #918 / 0 tx / 0 om / 0 (0.0%) gas / (0xbf07b921df72dacc2c375e1df931467dfd95eb0f85ce142ab8829eec3a624d70) in 0.002s. Peers: 3","throwable":""}
{"timestamp":"2025-06-27T12:10:18,026","container":"f1f6ec10c4e9","level":"INFO","thread":"EthScheduler-Workers-0","class":"PersistBlockTask","message":"Imported #919 / 0 tx / 0 om / 0 (0.0%) gas / (0x947b1b9833029afd13169d04c40e193c72a665b63a2e57536b1d5ebcd3996d81) in 0.002s. Peers: 3","throwable":""}
{"timestamp":"2025-06-27T12:10:26,028","container":"f1f6ec10c4e9","level":"INFO","thread":"EthScheduler-Workers-0","class":"PersistBlockTask","message":"Imported #920 / 0 tx / 0 om / 0 (0.0%) gas / (0x4bd099647b203eddbf34b710b344316d7286462302ea1d7df9d3f46cddb26f54) in 0.003s. Peers: 3","throwable":""}
{"timestamp":"2025-06-27T12:10:34,018","container":"f1f6ec10c4e9","level":"INFO","thread":"EthScheduler-Workers-0","class":"PersistBlockTask","message":"Imported #921 / 0 tx / 0 om / 0 (0.0%) gas / (0xe59124cdf83ba202d0cdf9a8b10ea4a5c2dde5afae38c8cc4551b163eac20094) in 0.002s. Peers: 3","throwable":""}
{"timestamp":"2025-06-27T12:10:42,024","container":"f1f6ec10c4e9","level":"INFO","thread":"EthScheduler-Workers-0","class":"PersistBlockTask","message":"Imported #922 / 0 tx / 0 om / 0 (0.0%) gas / (0x98d320b9d38aad90b2cf51b337d059a042fa8d35dda06aa834104e6013bc2a5d) in 0.001s. Peers: 3","throwable":""}
{"timestamp":"2025-06-27T12:10:50,019","container":"f1f6ec10c4e9","level":"INFO","thread":"EthScheduler-Workers-0","class":"PersistBlockTask","message":"Imported #923 / 0 tx / 0 om / 0 (0.0%) gas / (0x0bfceb5c6eaaf75ece6eb5ef78f24050eb1dc1531d7299938d73c9e9ea2e59b7) in 0.002s. Peers: 3","throwable":""}
{"timestamp":"2025-06-27T12:10:58,025","container":"f1f6ec10c4e9","level":"INFO","thread":"EthScheduler-Workers-0","class":"PersistBlockTask","message":"Imported #924 / 0 tx / 0 om / 0 (0.0%) gas / (0x7137c9bcefabc2d6452dfff2f086a924a72a5e8acdf411eb2d3dbb1ac1241c29) in 0.004s. Peers: 3","throwable":""}
{"timestamp":"2025-06-27T12:11:06,039","container":"f1f6ec10c4e9","level":"INFO","thread":"EthScheduler-Workers-0","class":"PersistBlockTask","message":"Imported #925 / 0 tx / 0 om / 0 (0.0%) gas / (0x1fef8dcf9b0ad427549b0d730587001fb5e042b7af7c125743c550fdeba5e0d6) in 0.002s. Peers: 3","throwable":""}
{"timestamp":"2025-06-27T12:11:14,028","container":"f1f6ec10c4e9","level":"INFO","thread":"EthScheduler-Workers-0","class":"PersistBlockTask","message":"Imported #926 / 0 tx / 0 om / 0 (0.0%) gas / (0x753ce179945541bae7b6d839c07095b6a6eb76b6e8a19fd71e82e3b958648881) in 0.002s. Peers: 3","throwable":""}
{"timestamp":"2025-06-27T12:11:22,015","container":"f1f6ec10c4e9","level":"INFO","thread":"EthScheduler-Workers-0","class":"PersistBlockTask","message":"Imported #927 / 0 tx / 0 om / 0 (0.0%) gas / (0x5dfbe087a9e613cdb487b902be0d8a7058210a57f8bbb3dee9f21d46598d5d20) in 0.001s. Peers: 3","throwable":""}
{"timestamp":"2025-06-27T12:11:30,032","container":"f1f6ec10c4e9","level":"INFO","thread":"EthScheduler-Workers-0","class":"PersistBlockTask","message":"Imported #928 / 0 tx / 0 om / 0 (0.0%) gas / (0x9554678d0a4f93bc007c030a0899928c7a71281a60b2b6aa1541818afbafc088) in 0.002s. Peers: 3","throwable":""}
{"timestamp":"2025-06-27T12:11:38,024","container":"f1f6ec10c4e9","level":"INFO","thread":"EthScheduler-Workers-0","class":"PersistBlockTask","message":"Imported #929 / 0 tx / 0 om / 0 (0.0%) gas / (0x10db262f891b73f4f2a2b1636d58885983ff652b3324a22ef6df731fc892d3db) in 0.003s. Peers: 3","throwable":""}
{"timestamp":"2025-06-27T12:11:46,011","container":"f1f6ec10c4e9","level":"INFO","thread":"EthScheduler-Workers-0","class":"PersistBlockTask","message":"Imported #930 / 0 tx / 0 om / 0 (0.0%) gas / (0x50ed9a56417b12dd00137f9b44a5ace3d6aa817c41c99c9a04d94b152a929174) in 0.001s. Peers: 3","throwable":""}
{"timestamp":"2025-06-27T12:11:54,025","container":"f1f6ec10c4e9","level":"INFO","thread":"EthScheduler-Workers-0","class":"PersistBlockTask","message":"Imported #931 / 0 tx / 0 om / 0 (0.0%) gas / (0x4acc8cedbf4b66447a3d139fb48ec9ce936949661db29bd756a1c9d5dae616ef) in 0.001s. Peers: 3","throwable":""}
{"timestamp":"2025-06-27T12:12:02,027","container":"f1f6ec10c4e9","level":"INFO","thread":"EthScheduler-Workers-0","class":"PersistBlockTask","message":"Imported #932 / 0 tx / 0 om / 0 (0.0%) gas / (0x179229569e7764b1484346c313654d2e3c4728fc7eb4c0f36885dbed36ae053e) in 0.002s. Peers: 3","throwable":""}
{"timestamp":"2025-06-27T12:12:10,024","container":"f1f6ec10c4e9","level":"INFO","thread":"EthScheduler-Workers-0","class":"PersistBlockTask","message":"Imported #933 / 0 tx / 0 om / 0 (0.0%) gas / (0xfc1e1789528013a33c4d6301326174921d711327b1bcaf008a07db0ab82e35e3) in 0.002s. Peers: 3","throwable":""}
{"timestamp":"2025-06-27T12:12:18,014","container":"f1f6ec10c4e9","level":"INFO","thread":"EthScheduler-Workers-0","class":"PersistBlockTask","message":"Imported #934 / 0 tx / 0 om / 0 (0.0%) gas / (0x9dc40f5e8cba1fbcdeca97739bb5c03fe3619adbf7589df933b8a9ea20f2ee34) in 0.001s. Peers: 3","throwable":""}
{"timestamp":"2025-06-27T12:12:26,021","container":"f1f6ec10c4e9","level":"INFO","thread":"EthScheduler-Workers-0","class":"PersistBlockTask","message":"Imported #935 / 0 tx / 0 om / 0 (0.0%) gas / (0xe84fc91837b917c23705ded2d561b29e37ea023c8a08dba6f2638ea46426fde9) in 0.001s. Peers: 3","throwable":""}
{"timestamp":"2025-06-27T12:12:34,021","container":"f1f6ec10c4e9","level":"INFO","thread":"EthScheduler-Workers-0","class":"PersistBlockTask","message":"Imported #936 / 0 tx / 0 om / 0 (0.0%) gas / (0xba8278757cf879cc8e6332f4925c77c6563d76f29f878c76199b436e6994f74b) in 0.001s. Peers: 3","throwable":""}
{"timestamp":"2025-06-27T12:12:42,013","container":"f1f6ec10c4e9","level":"INFO","thread":"EthScheduler-Workers-0","class":"PersistBlockTask","message":"Imported #937 / 0 tx / 0 om / 0 (0.0%) gas / (0xdd26356c5e328f39867d348476e946111e0759ff836f33582537f443ec4364f0) in 0.001s. Peers: 3","throwable":""}
{"timestamp":"2025-06-27T12:12:50,015","container":"f1f6ec10c4e9","level":"INFO","thread":"EthScheduler-Workers-0","class":"PersistBlockTask","message":"Imported #938 / 0 tx / 0 om / 0 (0.0%) gas / (0xdaf715680384f17b1ee44933ab9b20015c3b6e09bc4673c8f33a726539d88cf5) in 0.001s. Peers: 3","throwable":""}
{"timestamp":"2025-06-27T12:12:58,024","container":"f1f6ec10c4e9","level":"INFO","thread":"EthScheduler-Workers-0","class":"PersistBlockTask","message":"Imported #939 / 0 tx / 0 om / 0 (0.0%) gas / (0xddc081eb9dd782bbd0b978ecb35e21ab5fb0f9f9880e46afd713fefbe96dc8a1) in 0.003s. Peers: 3","throwable":""}
{"timestamp":"2025-06-27T12:13:06,046","container":"f1f6ec10c4e9","level":"INFO","thread":"EthScheduler-Workers-0","class":"PersistBlockTask","message":"Imported #940 / 0 tx / 0 om / 0 (0.0%) gas / (0x11b7a0637dcac1e51c331ab530985720da001a9e473c0aa8abd7ac6f7c4f7bc2) in 0.002s. Peers: 3","throwable":""}
{"timestamp":"2025-06-27T12:13:14,021","container":"f1f6ec10c4e9","level":"INFO","thread":"EthScheduler-Workers-0","class":"PersistBlockTask","message":"Imported #941 / 0 tx / 0 om / 0 (0.0%) gas / (0xb11c407dd642f376dbd9dca18e6fed60708025207b573c774defa9914a283554) in 0.001s. Peers: 3","throwable":""}
{"timestamp":"2025-06-27T12:13:22,025","container":"f1f6ec10c4e9","level":"INFO","thread":"EthScheduler-Workers-0","class":"PersistBlockTask","message":"Imported #942 / 0 tx / 0 om / 0 (0.0%) gas / (0x7261f6f5a7e7a8f78cb6da146e444c105955cedd7afb1df859e5e6411a8f53eb) in 0.001s. Peers: 3","throwable":""}
{"timestamp":"2025-06-27T12:13:30,013","container":"f1f6ec10c4e9","level":"INFO","thread":"EthScheduler-Workers-0","class":"PersistBlockTask","message":"Imported #943 / 0 tx / 0 om / 0 (0.0%) gas / (0x9fec8b5fd6b801722db697142acaf90acebb4c317dfcc91590db9925e9743ca9) in 0.001s. Peers: 3","throwable":""}
{"timestamp":"2025-06-27T12:13:38,015","container":"f1f6ec10c4e9","level":"INFO","thread":"EthScheduler-Workers-0","class":"PersistBlockTask","message":"Imported #944 / 0 tx / 0 om / 0 (0.0%) gas / (0x3ba02ee1ed453c352c4203f05170f92f47581c4c335c9a803a90577e9db6b617) in 0.002s. Peers: 3","throwable":""}
{"timestamp":"2025-06-27T12:13:46,023","container":"f1f6ec10c4e9","level":"INFO","thread":"EthScheduler-Workers-0","class":"PersistBlockTask","message":"Imported #945 / 0 tx / 0 om / 0 (0.0%) gas / (0xb8f6329fe415282b738824111d6519b27869a647598ba73d5771b949730fdce5) in 0.001s. Peers: 3","throwable":""}
{"timestamp":"2025-06-27T12:13:54,023","container":"f1f6ec10c4e9","level":"INFO","thread":"EthScheduler-Workers-0","class":"PersistBlockTask","message":"Imported #946 / 0 tx / 0 om / 0 (0.0%) gas / (0x32f508487248b2eb579a6fab9e02abc7c5ebee76468151b3355d39a0bbe09e60) in 0.002s. Peers: 3","throwable":""}
{"timestamp":"2025-06-27T12:14:02,024","container":"f1f6ec10c4e9","level":"INFO","thread":"EthScheduler-Workers-0","class":"PersistBlockTask","message":"Imported #947 / 0 tx / 0 om / 0 (0.0%) gas / (0xd6c038b4c6f184a31c8c3d14e400f5b21bf6d4839075c48f6b2ccfa8c02e6fb7) in 0.002s. Peers: 3","throwable":""}
{"timestamp":"2025-06-27T12:14:10,042","container":"f1f6ec10c4e9","level":"INFO","thread":"EthScheduler-Workers-0","class":"PersistBlockTask","message":"Imported #948 / 0 tx / 0 om / 0 (0.0%) gas / (0xdadad0b29b7bbc843d8ab8bd0428399bd220048c13ee4ad336cfa825de48b60a) in 0.002s. Peers: 3","throwable":""}
{"timestamp":"2025-06-27T12:14:18,014","container":"f1f6ec10c4e9","level":"INFO","thread":"EthScheduler-Workers-0","class":"PersistBlockTask","message":"Imported #949 / 0 tx / 0 om / 0 (0.0%) gas / (0x26c230fa37d07bf13e1c0df62a77aa90fd635e4fb98c122f2cc7687da4985da6) in 0.001s. Peers: 3","throwable":""}
{"timestamp":"2025-06-27T12:14:26,012","container":"f1f6ec10c4e9","level":"INFO","thread":"EthScheduler-Workers-0","class":"PersistBlockTask","message":"Imported #950 / 0 tx / 0 om / 0 (0.0%) gas / (0x3caa2ba3ee7e3934d1d21dfa7cb38712f1bbd88761932b8a378385cdf866e230) in 0.001s. Peers: 3","throwable":""}
{"timestamp":"2025-06-27T12:14:34,020","container":"f1f6ec10c4e9","level":"INFO","thread":"EthScheduler-Workers-0","class":"PersistBlockTask","message":"Imported #951 / 0 tx / 0 om / 0 (0.0%) gas / (0x998645729d8362aae9acc2b03d5d696d926c67641644ae05e16d9ca37094fa08) in 0.002s. Peers: 3","throwable":""}
{"timestamp":"2025-06-27T12:14:42,028","container":"f1f6ec10c4e9","level":"INFO","thread":"EthScheduler-Workers-0","class":"PersistBlockTask","message":"Imported #952 / 0 tx / 0 om / 0 (0.0%) gas / (0xc633bdb489f79ab674c728462f2c59e9c2c84478ba30437ea846810724a8f7d5) in 0.001s. Peers: 3","throwable":""}
{"timestamp":"2025-06-27T12:14:50,024","container":"f1f6ec10c4e9","level":"INFO","thread":"EthScheduler-Workers-0","class":"PersistBlockTask","message":"Imported #953 / 0 tx / 0 om / 0 (0.0%) gas / (0x96134d2b3f18661178f236a8f81747df2658039ddfa7e32fd712708c8d6fc050) in 0.002s. Peers: 3","throwable":""}
{"timestamp":"2025-06-27T12:14:58,024","container":"f1f6ec10c4e9","level":"INFO","thread":"EthScheduler-Workers-0","class":"PersistBlockTask","message":"Imported #954 / 0 tx / 0 om / 0 (0.0%) gas / (0xb26718ab8f8384c00ecd8fc5807890b08bc12d3541b6d4ddf5ae07e2d5d5d282) in 0.002s. Peers: 3","throwable":""}
{"timestamp":"2025-06-27T12:15:06,020","container":"f1f6ec10c4e9","level":"INFO","thread":"EthScheduler-Workers-0","class":"PersistBlockTask","message":"Imported #955 / 0 tx / 0 om / 0 (0.0%) gas / (0x151ff3f31fa2cd16d2dffefbd97fcf32da0594719c23a0e6199e297c526757f4) in 0.001s. Peers: 3","throwable":""}
{"timestamp":"2025-06-27T12:15:14,019","container":"f1f6ec10c4e9","level":"INFO","thread":"EthScheduler-Workers-0","class":"PersistBlockTask","message":"Imported #956 / 0 tx / 0 om / 0 (0.0%) gas / (0x3577dbf5e1c254d248a39f13d4f3cde6b445557582abeb3ffa87b4c2ecbcb556) in 0.002s. Peers: 3","throwable":""}
{"timestamp":"2025-06-27T12:15:22,014","container":"f1f6ec10c4e9","level":"INFO","thread":"EthScheduler-Workers-0","class":"PersistBlockTask","message":"Imported #957 / 0 tx / 0 om / 0 (0.0%) gas / (0x77630a1f36d7e8e1efab32b4d87aafe21bb91082d9e1df7755870bd02583d94d) in 0.001s. Peers: 3","throwable":""}
{"timestamp":"2025-06-27T12:15:30,023","container":"f1f6ec10c4e9","level":"INFO","thread":"EthScheduler-Workers-0","class":"PersistBlockTask","message":"Imported #958 / 0 tx / 0 om / 0 (0.0%) gas / (0x0663a04046b23ed5ee0940f4aa7ad31870ca9917ae449b460ba5c4287d7b4fe6) in 0.003s. Peers: 3","throwable":""}
{"timestamp":"2025-06-27T12:15:38,026","container":"f1f6ec10c4e9","level":"INFO","thread":"EthScheduler-Workers-0","class":"PersistBlockTask","message":"Imported #959 / 0 tx / 0 om / 0 (0.0%) gas / (0x4ac7955704148257b692aec73ca7efed2e5953ed7f03d65c90fe175867ad2734) in 0.001s. Peers: 3","throwable":""}
{"timestamp":"2025-06-27T12:15:46,025","container":"f1f6ec10c4e9","level":"INFO","thread":"EthScheduler-Workers-0","class":"PersistBlockTask","message":"Imported #960 / 0 tx / 0 om / 0 (0.0%) gas / (0x3d150955f1ee0c52ebbd4b629326144ffc3cefcd2e023f433dbffa02c5cbaa46) in 0.002s. Peers: 3","throwable":""}
{"timestamp":"2025-06-27T12:15:54,026","container":"f1f6ec10c4e9","level":"INFO","thread":"EthScheduler-Workers-0","class":"PersistBlockTask","message":"Imported #961 / 0 tx / 0 om / 0 (0.0%) gas / (0xa093d1f01940ddf5991ce7d606ea61fca5a14b3ec5398ee49c68d4d97311d149) in 0.002s. Peers: 3","throwable":""}
{"timestamp":"2025-06-27T12:16:02,031","container":"f1f6ec10c4e9","level":"INFO","thread":"EthScheduler-Workers-0","class":"PersistBlockTask","message":"Imported #962 / 0 tx / 0 om / 0 (0.0%) gas / (0x08336d09a048dac097e06e448c2a3add61305af437ce08d7a2f0bc43f9d94853) in 0.002s. Peers: 3","throwable":""}
{"timestamp":"2025-06-27T12:16:10,074","container":"f1f6ec10c4e9","level":"INFO","thread":"EthScheduler-Workers-0","class":"PersistBlockTask","message":"Imported #963 / 0 tx / 0 om / 0 (0.0%) gas / (0x9cdc757837898ed0850bb440babb3858d68379e887a674bce06385158a0f6b04) in 0.002s. Peers: 3","throwable":""}
{"timestamp":"2025-06-27T12:16:18,023","container":"f1f6ec10c4e9","level":"INFO","thread":"EthScheduler-Workers-0","class":"PersistBlockTask","message":"Imported #964 / 0 tx / 0 om / 0 (0.0%) gas / (0xb6d074fa5394e6581d456cd27d18e5e70fcb96301dd506c80ee694e4e0099dac) in 0.002s. Peers: 3","throwable":""}
{"timestamp":"2025-06-27T12:16:26,026","container":"f1f6ec10c4e9","level":"INFO","thread":"EthScheduler-Workers-0","class":"PersistBlockTask","message":"Imported #965 / 0 tx / 0 om / 0 (0.0%) gas / (0xaefd21e96207de081a00039209a45a1c538e90030b1b8c699a890e3287d25851) in 0.001s. Peers: 3","throwable":""}
{"timestamp":"2025-06-27T12:16:34,024","container":"f1f6ec10c4e9","level":"INFO","thread":"EthScheduler-Workers-0","class":"PersistBlockTask","message":"Imported #966 / 0 tx / 0 om / 0 (0.0%) gas / (0xfb53bb7c4f287f9116fe2cb4f3b1d06f885aab094b483aa6b1ce5cf5bfd94f7f) in 0.002s. Peers: 3","throwable":""}
{"timestamp":"2025-06-27T12:16:42,016","container":"f1f6ec10c4e9","level":"INFO","thread":"EthScheduler-Workers-0","class":"PersistBlockTask","message":"Imported #967 / 0 tx / 0 om / 0 (0.0%) gas / (0x7df12b2591e7bf554c8c9457447d074fd8495d048b6e0b1c6410ae32f6d956b1) in 0.001s. Peers: 3","throwable":""}
{"timestamp":"2025-06-27T12:16:50,026","container":"f1f6ec10c4e9","level":"INFO","thread":"EthScheduler-Workers-0","class":"PersistBlockTask","message":"Imported #968 / 0 tx / 0 om / 0 (0.0%) gas / (0x7399010d8f79f5f44ce452b332c1697a28cdcb423ed5bf06c20db8a561569411) in 0.001s. Peers: 3","throwable":""}
{"timestamp":"2025-06-27T12:16:58,028","container":"f1f6ec10c4e9","level":"INFO","thread":"EthScheduler-Workers-0","class":"PersistBlockTask","message":"Imported #969 / 0 tx / 0 om / 0 (0.0%) gas / (0x4928c8a4532c6e1f341ac26a002b3f3a35ff6877afffa2d738dd8dccde4c6d55) in 0.003s. Peers: 3","throwable":""}
{"timestamp":"2025-06-27T12:17:06,020","container":"f1f6ec10c4e9","level":"INFO","thread":"EthScheduler-Workers-0","class":"PersistBlockTask","message":"Imported #970 / 0 tx / 0 om / 0 (0.0%) gas / (0xa305c460e1dddd35d2dc6a9588f83f1d9bf6652d94ad88415b060dfeedd138b1) in 0.002s. Peers: 3","throwable":""}
{"timestamp":"2025-06-27T12:17:14,012","container":"f1f6ec10c4e9","level":"INFO","thread":"EthScheduler-Workers-0","class":"PersistBlockTask","message":"Imported #971 / 0 tx / 0 om / 0 (0.0%) gas / (0x88e02fd65726b9e61cfc0ba16c30985c2abe78cc75aac8f534b730e6aff54225) in 0.001s. Peers: 3","throwable":""}
{"timestamp":"2025-06-27T12:17:22,025","container":"f1f6ec10c4e9","level":"INFO","thread":"EthScheduler-Workers-0","class":"PersistBlockTask","message":"Imported #972 / 0 tx / 0 om / 0 (0.0%) gas / (0xc17bcbc98dbc1f9daf2ae34e2928c0a4621d67b5c8846a1bc66ec8d729a526c5) in 0.002s. Peers: 3","throwable":""}
{"timestamp":"2025-06-27T12:17:30,014","container":"f1f6ec10c4e9","level":"INFO","thread":"EthScheduler-Workers-0","class":"PersistBlockTask","message":"Imported #973 / 0 tx / 0 om / 0 (0.0%) gas / (0xba98d5cfdaccdb228564b1f720c643b30f7a3ce0d44db6285bbe60ecca57f5b0) in 0.001s. Peers: 3","throwable":""}
{"timestamp":"2025-06-27T12:17:38,020","container":"f1f6ec10c4e9","level":"INFO","thread":"EthScheduler-Workers-0","class":"PersistBlockTask","message":"Imported #974 / 0 tx / 0 om / 0 (0.0%) gas / (0x09083c5424daaf3471b969e9d9c9cfe39bc57eb6ccdaa61c217a3455b3905d61) in 0.002s. Peers: 3","throwable":""}
{"timestamp":"2025-06-27T12:17:46,011","container":"f1f6ec10c4e9","level":"INFO","thread":"EthScheduler-Workers-0","class":"PersistBlockTask","message":"Imported #975 / 0 tx / 0 om / 0 (0.0%) gas / (0x7673a9c432f1f434be84a2f60286799ade2aac9d1eb77c387cb822ded2a685d3) in 0.001s. Peers: 3","throwable":""}
{"timestamp":"2025-06-27T12:17:54,020","container":"f1f6ec10c4e9","level":"INFO","thread":"EthScheduler-Workers-0","class":"PersistBlockTask","message":"Imported #976 / 0 tx / 0 om / 0 (0.0%) gas / (0xe63c9f66d09c6b780c8f6d65e2d46558a8b1ac12b5f0e3f94e791df8cc18f403) in 0.002s. Peers: 3","throwable":""}
{"timestamp":"2025-06-27T12:18:02,022","container":"f1f6ec10c4e9","level":"INFO","thread":"EthScheduler-Workers-0","class":"PersistBlockTask","message":"Imported #977 / 0 tx / 0 om / 0 (0.0%) gas / (0x6c73d00a62ae97613881b535a1146f8416975a7df9feb3ef1a5f075721b46d1b) in 0.001s. Peers: 3","throwable":""}
{"timestamp":"2025-06-27T12:18:10,011","container":"f1f6ec10c4e9","level":"INFO","thread":"EthScheduler-Workers-0","class":"PersistBlockTask","message":"Imported #978 / 0 tx / 0 om / 0 (0.0%) gas / (0x751d38e327f8a6473ca6cc927ba7e07942c306e63d83436a4b1982e8d412773d) in 0.001s. Peers: 3","throwable":""}
{"timestamp":"2025-06-27T12:18:18,012","container":"f1f6ec10c4e9","level":"INFO","thread":"EthScheduler-Workers-0","class":"PersistBlockTask","message":"Imported #979 / 0 tx / 0 om / 0 (0.0%) gas / (0x12756130d45fb93cfd99c5bc24010a68a26933b2c4cf9a253123fb8f0d241d65) in 0.001s. Peers: 3","throwable":""}
{"timestamp":"2025-06-27T12:18:26,086","container":"f1f6ec10c4e9","level":"INFO","thread":"EthScheduler-Workers-0","class":"PersistBlockTask","message":"Imported #980 / 0 tx / 0 om / 0 (0.0%) gas / (0x8ee4d726ec397f4219fbece620e61e012b03a9d788574a3d05607346be461f91) in 0.007s. Peers: 3","throwable":""}
{"timestamp":"2025-06-27T12:18:34,022","container":"f1f6ec10c4e9","level":"INFO","thread":"EthScheduler-Workers-0","class":"PersistBlockTask","message":"Imported #981 / 0 tx / 0 om / 0 (0.0%) gas / (0x13d3d84195c2df6869d1cb3a63af2f3b53b978b2f77b93ad59fcb3e3b9ada981) in 0.001s. Peers: 3","throwable":""}
{"timestamp":"2025-06-27T12:18:42,015","container":"f1f6ec10c4e9","level":"INFO","thread":"EthScheduler-Workers-0","class":"PersistBlockTask","message":"Imported #982 / 0 tx / 0 om / 0 (0.0%) gas / (0x48975989beebc7dfcba5406e57c9767d6bd9c968e176798163a71a0f6bc55c48) in 0.001s. Peers: 3","throwable":""}
{"timestamp":"2025-06-27T12:18:50,024","container":"f1f6ec10c4e9","level":"INFO","thread":"EthScheduler-Workers-0","class":"PersistBlockTask","message":"Imported #983 / 0 tx / 0 om / 0 (0.0%) gas / (0x50ec4b6af4574723799a00e0e6ccfb5c470b0e829ba3e93b815560d4eff159c7) in 0.002s. Peers: 3","throwable":""}
{"timestamp":"2025-06-27T12:18:58,020","container":"f1f6ec10c4e9","level":"INFO","thread":"EthScheduler-Workers-0","class":"PersistBlockTask","message":"Imported #984 / 0 tx / 0 om / 0 (0.0%) gas / (0xaf0f225d69aaf8f8cb3d8a350669695b0c9bf95bf69660f37fbd0766d3cecffb) in 0.002s. Peers: 3","throwable":""}
{"timestamp":"2025-06-27T12:19:06,026","container":"f1f6ec10c4e9","level":"INFO","thread":"EthScheduler-Workers-0","class":"PersistBlockTask","message":"Imported #985 / 0 tx / 0 om / 0 (0.0%) gas / (0xfc74a0644f73ee5794470f74fc649e4377b3555d4d6140471a15ea0099567a1c) in 0.002s. Peers: 3","throwable":""}
{"timestamp":"2025-06-27T12:19:14,027","container":"f1f6ec10c4e9","level":"INFO","thread":"EthScheduler-Workers-0","class":"PersistBlockTask","message":"Imported #986 / 0 tx / 0 om / 0 (0.0%) gas / (0x272d39249cb38d259da9ed0144bd99a82ff6d78b4c42d140d01a7399d522ec85) in 0.002s. Peers: 3","throwable":""}
{"timestamp":"2025-06-27T12:19:22,040","container":"f1f6ec10c4e9","level":"INFO","thread":"EthScheduler-Workers-0","class":"PersistBlockTask","message":"Imported #987 / 0 tx / 0 om / 0 (0.0%) gas / (0x9c35e9ea7c4beb9ecc2f43a6c52840d6fb782d7635ebb8804f50f70ecec8148f) in 0.003s. Peers: 3","throwable":""}
{"timestamp":"2025-06-27T12:19:30,026","container":"f1f6ec10c4e9","level":"INFO","thread":"EthScheduler-Workers-0","class":"PersistBlockTask","message":"Imported #988 / 0 tx / 0 om / 0 (0.0%) gas / (0x5c1d19dd641d9ba23fcdff75fb635cb0c0c9698905298fadd71158726d688bf2) in 0.002s. Peers: 3","throwable":""}
{"timestamp":"2025-06-27T12:19:38,013","container":"f1f6ec10c4e9","level":"INFO","thread":"EthScheduler-Workers-0","class":"PersistBlockTask","message":"Imported #989 / 0 tx / 0 om / 0 (0.0%) gas / (0x854ae904657af37ac1fead7d627ffefa7f561694bc5a6a407882a9dd447bb885) in 0.001s. Peers: 3","throwable":""}
{"timestamp":"2025-06-27T12:19:46,016","container":"f1f6ec10c4e9","level":"INFO","thread":"EthScheduler-Workers-0","class":"PersistBlockTask","message":"Imported #990 / 0 tx / 0 om / 0 (0.0%) gas / (0x1dc6a0c2e9f164a04eb195e3b76da2d64ba0fc162c91de6562db86802384807f) in 0.001s. Peers: 3","throwable":""}
{"timestamp":"2025-06-27T12:19:54,016","container":"f1f6ec10c4e9","level":"INFO","thread":"EthScheduler-Workers-0","class":"PersistBlockTask","message":"Imported #991 / 0 tx / 0 om / 0 (0.0%) gas / (0x3d63e8f37ddfe75fee370cc41a0b494640ce281903b1b2b4944f9b3c617db704) in 0.001s. Peers: 3","throwable":""}
{"timestamp":"2025-06-27T12:20:02,024","container":"f1f6ec10c4e9","level":"INFO","thread":"EthScheduler-Workers-0","class":"PersistBlockTask","message":"Imported #992 / 0 tx / 0 om / 0 (0.0%) gas / (0x3c8d04fc4c442ba63d3095208e82cf18dd87a5b4e4343d11e884d71b43de3ac9) in 0.002s. Peers: 3","throwable":""}
{"timestamp":"2025-06-27T12:20:10,016","container":"f1f6ec10c4e9","level":"INFO","thread":"EthScheduler-Workers-0","class":"PersistBlockTask","message":"Imported #993 / 0 tx / 0 om / 0 (0.0%) gas / (0x7e7eb7b46cfc6ccd1a9215fa966e7189f58aab7692932af7ee79b2b21e8eee56) in 0.001s. Peers: 3","throwable":""}
{"timestamp":"2025-06-27T12:20:18,024","container":"f1f6ec10c4e9","level":"INFO","thread":"EthScheduler-Workers-0","class":"PersistBlockTask","message":"Imported #994 / 0 tx / 0 om / 0 (0.0%) gas / (0xff021189d8061320b5f06e17253fc752af9ed0115f0549df784f1b9db02b2cfa) in 0.002s. Peers: 3","throwable":""}
{"timestamp":"2025-06-27T12:20:26,014","container":"f1f6ec10c4e9","level":"INFO","thread":"EthScheduler-Workers-0","class":"PersistBlockTask","message":"Imported #995 / 0 tx / 0 om / 0 (0.0%) gas / (0xca9b7b1a4efd2f14027bd01cabe495d025980c7058d05c1c3cf265ba1f1534ad) in 0.001s. Peers: 3","throwable":""}
{"timestamp":"2025-06-27T12:20:34,036","container":"f1f6ec10c4e9","level":"INFO","thread":"EthScheduler-Workers-0","class":"PersistBlockTask","message":"Imported #996 / 0 tx / 0 om / 0 (0.0%) gas / (0x4ba6d4c35c8c0939ee4220a999bcc859ef34d8f639fd8a32eee0dbc5e438b96e) in 0.004s. Peers: 3","throwable":""}
{"timestamp":"2025-06-27T12:20:42,014","container":"f1f6ec10c4e9","level":"INFO","thread":"EthScheduler-Workers-0","class":"PersistBlockTask","message":"Imported #997 / 0 tx / 0 om / 0 (0.0%) gas / (0xd47cc1d3809431429fd66778554cd80bc3965444dde1eb74b74db91108e10b52) in 0.001s. Peers: 3","throwable":""}
{"timestamp":"2025-06-27T12:20:50,020","container":"f1f6ec10c4e9","level":"INFO","thread":"EthScheduler-Workers-0","class":"PersistBlockTask","message":"Imported #998 / 0 tx / 0 om / 0 (0.0%) gas / (0xd94fa1293f467b7b7e0433d5ed26c217f5370c2c812b8c47ae2daa54e95795f2) in 0.002s. Peers: 3","throwable":""}
{"timestamp":"2025-06-27T12:20:58,020","container":"f1f6ec10c4e9","level":"INFO","thread":"EthScheduler-Workers-0","class":"PersistBlockTask","message":"Imported #999 / 0 tx / 0 om / 0 (0.0%) gas / (0xe52409c3a04c3c0890051d0d9f7bbe163136b81fbc1a2c6d60082de5c53847d7) in 0.002s. Peers: 3","throwable":""}
{"timestamp":"2025-06-27T12:21:06,017","container":"f1f6ec10c4e9","level":"INFO","thread":"EthScheduler-Workers-0","class":"PersistBlockTask","message":"Imported #1,000 / 0 tx / 0 om / 0 (0.0%) gas / (0x352a38debbfc5328c70cba8830563784d3dacda36061e51572bc6a9a5e6036bb) in 0.002s. Peers: 3","throwable":""}
{"timestamp":"2025-06-27T12:21:14,017","container":"f1f6ec10c4e9","level":"INFO","thread":"EthScheduler-Workers-0","class":"PersistBlockTask","message":"Imported #1,001 / 0 tx / 0 om / 0 (0.0%) gas / (0xf0c006afcaafd37ee75b363acedbcacff887c72d4c13129d02ddc50391c15366) in 0.001s. Peers: 3","throwable":""}
{"timestamp":"2025-06-27T12:21:22,031","container":"f1f6ec10c4e9","level":"INFO","thread":"EthScheduler-Workers-0","class":"PersistBlockTask","message":"Imported #1,002 / 0 tx / 0 om / 0 (0.0%) gas / (0xe97a68a398a7ca6425196cdff22f32d55e78cec4b374b80fe58f94c7c44fa3a7) in 0.007s. Peers: 3","throwable":""}
{"timestamp":"2025-06-27T12:21:30,025","container":"f1f6ec10c4e9","level":"INFO","thread":"EthScheduler-Workers-0","class":"PersistBlockTask","message":"Imported #1,003 / 0 tx / 0 om / 0 (0.0%) gas / (0x3b3df2ca96fe401aab4ac7d2a3e160ce1aed6dc02d931b91f2b4d34a95e7cc7f) in 0.003s. Peers: 3","throwable":""}
{"timestamp":"2025-06-27T12:21:38,020","container":"f1f6ec10c4e9","level":"INFO","thread":"EthScheduler-Workers-0","class":"PersistBlockTask","message":"Imported #1,004 / 0 tx / 0 om / 0 (0.0%) gas / (0xaac699c852240bdfcfb28791f0a73eb4541a1a0bc4b64b1823a686794acfefc1) in 0.001s. Peers: 3","throwable":""}
{"timestamp":"2025-06-27T12:21:46,033","container":"f1f6ec10c4e9","level":"INFO","thread":"EthScheduler-Workers-0","class":"PersistBlockTask","message":"Imported #1,005 / 0 tx / 0 om / 0 (0.0%) gas / (0x3562237297e59560826bc91d7fd9efc8f14edc7c5581049d37496a2b37dea11a) in 0.002s. Peers: 3","throwable":""}
{"timestamp":"2025-06-27T12:21:54,025","container":"f1f6ec10c4e9","level":"INFO","thread":"EthScheduler-Workers-0","class":"PersistBlockTask","message":"Imported #1,006 / 0 tx / 0 om / 0 (0.0%) gas / (0x5359b454146d8781d771577c6fdb02820472c42967a572fc130ef51aa3302595) in 0.002s. Peers: 3","throwable":""}
{"timestamp":"2025-06-27T12:22:02,022","container":"f1f6ec10c4e9","level":"INFO","thread":"EthScheduler-Workers-0","class":"PersistBlockTask","message":"Imported #1,007 / 0 tx / 0 om / 0 (0.0%) gas / (0x2c16ce7fd3ca67e910ff44dc5d33bd0137bda42309de33e1367ec1ec2873a803) in 0.002s. Peers: 3","throwable":""}
{"timestamp":"2025-06-27T12:22:10,028","container":"f1f6ec10c4e9","level":"INFO","thread":"EthScheduler-Workers-0","class":"PersistBlockTask","message":"Imported #1,008 / 0 tx / 0 om / 0 (0.0%) gas / (0x79f7b620ddc037f13e754f7ba7122e4522425ab8664f30c840cab897c4c26fed) in 0.007s. Peers: 3","throwable":""}
{"timestamp":"2025-06-27T12:22:18,019","container":"f1f6ec10c4e9","level":"INFO","thread":"EthScheduler-Workers-0","class":"PersistBlockTask","message":"Imported #1,009 / 0 tx / 0 om / 0 (0.0%) gas / (0xca6f90e1ab4ca55ab4426f129ad78738e24bff4fd27906934a9fe779aaf94986) in 0.002s. Peers: 3","throwable":""}
{"timestamp":"2025-06-27T12:22:26,016","container":"f1f6ec10c4e9","level":"INFO","thread":"EthScheduler-Workers-0","class":"PersistBlockTask","message":"Imported #1,010 / 0 tx / 0 om / 0 (0.0%) gas / (0x34c9020e3d402a72edb356f87ae9f8d854dd0edac418318a91596b7c6fbc1e81) in 0.002s. Peers: 3","throwable":""}
{"timestamp":"2025-06-27T12:22:34,023","container":"f1f6ec10c4e9","level":"INFO","thread":"EthScheduler-Workers-0","class":"PersistBlockTask","message":"Imported #1,011 / 0 tx / 0 om / 0 (0.0%) gas / (0x3d3214c1cbc97860f2b9e64094b5c71c729fe7de7ed6e4fc9fa3344f32489473) in 0.002s. Peers: 3","throwable":""}
{"timestamp":"2025-06-27T12:22:42,024","container":"f1f6ec10c4e9","level":"INFO","thread":"EthScheduler-Workers-0","class":"PersistBlockTask","message":"Imported #1,012 / 0 tx / 0 om / 0 (0.0%) gas / (0x19cc32354c55a8c30546aae01f3a058ef6c36dd3b4710d4a1d3b4d2d8153cbfd) in 0.003s. Peers: 3","throwable":""}
{"timestamp":"2025-06-27T12:22:50,014","container":"f1f6ec10c4e9","level":"INFO","thread":"EthScheduler-Workers-0","class":"PersistBlockTask","message":"Imported #1,013 / 0 tx / 0 om / 0 (0.0%) gas / (0x98b34067e2d9f0812bf15e34a15219538b8f888d9b124be74edb9e8cf85919b4) in 0.001s. Peers: 3","throwable":""}
{"timestamp":"2025-06-27T12:22:58,015","container":"f1f6ec10c4e9","level":"INFO","thread":"EthScheduler-Workers-0","class":"PersistBlockTask","message":"Imported #1,014 / 0 tx / 0 om / 0 (0.0%) gas / (0xce795d87ba492d43f81956379d204a5b2bd26aab4da327f9d5436c481be10692) in 0.002s. Peers: 3","throwable":""}
{"timestamp":"2025-06-27T12:23:06,031","container":"f1f6ec10c4e9","level":"INFO","thread":"EthScheduler-Workers-0","class":"PersistBlockTask","message":"Imported #1,015 / 0 tx / 0 om / 0 (0.0%) gas / (0x0801338551043bebed9811b9f6f6fe0dfdbb0a35e30852755e4003fc7da86fa7) in 0.003s. Peers: 3","throwable":""}
{"timestamp":"2025-06-27T12:23:14,024","container":"f1f6ec10c4e9","level":"INFO","thread":"EthScheduler-Workers-0","class":"PersistBlockTask","message":"Imported #1,016 / 0 tx / 0 om / 0 (0.0%) gas / (0xea4ce0e0ecd6a9bd7f5abd4f3fdaec5df470210ca82f796a5878d2d0d5ac795a) in 0.001s. Peers: 3","throwable":""}
{"timestamp":"2025-06-27T12:23:22,024","container":"f1f6ec10c4e9","level":"INFO","thread":"EthScheduler-Workers-0","class":"PersistBlockTask","message":"Imported #1,017 / 0 tx / 0 om / 0 (0.0%) gas / (0x3b3c2a881015379d0e2045d6bbc48468bb5ee7640b63af555662653a8c9e8a34) in 0.002s. Peers: 3","throwable":""}
{"timestamp":"2025-06-27T12:23:30,026","container":"f1f6ec10c4e9","level":"INFO","thread":"EthScheduler-Workers-0","class":"PersistBlockTask","message":"Imported #1,018 / 0 tx / 0 om / 0 (0.0%) gas / (0x88a259d36295c2620775becb81be532b3906c213cf046753d7bc4b2176e4a35c) in 0.002s. Peers: 3","throwable":""}
{"timestamp":"2025-06-27T12:23:38,027","container":"f1f6ec10c4e9","level":"INFO","thread":"EthScheduler-Workers-0","class":"PersistBlockTask","message":"Imported #1,019 / 0 tx / 0 om / 0 (0.0%) gas / (0x2afdd2b79d36e3d41e9ad551e095fab755318e79058a25f86cf46d83d92a5d09) in 0.002s. Peers: 3","throwable":""}
{"timestamp":"2025-06-27T12:23:46,026","container":"f1f6ec10c4e9","level":"INFO","thread":"EthScheduler-Workers-0","class":"PersistBlockTask","message":"Imported #1,020 / 0 tx / 0 om / 0 (0.0%) gas / (0xac0a3d72200b6d6fd35dc33947a4ce425682b2dda1908703855a3a0f7beb8da5) in 0.003s. Peers: 3","throwable":""}
{"timestamp":"2025-06-27T12:23:54,026","container":"f1f6ec10c4e9","level":"INFO","thread":"EthScheduler-Workers-0","class":"PersistBlockTask","message":"Imported #1,021 / 0 tx / 0 om / 0 (0.0%) gas / (0xfc9a4ee6f5ec93299b8b875c26ca49c57f54571efa36e1ff0cef1e2595ecb5ea) in 0.003s. Peers: 3","throwable":""}
{"timestamp":"2025-06-27T12:24:02,017","container":"f1f6ec10c4e9","level":"INFO","thread":"EthScheduler-Workers-0","class":"PersistBlockTask","message":"Imported #1,022 / 0 tx / 0 om / 0 (0.0%) gas / (0x0075c2c5be86a1b2562bd0557887dca31ed197e1fa087e3e6412279c25ae9a1f) in 0.001s. Peers: 3","throwable":""}
{"timestamp":"2025-06-27T12:24:10,022","container":"f1f6ec10c4e9","level":"INFO","thread":"EthScheduler-Workers-0","class":"PersistBlockTask","message":"Imported #1,023 / 0 tx / 0 om / 0 (0.0%) gas / (0x9854a0c3749823486fc307f559c4f388c06712ca9ac954d4f87020adc6f391dd) in 0.002s. Peers: 3","throwable":""}
{"timestamp":"2025-06-27T12:24:18,032","container":"f1f6ec10c4e9","level":"INFO","thread":"EthScheduler-Workers-0","class":"PersistBlockTask","message":"Imported #1,024 / 0 tx / 0 om / 0 (0.0%) gas / (0xaced79f84f53a418bc4fe4f1539c8cd02621a869af53625791308d4bb44b744e) in 0.004s. Peers: 3","throwable":""}
{"timestamp":"2025-06-27T12:24:26,013","container":"f1f6ec10c4e9","level":"INFO","thread":"EthScheduler-Workers-0","class":"PersistBlockTask","message":"Imported #1,025 / 0 tx / 0 om / 0 (0.0%) gas / (0x055d104aa42b1a3c7ab22fe237044c572690aea8d86126104241e7daa2ed09e8) in 0.001s. Peers: 3","throwable":""}
{"timestamp":"2025-06-27T12:24:34,026","container":"f1f6ec10c4e9","level":"INFO","thread":"EthScheduler-Workers-0","class":"PersistBlockTask","message":"Imported #1,026 / 0 tx / 0 om / 0 (0.0%) gas / (0xd61a6db43ef28f6dc28e3746fdbb7282113c147b9337698ddb20f0cc6c0f7c9a) in 0.002s. Peers: 3","throwable":""}
{"timestamp":"2025-06-27T12:24:42,023","container":"f1f6ec10c4e9","level":"INFO","thread":"EthScheduler-Workers-0","class":"PersistBlockTask","message":"Imported #1,027 / 0 tx / 0 om / 0 (0.0%) gas / (0xe5fbacedd54bd24ff9439533c28f6c7c8fc37c97ea8a2fc0e6c9cededb8348dd) in 0.001s. Peers: 3","throwable":""}
{"timestamp":"2025-06-27T12:24:50,023","container":"f1f6ec10c4e9","level":"INFO","thread":"EthScheduler-Workers-0","class":"PersistBlockTask","message":"Imported #1,028 / 0 tx / 0 om / 0 (0.0%) gas / (0x652cdc6e1bfd731c7be3069c27b30527c0bdd913e9688a371093b26fb6994dde) in 0.002s. Peers: 3","throwable":""}
{"timestamp":"2025-06-27T12:24:58,022","container":"f1f6ec10c4e9","level":"INFO","thread":"EthScheduler-Workers-0","class":"PersistBlockTask","message":"Imported #1,029 / 0 tx / 0 om / 0 (0.0%) gas / (0x84f4d2e9d685c6a6b1c64e90837e05205f68f87682fffbcc658a7a3e2be42e53) in 0.002s. Peers: 3","throwable":""}
{"timestamp":"2025-06-27T12:25:06,030","container":"f1f6ec10c4e9","level":"INFO","thread":"EthScheduler-Workers-0","class":"PersistBlockTask","message":"Imported #1,030 / 0 tx / 0 om / 0 (0.0%) gas / (0xf19c6cffe747916a33e841bcb8f69dd011727f7fa0a47069652bc75d99f2d6de) in 0.002s. Peers: 3","throwable":""}
{"timestamp":"2025-06-27T12:25:14,027","container":"f1f6ec10c4e9","level":"INFO","thread":"EthScheduler-Workers-0","class":"PersistBlockTask","message":"Imported #1,031 / 0 tx / 0 om / 0 (0.0%) gas / (0x9ba05d46b1669ca15a4c2743b55379d092ddc90e7c26daf8c992d483ad37f7f6) in 0.004s. Peers: 3","throwable":""}
{"timestamp":"2025-06-27T12:25:22,019","container":"f1f6ec10c4e9","level":"INFO","thread":"EthScheduler-Workers-0","class":"PersistBlockTask","message":"Imported #1,032 / 0 tx / 0 om / 0 (0.0%) gas / (0xa2aa5926ff38a7700d0f513abe59e9f98fcd4de3c6c3c647d4d9432803b8c496) in 0.001s. Peers: 3","throwable":""}
{"timestamp":"2025-06-27T12:25:30,041","container":"f1f6ec10c4e9","level":"INFO","thread":"EthScheduler-Workers-0","class":"PersistBlockTask","message":"Imported #1,033 / 0 tx / 0 om / 0 (0.0%) gas / (0x8974a31b44413dec6e4500076dc2ad48eaecfd00609c5e18701e18049b090754) in 0.001s. Peers: 3","throwable":""}
{"timestamp":"2025-06-27T12:25:38,021","container":"f1f6ec10c4e9","level":"INFO","thread":"EthScheduler-Workers-0","class":"PersistBlockTask","message":"Imported #1,034 / 0 tx / 0 om / 0 (0.0%) gas / (0xd75c50ac196679aeab0714b4c6e741eb5545ea2aeca62fa563fbe81640f5e661) in 0.001s. Peers: 3","throwable":""}
{"timestamp":"2025-06-27T12:25:46,017","container":"f1f6ec10c4e9","level":"INFO","thread":"EthScheduler-Workers-0","class":"PersistBlockTask","message":"Imported #1,035 / 0 tx / 0 om / 0 (0.0%) gas / (0x0a99ccad12eaf8e897101e6824353b242f7cd08acc2ca2fad9149456a30808e6) in 0.002s. Peers: 3","throwable":""}
{"timestamp":"2025-06-27T12:25:54,038","container":"f1f6ec10c4e9","level":"INFO","thread":"EthScheduler-Workers-0","class":"PersistBlockTask","message":"Imported #1,036 / 0 tx / 0 om / 0 (0.0%) gas / (0xe2145b15856829f6c73f205624fb939ad02531275a4b5dda21355c5119afb04a) in 0.001s. Peers: 3","throwable":""}
{"timestamp":"2025-06-27T12:26:02,027","container":"f1f6ec10c4e9","level":"INFO","thread":"EthScheduler-Workers-0","class":"PersistBlockTask","message":"Imported #1,037 / 0 tx / 0 om / 0 (0.0%) gas / (0x9cddedb9103c5a1fe0d153862d146b04f03c283dbccb308b0223d75ffa936a07) in 0.001s. Peers: 3","throwable":""}
{"timestamp":"2025-06-27T12:26:10,019","container":"f1f6ec10c4e9","level":"INFO","thread":"EthScheduler-Workers-0","class":"PersistBlockTask","message":"Imported #1,038 / 0 tx / 0 om / 0 (0.0%) gas / (0x3dceaf717c884cd1f3f0308ca4915369db0e2803ab74acac2e47119d5029cf0b) in 0.002s. Peers: 3","throwable":""}
{"timestamp":"2025-06-27T12:26:18,023","container":"f1f6ec10c4e9","level":"INFO","thread":"EthScheduler-Workers-0","class":"PersistBlockTask","message":"Imported #1,039 / 0 tx / 0 om / 0 (0.0%) gas / (0xf12a0f749c0366da0bfbd51a03362d23bd3da2c8eb0ad0b85dce546c3984ecbd) in 0.001s. Peers: 3","throwable":""}
{"timestamp":"2025-06-27T12:26:26,022","container":"f1f6ec10c4e9","level":"INFO","thread":"EthScheduler-Workers-0","class":"PersistBlockTask","message":"Imported #1,040 / 0 tx / 0 om / 0 (0.0%) gas / (0xca1eb0dcbe9b94f86888e3fbccafecd54d8a9375c212fc625f6027f2c8f87ce1) in 0.002s. Peers: 3","throwable":""}
{"timestamp":"2025-06-27T12:26:34,023","container":"f1f6ec10c4e9","level":"INFO","thread":"EthScheduler-Workers-0","class":"PersistBlockTask","message":"Imported #1,041 / 0 tx / 0 om / 0 (0.0%) gas / (0x19eebf37164ba44c3799dfd6ead2e783ea58121d943a3421a22152c5e9371367) in 0.002s. Peers: 3","throwable":""}
{"timestamp":"2025-06-27T12:26:42,030","container":"f1f6ec10c4e9","level":"INFO","thread":"EthScheduler-Workers-0","class":"PersistBlockTask","message":"Imported #1,042 / 0 tx / 0 om / 0 (0.0%) gas / (0x66c43f5e4ab4a2479a1ff5fad1a4d5e9a5ee32de82a59678009b9fde5409984d) in 0.003s. Peers: 3","throwable":""}
{"timestamp":"2025-06-27T12:26:50,013","container":"f1f6ec10c4e9","level":"INFO","thread":"EthScheduler-Workers-0","class":"PersistBlockTask","message":"Imported #1,043 / 0 tx / 0 om / 0 (0.0%) gas / (0xf81c8cc424604046849c35270a0618c394da226ff46053cd97c3e7455afe5186) in 0.001s. Peers: 3","throwable":""}
{"timestamp":"2025-06-27T12:26:58,018","container":"f1f6ec10c4e9","level":"INFO","thread":"EthScheduler-Workers-0","class":"PersistBlockTask","message":"Imported #1,044 / 0 tx / 0 om / 0 (0.0%) gas / (0x707981dff342625d2c4d7e9379016c79e6b75817ccdf6e5773962e4c2d054ef2) in 0.002s. Peers: 3","throwable":""}
{"timestamp":"2025-06-27T12:27:06,022","container":"f1f6ec10c4e9","level":"INFO","thread":"EthScheduler-Workers-0","class":"PersistBlockTask","message":"Imported #1,045 / 0 tx / 0 om / 0 (0.0%) gas / (0x64f4d449b5586854c5bc8d3264646579c0c88e5054afe0f1f8b5fbd1275d827c) in 0.001s. Peers: 3","throwable":""}
{"timestamp":"2025-06-27T12:27:14,023","container":"f1f6ec10c4e9","level":"INFO","thread":"EthScheduler-Workers-0","class":"PersistBlockTask","message":"Imported #1,046 / 0 tx / 0 om / 0 (0.0%) gas / (0x657c0e53ba12a3a92277f0b16b5cccc01069e8248ef9b6fed591315529dc6866) in 0.001s. Peers: 3","throwable":""}
{"timestamp":"2025-06-27T12:27:22,022","container":"f1f6ec10c4e9","level":"INFO","thread":"EthScheduler-Workers-0","class":"PersistBlockTask","message":"Imported #1,047 / 0 tx / 0 om / 0 (0.0%) gas / (0xfdc62f6cb76c8f82dbb76779cef46f4770f5085ede59000b0e81406e8eacb3ba) in 0.001s. Peers: 3","throwable":""}
{"timestamp":"2025-06-27T12:27:30,024","container":"f1f6ec10c4e9","level":"INFO","thread":"EthScheduler-Workers-0","class":"PersistBlockTask","message":"Imported #1,048 / 0 tx / 0 om / 0 (0.0%) gas / (0xeaa9bc6a197351aa0b984b9c37592e87f49506e30f5898efaacd24f701f2095f) in 0.002s. Peers: 3","throwable":""}
{"timestamp":"2025-06-27T12:27:38,022","container":"f1f6ec10c4e9","level":"INFO","thread":"EthScheduler-Workers-0","class":"PersistBlockTask","message":"Imported #1,049 / 0 tx / 0 om / 0 (0.0%) gas / (0x3fafc256c9252553ce2f2516e7e6c6b9fd714dcccf080619ed2ad7078eea0d87) in 0.002s. Peers: 3","throwable":""}
{"timestamp":"2025-06-27T12:27:46,022","container":"f1f6ec10c4e9","level":"INFO","thread":"EthScheduler-Workers-0","class":"PersistBlockTask","message":"Imported #1,050 / 0 tx / 0 om / 0 (0.0%) gas / (0x4febe0ab53068fac994131d4ccf431467bf969d1ba196638739852044be4bdd2) in 0.001s. Peers: 3","throwable":""}
{"timestamp":"2025-06-27T12:27:54,024","container":"f1f6ec10c4e9","level":"INFO","thread":"EthScheduler-Workers-0","class":"PersistBlockTask","message":"Imported #1,051 / 0 tx / 0 om / 0 (0.0%) gas / (0x75428a2a5e0a7bb3962cca69c60b62f1a1d67065fe416bee6a04078345e584ef) in 0.003s. Peers: 3","throwable":""}
{"timestamp":"2025-06-27T12:28:02,021","container":"f1f6ec10c4e9","level":"INFO","thread":"EthScheduler-Workers-0","class":"PersistBlockTask","message":"Imported #1,052 / 0 tx / 0 om / 0 (0.0%) gas / (0x3de09678dbb3fa088da12c87aca77c435f5c4d2ccbb36c93001eefa0994d5253) in 0.001s. Peers: 3","throwable":""}
{"timestamp":"2025-06-27T12:28:10,023","container":"f1f6ec10c4e9","level":"INFO","thread":"EthScheduler-Workers-0","class":"PersistBlockTask","message":"Imported #1,053 / 0 tx / 0 om / 0 (0.0%) gas / (0x3228355dfa85315a5edd4e2bba2bd600ed90dc146d948245a0251c31943f8b6f) in 0.001s. Peers: 3","throwable":""}
{"timestamp":"2025-06-27T12:28:18,022","container":"f1f6ec10c4e9","level":"INFO","thread":"EthScheduler-Workers-0","class":"PersistBlockTask","message":"Imported #1,054 / 0 tx / 0 om / 0 (0.0%) gas / (0xcdd6963709f82168cad50c8b85bd80b004dca1c246426b589b05571303a7d297) in 0.001s. Peers: 3","throwable":""}
{"timestamp":"2025-06-27T12:28:26,024","container":"f1f6ec10c4e9","level":"INFO","thread":"EthScheduler-Workers-0","class":"PersistBlockTask","message":"Imported #1,055 / 0 tx / 0 om / 0 (0.0%) gas / (0xdf05a46e5b07961ba95e948e9f0ff9c644fed3263724aebfd1409ebc0a209c58) in 0.003s. Peers: 3","throwable":""}
{"timestamp":"2025-06-27T12:28:34,027","container":"f1f6ec10c4e9","level":"INFO","thread":"EthScheduler-Workers-0","class":"PersistBlockTask","message":"Imported #1,056 / 0 tx / 0 om / 0 (0.0%) gas / (0x42414ffa661dcbf4df0ae64566aa30789da5efe8f47e806d8e54df0301d3230d) in 0.002s. Peers: 3","throwable":""}
{"timestamp":"2025-06-27T12:28:42,022","container":"f1f6ec10c4e9","level":"INFO","thread":"EthScheduler-Workers-0","class":"PersistBlockTask","message":"Imported #1,057 / 0 tx / 0 om / 0 (0.0%) gas / (0x51cb6985e56378e570b1282ee8441f4c9fd42a714932d57b34b1a1e512bbc077) in 0.001s. Peers: 3","throwable":""}
{"timestamp":"2025-06-27T12:28:50,023","container":"f1f6ec10c4e9","level":"INFO","thread":"EthScheduler-Workers-0","class":"PersistBlockTask","message":"Imported #1,058 / 0 tx / 0 om / 0 (0.0%) gas / (0x5e7d5f13a53c596464940ddd745bec8219de4ad181f5597c645ea5a31682b52e) in 0.001s. Peers: 3","throwable":""}
{"timestamp":"2025-06-27T12:28:58,022","container":"f1f6ec10c4e9","level":"INFO","thread":"EthScheduler-Workers-0","class":"PersistBlockTask","message":"Imported #1,059 / 0 tx / 0 om / 0 (0.0%) gas / (0xc4b002c6456c436785524ada9f493dd377d898fe9d4aa5b7e0c61547a39fb540) in 0.002s. Peers: 3","throwable":""}
{"timestamp":"2025-06-27T12:29:06,021","container":"f1f6ec10c4e9","level":"INFO","thread":"EthScheduler-Workers-0","class":"PersistBlockTask","message":"Imported #1,060 / 0 tx / 0 om / 0 (0.0%) gas / (0x061886017f6f895653693ffa306920759f90c68b8b9fb40c7428e977a3b55194) in 0.001s. Peers: 3","throwable":""}
{"timestamp":"2025-06-27T12:29:14,021","container":"f1f6ec10c4e9","level":"INFO","thread":"EthScheduler-Workers-0","class":"PersistBlockTask","message":"Imported #1,061 / 0 tx / 0 om / 0 (0.0%) gas / (0x8c5c587b5c43f03e4dc168a96655bae8c2a204813b58f5bbda95f2ac52f0acec) in 0.001s. Peers: 3","throwable":""}
{"timestamp":"2025-06-27T12:29:22,013","container":"f1f6ec10c4e9","level":"INFO","thread":"EthScheduler-Workers-0","class":"PersistBlockTask","message":"Imported #1,062 / 0 tx / 0 om / 0 (0.0%) gas / (0x79a27ed6a6c3edf290f3f0430ad14a33bfb80bab3db7d3d7c7695132fe832261) in 0.001s. Peers: 3","throwable":""}
{"timestamp":"2025-06-27T12:29:30,027","container":"f1f6ec10c4e9","level":"INFO","thread":"EthScheduler-Workers-0","class":"PersistBlockTask","message":"Imported #1,063 / 0 tx / 0 om / 0 (0.0%) gas / (0xb311e74eb9a3034a1c9e4653769cf34e68b9e59119639c0b991b626edf60e99a) in 0.004s. Peers: 3","throwable":""}
{"timestamp":"2025-06-27T12:29:38,022","container":"f1f6ec10c4e9","level":"INFO","thread":"EthScheduler-Workers-0","class":"PersistBlockTask","message":"Imported #1,064 / 0 tx / 0 om / 0 (0.0%) gas / (0xd5c8cd76bcd5ffb3c1f1f4d8feaeb0fa99d3f42b798b4c292a431fa0401fe325) in 0.001s. Peers: 3","throwable":""}
{"timestamp":"2025-06-27T12:29:46,013","container":"f1f6ec10c4e9","level":"INFO","thread":"EthScheduler-Workers-0","class":"PersistBlockTask","message":"Imported #1,065 / 0 tx / 0 om / 0 (0.0%) gas / (0x5b160499ae8162c3a4a28223f138a934854deed0fbbe68cde854b7e173be50db) in 0.002s. Peers: 3","throwable":""}
{"timestamp":"2025-06-27T12:29:54,022","container":"f1f6ec10c4e9","level":"INFO","thread":"EthScheduler-Workers-0","class":"PersistBlockTask","message":"Imported #1,066 / 0 tx / 0 om / 0 (0.0%) gas / (0x53c4d5e05cd3064a696a3f8c89cce44683bd8363a440bf41e0d8d07a5db41303) in 0.001s. Peers: 3","throwable":""}
{"timestamp":"2025-06-27T12:30:02,021","container":"f1f6ec10c4e9","level":"INFO","thread":"EthScheduler-Workers-0","class":"PersistBlockTask","message":"Imported #1,067 / 0 tx / 0 om / 0 (0.0%) gas / (0x6ebda2c8f6f62d0a626d2c9dca392ebac4ba40ac8eab6f71606aa1c2eae14a92) in 0.001s. Peers: 3","throwable":""}
{"timestamp":"2025-06-27T12:30:10,021","container":"f1f6ec10c4e9","level":"INFO","thread":"EthScheduler-Workers-0","class":"PersistBlockTask","message":"Imported #1,068 / 0 tx / 0 om / 0 (0.0%) gas / (0x51551896796f4415b774bfff867d05317a56486af835ae8135ecab82eb3b6133) in 0.001s. Peers: 3","throwable":""}
{"timestamp":"2025-06-27T12:30:18,021","container":"f1f6ec10c4e9","level":"INFO","thread":"EthScheduler-Workers-0","class":"PersistBlockTask","message":"Imported #1,069 / 0 tx / 0 om / 0 (0.0%) gas / (0x77e1357aa0b653fc1b031a14521d1e1c1233c33a66dbcc776a144f7e7ae2c992) in 0.001s. Peers: 3","throwable":""}
{"timestamp":"2025-06-27T12:30:26,020","container":"f1f6ec10c4e9","level":"INFO","thread":"EthScheduler-Workers-0","class":"PersistBlockTask","message":"Imported #1,070 / 0 tx / 0 om / 0 (0.0%) gas / (0x94f22784187918bdb21b51d8e5ffb6bf074d292131d2f2198e9e21df0467583f) in 0.001s. Peers: 3","throwable":""}
{"timestamp":"2025-06-27T12:30:34,023","container":"f1f6ec10c4e9","level":"INFO","thread":"EthScheduler-Workers-0","class":"PersistBlockTask","message":"Imported #1,071 / 0 tx / 0 om / 0 (0.0%) gas / (0xdc6a0e423e56201ede58e9bd540423b5cd2afa90c86e0d011d3ada9576d5eadd) in 0.001s. Peers: 3","throwable":""}
{"timestamp":"2025-06-27T12:30:42,033","container":"f1f6ec10c4e9","level":"INFO","thread":"EthScheduler-Workers-0","class":"PersistBlockTask","message":"Imported #1,072 / 0 tx / 0 om / 0 (0.0%) gas / (0x9e56c9fd14f5de82c5c8c19eaa931c28cf353fb2b5cd2153fd1feb792927bf2d) in 0.001s. Peers: 3","throwable":""}
{"timestamp":"2025-06-27T12:30:50,024","container":"f1f6ec10c4e9","level":"INFO","thread":"EthScheduler-Workers-0","class":"PersistBlockTask","message":"Imported #1,073 / 0 tx / 0 om / 0 (0.0%) gas / (0x961c1ec48d6e0c5bf274c6090d70731444773490dc3ff13750b109d821e1f2a2) in 0.001s. Peers: 3","throwable":""}
{"timestamp":"2025-06-27T12:30:58,023","container":"f1f6ec10c4e9","level":"INFO","thread":"EthScheduler-Workers-0","class":"PersistBlockTask","message":"Imported #1,074 / 0 tx / 0 om / 0 (0.0%) gas / (0xbc45617eda51314544105ac4e4259d245f117e8c05de1b9003df0b810515258d) in 0.002s. Peers: 3","throwable":""}
{"timestamp":"2025-06-27T12:31:06,024","container":"f1f6ec10c4e9","level":"INFO","thread":"EthScheduler-Workers-0","class":"PersistBlockTask","message":"Imported #1,075 / 0 tx / 0 om / 0 (0.0%) gas / (0x5ddf82908e9de1a95cffd6435d8948d26469470cd30ca6f599b6a9fb42b06a52) in 0.001s. Peers: 3","throwable":""}
{"timestamp":"2025-06-27T12:31:14,031","container":"f1f6ec10c4e9","level":"INFO","thread":"EthScheduler-Workers-0","class":"PersistBlockTask","message":"Imported #1,076 / 0 tx / 0 om / 0 (0.0%) gas / (0x16d063015dae3226c8e07ccff00836ffc479707b63bb6f31b929c35aaa2f2297) in 0.002s. Peers: 3","throwable":""}
{"timestamp":"2025-06-27T12:31:22,022","container":"f1f6ec10c4e9","level":"INFO","thread":"EthScheduler-Workers-0","class":"PersistBlockTask","message":"Imported #1,077 / 0 tx / 0 om / 0 (0.0%) gas / (0xcc2765082f16f0ea896317e50dbf940b80c73523c6d82b6dab0bf1ab3643ea66) in 0.001s. Peers: 3","throwable":""}
{"timestamp":"2025-06-27T12:31:30,023","container":"f1f6ec10c4e9","level":"INFO","thread":"EthScheduler-Workers-0","class":"PersistBlockTask","message":"Imported #1,078 / 0 tx / 0 om / 0 (0.0%) gas / (0xd1b6ff345d676ccfb2a6641eb627d67c8e26a52ddb7d8245d82f692ddd2aefaf) in 0.002s. Peers: 3","throwable":""}
{"timestamp":"2025-06-27T12:31:38,026","container":"f1f6ec10c4e9","level":"INFO","thread":"EthScheduler-Workers-0","class":"PersistBlockTask","message":"Imported #1,079 / 0 tx / 0 om / 0 (0.0%) gas / (0x8e099323af602c3f537c77aef3cb7420ec29b15a55b9b21a2f74483f42eee3a0) in 0.003s. Peers: 3","throwable":""}
{"timestamp":"2025-06-27T12:31:46,022","container":"f1f6ec10c4e9","level":"INFO","thread":"EthScheduler-Workers-0","class":"PersistBlockTask","message":"Imported #1,080 / 0 tx / 0 om / 0 (0.0%) gas / (0x91b3f7271f63582b4b2a9fa3977601b6cc572db9b8f7dd7c38e6874d2ea21840) in 0.002s. Peers: 3","throwable":""}
{"timestamp":"2025-06-27T12:31:54,021","container":"f1f6ec10c4e9","level":"INFO","thread":"EthScheduler-Workers-0","class":"PersistBlockTask","message":"Imported #1,081 / 0 tx / 0 om / 0 (0.0%) gas / (0x862dfcffa0cccb9acc6c1b6b194da22813f4e1d6143e54321ce0232814eac313) in 0.002s. Peers: 3","throwable":""}
{"timestamp":"2025-06-27T12:32:02,022","container":"f1f6ec10c4e9","level":"INFO","thread":"EthScheduler-Workers-0","class":"PersistBlockTask","message":"Imported #1,082 / 0 tx / 0 om / 0 (0.0%) gas / (0x7f80c4d7aa9099ac66afe7bd913ec47f6b332ba4b3a82af7c8b627d14e729428) in 0.002s. Peers: 3","throwable":""}
{"timestamp":"2025-06-27T12:32:10,016","container":"f1f6ec10c4e9","level":"INFO","thread":"EthScheduler-Workers-0","class":"PersistBlockTask","message":"Imported #1,083 / 0 tx / 0 om / 0 (0.0%) gas / (0xc8719a14b46109073f4da75667a7fce362fe62a9122936494dc5e33049103a9d) in 0.002s. Peers: 3","throwable":""}
{"timestamp":"2025-06-27T12:32:18,024","container":"f1f6ec10c4e9","level":"INFO","thread":"EthScheduler-Workers-0","class":"PersistBlockTask","message":"Imported #1,084 / 0 tx / 0 om / 0 (0.0%) gas / (0x3d2fc866fc0ac5565191c2f281d4bdfee00826a834252b3f83d297d671148ec7) in 0.001s. Peers: 3","throwable":""}
{"timestamp":"2025-06-27T12:32:26,030","container":"f1f6ec10c4e9","level":"INFO","thread":"EthScheduler-Workers-0","class":"PersistBlockTask","message":"Imported #1,085 / 0 tx / 0 om / 0 (0.0%) gas / (0x2985d9cc3f140d8d0a8a63483dc90a7a61125199674fa1c9b03401d58e5f2e90) in 0.001s. Peers: 3","throwable":""}
{"timestamp":"2025-06-27T12:32:34,022","container":"f1f6ec10c4e9","level":"INFO","thread":"EthScheduler-Workers-0","class":"PersistBlockTask","message":"Imported #1,086 / 0 tx / 0 om / 0 (0.0%) gas / (0x7cc34883e6f92f306a643f5bdc1eea8bf9a72ab47cbfa64f04aca18a8f731f0c) in 0.001s. Peers: 3","throwable":""}
{"timestamp":"2025-06-27T12:32:42,024","container":"f1f6ec10c4e9","level":"INFO","thread":"EthScheduler-Workers-0","class":"PersistBlockTask","message":"Imported #1,087 / 0 tx / 0 om / 0 (0.0%) gas / (0xc627b035347c4c561a8a5af0dd278062d3d2034f097b899e63af381e9d03129e) in 0.002s. Peers: 3","throwable":""}
{"timestamp":"2025-06-27T12:32:50,252","container":"f1f6ec10c4e9","level":"INFO","thread":"EthScheduler-Workers-0","class":"PersistBlockTask","message":"Imported #1,088 / 0 tx / 0 om / 0 (0.0%) gas / (0x17533103e99e1901defb5ba64f86457f3bac062c9decc4a4aa47e8f19e7ab7d8) in 0.001s. Peers: 3","throwable":""}
                                                                                                                                                                                                                                                                                                                                                                                                                                                                                                                                                                                                                                       {"timestamp":"2025-06-27T12:42:11,717","container":"f1f6ec10c4e9","level":"INFO","thread":"main","class":"Besu","message":"Starting Besu","throwable":""}
{"timestamp":"2025-06-27T12:42:12,435","container":"f1f6ec10c4e9","level":"WARN","thread":"main","class":"Besu","message":"--min-gas-price has been ignored because --miner-enabled was not defined on the command line.","throwable":""}
{"timestamp":"2025-06-27T12:42:13,749","container":"f1f6ec10c4e9","level":"INFO","thread":"main","class":"Besu","message":"
####################################################################################################
#                                                                                                  #
# Besu version 23.4.1                                                                              #
#                                                                                                  #
# Configuration:                                                                                   #
# Network: Custom genesis file specified                                                           #
# Network Id: 1337                                                                                 #
# Data storage: Forest                                                                             #
# Sync mode: Full                                                                                  #
# RPC HTTP APIs: EEA,WEB3,ETH,NET,TRACE,DEBUG,ADMIN,TXPOOL,PRIV,PERM,QBFT                          #
# RPC HTTP port: 8545                                                                              #
#                                                                                                  #
# Host:                                                                                            #
# Java: openjdk-java-17                                                                            #
# Maximum heap size: 1.74 GB                                                                       #
# OS: linux-x86_64                                                                                 #
# glibc: 2.35                                                                                      #
# jemalloc: 5.2.1-0-gea6b3e973b477b8061e0076bb257dbd7f3faa756                                      #
# Total memory: 6.95 GB                                                                            #
# CPU cores: 4                                                                                     #
#                                                                                                  #
####################################################################################################","throwable":""}
{"timestamp":"2025-06-27T12:42:13,750","container":"f1f6ec10c4e9","level":"INFO","thread":"main","class":"Besu","message":"Connecting to 8 static nodes.","throwable":""}
{"timestamp":"2025-06-27T12:42:13,750","container":"f1f6ec10c4e9","level":"INFO","thread":"main","class":"Besu","message":"Security Module: localfile","throwable":""}
{"timestamp":"2025-06-27T12:42:13,900","container":"f1f6ec10c4e9","level":"INFO","thread":"main","class":"Besu","message":"Using the native implementation of alt bn128","throwable":""}
{"timestamp":"2025-06-27T12:42:14,028","container":"f1f6ec10c4e9","level":"INFO","thread":"main","class":"Besu","message":"Using the native implementation of modexp","throwable":""}
{"timestamp":"2025-06-27T12:42:14,034","container":"f1f6ec10c4e9","level":"INFO","thread":"main","class":"Besu","message":"Using the native implementation of the signature algorithm","throwable":""}
{"timestamp":"2025-06-27T12:42:14,037","container":"f1f6ec10c4e9","level":"INFO","thread":"main","class":"Besu","message":"Using the native implementation of the blake2bf algorithm","throwable":""}
{"timestamp":"2025-06-27T12:42:14,102","container":"f1f6ec10c4e9","level":"INFO","thread":"main","class":"DatabaseMetadata","message":"Lookup database metadata file in data directory: /opt/besu/data","throwable":""}
{"timestamp":"2025-06-27T12:42:14,174","container":"f1f6ec10c4e9","level":"INFO","thread":"main","class":"RocksDBKeyValueStorageFactory","message":"Existing database detected at /opt/besu/data. Version 1. Compacting database...","throwable":""}
{"timestamp":"2025-06-27T12:42:15,562","container":"f1f6ec10c4e9","level":"INFO","thread":"main","class":"KeyPairUtil","message":"Loaded public key 0x86fcc16f4730fbfd238dc17ea552854c0943923bb1d5e886e5601b8d884fb0519060e0023f495dd24ffe60a65660fb7fdcdebfceedd2b3673dfa63658825924b from /opt/besu/keys/nodekey","throwable":""}
{"timestamp":"2025-06-27T12:42:15,604","container":"f1f6ec10c4e9","level":"WARN","thread":"main","class":"Besu","message":"Privacy is disabled. Cannot use EEA/PRIV API methods when not using Privacy.","throwable":""}
{"timestamp":"2025-06-27T12:42:16,297","container":"f1f6ec10c4e9","level":"INFO","thread":"main","class":"ProtocolScheduleBuilder","message":"Protocol schedule created with milestones: [GrayGlacier: 0]","throwable":""}
{"timestamp":"2025-06-27T12:42:16,708","container":"f1f6ec10c4e9","level":"INFO","thread":"main","class":"TransactionPoolFactory","message":"Enabling transaction pool","throwable":""}
{"timestamp":"2025-06-27T12:42:16,774","container":"f1f6ec10c4e9","level":"INFO","thread":"main","class":"BesuControllerBuilder","message":"TTD difficulty is not present, creating initial sync phase for PoW","throwable":""}
{"timestamp":"2025-06-27T12:42:17,043","container":"f1f6ec10c4e9","level":"INFO","thread":"main","class":"RunnerBuilder","message":"Detecting NAT service.","throwable":""}
{"timestamp":"2025-06-27T12:42:18,666","container":"f1f6ec10c4e9","level":"INFO","thread":"main","class":"Runner","message":"Starting external services ... ","throwable":""}
{"timestamp":"2025-06-27T12:42:18,667","container":"f1f6ec10c4e9","level":"INFO","thread":"main","class":"MetricsHttpService","message":"Starting metrics http service on 0.0.0.0:9545","throwable":""}
{"timestamp":"2025-06-27T12:42:19,248","container":"f1f6ec10c4e9","level":"INFO","thread":"vert.x-eventloop-thread-1","class":"MetricsHttpService","message":"Metrics service started and listening on 0.0.0.0:9545","throwable":""}
{"timestamp":"2025-06-27T12:42:19,255","container":"f1f6ec10c4e9","level":"INFO","thread":"main","class":"JsonRpcHttpService","message":"Starting JSON-RPC service on 0.0.0.0:8545","throwable":""}
{"timestamp":"2025-06-27T12:42:19,308","container":"f1f6ec10c4e9","level":"INFO","thread":"vert.x-eventloop-thread-1","class":"JsonRpcHttpService","message":"JSON-RPC service started and listening on 0.0.0.0:8545","throwable":""}
{"timestamp":"2025-06-27T12:42:19,347","container":"f1f6ec10c4e9","level":"INFO","thread":"main","class":"GraphQLHttpService","message":"Starting GraphQL HTTP service on 0.0.0.0:8547","throwable":""}
{"timestamp":"2025-06-27T12:42:19,350","container":"f1f6ec10c4e9","level":"INFO","thread":"vert.x-eventloop-thread-1","class":"GraphQLHttpService","message":"GraphQL HTTP service started and listening on 0.0.0.0:8547","throwable":""}
{"timestamp":"2025-06-27T12:42:19,358","container":"f1f6ec10c4e9","level":"INFO","thread":"main","class":"WebSocketService","message":"Starting Websocket service on 0.0.0.0:8546","throwable":""}
{"timestamp":"2025-06-27T12:42:19,365","container":"f1f6ec10c4e9","level":"INFO","thread":"vert.x-eventloop-thread-1","class":"WebSocketService","message":"Websocket service started and listening on 0.0.0.0:8546","throwable":""}
{"timestamp":"2025-06-27T12:42:19,380","container":"f1f6ec10c4e9","level":"INFO","thread":"main","class":"AutoTransactionLogBloomCachingService","message":"Starting auto transaction log bloom caching service.","throwable":""}
{"timestamp":"2025-06-27T12:42:19,407","container":"f1f6ec10c4e9","level":"INFO","thread":"main","class":"LogBloomCacheMetadata","message":"Lookup cache metadata file in data directory: /opt/besu/data/caches","throwable":""}
{"timestamp":"2025-06-27T12:42:19,446","container":"f1f6ec10c4e9","level":"INFO","thread":"main","class":"Runner","message":"Starting Ethereum main loop ... ","throwable":""}
{"timestamp":"2025-06-27T12:42:19,455","container":"f1f6ec10c4e9","level":"INFO","thread":"main","class":"DockerNatManager","message":"Starting docker NAT manager.","throwable":""}
{"timestamp":"2025-06-27T12:42:19,517","container":"f1f6ec10c4e9","level":"INFO","thread":"main","class":"NetworkRunner","message":"Starting Network.","throwable":""}
{"timestamp":"2025-06-27T12:42:19,543","container":"f1f6ec10c4e9","level":"INFO","thread":"nioEventLoopGroup-2-1","class":"RlpxAgent","message":"P2P RLPx agent started and listening on /0.0.0.0:30303.","throwable":""}
{"timestamp":"2025-06-27T12:42:19,544","container":"f1f6ec10c4e9","level":"INFO","thread":"main","class":"PeerDiscoveryAgent","message":"Starting peer discovery agent on host=0.0.0.0, port=30303","throwable":""}
{"timestamp":"2025-06-27T12:42:19,642","container":"f1f6ec10c4e9","level":"INFO","thread":"vert.x-eventloop-thread-1","class":"VertxPeerDiscoveryAgent","message":"Started peer discovery agent successfully, on effective host=0.0.0.0 and port=30303","throwable":""}
{"timestamp":"2025-06-27T12:42:19,643","container":"f1f6ec10c4e9","level":"INFO","thread":"vert.x-eventloop-thread-1","class":"PeerDiscoveryAgent","message":"P2P peer discovery agent started and listening on /0.0.0.0:30303","throwable":""}
{"timestamp":"2025-06-27T12:42:19,854","container":"f1f6ec10c4e9","level":"INFO","thread":"vert.x-eventloop-thread-1","class":"PeerDiscoveryAgent","message":"Writing node record to disk. NodeRecord{seq=2, publicKey=0x0386fcc16f4730fbfd238dc17ea552854c0943923bb1d5e886e5601b8d884fb051, udpAddress=Optional[/10.26.107.75:30303], tcpAddress=Optional[/10.26.107.75:30303], asBase64=-Je4QJmDGQfZG4EA_71OgBMrNqx7D7SXWn-PnbxyVD1VSYWsYVh3av2J46bHBcM8GqKUhwQSAA1qoX1QhD2j9o_29ZUCg2V0aMfGhGpSrW2AgmlkgnY0gmlwhAoaa0uJc2VjcDI1NmsxoQOG_MFvRzD7_SONwX6lUoVMCUOSO7HV6IblYBuNiE-wUYN0Y3CCdl-DdWRwgnZf, nodeId=0x133b4f32d7750cdfd4048f04df8b560be949c229c821731554c33ead5e3888a4, customFields={tcp=30303, udp=30303, ip=0x0a1a6b4b, eth=[[0x6a52ad6d, 0x]], id=V4, secp256k1=0x0386fcc16f4730fbfd238dc17ea552854c0943923bb1d5e886e5601b8d884fb051}}","throwable":""}
{"timestamp":"2025-06-27T12:42:20,047","container":"f1f6ec10c4e9","level":"INFO","thread":"main","class":"DefaultP2PNetwork","message":"Enode URL enode://86fcc16f4730fbfd238dc17ea552854c0943923bb1d5e886e5601b8d884fb0519060e0023f495dd24ffe60a65660fb7fdcdebfceedd2b3673dfa63658825924b@10.26.107.75:30303","throwable":""}
{"timestamp":"2025-06-27T12:42:20,048","container":"f1f6ec10c4e9","level":"INFO","thread":"main","class":"DefaultP2PNetwork","message":"Node address 0xdf8b560be949c229c821731554c33ead5e3888a4","throwable":""}
{"timestamp":"2025-06-27T12:42:20,297","container":"f1f6ec10c4e9","level":"INFO","thread":"main","class":"NetworkRunner","message":"Supported capabilities: [eth/62, eth/63, eth/64, eth/65, eth/66, eth/67, eth/68], [istanbul/100], [snap/1]","throwable":""}
{"timestamp":"2025-06-27T12:42:20,450","container":"f1f6ec10c4e9","level":"INFO","thread":"main","class":"DefaultSynchronizer","message":"Starting synchronizer.","throwable":""}
{"timestamp":"2025-06-27T12:42:20,452","container":"f1f6ec10c4e9","level":"INFO","thread":"main","class":"TransactionPoolFactory","message":"Enabling transaction handling following initial sync","throwable":""}
{"timestamp":"2025-06-27T12:42:20,471","container":"f1f6ec10c4e9","level":"INFO","thread":"main","class":"FullSyncDownloader","message":"Starting full sync.","throwable":""}
{"timestamp":"2025-06-27T12:42:20,471","container":"f1f6ec10c4e9","level":"INFO","thread":"main","class":"FullSyncTargetManager","message":"Unable to find sync target. Currently checking 0 peers for usefulness","throwable":""}
{"timestamp":"2025-06-27T12:42:21,302","container":"f1f6ec10c4e9","level":"INFO","thread":"nioEventLoopGroup-3-7","class":"FullSyncTargetManager","message":"Unable to find sync target. Currently checking 3 peers for usefulness","throwable":""}
{"timestamp":"2025-06-27T12:42:21,670","container":"f1f6ec10c4e9","level":"INFO","thread":"main","class":"Runner","message":"Ethereum main loop is up.","throwable":""}
{"timestamp":"2025-06-27T12:45:38,663","container":"f1f6ec10c4e9","level":"INFO","thread":"BftProcessorExecutor-QBFT-0","class":"BftProcessor","message":"Shutting down BFT event processor","throwable":""}
{"timestamp":"2025-06-27T12:45:38,664","container":"f1f6ec10c4e9","level":"INFO","thread":"BesuCommand-Shutdown-Hook","class":"DefaultSynchronizer","message":"Stopping synchronizer","throwable":""}
{"timestamp":"2025-06-27T12:45:38,666","container":"f1f6ec10c4e9","level":"INFO","thread":"BesuCommand-Shutdown-Hook","class":"NetworkRunner","message":"Stopping Network.","throwable":""}
{"timestamp":"2025-06-27T12:45:38,677","container":"f1f6ec10c4e9","level":"INFO","thread":"BesuCommand-Shutdown-Hook","class":"EthProtocolManager","message":"Stopping eth Subprotocol.","throwable":""}
{"timestamp":"2025-06-27T12:45:38,679","container":"f1f6ec10c4e9","level":"INFO","thread":"BesuCommand-Shutdown-Hook","class":"EthProtocolManager","message":"eth Subprotocol stopped.","throwable":""}
{"timestamp":"2025-06-27T12:45:38,680","container":"f1f6ec10c4e9","level":"INFO","thread":"BesuCommand-Shutdown-Hook","class":"NetworkRunner","message":"Network stopped.","throwable":""}
{"timestamp":"2025-06-27T12:45:38,680","container":"f1f6ec10c4e9","level":"INFO","thread":"BesuCommand-Shutdown-Hook","class":"AutoTransactionLogBloomCachingService","message":"Shutting down Auto transaction logs caching service.","throwable":""}
{"timestamp":"2025-06-27T12:45:38,681","container":"f1f6ec10c4e9","level":"INFO","thread":"BesuCommand-Shutdown-Hook","class":"DockerNatManager","message":"Stopping docker NAT manager.","throwable":""}
