{"timestamp":"2025-07-11T05:29:16,962","container":"ab3305442036","level":"INFO","thread":"main","class":"Besu","message":"Starting Besu","throwable":""}
{"timestamp":"2025-07-11T05:29:17,667","container":"ab3305442036","level":"WARN","thread":"main","class":"Besu","message":"--min-gas-price has been ignored because --miner-enabled was not defined on the command line.","throwable":""}
{"timestamp":"2025-07-11T05:29:18,712","container":"ab3305442036","level":"INFO","thread":"main","class":"Besu","message":"
####################################################################################################
#                                                                                                  #
# Besu version 23.4.1                                                                              #
#                                                                                                  #
# Configuration:                                                                                   #
# Network: Custom genesis file specified                                                           #
# Network Id: 1337                                                                                 #
# Data storage: Forest                                                                             #
# Sync mode: Full                                                                                  #
# RPC HTTP APIs: EEA,WEB3,ETH,NET,TRACE,DEBUG,ADMIN,TXPOOL,PRIV,PERM,QBFT                          #
# RPC HTTP port: 8545                                                                              #
#                                                                                                  #
# Host:                                                                                            #
# Java: openjdk-java-17                                                                            #
# Maximum heap size: 1.74 GB                                                                       #
# OS: linux-x86_64                                                                                 #
# glibc: 2.35                                                                                      #
# jemalloc: 5.2.1-0-gea6b3e973b477b8061e0076bb257dbd7f3faa756                                      #
# Total memory: 6.95 GB                                                                            #
# CPU cores: 4                                                                                     #
#                                                                                                  #
####################################################################################################","throwable":""}
{"timestamp":"2025-07-11T05:29:18,713","container":"ab3305442036","level":"INFO","thread":"main","class":"Besu","message":"Connecting to 8 static nodes.","throwable":""}
{"timestamp":"2025-07-11T05:29:18,714","container":"ab3305442036","level":"INFO","thread":"main","class":"Besu","message":"Security Module: localfile","throwable":""}
{"timestamp":"2025-07-11T05:29:18,796","container":"ab3305442036","level":"INFO","thread":"main","class":"Besu","message":"Using the native implementation of alt bn128","throwable":""}
{"timestamp":"2025-07-11T05:29:18,848","container":"ab3305442036","level":"INFO","thread":"main","class":"Besu","message":"Using the native implementation of modexp","throwable":""}
{"timestamp":"2025-07-11T05:29:18,849","container":"ab3305442036","level":"INFO","thread":"main","class":"Besu","message":"Using the native implementation of the signature algorithm","throwable":""}
{"timestamp":"2025-07-11T05:29:18,852","container":"ab3305442036","level":"INFO","thread":"main","class":"Besu","message":"Using the native implementation of the blake2bf algorithm","throwable":""}
{"timestamp":"2025-07-11T05:29:18,881","container":"ab3305442036","level":"INFO","thread":"main","class":"RocksDBKeyValueStorageFactory","message":"No existing database detected at /opt/besu/data. Using version 1","throwable":""}
{"timestamp":"2025-07-11T05:29:20,506","container":"ab3305442036","level":"INFO","thread":"main","class":"KeyPairUtil","message":"Loaded public key 0x8208a3f344695d44e9cf2c023683cbea7b9343e2f70a5e804bd2c93858e945f8f91439eef96a4ab6c47ff06637d6fbe6472f96de1655a1bee57ea896654f3a22 from /opt/besu/keys/nodekey","throwable":""}
{"timestamp":"2025-07-11T05:29:20,522","container":"ab3305442036","level":"WARN","thread":"main","class":"Besu","message":"Privacy is disabled. Cannot use EEA/PRIV API methods when not using Privacy.","throwable":""}
{"timestamp":"2025-07-11T05:29:20,833","container":"ab3305442036","level":"INFO","thread":"main","class":"ProtocolScheduleBuilder","message":"Protocol schedule created with milestones: [GrayGlacier: 0]","throwable":""}
{"timestamp":"2025-07-11T05:29:21,119","container":"ab3305442036","level":"INFO","thread":"main","class":"TransactionPoolFactory","message":"Enabling transaction pool","throwable":""}
{"timestamp":"2025-07-11T05:29:21,153","container":"ab3305442036","level":"INFO","thread":"main","class":"BesuControllerBuilder","message":"TTD difficulty is not present, creating initial sync phase for PoW","throwable":""}
{"timestamp":"2025-07-11T05:29:21,252","container":"ab3305442036","level":"INFO","thread":"main","class":"RunnerBuilder","message":"Detecting NAT service.","throwable":""}
{"timestamp":"2025-07-11T05:29:22,076","container":"ab3305442036","level":"INFO","thread":"main","class":"Runner","message":"Starting external services ... ","throwable":""}
{"timestamp":"2025-07-11T05:29:22,077","container":"ab3305442036","level":"INFO","thread":"main","class":"MetricsHttpService","message":"Starting metrics http service on 0.0.0.0:9545","throwable":""}
{"timestamp":"2025-07-11T05:29:22,329","container":"ab3305442036","level":"INFO","thread":"main","class":"JsonRpcHttpService","message":"Starting JSON-RPC service on 0.0.0.0:8545","throwable":""}
{"timestamp":"2025-07-11T05:29:22,347","container":"ab3305442036","level":"INFO","thread":"vert.x-eventloop-thread-1","class":"MetricsHttpService","message":"Metrics service started and listening on 0.0.0.0:9545","throwable":""}
{"timestamp":"2025-07-11T05:29:22,356","container":"ab3305442036","level":"INFO","thread":"vert.x-eventloop-thread-1","class":"JsonRpcHttpService","message":"JSON-RPC service started and listening on 0.0.0.0:8545","throwable":""}
{"timestamp":"2025-07-11T05:29:22,372","container":"ab3305442036","level":"INFO","thread":"main","class":"GraphQLHttpService","message":"Starting GraphQL HTTP service on 0.0.0.0:8547","throwable":""}
{"timestamp":"2025-07-11T05:29:22,375","container":"ab3305442036","level":"INFO","thread":"vert.x-eventloop-thread-1","class":"GraphQLHttpService","message":"GraphQL HTTP service started and listening on 0.0.0.0:8547","throwable":""}
{"timestamp":"2025-07-11T05:29:22,375","container":"ab3305442036","level":"INFO","thread":"main","class":"WebSocketService","message":"Starting Websocket service on 0.0.0.0:8546","throwable":""}
{"timestamp":"2025-07-11T05:29:22,381","container":"ab3305442036","level":"INFO","thread":"vert.x-eventloop-thread-1","class":"WebSocketService","message":"Websocket service started and listening on 0.0.0.0:8546","throwable":""}
{"timestamp":"2025-07-11T05:29:22,396","container":"ab3305442036","level":"INFO","thread":"main","class":"AutoTransactionLogBloomCachingService","message":"Starting auto transaction log bloom caching service.","throwable":""}
{"timestamp":"2025-07-11T05:29:22,397","container":"ab3305442036","level":"INFO","thread":"main","class":"LogBloomCacheMetadata","message":"Lookup cache metadata file in data directory: /opt/besu/data/caches","throwable":""}
{"timestamp":"2025-07-11T05:29:22,445","container":"ab3305442036","level":"INFO","thread":"main","class":"Runner","message":"Starting Ethereum main loop ... ","throwable":""}
{"timestamp":"2025-07-11T05:29:22,446","container":"ab3305442036","level":"INFO","thread":"main","class":"DockerNatManager","message":"Starting docker NAT manager.","throwable":""}
{"timestamp":"2025-07-11T05:29:22,464","container":"ab3305442036","level":"INFO","thread":"main","class":"NetworkRunner","message":"Starting Network.","throwable":""}
{"timestamp":"2025-07-11T05:29:22,490","container":"ab3305442036","level":"INFO","thread":"nioEventLoopGroup-2-1","class":"RlpxAgent","message":"P2P RLPx agent started and listening on /0.0.0.0:30303.","throwable":""}
{"timestamp":"2025-07-11T05:29:22,492","container":"ab3305442036","level":"INFO","thread":"main","class":"PeerDiscoveryAgent","message":"Starting peer discovery agent on host=0.0.0.0, port=30303","throwable":""}
{"timestamp":"2025-07-11T05:29:22,528","container":"ab3305442036","level":"INFO","thread":"vert.x-eventloop-thread-1","class":"VertxPeerDiscoveryAgent","message":"Started peer discovery agent successfully, on effective host=0.0.0.0 and port=30303","throwable":""}
{"timestamp":"2025-07-11T05:29:22,529","container":"ab3305442036","level":"INFO","thread":"main","class":"PeerDiscoveryAgent","message":"P2P peer discovery agent started and listening on /0.0.0.0:30303","throwable":""}
{"timestamp":"2025-07-11T05:29:22,606","container":"ab3305442036","level":"INFO","thread":"main","class":"PeerDiscoveryAgent","message":"Writing node record to disk. NodeRecord{seq=1, publicKey=0x028208a3f344695d44e9cf2c023683cbea7b9343e2f70a5e804bd2c93858e945f8, udpAddress=Optional[/10.0.0.77:30303], tcpAddress=Optional[/10.0.0.77:30303], asBase64=-Je4QA_j_JIWC_j4kM6f1RGw-G6R-BJRBJ3hlZcFnK9rsJhVGop2G39QHazdXmSpM_hPtwOsWy7t4Po_IcQ8gsedWhsBg2V0aMfGhGpSrW2AgmlkgnY0gmlwhAoAAE2Jc2VjcDI1NmsxoQKCCKPzRGldROnPLAI2g8vqe5ND4vcKXoBL0sk4WOlF-IN0Y3CCdl-DdWRwgnZf, nodeId=0x58e94810eeee14c28613b47e93917cadbace5dfce132b991732c6cda9bcc5b8a, customFields={tcp=30303, udp=30303, ip=0x0a00004d, eth=[[0x6a52ad6d, 0x]], id=V4, secp256k1=0x028208a3f344695d44e9cf2c023683cbea7b9343e2f70a5e804bd2c93858e945f8}}","throwable":""}
{"timestamp":"2025-07-11T05:29:22,656","container":"ab3305442036","level":"INFO","thread":"main","class":"DefaultP2PNetwork","message":"Enode URL enode://8208a3f344695d44e9cf2c023683cbea7b9343e2f70a5e804bd2c93858e945f8f91439eef96a4ab6c47ff06637d6fbe6472f96de1655a1bee57ea896654f3a22@10.0.0.77:30303","throwable":""}
{"timestamp":"2025-07-11T05:29:22,657","container":"ab3305442036","level":"INFO","thread":"main","class":"DefaultP2PNetwork","message":"Node address 0x93917cadbace5dfce132b991732c6cda9bcc5b8a","throwable":""}
{"timestamp":"2025-07-11T05:29:22,740","container":"ab3305442036","level":"INFO","thread":"main","class":"NetworkRunner","message":"Supported capabilities: [eth/62, eth/63, eth/64, eth/65, eth/66, eth/67, eth/68], [istanbul/100], [snap/1]","throwable":""}
{"timestamp":"2025-07-11T05:29:22,740","container":"ab3305442036","level":"INFO","thread":"main","class":"DefaultSynchronizer","message":"Starting synchronizer.","throwable":""}
{"timestamp":"2025-07-11T05:29:22,742","container":"ab3305442036","level":"INFO","thread":"main","class":"TransactionPoolFactory","message":"Enabling transaction handling following initial sync","throwable":""}
{"timestamp":"2025-07-11T05:29:22,744","container":"ab3305442036","level":"INFO","thread":"main","class":"FullSyncDownloader","message":"Starting full sync.","throwable":""}
{"timestamp":"2025-07-11T05:29:22,745","container":"ab3305442036","level":"INFO","thread":"main","class":"FullSyncTargetManager","message":"Unable to find sync target. Currently checking 0 peers for usefulness","throwable":""}
{"timestamp":"2025-07-11T05:29:22,903","container":"ab3305442036","level":"INFO","thread":"main","class":"Runner","message":"Ethereum main loop is up.","throwable":""}
{"timestamp":"2025-07-11T05:29:23,130","container":"ab3305442036","level":"INFO","thread":"nioEventLoopGroup-3-6","class":"FullSyncTargetManager","message":"Unable to find sync target. Currently checking 3 peers for usefulness","throwable":""}
{"timestamp":"2025-07-11T05:29:28,148","container":"ab3305442036","level":"INFO","thread":"EthScheduler-Timer-0","class":"FullSyncTargetManager","message":"Unable to find sync target. Currently checking 3 peers for usefulness","throwable":""}
{"timestamp":"2025-07-11T05:29:33,152","container":"ab3305442036","level":"INFO","thread":"EthScheduler-Timer-0","class":"FullSyncTargetManager","message":"Unable to find sync target. Currently checking 3 peers for usefulness","throwable":""}
{"timestamp":"2025-07-11T05:29:38,163","container":"ab3305442036","level":"INFO","thread":"EthScheduler-Timer-0","class":"FullSyncTargetManager","message":"Unable to find sync target. Currently checking 3 peers for usefulness","throwable":""}
{"timestamp":"2025-07-11T05:29:43,165","container":"ab3305442036","level":"INFO","thread":"EthScheduler-Timer-0","class":"FullSyncTargetManager","message":"Unable to find sync target. Currently checking 3 peers for usefulness","throwable":""}
{"timestamp":"2025-07-11T05:29:48,168","container":"ab3305442036","level":"INFO","thread":"EthScheduler-Timer-0","class":"FullSyncTargetManager","message":"Unable to find sync target. Currently checking 3 peers for usefulness","throwable":""}
{"timestamp":"2025-07-11T05:29:53,170","container":"ab3305442036","level":"INFO","thread":"EthScheduler-Timer-0","class":"FullSyncTargetManager","message":"Unable to find sync target. Currently checking 3 peers for usefulness","throwable":""}
{"timestamp":"2025-07-11T05:29:58,190","container":"ab3305442036","level":"INFO","thread":"EthScheduler-Timer-0","class":"FullSyncTargetManager","message":"Unable to find sync target. Currently checking 3 peers for usefulness","throwable":""}
{"timestamp":"2025-07-11T05:30:01,088","container":"ab3305442036","level":"INFO","thread":"BftProcessorExecutor-QBFT-0","class":"QbftRound","message":"Importing proposed block to chain. round=ConsensusRoundIdentifier{Sequence=1, Round=5}, hash=0xebce985c80556df866563d8447428c947e0b81631fa66e276d5bde32a891efb3","throwable":""}
{"timestamp":"2025-07-11T05:30:01,141","container":"ab3305442036","level":"INFO","thread":"BftProcessorExecutor-QBFT-0","class":"QbftBesuControllerBuilder","message":"Produced #1 / 0 tx / 0 pending / 0 (0.0%) gas / (0xebce985c80556df866563d8447428c947e0b81631fa66e276d5bde32a891efb3)","throwable":""}
{"timestamp":"2025-07-11T05:30:03,192","container":"ab3305442036","level":"INFO","thread":"EthScheduler-Timer-0","class":"FullSyncTargetManager","message":"Unable to find sync target. Currently checking 3 peers for usefulness","throwable":""}
{"timestamp":"2025-07-11T05:30:06,332","container":"ab3305442036","level":"INFO","thread":"BftProcessorExecutor-QBFT-0","class":"TimestampBoundedByFutureParameter","message":"Invalid block header: timestamp 1752211808 is greater than the timestamp margin 1752211807","throwable":""}
{"timestamp":"2025-07-11T05:30:06,336","container":"ab3305442036","level":"INFO","thread":"BftProcessorExecutor-QBFT-0","class":"MainnetBlockValidator","message":"Invalid block 2 (0xa6eb13d45e9d921aee61837ddbc14c66128f5d0c2475c1778d952fe10291e1ef): Optional[header validation rule violated, see logs]","throwable":""}
{"timestamp":"2025-07-11T05:30:06,336","container":"ab3305442036","level":"INFO","thread":"BftProcessorExecutor-QBFT-0","class":"ProposalPayloadValidator","message":"Invalid Proposal Payload: block did not pass validation. Reason Optional[header validation rule violated, see logs]","throwable":""}
{"timestamp":"2025-07-11T05:30:06,337","container":"ab3305442036","level":"INFO","thread":"BftProcessorExecutor-QBFT-0","class":"ProposalValidator","message":"Invalid Proposal Payload: invalid proposal payload in proposal message","throwable":""}
{"timestamp":"2025-07-11T05:30:06,337","container":"ab3305442036","level":"INFO","thread":"BftProcessorExecutor-QBFT-0","class":"QbftBlockHeightManager","message":"Received future Proposal which is illegal, no round change triggered.","throwable":""}
{"timestamp":"2025-07-11T05:30:06,405","container":"ab3305442036","level":"INFO","thread":"EthScheduler-Workers-0","class":"TimestampBoundedByFutureParameter","message":"Invalid block header: timestamp 1752211808 is greater than the timestamp margin 1752211807","throwable":""}
{"timestamp":"2025-07-11T05:30:06,406","container":"ab3305442036","level":"WARN","thread":"EthScheduler-Workers-0","class":"BlockPropagationManager","message":"Added to bad block manager for invalid header, failed to import announced block 2 (0xa6eb13d45e9d921aee61837ddbc14c66128f5d0c2475c1778d952fe10291e1ef)","throwable":""}
{"timestamp":"2025-07-11T05:30:06,408","container":"ab3305442036","level":"INFO","thread":"EthScheduler-Workers-0","class":"TimestampBoundedByFutureParameter","message":"Invalid block header: timestamp 1752211808 is greater than the timestamp margin 1752211807","throwable":""}
{"timestamp":"2025-07-11T05:30:06,409","container":"ab3305442036","level":"WARN","thread":"EthScheduler-Workers-0","class":"BlockPropagationManager","message":"Added to bad block manager for invalid header, failed to import announced block 2 (0xa6eb13d45e9d921aee61837ddbc14c66128f5d0c2475c1778d952fe10291e1ef)","throwable":""}
{"timestamp":"2025-07-11T05:30:18,286","container":"ab3305442036","level":"INFO","thread":"BftProcessorExecutor-QBFT-0","class":"QbftBesuControllerBuilder","message":"Imported #3 / 0 tx / 0 pending / 0 (0.0%) gas / (0x4c780ecdc6cffa39653a320b491fba6d702728e6906ef6d1316824c5518ed8e9)","throwable":""}
{"timestamp":"2025-07-11T05:30:22,326","container":"ab3305442036","level":"INFO","thread":"BftProcessorExecutor-QBFT-0","class":"TimestampBoundedByFutureParameter","message":"Invalid block header: timestamp 1752211824 is greater than the timestamp margin 1752211823","throwable":""}
{"timestamp":"2025-07-11T05:30:22,336","container":"ab3305442036","level":"INFO","thread":"BftProcessorExecutor-QBFT-0","class":"MainnetBlockValidator","message":"Invalid block 4 (0x6740790d8230249e29246f32080c0743ad0aa909d365249561f3e8ad3311cd7a): Optional[header validation rule violated, see logs]","throwable":""}
{"timestamp":"2025-07-11T05:30:22,336","container":"ab3305442036","level":"INFO","thread":"BftProcessorExecutor-QBFT-0","class":"ProposalPayloadValidator","message":"Invalid Proposal Payload: block did not pass validation. Reason Optional[header validation rule violated, see logs]","throwable":""}
{"timestamp":"2025-07-11T05:30:22,337","container":"ab3305442036","level":"INFO","thread":"BftProcessorExecutor-QBFT-0","class":"ProposalValidator","message":"Invalid Proposal Payload: invalid proposal payload in proposal message","throwable":""}
{"timestamp":"2025-07-11T05:30:22,338","container":"ab3305442036","level":"INFO","thread":"BftProcessorExecutor-QBFT-0","class":"QbftBlockHeightManager","message":"Received future Proposal which is illegal, no round change triggered.","throwable":""}
{"timestamp":"2025-07-11T05:30:22,407","container":"ab3305442036","level":"INFO","thread":"EthScheduler-Workers-0","class":"TimestampBoundedByFutureParameter","message":"Invalid block header: timestamp 1752211824 is greater than the timestamp margin 1752211823","throwable":""}
{"timestamp":"2025-07-11T05:30:22,407","container":"ab3305442036","level":"WARN","thread":"EthScheduler-Workers-0","class":"BlockPropagationManager","message":"Added to bad block manager for invalid header, failed to import announced block 4 (0x6740790d8230249e29246f32080c0743ad0aa909d365249561f3e8ad3311cd7a)","throwable":""}
{"timestamp":"2025-07-11T05:30:22,410","container":"ab3305442036","level":"INFO","thread":"EthScheduler-Workers-0","class":"TimestampBoundedByFutureParameter","message":"Invalid block header: timestamp 1752211824 is greater than the timestamp margin 1752211823","throwable":""}
{"timestamp":"2025-07-11T05:30:22,410","container":"ab3305442036","level":"WARN","thread":"EthScheduler-Workers-0","class":"BlockPropagationManager","message":"Added to bad block manager for invalid header, failed to import announced block 4 (0x6740790d8230249e29246f32080c0743ad0aa909d365249561f3e8ad3311cd7a)","throwable":""}
{"timestamp":"2025-07-11T05:30:43,400","container":"ab3305442036","level":"INFO","thread":"BftProcessorExecutor-QBFT-0","class":"QbftRound","message":"Importing proposed block to chain. round=ConsensusRoundIdentifier{Sequence=5, Round=1}, hash=0x1c265b71f92327d485c020d02af19391bd942453426a4765d37e86ae188407ed","throwable":""}
{"timestamp":"2025-07-11T05:30:43,409","container":"ab3305442036","level":"INFO","thread":"BftProcessorExecutor-QBFT-0","class":"QbftBesuControllerBuilder","message":"Imported #5 / 0 tx / 0 pending / 0 (0.0%) gas / (0x1c265b71f92327d485c020d02af19391bd942453426a4765d37e86ae188407ed)","throwable":""}
{"timestamp":"2025-07-11T05:30:50,339","container":"ab3305442036","level":"INFO","thread":"BftProcessorExecutor-QBFT-0","class":"TimestampBoundedByFutureParameter","message":"Invalid block header: timestamp 1752211852 is greater than the timestamp margin 1752211851","throwable":""}
{"timestamp":"2025-07-11T05:30:50,340","container":"ab3305442036","level":"INFO","thread":"BftProcessorExecutor-QBFT-0","class":"MainnetBlockValidator","message":"Invalid block 6 (0xfb7a4e9d5bf5ec2ecfdff21677906670fe274302040cf9045af2eec88d26eadd): Optional[header validation rule violated, see logs]","throwable":""}
{"timestamp":"2025-07-11T05:30:50,340","container":"ab3305442036","level":"INFO","thread":"BftProcessorExecutor-QBFT-0","class":"ProposalPayloadValidator","message":"Invalid Proposal Payload: block did not pass validation. Reason Optional[header validation rule violated, see logs]","throwable":""}
{"timestamp":"2025-07-11T05:30:50,341","container":"ab3305442036","level":"INFO","thread":"BftProcessorExecutor-QBFT-0","class":"ProposalValidator","message":"Invalid Proposal Payload: invalid proposal payload in proposal message","throwable":""}
{"timestamp":"2025-07-11T05:30:50,341","container":"ab3305442036","level":"INFO","thread":"BftProcessorExecutor-QBFT-0","class":"QbftBlockHeightManager","message":"Received future Proposal which is illegal, no round change triggered.","throwable":""}
{"timestamp":"2025-07-11T05:30:50,389","container":"ab3305442036","level":"INFO","thread":"EthScheduler-Workers-0","class":"TimestampBoundedByFutureParameter","message":"Invalid block header: timestamp 1752211852 is greater than the timestamp margin 1752211851","throwable":""}
{"timestamp":"2025-07-11T05:30:50,390","container":"ab3305442036","level":"WARN","thread":"EthScheduler-Workers-0","class":"BlockPropagationManager","message":"Added to bad block manager for invalid header, failed to import announced block 6 (0xfb7a4e9d5bf5ec2ecfdff21677906670fe274302040cf9045af2eec88d26eadd)","throwable":""}
{"timestamp":"2025-07-11T05:30:50,392","container":"ab3305442036","level":"INFO","thread":"EthScheduler-Workers-0","class":"TimestampBoundedByFutureParameter","message":"Invalid block header: timestamp 1752211852 is greater than the timestamp margin 1752211851","throwable":""}
{"timestamp":"2025-07-11T05:30:50,392","container":"ab3305442036","level":"WARN","thread":"EthScheduler-Workers-0","class":"BlockPropagationManager","message":"Added to bad block manager for invalid header, failed to import announced block 6 (0xfb7a4e9d5bf5ec2ecfdff21677906670fe274302040cf9045af2eec88d26eadd)","throwable":""}
{"timestamp":"2025-07-11T05:31:03,352","container":"ab3305442036","level":"INFO","thread":"BftProcessorExecutor-QBFT-0","class":"QbftBesuControllerBuilder","message":"Imported #7 / 0 tx / 0 pending / 0 (0.0%) gas / (0xc258fa28bd2f9d943d88d7a6d33804277f294ce765cd238aac2d7c4edeaab527)","throwable":""}
{"timestamp":"2025-07-11T05:31:08,086","container":"ab3305442036","level":"INFO","thread":"BftProcessorExecutor-QBFT-0","class":"QbftBesuControllerBuilder","message":"Produced #8 / 0 tx / 0 pending / 0 (0.0%) gas / (0xa48a54601ff8cb3b6c979d1b4bc92a1da69e9a78f6be0a910cf32f06fb411129)","throwable":""}
{"timestamp":"2025-07-11T05:31:14,349","container":"ab3305442036","level":"INFO","thread":"BftProcessorExecutor-QBFT-0","class":"TimestampBoundedByFutureParameter","message":"Invalid block header: timestamp 1752211876 is greater than the timestamp margin 1752211875","throwable":""}
{"timestamp":"2025-07-11T05:31:14,351","container":"ab3305442036","level":"INFO","thread":"BftProcessorExecutor-QBFT-0","class":"MainnetBlockValidator","message":"Invalid block 9 (0xdc665b30ef6d050c507aa6205c33550b15dfbfbe7b7746599603ea7eb631667c): Optional[header validation rule violated, see logs]","throwable":""}
{"timestamp":"2025-07-11T05:31:14,351","container":"ab3305442036","level":"INFO","thread":"BftProcessorExecutor-QBFT-0","class":"ProposalPayloadValidator","message":"Invalid Proposal Payload: block did not pass validation. Reason Optional[header validation rule violated, see logs]","throwable":""}
{"timestamp":"2025-07-11T05:31:14,352","container":"ab3305442036","level":"INFO","thread":"BftProcessorExecutor-QBFT-0","class":"ProposalValidator","message":"Invalid Proposal Payload: invalid proposal payload in proposal message","throwable":""}
{"timestamp":"2025-07-11T05:31:14,352","container":"ab3305442036","level":"INFO","thread":"BftProcessorExecutor-QBFT-0","class":"QbftBlockHeightManager","message":"Received future Proposal which is illegal, no round change triggered.","throwable":""}
{"timestamp":"2025-07-11T05:31:14,407","container":"ab3305442036","level":"INFO","thread":"EthScheduler-Workers-0","class":"TimestampBoundedByFutureParameter","message":"Invalid block header: timestamp 1752211876 is greater than the timestamp margin 1752211875","throwable":""}
{"timestamp":"2025-07-11T05:31:14,408","container":"ab3305442036","level":"WARN","thread":"EthScheduler-Workers-0","class":"BlockPropagationManager","message":"Added to bad block manager for invalid header, failed to import announced block 9 (0xdc665b30ef6d050c507aa6205c33550b15dfbfbe7b7746599603ea7eb631667c)","throwable":""}
{"timestamp":"2025-07-11T05:31:14,417","container":"ab3305442036","level":"INFO","thread":"EthScheduler-Workers-0","class":"TimestampBoundedByFutureParameter","message":"Invalid block header: timestamp 1752211876 is greater than the timestamp margin 1752211875","throwable":""}
{"timestamp":"2025-07-11T05:31:14,418","container":"ab3305442036","level":"WARN","thread":"EthScheduler-Workers-0","class":"BlockPropagationManager","message":"Added to bad block manager for invalid header, failed to import announced block 9 (0xdc665b30ef6d050c507aa6205c33550b15dfbfbe7b7746599603ea7eb631667c)","throwable":""}
{"timestamp":"2025-07-11T05:31:23,415","container":"ab3305442036","level":"INFO","thread":"BftProcessorExecutor-QBFT-0","class":"QbftBesuControllerBuilder","message":"Imported #10 / 0 tx / 0 pending / 0 (0.0%) gas / (0x2eb2948260797b30321efa4ee93c6c404c59c41aa53c2457b5e4d78150ee9b7e)","throwable":""}
{"timestamp":"2025-07-11T05:31:30,357","container":"ab3305442036","level":"INFO","thread":"BftProcessorExecutor-QBFT-0","class":"TimestampBoundedByFutureParameter","message":"Invalid block header: timestamp 1752211892 is greater than the timestamp margin 1752211891","throwable":""}
{"timestamp":"2025-07-11T05:31:30,358","container":"ab3305442036","level":"INFO","thread":"BftProcessorExecutor-QBFT-0","class":"MainnetBlockValidator","message":"Invalid block 11 (0xc3dc70e26b2b9ce6c1f89c078649e50dcc77870d3fbc04534e3df883457f4621): Optional[header validation rule violated, see logs]","throwable":""}
{"timestamp":"2025-07-11T05:31:30,358","container":"ab3305442036","level":"INFO","thread":"BftProcessorExecutor-QBFT-0","class":"ProposalPayloadValidator","message":"Invalid Proposal Payload: block did not pass validation. Reason Optional[header validation rule violated, see logs]","throwable":""}
{"timestamp":"2025-07-11T05:31:30,359","container":"ab3305442036","level":"INFO","thread":"BftProcessorExecutor-QBFT-0","class":"ProposalValidator","message":"Invalid Proposal Payload: invalid proposal payload in proposal message","throwable":""}
{"timestamp":"2025-07-11T05:31:30,360","container":"ab3305442036","level":"INFO","thread":"BftProcessorExecutor-QBFT-0","class":"QbftBlockHeightManager","message":"Received future Proposal which is illegal, no round change triggered.","throwable":""}
{"timestamp":"2025-07-11T05:31:30,406","container":"ab3305442036","level":"INFO","thread":"EthScheduler-Workers-0","class":"TimestampBoundedByFutureParameter","message":"Invalid block header: timestamp 1752211892 is greater than the timestamp margin 1752211891","throwable":""}
{"timestamp":"2025-07-11T05:31:30,407","container":"ab3305442036","level":"WARN","thread":"EthScheduler-Workers-0","class":"BlockPropagationManager","message":"Added to bad block manager for invalid header, failed to import announced block 11 (0xc3dc70e26b2b9ce6c1f89c078649e50dcc77870d3fbc04534e3df883457f4621)","throwable":""}
{"timestamp":"2025-07-11T05:31:30,413","container":"ab3305442036","level":"INFO","thread":"EthScheduler-Workers-0","class":"TimestampBoundedByFutureParameter","message":"Invalid block header: timestamp 1752211892 is greater than the timestamp margin 1752211891","throwable":""}
{"timestamp":"2025-07-11T05:31:30,413","container":"ab3305442036","level":"WARN","thread":"EthScheduler-Workers-0","class":"BlockPropagationManager","message":"Added to bad block manager for invalid header, failed to import announced block 11 (0xc3dc70e26b2b9ce6c1f89c078649e50dcc77870d3fbc04534e3df883457f4621)","throwable":""}
{"timestamp":"2025-07-11T05:31:30,419","container":"ab3305442036","level":"INFO","thread":"EthScheduler-Workers-0","class":"TimestampBoundedByFutureParameter","message":"Invalid block header: timestamp 1752211892 is greater than the timestamp margin 1752211891","throwable":""}
{"timestamp":"2025-07-11T05:31:30,420","container":"ab3305442036","level":"WARN","thread":"EthScheduler-Workers-0","class":"BlockPropagationManager","message":"Added to bad block manager for invalid header, failed to import announced block 11 (0xc3dc70e26b2b9ce6c1f89c078649e50dcc77870d3fbc04534e3df883457f4621)","throwable":""}
{"timestamp":"2025-07-11T05:31:48,406","container":"ab3305442036","level":"INFO","thread":"BftProcessorExecutor-QBFT-0","class":"TimestampBoundedByFutureParameter","message":"Invalid block header: timestamp 1752211910 is greater than the timestamp margin 1752211909","throwable":""}
{"timestamp":"2025-07-11T05:31:48,407","container":"ab3305442036","level":"INFO","thread":"BftProcessorExecutor-QBFT-0","class":"MainnetBlockValidator","message":"Invalid block 12 (0xa76979435bc239e9e2bcee6aa3e7cbd79d7f0b19c30bd4eb913ed9baa54e92a6): Optional[header validation rule violated, see logs]","throwable":""}
{"timestamp":"2025-07-11T05:31:48,408","container":"ab3305442036","level":"INFO","thread":"BftProcessorExecutor-QBFT-0","class":"ProposalPayloadValidator","message":"Invalid Proposal Payload: block did not pass validation. Reason Optional[header validation rule violated, see logs]","throwable":""}
{"timestamp":"2025-07-11T05:31:48,408","container":"ab3305442036","level":"INFO","thread":"BftProcessorExecutor-QBFT-0","class":"ProposalValidator","message":"Invalid Proposal Payload: invalid proposal payload in proposal message","throwable":""}
{"timestamp":"2025-07-11T05:31:48,448","container":"ab3305442036","level":"INFO","thread":"EthScheduler-Workers-0","class":"TimestampBoundedByFutureParameter","message":"Invalid block header: timestamp 1752211910 is greater than the timestamp margin 1752211909","throwable":""}
{"timestamp":"2025-07-11T05:31:48,449","container":"ab3305442036","level":"WARN","thread":"EthScheduler-Workers-0","class":"BlockPropagationManager","message":"Added to bad block manager for invalid header, failed to import announced block 12 (0xa76979435bc239e9e2bcee6aa3e7cbd79d7f0b19c30bd4eb913ed9baa54e92a6)","throwable":""}
{"timestamp":"2025-07-11T05:31:48,461","container":"ab3305442036","level":"INFO","thread":"EthScheduler-Workers-0","class":"TimestampBoundedByFutureParameter","message":"Invalid block header: timestamp 1752211910 is greater than the timestamp margin 1752211909","throwable":""}
{"timestamp":"2025-07-11T05:31:48,462","container":"ab3305442036","level":"WARN","thread":"EthScheduler-Workers-0","class":"BlockPropagationManager","message":"Added to bad block manager for invalid header, failed to import announced block 12 (0xa76979435bc239e9e2bcee6aa3e7cbd79d7f0b19c30bd4eb913ed9baa54e92a6)","throwable":""}
{"timestamp":"2025-07-11T05:31:58,456","container":"ab3305442036","level":"INFO","thread":"BftProcessorExecutor-QBFT-0","class":"QbftBesuControllerBuilder","message":"Imported #13 / 0 tx / 0 pending / 0 (0.0%) gas / (0xa6d4fdbeb8a9df4ec6be649ce0121ca67c9c866e4c22973317eda03dd384d3b6)","throwable":""}
{"timestamp":"2025-07-11T05:32:04,374","container":"ab3305442036","level":"INFO","thread":"BftProcessorExecutor-QBFT-0","class":"TimestampBoundedByFutureParameter","message":"Invalid block header: timestamp 1752211926 is greater than the timestamp margin 1752211925","throwable":""}
{"timestamp":"2025-07-11T05:32:04,375","container":"ab3305442036","level":"INFO","thread":"BftProcessorExecutor-QBFT-0","class":"MainnetBlockValidator","message":"Invalid block 14 (0xc2509073bca9e81ff85f398724a671b72d1e1b4e252a7044887532221efb5a42): Optional[header validation rule violated, see logs]","throwable":""}
{"timestamp":"2025-07-11T05:32:04,376","container":"ab3305442036","level":"INFO","thread":"BftProcessorExecutor-QBFT-0","class":"ProposalPayloadValidator","message":"Invalid Proposal Payload: block did not pass validation. Reason Optional[header validation rule violated, see logs]","throwable":""}
{"timestamp":"2025-07-11T05:32:04,377","container":"ab3305442036","level":"INFO","thread":"BftProcessorExecutor-QBFT-0","class":"ProposalValidator","message":"Invalid Proposal Payload: invalid proposal payload in proposal message","throwable":""}
{"timestamp":"2025-07-11T05:32:04,377","container":"ab3305442036","level":"INFO","thread":"BftProcessorExecutor-QBFT-0","class":"QbftBlockHeightManager","message":"Received future Proposal which is illegal, no round change triggered.","throwable":""}
{"timestamp":"2025-07-11T05:32:04,450","container":"ab3305442036","level":"INFO","thread":"EthScheduler-Workers-0","class":"TimestampBoundedByFutureParameter","message":"Invalid block header: timestamp 1752211926 is greater than the timestamp margin 1752211925","throwable":""}
{"timestamp":"2025-07-11T05:32:04,451","container":"ab3305442036","level":"WARN","thread":"EthScheduler-Workers-0","class":"BlockPropagationManager","message":"Added to bad block manager for invalid header, failed to import announced block 14 (0xc2509073bca9e81ff85f398724a671b72d1e1b4e252a7044887532221efb5a42)","throwable":""}
{"timestamp":"2025-07-11T05:32:23,447","container":"ab3305442036","level":"INFO","thread":"BftProcessorExecutor-QBFT-0","class":"TimestampBoundedByFutureParameter","message":"Invalid block header: timestamp 1752211945 is greater than the timestamp margin 1752211944","throwable":""}
{"timestamp":"2025-07-11T05:32:23,448","container":"ab3305442036","level":"INFO","thread":"BftProcessorExecutor-QBFT-0","class":"MainnetBlockValidator","message":"Invalid block 15 (0xb899201f2911784e3bcb6b0517d14fc7b80b01e18971ab3b90aa1f8ec50fd40a): Optional[header validation rule violated, see logs]","throwable":""}
{"timestamp":"2025-07-11T05:32:23,448","container":"ab3305442036","level":"INFO","thread":"BftProcessorExecutor-QBFT-0","class":"ProposalPayloadValidator","message":"Invalid Proposal Payload: block did not pass validation. Reason Optional[header validation rule violated, see logs]","throwable":""}
{"timestamp":"2025-07-11T05:32:23,448","container":"ab3305442036","level":"INFO","thread":"BftProcessorExecutor-QBFT-0","class":"ProposalValidator","message":"Invalid Proposal Payload: invalid proposal payload in proposal message","throwable":""}
{"timestamp":"2025-07-11T05:32:23,489","container":"ab3305442036","level":"INFO","thread":"EthScheduler-Workers-0","class":"TimestampBoundedByFutureParameter","message":"Invalid block header: timestamp 1752211945 is greater than the timestamp margin 1752211944","throwable":""}
{"timestamp":"2025-07-11T05:32:23,490","container":"ab3305442036","level":"WARN","thread":"EthScheduler-Workers-0","class":"BlockPropagationManager","message":"Added to bad block manager for invalid header, failed to import announced block 15 (0xb899201f2911784e3bcb6b0517d14fc7b80b01e18971ab3b90aa1f8ec50fd40a)","throwable":""}
{"timestamp":"2025-07-11T05:32:23,495","container":"ab3305442036","level":"INFO","thread":"EthScheduler-Workers-0","class":"TimestampBoundedByFutureParameter","message":"Invalid block header: timestamp 1752211945 is greater than the timestamp margin 1752211944","throwable":""}
{"timestamp":"2025-07-11T05:32:23,496","container":"ab3305442036","level":"WARN","thread":"EthScheduler-Workers-0","class":"BlockPropagationManager","message":"Added to bad block manager for invalid header, failed to import announced block 15 (0xb899201f2911784e3bcb6b0517d14fc7b80b01e18971ab3b90aa1f8ec50fd40a)","throwable":""}
{"timestamp":"2025-07-11T05:32:23,498","container":"ab3305442036","level":"INFO","thread":"EthScheduler-Workers-0","class":"TimestampBoundedByFutureParameter","message":"Invalid block header: timestamp 1752211945 is greater than the timestamp margin 1752211944","throwable":""}
{"timestamp":"2025-07-11T05:32:23,498","container":"ab3305442036","level":"WARN","thread":"EthScheduler-Workers-0","class":"BlockPropagationManager","message":"Added to bad block manager for invalid header, failed to import announced block 15 (0xb899201f2911784e3bcb6b0517d14fc7b80b01e18971ab3b90aa1f8ec50fd40a)","throwable":""}
{"timestamp":"2025-07-11T05:32:33,512","container":"ab3305442036","level":"INFO","thread":"BftProcessorExecutor-QBFT-0","class":"QbftBesuControllerBuilder","message":"Imported #16 / 0 tx / 0 pending / 0 (0.0%) gas / (0x71ebf38a37a8685cc952194f6179500c9fe4c154aa8c2fbe96067368e852e67b)","throwable":""}
{"timestamp":"2025-07-11T05:32:33,521","container":"ab3305442036","level":"INFO","thread":"EthScheduler-Workers-0","class":"PersistBlockTask","message":"Block 16 (0x71ebf38a37a8685cc952194f6179500c9fe4c154aa8c2fbe96067368e852e67b) is already imported","throwable":""}
{"timestamp":"2025-07-11T05:32:39,388","container":"ab3305442036","level":"INFO","thread":"BftProcessorExecutor-QBFT-0","class":"TimestampBoundedByFutureParameter","message":"Invalid block header: timestamp 1752211961 is greater than the timestamp margin 1752211960","throwable":""}
{"timestamp":"2025-07-11T05:32:39,389","container":"ab3305442036","level":"INFO","thread":"BftProcessorExecutor-QBFT-0","class":"MainnetBlockValidator","message":"Invalid block 17 (0xa7914a6312087622d59d5e45d06c1b7ff5d0a83e8fd84c240452464f1d4c0b1c): Optional[header validation rule violated, see logs]","throwable":""}
{"timestamp":"2025-07-11T05:32:39,390","container":"ab3305442036","level":"INFO","thread":"BftProcessorExecutor-QBFT-0","class":"ProposalPayloadValidator","message":"Invalid Proposal Payload: block did not pass validation. Reason Optional[header validation rule violated, see logs]","throwable":""}
{"timestamp":"2025-07-11T05:32:39,390","container":"ab3305442036","level":"INFO","thread":"BftProcessorExecutor-QBFT-0","class":"ProposalValidator","message":"Invalid Proposal Payload: invalid proposal payload in proposal message","throwable":""}
{"timestamp":"2025-07-11T05:32:39,390","container":"ab3305442036","level":"INFO","thread":"BftProcessorExecutor-QBFT-0","class":"QbftBlockHeightManager","message":"Received future Proposal which is illegal, no round change triggered.","throwable":""}
{"timestamp":"2025-07-11T05:32:39,442","container":"ab3305442036","level":"INFO","thread":"EthScheduler-Workers-0","class":"TimestampBoundedByFutureParameter","message":"Invalid block header: timestamp 1752211961 is greater than the timestamp margin 1752211960","throwable":""}
{"timestamp":"2025-07-11T05:32:39,443","container":"ab3305442036","level":"WARN","thread":"EthScheduler-Workers-0","class":"BlockPropagationManager","message":"Added to bad block manager for invalid header, failed to import announced block 17 (0xa7914a6312087622d59d5e45d06c1b7ff5d0a83e8fd84c240452464f1d4c0b1c)","throwable":""}
{"timestamp":"2025-07-11T05:32:39,444","container":"ab3305442036","level":"INFO","thread":"EthScheduler-Workers-0","class":"TimestampBoundedByFutureParameter","message":"Invalid block header: timestamp 1752211961 is greater than the timestamp margin 1752211960","throwable":""}
{"timestamp":"2025-07-11T05:32:39,444","container":"ab3305442036","level":"WARN","thread":"EthScheduler-Workers-0","class":"BlockPropagationManager","message":"Added to bad block manager for invalid header, failed to import announced block 17 (0xa7914a6312087622d59d5e45d06c1b7ff5d0a83e8fd84c240452464f1d4c0b1c)","throwable":""}
{"timestamp":"2025-07-11T05:32:58,508","container":"ab3305442036","level":"INFO","thread":"BftProcessorExecutor-QBFT-0","class":"TimestampBoundedByFutureParameter","message":"Invalid block header: timestamp 1752211980 is greater than the timestamp margin 1752211979","throwable":""}
{"timestamp":"2025-07-11T05:32:58,509","container":"ab3305442036","level":"INFO","thread":"BftProcessorExecutor-QBFT-0","class":"MainnetBlockValidator","message":"Invalid block 18 (0x023da809cb402fe9948550476d1be179f808b630172642d49977d83fc35bba9f): Optional[header validation rule violated, see logs]","throwable":""}
{"timestamp":"2025-07-11T05:32:58,510","container":"ab3305442036","level":"INFO","thread":"BftProcessorExecutor-QBFT-0","class":"ProposalPayloadValidator","message":"Invalid Proposal Payload: block did not pass validation. Reason Optional[header validation rule violated, see logs]","throwable":""}
{"timestamp":"2025-07-11T05:32:58,510","container":"ab3305442036","level":"INFO","thread":"BftProcessorExecutor-QBFT-0","class":"ProposalValidator","message":"Invalid Proposal Payload: invalid proposal payload in proposal message","throwable":""}
{"timestamp":"2025-07-11T05:32:58,564","container":"ab3305442036","level":"INFO","thread":"EthScheduler-Workers-0","class":"TimestampBoundedByFutureParameter","message":"Invalid block header: timestamp 1752211980 is greater than the timestamp margin 1752211979","throwable":""}
{"timestamp":"2025-07-11T05:32:58,565","container":"ab3305442036","level":"WARN","thread":"EthScheduler-Workers-0","class":"BlockPropagationManager","message":"Added to bad block manager for invalid header, failed to import announced block 18 (0x023da809cb402fe9948550476d1be179f808b630172642d49977d83fc35bba9f)","throwable":""}
{"timestamp":"2025-07-11T05:33:08,560","container":"ab3305442036","level":"INFO","thread":"BftProcessorExecutor-QBFT-0","class":"QbftBesuControllerBuilder","message":"Imported #19 / 0 tx / 0 pending / 0 (0.0%) gas / (0x8f6f84ddfe861c2f488237617d8fa8951066906dc744d85a168b55ff8d1d9f65)","throwable":""}
{"timestamp":"2025-07-11T05:33:14,408","container":"ab3305442036","level":"INFO","thread":"BftProcessorExecutor-QBFT-0","class":"TimestampBoundedByFutureParameter","message":"Invalid block header: timestamp 1752211996 is greater than the timestamp margin 1752211995","throwable":""}
{"timestamp":"2025-07-11T05:33:14,408","container":"ab3305442036","level":"INFO","thread":"BftProcessorExecutor-QBFT-0","class":"MainnetBlockValidator","message":"Invalid block 20 (0xa0587c8ad85c43c23cd58fb244c0c45c5565d934e578940236b415d590cd1ac5): Optional[header validation rule violated, see logs]","throwable":""}
{"timestamp":"2025-07-11T05:33:14,409","container":"ab3305442036","level":"INFO","thread":"BftProcessorExecutor-QBFT-0","class":"ProposalPayloadValidator","message":"Invalid Proposal Payload: block did not pass validation. Reason Optional[header validation rule violated, see logs]","throwable":""}
{"timestamp":"2025-07-11T05:33:14,409","container":"ab3305442036","level":"INFO","thread":"BftProcessorExecutor-QBFT-0","class":"ProposalValidator","message":"Invalid Proposal Payload: invalid proposal payload in proposal message","throwable":""}
{"timestamp":"2025-07-11T05:33:14,409","container":"ab3305442036","level":"INFO","thread":"BftProcessorExecutor-QBFT-0","class":"QbftBlockHeightManager","message":"Received future Proposal which is illegal, no round change triggered.","throwable":""}
{"timestamp":"2025-07-11T05:33:14,446","container":"ab3305442036","level":"INFO","thread":"EthScheduler-Workers-0","class":"TimestampBoundedByFutureParameter","message":"Invalid block header: timestamp 1752211996 is greater than the timestamp margin 1752211995","throwable":""}
{"timestamp":"2025-07-11T05:33:14,447","container":"ab3305442036","level":"WARN","thread":"EthScheduler-Workers-0","class":"BlockPropagationManager","message":"Added to bad block manager for invalid header, failed to import announced block 20 (0xa0587c8ad85c43c23cd58fb244c0c45c5565d934e578940236b415d590cd1ac5)","throwable":""}
{"timestamp":"2025-07-11T05:33:33,572","container":"ab3305442036","level":"INFO","thread":"BftProcessorExecutor-QBFT-0","class":"TimestampBoundedByFutureParameter","message":"Invalid block header: timestamp 1752212015 is greater than the timestamp margin 1752212014","throwable":""}
{"timestamp":"2025-07-11T05:33:33,573","container":"ab3305442036","level":"INFO","thread":"BftProcessorExecutor-QBFT-0","class":"MainnetBlockValidator","message":"Invalid block 21 (0xece78c0d9b42bf43dcfbd965af15db54ed4ab490b758e70d94fd4507603a2cdf): Optional[header validation rule violated, see logs]","throwable":""}
{"timestamp":"2025-07-11T05:33:33,573","container":"ab3305442036","level":"INFO","thread":"BftProcessorExecutor-QBFT-0","class":"ProposalPayloadValidator","message":"Invalid Proposal Payload: block did not pass validation. Reason Optional[header validation rule violated, see logs]","throwable":""}
{"timestamp":"2025-07-11T05:33:33,574","container":"ab3305442036","level":"INFO","thread":"BftProcessorExecutor-QBFT-0","class":"ProposalValidator","message":"Invalid Proposal Payload: invalid proposal payload in proposal message","throwable":""}
{"timestamp":"2025-07-11T05:33:33,659","container":"ab3305442036","level":"INFO","thread":"EthScheduler-Workers-0","class":"TimestampBoundedByFutureParameter","message":"Invalid block header: timestamp 1752212015 is greater than the timestamp margin 1752212014","throwable":""}
{"timestamp":"2025-07-11T05:33:33,660","container":"ab3305442036","level":"WARN","thread":"EthScheduler-Workers-0","class":"BlockPropagationManager","message":"Added to bad block manager for invalid header, failed to import announced block 21 (0xece78c0d9b42bf43dcfbd965af15db54ed4ab490b758e70d94fd4507603a2cdf)","throwable":""}
{"timestamp":"2025-07-11T05:33:33,671","container":"ab3305442036","level":"INFO","thread":"EthScheduler-Workers-0","class":"TimestampBoundedByFutureParameter","message":"Invalid block header: timestamp 1752212015 is greater than the timestamp margin 1752212014","throwable":""}
{"timestamp":"2025-07-11T05:33:33,681","container":"ab3305442036","level":"WARN","thread":"EthScheduler-Workers-0","class":"BlockPropagationManager","message":"Added to bad block manager for invalid header, failed to import announced block 21 (0xece78c0d9b42bf43dcfbd965af15db54ed4ab490b758e70d94fd4507603a2cdf)","throwable":""}
{"timestamp":"2025-07-11T05:33:43,620","container":"ab3305442036","level":"INFO","thread":"BftProcessorExecutor-QBFT-0","class":"QbftBesuControllerBuilder","message":"Imported #22 / 0 tx / 0 pending / 0 (0.0%) gas / (0x25f0a0fa120480286f44f2799e1b31fbce3532001f2455761fa345d3bc59396e)","throwable":""}
{"timestamp":"2025-07-11T05:33:49,424","container":"ab3305442036","level":"INFO","thread":"BftProcessorExecutor-QBFT-0","class":"TimestampBoundedByFutureParameter","message":"Invalid block header: timestamp 1752212031 is greater than the timestamp margin 1752212030","throwable":""}
{"timestamp":"2025-07-11T05:33:49,425","container":"ab3305442036","level":"INFO","thread":"BftProcessorExecutor-QBFT-0","class":"MainnetBlockValidator","message":"Invalid block 23 (0x55230d8fce139e7d661e5c04ea056fc55d095edc0a17e262cb6a83fec152321c): Optional[header validation rule violated, see logs]","throwable":""}
{"timestamp":"2025-07-11T05:33:49,426","container":"ab3305442036","level":"INFO","thread":"BftProcessorExecutor-QBFT-0","class":"ProposalPayloadValidator","message":"Invalid Proposal Payload: block did not pass validation. Reason Optional[header validation rule violated, see logs]","throwable":""}
{"timestamp":"2025-07-11T05:33:49,426","container":"ab3305442036","level":"INFO","thread":"BftProcessorExecutor-QBFT-0","class":"ProposalValidator","message":"Invalid Proposal Payload: invalid proposal payload in proposal message","throwable":""}
{"timestamp":"2025-07-11T05:33:49,427","container":"ab3305442036","level":"INFO","thread":"BftProcessorExecutor-QBFT-0","class":"QbftBlockHeightManager","message":"Received future Proposal which is illegal, no round change triggered.","throwable":""}
{"timestamp":"2025-07-11T05:33:49,463","container":"ab3305442036","level":"INFO","thread":"EthScheduler-Workers-0","class":"TimestampBoundedByFutureParameter","message":"Invalid block header: timestamp 1752212031 is greater than the timestamp margin 1752212030","throwable":""}
{"timestamp":"2025-07-11T05:33:49,464","container":"ab3305442036","level":"WARN","thread":"EthScheduler-Workers-0","class":"BlockPropagationManager","message":"Added to bad block manager for invalid header, failed to import announced block 23 (0x55230d8fce139e7d661e5c04ea056fc55d095edc0a17e262cb6a83fec152321c)","throwable":""}
{"timestamp":"2025-07-11T05:33:49,476","container":"ab3305442036","level":"INFO","thread":"EthScheduler-Workers-0","class":"TimestampBoundedByFutureParameter","message":"Invalid block header: timestamp 1752212031 is greater than the timestamp margin 1752212030","throwable":""}
{"timestamp":"2025-07-11T05:33:49,477","container":"ab3305442036","level":"WARN","thread":"EthScheduler-Workers-0","class":"BlockPropagationManager","message":"Added to bad block manager for invalid header, failed to import announced block 23 (0x55230d8fce139e7d661e5c04ea056fc55d095edc0a17e262cb6a83fec152321c)","throwable":""}
{"timestamp":"2025-07-11T05:33:49,481","container":"ab3305442036","level":"INFO","thread":"EthScheduler-Workers-0","class":"TimestampBoundedByFutureParameter","message":"Invalid block header: timestamp 1752212031 is greater than the timestamp margin 1752212030","throwable":""}
{"timestamp":"2025-07-11T05:33:49,482","container":"ab3305442036","level":"WARN","thread":"EthScheduler-Workers-0","class":"BlockPropagationManager","message":"Added to bad block manager for invalid header, failed to import announced block 23 (0x55230d8fce139e7d661e5c04ea056fc55d095edc0a17e262cb6a83fec152321c)","throwable":""}
{"timestamp":"2025-07-11T05:34:08,632","container":"ab3305442036","level":"INFO","thread":"BftProcessorExecutor-QBFT-0","class":"TimestampBoundedByFutureParameter","message":"Invalid block header: timestamp 1752212050 is greater than the timestamp margin 1752212049","throwable":""}
{"timestamp":"2025-07-11T05:34:08,633","container":"ab3305442036","level":"INFO","thread":"BftProcessorExecutor-QBFT-0","class":"MainnetBlockValidator","message":"Invalid block 24 (0xad5d8f2ad2583dc297d58abd614ef4cd8ebe3a33ce63cef3af0ce3cd6dcd9f7b): Optional[header validation rule violated, see logs]","throwable":""}
{"timestamp":"2025-07-11T05:34:08,634","container":"ab3305442036","level":"INFO","thread":"BftProcessorExecutor-QBFT-0","class":"ProposalPayloadValidator","message":"Invalid Proposal Payload: block did not pass validation. Reason Optional[header validation rule violated, see logs]","throwable":""}
{"timestamp":"2025-07-11T05:34:08,634","container":"ab3305442036","level":"INFO","thread":"BftProcessorExecutor-QBFT-0","class":"ProposalValidator","message":"Invalid Proposal Payload: invalid proposal payload in proposal message","throwable":""}
{"timestamp":"2025-07-11T05:34:08,677","container":"ab3305442036","level":"INFO","thread":"EthScheduler-Workers-0","class":"TimestampBoundedByFutureParameter","message":"Invalid block header: timestamp 1752212050 is greater than the timestamp margin 1752212049","throwable":""}
{"timestamp":"2025-07-11T05:34:08,678","container":"ab3305442036","level":"WARN","thread":"EthScheduler-Workers-0","class":"BlockPropagationManager","message":"Added to bad block manager for invalid header, failed to import announced block 24 (0xad5d8f2ad2583dc297d58abd614ef4cd8ebe3a33ce63cef3af0ce3cd6dcd9f7b)","throwable":""}
{"timestamp":"2025-07-11T05:34:08,690","container":"ab3305442036","level":"INFO","thread":"EthScheduler-Workers-0","class":"TimestampBoundedByFutureParameter","message":"Invalid block header: timestamp 1752212050 is greater than the timestamp margin 1752212049","throwable":""}
{"timestamp":"2025-07-11T05:34:08,690","container":"ab3305442036","level":"WARN","thread":"EthScheduler-Workers-0","class":"BlockPropagationManager","message":"Added to bad block manager for invalid header, failed to import announced block 24 (0xad5d8f2ad2583dc297d58abd614ef4cd8ebe3a33ce63cef3af0ce3cd6dcd9f7b)","throwable":""}
{"timestamp":"2025-07-11T05:34:18,672","container":"ab3305442036","level":"INFO","thread":"BftProcessorExecutor-QBFT-0","class":"QbftBesuControllerBuilder","message":"Imported #25 / 0 tx / 0 pending / 0 (0.0%) gas / (0xa583f65a426c5e69e0214f5c5cd91e8198bb72f850ac037c350e60c4adc3fb6d)","throwable":""}
{"timestamp":"2025-07-11T05:34:24,441","container":"ab3305442036","level":"INFO","thread":"BftProcessorExecutor-QBFT-0","class":"TimestampBoundedByFutureParameter","message":"Invalid block header: timestamp 1752212066 is greater than the timestamp margin 1752212065","throwable":""}
{"timestamp":"2025-07-11T05:34:24,442","container":"ab3305442036","level":"INFO","thread":"BftProcessorExecutor-QBFT-0","class":"MainnetBlockValidator","message":"Invalid block 26 (0x761fdae0a4af8b395a29ca7f828b19f845d2a2645be3ad05dfc3eaff72f362c4): Optional[header validation rule violated, see logs]","throwable":""}
{"timestamp":"2025-07-11T05:34:24,443","container":"ab3305442036","level":"INFO","thread":"BftProcessorExecutor-QBFT-0","class":"ProposalPayloadValidator","message":"Invalid Proposal Payload: block did not pass validation. Reason Optional[header validation rule violated, see logs]","throwable":""}
{"timestamp":"2025-07-11T05:34:24,444","container":"ab3305442036","level":"INFO","thread":"BftProcessorExecutor-QBFT-0","class":"ProposalValidator","message":"Invalid Proposal Payload: invalid proposal payload in proposal message","throwable":""}
{"timestamp":"2025-07-11T05:34:24,445","container":"ab3305442036","level":"INFO","thread":"BftProcessorExecutor-QBFT-0","class":"QbftBlockHeightManager","message":"Received future Proposal which is illegal, no round change triggered.","throwable":""}
{"timestamp":"2025-07-11T05:34:24,481","container":"ab3305442036","level":"INFO","thread":"EthScheduler-Workers-0","class":"TimestampBoundedByFutureParameter","message":"Invalid block header: timestamp 1752212066 is greater than the timestamp margin 1752212065","throwable":""}
{"timestamp":"2025-07-11T05:34:24,482","container":"ab3305442036","level":"WARN","thread":"EthScheduler-Workers-0","class":"BlockPropagationManager","message":"Added to bad block manager for invalid header, failed to import announced block 26 (0x761fdae0a4af8b395a29ca7f828b19f845d2a2645be3ad05dfc3eaff72f362c4)","throwable":""}
{"timestamp":"2025-07-11T05:34:24,492","container":"ab3305442036","level":"INFO","thread":"EthScheduler-Workers-0","class":"TimestampBoundedByFutureParameter","message":"Invalid block header: timestamp 1752212066 is greater than the timestamp margin 1752212065","throwable":""}
{"timestamp":"2025-07-11T05:34:24,493","container":"ab3305442036","level":"WARN","thread":"EthScheduler-Workers-0","class":"BlockPropagationManager","message":"Added to bad block manager for invalid header, failed to import announced block 26 (0x761fdae0a4af8b395a29ca7f828b19f845d2a2645be3ad05dfc3eaff72f362c4)","throwable":""}
{"timestamp":"2025-07-11T05:34:43,699","container":"ab3305442036","level":"INFO","thread":"BftProcessorExecutor-QBFT-0","class":"TimestampBoundedByFutureParameter","message":"Invalid block header: timestamp 1752212085 is greater than the timestamp margin 1752212084","throwable":""}
{"timestamp":"2025-07-11T05:34:43,700","container":"ab3305442036","level":"INFO","thread":"BftProcessorExecutor-QBFT-0","class":"MainnetBlockValidator","message":"Invalid block 27 (0x0de4b6b5e392498c2480a59aabbb53bfb0ef1ecfb74212df6e35b111996d9f0b): Optional[header validation rule violated, see logs]","throwable":""}
{"timestamp":"2025-07-11T05:34:43,700","container":"ab3305442036","level":"INFO","thread":"BftProcessorExecutor-QBFT-0","class":"ProposalPayloadValidator","message":"Invalid Proposal Payload: block did not pass validation. Reason Optional[header validation rule violated, see logs]","throwable":""}
{"timestamp":"2025-07-11T05:34:43,700","container":"ab3305442036","level":"INFO","thread":"BftProcessorExecutor-QBFT-0","class":"ProposalValidator","message":"Invalid Proposal Payload: invalid proposal payload in proposal message","throwable":""}
{"timestamp":"2025-07-11T05:34:43,742","container":"ab3305442036","level":"INFO","thread":"EthScheduler-Workers-0","class":"TimestampBoundedByFutureParameter","message":"Invalid block header: timestamp 1752212085 is greater than the timestamp margin 1752212084","throwable":""}
{"timestamp":"2025-07-11T05:34:43,748","container":"ab3305442036","level":"WARN","thread":"EthScheduler-Workers-0","class":"BlockPropagationManager","message":"Added to bad block manager for invalid header, failed to import announced block 27 (0x0de4b6b5e392498c2480a59aabbb53bfb0ef1ecfb74212df6e35b111996d9f0b)","throwable":""}
{"timestamp":"2025-07-11T05:34:53,776","container":"ab3305442036","level":"INFO","thread":"BftProcessorExecutor-QBFT-0","class":"QbftBesuControllerBuilder","message":"Imported #28 / 0 tx / 0 pending / 0 (0.0%) gas / (0xd079390916651442f73513ad3c52b73ad10f9d82fa9f6fb49de8cc46576a7b07)","throwable":""}
{"timestamp":"2025-07-11T05:34:59,459","container":"ab3305442036","level":"INFO","thread":"BftProcessorExecutor-QBFT-0","class":"TimestampBoundedByFutureParameter","message":"Invalid block header: timestamp 1752212101 is greater than the timestamp margin 1752212100","throwable":""}
{"timestamp":"2025-07-11T05:34:59,460","container":"ab3305442036","level":"INFO","thread":"BftProcessorExecutor-QBFT-0","class":"MainnetBlockValidator","message":"Invalid block 29 (0x636cbea764b0202d2cf222b282e04400a75180638e192cfe07e1298b54f62c67): Optional[header validation rule violated, see logs]","throwable":""}
{"timestamp":"2025-07-11T05:34:59,460","container":"ab3305442036","level":"INFO","thread":"BftProcessorExecutor-QBFT-0","class":"ProposalPayloadValidator","message":"Invalid Proposal Payload: block did not pass validation. Reason Optional[header validation rule violated, see logs]","throwable":""}
{"timestamp":"2025-07-11T05:34:59,461","container":"ab3305442036","level":"INFO","thread":"BftProcessorExecutor-QBFT-0","class":"ProposalValidator","message":"Invalid Proposal Payload: invalid proposal payload in proposal message","throwable":""}
{"timestamp":"2025-07-11T05:34:59,461","container":"ab3305442036","level":"INFO","thread":"BftProcessorExecutor-QBFT-0","class":"QbftBlockHeightManager","message":"Received future Proposal which is illegal, no round change triggered.","throwable":""}
{"timestamp":"2025-07-11T05:34:59,508","container":"ab3305442036","level":"INFO","thread":"EthScheduler-Workers-0","class":"TimestampBoundedByFutureParameter","message":"Invalid block header: timestamp 1752212101 is greater than the timestamp margin 1752212100","throwable":""}
{"timestamp":"2025-07-11T05:34:59,515","container":"ab3305442036","level":"WARN","thread":"EthScheduler-Workers-0","class":"BlockPropagationManager","message":"Added to bad block manager for invalid header, failed to import announced block 29 (0x636cbea764b0202d2cf222b282e04400a75180638e192cfe07e1298b54f62c67)","throwable":""}
{"timestamp":"2025-07-11T05:35:18,770","container":"ab3305442036","level":"INFO","thread":"BftProcessorExecutor-QBFT-0","class":"TimestampBoundedByFutureParameter","message":"Invalid block header: timestamp 1752212120 is greater than the timestamp margin 1752212119","throwable":""}
{"timestamp":"2025-07-11T05:35:18,772","container":"ab3305442036","level":"INFO","thread":"BftProcessorExecutor-QBFT-0","class":"MainnetBlockValidator","message":"Invalid block 30 (0xe42319895a7541e25efe71d33094113ac722d267f2cf045b90e35db6124ec20b): Optional[header validation rule violated, see logs]","throwable":""}
{"timestamp":"2025-07-11T05:35:18,772","container":"ab3305442036","level":"INFO","thread":"BftProcessorExecutor-QBFT-0","class":"ProposalPayloadValidator","message":"Invalid Proposal Payload: block did not pass validation. Reason Optional[header validation rule violated, see logs]","throwable":""}
{"timestamp":"2025-07-11T05:35:18,772","container":"ab3305442036","level":"INFO","thread":"BftProcessorExecutor-QBFT-0","class":"ProposalValidator","message":"Invalid Proposal Payload: invalid proposal payload in proposal message","throwable":""}
{"timestamp":"2025-07-11T05:35:18,801","container":"ab3305442036","level":"INFO","thread":"EthScheduler-Workers-0","class":"TimestampBoundedByFutureParameter","message":"Invalid block header: timestamp 1752212120 is greater than the timestamp margin 1752212119","throwable":""}
{"timestamp":"2025-07-11T05:35:18,802","container":"ab3305442036","level":"WARN","thread":"EthScheduler-Workers-0","class":"BlockPropagationManager","message":"Added to bad block manager for invalid header, failed to import announced block 30 (0xe42319895a7541e25efe71d33094113ac722d267f2cf045b90e35db6124ec20b)","throwable":""}
{"timestamp":"2025-07-11T05:35:18,810","container":"ab3305442036","level":"INFO","thread":"EthScheduler-Workers-0","class":"TimestampBoundedByFutureParameter","message":"Invalid block header: timestamp 1752212120 is greater than the timestamp margin 1752212119","throwable":""}
{"timestamp":"2025-07-11T05:35:18,810","container":"ab3305442036","level":"WARN","thread":"EthScheduler-Workers-0","class":"BlockPropagationManager","message":"Added to bad block manager for invalid header, failed to import announced block 30 (0xe42319895a7541e25efe71d33094113ac722d267f2cf045b90e35db6124ec20b)","throwable":""}
{"timestamp":"2025-07-11T05:35:18,815","container":"ab3305442036","level":"INFO","thread":"EthScheduler-Workers-0","class":"TimestampBoundedByFutureParameter","message":"Invalid block header: timestamp 1752212120 is greater than the timestamp margin 1752212119","throwable":""}
{"timestamp":"2025-07-11T05:35:18,818","container":"ab3305442036","level":"WARN","thread":"EthScheduler-Workers-0","class":"BlockPropagationManager","message":"Added to bad block manager for invalid header, failed to import announced block 30 (0xe42319895a7541e25efe71d33094113ac722d267f2cf045b90e35db6124ec20b)","throwable":""}
{"timestamp":"2025-07-11T05:35:28,831","container":"ab3305442036","level":"INFO","thread":"BftProcessorExecutor-QBFT-0","class":"QbftBesuControllerBuilder","message":"Imported #31 / 0 tx / 0 pending / 0 (0.0%) gas / (0xbb77b97854db8de068ea41cc896b6ac5696182edaa646172d65d5295199d31f1)","throwable":""}
{"timestamp":"2025-07-11T05:35:34,476","container":"ab3305442036","level":"INFO","thread":"BftProcessorExecutor-QBFT-0","class":"TimestampBoundedByFutureParameter","message":"Invalid block header: timestamp 1752212136 is greater than the timestamp margin 1752212135","throwable":""}
{"timestamp":"2025-07-11T05:35:34,476","container":"ab3305442036","level":"INFO","thread":"BftProcessorExecutor-QBFT-0","class":"MainnetBlockValidator","message":"Invalid block 32 (0x936353c26217bc633f18eed5921c0db4e434ea3e73dd9de5ab398086bfc73c2e): Optional[header validation rule violated, see logs]","throwable":""}
{"timestamp":"2025-07-11T05:35:34,477","container":"ab3305442036","level":"INFO","thread":"BftProcessorExecutor-QBFT-0","class":"ProposalPayloadValidator","message":"Invalid Proposal Payload: block did not pass validation. Reason Optional[header validation rule violated, see logs]","throwable":""}
{"timestamp":"2025-07-11T05:35:34,477","container":"ab3305442036","level":"INFO","thread":"BftProcessorExecutor-QBFT-0","class":"ProposalValidator","message":"Invalid Proposal Payload: invalid proposal payload in proposal message","throwable":""}
{"timestamp":"2025-07-11T05:35:34,478","container":"ab3305442036","level":"INFO","thread":"BftProcessorExecutor-QBFT-0","class":"QbftBlockHeightManager","message":"Received future Proposal which is illegal, no round change triggered.","throwable":""}
{"timestamp":"2025-07-11T05:35:34,510","container":"ab3305442036","level":"INFO","thread":"EthScheduler-Workers-0","class":"TimestampBoundedByFutureParameter","message":"Invalid block header: timestamp 1752212136 is greater than the timestamp margin 1752212135","throwable":""}
{"timestamp":"2025-07-11T05:35:34,511","container":"ab3305442036","level":"WARN","thread":"EthScheduler-Workers-0","class":"BlockPropagationManager","message":"Added to bad block manager for invalid header, failed to import announced block 32 (0x936353c26217bc633f18eed5921c0db4e434ea3e73dd9de5ab398086bfc73c2e)","throwable":""}
{"timestamp":"2025-07-11T05:35:34,516","container":"ab3305442036","level":"INFO","thread":"EthScheduler-Workers-0","class":"TimestampBoundedByFutureParameter","message":"Invalid block header: timestamp 1752212136 is greater than the timestamp margin 1752212135","throwable":""}
{"timestamp":"2025-07-11T05:35:34,519","container":"ab3305442036","level":"WARN","thread":"EthScheduler-Workers-0","class":"BlockPropagationManager","message":"Added to bad block manager for invalid header, failed to import announced block 32 (0x936353c26217bc633f18eed5921c0db4e434ea3e73dd9de5ab398086bfc73c2e)","throwable":""}
{"timestamp":"2025-07-11T05:35:53,850","container":"ab3305442036","level":"INFO","thread":"BftProcessorExecutor-QBFT-0","class":"TimestampBoundedByFutureParameter","message":"Invalid block header: timestamp 1752212155 is greater than the timestamp margin 1752212154","throwable":""}
{"timestamp":"2025-07-11T05:35:53,851","container":"ab3305442036","level":"INFO","thread":"BftProcessorExecutor-QBFT-0","class":"MainnetBlockValidator","message":"Invalid block 33 (0x52906a6be4d955d20640e55ad5653748bd6b7e35f65a57bace9c28e008dec601): Optional[header validation rule violated, see logs]","throwable":""}
{"timestamp":"2025-07-11T05:35:53,851","container":"ab3305442036","level":"INFO","thread":"BftProcessorExecutor-QBFT-0","class":"ProposalPayloadValidator","message":"Invalid Proposal Payload: block did not pass validation. Reason Optional[header validation rule violated, see logs]","throwable":""}
{"timestamp":"2025-07-11T05:35:53,852","container":"ab3305442036","level":"INFO","thread":"BftProcessorExecutor-QBFT-0","class":"ProposalValidator","message":"Invalid Proposal Payload: invalid proposal payload in proposal message","throwable":""}
{"timestamp":"2025-07-11T05:35:53,887","container":"ab3305442036","level":"INFO","thread":"EthScheduler-Workers-0","class":"TimestampBoundedByFutureParameter","message":"Invalid block header: timestamp 1752212155 is greater than the timestamp margin 1752212154","throwable":""}
{"timestamp":"2025-07-11T05:35:53,887","container":"ab3305442036","level":"WARN","thread":"EthScheduler-Workers-0","class":"BlockPropagationManager","message":"Added to bad block manager for invalid header, failed to import announced block 33 (0x52906a6be4d955d20640e55ad5653748bd6b7e35f65a57bace9c28e008dec601)","throwable":""}
{"timestamp":"2025-07-11T05:35:53,899","container":"ab3305442036","level":"INFO","thread":"EthScheduler-Workers-0","class":"TimestampBoundedByFutureParameter","message":"Invalid block header: timestamp 1752212155 is greater than the timestamp margin 1752212154","throwable":""}
{"timestamp":"2025-07-11T05:35:53,901","container":"ab3305442036","level":"WARN","thread":"EthScheduler-Workers-0","class":"BlockPropagationManager","message":"Added to bad block manager for invalid header, failed to import announced block 33 (0x52906a6be4d955d20640e55ad5653748bd6b7e35f65a57bace9c28e008dec601)","throwable":""}
{"timestamp":"2025-07-11T05:36:03,902","container":"ab3305442036","level":"INFO","thread":"BftProcessorExecutor-QBFT-0","class":"QbftBesuControllerBuilder","message":"Imported #34 / 0 tx / 0 pending / 0 (0.0%) gas / (0xc43fbe498fe013bc80edc7464726e245355eb6f2b47c63f5c7828d5f5c1c5b35)","throwable":""}
{"timestamp":"2025-07-11T05:36:09,492","container":"ab3305442036","level":"INFO","thread":"BftProcessorExecutor-QBFT-0","class":"TimestampBoundedByFutureParameter","message":"Invalid block header: timestamp 1752212171 is greater than the timestamp margin 1752212170","throwable":""}
{"timestamp":"2025-07-11T05:36:09,493","container":"ab3305442036","level":"INFO","thread":"BftProcessorExecutor-QBFT-0","class":"MainnetBlockValidator","message":"Invalid block 35 (0x18d398b57920b846f0112729e528bcd4b01571d22ca4f4e55807b763b8e7e7ff): Optional[header validation rule violated, see logs]","throwable":""}
{"timestamp":"2025-07-11T05:36:09,494","container":"ab3305442036","level":"INFO","thread":"BftProcessorExecutor-QBFT-0","class":"ProposalPayloadValidator","message":"Invalid Proposal Payload: block did not pass validation. Reason Optional[header validation rule violated, see logs]","throwable":""}
{"timestamp":"2025-07-11T05:36:09,494","container":"ab3305442036","level":"INFO","thread":"BftProcessorExecutor-QBFT-0","class":"ProposalValidator","message":"Invalid Proposal Payload: invalid proposal payload in proposal message","throwable":""}
{"timestamp":"2025-07-11T05:36:09,495","container":"ab3305442036","level":"INFO","thread":"BftProcessorExecutor-QBFT-0","class":"QbftBlockHeightManager","message":"Received future Proposal which is illegal, no round change triggered.","throwable":""}
{"timestamp":"2025-07-11T05:36:09,529","container":"ab3305442036","level":"INFO","thread":"EthScheduler-Workers-0","class":"TimestampBoundedByFutureParameter","message":"Invalid block header: timestamp 1752212171 is greater than the timestamp margin 1752212170","throwable":""}
{"timestamp":"2025-07-11T05:36:09,530","container":"ab3305442036","level":"WARN","thread":"EthScheduler-Workers-0","class":"BlockPropagationManager","message":"Added to bad block manager for invalid header, failed to import announced block 35 (0x18d398b57920b846f0112729e528bcd4b01571d22ca4f4e55807b763b8e7e7ff)","throwable":""}
{"timestamp":"2025-07-11T05:36:09,532","container":"ab3305442036","level":"INFO","thread":"EthScheduler-Workers-0","class":"TimestampBoundedByFutureParameter","message":"Invalid block header: timestamp 1752212171 is greater than the timestamp margin 1752212170","throwable":""}
{"timestamp":"2025-07-11T05:36:09,532","container":"ab3305442036","level":"WARN","thread":"EthScheduler-Workers-0","class":"BlockPropagationManager","message":"Added to bad block manager for invalid header, failed to import announced block 35 (0x18d398b57920b846f0112729e528bcd4b01571d22ca4f4e55807b763b8e7e7ff)","throwable":""}
{"timestamp":"2025-07-11T05:36:28,909","container":"ab3305442036","level":"INFO","thread":"BftProcessorExecutor-QBFT-0","class":"TimestampBoundedByFutureParameter","message":"Invalid block header: timestamp 1752212190 is greater than the timestamp margin 1752212189","throwable":""}
{"timestamp":"2025-07-11T05:36:28,910","container":"ab3305442036","level":"INFO","thread":"BftProcessorExecutor-QBFT-0","class":"MainnetBlockValidator","message":"Invalid block 36 (0x30f1ce03c0bfab431f77fc44e2b1d059dc26aa6160ddb872229c8e08aeb2a1ae): Optional[header validation rule violated, see logs]","throwable":""}
{"timestamp":"2025-07-11T05:36:28,910","container":"ab3305442036","level":"INFO","thread":"BftProcessorExecutor-QBFT-0","class":"ProposalPayloadValidator","message":"Invalid Proposal Payload: block did not pass validation. Reason Optional[header validation rule violated, see logs]","throwable":""}
{"timestamp":"2025-07-11T05:36:28,911","container":"ab3305442036","level":"INFO","thread":"BftProcessorExecutor-QBFT-0","class":"ProposalValidator","message":"Invalid Proposal Payload: invalid proposal payload in proposal message","throwable":""}
{"timestamp":"2025-07-11T05:36:28,936","container":"ab3305442036","level":"INFO","thread":"EthScheduler-Workers-0","class":"TimestampBoundedByFutureParameter","message":"Invalid block header: timestamp 1752212190 is greater than the timestamp margin 1752212189","throwable":""}
{"timestamp":"2025-07-11T05:36:28,938","container":"ab3305442036","level":"WARN","thread":"EthScheduler-Workers-0","class":"BlockPropagationManager","message":"Added to bad block manager for invalid header, failed to import announced block 36 (0x30f1ce03c0bfab431f77fc44e2b1d059dc26aa6160ddb872229c8e08aeb2a1ae)","throwable":""}
{"timestamp":"2025-07-11T05:36:28,943","container":"ab3305442036","level":"INFO","thread":"EthScheduler-Workers-0","class":"TimestampBoundedByFutureParameter","message":"Invalid block header: timestamp 1752212190 is greater than the timestamp margin 1752212189","throwable":""}
{"timestamp":"2025-07-11T05:36:28,943","container":"ab3305442036","level":"WARN","thread":"EthScheduler-Workers-0","class":"BlockPropagationManager","message":"Added to bad block manager for invalid header, failed to import announced block 36 (0x30f1ce03c0bfab431f77fc44e2b1d059dc26aa6160ddb872229c8e08aeb2a1ae)","throwable":""}
{"timestamp":"2025-07-11T05:36:38,959","container":"ab3305442036","level":"INFO","thread":"BftProcessorExecutor-QBFT-0","class":"QbftBesuControllerBuilder","message":"Imported #37 / 0 tx / 0 pending / 0 (0.0%) gas / (0x2a7bceeb322d6b91abe1639f0c94015396ecf798fe7848ae44e5b912126de78f)","throwable":""}
{"timestamp":"2025-07-11T05:36:44,509","container":"ab3305442036","level":"INFO","thread":"BftProcessorExecutor-QBFT-0","class":"TimestampBoundedByFutureParameter","message":"Invalid block header: timestamp 1752212206 is greater than the timestamp margin 1752212205","throwable":""}
{"timestamp":"2025-07-11T05:36:44,510","container":"ab3305442036","level":"INFO","thread":"BftProcessorExecutor-QBFT-0","class":"MainnetBlockValidator","message":"Invalid block 38 (0x4247a3f3d336deb8c18952384c6a7c078c2d2b7cb0098ee4cced5e7e44d6d1e3): Optional[header validation rule violated, see logs]","throwable":""}
{"timestamp":"2025-07-11T05:36:44,510","container":"ab3305442036","level":"INFO","thread":"BftProcessorExecutor-QBFT-0","class":"ProposalPayloadValidator","message":"Invalid Proposal Payload: block did not pass validation. Reason Optional[header validation rule violated, see logs]","throwable":""}
{"timestamp":"2025-07-11T05:36:44,511","container":"ab3305442036","level":"INFO","thread":"BftProcessorExecutor-QBFT-0","class":"ProposalValidator","message":"Invalid Proposal Payload: invalid proposal payload in proposal message","throwable":""}
{"timestamp":"2025-07-11T05:36:44,511","container":"ab3305442036","level":"INFO","thread":"BftProcessorExecutor-QBFT-0","class":"QbftBlockHeightManager","message":"Received future Proposal which is illegal, no round change triggered.","throwable":""}
{"timestamp":"2025-07-11T05:36:44,542","container":"ab3305442036","level":"INFO","thread":"EthScheduler-Workers-0","class":"TimestampBoundedByFutureParameter","message":"Invalid block header: timestamp 1752212206 is greater than the timestamp margin 1752212205","throwable":""}
{"timestamp":"2025-07-11T05:36:44,543","container":"ab3305442036","level":"WARN","thread":"EthScheduler-Workers-0","class":"BlockPropagationManager","message":"Added to bad block manager for invalid header, failed to import announced block 38 (0x4247a3f3d336deb8c18952384c6a7c078c2d2b7cb0098ee4cced5e7e44d6d1e3)","throwable":""}
{"timestamp":"2025-07-11T05:36:44,547","container":"ab3305442036","level":"INFO","thread":"EthScheduler-Workers-0","class":"TimestampBoundedByFutureParameter","message":"Invalid block header: timestamp 1752212206 is greater than the timestamp margin 1752212205","throwable":""}
{"timestamp":"2025-07-11T05:36:44,549","container":"ab3305442036","level":"WARN","thread":"EthScheduler-Workers-0","class":"BlockPropagationManager","message":"Added to bad block manager for invalid header, failed to import announced block 38 (0x4247a3f3d336deb8c18952384c6a7c078c2d2b7cb0098ee4cced5e7e44d6d1e3)","throwable":""}
{"timestamp":"2025-07-11T05:37:03,965","container":"ab3305442036","level":"INFO","thread":"BftProcessorExecutor-QBFT-0","class":"TimestampBoundedByFutureParameter","message":"Invalid block header: timestamp 1752212225 is greater than the timestamp margin 1752212224","throwable":""}
{"timestamp":"2025-07-11T05:37:03,966","container":"ab3305442036","level":"INFO","thread":"BftProcessorExecutor-QBFT-0","class":"MainnetBlockValidator","message":"Invalid block 39 (0xea7f054193c30086d65fdbd34b292aa5abf910fc6782cd9f166341e2d6c77637): Optional[header validation rule violated, see logs]","throwable":""}
{"timestamp":"2025-07-11T05:37:03,967","container":"ab3305442036","level":"INFO","thread":"BftProcessorExecutor-QBFT-0","class":"ProposalPayloadValidator","message":"Invalid Proposal Payload: block did not pass validation. Reason Optional[header validation rule violated, see logs]","throwable":""}
{"timestamp":"2025-07-11T05:37:03,967","container":"ab3305442036","level":"INFO","thread":"BftProcessorExecutor-QBFT-0","class":"ProposalValidator","message":"Invalid Proposal Payload: invalid proposal payload in proposal message","throwable":""}
{"timestamp":"2025-07-11T05:37:04,015","container":"ab3305442036","level":"INFO","thread":"EthScheduler-Workers-0","class":"PersistBlockTask","message":"Imported #39 / 0 tx / 0 om / 0 (0.0%) gas / (0xea7f054193c30086d65fdbd34b292aa5abf910fc6782cd9f166341e2d6c77637) in 0.011s. Peers: 3","throwable":""}
{"timestamp":"2025-07-11T05:37:11,525","container":"ab3305442036","level":"INFO","thread":"BftProcessorExecutor-QBFT-0","class":"TimestampBoundedByFutureParameter","message":"Invalid block header: timestamp 1752212233 is greater than the timestamp margin 1752212232","throwable":""}
{"timestamp":"2025-07-11T05:37:11,526","container":"ab3305442036","level":"INFO","thread":"BftProcessorExecutor-QBFT-0","class":"MainnetBlockValidator","message":"Invalid block 40 (0x51eafdefa0ca8646fa14a6844385ca06fe236f89625896f8aa14e6f0931a3358): Optional[header validation rule violated, see logs]","throwable":""}
{"timestamp":"2025-07-11T05:37:11,527","container":"ab3305442036","level":"INFO","thread":"BftProcessorExecutor-QBFT-0","class":"ProposalPayloadValidator","message":"Invalid Proposal Payload: block did not pass validation. Reason Optional[header validation rule violated, see logs]","throwable":""}
{"timestamp":"2025-07-11T05:37:11,527","container":"ab3305442036","level":"INFO","thread":"BftProcessorExecutor-QBFT-0","class":"ProposalValidator","message":"Invalid Proposal Payload: invalid proposal payload in proposal message","throwable":""}
{"timestamp":"2025-07-11T05:37:11,527","container":"ab3305442036","level":"INFO","thread":"BftProcessorExecutor-QBFT-0","class":"QbftBlockHeightManager","message":"Received future Proposal which is illegal, no round change triggered.","throwable":""}
{"timestamp":"2025-07-11T05:37:11,553","container":"ab3305442036","level":"INFO","thread":"EthScheduler-Workers-0","class":"TimestampBoundedByFutureParameter","message":"Invalid block header: timestamp 1752212233 is greater than the timestamp margin 1752212232","throwable":""}
{"timestamp":"2025-07-11T05:37:11,554","container":"ab3305442036","level":"WARN","thread":"EthScheduler-Workers-0","class":"BlockPropagationManager","message":"Added to bad block manager for invalid header, failed to import announced block 40 (0x51eafdefa0ca8646fa14a6844385ca06fe236f89625896f8aa14e6f0931a3358)","throwable":""}
{"timestamp":"2025-07-11T05:37:11,563","container":"ab3305442036","level":"INFO","thread":"EthScheduler-Workers-0","class":"TimestampBoundedByFutureParameter","message":"Invalid block header: timestamp 1752212233 is greater than the timestamp margin 1752212232","throwable":""}
{"timestamp":"2025-07-11T05:37:11,563","container":"ab3305442036","level":"WARN","thread":"EthScheduler-Workers-0","class":"BlockPropagationManager","message":"Added to bad block manager for invalid header, failed to import announced block 40 (0x51eafdefa0ca8646fa14a6844385ca06fe236f89625896f8aa14e6f0931a3358)","throwable":""}
{"timestamp":"2025-07-11T05:37:23,993","container":"ab3305442036","level":"INFO","thread":"BftProcessorExecutor-QBFT-0","class":"QbftBesuControllerBuilder","message":"Imported #41 / 0 tx / 0 pending / 0 (0.0%) gas / (0x4c170346a568470f8aa94672f57617cf5c305400c57b4bd1f40141c7013e3eb7)","throwable":""}
{"timestamp":"2025-07-11T05:37:29,072","container":"ab3305442036","level":"INFO","thread":"BftProcessorExecutor-QBFT-0","class":"QbftBesuControllerBuilder","message":"Produced #42 / 0 tx / 0 pending / 0 (0.0%) gas / (0xfece5f75b23de189875bd2364af73fb3a32442d2e11d8558e90c0ad2888f12b7)","throwable":""}
{"timestamp":"2025-07-11T05:37:35,537","container":"ab3305442036","level":"INFO","thread":"BftProcessorExecutor-QBFT-0","class":"TimestampBoundedByFutureParameter","message":"Invalid block header: timestamp 1752212257 is greater than the timestamp margin 1752212256","throwable":""}
{"timestamp":"2025-07-11T05:37:35,538","container":"ab3305442036","level":"INFO","thread":"BftProcessorExecutor-QBFT-0","class":"MainnetBlockValidator","message":"Invalid block 43 (0xa082e8d913ae75f6a649977fe852ef8f136ee74ac587bce273bc3ed5af55ae8c): Optional[header validation rule violated, see logs]","throwable":""}
{"timestamp":"2025-07-11T05:37:35,538","container":"ab3305442036","level":"INFO","thread":"BftProcessorExecutor-QBFT-0","class":"ProposalPayloadValidator","message":"Invalid Proposal Payload: block did not pass validation. Reason Optional[header validation rule violated, see logs]","throwable":""}
{"timestamp":"2025-07-11T05:37:35,538","container":"ab3305442036","level":"INFO","thread":"BftProcessorExecutor-QBFT-0","class":"ProposalValidator","message":"Invalid Proposal Payload: invalid proposal payload in proposal message","throwable":""}
{"timestamp":"2025-07-11T05:37:35,538","container":"ab3305442036","level":"INFO","thread":"BftProcessorExecutor-QBFT-0","class":"QbftBlockHeightManager","message":"Received future Proposal which is illegal, no round change triggered.","throwable":""}
{"timestamp":"2025-07-11T05:37:35,569","container":"ab3305442036","level":"INFO","thread":"EthScheduler-Workers-0","class":"TimestampBoundedByFutureParameter","message":"Invalid block header: timestamp 1752212257 is greater than the timestamp margin 1752212256","throwable":""}
{"timestamp":"2025-07-11T05:37:35,569","container":"ab3305442036","level":"WARN","thread":"EthScheduler-Workers-0","class":"BlockPropagationManager","message":"Added to bad block manager for invalid header, failed to import announced block 43 (0xa082e8d913ae75f6a649977fe852ef8f136ee74ac587bce273bc3ed5af55ae8c)","throwable":""}
{"timestamp":"2025-07-11T05:37:43,981","container":"ab3305442036","level":"INFO","thread":"BftProcessorExecutor-QBFT-0","class":"TimestampBoundedByFutureParameter","message":"Invalid block header: timestamp 1752212265 is greater than the timestamp margin 1752212264","throwable":""}
{"timestamp":"2025-07-11T05:37:43,981","container":"ab3305442036","level":"INFO","thread":"BftProcessorExecutor-QBFT-0","class":"MainnetBlockValidator","message":"Invalid block 44 (0xb2cc87fc03039100c63627017bfab8653d2f8bcf06b1497bb0187a626cab4e9f): Optional[header validation rule violated, see logs]","throwable":""}
{"timestamp":"2025-07-11T05:37:43,982","container":"ab3305442036","level":"INFO","thread":"BftProcessorExecutor-QBFT-0","class":"ProposalPayloadValidator","message":"Invalid Proposal Payload: block did not pass validation. Reason Optional[header validation rule violated, see logs]","throwable":""}
{"timestamp":"2025-07-11T05:37:43,982","container":"ab3305442036","level":"INFO","thread":"BftProcessorExecutor-QBFT-0","class":"ProposalValidator","message":"Invalid Proposal Payload: invalid proposal payload in proposal message","throwable":""}
{"timestamp":"2025-07-11T05:37:43,982","container":"ab3305442036","level":"INFO","thread":"BftProcessorExecutor-QBFT-0","class":"QbftBlockHeightManager","message":"Received future Proposal which is illegal, no round change triggered.","throwable":""}
{"timestamp":"2025-07-11T05:37:44,016","container":"ab3305442036","level":"INFO","thread":"EthScheduler-Workers-0","class":"PersistBlockTask","message":"Imported #44 / 0 tx / 0 om / 0 (0.0%) gas / (0xb2cc87fc03039100c63627017bfab8653d2f8bcf06b1497bb0187a626cab4e9f) in 0.003s. Peers: 3","throwable":""}
{"timestamp":"2025-07-11T05:37:51,550","container":"ab3305442036","level":"INFO","thread":"BftProcessorExecutor-QBFT-0","class":"TimestampBoundedByFutureParameter","message":"Invalid block header: timestamp 1752212273 is greater than the timestamp margin 1752212272","throwable":""}
{"timestamp":"2025-07-11T05:37:51,551","container":"ab3305442036","level":"INFO","thread":"BftProcessorExecutor-QBFT-0","class":"MainnetBlockValidator","message":"Invalid block 45 (0x780146e03c12e17b0cf3399966245b6516b52b06cf0b38cfaa0c9f8c17326fa6): Optional[header validation rule violated, see logs]","throwable":""}
{"timestamp":"2025-07-11T05:37:51,551","container":"ab3305442036","level":"INFO","thread":"BftProcessorExecutor-QBFT-0","class":"ProposalPayloadValidator","message":"Invalid Proposal Payload: block did not pass validation. Reason Optional[header validation rule violated, see logs]","throwable":""}
{"timestamp":"2025-07-11T05:37:51,551","container":"ab3305442036","level":"INFO","thread":"BftProcessorExecutor-QBFT-0","class":"ProposalValidator","message":"Invalid Proposal Payload: invalid proposal payload in proposal message","throwable":""}
{"timestamp":"2025-07-11T05:37:51,552","container":"ab3305442036","level":"INFO","thread":"BftProcessorExecutor-QBFT-0","class":"QbftBlockHeightManager","message":"Received future Proposal which is illegal, no round change triggered.","throwable":""}
{"timestamp":"2025-07-11T05:37:51,577","container":"ab3305442036","level":"INFO","thread":"EthScheduler-Workers-0","class":"TimestampBoundedByFutureParameter","message":"Invalid block header: timestamp 1752212273 is greater than the timestamp margin 1752212272","throwable":""}
{"timestamp":"2025-07-11T05:37:51,577","container":"ab3305442036","level":"WARN","thread":"EthScheduler-Workers-0","class":"BlockPropagationManager","message":"Added to bad block manager for invalid header, failed to import announced block 45 (0x780146e03c12e17b0cf3399966245b6516b52b06cf0b38cfaa0c9f8c17326fa6)","throwable":""}
{"timestamp":"2025-07-11T05:37:51,578","container":"ab3305442036","level":"INFO","thread":"EthScheduler-Workers-0","class":"TimestampBoundedByFutureParameter","message":"Invalid block header: timestamp 1752212273 is greater than the timestamp margin 1752212272","throwable":""}
{"timestamp":"2025-07-11T05:37:51,579","container":"ab3305442036","level":"WARN","thread":"EthScheduler-Workers-0","class":"BlockPropagationManager","message":"Added to bad block manager for invalid header, failed to import announced block 45 (0x780146e03c12e17b0cf3399966245b6516b52b06cf0b38cfaa0c9f8c17326fa6)","throwable":""}
{"timestamp":"2025-07-11T05:37:51,580","container":"ab3305442036","level":"INFO","thread":"EthScheduler-Workers-0","class":"TimestampBoundedByFutureParameter","message":"Invalid block header: timestamp 1752212273 is greater than the timestamp margin 1752212272","throwable":""}
{"timestamp":"2025-07-11T05:37:51,580","container":"ab3305442036","level":"WARN","thread":"EthScheduler-Workers-0","class":"BlockPropagationManager","message":"Added to bad block manager for invalid header, failed to import announced block 45 (0x780146e03c12e17b0cf3399966245b6516b52b06cf0b38cfaa0c9f8c17326fa6)","throwable":""}
{"timestamp":"2025-07-11T05:38:14,060","container":"ab3305442036","level":"INFO","thread":"BftProcessorExecutor-QBFT-0","class":"QbftRound","message":"Importing proposed block to chain. round=ConsensusRoundIdentifier{Sequence=46, Round=1}, hash=0x642faa23960ced815fc26dfe2f46ce33ff739e2480f460ba0a62984758e3a80b","throwable":""}
{"timestamp":"2025-07-11T05:38:14,072","container":"ab3305442036","level":"INFO","thread":"BftProcessorExecutor-QBFT-0","class":"QbftBesuControllerBuilder","message":"Imported #46 / 0 tx / 0 pending / 0 (0.0%) gas / (0x642faa23960ced815fc26dfe2f46ce33ff739e2480f460ba0a62984758e3a80b)","throwable":""}
{"timestamp":"2025-07-11T05:38:21,558","container":"ab3305442036","level":"INFO","thread":"BftProcessorExecutor-QBFT-0","class":"TimestampBoundedByFutureParameter","message":"Invalid block header: timestamp 1752212303 is greater than the timestamp margin 1752212302","throwable":""}
{"timestamp":"2025-07-11T05:38:21,559","container":"ab3305442036","level":"INFO","thread":"BftProcessorExecutor-QBFT-0","class":"MainnetBlockValidator","message":"Invalid block 47 (0x9bcdd616ad62ae9a01a39a3f420f81d538d2ad6d0e810fad90fbb58908707159): Optional[header validation rule violated, see logs]","throwable":""}
{"timestamp":"2025-07-11T05:38:21,560","container":"ab3305442036","level":"INFO","thread":"BftProcessorExecutor-QBFT-0","class":"ProposalPayloadValidator","message":"Invalid Proposal Payload: block did not pass validation. Reason Optional[header validation rule violated, see logs]","throwable":""}
{"timestamp":"2025-07-11T05:38:21,560","container":"ab3305442036","level":"INFO","thread":"BftProcessorExecutor-QBFT-0","class":"ProposalValidator","message":"Invalid Proposal Payload: invalid proposal payload in proposal message","throwable":""}
{"timestamp":"2025-07-11T05:38:21,560","container":"ab3305442036","level":"INFO","thread":"BftProcessorExecutor-QBFT-0","class":"QbftBlockHeightManager","message":"Received future Proposal which is illegal, no round change triggered.","throwable":""}
{"timestamp":"2025-07-11T05:38:21,589","container":"ab3305442036","level":"INFO","thread":"EthScheduler-Workers-0","class":"TimestampBoundedByFutureParameter","message":"Invalid block header: timestamp 1752212303 is greater than the timestamp margin 1752212302","throwable":""}
{"timestamp":"2025-07-11T05:38:21,589","container":"ab3305442036","level":"WARN","thread":"EthScheduler-Workers-0","class":"BlockPropagationManager","message":"Added to bad block manager for invalid header, failed to import announced block 47 (0x9bcdd616ad62ae9a01a39a3f420f81d538d2ad6d0e810fad90fbb58908707159)","throwable":""}
{"timestamp":"2025-07-11T05:38:21,594","container":"ab3305442036","level":"INFO","thread":"EthScheduler-Workers-0","class":"TimestampBoundedByFutureParameter","message":"Invalid block header: timestamp 1752212303 is greater than the timestamp margin 1752212302","throwable":""}
{"timestamp":"2025-07-11T05:38:21,595","container":"ab3305442036","level":"WARN","thread":"EthScheduler-Workers-0","class":"BlockPropagationManager","message":"Added to bad block manager for invalid header, failed to import announced block 47 (0x9bcdd616ad62ae9a01a39a3f420f81d538d2ad6d0e810fad90fbb58908707159)","throwable":""}
{"timestamp":"2025-07-11T05:38:34,091","container":"ab3305442036","level":"INFO","thread":"BftProcessorExecutor-QBFT-0","class":"QbftBesuControllerBuilder","message":"Imported #48 / 0 tx / 0 pending / 0 (0.0%) gas / (0x9e5b5de2f099d90fbdbc2ef3e6c3679acb7533a9d70d07999d2a45a1965c356d)","throwable":""}
{"timestamp":"2025-07-11T05:38:39,046","container":"ab3305442036","level":"INFO","thread":"BftProcessorExecutor-QBFT-0","class":"QbftBesuControllerBuilder","message":"Produced #49 / 0 tx / 0 pending / 0 (0.0%) gas / (0xb47b90ecc8bc8e2ef6f34710b566f6f6995e70e7dd836c07d71c9cf0dcd3bd39)","throwable":""}
{"timestamp":"2025-07-11T05:38:45,571","container":"ab3305442036","level":"INFO","thread":"BftProcessorExecutor-QBFT-0","class":"TimestampBoundedByFutureParameter","message":"Invalid block header: timestamp 1752212327 is greater than the timestamp margin 1752212326","throwable":""}
{"timestamp":"2025-07-11T05:38:45,572","container":"ab3305442036","level":"INFO","thread":"BftProcessorExecutor-QBFT-0","class":"MainnetBlockValidator","message":"Invalid block 50 (0x9685a43feb92e65cc7f7027c3794aefb7b61839d5e2ecbd43e3969faf32c7d3f): Optional[header validation rule violated, see logs]","throwable":""}
{"timestamp":"2025-07-11T05:38:45,572","container":"ab3305442036","level":"INFO","thread":"BftProcessorExecutor-QBFT-0","class":"ProposalPayloadValidator","message":"Invalid Proposal Payload: block did not pass validation. Reason Optional[header validation rule violated, see logs]","throwable":""}
{"timestamp":"2025-07-11T05:38:45,573","container":"ab3305442036","level":"INFO","thread":"BftProcessorExecutor-QBFT-0","class":"ProposalValidator","message":"Invalid Proposal Payload: invalid proposal payload in proposal message","throwable":""}
{"timestamp":"2025-07-11T05:38:45,573","container":"ab3305442036","level":"INFO","thread":"BftProcessorExecutor-QBFT-0","class":"QbftBlockHeightManager","message":"Received future Proposal which is illegal, no round change triggered.","throwable":""}
{"timestamp":"2025-07-11T05:38:45,600","container":"ab3305442036","level":"INFO","thread":"EthScheduler-Workers-0","class":"TimestampBoundedByFutureParameter","message":"Invalid block header: timestamp 1752212327 is greater than the timestamp margin 1752212326","throwable":""}
{"timestamp":"2025-07-11T05:38:45,601","container":"ab3305442036","level":"WARN","thread":"EthScheduler-Workers-0","class":"BlockPropagationManager","message":"Added to bad block manager for invalid header, failed to import announced block 50 (0x9685a43feb92e65cc7f7027c3794aefb7b61839d5e2ecbd43e3969faf32c7d3f)","throwable":""}
{"timestamp":"2025-07-11T05:38:54,106","container":"ab3305442036","level":"INFO","thread":"BftProcessorExecutor-QBFT-0","class":"QbftBesuControllerBuilder","message":"Imported #51 / 0 tx / 0 pending / 0 (0.0%) gas / (0x4e7b23ab1a6074baa3f5bb63ef9828695413daa72e40a5bb611eb2e8cbd3d73c)","throwable":""}
{"timestamp":"2025-07-11T05:39:01,579","container":"ab3305442036","level":"INFO","thread":"BftProcessorExecutor-QBFT-0","class":"TimestampBoundedByFutureParameter","message":"Invalid block header: timestamp 1752212343 is greater than the timestamp margin 1752212342","throwable":""}
{"timestamp":"2025-07-11T05:39:01,580","container":"ab3305442036","level":"INFO","thread":"BftProcessorExecutor-QBFT-0","class":"MainnetBlockValidator","message":"Invalid block 52 (0x51a79bd0b8a2c185a3f627e403f75dc50aa891e65aea021d60eb983c263b4e07): Optional[header validation rule violated, see logs]","throwable":""}
{"timestamp":"2025-07-11T05:39:01,580","container":"ab3305442036","level":"INFO","thread":"BftProcessorExecutor-QBFT-0","class":"ProposalPayloadValidator","message":"Invalid Proposal Payload: block did not pass validation. Reason Optional[header validation rule violated, see logs]","throwable":""}
{"timestamp":"2025-07-11T05:39:01,580","container":"ab3305442036","level":"INFO","thread":"BftProcessorExecutor-QBFT-0","class":"ProposalValidator","message":"Invalid Proposal Payload: invalid proposal payload in proposal message","throwable":""}
{"timestamp":"2025-07-11T05:39:01,581","container":"ab3305442036","level":"INFO","thread":"BftProcessorExecutor-QBFT-0","class":"QbftBlockHeightManager","message":"Received future Proposal which is illegal, no round change triggered.","throwable":""}
{"timestamp":"2025-07-11T05:39:01,604","container":"ab3305442036","level":"INFO","thread":"EthScheduler-Workers-0","class":"TimestampBoundedByFutureParameter","message":"Invalid block header: timestamp 1752212343 is greater than the timestamp margin 1752212342","throwable":""}
{"timestamp":"2025-07-11T05:39:01,605","container":"ab3305442036","level":"WARN","thread":"EthScheduler-Workers-0","class":"BlockPropagationManager","message":"Added to bad block manager for invalid header, failed to import announced block 52 (0x51a79bd0b8a2c185a3f627e403f75dc50aa891e65aea021d60eb983c263b4e07)","throwable":""}
{"timestamp":"2025-07-11T05:39:01,606","container":"ab3305442036","level":"INFO","thread":"EthScheduler-Workers-0","class":"TimestampBoundedByFutureParameter","message":"Invalid block header: timestamp 1752212343 is greater than the timestamp margin 1752212342","throwable":""}
{"timestamp":"2025-07-11T05:39:01,610","container":"ab3305442036","level":"WARN","thread":"EthScheduler-Workers-0","class":"BlockPropagationManager","message":"Added to bad block manager for invalid header, failed to import announced block 52 (0x51a79bd0b8a2c185a3f627e403f75dc50aa891e65aea021d60eb983c263b4e07)","throwable":""}
{"timestamp":"2025-07-11T05:39:01,611","container":"ab3305442036","level":"INFO","thread":"EthScheduler-Workers-0","class":"TimestampBoundedByFutureParameter","message":"Invalid block header: timestamp 1752212343 is greater than the timestamp margin 1752212342","throwable":""}
{"timestamp":"2025-07-11T05:39:01,612","container":"ab3305442036","level":"WARN","thread":"EthScheduler-Workers-0","class":"BlockPropagationManager","message":"Added to bad block manager for invalid header, failed to import announced block 52 (0x51a79bd0b8a2c185a3f627e403f75dc50aa891e65aea021d60eb983c263b4e07)","throwable":""}
{"timestamp":"2025-07-11T05:39:24,165","container":"ab3305442036","level":"INFO","thread":"BftProcessorExecutor-QBFT-0","class":"QbftRound","message":"Importing proposed block to chain. round=ConsensusRoundIdentifier{Sequence=53, Round=1}, hash=0x3937d3c5c826d11c16df2e84a9196cc6ed64d7b814ad4be4694ec9da34cb57e4","throwable":""}
{"timestamp":"2025-07-11T05:39:24,176","container":"ab3305442036","level":"INFO","thread":"BftProcessorExecutor-QBFT-0","class":"QbftBesuControllerBuilder","message":"Imported #53 / 0 tx / 0 pending / 0 (0.0%) gas / (0x3937d3c5c826d11c16df2e84a9196cc6ed64d7b814ad4be4694ec9da34cb57e4)","throwable":""}
{"timestamp":"2025-07-11T05:39:31,594","container":"ab3305442036","level":"INFO","thread":"BftProcessorExecutor-QBFT-0","class":"TimestampBoundedByFutureParameter","message":"Invalid block header: timestamp 1752212373 is greater than the timestamp margin 1752212372","throwable":""}
{"timestamp":"2025-07-11T05:39:31,594","container":"ab3305442036","level":"INFO","thread":"BftProcessorExecutor-QBFT-0","class":"MainnetBlockValidator","message":"Invalid block 54 (0x87937db97dc51f79f8bbd0fe04581b918a31567dfa251fd68e2b31108231a313): Optional[header validation rule violated, see logs]","throwable":""}
{"timestamp":"2025-07-11T05:39:31,595","container":"ab3305442036","level":"INFO","thread":"BftProcessorExecutor-QBFT-0","class":"ProposalPayloadValidator","message":"Invalid Proposal Payload: block did not pass validation. Reason Optional[header validation rule violated, see logs]","throwable":""}
{"timestamp":"2025-07-11T05:39:31,595","container":"ab3305442036","level":"INFO","thread":"BftProcessorExecutor-QBFT-0","class":"ProposalValidator","message":"Invalid Proposal Payload: invalid proposal payload in proposal message","throwable":""}
{"timestamp":"2025-07-11T05:39:31,595","container":"ab3305442036","level":"INFO","thread":"BftProcessorExecutor-QBFT-0","class":"QbftBlockHeightManager","message":"Received future Proposal which is illegal, no round change triggered.","throwable":""}
{"timestamp":"2025-07-11T05:39:31,618","container":"ab3305442036","level":"INFO","thread":"EthScheduler-Workers-0","class":"TimestampBoundedByFutureParameter","message":"Invalid block header: timestamp 1752212373 is greater than the timestamp margin 1752212372","throwable":""}
{"timestamp":"2025-07-11T05:39:31,619","container":"ab3305442036","level":"WARN","thread":"EthScheduler-Workers-0","class":"BlockPropagationManager","message":"Added to bad block manager for invalid header, failed to import announced block 54 (0x87937db97dc51f79f8bbd0fe04581b918a31567dfa251fd68e2b31108231a313)","throwable":""}
{"timestamp":"2025-07-11T05:39:31,623","container":"ab3305442036","level":"INFO","thread":"EthScheduler-Workers-0","class":"TimestampBoundedByFutureParameter","message":"Invalid block header: timestamp 1752212373 is greater than the timestamp margin 1752212372","throwable":""}
{"timestamp":"2025-07-11T05:39:31,624","container":"ab3305442036","level":"WARN","thread":"EthScheduler-Workers-0","class":"BlockPropagationManager","message":"Added to bad block manager for invalid header, failed to import announced block 54 (0x87937db97dc51f79f8bbd0fe04581b918a31567dfa251fd68e2b31108231a313)","throwable":""}
{"timestamp":"2025-07-11T05:39:31,624","container":"ab3305442036","level":"INFO","thread":"EthScheduler-Workers-0","class":"TimestampBoundedByFutureParameter","message":"Invalid block header: timestamp 1752212373 is greater than the timestamp margin 1752212372","throwable":""}
{"timestamp":"2025-07-11T05:39:31,625","container":"ab3305442036","level":"WARN","thread":"EthScheduler-Workers-0","class":"BlockPropagationManager","message":"Added to bad block manager for invalid header, failed to import announced block 54 (0x87937db97dc51f79f8bbd0fe04581b918a31567dfa251fd68e2b31108231a313)","throwable":""}
{"timestamp":"2025-07-11T05:39:44,202","container":"ab3305442036","level":"INFO","thread":"BftProcessorExecutor-QBFT-0","class":"QbftBesuControllerBuilder","message":"Imported #55 / 0 tx / 0 pending / 0 (0.0%) gas / (0xe831d775c63af7bc03a3fc6c24dc45921eb2ed4590f63dc001a4a053a9c44674)","throwable":""}
{"timestamp":"2025-07-11T05:39:49,047","container":"ab3305442036","level":"INFO","thread":"BftProcessorExecutor-QBFT-0","class":"QbftBesuControllerBuilder","message":"Produced #56 / 0 tx / 0 pending / 0 (0.0%) gas / (0x53c75bf4f2e3914b38e3ba161e4e3aef2026e781175b92aad67bba128b4815ca)","throwable":""}
{"timestamp":"2025-07-11T05:39:55,605","container":"ab3305442036","level":"INFO","thread":"BftProcessorExecutor-QBFT-0","class":"TimestampBoundedByFutureParameter","message":"Invalid block header: timestamp 1752212397 is greater than the timestamp margin 1752212396","throwable":""}
{"timestamp":"2025-07-11T05:39:55,606","container":"ab3305442036","level":"INFO","thread":"BftProcessorExecutor-QBFT-0","class":"MainnetBlockValidator","message":"Invalid block 57 (0xc963d9dd6f35e76542ba6fff1e4dbd909f8254fb66bf5bf1fe119b48a6f7cde7): Optional[header validation rule violated, see logs]","throwable":""}
{"timestamp":"2025-07-11T05:39:55,607","container":"ab3305442036","level":"INFO","thread":"BftProcessorExecutor-QBFT-0","class":"ProposalPayloadValidator","message":"Invalid Proposal Payload: block did not pass validation. Reason Optional[header validation rule violated, see logs]","throwable":""}
{"timestamp":"2025-07-11T05:39:55,607","container":"ab3305442036","level":"INFO","thread":"BftProcessorExecutor-QBFT-0","class":"ProposalValidator","message":"Invalid Proposal Payload: invalid proposal payload in proposal message","throwable":""}
{"timestamp":"2025-07-11T05:39:55,608","container":"ab3305442036","level":"INFO","thread":"BftProcessorExecutor-QBFT-0","class":"QbftBlockHeightManager","message":"Received future Proposal which is illegal, no round change triggered.","throwable":""}
{"timestamp":"2025-07-11T05:39:55,643","container":"ab3305442036","level":"INFO","thread":"EthScheduler-Workers-0","class":"TimestampBoundedByFutureParameter","message":"Invalid block header: timestamp 1752212397 is greater than the timestamp margin 1752212396","throwable":""}
{"timestamp":"2025-07-11T05:39:55,645","container":"ab3305442036","level":"WARN","thread":"EthScheduler-Workers-0","class":"BlockPropagationManager","message":"Added to bad block manager for invalid header, failed to import announced block 57 (0xc963d9dd6f35e76542ba6fff1e4dbd909f8254fb66bf5bf1fe119b48a6f7cde7)","throwable":""}
{"timestamp":"2025-07-11T05:39:55,646","container":"ab3305442036","level":"INFO","thread":"EthScheduler-Workers-0","class":"TimestampBoundedByFutureParameter","message":"Invalid block header: timestamp 1752212397 is greater than the timestamp margin 1752212396","throwable":""}
{"timestamp":"2025-07-11T05:39:55,646","container":"ab3305442036","level":"WARN","thread":"EthScheduler-Workers-0","class":"BlockPropagationManager","message":"Added to bad block manager for invalid header, failed to import announced block 57 (0xc963d9dd6f35e76542ba6fff1e4dbd909f8254fb66bf5bf1fe119b48a6f7cde7)","throwable":""}
{"timestamp":"2025-07-11T05:40:04,247","container":"ab3305442036","level":"INFO","thread":"BftProcessorExecutor-QBFT-0","class":"QbftBesuControllerBuilder","message":"Imported #58 / 0 tx / 0 pending / 0 (0.0%) gas / (0xf1d2a3cae36ca187012de5e8d3eb24c23fbf2b7b11d3483e10a50a1fc07dfc12)","throwable":""}
{"timestamp":"2025-07-11T05:40:11,614","container":"ab3305442036","level":"INFO","thread":"BftProcessorExecutor-QBFT-0","class":"TimestampBoundedByFutureParameter","message":"Invalid block header: timestamp 1752212413 is greater than the timestamp margin 1752212412","throwable":""}
{"timestamp":"2025-07-11T05:40:11,615","container":"ab3305442036","level":"INFO","thread":"BftProcessorExecutor-QBFT-0","class":"MainnetBlockValidator","message":"Invalid block 59 (0x42981ae97cedc97b871b3ebb5bfd3223c9a7a51bb311a18b965099b5d865c32e): Optional[header validation rule violated, see logs]","throwable":""}
{"timestamp":"2025-07-11T05:40:11,615","container":"ab3305442036","level":"INFO","thread":"BftProcessorExecutor-QBFT-0","class":"ProposalPayloadValidator","message":"Invalid Proposal Payload: block did not pass validation. Reason Optional[header validation rule violated, see logs]","throwable":""}
{"timestamp":"2025-07-11T05:40:11,615","container":"ab3305442036","level":"INFO","thread":"BftProcessorExecutor-QBFT-0","class":"ProposalValidator","message":"Invalid Proposal Payload: invalid proposal payload in proposal message","throwable":""}
{"timestamp":"2025-07-11T05:40:11,615","container":"ab3305442036","level":"INFO","thread":"BftProcessorExecutor-QBFT-0","class":"QbftBlockHeightManager","message":"Received future Proposal which is illegal, no round change triggered.","throwable":""}
{"timestamp":"2025-07-11T05:40:11,641","container":"ab3305442036","level":"INFO","thread":"EthScheduler-Workers-0","class":"TimestampBoundedByFutureParameter","message":"Invalid block header: timestamp 1752212413 is greater than the timestamp margin 1752212412","throwable":""}
{"timestamp":"2025-07-11T05:40:11,641","container":"ab3305442036","level":"WARN","thread":"EthScheduler-Workers-0","class":"BlockPropagationManager","message":"Added to bad block manager for invalid header, failed to import announced block 59 (0x42981ae97cedc97b871b3ebb5bfd3223c9a7a51bb311a18b965099b5d865c32e)","throwable":""}
{"timestamp":"2025-07-11T05:40:11,643","container":"ab3305442036","level":"INFO","thread":"EthScheduler-Workers-0","class":"TimestampBoundedByFutureParameter","message":"Invalid block header: timestamp 1752212413 is greater than the timestamp margin 1752212412","throwable":""}
{"timestamp":"2025-07-11T05:40:11,644","container":"ab3305442036","level":"WARN","thread":"EthScheduler-Workers-0","class":"BlockPropagationManager","message":"Added to bad block manager for invalid header, failed to import announced block 59 (0x42981ae97cedc97b871b3ebb5bfd3223c9a7a51bb311a18b965099b5d865c32e)","throwable":""}
{"timestamp":"2025-07-11T05:40:11,644","container":"ab3305442036","level":"INFO","thread":"EthScheduler-Workers-0","class":"TimestampBoundedByFutureParameter","message":"Invalid block header: timestamp 1752212413 is greater than the timestamp margin 1752212412","throwable":""}
{"timestamp":"2025-07-11T05:40:11,645","container":"ab3305442036","level":"WARN","thread":"EthScheduler-Workers-0","class":"BlockPropagationManager","message":"Added to bad block manager for invalid header, failed to import announced block 59 (0x42981ae97cedc97b871b3ebb5bfd3223c9a7a51bb311a18b965099b5d865c32e)","throwable":""}
{"timestamp":"2025-07-11T05:40:34,297","container":"ab3305442036","level":"INFO","thread":"BftProcessorExecutor-QBFT-0","class":"QbftRound","message":"Importing proposed block to chain. round=ConsensusRoundIdentifier{Sequence=60, Round=1}, hash=0x9068a1abab0752808d15b2831e1f637fed17e0689214abedd572df4aaa62edb2","throwable":""}
{"timestamp":"2025-07-11T05:40:34,303","container":"ab3305442036","level":"INFO","thread":"BftProcessorExecutor-QBFT-0","class":"QbftBesuControllerBuilder","message":"Imported #60 / 0 tx / 0 pending / 0 (0.0%) gas / (0x9068a1abab0752808d15b2831e1f637fed17e0689214abedd572df4aaa62edb2)","throwable":""}
{"timestamp":"2025-07-11T05:40:41,628","container":"ab3305442036","level":"INFO","thread":"BftProcessorExecutor-QBFT-0","class":"TimestampBoundedByFutureParameter","message":"Invalid block header: timestamp 1752212443 is greater than the timestamp margin 1752212442","throwable":""}
{"timestamp":"2025-07-11T05:40:41,628","container":"ab3305442036","level":"INFO","thread":"BftProcessorExecutor-QBFT-0","class":"MainnetBlockValidator","message":"Invalid block 61 (0xa0e0a9c3684860732f9709a1b9519b4301d8eb4d4ffd0f8c796ab3c99ce703b2): Optional[header validation rule violated, see logs]","throwable":""}
{"timestamp":"2025-07-11T05:40:41,629","container":"ab3305442036","level":"INFO","thread":"BftProcessorExecutor-QBFT-0","class":"ProposalPayloadValidator","message":"Invalid Proposal Payload: block did not pass validation. Reason Optional[header validation rule violated, see logs]","throwable":""}
{"timestamp":"2025-07-11T05:40:41,629","container":"ab3305442036","level":"INFO","thread":"BftProcessorExecutor-QBFT-0","class":"ProposalValidator","message":"Invalid Proposal Payload: invalid proposal payload in proposal message","throwable":""}
{"timestamp":"2025-07-11T05:40:41,629","container":"ab3305442036","level":"INFO","thread":"BftProcessorExecutor-QBFT-0","class":"QbftBlockHeightManager","message":"Received future Proposal which is illegal, no round change triggered.","throwable":""}
{"timestamp":"2025-07-11T05:40:41,647","container":"ab3305442036","level":"INFO","thread":"EthScheduler-Workers-0","class":"TimestampBoundedByFutureParameter","message":"Invalid block header: timestamp 1752212443 is greater than the timestamp margin 1752212442","throwable":""}
{"timestamp":"2025-07-11T05:40:41,647","container":"ab3305442036","level":"WARN","thread":"EthScheduler-Workers-0","class":"BlockPropagationManager","message":"Added to bad block manager for invalid header, failed to import announced block 61 (0xa0e0a9c3684860732f9709a1b9519b4301d8eb4d4ffd0f8c796ab3c99ce703b2)","throwable":""}
{"timestamp":"2025-07-11T05:40:41,648","container":"ab3305442036","level":"INFO","thread":"EthScheduler-Workers-0","class":"TimestampBoundedByFutureParameter","message":"Invalid block header: timestamp 1752212443 is greater than the timestamp margin 1752212442","throwable":""}
{"timestamp":"2025-07-11T05:40:41,648","container":"ab3305442036","level":"WARN","thread":"EthScheduler-Workers-0","class":"BlockPropagationManager","message":"Added to bad block manager for invalid header, failed to import announced block 61 (0xa0e0a9c3684860732f9709a1b9519b4301d8eb4d4ffd0f8c796ab3c99ce703b2)","throwable":""}
{"timestamp":"2025-07-11T05:40:54,330","container":"ab3305442036","level":"INFO","thread":"BftProcessorExecutor-QBFT-0","class":"QbftBesuControllerBuilder","message":"Imported #62 / 0 tx / 0 pending / 0 (0.0%) gas / (0x861ce7e0a4a28c087425f835b381e2ff31979c193e7036eda31f84a5187b8de3)","throwable":""}
{"timestamp":"2025-07-11T05:40:59,027","container":"ab3305442036","level":"INFO","thread":"BftProcessorExecutor-QBFT-0","class":"QbftBesuControllerBuilder","message":"Produced #63 / 0 tx / 0 pending / 0 (0.0%) gas / (0x49f718dff3f721850279e7a94e65b1ce0f974b23ab60995b4242a6a8826db81d)","throwable":""}
{"timestamp":"2025-07-11T05:41:05,641","container":"ab3305442036","level":"INFO","thread":"BftProcessorExecutor-QBFT-0","class":"TimestampBoundedByFutureParameter","message":"Invalid block header: timestamp 1752212467 is greater than the timestamp margin 1752212466","throwable":""}
{"timestamp":"2025-07-11T05:41:05,641","container":"ab3305442036","level":"INFO","thread":"BftProcessorExecutor-QBFT-0","class":"MainnetBlockValidator","message":"Invalid block 64 (0x66e6ee56c5d2c3806051704e1f84f6fa1593efa63ff2dad3f1a3948951f009bf): Optional[header validation rule violated, see logs]","throwable":""}
{"timestamp":"2025-07-11T05:41:05,641","container":"ab3305442036","level":"INFO","thread":"BftProcessorExecutor-QBFT-0","class":"ProposalPayloadValidator","message":"Invalid Proposal Payload: block did not pass validation. Reason Optional[header validation rule violated, see logs]","throwable":""}
{"timestamp":"2025-07-11T05:41:05,642","container":"ab3305442036","level":"INFO","thread":"BftProcessorExecutor-QBFT-0","class":"ProposalValidator","message":"Invalid Proposal Payload: invalid proposal payload in proposal message","throwable":""}
{"timestamp":"2025-07-11T05:41:05,642","container":"ab3305442036","level":"INFO","thread":"BftProcessorExecutor-QBFT-0","class":"QbftBlockHeightManager","message":"Received future Proposal which is illegal, no round change triggered.","throwable":""}
{"timestamp":"2025-07-11T05:41:05,662","container":"ab3305442036","level":"INFO","thread":"EthScheduler-Workers-0","class":"TimestampBoundedByFutureParameter","message":"Invalid block header: timestamp 1752212467 is greater than the timestamp margin 1752212466","throwable":""}
{"timestamp":"2025-07-11T05:41:05,663","container":"ab3305442036","level":"WARN","thread":"EthScheduler-Workers-0","class":"BlockPropagationManager","message":"Added to bad block manager for invalid header, failed to import announced block 64 (0x66e6ee56c5d2c3806051704e1f84f6fa1593efa63ff2dad3f1a3948951f009bf)","throwable":""}
{"timestamp":"2025-07-11T05:41:05,666","container":"ab3305442036","level":"INFO","thread":"EthScheduler-Workers-0","class":"TimestampBoundedByFutureParameter","message":"Invalid block header: timestamp 1752212467 is greater than the timestamp margin 1752212466","throwable":""}
{"timestamp":"2025-07-11T05:41:05,667","container":"ab3305442036","level":"WARN","thread":"EthScheduler-Workers-0","class":"BlockPropagationManager","message":"Added to bad block manager for invalid header, failed to import announced block 64 (0x66e6ee56c5d2c3806051704e1f84f6fa1593efa63ff2dad3f1a3948951f009bf)","throwable":""}
{"timestamp":"2025-07-11T05:41:05,668","container":"ab3305442036","level":"INFO","thread":"EthScheduler-Workers-0","class":"TimestampBoundedByFutureParameter","message":"Invalid block header: timestamp 1752212467 is greater than the timestamp margin 1752212466","throwable":""}
{"timestamp":"2025-07-11T05:41:05,671","container":"ab3305442036","level":"WARN","thread":"EthScheduler-Workers-0","class":"BlockPropagationManager","message":"Added to bad block manager for invalid header, failed to import announced block 64 (0x66e6ee56c5d2c3806051704e1f84f6fa1593efa63ff2dad3f1a3948951f009bf)","throwable":""}
{"timestamp":"2025-07-11T05:41:14,394","container":"ab3305442036","level":"INFO","thread":"BftProcessorExecutor-QBFT-0","class":"QbftBesuControllerBuilder","message":"Imported #65 / 0 tx / 0 pending / 0 (0.0%) gas / (0x1bed7550a19b45194383eb01b01d1d4d9f987fd640b33f044e8eaa14ff246c73)","throwable":""}
{"timestamp":"2025-07-11T05:41:21,649","container":"ab3305442036","level":"INFO","thread":"BftProcessorExecutor-QBFT-0","class":"TimestampBoundedByFutureParameter","message":"Invalid block header: timestamp 1752212483 is greater than the timestamp margin 1752212482","throwable":""}
{"timestamp":"2025-07-11T05:41:21,650","container":"ab3305442036","level":"INFO","thread":"BftProcessorExecutor-QBFT-0","class":"MainnetBlockValidator","message":"Invalid block 66 (0xef1ca014ca422a6594392ccb52008c81139c74cc8d84881f3410613513d4f7c3): Optional[header validation rule violated, see logs]","throwable":""}
{"timestamp":"2025-07-11T05:41:21,651","container":"ab3305442036","level":"INFO","thread":"BftProcessorExecutor-QBFT-0","class":"ProposalPayloadValidator","message":"Invalid Proposal Payload: block did not pass validation. Reason Optional[header validation rule violated, see logs]","throwable":""}
{"timestamp":"2025-07-11T05:41:21,651","container":"ab3305442036","level":"INFO","thread":"BftProcessorExecutor-QBFT-0","class":"ProposalValidator","message":"Invalid Proposal Payload: invalid proposal payload in proposal message","throwable":""}
{"timestamp":"2025-07-11T05:41:21,651","container":"ab3305442036","level":"INFO","thread":"BftProcessorExecutor-QBFT-0","class":"QbftBlockHeightManager","message":"Received future Proposal which is illegal, no round change triggered.","throwable":""}
{"timestamp":"2025-07-11T05:41:21,674","container":"ab3305442036","level":"INFO","thread":"EthScheduler-Workers-0","class":"TimestampBoundedByFutureParameter","message":"Invalid block header: timestamp 1752212483 is greater than the timestamp margin 1752212482","throwable":""}
{"timestamp":"2025-07-11T05:41:21,674","container":"ab3305442036","level":"WARN","thread":"EthScheduler-Workers-0","class":"BlockPropagationManager","message":"Added to bad block manager for invalid header, failed to import announced block 66 (0xef1ca014ca422a6594392ccb52008c81139c74cc8d84881f3410613513d4f7c3)","throwable":""}
{"timestamp":"2025-07-11T05:41:21,677","container":"ab3305442036","level":"INFO","thread":"EthScheduler-Workers-0","class":"TimestampBoundedByFutureParameter","message":"Invalid block header: timestamp 1752212483 is greater than the timestamp margin 1752212482","throwable":""}
{"timestamp":"2025-07-11T05:41:21,677","container":"ab3305442036","level":"WARN","thread":"EthScheduler-Workers-0","class":"BlockPropagationManager","message":"Added to bad block manager for invalid header, failed to import announced block 66 (0xef1ca014ca422a6594392ccb52008c81139c74cc8d84881f3410613513d4f7c3)","throwable":""}
{"timestamp":"2025-07-11T05:41:21,680","container":"ab3305442036","level":"INFO","thread":"EthScheduler-Workers-0","class":"TimestampBoundedByFutureParameter","message":"Invalid block header: timestamp 1752212483 is greater than the timestamp margin 1752212482","throwable":""}
{"timestamp":"2025-07-11T05:41:21,680","container":"ab3305442036","level":"WARN","thread":"EthScheduler-Workers-0","class":"BlockPropagationManager","message":"Added to bad block manager for invalid header, failed to import announced block 66 (0xef1ca014ca422a6594392ccb52008c81139c74cc8d84881f3410613513d4f7c3)","throwable":""}
{"timestamp":"2025-07-11T05:41:44,461","container":"ab3305442036","level":"INFO","thread":"BftProcessorExecutor-QBFT-0","class":"QbftRound","message":"Importing proposed block to chain. round=ConsensusRoundIdentifier{Sequence=67, Round=1}, hash=0xfc271f021fa7b30a2247a473f7093fa8f4e3a4a9fca0d2ed1bbc9ce48e49a10b","throwable":""}
{"timestamp":"2025-07-11T05:41:44,475","container":"ab3305442036","level":"INFO","thread":"BftProcessorExecutor-QBFT-0","class":"QbftBesuControllerBuilder","message":"Imported #67 / 0 tx / 0 pending / 0 (0.0%) gas / (0xfc271f021fa7b30a2247a473f7093fa8f4e3a4a9fca0d2ed1bbc9ce48e49a10b)","throwable":""}
{"timestamp":"2025-07-11T05:41:51,663","container":"ab3305442036","level":"INFO","thread":"BftProcessorExecutor-QBFT-0","class":"TimestampBoundedByFutureParameter","message":"Invalid block header: timestamp 1752212513 is greater than the timestamp margin 1752212512","throwable":""}
{"timestamp":"2025-07-11T05:41:51,664","container":"ab3305442036","level":"INFO","thread":"BftProcessorExecutor-QBFT-0","class":"MainnetBlockValidator","message":"Invalid block 68 (0x30ae6eb934bcbff3d7f578961e2800be56783a3238c8a5ad8d7f22037fe1176c): Optional[header validation rule violated, see logs]","throwable":""}
{"timestamp":"2025-07-11T05:41:51,664","container":"ab3305442036","level":"INFO","thread":"BftProcessorExecutor-QBFT-0","class":"ProposalPayloadValidator","message":"Invalid Proposal Payload: block did not pass validation. Reason Optional[header validation rule violated, see logs]","throwable":""}
{"timestamp":"2025-07-11T05:41:51,664","container":"ab3305442036","level":"INFO","thread":"BftProcessorExecutor-QBFT-0","class":"ProposalValidator","message":"Invalid Proposal Payload: invalid proposal payload in proposal message","throwable":""}
{"timestamp":"2025-07-11T05:41:51,665","container":"ab3305442036","level":"INFO","thread":"BftProcessorExecutor-QBFT-0","class":"QbftBlockHeightManager","message":"Received future Proposal which is illegal, no round change triggered.","throwable":""}
{"timestamp":"2025-07-11T05:41:51,685","container":"ab3305442036","level":"INFO","thread":"EthScheduler-Workers-0","class":"TimestampBoundedByFutureParameter","message":"Invalid block header: timestamp 1752212513 is greater than the timestamp margin 1752212512","throwable":""}
{"timestamp":"2025-07-11T05:41:51,686","container":"ab3305442036","level":"WARN","thread":"EthScheduler-Workers-0","class":"BlockPropagationManager","message":"Added to bad block manager for invalid header, failed to import announced block 68 (0x30ae6eb934bcbff3d7f578961e2800be56783a3238c8a5ad8d7f22037fe1176c)","throwable":""}
{"timestamp":"2025-07-11T05:41:51,689","container":"ab3305442036","level":"INFO","thread":"EthScheduler-Workers-0","class":"TimestampBoundedByFutureParameter","message":"Invalid block header: timestamp 1752212513 is greater than the timestamp margin 1752212512","throwable":""}
{"timestamp":"2025-07-11T05:41:51,689","container":"ab3305442036","level":"WARN","thread":"EthScheduler-Workers-0","class":"BlockPropagationManager","message":"Added to bad block manager for invalid header, failed to import announced block 68 (0x30ae6eb934bcbff3d7f578961e2800be56783a3238c8a5ad8d7f22037fe1176c)","throwable":""}
{"timestamp":"2025-07-11T05:42:04,505","container":"ab3305442036","level":"INFO","thread":"BftProcessorExecutor-QBFT-0","class":"QbftBesuControllerBuilder","message":"Imported #69 / 0 tx / 0 pending / 0 (0.0%) gas / (0x936c3b8cdf3ba1b1a8111e0ac388d2c250e1fcd48683bccbd450f726ee8791b8)","throwable":""}
{"timestamp":"2025-07-11T05:42:09,108","container":"ab3305442036","level":"INFO","thread":"BftProcessorExecutor-QBFT-0","class":"QbftBesuControllerBuilder","message":"Produced #70 / 1 tx / 0 pending / 296,480 (0.0%) gas / (0xe62352871b07995ed2a85bca71afe0cfc212e74249b950b82f8f9e56a7ada1d7)","throwable":""}
{"timestamp":"2025-07-11T05:42:15,690","container":"ab3305442036","level":"INFO","thread":"BftProcessorExecutor-QBFT-0","class":"TimestampBoundedByFutureParameter","message":"Invalid block header: timestamp 1752212537 is greater than the timestamp margin 1752212536","throwable":""}
{"timestamp":"2025-07-11T05:42:15,690","container":"ab3305442036","level":"INFO","thread":"BftProcessorExecutor-QBFT-0","class":"MainnetBlockValidator","message":"Invalid block 71 (0x820cf9b4f9ec2df98d62288a8bcd3f6c17ae79e68fd2663ee16016b9dfea169f): Optional[header validation rule violated, see logs]","throwable":""}
{"timestamp":"2025-07-11T05:42:15,691","container":"ab3305442036","level":"INFO","thread":"BftProcessorExecutor-QBFT-0","class":"ProposalPayloadValidator","message":"Invalid Proposal Payload: block did not pass validation. Reason Optional[header validation rule violated, see logs]","throwable":""}
{"timestamp":"2025-07-11T05:42:15,691","container":"ab3305442036","level":"INFO","thread":"BftProcessorExecutor-QBFT-0","class":"ProposalValidator","message":"Invalid Proposal Payload: invalid proposal payload in proposal message","throwable":""}
{"timestamp":"2025-07-11T05:42:15,691","container":"ab3305442036","level":"INFO","thread":"BftProcessorExecutor-QBFT-0","class":"QbftBlockHeightManager","message":"Received future Proposal which is illegal, no round change triggered.","throwable":""}
{"timestamp":"2025-07-11T05:42:15,725","container":"ab3305442036","level":"INFO","thread":"EthScheduler-Workers-0","class":"TimestampBoundedByFutureParameter","message":"Invalid block header: timestamp 1752212537 is greater than the timestamp margin 1752212536","throwable":""}
{"timestamp":"2025-07-11T05:42:15,726","container":"ab3305442036","level":"WARN","thread":"EthScheduler-Workers-0","class":"BlockPropagationManager","message":"Added to bad block manager for invalid header, failed to import announced block 71 (0x820cf9b4f9ec2df98d62288a8bcd3f6c17ae79e68fd2663ee16016b9dfea169f)","throwable":""}
{"timestamp":"2025-07-11T05:42:15,729","container":"ab3305442036","level":"INFO","thread":"EthScheduler-Workers-0","class":"TimestampBoundedByFutureParameter","message":"Invalid block header: timestamp 1752212537 is greater than the timestamp margin 1752212536","throwable":""}
{"timestamp":"2025-07-11T05:42:15,729","container":"ab3305442036","level":"WARN","thread":"EthScheduler-Workers-0","class":"BlockPropagationManager","message":"Added to bad block manager for invalid header, failed to import announced block 71 (0x820cf9b4f9ec2df98d62288a8bcd3f6c17ae79e68fd2663ee16016b9dfea169f)","throwable":""}
{"timestamp":"2025-07-11T05:42:24,574","container":"ab3305442036","level":"INFO","thread":"BftProcessorExecutor-QBFT-0","class":"QbftBesuControllerBuilder","message":"Imported #72 / 0 tx / 0 pending / 0 (0.0%) gas / (0x04b5c2fd13914d9b8f3f2f4cfc2ac211bce2cbd2f9c61616d86de3f79831ffc2)","throwable":""}
{"timestamp":"2025-07-11T05:42:31,683","container":"ab3305442036","level":"INFO","thread":"BftProcessorExecutor-QBFT-0","class":"TimestampBoundedByFutureParameter","message":"Invalid block header: timestamp 1752212553 is greater than the timestamp margin 1752212552","throwable":""}
{"timestamp":"2025-07-11T05:42:31,684","container":"ab3305442036","level":"INFO","thread":"BftProcessorExecutor-QBFT-0","class":"MainnetBlockValidator","message":"Invalid block 73 (0xb6e59039d7d24cbab1c02c421e54362a8598b48a45b3d1e815dd982f213ca6da): Optional[header validation rule violated, see logs]","throwable":""}
{"timestamp":"2025-07-11T05:42:31,684","container":"ab3305442036","level":"INFO","thread":"BftProcessorExecutor-QBFT-0","class":"ProposalPayloadValidator","message":"Invalid Proposal Payload: block did not pass validation. Reason Optional[header validation rule violated, see logs]","throwable":""}
{"timestamp":"2025-07-11T05:42:31,684","container":"ab3305442036","level":"INFO","thread":"BftProcessorExecutor-QBFT-0","class":"ProposalValidator","message":"Invalid Proposal Payload: invalid proposal payload in proposal message","throwable":""}
{"timestamp":"2025-07-11T05:42:31,684","container":"ab3305442036","level":"INFO","thread":"BftProcessorExecutor-QBFT-0","class":"QbftBlockHeightManager","message":"Received future Proposal which is illegal, no round change triggered.","throwable":""}
{"timestamp":"2025-07-11T05:42:31,710","container":"ab3305442036","level":"INFO","thread":"EthScheduler-Workers-0","class":"TimestampBoundedByFutureParameter","message":"Invalid block header: timestamp 1752212553 is greater than the timestamp margin 1752212552","throwable":""}
{"timestamp":"2025-07-11T05:42:31,710","container":"ab3305442036","level":"WARN","thread":"EthScheduler-Workers-0","class":"BlockPropagationManager","message":"Added to bad block manager for invalid header, failed to import announced block 73 (0xb6e59039d7d24cbab1c02c421e54362a8598b48a45b3d1e815dd982f213ca6da)","throwable":""}
{"timestamp":"2025-07-11T05:42:54,607","container":"ab3305442036","level":"INFO","thread":"BftProcessorExecutor-QBFT-0","class":"QbftRound","message":"Importing proposed block to chain. round=ConsensusRoundIdentifier{Sequence=74, Round=1}, hash=0x14ef985b0c9b71819e2d5c2ebc2d7348685ac5630b7e4a949822b335476c150a","throwable":""}
{"timestamp":"2025-07-11T05:42:54,615","container":"ab3305442036","level":"INFO","thread":"BftProcessorExecutor-QBFT-0","class":"QbftBesuControllerBuilder","message":"Imported #74 / 0 tx / 0 pending / 0 (0.0%) gas / (0x14ef985b0c9b71819e2d5c2ebc2d7348685ac5630b7e4a949822b335476c150a)","throwable":""}
{"timestamp":"2025-07-11T05:43:01,696","container":"ab3305442036","level":"INFO","thread":"BftProcessorExecutor-QBFT-0","class":"TimestampBoundedByFutureParameter","message":"Invalid block header: timestamp 1752212583 is greater than the timestamp margin 1752212582","throwable":""}
{"timestamp":"2025-07-11T05:43:01,696","container":"ab3305442036","level":"INFO","thread":"BftProcessorExecutor-QBFT-0","class":"MainnetBlockValidator","message":"Invalid block 75 (0x367b183465970a41ffbd7bc757d5a51e044bb79aedf1f73d21e58cbb4a7e7367): Optional[header validation rule violated, see logs]","throwable":""}
{"timestamp":"2025-07-11T05:43:01,697","container":"ab3305442036","level":"INFO","thread":"BftProcessorExecutor-QBFT-0","class":"ProposalPayloadValidator","message":"Invalid Proposal Payload: block did not pass validation. Reason Optional[header validation rule violated, see logs]","throwable":""}
{"timestamp":"2025-07-11T05:43:01,697","container":"ab3305442036","level":"INFO","thread":"BftProcessorExecutor-QBFT-0","class":"ProposalValidator","message":"Invalid Proposal Payload: invalid proposal payload in proposal message","throwable":""}
{"timestamp":"2025-07-11T05:43:01,697","container":"ab3305442036","level":"INFO","thread":"BftProcessorExecutor-QBFT-0","class":"QbftBlockHeightManager","message":"Received future Proposal which is illegal, no round change triggered.","throwable":""}
{"timestamp":"2025-07-11T05:43:01,713","container":"ab3305442036","level":"INFO","thread":"EthScheduler-Workers-0","class":"TimestampBoundedByFutureParameter","message":"Invalid block header: timestamp 1752212583 is greater than the timestamp margin 1752212582","throwable":""}
{"timestamp":"2025-07-11T05:43:01,714","container":"ab3305442036","level":"WARN","thread":"EthScheduler-Workers-0","class":"BlockPropagationManager","message":"Added to bad block manager for invalid header, failed to import announced block 75 (0x367b183465970a41ffbd7bc757d5a51e044bb79aedf1f73d21e58cbb4a7e7367)","throwable":""}
{"timestamp":"2025-07-11T05:43:01,715","container":"ab3305442036","level":"INFO","thread":"EthScheduler-Workers-0","class":"TimestampBoundedByFutureParameter","message":"Invalid block header: timestamp 1752212583 is greater than the timestamp margin 1752212582","throwable":""}
{"timestamp":"2025-07-11T05:43:01,717","container":"ab3305442036","level":"WARN","thread":"EthScheduler-Workers-0","class":"BlockPropagationManager","message":"Added to bad block manager for invalid header, failed to import announced block 75 (0x367b183465970a41ffbd7bc757d5a51e044bb79aedf1f73d21e58cbb4a7e7367)","throwable":""}
{"timestamp":"2025-07-11T05:43:14,620","container":"ab3305442036","level":"INFO","thread":"BftProcessorExecutor-QBFT-0","class":"QbftBesuControllerBuilder","message":"Imported #76 / 0 tx / 0 pending / 0 (0.0%) gas / (0x86340990401992bfe012be830e5eaeff4da799058c4f6394daef831373573408)","throwable":""}
{"timestamp":"2025-07-11T05:43:19,032","container":"ab3305442036","level":"INFO","thread":"BftProcessorExecutor-QBFT-0","class":"QbftBesuControllerBuilder","message":"Produced #77 / 0 tx / 0 pending / 0 (0.0%) gas / (0x7400b78e2191f0572c33c8786633d1f189325093438167311bcbf4ed8fc9bab2)","throwable":""}
{"timestamp":"2025-07-11T05:43:25,710","container":"ab3305442036","level":"INFO","thread":"BftProcessorExecutor-QBFT-0","class":"TimestampBoundedByFutureParameter","message":"Invalid block header: timestamp 1752212607 is greater than the timestamp margin 1752212606","throwable":""}
{"timestamp":"2025-07-11T05:43:25,711","container":"ab3305442036","level":"INFO","thread":"BftProcessorExecutor-QBFT-0","class":"MainnetBlockValidator","message":"Invalid block 78 (0xa63cd7a97811651ec2e4ee22066e216a74ca0c05daa2286487f8a723af891848): Optional[header validation rule violated, see logs]","throwable":""}
{"timestamp":"2025-07-11T05:43:25,712","container":"ab3305442036","level":"INFO","thread":"BftProcessorExecutor-QBFT-0","class":"ProposalPayloadValidator","message":"Invalid Proposal Payload: block did not pass validation. Reason Optional[header validation rule violated, see logs]","throwable":""}
{"timestamp":"2025-07-11T05:43:25,713","container":"ab3305442036","level":"INFO","thread":"BftProcessorExecutor-QBFT-0","class":"ProposalValidator","message":"Invalid Proposal Payload: invalid proposal payload in proposal message","throwable":""}
{"timestamp":"2025-07-11T05:43:25,713","container":"ab3305442036","level":"INFO","thread":"BftProcessorExecutor-QBFT-0","class":"QbftBlockHeightManager","message":"Received future Proposal which is illegal, no round change triggered.","throwable":""}
{"timestamp":"2025-07-11T05:43:25,734","container":"ab3305442036","level":"INFO","thread":"EthScheduler-Workers-0","class":"TimestampBoundedByFutureParameter","message":"Invalid block header: timestamp 1752212607 is greater than the timestamp margin 1752212606","throwable":""}
{"timestamp":"2025-07-11T05:43:25,735","container":"ab3305442036","level":"WARN","thread":"EthScheduler-Workers-0","class":"BlockPropagationManager","message":"Added to bad block manager for invalid header, failed to import announced block 78 (0xa63cd7a97811651ec2e4ee22066e216a74ca0c05daa2286487f8a723af891848)","throwable":""}
{"timestamp":"2025-07-11T05:43:25,736","container":"ab3305442036","level":"INFO","thread":"EthScheduler-Workers-0","class":"TimestampBoundedByFutureParameter","message":"Invalid block header: timestamp 1752212607 is greater than the timestamp margin 1752212606","throwable":""}
{"timestamp":"2025-07-11T05:43:25,737","container":"ab3305442036","level":"WARN","thread":"EthScheduler-Workers-0","class":"BlockPropagationManager","message":"Added to bad block manager for invalid header, failed to import announced block 78 (0xa63cd7a97811651ec2e4ee22066e216a74ca0c05daa2286487f8a723af891848)","throwable":""}
{"timestamp":"2025-07-11T05:43:34,679","container":"ab3305442036","level":"INFO","thread":"BftProcessorExecutor-QBFT-0","class":"QbftBesuControllerBuilder","message":"Imported #79 / 0 tx / 0 pending / 0 (0.0%) gas / (0xa674bcea2436da724f16fdcc2dff442c32281a92d50da55fa9591b35a06dad9e)","throwable":""}
{"timestamp":"2025-07-11T05:43:41,719","container":"ab3305442036","level":"INFO","thread":"BftProcessorExecutor-QBFT-0","class":"TimestampBoundedByFutureParameter","message":"Invalid block header: timestamp 1752212623 is greater than the timestamp margin 1752212622","throwable":""}
{"timestamp":"2025-07-11T05:43:41,719","container":"ab3305442036","level":"INFO","thread":"BftProcessorExecutor-QBFT-0","class":"MainnetBlockValidator","message":"Invalid block 80 (0x323a828428af162fa7ce132ccfc56a254ca6434fe382949854cdc1111eb6f550): Optional[header validation rule violated, see logs]","throwable":""}
{"timestamp":"2025-07-11T05:43:41,720","container":"ab3305442036","level":"INFO","thread":"BftProcessorExecutor-QBFT-0","class":"ProposalPayloadValidator","message":"Invalid Proposal Payload: block did not pass validation. Reason Optional[header validation rule violated, see logs]","throwable":""}
{"timestamp":"2025-07-11T05:43:41,720","container":"ab3305442036","level":"INFO","thread":"BftProcessorExecutor-QBFT-0","class":"ProposalValidator","message":"Invalid Proposal Payload: invalid proposal payload in proposal message","throwable":""}
{"timestamp":"2025-07-11T05:43:41,720","container":"ab3305442036","level":"INFO","thread":"BftProcessorExecutor-QBFT-0","class":"QbftBlockHeightManager","message":"Received future Proposal which is illegal, no round change triggered.","throwable":""}
{"timestamp":"2025-07-11T05:43:41,738","container":"ab3305442036","level":"INFO","thread":"EthScheduler-Workers-0","class":"TimestampBoundedByFutureParameter","message":"Invalid block header: timestamp 1752212623 is greater than the timestamp margin 1752212622","throwable":""}
{"timestamp":"2025-07-11T05:43:41,740","container":"ab3305442036","level":"WARN","thread":"EthScheduler-Workers-0","class":"BlockPropagationManager","message":"Added to bad block manager for invalid header, failed to import announced block 80 (0x323a828428af162fa7ce132ccfc56a254ca6434fe382949854cdc1111eb6f550)","throwable":""}
{"timestamp":"2025-07-11T05:44:04,738","container":"ab3305442036","level":"INFO","thread":"BftProcessorExecutor-QBFT-0","class":"TimestampBoundedByFutureParameter","message":"Invalid block header: timestamp 1752212646 is greater than the timestamp margin 1752212645","throwable":""}
{"timestamp":"2025-07-11T05:44:04,739","container":"ab3305442036","level":"INFO","thread":"BftProcessorExecutor-QBFT-0","class":"MainnetBlockValidator","message":"Invalid block 81 (0x0ff18c7c8f01c3297eaaadcdf94a88ad73336988b6e2133f805174c5939ad76c): Optional[header validation rule violated, see logs]","throwable":""}
{"timestamp":"2025-07-11T05:44:04,739","container":"ab3305442036","level":"INFO","thread":"BftProcessorExecutor-QBFT-0","class":"ProposalPayloadValidator","message":"Invalid Proposal Payload: block did not pass validation. Reason Optional[header validation rule violated, see logs]","throwable":""}
{"timestamp":"2025-07-11T05:44:04,739","container":"ab3305442036","level":"INFO","thread":"BftProcessorExecutor-QBFT-0","class":"ProposalValidator","message":"Invalid Proposal Payload: invalid proposal payload in proposal message","throwable":""}
{"timestamp":"2025-07-11T05:44:04,766","container":"ab3305442036","level":"INFO","thread":"EthScheduler-Workers-0","class":"TimestampBoundedByFutureParameter","message":"Invalid block header: timestamp 1752212646 is greater than the timestamp margin 1752212645","throwable":""}
{"timestamp":"2025-07-11T05:44:04,766","container":"ab3305442036","level":"WARN","thread":"EthScheduler-Workers-0","class":"BlockPropagationManager","message":"Added to bad block manager for invalid header, failed to import announced block 81 (0x0ff18c7c8f01c3297eaaadcdf94a88ad73336988b6e2133f805174c5939ad76c)","throwable":""}
{"timestamp":"2025-07-11T05:44:14,773","container":"ab3305442036","level":"INFO","thread":"BftProcessorExecutor-QBFT-0","class":"QbftBesuControllerBuilder","message":"Imported #82 / 0 tx / 0 pending / 0 (0.0%) gas / (0x7ddcb23aa705ac195045eaba14c51c5dc79d50a5434e268e400fa21fb5f0ca04)","throwable":""}
{"timestamp":"2025-07-11T05:44:20,738","container":"ab3305442036","level":"INFO","thread":"BftProcessorExecutor-QBFT-0","class":"TimestampBoundedByFutureParameter","message":"Invalid block header: timestamp 1752212662 is greater than the timestamp margin 1752212661","throwable":""}
{"timestamp":"2025-07-11T05:44:20,739","container":"ab3305442036","level":"INFO","thread":"BftProcessorExecutor-QBFT-0","class":"MainnetBlockValidator","message":"Invalid block 83 (0x53e7b64d7bc2df356e097a0e5f399baa49ca2771c2fcb85a90ad051f1d525f02): Optional[header validation rule violated, see logs]","throwable":""}
{"timestamp":"2025-07-11T05:44:20,739","container":"ab3305442036","level":"INFO","thread":"BftProcessorExecutor-QBFT-0","class":"ProposalPayloadValidator","message":"Invalid Proposal Payload: block did not pass validation. Reason Optional[header validation rule violated, see logs]","throwable":""}
{"timestamp":"2025-07-11T05:44:20,740","container":"ab3305442036","level":"INFO","thread":"BftProcessorExecutor-QBFT-0","class":"ProposalValidator","message":"Invalid Proposal Payload: invalid proposal payload in proposal message","throwable":""}
{"timestamp":"2025-07-11T05:44:20,740","container":"ab3305442036","level":"INFO","thread":"BftProcessorExecutor-QBFT-0","class":"QbftBlockHeightManager","message":"Received future Proposal which is illegal, no round change triggered.","throwable":""}
{"timestamp":"2025-07-11T05:44:20,763","container":"ab3305442036","level":"INFO","thread":"EthScheduler-Workers-0","class":"TimestampBoundedByFutureParameter","message":"Invalid block header: timestamp 1752212662 is greater than the timestamp margin 1752212661","throwable":""}
{"timestamp":"2025-07-11T05:44:20,764","container":"ab3305442036","level":"WARN","thread":"EthScheduler-Workers-0","class":"BlockPropagationManager","message":"Added to bad block manager for invalid header, failed to import announced block 83 (0x53e7b64d7bc2df356e097a0e5f399baa49ca2771c2fcb85a90ad051f1d525f02)","throwable":""}
{"timestamp":"2025-07-11T05:44:39,849","container":"ab3305442036","level":"INFO","thread":"BftProcessorExecutor-QBFT-0","class":"TimestampBoundedByFutureParameter","message":"Invalid block header: timestamp 1752212681 is greater than the timestamp margin 1752212680","throwable":""}
{"timestamp":"2025-07-11T05:44:39,849","container":"ab3305442036","level":"INFO","thread":"BftProcessorExecutor-QBFT-0","class":"MainnetBlockValidator","message":"Invalid block 84 (0x1dd58e34e2c1a8ae7465ed4f7dde310e2f0b9ef8de515223647573371166cbcf): Optional[header validation rule violated, see logs]","throwable":""}
{"timestamp":"2025-07-11T05:44:39,850","container":"ab3305442036","level":"INFO","thread":"BftProcessorExecutor-QBFT-0","class":"ProposalPayloadValidator","message":"Invalid Proposal Payload: block did not pass validation. Reason Optional[header validation rule violated, see logs]","throwable":""}
{"timestamp":"2025-07-11T05:44:39,850","container":"ab3305442036","level":"INFO","thread":"BftProcessorExecutor-QBFT-0","class":"ProposalValidator","message":"Invalid Proposal Payload: invalid proposal payload in proposal message","throwable":""}
{"timestamp":"2025-07-11T05:44:39,876","container":"ab3305442036","level":"INFO","thread":"EthScheduler-Workers-0","class":"TimestampBoundedByFutureParameter","message":"Invalid block header: timestamp 1752212681 is greater than the timestamp margin 1752212680","throwable":""}
{"timestamp":"2025-07-11T05:44:39,877","container":"ab3305442036","level":"WARN","thread":"EthScheduler-Workers-0","class":"BlockPropagationManager","message":"Added to bad block manager for invalid header, failed to import announced block 84 (0x1dd58e34e2c1a8ae7465ed4f7dde310e2f0b9ef8de515223647573371166cbcf)","throwable":""}
{"timestamp":"2025-07-11T05:44:39,880","container":"ab3305442036","level":"INFO","thread":"EthScheduler-Workers-0","class":"TimestampBoundedByFutureParameter","message":"Invalid block header: timestamp 1752212681 is greater than the timestamp margin 1752212680","throwable":""}
{"timestamp":"2025-07-11T05:44:39,880","container":"ab3305442036","level":"WARN","thread":"EthScheduler-Workers-0","class":"BlockPropagationManager","message":"Added to bad block manager for invalid header, failed to import announced block 84 (0x1dd58e34e2c1a8ae7465ed4f7dde310e2f0b9ef8de515223647573371166cbcf)","throwable":""}
{"timestamp":"2025-07-11T05:44:49,873","container":"ab3305442036","level":"INFO","thread":"BftProcessorExecutor-QBFT-0","class":"QbftBesuControllerBuilder","message":"Imported #85 / 0 tx / 0 pending / 0 (0.0%) gas / (0xcfb7cd915c23b7dff4241506d01bb7f027fc24bcd33c97e190a3f2ffb0f0eb2b)","throwable":""}
{"timestamp":"2025-07-11T05:44:55,760","container":"ab3305442036","level":"INFO","thread":"BftProcessorExecutor-QBFT-0","class":"TimestampBoundedByFutureParameter","message":"Invalid block header: timestamp 1752212697 is greater than the timestamp margin 1752212696","throwable":""}
{"timestamp":"2025-07-11T05:44:55,760","container":"ab3305442036","level":"INFO","thread":"BftProcessorExecutor-QBFT-0","class":"MainnetBlockValidator","message":"Invalid block 86 (0x3bfedbd30c59ee79ffe664712ffca8b7f98a65b2a4d8022b363004f8e988e52d): Optional[header validation rule violated, see logs]","throwable":""}
{"timestamp":"2025-07-11T05:44:55,761","container":"ab3305442036","level":"INFO","thread":"BftProcessorExecutor-QBFT-0","class":"ProposalPayloadValidator","message":"Invalid Proposal Payload: block did not pass validation. Reason Optional[header validation rule violated, see logs]","throwable":""}
{"timestamp":"2025-07-11T05:44:55,761","container":"ab3305442036","level":"INFO","thread":"BftProcessorExecutor-QBFT-0","class":"ProposalValidator","message":"Invalid Proposal Payload: invalid proposal payload in proposal message","throwable":""}
{"timestamp":"2025-07-11T05:44:55,762","container":"ab3305442036","level":"INFO","thread":"BftProcessorExecutor-QBFT-0","class":"QbftBlockHeightManager","message":"Received future Proposal which is illegal, no round change triggered.","throwable":""}
{"timestamp":"2025-07-11T05:44:55,794","container":"ab3305442036","level":"INFO","thread":"EthScheduler-Workers-0","class":"TimestampBoundedByFutureParameter","message":"Invalid block header: timestamp 1752212697 is greater than the timestamp margin 1752212696","throwable":""}
{"timestamp":"2025-07-11T05:44:55,795","container":"ab3305442036","level":"WARN","thread":"EthScheduler-Workers-0","class":"BlockPropagationManager","message":"Added to bad block manager for invalid header, failed to import announced block 86 (0x3bfedbd30c59ee79ffe664712ffca8b7f98a65b2a4d8022b363004f8e988e52d)","throwable":""}
{"timestamp":"2025-07-11T05:44:55,796","container":"ab3305442036","level":"INFO","thread":"EthScheduler-Workers-0","class":"TimestampBoundedByFutureParameter","message":"Invalid block header: timestamp 1752212697 is greater than the timestamp margin 1752212696","throwable":""}
{"timestamp":"2025-07-11T05:44:55,798","container":"ab3305442036","level":"WARN","thread":"EthScheduler-Workers-0","class":"BlockPropagationManager","message":"Added to bad block manager for invalid header, failed to import announced block 86 (0x3bfedbd30c59ee79ffe664712ffca8b7f98a65b2a4d8022b363004f8e988e52d)","throwable":""}
{"timestamp":"2025-07-11T05:44:55,798","container":"ab3305442036","level":"INFO","thread":"EthScheduler-Workers-0","class":"TimestampBoundedByFutureParameter","message":"Invalid block header: timestamp 1752212697 is greater than the timestamp margin 1752212696","throwable":""}
{"timestamp":"2025-07-11T05:44:55,799","container":"ab3305442036","level":"WARN","thread":"EthScheduler-Workers-0","class":"BlockPropagationManager","message":"Added to bad block manager for invalid header, failed to import announced block 86 (0x3bfedbd30c59ee79ffe664712ffca8b7f98a65b2a4d8022b363004f8e988e52d)","throwable":""}
{"timestamp":"2025-07-11T05:45:14,934","container":"ab3305442036","level":"INFO","thread":"BftProcessorExecutor-QBFT-0","class":"TimestampBoundedByFutureParameter","message":"Invalid block header: timestamp 1752212716 is greater than the timestamp margin 1752212715","throwable":""}
{"timestamp":"2025-07-11T05:45:14,935","container":"ab3305442036","level":"INFO","thread":"BftProcessorExecutor-QBFT-0","class":"MainnetBlockValidator","message":"Invalid block 87 (0x6fdc22e9e3a070ffe4c568959684f57f841d4bf8d7097a5bee8f23e2cec5bdb0): Optional[header validation rule violated, see logs]","throwable":""}
{"timestamp":"2025-07-11T05:45:14,935","container":"ab3305442036","level":"INFO","thread":"BftProcessorExecutor-QBFT-0","class":"ProposalPayloadValidator","message":"Invalid Proposal Payload: block did not pass validation. Reason Optional[header validation rule violated, see logs]","throwable":""}
{"timestamp":"2025-07-11T05:45:14,935","container":"ab3305442036","level":"INFO","thread":"BftProcessorExecutor-QBFT-0","class":"ProposalValidator","message":"Invalid Proposal Payload: invalid proposal payload in proposal message","throwable":""}
{"timestamp":"2025-07-11T05:45:14,952","container":"ab3305442036","level":"INFO","thread":"EthScheduler-Workers-0","class":"TimestampBoundedByFutureParameter","message":"Invalid block header: timestamp 1752212716 is greater than the timestamp margin 1752212715","throwable":""}
{"timestamp":"2025-07-11T05:45:14,952","container":"ab3305442036","level":"WARN","thread":"EthScheduler-Workers-0","class":"BlockPropagationManager","message":"Added to bad block manager for invalid header, failed to import announced block 87 (0x6fdc22e9e3a070ffe4c568959684f57f841d4bf8d7097a5bee8f23e2cec5bdb0)","throwable":""}
{"timestamp":"2025-07-11T05:45:25,120","container":"ab3305442036","level":"INFO","thread":"BftProcessorExecutor-QBFT-0","class":"QbftBesuControllerBuilder","message":"Imported #88 / 0 tx / 0 pending / 0 (0.0%) gas / (0x8ff764e8b9c2a8ddf76bc79ef74f15a3ff67f797686d73a264dbd5e0c8996e30)","throwable":""}
{"timestamp":"2025-07-11T05:45:30,773","container":"ab3305442036","level":"INFO","thread":"BftProcessorExecutor-QBFT-0","class":"TimestampBoundedByFutureParameter","message":"Invalid block header: timestamp 1752212732 is greater than the timestamp margin 1752212731","throwable":""}
{"timestamp":"2025-07-11T05:45:30,774","container":"ab3305442036","level":"INFO","thread":"BftProcessorExecutor-QBFT-0","class":"MainnetBlockValidator","message":"Invalid block 89 (0x0d8904ba86b94608546e64f8f2dbe328e85f8c6b37e357cdca96c67d7c5c4933): Optional[header validation rule violated, see logs]","throwable":""}
{"timestamp":"2025-07-11T05:45:30,774","container":"ab3305442036","level":"INFO","thread":"BftProcessorExecutor-QBFT-0","class":"ProposalPayloadValidator","message":"Invalid Proposal Payload: block did not pass validation. Reason Optional[header validation rule violated, see logs]","throwable":""}
{"timestamp":"2025-07-11T05:45:30,774","container":"ab3305442036","level":"INFO","thread":"BftProcessorExecutor-QBFT-0","class":"ProposalValidator","message":"Invalid Proposal Payload: invalid proposal payload in proposal message","throwable":""}
{"timestamp":"2025-07-11T05:45:30,774","container":"ab3305442036","level":"INFO","thread":"BftProcessorExecutor-QBFT-0","class":"QbftBlockHeightManager","message":"Received future Proposal which is illegal, no round change triggered.","throwable":""}
{"timestamp":"2025-07-11T05:45:30,799","container":"ab3305442036","level":"INFO","thread":"EthScheduler-Workers-0","class":"TimestampBoundedByFutureParameter","message":"Invalid block header: timestamp 1752212732 is greater than the timestamp margin 1752212731","throwable":""}
{"timestamp":"2025-07-11T05:45:30,800","container":"ab3305442036","level":"WARN","thread":"EthScheduler-Workers-0","class":"BlockPropagationManager","message":"Added to bad block manager for invalid header, failed to import announced block 89 (0x0d8904ba86b94608546e64f8f2dbe328e85f8c6b37e357cdca96c67d7c5c4933)","throwable":""}
{"timestamp":"2025-07-11T05:45:50,164","container":"ab3305442036","level":"INFO","thread":"BftProcessorExecutor-QBFT-0","class":"QbftRound","message":"Importing proposed block to chain. round=ConsensusRoundIdentifier{Sequence=90, Round=1}, hash=0xab8a563fbcd02f1abf400118887f7104b88fc4421dfd5f27e5cd83929167fe1d","throwable":""}
{"timestamp":"2025-07-11T05:45:50,167","container":"ab3305442036","level":"INFO","thread":"BftProcessorExecutor-QBFT-0","class":"QbftBesuControllerBuilder","message":"Imported #90 / 0 tx / 0 pending / 0 (0.0%) gas / (0xab8a563fbcd02f1abf400118887f7104b88fc4421dfd5f27e5cd83929167fe1d)","throwable":""}
{"timestamp":"2025-07-11T05:45:50,169","container":"ab3305442036","level":"INFO","thread":"EthScheduler-Workers-0","class":"PersistBlockTask","message":"Block 90 (0xab8a563fbcd02f1abf400118887f7104b88fc4421dfd5f27e5cd83929167fe1d) is already imported","throwable":""}
{"timestamp":"2025-07-11T05:45:57,786","container":"ab3305442036","level":"INFO","thread":"BftProcessorExecutor-QBFT-0","class":"TimestampBoundedByFutureParameter","message":"Invalid block header: timestamp 1752212759 is greater than the timestamp margin 1752212758","throwable":""}
{"timestamp":"2025-07-11T05:45:57,786","container":"ab3305442036","level":"INFO","thread":"BftProcessorExecutor-QBFT-0","class":"MainnetBlockValidator","message":"Invalid block 91 (0x4b70dbfe6849f7dd80bbd369d2ca24e6e725ef7726cbc7c27369c8db74f62cd1): Optional[header validation rule violated, see logs]","throwable":""}
{"timestamp":"2025-07-11T05:45:57,787","container":"ab3305442036","level":"INFO","thread":"BftProcessorExecutor-QBFT-0","class":"ProposalPayloadValidator","message":"Invalid Proposal Payload: block did not pass validation. Reason Optional[header validation rule violated, see logs]","throwable":""}
{"timestamp":"2025-07-11T05:45:57,787","container":"ab3305442036","level":"INFO","thread":"BftProcessorExecutor-QBFT-0","class":"ProposalValidator","message":"Invalid Proposal Payload: invalid proposal payload in proposal message","throwable":""}
{"timestamp":"2025-07-11T05:45:57,787","container":"ab3305442036","level":"INFO","thread":"BftProcessorExecutor-QBFT-0","class":"QbftBlockHeightManager","message":"Received future Proposal which is illegal, no round change triggered.","throwable":""}
{"timestamp":"2025-07-11T05:45:57,808","container":"ab3305442036","level":"INFO","thread":"EthScheduler-Workers-0","class":"TimestampBoundedByFutureParameter","message":"Invalid block header: timestamp 1752212759 is greater than the timestamp margin 1752212758","throwable":""}
{"timestamp":"2025-07-11T05:45:57,808","container":"ab3305442036","level":"WARN","thread":"EthScheduler-Workers-0","class":"BlockPropagationManager","message":"Added to bad block manager for invalid header, failed to import announced block 91 (0x4b70dbfe6849f7dd80bbd369d2ca24e6e725ef7726cbc7c27369c8db74f62cd1)","throwable":""}
{"timestamp":"2025-07-11T05:45:57,809","container":"ab3305442036","level":"INFO","thread":"EthScheduler-Workers-0","class":"TimestampBoundedByFutureParameter","message":"Invalid block header: timestamp 1752212759 is greater than the timestamp margin 1752212758","throwable":""}
{"timestamp":"2025-07-11T05:45:57,809","container":"ab3305442036","level":"WARN","thread":"EthScheduler-Workers-0","class":"BlockPropagationManager","message":"Added to bad block manager for invalid header, failed to import announced block 91 (0x4b70dbfe6849f7dd80bbd369d2ca24e6e725ef7726cbc7c27369c8db74f62cd1)","throwable":""}
{"timestamp":"2025-07-11T05:45:57,811","container":"ab3305442036","level":"INFO","thread":"EthScheduler-Workers-0","class":"TimestampBoundedByFutureParameter","message":"Invalid block header: timestamp 1752212759 is greater than the timestamp margin 1752212758","throwable":""}
{"timestamp":"2025-07-11T05:45:57,811","container":"ab3305442036","level":"WARN","thread":"EthScheduler-Workers-0","class":"BlockPropagationManager","message":"Added to bad block manager for invalid header, failed to import announced block 91 (0x4b70dbfe6849f7dd80bbd369d2ca24e6e725ef7726cbc7c27369c8db74f62cd1)","throwable":""}
{"timestamp":"2025-07-11T05:46:10,221","container":"ab3305442036","level":"INFO","thread":"BftProcessorExecutor-QBFT-0","class":"QbftBesuControllerBuilder","message":"Imported #92 / 0 tx / 0 pending / 0 (0.0%) gas / (0x6e0e167c162c61f0b95614f75d022c41279afa1daed4f93a60b801970a9a9f93)","throwable":""}
{"timestamp":"2025-07-11T05:46:10,236","container":"ab3305442036","level":"INFO","thread":"EthScheduler-Workers-0","class":"PersistBlockTask","message":"Block 92 (0x6e0e167c162c61f0b95614f75d022c41279afa1daed4f93a60b801970a9a9f93) is already imported","throwable":""}
{"timestamp":"2025-07-11T05:46:15,023","container":"ab3305442036","level":"INFO","thread":"BftProcessorExecutor-QBFT-0","class":"QbftBesuControllerBuilder","message":"Produced #93 / 0 tx / 0 pending / 0 (0.0%) gas / (0x9ecba6d6936cbf823e1f574c9705c06f998c2069fbb0ee573f197ac002436caf)","throwable":""}
{"timestamp":"2025-07-11T05:46:21,798","container":"ab3305442036","level":"INFO","thread":"BftProcessorExecutor-QBFT-0","class":"TimestampBoundedByFutureParameter","message":"Invalid block header: timestamp 1752212783 is greater than the timestamp margin 1752212782","throwable":""}
{"timestamp":"2025-07-11T05:46:21,799","container":"ab3305442036","level":"INFO","thread":"BftProcessorExecutor-QBFT-0","class":"MainnetBlockValidator","message":"Invalid block 94 (0xdfcd11802e3be80500349ce65189957894692ee92b536ad1382bdcc9597e4990): Optional[header validation rule violated, see logs]","throwable":""}
{"timestamp":"2025-07-11T05:46:21,799","container":"ab3305442036","level":"INFO","thread":"BftProcessorExecutor-QBFT-0","class":"ProposalPayloadValidator","message":"Invalid Proposal Payload: block did not pass validation. Reason Optional[header validation rule violated, see logs]","throwable":""}
{"timestamp":"2025-07-11T05:46:21,799","container":"ab3305442036","level":"INFO","thread":"BftProcessorExecutor-QBFT-0","class":"ProposalValidator","message":"Invalid Proposal Payload: invalid proposal payload in proposal message","throwable":""}
{"timestamp":"2025-07-11T05:46:21,799","container":"ab3305442036","level":"INFO","thread":"BftProcessorExecutor-QBFT-0","class":"QbftBlockHeightManager","message":"Received future Proposal which is illegal, no round change triggered.","throwable":""}
{"timestamp":"2025-07-11T05:46:21,827","container":"ab3305442036","level":"INFO","thread":"EthScheduler-Workers-0","class":"TimestampBoundedByFutureParameter","message":"Invalid block header: timestamp 1752212783 is greater than the timestamp margin 1752212782","throwable":""}
{"timestamp":"2025-07-11T05:46:21,828","container":"ab3305442036","level":"WARN","thread":"EthScheduler-Workers-0","class":"BlockPropagationManager","message":"Added to bad block manager for invalid header, failed to import announced block 94 (0xdfcd11802e3be80500349ce65189957894692ee92b536ad1382bdcc9597e4990)","throwable":""}
{"timestamp":"2025-07-11T05:46:21,830","container":"ab3305442036","level":"INFO","thread":"EthScheduler-Workers-0","class":"TimestampBoundedByFutureParameter","message":"Invalid block header: timestamp 1752212783 is greater than the timestamp margin 1752212782","throwable":""}
{"timestamp":"2025-07-11T05:46:21,831","container":"ab3305442036","level":"WARN","thread":"EthScheduler-Workers-0","class":"BlockPropagationManager","message":"Added to bad block manager for invalid header, failed to import announced block 94 (0xdfcd11802e3be80500349ce65189957894692ee92b536ad1382bdcc9597e4990)","throwable":""}
{"timestamp":"2025-07-11T05:46:21,832","container":"ab3305442036","level":"INFO","thread":"EthScheduler-Workers-0","class":"TimestampBoundedByFutureParameter","message":"Invalid block header: timestamp 1752212783 is greater than the timestamp margin 1752212782","throwable":""}
{"timestamp":"2025-07-11T05:46:21,832","container":"ab3305442036","level":"WARN","thread":"EthScheduler-Workers-0","class":"BlockPropagationManager","message":"Added to bad block manager for invalid header, failed to import announced block 94 (0xdfcd11802e3be80500349ce65189957894692ee92b536ad1382bdcc9597e4990)","throwable":""}
{"timestamp":"2025-07-11T05:46:30,229","container":"ab3305442036","level":"INFO","thread":"BftProcessorExecutor-QBFT-0","class":"QbftBesuControllerBuilder","message":"Imported #95 / 0 tx / 0 pending / 0 (0.0%) gas / (0x02f90080a4fa90558c26090c332e401bce5e77f7c279ec92c16024fd84265cc8)","throwable":""}
{"timestamp":"2025-07-11T05:46:37,804","container":"ab3305442036","level":"INFO","thread":"BftProcessorExecutor-QBFT-0","class":"TimestampBoundedByFutureParameter","message":"Invalid block header: timestamp 1752212799 is greater than the timestamp margin 1752212798","throwable":""}
{"timestamp":"2025-07-11T05:46:37,804","container":"ab3305442036","level":"INFO","thread":"BftProcessorExecutor-QBFT-0","class":"MainnetBlockValidator","message":"Invalid block 96 (0x510c4097b27e478a3cd28d65aa88972dccd6ffa24d46db3d634e5d23c9156fcb): Optional[header validation rule violated, see logs]","throwable":""}
{"timestamp":"2025-07-11T05:46:37,805","container":"ab3305442036","level":"INFO","thread":"BftProcessorExecutor-QBFT-0","class":"ProposalPayloadValidator","message":"Invalid Proposal Payload: block did not pass validation. Reason Optional[header validation rule violated, see logs]","throwable":""}
{"timestamp":"2025-07-11T05:46:37,805","container":"ab3305442036","level":"INFO","thread":"BftProcessorExecutor-QBFT-0","class":"ProposalValidator","message":"Invalid Proposal Payload: invalid proposal payload in proposal message","throwable":""}
{"timestamp":"2025-07-11T05:46:37,805","container":"ab3305442036","level":"INFO","thread":"BftProcessorExecutor-QBFT-0","class":"QbftBlockHeightManager","message":"Received future Proposal which is illegal, no round change triggered.","throwable":""}
{"timestamp":"2025-07-11T05:46:37,821","container":"ab3305442036","level":"INFO","thread":"EthScheduler-Workers-0","class":"TimestampBoundedByFutureParameter","message":"Invalid block header: timestamp 1752212799 is greater than the timestamp margin 1752212798","throwable":""}
{"timestamp":"2025-07-11T05:46:37,821","container":"ab3305442036","level":"WARN","thread":"EthScheduler-Workers-0","class":"BlockPropagationManager","message":"Added to bad block manager for invalid header, failed to import announced block 96 (0x510c4097b27e478a3cd28d65aa88972dccd6ffa24d46db3d634e5d23c9156fcb)","throwable":""}
{"timestamp":"2025-07-11T05:47:00,266","container":"ab3305442036","level":"INFO","thread":"BftProcessorExecutor-QBFT-0","class":"QbftRound","message":"Importing proposed block to chain. round=ConsensusRoundIdentifier{Sequence=97, Round=1}, hash=0xc1d959271d426ea259e7b72a8b4617d112a7bf0614c0009536f161e3beca0582","throwable":""}
{"timestamp":"2025-07-11T05:47:00,277","container":"ab3305442036","level":"INFO","thread":"BftProcessorExecutor-QBFT-0","class":"QbftBesuControllerBuilder","message":"Imported #97 / 1 tx / 0 pending / 296,480 (0.0%) gas / (0xc1d959271d426ea259e7b72a8b4617d112a7bf0614c0009536f161e3beca0582)","throwable":""}
{"timestamp":"2025-07-11T05:47:07,827","container":"ab3305442036","level":"INFO","thread":"BftProcessorExecutor-QBFT-0","class":"TimestampBoundedByFutureParameter","message":"Invalid block header: timestamp 1752212829 is greater than the timestamp margin 1752212828","throwable":""}
{"timestamp":"2025-07-11T05:47:07,827","container":"ab3305442036","level":"INFO","thread":"BftProcessorExecutor-QBFT-0","class":"MainnetBlockValidator","message":"Invalid block 98 (0x22c2e916445fe4fbdbac00c9f66607dadd75a8640139aeddaed0db49178e8510): Optional[header validation rule violated, see logs]","throwable":""}
{"timestamp":"2025-07-11T05:47:07,827","container":"ab3305442036","level":"INFO","thread":"BftProcessorExecutor-QBFT-0","class":"ProposalPayloadValidator","message":"Invalid Proposal Payload: block did not pass validation. Reason Optional[header validation rule violated, see logs]","throwable":""}
{"timestamp":"2025-07-11T05:47:07,827","container":"ab3305442036","level":"INFO","thread":"BftProcessorExecutor-QBFT-0","class":"ProposalValidator","message":"Invalid Proposal Payload: invalid proposal payload in proposal message","throwable":""}
{"timestamp":"2025-07-11T05:47:07,827","container":"ab3305442036","level":"INFO","thread":"BftProcessorExecutor-QBFT-0","class":"QbftBlockHeightManager","message":"Received future Proposal which is illegal, no round change triggered.","throwable":""}
{"timestamp":"2025-07-11T05:47:07,854","container":"ab3305442036","level":"INFO","thread":"EthScheduler-Workers-0","class":"TimestampBoundedByFutureParameter","message":"Invalid block header: timestamp 1752212829 is greater than the timestamp margin 1752212828","throwable":""}
{"timestamp":"2025-07-11T05:47:07,854","container":"ab3305442036","level":"WARN","thread":"EthScheduler-Workers-0","class":"BlockPropagationManager","message":"Added to bad block manager for invalid header, failed to import announced block 98 (0x22c2e916445fe4fbdbac00c9f66607dadd75a8640139aeddaed0db49178e8510)","throwable":""}
{"timestamp":"2025-07-11T05:47:07,858","container":"ab3305442036","level":"INFO","thread":"EthScheduler-Workers-0","class":"TimestampBoundedByFutureParameter","message":"Invalid block header: timestamp 1752212829 is greater than the timestamp margin 1752212828","throwable":""}
{"timestamp":"2025-07-11T05:47:07,858","container":"ab3305442036","level":"WARN","thread":"EthScheduler-Workers-0","class":"BlockPropagationManager","message":"Added to bad block manager for invalid header, failed to import announced block 98 (0x22c2e916445fe4fbdbac00c9f66607dadd75a8640139aeddaed0db49178e8510)","throwable":""}
{"timestamp":"2025-07-11T05:47:20,285","container":"ab3305442036","level":"INFO","thread":"BftProcessorExecutor-QBFT-0","class":"QbftBesuControllerBuilder","message":"Imported #99 / 0 tx / 0 pending / 0 (0.0%) gas / (0x09167f0358480770b5cbc825ef5c462cf07c79a3305a7842ba00b005cb1e05b6)","throwable":""}
{"timestamp":"2025-07-11T05:47:25,041","container":"ab3305442036","level":"INFO","thread":"BftProcessorExecutor-QBFT-0","class":"QbftBesuControllerBuilder","message":"Produced #100 / 0 tx / 0 pending / 0 (0.0%) gas / (0xfd9454f306d30f32a3d004f56844163f8e64ab9b0053d63c083dcfd10fe556d4)","throwable":""}
{"timestamp":"2025-07-11T05:47:31,832","container":"ab3305442036","level":"INFO","thread":"BftProcessorExecutor-QBFT-0","class":"TimestampBoundedByFutureParameter","message":"Invalid block header: timestamp 1752212853 is greater than the timestamp margin 1752212852","throwable":""}
{"timestamp":"2025-07-11T05:47:31,833","container":"ab3305442036","level":"INFO","thread":"BftProcessorExecutor-QBFT-0","class":"MainnetBlockValidator","message":"Invalid block 101 (0xef86d2a8b5b5e402e2fca7748a372862262da1c75eba2c124e5f8e39cb51dd11): Optional[header validation rule violated, see logs]","throwable":""}
{"timestamp":"2025-07-11T05:47:31,833","container":"ab3305442036","level":"INFO","thread":"BftProcessorExecutor-QBFT-0","class":"ProposalPayloadValidator","message":"Invalid Proposal Payload: block did not pass validation. Reason Optional[header validation rule violated, see logs]","throwable":""}
{"timestamp":"2025-07-11T05:47:31,833","container":"ab3305442036","level":"INFO","thread":"BftProcessorExecutor-QBFT-0","class":"ProposalValidator","message":"Invalid Proposal Payload: invalid proposal payload in proposal message","throwable":""}
{"timestamp":"2025-07-11T05:47:31,833","container":"ab3305442036","level":"INFO","thread":"BftProcessorExecutor-QBFT-0","class":"QbftBlockHeightManager","message":"Received future Proposal which is illegal, no round change triggered.","throwable":""}
{"timestamp":"2025-07-11T05:47:31,855","container":"ab3305442036","level":"INFO","thread":"EthScheduler-Workers-0","class":"TimestampBoundedByFutureParameter","message":"Invalid block header: timestamp 1752212853 is greater than the timestamp margin 1752212852","throwable":""}
{"timestamp":"2025-07-11T05:47:31,856","container":"ab3305442036","level":"WARN","thread":"EthScheduler-Workers-0","class":"BlockPropagationManager","message":"Added to bad block manager for invalid header, failed to import announced block 101 (0xef86d2a8b5b5e402e2fca7748a372862262da1c75eba2c124e5f8e39cb51dd11)","throwable":""}
{"timestamp":"2025-07-11T05:47:40,341","container":"ab3305442036","level":"INFO","thread":"BftProcessorExecutor-QBFT-0","class":"QbftBesuControllerBuilder","message":"Imported #102 / 1 tx / 0 pending / 296,480 (0.0%) gas / (0x643b659aa68752d4d6543c9a00d9da5af66145262377f64801a321d188a6ac2e)","throwable":""}
{"timestamp":"2025-07-11T05:47:47,844","container":"ab3305442036","level":"INFO","thread":"BftProcessorExecutor-QBFT-0","class":"TimestampBoundedByFutureParameter","message":"Invalid block header: timestamp 1752212869 is greater than the timestamp margin 1752212868","throwable":""}
{"timestamp":"2025-07-11T05:47:47,845","container":"ab3305442036","level":"INFO","thread":"BftProcessorExecutor-QBFT-0","class":"MainnetBlockValidator","message":"Invalid block 103 (0x5658a016b68caff8f5eca39eaf04b9246785e840565b32d97b5345989a6ee2bf): Optional[header validation rule violated, see logs]","throwable":""}
{"timestamp":"2025-07-11T05:47:47,845","container":"ab3305442036","level":"INFO","thread":"BftProcessorExecutor-QBFT-0","class":"ProposalPayloadValidator","message":"Invalid Proposal Payload: block did not pass validation. Reason Optional[header validation rule violated, see logs]","throwable":""}
{"timestamp":"2025-07-11T05:47:47,845","container":"ab3305442036","level":"INFO","thread":"BftProcessorExecutor-QBFT-0","class":"ProposalValidator","message":"Invalid Proposal Payload: invalid proposal payload in proposal message","throwable":""}
{"timestamp":"2025-07-11T05:47:47,846","container":"ab3305442036","level":"INFO","thread":"BftProcessorExecutor-QBFT-0","class":"QbftBlockHeightManager","message":"Received future Proposal which is illegal, no round change triggered.","throwable":""}
{"timestamp":"2025-07-11T05:47:47,879","container":"ab3305442036","level":"INFO","thread":"EthScheduler-Workers-0","class":"TimestampBoundedByFutureParameter","message":"Invalid block header: timestamp 1752212869 is greater than the timestamp margin 1752212868","throwable":""}
{"timestamp":"2025-07-11T05:47:47,881","container":"ab3305442036","level":"WARN","thread":"EthScheduler-Workers-0","class":"BlockPropagationManager","message":"Added to bad block manager for invalid header, failed to import announced block 103 (0x5658a016b68caff8f5eca39eaf04b9246785e840565b32d97b5345989a6ee2bf)","throwable":""}
{"timestamp":"2025-07-11T05:47:47,881","container":"ab3305442036","level":"INFO","thread":"EthScheduler-Workers-0","class":"TimestampBoundedByFutureParameter","message":"Invalid block header: timestamp 1752212869 is greater than the timestamp margin 1752212868","throwable":""}
{"timestamp":"2025-07-11T05:47:47,882","container":"ab3305442036","level":"WARN","thread":"EthScheduler-Workers-0","class":"BlockPropagationManager","message":"Added to bad block manager for invalid header, failed to import announced block 103 (0x5658a016b68caff8f5eca39eaf04b9246785e840565b32d97b5345989a6ee2bf)","throwable":""}
{"timestamp":"2025-07-11T05:48:10,359","container":"ab3305442036","level":"INFO","thread":"BftProcessorExecutor-QBFT-0","class":"QbftRound","message":"Importing proposed block to chain. round=ConsensusRoundIdentifier{Sequence=104, Round=1}, hash=0x9145d47511fc854cb0ebd1f48b14327fd1f280cc48b8bdc21e1ba1d115ac7e26","throwable":""}
{"timestamp":"2025-07-11T05:48:10,372","container":"ab3305442036","level":"INFO","thread":"BftProcessorExecutor-QBFT-0","class":"QbftBesuControllerBuilder","message":"Imported #104 / 0 tx / 0 pending / 0 (0.0%) gas / (0x9145d47511fc854cb0ebd1f48b14327fd1f280cc48b8bdc21e1ba1d115ac7e26)","throwable":""}
{"timestamp":"2025-07-11T05:48:17,856","container":"ab3305442036","level":"INFO","thread":"BftProcessorExecutor-QBFT-0","class":"TimestampBoundedByFutureParameter","message":"Invalid block header: timestamp 1752212899 is greater than the timestamp margin 1752212898","throwable":""}
{"timestamp":"2025-07-11T05:48:17,856","container":"ab3305442036","level":"INFO","thread":"BftProcessorExecutor-QBFT-0","class":"MainnetBlockValidator","message":"Invalid block 105 (0xd160e49d78c99ea79fe63460d90e2992b956b52755e2677f2f8eb7497b92f6c5): Optional[header validation rule violated, see logs]","throwable":""}
{"timestamp":"2025-07-11T05:48:17,857","container":"ab3305442036","level":"INFO","thread":"BftProcessorExecutor-QBFT-0","class":"ProposalPayloadValidator","message":"Invalid Proposal Payload: block did not pass validation. Reason Optional[header validation rule violated, see logs]","throwable":""}
{"timestamp":"2025-07-11T05:48:17,857","container":"ab3305442036","level":"INFO","thread":"BftProcessorExecutor-QBFT-0","class":"ProposalValidator","message":"Invalid Proposal Payload: invalid proposal payload in proposal message","throwable":""}
{"timestamp":"2025-07-11T05:48:17,857","container":"ab3305442036","level":"INFO","thread":"BftProcessorExecutor-QBFT-0","class":"QbftBlockHeightManager","message":"Received future Proposal which is illegal, no round change triggered.","throwable":""}
{"timestamp":"2025-07-11T05:48:17,878","container":"ab3305442036","level":"INFO","thread":"EthScheduler-Workers-0","class":"TimestampBoundedByFutureParameter","message":"Invalid block header: timestamp 1752212899 is greater than the timestamp margin 1752212898","throwable":""}
{"timestamp":"2025-07-11T05:48:17,879","container":"ab3305442036","level":"WARN","thread":"EthScheduler-Workers-0","class":"BlockPropagationManager","message":"Added to bad block manager for invalid header, failed to import announced block 105 (0xd160e49d78c99ea79fe63460d90e2992b956b52755e2677f2f8eb7497b92f6c5)","throwable":""}
{"timestamp":"2025-07-11T05:48:17,880","container":"ab3305442036","level":"INFO","thread":"EthScheduler-Workers-0","class":"TimestampBoundedByFutureParameter","message":"Invalid block header: timestamp 1752212899 is greater than the timestamp margin 1752212898","throwable":""}
{"timestamp":"2025-07-11T05:48:17,880","container":"ab3305442036","level":"WARN","thread":"EthScheduler-Workers-0","class":"BlockPropagationManager","message":"Added to bad block manager for invalid header, failed to import announced block 105 (0xd160e49d78c99ea79fe63460d90e2992b956b52755e2677f2f8eb7497b92f6c5)","throwable":""}
{"timestamp":"2025-07-11T05:48:17,881","container":"ab3305442036","level":"INFO","thread":"EthScheduler-Workers-0","class":"TimestampBoundedByFutureParameter","message":"Invalid block header: timestamp 1752212899 is greater than the timestamp margin 1752212898","throwable":""}
{"timestamp":"2025-07-11T05:48:17,881","container":"ab3305442036","level":"WARN","thread":"EthScheduler-Workers-0","class":"BlockPropagationManager","message":"Added to bad block manager for invalid header, failed to import announced block 105 (0xd160e49d78c99ea79fe63460d90e2992b956b52755e2677f2f8eb7497b92f6c5)","throwable":""}
{"timestamp":"2025-07-11T05:48:30,405","container":"ab3305442036","level":"INFO","thread":"BftProcessorExecutor-QBFT-0","class":"QbftBesuControllerBuilder","message":"Imported #106 / 0 tx / 0 pending / 0 (0.0%) gas / (0xbf01ff51a33e0abb15d9c29c693a983c937a9fa1c8abe3c7a9173907168ad2bb)","throwable":""}
{"timestamp":"2025-07-11T05:48:35,015","container":"ab3305442036","level":"INFO","thread":"BftProcessorExecutor-QBFT-0","class":"QbftBesuControllerBuilder","message":"Produced #107 / 0 tx / 0 pending / 0 (0.0%) gas / (0xcbe77e3a992248e21be799ece0a74b3a71ffb6a4cdb35c8603499d25f198e213)","throwable":""}
{"timestamp":"2025-07-11T05:48:41,866","container":"ab3305442036","level":"INFO","thread":"BftProcessorExecutor-QBFT-0","class":"TimestampBoundedByFutureParameter","message":"Invalid block header: timestamp 1752212923 is greater than the timestamp margin 1752212922","throwable":""}
{"timestamp":"2025-07-11T05:48:41,866","container":"ab3305442036","level":"INFO","thread":"BftProcessorExecutor-QBFT-0","class":"MainnetBlockValidator","message":"Invalid block 108 (0xa2bd92f1aa4937557bcbc8f06c36cd30d6ae067e6f74a78c8a4998d2a246ea79): Optional[header validation rule violated, see logs]","throwable":""}
{"timestamp":"2025-07-11T05:48:41,867","container":"ab3305442036","level":"INFO","thread":"BftProcessorExecutor-QBFT-0","class":"ProposalPayloadValidator","message":"Invalid Proposal Payload: block did not pass validation. Reason Optional[header validation rule violated, see logs]","throwable":""}
{"timestamp":"2025-07-11T05:48:41,867","container":"ab3305442036","level":"INFO","thread":"BftProcessorExecutor-QBFT-0","class":"ProposalValidator","message":"Invalid Proposal Payload: invalid proposal payload in proposal message","throwable":""}
{"timestamp":"2025-07-11T05:48:41,867","container":"ab3305442036","level":"INFO","thread":"BftProcessorExecutor-QBFT-0","class":"QbftBlockHeightManager","message":"Received future Proposal which is illegal, no round change triggered.","throwable":""}
{"timestamp":"2025-07-11T05:48:41,882","container":"ab3305442036","level":"INFO","thread":"EthScheduler-Workers-0","class":"TimestampBoundedByFutureParameter","message":"Invalid block header: timestamp 1752212923 is greater than the timestamp margin 1752212922","throwable":""}
{"timestamp":"2025-07-11T05:48:41,882","container":"ab3305442036","level":"WARN","thread":"EthScheduler-Workers-0","class":"BlockPropagationManager","message":"Added to bad block manager for invalid header, failed to import announced block 108 (0xa2bd92f1aa4937557bcbc8f06c36cd30d6ae067e6f74a78c8a4998d2a246ea79)","throwable":""}
{"timestamp":"2025-07-11T05:48:50,428","container":"ab3305442036","level":"INFO","thread":"BftProcessorExecutor-QBFT-0","class":"QbftBesuControllerBuilder","message":"Imported #109 / 0 tx / 0 pending / 0 (0.0%) gas / (0x1908a8f1b97888998b5d962c7dda80ec13c00c4ee9c7e6727c6d9dd2b54b4d03)","throwable":""}
{"timestamp":"2025-07-11T05:48:57,877","container":"ab3305442036","level":"INFO","thread":"BftProcessorExecutor-QBFT-0","class":"TimestampBoundedByFutureParameter","message":"Invalid block header: timestamp 1752212939 is greater than the timestamp margin 1752212938","throwable":""}
{"timestamp":"2025-07-11T05:48:57,877","container":"ab3305442036","level":"INFO","thread":"BftProcessorExecutor-QBFT-0","class":"MainnetBlockValidator","message":"Invalid block 110 (0xd93aeb4522b0292ae8538d111739af4b2a567fa49c3bedbe9e9c719982893e2a): Optional[header validation rule violated, see logs]","throwable":""}
{"timestamp":"2025-07-11T05:48:57,877","container":"ab3305442036","level":"INFO","thread":"BftProcessorExecutor-QBFT-0","class":"ProposalPayloadValidator","message":"Invalid Proposal Payload: block did not pass validation. Reason Optional[header validation rule violated, see logs]","throwable":""}
{"timestamp":"2025-07-11T05:48:57,877","container":"ab3305442036","level":"INFO","thread":"BftProcessorExecutor-QBFT-0","class":"ProposalValidator","message":"Invalid Proposal Payload: invalid proposal payload in proposal message","throwable":""}
{"timestamp":"2025-07-11T05:48:57,877","container":"ab3305442036","level":"INFO","thread":"BftProcessorExecutor-QBFT-0","class":"QbftBlockHeightManager","message":"Received future Proposal which is illegal, no round change triggered.","throwable":""}
{"timestamp":"2025-07-11T05:48:57,900","container":"ab3305442036","level":"INFO","thread":"EthScheduler-Workers-0","class":"TimestampBoundedByFutureParameter","message":"Invalid block header: timestamp 1752212939 is greater than the timestamp margin 1752212938","throwable":""}
{"timestamp":"2025-07-11T05:48:57,900","container":"ab3305442036","level":"WARN","thread":"EthScheduler-Workers-0","class":"BlockPropagationManager","message":"Added to bad block manager for invalid header, failed to import announced block 110 (0xd93aeb4522b0292ae8538d111739af4b2a567fa49c3bedbe9e9c719982893e2a)","throwable":""}
{"timestamp":"2025-07-11T05:48:57,901","container":"ab3305442036","level":"INFO","thread":"EthScheduler-Workers-0","class":"TimestampBoundedByFutureParameter","message":"Invalid block header: timestamp 1752212939 is greater than the timestamp margin 1752212938","throwable":""}
{"timestamp":"2025-07-11T05:48:57,902","container":"ab3305442036","level":"WARN","thread":"EthScheduler-Workers-0","class":"BlockPropagationManager","message":"Added to bad block manager for invalid header, failed to import announced block 110 (0xd93aeb4522b0292ae8538d111739af4b2a567fa49c3bedbe9e9c719982893e2a)","throwable":""}
{"timestamp":"2025-07-11T05:49:20,438","container":"ab3305442036","level":"INFO","thread":"BftProcessorExecutor-QBFT-0","class":"QbftRound","message":"Importing proposed block to chain. round=ConsensusRoundIdentifier{Sequence=111, Round=1}, hash=0x6096198ed479ecffed1a180c0464c53463938eef89bade052fb133d0f4e0b38f","throwable":""}
{"timestamp":"2025-07-11T05:49:20,442","container":"ab3305442036","level":"INFO","thread":"BftProcessorExecutor-QBFT-0","class":"QbftBesuControllerBuilder","message":"Imported #111 / 0 tx / 0 pending / 0 (0.0%) gas / (0x6096198ed479ecffed1a180c0464c53463938eef89bade052fb133d0f4e0b38f)","throwable":""}
{"timestamp":"2025-07-11T05:49:27,889","container":"ab3305442036","level":"INFO","thread":"BftProcessorExecutor-QBFT-0","class":"TimestampBoundedByFutureParameter","message":"Invalid block header: timestamp 1752212969 is greater than the timestamp margin 1752212968","throwable":""}
{"timestamp":"2025-07-11T05:49:27,889","container":"ab3305442036","level":"INFO","thread":"BftProcessorExecutor-QBFT-0","class":"MainnetBlockValidator","message":"Invalid block 112 (0x308f6e5b3a042d916e3436a2c4aab090e82fbda4e9c22a4d24008c0c33a4404a): Optional[header validation rule violated, see logs]","throwable":""}
{"timestamp":"2025-07-11T05:49:27,889","container":"ab3305442036","level":"INFO","thread":"BftProcessorExecutor-QBFT-0","class":"ProposalPayloadValidator","message":"Invalid Proposal Payload: block did not pass validation. Reason Optional[header validation rule violated, see logs]","throwable":""}
{"timestamp":"2025-07-11T05:49:27,890","container":"ab3305442036","level":"INFO","thread":"BftProcessorExecutor-QBFT-0","class":"ProposalValidator","message":"Invalid Proposal Payload: invalid proposal payload in proposal message","throwable":""}
{"timestamp":"2025-07-11T05:49:27,890","container":"ab3305442036","level":"INFO","thread":"BftProcessorExecutor-QBFT-0","class":"QbftBlockHeightManager","message":"Received future Proposal which is illegal, no round change triggered.","throwable":""}
{"timestamp":"2025-07-11T05:49:27,901","container":"ab3305442036","level":"INFO","thread":"EthScheduler-Workers-0","class":"TimestampBoundedByFutureParameter","message":"Invalid block header: timestamp 1752212969 is greater than the timestamp margin 1752212968","throwable":""}
{"timestamp":"2025-07-11T05:49:27,901","container":"ab3305442036","level":"WARN","thread":"EthScheduler-Workers-0","class":"BlockPropagationManager","message":"Added to bad block manager for invalid header, failed to import announced block 112 (0x308f6e5b3a042d916e3436a2c4aab090e82fbda4e9c22a4d24008c0c33a4404a)","throwable":""}
{"timestamp":"2025-07-11T05:49:27,902","container":"ab3305442036","level":"INFO","thread":"EthScheduler-Workers-0","class":"TimestampBoundedByFutureParameter","message":"Invalid block header: timestamp 1752212969 is greater than the timestamp margin 1752212968","throwable":""}
{"timestamp":"2025-07-11T05:49:27,902","container":"ab3305442036","level":"WARN","thread":"EthScheduler-Workers-0","class":"BlockPropagationManager","message":"Added to bad block manager for invalid header, failed to import announced block 112 (0x308f6e5b3a042d916e3436a2c4aab090e82fbda4e9c22a4d24008c0c33a4404a)","throwable":""}
{"timestamp":"2025-07-11T05:49:27,905","container":"ab3305442036","level":"INFO","thread":"EthScheduler-Workers-0","class":"TimestampBoundedByFutureParameter","message":"Invalid block header: timestamp 1752212969 is greater than the timestamp margin 1752212968","throwable":""}
{"timestamp":"2025-07-11T05:49:27,905","container":"ab3305442036","level":"WARN","thread":"EthScheduler-Workers-0","class":"BlockPropagationManager","message":"Added to bad block manager for invalid header, failed to import announced block 112 (0x308f6e5b3a042d916e3436a2c4aab090e82fbda4e9c22a4d24008c0c33a4404a)","throwable":""}
{"timestamp":"2025-07-11T05:49:40,481","container":"ab3305442036","level":"INFO","thread":"BftProcessorExecutor-QBFT-0","class":"QbftBesuControllerBuilder","message":"Imported #113 / 0 tx / 0 pending / 0 (0.0%) gas / (0x40ed5563d0d38fbb15f3adde7bb3a4468c1780bce5d203879ffbc808b60b774c)","throwable":""}
{"timestamp":"2025-07-11T05:49:45,029","container":"ab3305442036","level":"INFO","thread":"BftProcessorExecutor-QBFT-0","class":"QbftBesuControllerBuilder","message":"Produced #114 / 0 tx / 0 pending / 0 (0.0%) gas / (0xddd89787d02ffc5656a6db1182bc08774754f649d4e57ee99b4fd476137cc7d7)","throwable":""}
{"timestamp":"2025-07-11T05:49:51,904","container":"ab3305442036","level":"INFO","thread":"BftProcessorExecutor-QBFT-0","class":"TimestampBoundedByFutureParameter","message":"Invalid block header: timestamp 1752212993 is greater than the timestamp margin 1752212992","throwable":""}
{"timestamp":"2025-07-11T05:49:51,904","container":"ab3305442036","level":"INFO","thread":"BftProcessorExecutor-QBFT-0","class":"MainnetBlockValidator","message":"Invalid block 115 (0xb627c66e16b3f3e6180ed273690d6e234b3d8dc6bb5d35bb3e924f93fcef0df2): Optional[header validation rule violated, see logs]","throwable":""}
{"timestamp":"2025-07-11T05:49:51,905","container":"ab3305442036","level":"INFO","thread":"BftProcessorExecutor-QBFT-0","class":"ProposalPayloadValidator","message":"Invalid Proposal Payload: block did not pass validation. Reason Optional[header validation rule violated, see logs]","throwable":""}
{"timestamp":"2025-07-11T05:49:51,905","container":"ab3305442036","level":"INFO","thread":"BftProcessorExecutor-QBFT-0","class":"ProposalValidator","message":"Invalid Proposal Payload: invalid proposal payload in proposal message","throwable":""}
{"timestamp":"2025-07-11T05:49:51,905","container":"ab3305442036","level":"INFO","thread":"BftProcessorExecutor-QBFT-0","class":"QbftBlockHeightManager","message":"Received future Proposal which is illegal, no round change triggered.","throwable":""}
{"timestamp":"2025-07-11T05:49:51,925","container":"ab3305442036","level":"INFO","thread":"EthScheduler-Workers-0","class":"TimestampBoundedByFutureParameter","message":"Invalid block header: timestamp 1752212993 is greater than the timestamp margin 1752212992","throwable":""}
{"timestamp":"2025-07-11T05:49:51,927","container":"ab3305442036","level":"WARN","thread":"EthScheduler-Workers-0","class":"BlockPropagationManager","message":"Added to bad block manager for invalid header, failed to import announced block 115 (0xb627c66e16b3f3e6180ed273690d6e234b3d8dc6bb5d35bb3e924f93fcef0df2)","throwable":""}
{"timestamp":"2025-07-11T05:49:51,930","container":"ab3305442036","level":"INFO","thread":"EthScheduler-Workers-0","class":"TimestampBoundedByFutureParameter","message":"Invalid block header: timestamp 1752212993 is greater than the timestamp margin 1752212992","throwable":""}
{"timestamp":"2025-07-11T05:49:51,930","container":"ab3305442036","level":"WARN","thread":"EthScheduler-Workers-0","class":"BlockPropagationManager","message":"Added to bad block manager for invalid header, failed to import announced block 115 (0xb627c66e16b3f3e6180ed273690d6e234b3d8dc6bb5d35bb3e924f93fcef0df2)","throwable":""}
{"timestamp":"2025-07-11T05:50:00,532","container":"ab3305442036","level":"INFO","thread":"BftProcessorExecutor-QBFT-0","class":"QbftBesuControllerBuilder","message":"Imported #116 / 0 tx / 0 pending / 0 (0.0%) gas / (0xb5125211b3e22f4eaa87e7023da8741cf56b6c0fe9f7d0edbeaace6dab3948a5)","throwable":""}
{"timestamp":"2025-07-11T05:50:00,533","container":"ab3305442036","level":"INFO","thread":"EthScheduler-Workers-0","class":"PersistBlockTask","message":"Block 116 (0xb5125211b3e22f4eaa87e7023da8741cf56b6c0fe9f7d0edbeaace6dab3948a5) is already imported","throwable":""}
{"timestamp":"2025-07-11T05:50:07,911","container":"ab3305442036","level":"INFO","thread":"BftProcessorExecutor-QBFT-0","class":"TimestampBoundedByFutureParameter","message":"Invalid block header: timestamp 1752213009 is greater than the timestamp margin 1752213008","throwable":""}
{"timestamp":"2025-07-11T05:50:07,912","container":"ab3305442036","level":"INFO","thread":"BftProcessorExecutor-QBFT-0","class":"MainnetBlockValidator","message":"Invalid block 117 (0xe54c0314c362c414072e64691a4a14d63658074140c87048d58f693bde796cbe): Optional[header validation rule violated, see logs]","throwable":""}
{"timestamp":"2025-07-11T05:50:07,912","container":"ab3305442036","level":"INFO","thread":"BftProcessorExecutor-QBFT-0","class":"ProposalPayloadValidator","message":"Invalid Proposal Payload: block did not pass validation. Reason Optional[header validation rule violated, see logs]","throwable":""}
{"timestamp":"2025-07-11T05:50:07,912","container":"ab3305442036","level":"INFO","thread":"BftProcessorExecutor-QBFT-0","class":"ProposalValidator","message":"Invalid Proposal Payload: invalid proposal payload in proposal message","throwable":""}
{"timestamp":"2025-07-11T05:50:07,912","container":"ab3305442036","level":"INFO","thread":"BftProcessorExecutor-QBFT-0","class":"QbftBlockHeightManager","message":"Received future Proposal which is illegal, no round change triggered.","throwable":""}
{"timestamp":"2025-07-11T05:50:07,933","container":"ab3305442036","level":"INFO","thread":"EthScheduler-Workers-0","class":"TimestampBoundedByFutureParameter","message":"Invalid block header: timestamp 1752213009 is greater than the timestamp margin 1752213008","throwable":""}
{"timestamp":"2025-07-11T05:50:07,933","container":"ab3305442036","level":"WARN","thread":"EthScheduler-Workers-0","class":"BlockPropagationManager","message":"Added to bad block manager for invalid header, failed to import announced block 117 (0xe54c0314c362c414072e64691a4a14d63658074140c87048d58f693bde796cbe)","throwable":""}
{"timestamp":"2025-07-11T05:50:07,933","container":"ab3305442036","level":"INFO","thread":"EthScheduler-Workers-0","class":"TimestampBoundedByFutureParameter","message":"Invalid block header: timestamp 1752213009 is greater than the timestamp margin 1752213008","throwable":""}
{"timestamp":"2025-07-11T05:50:07,934","container":"ab3305442036","level":"WARN","thread":"EthScheduler-Workers-0","class":"BlockPropagationManager","message":"Added to bad block manager for invalid header, failed to import announced block 117 (0xe54c0314c362c414072e64691a4a14d63658074140c87048d58f693bde796cbe)","throwable":""}
{"timestamp":"2025-07-11T05:50:30,553","container":"ab3305442036","level":"INFO","thread":"BftProcessorExecutor-QBFT-0","class":"QbftRound","message":"Importing proposed block to chain. round=ConsensusRoundIdentifier{Sequence=118, Round=1}, hash=0x4c9a2632d2721fdae4576e4b02a19ee31e8c28024b27425c564c4742285473a4","throwable":""}
{"timestamp":"2025-07-11T05:50:30,557","container":"ab3305442036","level":"INFO","thread":"BftProcessorExecutor-QBFT-0","class":"QbftBesuControllerBuilder","message":"Imported #118 / 0 tx / 0 pending / 0 (0.0%) gas / (0x4c9a2632d2721fdae4576e4b02a19ee31e8c28024b27425c564c4742285473a4)","throwable":""}
{"timestamp":"2025-07-11T05:50:37,926","container":"ab3305442036","level":"INFO","thread":"BftProcessorExecutor-QBFT-0","class":"TimestampBoundedByFutureParameter","message":"Invalid block header: timestamp 1752213039 is greater than the timestamp margin 1752213038","throwable":""}
{"timestamp":"2025-07-11T05:50:37,927","container":"ab3305442036","level":"INFO","thread":"BftProcessorExecutor-QBFT-0","class":"MainnetBlockValidator","message":"Invalid block 119 (0xcd59a842e287bf2cd10676a8b74bfb24b62226c6436dae91c4f7b5eca971baa0): Optional[header validation rule violated, see logs]","throwable":""}
{"timestamp":"2025-07-11T05:50:37,927","container":"ab3305442036","level":"INFO","thread":"BftProcessorExecutor-QBFT-0","class":"ProposalPayloadValidator","message":"Invalid Proposal Payload: block did not pass validation. Reason Optional[header validation rule violated, see logs]","throwable":""}
{"timestamp":"2025-07-11T05:50:37,927","container":"ab3305442036","level":"INFO","thread":"BftProcessorExecutor-QBFT-0","class":"ProposalValidator","message":"Invalid Proposal Payload: invalid proposal payload in proposal message","throwable":""}
{"timestamp":"2025-07-11T05:50:37,927","container":"ab3305442036","level":"INFO","thread":"BftProcessorExecutor-QBFT-0","class":"QbftBlockHeightManager","message":"Received future Proposal which is illegal, no round change triggered.","throwable":""}
{"timestamp":"2025-07-11T05:50:37,948","container":"ab3305442036","level":"INFO","thread":"EthScheduler-Workers-0","class":"TimestampBoundedByFutureParameter","message":"Invalid block header: timestamp 1752213039 is greater than the timestamp margin 1752213038","throwable":""}
{"timestamp":"2025-07-11T05:50:37,948","container":"ab3305442036","level":"WARN","thread":"EthScheduler-Workers-0","class":"BlockPropagationManager","message":"Added to bad block manager for invalid header, failed to import announced block 119 (0xcd59a842e287bf2cd10676a8b74bfb24b62226c6436dae91c4f7b5eca971baa0)","throwable":""}
{"timestamp":"2025-07-11T05:50:37,949","container":"ab3305442036","level":"INFO","thread":"EthScheduler-Workers-0","class":"TimestampBoundedByFutureParameter","message":"Invalid block header: timestamp 1752213039 is greater than the timestamp margin 1752213038","throwable":""}
{"timestamp":"2025-07-11T05:50:37,950","container":"ab3305442036","level":"WARN","thread":"EthScheduler-Workers-0","class":"BlockPropagationManager","message":"Added to bad block manager for invalid header, failed to import announced block 119 (0xcd59a842e287bf2cd10676a8b74bfb24b62226c6436dae91c4f7b5eca971baa0)","throwable":""}
{"timestamp":"2025-07-11T05:50:50,561","container":"ab3305442036","level":"INFO","thread":"BftProcessorExecutor-QBFT-0","class":"QbftBesuControllerBuilder","message":"Imported #120 / 0 tx / 0 pending / 0 (0.0%) gas / (0x5bf14a6b390a2d32e4a8e805f91b493c35007ca7bb2bf98517fe581e1efde063)","throwable":""}
{"timestamp":"2025-07-11T05:50:55,039","container":"ab3305442036","level":"INFO","thread":"BftProcessorExecutor-QBFT-0","class":"QbftBesuControllerBuilder","message":"Produced #121 / 0 tx / 0 pending / 0 (0.0%) gas / (0x61bfe8cfd6435474a25edb43ef1c3d4e9b8b4046edaf282149ab00d15b5d0ec2)","throwable":""}
{"timestamp":"2025-07-11T05:51:01,938","container":"ab3305442036","level":"INFO","thread":"BftProcessorExecutor-QBFT-0","class":"TimestampBoundedByFutureParameter","message":"Invalid block header: timestamp 1752213063 is greater than the timestamp margin 1752213062","throwable":""}
{"timestamp":"2025-07-11T05:51:01,938","container":"ab3305442036","level":"INFO","thread":"BftProcessorExecutor-QBFT-0","class":"MainnetBlockValidator","message":"Invalid block 122 (0x6b5da75a76c42abe395b7edc771273e16b4001ed967fd28ccbe012ca1ff9ce74): Optional[header validation rule violated, see logs]","throwable":""}
{"timestamp":"2025-07-11T05:51:01,938","container":"ab3305442036","level":"INFO","thread":"BftProcessorExecutor-QBFT-0","class":"ProposalPayloadValidator","message":"Invalid Proposal Payload: block did not pass validation. Reason Optional[header validation rule violated, see logs]","throwable":""}
{"timestamp":"2025-07-11T05:51:01,938","container":"ab3305442036","level":"INFO","thread":"BftProcessorExecutor-QBFT-0","class":"ProposalValidator","message":"Invalid Proposal Payload: invalid proposal payload in proposal message","throwable":""}
{"timestamp":"2025-07-11T05:51:01,939","container":"ab3305442036","level":"INFO","thread":"BftProcessorExecutor-QBFT-0","class":"QbftBlockHeightManager","message":"Received future Proposal which is illegal, no round change triggered.","throwable":""}
{"timestamp":"2025-07-11T05:51:01,963","container":"ab3305442036","level":"INFO","thread":"EthScheduler-Workers-0","class":"TimestampBoundedByFutureParameter","message":"Invalid block header: timestamp 1752213063 is greater than the timestamp margin 1752213062","throwable":""}
{"timestamp":"2025-07-11T05:51:01,963","container":"ab3305442036","level":"WARN","thread":"EthScheduler-Workers-0","class":"BlockPropagationManager","message":"Added to bad block manager for invalid header, failed to import announced block 122 (0x6b5da75a76c42abe395b7edc771273e16b4001ed967fd28ccbe012ca1ff9ce74)","throwable":""}
{"timestamp":"2025-07-11T05:51:01,966","container":"ab3305442036","level":"INFO","thread":"EthScheduler-Workers-0","class":"TimestampBoundedByFutureParameter","message":"Invalid block header: timestamp 1752213063 is greater than the timestamp margin 1752213062","throwable":""}
{"timestamp":"2025-07-11T05:51:01,966","container":"ab3305442036","level":"WARN","thread":"EthScheduler-Workers-0","class":"BlockPropagationManager","message":"Added to bad block manager for invalid header, failed to import announced block 122 (0x6b5da75a76c42abe395b7edc771273e16b4001ed967fd28ccbe012ca1ff9ce74)","throwable":""}
{"timestamp":"2025-07-11T05:51:01,967","container":"ab3305442036","level":"INFO","thread":"EthScheduler-Workers-0","class":"TimestampBoundedByFutureParameter","message":"Invalid block header: timestamp 1752213063 is greater than the timestamp margin 1752213062","throwable":""}
{"timestamp":"2025-07-11T05:51:01,967","container":"ab3305442036","level":"WARN","thread":"EthScheduler-Workers-0","class":"BlockPropagationManager","message":"Added to bad block manager for invalid header, failed to import announced block 122 (0x6b5da75a76c42abe395b7edc771273e16b4001ed967fd28ccbe012ca1ff9ce74)","throwable":""}
{"timestamp":"2025-07-11T05:51:10,602","container":"ab3305442036","level":"INFO","thread":"BftProcessorExecutor-QBFT-0","class":"QbftBesuControllerBuilder","message":"Imported #123 / 0 tx / 0 pending / 0 (0.0%) gas / (0x4f8632e6c76651adb51131d0d6689a5dda2361e68edc6530dea366d7abf160d3)","throwable":""}
{"timestamp":"2025-07-11T05:51:17,946","container":"ab3305442036","level":"INFO","thread":"BftProcessorExecutor-QBFT-0","class":"TimestampBoundedByFutureParameter","message":"Invalid block header: timestamp 1752213079 is greater than the timestamp margin 1752213078","throwable":""}
{"timestamp":"2025-07-11T05:51:17,946","container":"ab3305442036","level":"INFO","thread":"BftProcessorExecutor-QBFT-0","class":"MainnetBlockValidator","message":"Invalid block 124 (0x9b88eccd7a3ec6422377773572368dfc4aa81179e9771912f9f28bb7feebf339): Optional[header validation rule violated, see logs]","throwable":""}
{"timestamp":"2025-07-11T05:51:17,947","container":"ab3305442036","level":"INFO","thread":"BftProcessorExecutor-QBFT-0","class":"ProposalPayloadValidator","message":"Invalid Proposal Payload: block did not pass validation. Reason Optional[header validation rule violated, see logs]","throwable":""}
{"timestamp":"2025-07-11T05:51:17,947","container":"ab3305442036","level":"INFO","thread":"BftProcessorExecutor-QBFT-0","class":"ProposalValidator","message":"Invalid Proposal Payload: invalid proposal payload in proposal message","throwable":""}
{"timestamp":"2025-07-11T05:51:17,947","container":"ab3305442036","level":"INFO","thread":"BftProcessorExecutor-QBFT-0","class":"QbftBlockHeightManager","message":"Received future Proposal which is illegal, no round change triggered.","throwable":""}
{"timestamp":"2025-07-11T05:51:17,966","container":"ab3305442036","level":"INFO","thread":"EthScheduler-Workers-0","class":"TimestampBoundedByFutureParameter","message":"Invalid block header: timestamp 1752213079 is greater than the timestamp margin 1752213078","throwable":""}
{"timestamp":"2025-07-11T05:51:17,966","container":"ab3305442036","level":"WARN","thread":"EthScheduler-Workers-0","class":"BlockPropagationManager","message":"Added to bad block manager for invalid header, failed to import announced block 124 (0x9b88eccd7a3ec6422377773572368dfc4aa81179e9771912f9f28bb7feebf339)","throwable":""}
{"timestamp":"2025-07-11T05:51:17,969","container":"ab3305442036","level":"INFO","thread":"EthScheduler-Workers-0","class":"TimestampBoundedByFutureParameter","message":"Invalid block header: timestamp 1752213079 is greater than the timestamp margin 1752213078","throwable":""}
{"timestamp":"2025-07-11T05:51:17,969","container":"ab3305442036","level":"WARN","thread":"EthScheduler-Workers-0","class":"BlockPropagationManager","message":"Added to bad block manager for invalid header, failed to import announced block 124 (0x9b88eccd7a3ec6422377773572368dfc4aa81179e9771912f9f28bb7feebf339)","throwable":""}
{"timestamp":"2025-07-11T05:51:40,646","container":"ab3305442036","level":"INFO","thread":"BftProcessorExecutor-QBFT-0","class":"QbftRound","message":"Importing proposed block to chain. round=ConsensusRoundIdentifier{Sequence=125, Round=1}, hash=0xe4a29f7fbb65e4b89ef2923ba543b8580836e82c3cf7be730fada5e898529624","throwable":""}
{"timestamp":"2025-07-11T05:51:40,666","container":"ab3305442036","level":"INFO","thread":"EthScheduler-Workers-0","class":"PersistBlockTask","message":"Block 125 (0xe4a29f7fbb65e4b89ef2923ba543b8580836e82c3cf7be730fada5e898529624) is already imported","throwable":""}
{"timestamp":"2025-07-11T05:51:40,673","container":"ab3305442036","level":"INFO","thread":"BftProcessorExecutor-QBFT-0","class":"QbftBesuControllerBuilder","message":"Imported #125 / 0 tx / 0 pending / 0 (0.0%) gas / (0xe4a29f7fbb65e4b89ef2923ba543b8580836e82c3cf7be730fada5e898529624)","throwable":""}
{"timestamp":"2025-07-11T05:51:47,961","container":"ab3305442036","level":"INFO","thread":"BftProcessorExecutor-QBFT-0","class":"TimestampBoundedByFutureParameter","message":"Invalid block header: timestamp 1752213109 is greater than the timestamp margin 1752213108","throwable":""}
{"timestamp":"2025-07-11T05:51:47,962","container":"ab3305442036","level":"INFO","thread":"BftProcessorExecutor-QBFT-0","class":"MainnetBlockValidator","message":"Invalid block 126 (0xe0697a3408dbd5a694660ceffc4dfc3b72cacedb5becbde8e0e683db5fa8bcb1): Optional[header validation rule violated, see logs]","throwable":""}
{"timestamp":"2025-07-11T05:51:47,962","container":"ab3305442036","level":"INFO","thread":"BftProcessorExecutor-QBFT-0","class":"ProposalPayloadValidator","message":"Invalid Proposal Payload: block did not pass validation. Reason Optional[header validation rule violated, see logs]","throwable":""}
{"timestamp":"2025-07-11T05:51:47,962","container":"ab3305442036","level":"INFO","thread":"BftProcessorExecutor-QBFT-0","class":"ProposalValidator","message":"Invalid Proposal Payload: invalid proposal payload in proposal message","throwable":""}
{"timestamp":"2025-07-11T05:51:47,962","container":"ab3305442036","level":"INFO","thread":"BftProcessorExecutor-QBFT-0","class":"QbftBlockHeightManager","message":"Received future Proposal which is illegal, no round change triggered.","throwable":""}
{"timestamp":"2025-07-11T05:51:47,988","container":"ab3305442036","level":"INFO","thread":"EthScheduler-Workers-0","class":"TimestampBoundedByFutureParameter","message":"Invalid block header: timestamp 1752213109 is greater than the timestamp margin 1752213108","throwable":""}
{"timestamp":"2025-07-11T05:51:47,988","container":"ab3305442036","level":"WARN","thread":"EthScheduler-Workers-0","class":"BlockPropagationManager","message":"Added to bad block manager for invalid header, failed to import announced block 126 (0xe0697a3408dbd5a694660ceffc4dfc3b72cacedb5becbde8e0e683db5fa8bcb1)","throwable":""}
{"timestamp":"2025-07-11T05:51:47,991","container":"ab3305442036","level":"INFO","thread":"EthScheduler-Workers-0","class":"TimestampBoundedByFutureParameter","message":"Invalid block header: timestamp 1752213109 is greater than the timestamp margin 1752213108","throwable":""}
{"timestamp":"2025-07-11T05:51:47,991","container":"ab3305442036","level":"WARN","thread":"EthScheduler-Workers-0","class":"BlockPropagationManager","message":"Added to bad block manager for invalid header, failed to import announced block 126 (0xe0697a3408dbd5a694660ceffc4dfc3b72cacedb5becbde8e0e683db5fa8bcb1)","throwable":""}
{"timestamp":"2025-07-11T05:52:00,664","container":"ab3305442036","level":"INFO","thread":"BftProcessorExecutor-QBFT-0","class":"QbftBesuControllerBuilder","message":"Imported #127 / 0 tx / 0 pending / 0 (0.0%) gas / (0x9a5325fcc913e0be5b9fcd04f92ef36595f52661c1b5a7f0779a6db12be32bb5)","throwable":""}
{"timestamp":"2025-07-11T05:52:05,069","container":"ab3305442036","level":"INFO","thread":"BftProcessorExecutor-QBFT-0","class":"QbftBesuControllerBuilder","message":"Produced #128 / 0 tx / 0 pending / 0 (0.0%) gas / (0x1c5e3958aa10b9e58a218a847cb11d1d90f811f79844f7cf373ad1af222e60bd)","throwable":""}
{"timestamp":"2025-07-11T05:52:11,974","container":"ab3305442036","level":"INFO","thread":"BftProcessorExecutor-QBFT-0","class":"TimestampBoundedByFutureParameter","message":"Invalid block header: timestamp 1752213133 is greater than the timestamp margin 1752213132","throwable":""}
{"timestamp":"2025-07-11T05:52:11,974","container":"ab3305442036","level":"INFO","thread":"BftProcessorExecutor-QBFT-0","class":"MainnetBlockValidator","message":"Invalid block 129 (0x226577045bc1ddcce09b7a2c9b288a6dd51aa4a44d24b49a44a09938dc9ee020): Optional[header validation rule violated, see logs]","throwable":""}
{"timestamp":"2025-07-11T05:52:11,974","container":"ab3305442036","level":"INFO","thread":"BftProcessorExecutor-QBFT-0","class":"ProposalPayloadValidator","message":"Invalid Proposal Payload: block did not pass validation. Reason Optional[header validation rule violated, see logs]","throwable":""}
{"timestamp":"2025-07-11T05:52:11,974","container":"ab3305442036","level":"INFO","thread":"BftProcessorExecutor-QBFT-0","class":"ProposalValidator","message":"Invalid Proposal Payload: invalid proposal payload in proposal message","throwable":""}
{"timestamp":"2025-07-11T05:52:11,974","container":"ab3305442036","level":"INFO","thread":"BftProcessorExecutor-QBFT-0","class":"QbftBlockHeightManager","message":"Received future Proposal which is illegal, no round change triggered.","throwable":""}
{"timestamp":"2025-07-11T05:52:12,006","container":"ab3305442036","level":"INFO","thread":"EthScheduler-Workers-0","class":"PersistBlockTask","message":"Imported #129 / 0 tx / 0 om / 0 (0.0%) gas / (0x226577045bc1ddcce09b7a2c9b288a6dd51aa4a44d24b49a44a09938dc9ee020) in 0.004s. Peers: 3","throwable":""}
{"timestamp":"2025-07-11T05:52:19,979","container":"ab3305442036","level":"INFO","thread":"BftProcessorExecutor-QBFT-0","class":"TimestampBoundedByFutureParameter","message":"Invalid block header: timestamp 1752213141 is greater than the timestamp margin 1752213140","throwable":""}
{"timestamp":"2025-07-11T05:52:19,979","container":"ab3305442036","level":"INFO","thread":"BftProcessorExecutor-QBFT-0","class":"MainnetBlockValidator","message":"Invalid block 130 (0xea73efafd44b0b65b437e737b220d2994a84c967739b44b3e63f4cb90b88060c): Optional[header validation rule violated, see logs]","throwable":""}
{"timestamp":"2025-07-11T05:52:19,980","container":"ab3305442036","level":"INFO","thread":"BftProcessorExecutor-QBFT-0","class":"ProposalPayloadValidator","message":"Invalid Proposal Payload: block did not pass validation. Reason Optional[header validation rule violated, see logs]","throwable":""}
{"timestamp":"2025-07-11T05:52:19,980","container":"ab3305442036","level":"INFO","thread":"BftProcessorExecutor-QBFT-0","class":"ProposalValidator","message":"Invalid Proposal Payload: invalid proposal payload in proposal message","throwable":""}
{"timestamp":"2025-07-11T05:52:19,980","container":"ab3305442036","level":"INFO","thread":"BftProcessorExecutor-QBFT-0","class":"QbftBlockHeightManager","message":"Received future Proposal which is illegal, no round change triggered.","throwable":""}
{"timestamp":"2025-07-11T05:52:20,014","container":"ab3305442036","level":"INFO","thread":"EthScheduler-Workers-0","class":"PersistBlockTask","message":"Imported #130 / 0 tx / 0 om / 0 (0.0%) gas / (0xea73efafd44b0b65b437e737b220d2994a84c967739b44b3e63f4cb90b88060c) in 0.002s. Peers: 3","throwable":""}
{"timestamp":"2025-07-11T05:52:27,981","container":"ab3305442036","level":"INFO","thread":"BftProcessorExecutor-QBFT-0","class":"TimestampBoundedByFutureParameter","message":"Invalid block header: timestamp 1752213149 is greater than the timestamp margin 1752213148","throwable":""}
{"timestamp":"2025-07-11T05:52:27,982","container":"ab3305442036","level":"INFO","thread":"BftProcessorExecutor-QBFT-0","class":"MainnetBlockValidator","message":"Invalid block 131 (0x9c3cf5be3bc28d4f74bf82cf17c6649e9bf4eb27c76224b0bf5eec659a8aad8c): Optional[header validation rule violated, see logs]","throwable":""}
{"timestamp":"2025-07-11T05:52:27,982","container":"ab3305442036","level":"INFO","thread":"BftProcessorExecutor-QBFT-0","class":"ProposalPayloadValidator","message":"Invalid Proposal Payload: block did not pass validation. Reason Optional[header validation rule violated, see logs]","throwable":""}
{"timestamp":"2025-07-11T05:52:27,982","container":"ab3305442036","level":"INFO","thread":"BftProcessorExecutor-QBFT-0","class":"ProposalValidator","message":"Invalid Proposal Payload: invalid proposal payload in proposal message","throwable":""}
{"timestamp":"2025-07-11T05:52:27,982","container":"ab3305442036","level":"INFO","thread":"BftProcessorExecutor-QBFT-0","class":"QbftBlockHeightManager","message":"Received future Proposal which is illegal, no round change triggered.","throwable":""}
{"timestamp":"2025-07-11T05:52:28,006","container":"ab3305442036","level":"INFO","thread":"EthScheduler-Workers-0","class":"PersistBlockTask","message":"Imported #131 / 0 tx / 0 om / 0 (0.0%) gas / (0x9c3cf5be3bc28d4f74bf82cf17c6649e9bf4eb27c76224b0bf5eec659a8aad8c) in 0.003s. Peers: 3","throwable":""}
{"timestamp":"2025-07-11T05:52:37,031","container":"ab3305442036","level":"INFO","thread":"BftProcessorExecutor-QBFT-0","class":"QbftBesuControllerBuilder","message":"Produced #132 / 0 tx / 0 pending / 0 (0.0%) gas / (0x51ea1793139b279919242ed160fcf222fd2f3224f78ff7efbdac9e8af36eac30)","throwable":""}
{"timestamp":"2025-07-11T05:52:43,989","container":"ab3305442036","level":"INFO","thread":"BftProcessorExecutor-QBFT-0","class":"TimestampBoundedByFutureParameter","message":"Invalid block header: timestamp 1752213165 is greater than the timestamp margin 1752213164","throwable":""}
{"timestamp":"2025-07-11T05:52:43,989","container":"ab3305442036","level":"INFO","thread":"BftProcessorExecutor-QBFT-0","class":"MainnetBlockValidator","message":"Invalid block 133 (0xaaa25d097ce0c8aa11fe6a35bbf88290e4474c724bc5951e5de7a184f1167418): Optional[header validation rule violated, see logs]","throwable":""}
{"timestamp":"2025-07-11T05:52:43,989","container":"ab3305442036","level":"INFO","thread":"BftProcessorExecutor-QBFT-0","class":"ProposalPayloadValidator","message":"Invalid Proposal Payload: block did not pass validation. Reason Optional[header validation rule violated, see logs]","throwable":""}
{"timestamp":"2025-07-11T05:52:43,990","container":"ab3305442036","level":"INFO","thread":"BftProcessorExecutor-QBFT-0","class":"ProposalValidator","message":"Invalid Proposal Payload: invalid proposal payload in proposal message","throwable":""}
{"timestamp":"2025-07-11T05:52:43,990","container":"ab3305442036","level":"INFO","thread":"BftProcessorExecutor-QBFT-0","class":"QbftBlockHeightManager","message":"Received future Proposal which is illegal, no round change triggered.","throwable":""}
{"timestamp":"2025-07-11T05:52:44,018","container":"ab3305442036","level":"INFO","thread":"EthScheduler-Workers-0","class":"PersistBlockTask","message":"Imported #133 / 0 tx / 0 om / 0 (0.0%) gas / (0xaaa25d097ce0c8aa11fe6a35bbf88290e4474c724bc5951e5de7a184f1167418) in 0.003s. Peers: 3","throwable":""}
{"timestamp":"2025-07-11T05:52:51,992","container":"ab3305442036","level":"INFO","thread":"BftProcessorExecutor-QBFT-0","class":"TimestampBoundedByFutureParameter","message":"Invalid block header: timestamp 1752213173 is greater than the timestamp margin 1752213172","throwable":""}
{"timestamp":"2025-07-11T05:52:51,993","container":"ab3305442036","level":"INFO","thread":"BftProcessorExecutor-QBFT-0","class":"MainnetBlockValidator","message":"Invalid block 134 (0xba075377d96b809f2ce30710a40f418da13b3194e5271e283de8e5d7f6cf2371): Optional[header validation rule violated, see logs]","throwable":""}
{"timestamp":"2025-07-11T05:52:51,993","container":"ab3305442036","level":"INFO","thread":"BftProcessorExecutor-QBFT-0","class":"ProposalPayloadValidator","message":"Invalid Proposal Payload: block did not pass validation. Reason Optional[header validation rule violated, see logs]","throwable":""}
{"timestamp":"2025-07-11T05:52:51,993","container":"ab3305442036","level":"INFO","thread":"BftProcessorExecutor-QBFT-0","class":"ProposalValidator","message":"Invalid Proposal Payload: invalid proposal payload in proposal message","throwable":""}
{"timestamp":"2025-07-11T05:52:51,993","container":"ab3305442036","level":"INFO","thread":"BftProcessorExecutor-QBFT-0","class":"QbftBlockHeightManager","message":"Received future Proposal which is illegal, no round change triggered.","throwable":""}
{"timestamp":"2025-07-11T05:52:52,016","container":"ab3305442036","level":"INFO","thread":"EthScheduler-Workers-0","class":"PersistBlockTask","message":"Imported #134 / 0 tx / 0 om / 0 (0.0%) gas / (0xba075377d96b809f2ce30710a40f418da13b3194e5271e283de8e5d7f6cf2371) in 0.003s. Peers: 3","throwable":""}
{"timestamp":"2025-07-11T05:53:00,030","container":"ab3305442036","level":"INFO","thread":"BftProcessorExecutor-QBFT-0","class":"QbftBesuControllerBuilder","message":"Imported #135 / 0 tx / 0 pending / 0 (0.0%) gas / (0x6091dcc24d20dbfd10bb66c79b9aa6f05d0a627a21127939daf55135786c6658)","throwable":""}
{"timestamp":"2025-07-11T05:53:09,033","container":"ab3305442036","level":"INFO","thread":"BftProcessorExecutor-QBFT-0","class":"QbftBesuControllerBuilder","message":"Produced #136 / 0 tx / 0 pending / 0 (0.0%) gas / (0x8de2b8d99546a01880dc92201a0e713b1ac2c8235c7665d847bdbaeb6410f96e)","throwable":""}
{"timestamp":"2025-07-11T05:53:16,032","container":"ab3305442036","level":"INFO","thread":"BftProcessorExecutor-QBFT-0","class":"QbftBesuControllerBuilder","message":"Imported #137 / 0 tx / 0 pending / 0 (0.0%) gas / (0xe9f98baa1a4ca0174ff4a1bfdf341b67f61394f4ef08b54dffbdd74133aeb12d)","throwable":""}
{"timestamp":"2025-07-11T05:53:24,029","container":"ab3305442036","level":"INFO","thread":"BftProcessorExecutor-QBFT-0","class":"QbftBesuControllerBuilder","message":"Imported #138 / 0 tx / 0 pending / 0 (0.0%) gas / (0x27b6fe78f39271c0671120936a61149306058aefba566ecdee4de19588d03c45)","throwable":""}
{"timestamp":"2025-07-11T05:53:32,034","container":"ab3305442036","level":"INFO","thread":"BftProcessorExecutor-QBFT-0","class":"QbftBesuControllerBuilder","message":"Imported #139 / 0 tx / 0 pending / 0 (0.0%) gas / (0xf1f0f9f026e8677d964da8f762b3320640598a9b7b5c930e240c83af9a726553)","throwable":""}
{"timestamp":"2025-07-11T05:53:41,037","container":"ab3305442036","level":"INFO","thread":"EthScheduler-Workers-0","class":"PersistBlockTask","message":"Block 140 (0x23f61f390e7ebb429fb97b26512fec03f3f1a384b54e179b71b3850f1746408b) is already imported","throwable":""}
{"timestamp":"2025-07-11T05:53:41,038","container":"ab3305442036","level":"INFO","thread":"BftProcessorExecutor-QBFT-0","class":"QbftBesuControllerBuilder","message":"Produced #140 / 0 tx / 0 pending / 0 (0.0%) gas / (0x23f61f390e7ebb429fb97b26512fec03f3f1a384b54e179b71b3850f1746408b)","throwable":""}
{"timestamp":"2025-07-11T05:53:48,043","container":"ab3305442036","level":"INFO","thread":"BftProcessorExecutor-QBFT-0","class":"QbftBesuControllerBuilder","message":"Imported #141 / 0 tx / 0 pending / 0 (0.0%) gas / (0xe11f6d6f5530544ae22fb60f6b942a2012b68586b2fb97bcae0814d467f78ddf)","throwable":""}
{"timestamp":"2025-07-11T05:53:56,036","container":"ab3305442036","level":"INFO","thread":"BftProcessorExecutor-QBFT-0","class":"QbftBesuControllerBuilder","message":"Imported #142 / 0 tx / 0 pending / 0 (0.0%) gas / (0x2b6e9d44a7bdc78cdd930afb94b8da348763da98143bcfe1bbcb9786ffc6a2c9)","throwable":""}
{"timestamp":"2025-07-11T05:54:04,049","container":"ab3305442036","level":"INFO","thread":"BftProcessorExecutor-QBFT-0","class":"QbftBesuControllerBuilder","message":"Imported #143 / 0 tx / 0 pending / 0 (0.0%) gas / (0x2f78b89a0daae1ef89cfb59bf416a198bcc01cfbbf13c0103d4579ab89f7b023)","throwable":""}
{"timestamp":"2025-07-11T05:54:13,031","container":"ab3305442036","level":"INFO","thread":"BftProcessorExecutor-QBFT-0","class":"QbftBesuControllerBuilder","message":"Produced #144 / 0 tx / 0 pending / 0 (0.0%) gas / (0x1498ea82f2692889ea658d44e8e55d93630bde1905c2ebd0aea6020c1fbeec2b)","throwable":""}
{"timestamp":"2025-07-11T05:54:20,066","container":"ab3305442036","level":"INFO","thread":"BftProcessorExecutor-QBFT-0","class":"QbftBesuControllerBuilder","message":"Imported #145 / 0 tx / 0 pending / 0 (0.0%) gas / (0x8e076f31d35cbda62c6f6703ff2c443484efa4c0ff744efe3af90922ba99852d)","throwable":""}
{"timestamp":"2025-07-11T05:54:28,066","container":"ab3305442036","level":"INFO","thread":"EthScheduler-Workers-0","class":"PersistBlockTask","message":"Block 146 (0xf11732fba8c24a0b985f75a51a68c9580cbb1b202c448e7eec01151beb69295b) is already imported","throwable":""}
{"timestamp":"2025-07-11T05:54:28,068","container":"ab3305442036","level":"INFO","thread":"BftProcessorExecutor-QBFT-0","class":"QbftBesuControllerBuilder","message":"Imported #146 / 0 tx / 0 pending / 0 (0.0%) gas / (0xf11732fba8c24a0b985f75a51a68c9580cbb1b202c448e7eec01151beb69295b)","throwable":""}
{"timestamp":"2025-07-11T05:54:36,100","container":"ab3305442036","level":"INFO","thread":"EthScheduler-Workers-0","class":"PersistBlockTask","message":"Block 147 (0xc2ae99228d1b99c2d2d357f51dcab8e59c8621e9deb299aa072c46d3e673e16d) is already imported","throwable":""}
{"timestamp":"2025-07-11T05:54:36,101","container":"ab3305442036","level":"INFO","thread":"BftProcessorExecutor-QBFT-0","class":"QbftBesuControllerBuilder","message":"Imported #147 / 0 tx / 0 pending / 0 (0.0%) gas / (0xc2ae99228d1b99c2d2d357f51dcab8e59c8621e9deb299aa072c46d3e673e16d)","throwable":""}
{"timestamp":"2025-07-11T05:54:45,031","container":"ab3305442036","level":"INFO","thread":"BftProcessorExecutor-QBFT-0","class":"QbftBesuControllerBuilder","message":"Produced #148 / 0 tx / 0 pending / 0 (0.0%) gas / (0xf0a457392ba6e590eded1b76807bb3b8121054c701a5fcf0c936a5be9c939d61)","throwable":""}
{"timestamp":"2025-07-11T05:54:52,072","container":"ab3305442036","level":"INFO","thread":"BftProcessorExecutor-QBFT-0","class":"QbftBesuControllerBuilder","message":"Imported #149 / 0 tx / 0 pending / 0 (0.0%) gas / (0x892da83e5b88eef8f226bbfe4c61cedb04e6047346903e9bd2e0dd4675715cca)","throwable":""}
{"timestamp":"2025-07-11T05:55:00,085","container":"ab3305442036","level":"INFO","thread":"BftProcessorExecutor-QBFT-0","class":"QbftBesuControllerBuilder","message":"Imported #150 / 0 tx / 0 pending / 0 (0.0%) gas / (0x46f9c15575d578f22be0ed0125d043bfbd1df010935065f2eefc6b9f939d6b5c)","throwable":""}
{"timestamp":"2025-07-11T05:55:08,075","container":"ab3305442036","level":"INFO","thread":"BftProcessorExecutor-QBFT-0","class":"QbftBesuControllerBuilder","message":"Imported #151 / 0 tx / 0 pending / 0 (0.0%) gas / (0xb7f04c143ea773362fce5ab69503dd0d982c6e00ff2950696d63e7ce6e371685)","throwable":""}
{"timestamp":"2025-07-11T05:55:17,034","container":"ab3305442036","level":"INFO","thread":"BftProcessorExecutor-QBFT-0","class":"QbftBesuControllerBuilder","message":"Produced #152 / 0 tx / 0 pending / 0 (0.0%) gas / (0xa13507939d88819f9f91c7321588b08c2b15a7d5bd699a74eff9675019b99159)","throwable":""}
{"timestamp":"2025-07-11T05:55:24,084","container":"ab3305442036","level":"INFO","thread":"BftProcessorExecutor-QBFT-0","class":"QbftBesuControllerBuilder","message":"Imported #153 / 0 tx / 0 pending / 0 (0.0%) gas / (0xfebfecdc4f46aa853c399f56d10b25cef299ede4c370e93ee99d379e58091503)","throwable":""}
{"timestamp":"2025-07-11T05:55:32,092","container":"ab3305442036","level":"INFO","thread":"BftProcessorExecutor-QBFT-0","class":"QbftBesuControllerBuilder","message":"Imported #154 / 0 tx / 0 pending / 0 (0.0%) gas / (0x5c6ce18d5d25f1c1b2d8238ec73bfaff6665549b2fa1e16674b78bc9a02cce64)","throwable":""}
{"timestamp":"2025-07-11T05:55:40,091","container":"ab3305442036","level":"INFO","thread":"BftProcessorExecutor-QBFT-0","class":"QbftBesuControllerBuilder","message":"Imported #155 / 0 tx / 0 pending / 0 (0.0%) gas / (0x1846206db680a0eece10716e7fc78681c5b6af7877ffa5941eae1c4f0a6841a7)","throwable":""}
{"timestamp":"2025-07-11T05:55:49,030","container":"ab3305442036","level":"INFO","thread":"BftProcessorExecutor-QBFT-0","class":"QbftBesuControllerBuilder","message":"Produced #156 / 0 tx / 0 pending / 0 (0.0%) gas / (0x4eb99970649e314ce79b07a6733b2e7a050734dbfcdbf6e4d0c0132332b7a43e)","throwable":""}
{"timestamp":"2025-07-11T05:55:56,100","container":"ab3305442036","level":"INFO","thread":"BftProcessorExecutor-QBFT-0","class":"QbftBesuControllerBuilder","message":"Imported #157 / 0 tx / 0 pending / 0 (0.0%) gas / (0x05c0767dcefe6341080b9135cc0797fe0c6bf9e56977a7f22776e1d354fc4d32)","throwable":""}
{"timestamp":"2025-07-11T05:56:04,116","container":"ab3305442036","level":"INFO","thread":"EthScheduler-Workers-0","class":"PersistBlockTask","message":"Block 158 (0x056518ca308496a9f3c7b25ea8e0fe2cabf3976f1b3df81ded71ef0630eaad21) is already imported","throwable":""}
{"timestamp":"2025-07-11T05:56:04,123","container":"ab3305442036","level":"INFO","thread":"BftProcessorExecutor-QBFT-0","class":"QbftBesuControllerBuilder","message":"Imported #158 / 0 tx / 0 pending / 0 (0.0%) gas / (0x056518ca308496a9f3c7b25ea8e0fe2cabf3976f1b3df81ded71ef0630eaad21)","throwable":""}
{"timestamp":"2025-07-11T05:56:12,110","container":"ab3305442036","level":"INFO","thread":"BftProcessorExecutor-QBFT-0","class":"QbftBesuControllerBuilder","message":"Imported #159 / 0 tx / 0 pending / 0 (0.0%) gas / (0xd13b8aaf7243054e459b9e94a1d52e6fc90548e3b44f90f7533eb947ecaac2a0)","throwable":""}
{"timestamp":"2025-07-11T05:56:21,022","container":"ab3305442036","level":"INFO","thread":"BftProcessorExecutor-QBFT-0","class":"QbftBesuControllerBuilder","message":"Produced #160 / 0 tx / 0 pending / 0 (0.0%) gas / (0x417f00e60da59da48feeb471118c68fade7a3137a6754e63b03c2949e3e8b2bd)","throwable":""}
{"timestamp":"2025-07-11T05:56:28,106","container":"ab3305442036","level":"INFO","thread":"BftProcessorExecutor-QBFT-0","class":"QbftBesuControllerBuilder","message":"Imported #161 / 0 tx / 0 pending / 0 (0.0%) gas / (0xc4a9fa079f4c23845407aa94958edaf4536eec99f97591d104f1decfee477ab9)","throwable":""}
{"timestamp":"2025-07-11T05:56:36,129","container":"ab3305442036","level":"INFO","thread":"BftProcessorExecutor-QBFT-0","class":"QbftBesuControllerBuilder","message":"Imported #162 / 0 tx / 0 pending / 0 (0.0%) gas / (0x20f574bca5a51f127f237cfed134710a720ab9c9cec94d1ff617762df91672a8)","throwable":""}
{"timestamp":"2025-07-11T05:56:44,130","container":"ab3305442036","level":"INFO","thread":"BftProcessorExecutor-QBFT-0","class":"QbftBesuControllerBuilder","message":"Imported #163 / 0 tx / 0 pending / 0 (0.0%) gas / (0xc558e2302e566d8fef8d608e6644f04274833aca81010d6794684300bdd0436b)","throwable":""}
{"timestamp":"2025-07-11T05:56:53,029","container":"ab3305442036","level":"INFO","thread":"BftProcessorExecutor-QBFT-0","class":"QbftBesuControllerBuilder","message":"Produced #164 / 0 tx / 0 pending / 0 (0.0%) gas / (0xf0a0e83ae78992f0a0ba982fbf2f9d6169309ba9dda4c4241655dd200bcf5e84)","throwable":""}
{"timestamp":"2025-07-11T05:57:00,142","container":"ab3305442036","level":"INFO","thread":"BftProcessorExecutor-QBFT-0","class":"QbftBesuControllerBuilder","message":"Imported #165 / 0 tx / 0 pending / 0 (0.0%) gas / (0x29eef2c077f4eb26dd4e84944fa03c31af130236db14868b5b59b8d6e8633145)","throwable":""}
{"timestamp":"2025-07-11T05:57:00,142","container":"ab3305442036","level":"INFO","thread":"EthScheduler-Workers-0","class":"PersistBlockTask","message":"Block 165 (0x29eef2c077f4eb26dd4e84944fa03c31af130236db14868b5b59b8d6e8633145) is already imported","throwable":""}
{"timestamp":"2025-07-11T05:57:08,131","container":"ab3305442036","level":"INFO","thread":"BftProcessorExecutor-QBFT-0","class":"QbftBesuControllerBuilder","message":"Imported #166 / 0 tx / 0 pending / 0 (0.0%) gas / (0xe548d6c580ef98d433a68a51a793f65ae1a6da084f8ae40dcf669d9b055ab937)","throwable":""}
{"timestamp":"2025-07-11T05:57:16,151","container":"ab3305442036","level":"INFO","thread":"EthScheduler-Workers-0","class":"PersistBlockTask","message":"Block 167 (0x1219331e9804da0f3f6a18c6d9445c9e351e8fb66c58d03a514e842250346385) is already imported","throwable":""}
{"timestamp":"2025-07-11T05:57:16,154","container":"ab3305442036","level":"INFO","thread":"BftProcessorExecutor-QBFT-0","class":"QbftBesuControllerBuilder","message":"Imported #167 / 0 tx / 0 pending / 0 (0.0%) gas / (0x1219331e9804da0f3f6a18c6d9445c9e351e8fb66c58d03a514e842250346385)","throwable":""}
{"timestamp":"2025-07-11T05:57:25,038","container":"ab3305442036","level":"INFO","thread":"BftProcessorExecutor-QBFT-0","class":"QbftBesuControllerBuilder","message":"Produced #168 / 1 tx / 0 pending / 296,480 (0.0%) gas / (0xe2869f749441f0ffcf50a65c62f4609d177b6fdd8fb8d9864fc7882eec477e9d)","throwable":""}
{"timestamp":"2025-07-11T05:57:32,160","container":"ab3305442036","level":"INFO","thread":"BftProcessorExecutor-QBFT-0","class":"QbftBesuControllerBuilder","message":"Imported #169 / 1 tx / 0 pending / 1,000,000 (0.0%) gas / (0xe9b7fccdf0f25444a127b0370e1fd2410be17ba755bdbf202c7032e4bde39298)","throwable":""}
{"timestamp":"2025-07-11T05:57:40,165","container":"ab3305442036","level":"INFO","thread":"BftProcessorExecutor-QBFT-0","class":"QbftBesuControllerBuilder","message":"Imported #170 / 0 tx / 0 pending / 0 (0.0%) gas / (0x9fb2f3a7710a0ab88b313ccc4af49294251354e61f08d98b4e23fa6e7331748c)","throwable":""}
{"timestamp":"2025-07-11T05:57:48,167","container":"ab3305442036","level":"INFO","thread":"BftProcessorExecutor-QBFT-0","class":"QbftBesuControllerBuilder","message":"Imported #171 / 0 tx / 0 pending / 0 (0.0%) gas / (0x333eae633e8846568608f968c6fbf60c64ed9c2cba02b8f0921c0d5687c8e8cc)","throwable":""}
{"timestamp":"2025-07-11T05:57:57,029","container":"ab3305442036","level":"INFO","thread":"BftProcessorExecutor-QBFT-0","class":"QbftBesuControllerBuilder","message":"Produced #172 / 0 tx / 0 pending / 0 (0.0%) gas / (0x0a78721f75b7104de5949f8033020539717a2cbfd48f29841d95ea7968e6e8ed)","throwable":""}
{"timestamp":"2025-07-11T05:58:04,171","container":"ab3305442036","level":"INFO","thread":"BftProcessorExecutor-QBFT-0","class":"QbftBesuControllerBuilder","message":"Imported #173 / 0 tx / 0 pending / 0 (0.0%) gas / (0xdb124d120876dc44f4d267a347457bb64d810ffdfb74956bb826f8bd44a90d90)","throwable":""}
{"timestamp":"2025-07-11T05:58:12,174","container":"ab3305442036","level":"INFO","thread":"BftProcessorExecutor-QBFT-0","class":"QbftBesuControllerBuilder","message":"Imported #174 / 0 tx / 0 pending / 0 (0.0%) gas / (0x76442e5ac2dcb51ca29bd26f9481879fb2761cbbb659f489bc9e9d1ddacfa3af)","throwable":""}
{"timestamp":"2025-07-11T05:58:20,173","container":"ab3305442036","level":"INFO","thread":"BftProcessorExecutor-QBFT-0","class":"QbftBesuControllerBuilder","message":"Imported #175 / 0 tx / 0 pending / 0 (0.0%) gas / (0x6f5ce11cc6bcb42d447f2bd5c08f06b29d329984e1eecfdd7ff031aaf1a28adb)","throwable":""}
{"timestamp":"2025-07-11T05:58:29,022","container":"ab3305442036","level":"INFO","thread":"BftProcessorExecutor-QBFT-0","class":"QbftBesuControllerBuilder","message":"Produced #176 / 0 tx / 0 pending / 0 (0.0%) gas / (0x536c240519cdc30a0c4f399f1342a121557f698ffd1a1f65cf2f8b8d72e00ed7)","throwable":""}
{"timestamp":"2025-07-11T05:58:36,180","container":"ab3305442036","level":"INFO","thread":"BftProcessorExecutor-QBFT-0","class":"QbftBesuControllerBuilder","message":"Imported #177 / 0 tx / 0 pending / 0 (0.0%) gas / (0xb2e9b58750cfe66cfb08b975dc06cbdbc7e54517d62c5dc05502524f7938c4aa)","throwable":""}
{"timestamp":"2025-07-11T05:58:44,191","container":"ab3305442036","level":"INFO","thread":"BftProcessorExecutor-QBFT-0","class":"QbftBesuControllerBuilder","message":"Imported #178 / 0 tx / 0 pending / 0 (0.0%) gas / (0x83029678c0e429291c36e7913df3a5a84661af499750f87b24dd0619847b5c5f)","throwable":""}
{"timestamp":"2025-07-11T05:58:52,193","container":"ab3305442036","level":"INFO","thread":"BftProcessorExecutor-QBFT-0","class":"QbftBesuControllerBuilder","message":"Imported #179 / 0 tx / 0 pending / 0 (0.0%) gas / (0xb0a716b4d19b63b0329a5928c8b7fc63ad3a6a64d0815f8dc519c53725d1d494)","throwable":""}
{"timestamp":"2025-07-11T05:59:01,021","container":"ab3305442036","level":"INFO","thread":"BftProcessorExecutor-QBFT-0","class":"QbftBesuControllerBuilder","message":"Produced #180 / 0 tx / 0 pending / 0 (0.0%) gas / (0xa9e8a77214e409872d895fb5bfb7a0ce24decfe24af0aad4e17dffa4ceb56dd6)","throwable":""}
{"timestamp":"2025-07-11T05:59:08,205","container":"ab3305442036","level":"INFO","thread":"BftProcessorExecutor-QBFT-0","class":"QbftBesuControllerBuilder","message":"Imported #181 / 0 tx / 0 pending / 0 (0.0%) gas / (0x5ce4892f17832724a58e27baf5da5d607a1df3083631d907e899825ad0f03a4d)","throwable":""}
{"timestamp":"2025-07-11T05:59:16,195","container":"ab3305442036","level":"INFO","thread":"BftProcessorExecutor-QBFT-0","class":"QbftBesuControllerBuilder","message":"Imported #182 / 0 tx / 0 pending / 0 (0.0%) gas / (0x3e41c00ba784f68ee57aba3d9ef588b1f9d43e909d3893f921052a9be9f95542)","throwable":""}
{"timestamp":"2025-07-11T05:59:24,203","container":"ab3305442036","level":"INFO","thread":"BftProcessorExecutor-QBFT-0","class":"QbftBesuControllerBuilder","message":"Imported #183 / 0 tx / 0 pending / 0 (0.0%) gas / (0xf0fa40bae63aab52f008ac773440cccf7d2ca21429b7e8bf420708a472418aab)","throwable":""}
{"timestamp":"2025-07-11T05:59:33,014","container":"ab3305442036","level":"INFO","thread":"BftProcessorExecutor-QBFT-0","class":"QbftBesuControllerBuilder","message":"Produced #184 / 0 tx / 0 pending / 0 (0.0%) gas / (0x9578ba8e40e777097696d249fa11c19fc2ec50260803763c0ecb94a7b4464742)","throwable":""}
{"timestamp":"2025-07-11T05:59:40,212","container":"ab3305442036","level":"INFO","thread":"BftProcessorExecutor-QBFT-0","class":"QbftBesuControllerBuilder","message":"Imported #185 / 0 tx / 0 pending / 0 (0.0%) gas / (0x83e2203c63a5f2e9a23f09c79b56cea5c145dc1c6522ccccd91a6e9fa0f7a5a4)","throwable":""}
{"timestamp":"2025-07-11T05:59:48,226","container":"ab3305442036","level":"INFO","thread":"BftProcessorExecutor-QBFT-0","class":"QbftBesuControllerBuilder","message":"Imported #186 / 0 tx / 0 pending / 0 (0.0%) gas / (0x55e10222c3682dc14995af9a61866961b1e67d35800215908ec7b063ece538cf)","throwable":""}
{"timestamp":"2025-07-11T05:59:56,219","container":"ab3305442036","level":"INFO","thread":"BftProcessorExecutor-QBFT-0","class":"QbftBesuControllerBuilder","message":"Imported #187 / 0 tx / 0 pending / 0 (0.0%) gas / (0x14dc352eded267a81564adbad62dcd3120bd397debbbeecd45bc3f821859700d)","throwable":""}
{"timestamp":"2025-07-11T06:00:05,021","container":"ab3305442036","level":"INFO","thread":"BftProcessorExecutor-QBFT-0","class":"QbftBesuControllerBuilder","message":"Produced #188 / 0 tx / 0 pending / 0 (0.0%) gas / (0x879f623d099fb0ccb586ec5993e171244793a8857da87e9a8ae8af911b88dd41)","throwable":""}
{"timestamp":"2025-07-11T06:00:12,248","container":"ab3305442036","level":"INFO","thread":"BftProcessorExecutor-QBFT-0","class":"QbftBesuControllerBuilder","message":"Imported #189 / 0 tx / 0 pending / 0 (0.0%) gas / (0xf77697526ac0b5db0833466a37a835cda40bc15c1d87befa599445b92c792cbe)","throwable":""}
{"timestamp":"2025-07-11T06:00:20,232","container":"ab3305442036","level":"INFO","thread":"BftProcessorExecutor-QBFT-0","class":"QbftBesuControllerBuilder","message":"Imported #190 / 0 tx / 0 pending / 0 (0.0%) gas / (0xfef97a2af784037d365c79b898d4658e38ef5f2d0d012dd65f0283052dd9150f)","throwable":""}
{"timestamp":"2025-07-11T06:00:28,253","container":"ab3305442036","level":"INFO","thread":"BftProcessorExecutor-QBFT-0","class":"QbftBesuControllerBuilder","message":"Imported #191 / 0 tx / 0 pending / 0 (0.0%) gas / (0xbbbca5deb12952d469d879b760ad1a161c32b3396a324b794f8736b5b2ffa420)","throwable":""}
{"timestamp":"2025-07-11T06:00:37,022","container":"ab3305442036","level":"INFO","thread":"BftProcessorExecutor-QBFT-0","class":"QbftBesuControllerBuilder","message":"Produced #192 / 0 tx / 0 pending / 0 (0.0%) gas / (0x3c934b1cb58e78d19e196635641d1b77715e09de45c6174441ed516aedf16458)","throwable":""}
{"timestamp":"2025-07-11T06:00:44,250","container":"ab3305442036","level":"INFO","thread":"BftProcessorExecutor-QBFT-0","class":"QbftBesuControllerBuilder","message":"Imported #193 / 0 tx / 0 pending / 0 (0.0%) gas / (0x8cc50f361ef7150ba2b364a5eea479a0b025919f53c3795a8a113323824ec015)","throwable":""}
{"timestamp":"2025-07-11T06:00:52,257","container":"ab3305442036","level":"INFO","thread":"BftProcessorExecutor-QBFT-0","class":"QbftBesuControllerBuilder","message":"Imported #194 / 0 tx / 0 pending / 0 (0.0%) gas / (0x80226e7a68c509bc9bc5944e193bb64c7fd4320300e063dd9907b605219ebf47)","throwable":""}
{"timestamp":"2025-07-11T06:01:00,266","container":"ab3305442036","level":"INFO","thread":"BftProcessorExecutor-QBFT-0","class":"QbftBesuControllerBuilder","message":"Imported #195 / 0 tx / 0 pending / 0 (0.0%) gas / (0x79ec6fcbb0b92557aebaff6c410f2d26eba1e404d132c5c947c673d2846996a5)","throwable":""}
{"timestamp":"2025-07-11T06:01:09,023","container":"ab3305442036","level":"INFO","thread":"BftProcessorExecutor-QBFT-0","class":"QbftBesuControllerBuilder","message":"Produced #196 / 0 tx / 0 pending / 0 (0.0%) gas / (0xb576b24989b2793022b82d3927ea036384acf874402cfd05c3681012b8558bab)","throwable":""}
{"timestamp":"2025-07-11T06:01:16,260","container":"ab3305442036","level":"INFO","thread":"BftProcessorExecutor-QBFT-0","class":"QbftBesuControllerBuilder","message":"Imported #197 / 0 tx / 0 pending / 0 (0.0%) gas / (0xfc9b0bb257493f053d473f8121b4677d3ab5fece94e2e443127be575365c03da)","throwable":""}
{"timestamp":"2025-07-11T06:01:24,266","container":"ab3305442036","level":"INFO","thread":"BftProcessorExecutor-QBFT-0","class":"QbftBesuControllerBuilder","message":"Imported #198 / 0 tx / 0 pending / 0 (0.0%) gas / (0x0ab87164e8b2f17fe52a41fc1774db02f440b4deed8b7dc1b1b5139a2a30f742)","throwable":""}
{"timestamp":"2025-07-11T06:01:32,274","container":"ab3305442036","level":"INFO","thread":"BftProcessorExecutor-QBFT-0","class":"QbftBesuControllerBuilder","message":"Imported #199 / 0 tx / 0 pending / 0 (0.0%) gas / (0x34eef9f73bc8d714ae3cfcc232cd07e75a033cb2cff9542b61af1bc13466276c)","throwable":""}
{"timestamp":"2025-07-11T06:01:41,030","container":"ab3305442036","level":"INFO","thread":"BftProcessorExecutor-QBFT-0","class":"QbftBesuControllerBuilder","message":"Produced #200 / 0 tx / 0 pending / 0 (0.0%) gas / (0xe3b92e8166fd2dafaa0ee0a83401d3f1c71c7fc808c7fb4b3cbeb89d98784f0b)","throwable":""}
{"timestamp":"2025-07-11T06:01:48,282","container":"ab3305442036","level":"INFO","thread":"EthScheduler-Workers-0","class":"PersistBlockTask","message":"Block 201 (0xc507cdb74857a9a6795eb8588bd2c367f8bca0d3c9e51f398b1037706696a228) is already imported","throwable":""}
{"timestamp":"2025-07-11T06:01:48,283","container":"ab3305442036","level":"INFO","thread":"BftProcessorExecutor-QBFT-0","class":"QbftBesuControllerBuilder","message":"Imported #201 / 0 tx / 0 pending / 0 (0.0%) gas / (0xc507cdb74857a9a6795eb8588bd2c367f8bca0d3c9e51f398b1037706696a228)","throwable":""}
{"timestamp":"2025-07-11T06:01:56,278","container":"ab3305442036","level":"INFO","thread":"BftProcessorExecutor-QBFT-0","class":"QbftBesuControllerBuilder","message":"Imported #202 / 0 tx / 0 pending / 0 (0.0%) gas / (0x7fe2f8dd864b2e6f8b24b1e5a21458a29ae2b0e9e243e34e1a9e453f779fe76b)","throwable":""}
{"timestamp":"2025-07-11T06:02:04,289","container":"ab3305442036","level":"INFO","thread":"BftProcessorExecutor-QBFT-0","class":"QbftBesuControllerBuilder","message":"Imported #203 / 0 tx / 0 pending / 0 (0.0%) gas / (0x5be6f67cb8201acde93ab5bceca9ef566b3573b8dcf5bee274c9e65f8c3c32da)","throwable":""}
{"timestamp":"2025-07-11T06:02:13,030","container":"ab3305442036","level":"INFO","thread":"BftProcessorExecutor-QBFT-0","class":"QbftBesuControllerBuilder","message":"Produced #204 / 0 tx / 0 pending / 0 (0.0%) gas / (0x1c71306d7c42ac62ae393f210adf722a447d123ba38bddf83b5a3528f35d3c53)","throwable":""}
{"timestamp":"2025-07-11T06:02:20,298","container":"ab3305442036","level":"INFO","thread":"BftProcessorExecutor-QBFT-0","class":"QbftBesuControllerBuilder","message":"Imported #205 / 0 tx / 0 pending / 0 (0.0%) gas / (0xb0f6655ab272e7f0946f526d1addc208844a24a06be854ead0bb82d8a36d625c)","throwable":""}
{"timestamp":"2025-07-11T06:02:28,287","container":"ab3305442036","level":"INFO","thread":"BftProcessorExecutor-QBFT-0","class":"QbftBesuControllerBuilder","message":"Imported #206 / 0 tx / 0 pending / 0 (0.0%) gas / (0x99b8f0c9c5371fcb2a5f0f44a26f6d79c047fffd25b86574f88ded59ab77feec)","throwable":""}
{"timestamp":"2025-07-11T06:02:36,300","container":"ab3305442036","level":"INFO","thread":"BftProcessorExecutor-QBFT-0","class":"QbftBesuControllerBuilder","message":"Imported #207 / 0 tx / 0 pending / 0 (0.0%) gas / (0xa57ba44431a293389f7eb5f5544168f589ca0146ec01e6facb6227988ce14547)","throwable":""}
{"timestamp":"2025-07-11T06:02:45,042","container":"ab3305442036","level":"INFO","thread":"BftProcessorExecutor-QBFT-0","class":"QbftBesuControllerBuilder","message":"Produced #208 / 0 tx / 0 pending / 0 (0.0%) gas / (0xa3e8d0e591dd2cf9f0e084bb97d66c1c7218f3acd57edefa7b8836031ffade8c)","throwable":""}
{"timestamp":"2025-07-11T06:02:52,320","container":"ab3305442036","level":"INFO","thread":"BftProcessorExecutor-QBFT-0","class":"QbftBesuControllerBuilder","message":"Imported #209 / 0 tx / 0 pending / 0 (0.0%) gas / (0x89071bc481cdf326f29b160e8d1855f2289b37f9ba77a48fe11273740a8b3e5d)","throwable":""}
{"timestamp":"2025-07-11T06:03:00,315","container":"ab3305442036","level":"INFO","thread":"BftProcessorExecutor-QBFT-0","class":"QbftBesuControllerBuilder","message":"Imported #210 / 0 tx / 0 pending / 0 (0.0%) gas / (0x047f437c72616096b209e67a6393e30be2480503e0ac42f8d7ac21ccba642e7e)","throwable":""}
{"timestamp":"2025-07-11T06:03:08,322","container":"ab3305442036","level":"INFO","thread":"BftProcessorExecutor-QBFT-0","class":"QbftBesuControllerBuilder","message":"Imported #211 / 0 tx / 0 pending / 0 (0.0%) gas / (0x7928b0a14b3766c46317decdb2637c85d05fb5aebddf3fc54b06cc6b2c098910)","throwable":""}
{"timestamp":"2025-07-11T06:03:17,035","container":"ab3305442036","level":"INFO","thread":"BftProcessorExecutor-QBFT-0","class":"QbftBesuControllerBuilder","message":"Produced #212 / 0 tx / 0 pending / 0 (0.0%) gas / (0xbef99c7b4230eff79fbfdcea2ccbdf0ef4222406449042b68794d9bb294d0960)","throwable":""}
{"timestamp":"2025-07-11T06:03:17,035","container":"ab3305442036","level":"INFO","thread":"EthScheduler-Workers-0","class":"PersistBlockTask","message":"Block 212 (0xbef99c7b4230eff79fbfdcea2ccbdf0ef4222406449042b68794d9bb294d0960) is already imported","throwable":""}
{"timestamp":"2025-07-11T06:03:24,328","container":"ab3305442036","level":"INFO","thread":"BftProcessorExecutor-QBFT-0","class":"QbftBesuControllerBuilder","message":"Imported #213 / 0 tx / 0 pending / 0 (0.0%) gas / (0x065fa91dc4904670f81f3254876a37507a13e963a6e6212a473423b0a704f668)","throwable":""}
{"timestamp":"2025-07-11T06:03:32,328","container":"ab3305442036","level":"INFO","thread":"BftProcessorExecutor-QBFT-0","class":"QbftBesuControllerBuilder","message":"Imported #214 / 0 tx / 0 pending / 0 (0.0%) gas / (0x2e7865fc05e3db9591de775f586ec66a1fa825ce252801915b839b82a987352e)","throwable":""}
{"timestamp":"2025-07-11T06:03:40,334","container":"ab3305442036","level":"INFO","thread":"BftProcessorExecutor-QBFT-0","class":"QbftBesuControllerBuilder","message":"Imported #215 / 0 tx / 0 pending / 0 (0.0%) gas / (0x5f01f2e6dbc82b4af56a9ac4fc532c505d045a4af9669e8088e74dfb3d0c9aa2)","throwable":""}
{"timestamp":"2025-07-11T06:03:49,035","container":"ab3305442036","level":"INFO","thread":"BftProcessorExecutor-QBFT-0","class":"QbftBesuControllerBuilder","message":"Produced #216 / 0 tx / 0 pending / 0 (0.0%) gas / (0x112a701eda1f6aaa4dcb61cb55981bc585db40eae48e718452a4b47e073fba0c)","throwable":""}
{"timestamp":"2025-07-11T06:03:56,337","container":"ab3305442036","level":"INFO","thread":"BftProcessorExecutor-QBFT-0","class":"QbftBesuControllerBuilder","message":"Imported #217 / 0 tx / 0 pending / 0 (0.0%) gas / (0x2e3ad70f223609262f26fd438d2b508de747245d2dc5eaae51b214f51b346b79)","throwable":""}
{"timestamp":"2025-07-11T06:04:04,346","container":"ab3305442036","level":"INFO","thread":"BftProcessorExecutor-QBFT-0","class":"QbftBesuControllerBuilder","message":"Imported #218 / 0 tx / 0 pending / 0 (0.0%) gas / (0x79c716feba75ea74b4817e704ebe22cb23cd9731c0a0013506b16db9db98cef9)","throwable":""}
{"timestamp":"2025-07-11T06:04:12,343","container":"ab3305442036","level":"INFO","thread":"BftProcessorExecutor-QBFT-0","class":"QbftBesuControllerBuilder","message":"Imported #219 / 0 tx / 0 pending / 0 (0.0%) gas / (0x8c1ccecac54b0c782c274002a8c1c2eb05a66569c23c867c9365cb0c598017b2)","throwable":""}
{"timestamp":"2025-07-11T06:04:21,020","container":"ab3305442036","level":"INFO","thread":"BftProcessorExecutor-QBFT-0","class":"QbftBesuControllerBuilder","message":"Produced #220 / 0 tx / 0 pending / 0 (0.0%) gas / (0x2d9a5ca1cf1c641b6ae8dfe836ec62281e6d7432d57753b84dfff5cf1fb510cd)","throwable":""}
{"timestamp":"2025-07-11T06:04:28,363","container":"ab3305442036","level":"INFO","thread":"BftProcessorExecutor-QBFT-0","class":"QbftBesuControllerBuilder","message":"Imported #221 / 0 tx / 0 pending / 0 (0.0%) gas / (0xdd6e7b863313abf6b16e8fca3082a15c6fee3a613a68d6c6330b1eb9d37d917a)","throwable":""}
{"timestamp":"2025-07-11T06:04:36,361","container":"ab3305442036","level":"INFO","thread":"BftProcessorExecutor-QBFT-0","class":"QbftBesuControllerBuilder","message":"Imported #222 / 0 tx / 0 pending / 0 (0.0%) gas / (0xf93c936fbdd3bdb65e6f3a08b464fd6e4d7e482c6f1897b141308db47e064a31)","throwable":""}
{"timestamp":"2025-07-11T06:04:44,365","container":"ab3305442036","level":"INFO","thread":"BftProcessorExecutor-QBFT-0","class":"QbftBesuControllerBuilder","message":"Imported #223 / 0 tx / 0 pending / 0 (0.0%) gas / (0x38bc918396294fe5d79c0ac93e219caf2b99d50387c8bc979310e5a62bf75d3b)","throwable":""}
{"timestamp":"2025-07-11T06:04:53,022","container":"ab3305442036","level":"INFO","thread":"BftProcessorExecutor-QBFT-0","class":"QbftBesuControllerBuilder","message":"Produced #224 / 0 tx / 0 pending / 0 (0.0%) gas / (0x2a63d759807ac17ee83b886dd5af2bfec9f022176d282d02a7d45b53b276bc7c)","throwable":""}
{"timestamp":"2025-07-11T06:05:00,375","container":"ab3305442036","level":"INFO","thread":"BftProcessorExecutor-QBFT-0","class":"QbftBesuControllerBuilder","message":"Imported #225 / 0 tx / 0 pending / 0 (0.0%) gas / (0x34dd23193a92ba22966c0ac2fec20c22428c15d2340da55970e0d18b56ce792e)","throwable":""}
{"timestamp":"2025-07-11T06:05:08,376","container":"ab3305442036","level":"INFO","thread":"BftProcessorExecutor-QBFT-0","class":"QbftBesuControllerBuilder","message":"Imported #226 / 0 tx / 0 pending / 0 (0.0%) gas / (0x5dfe1a6597f2279666d7f18db609517a3f70cabd171c20a196d1321e0694bad9)","throwable":""}
{"timestamp":"2025-07-11T06:05:16,381","container":"ab3305442036","level":"INFO","thread":"BftProcessorExecutor-QBFT-0","class":"QbftBesuControllerBuilder","message":"Imported #227 / 0 tx / 0 pending / 0 (0.0%) gas / (0x529363459724da3345922278838f25f4efd13ea96e6fd54c8e84d3f5584fd889)","throwable":""}
{"timestamp":"2025-07-11T06:05:25,021","container":"ab3305442036","level":"INFO","thread":"BftProcessorExecutor-QBFT-0","class":"QbftBesuControllerBuilder","message":"Produced #228 / 0 tx / 0 pending / 0 (0.0%) gas / (0x9a695c122873057462a180cfc1868a80e29afa1ce9c00ce998c3413503ff9abc)","throwable":""}
{"timestamp":"2025-07-11T06:05:32,388","container":"ab3305442036","level":"INFO","thread":"BftProcessorExecutor-QBFT-0","class":"QbftBesuControllerBuilder","message":"Imported #229 / 0 tx / 0 pending / 0 (0.0%) gas / (0x68378f94d32546495491177509960da133bf08d699f348511634dba8ef107374)","throwable":""}
{"timestamp":"2025-07-11T06:05:40,395","container":"ab3305442036","level":"INFO","thread":"BftProcessorExecutor-QBFT-0","class":"QbftBesuControllerBuilder","message":"Imported #230 / 0 tx / 0 pending / 0 (0.0%) gas / (0x463b9265d705180f35f0be20840f908beb0ad44a36a3bc38a5d2bdde0527a4a4)","throwable":""}
{"timestamp":"2025-07-11T06:05:48,406","container":"ab3305442036","level":"INFO","thread":"BftProcessorExecutor-QBFT-0","class":"QbftBesuControllerBuilder","message":"Imported #231 / 0 tx / 0 pending / 0 (0.0%) gas / (0x64d185ef8750dc4b766c8e286f62dc9ae51d151c5ac14e95c71e86db63c4e9c3)","throwable":""}
{"timestamp":"2025-07-11T06:05:57,008","container":"ab3305442036","level":"INFO","thread":"BftProcessorExecutor-QBFT-0","class":"BftProcessor","message":"Shutting down BFT event processor","throwable":""}
{"timestamp":"2025-07-11T06:05:57,011","container":"ab3305442036","level":"INFO","thread":"BesuCommand-Shutdown-Hook","class":"DefaultSynchronizer","message":"Stopping synchronizer","throwable":""}
{"timestamp":"2025-07-11T06:05:57,016","container":"ab3305442036","level":"INFO","thread":"BesuCommand-Shutdown-Hook","class":"NetworkRunner","message":"Stopping Network.","throwable":""}
{"timestamp":"2025-07-11T06:05:57,024","container":"ab3305442036","level":"INFO","thread":"BesuCommand-Shutdown-Hook","class":"EthProtocolManager","message":"Stopping eth Subprotocol.","throwable":""}
{"timestamp":"2025-07-11T06:05:57,025","container":"ab3305442036","level":"INFO","thread":"BesuCommand-Shutdown-Hook","class":"EthProtocolManager","message":"eth Subprotocol stopped.","throwable":""}
{"timestamp":"2025-07-11T06:05:57,025","container":"ab3305442036","level":"INFO","thread":"BesuCommand-Shutdown-Hook","class":"NetworkRunner","message":"Network stopped.","throwable":""}
{"timestamp":"2025-07-11T06:05:57,025","container":"ab3305442036","level":"INFO","thread":"BesuCommand-Shutdown-Hook","class":"AutoTransactionLogBloomCachingService","message":"Shutting down Auto transaction logs caching service.","throwable":""}
{"timestamp":"2025-07-11T06:05:57,026","container":"ab3305442036","level":"INFO","thread":"BesuCommand-Shutdown-Hook","class":"DockerNatManager","message":"Stopping docker NAT manager.","throwable":""}
