{"timestamp":"2025-07-25T11:24:00,226","container":"71351656b7be","level":"INFO","thread":"main","class":"Besu","message":"Starting Besu","throwable":""}
{"timestamp":"2025-07-25T11:24:00,857","container":"71351656b7be","level":"WARN","thread":"main","class":"Besu","message":"--min-gas-price has been ignored because --miner-enabled was not defined on the command line.","throwable":""}
{"timestamp":"2025-07-25T11:24:01,919","container":"71351656b7be","level":"INFO","thread":"main","class":"Besu","message":"
####################################################################################################
#                                                                                                  #
# Besu version 23.4.1                                                                              #
#                                                                                                  #
# Configuration:                                                                                   #
# Network: Custom genesis file specified                                                           #
# Network Id: 1337                                                                                 #
# Data storage: Forest                                                                             #
# Sync mode: Full                                                                                  #
# RPC HTTP APIs: EEA,WEB3,ETH,NET,TRACE,DEBUG,ADMIN,TXPOOL,PRIV,PERM,QBFT                          #
# RPC HTTP port: 8545                                                                              #
#                                                                                                  #
# Host:                                                                                            #
# Java: openjdk-java-17                                                                            #
# Maximum heap size: 1.74 GB                                                                       #
# OS: linux-x86_64                                                                                 #
# glibc: 2.35                                                                                      #
# jemalloc: 5.2.1-0-gea6b3e973b477b8061e0076bb257dbd7f3faa756                                      #
# Total memory: 6.95 GB                                                                            #
# CPU cores: 4                                                                                     #
#                                                                                                  #
####################################################################################################","throwable":""}
{"timestamp":"2025-07-25T11:24:01,937","container":"71351656b7be","level":"INFO","thread":"main","class":"Besu","message":"Connecting to 8 static nodes.","throwable":""}
{"timestamp":"2025-07-25T11:24:01,943","container":"71351656b7be","level":"INFO","thread":"main","class":"Besu","message":"Security Module: localfile","throwable":""}
{"timestamp":"2025-07-25T11:24:02,073","container":"71351656b7be","level":"INFO","thread":"main","class":"Besu","message":"Using the native implementation of alt bn128","throwable":""}
{"timestamp":"2025-07-25T11:24:02,183","container":"71351656b7be","level":"INFO","thread":"main","class":"Besu","message":"Using the native implementation of modexp","throwable":""}
{"timestamp":"2025-07-25T11:24:02,183","container":"71351656b7be","level":"INFO","thread":"main","class":"Besu","message":"Using the native implementation of the signature algorithm","throwable":""}
{"timestamp":"2025-07-25T11:24:02,198","container":"71351656b7be","level":"INFO","thread":"main","class":"Besu","message":"Using the native implementation of the blake2bf algorithm","throwable":""}
{"timestamp":"2025-07-25T11:24:02,241","container":"71351656b7be","level":"INFO","thread":"main","class":"RocksDBKeyValueStorageFactory","message":"No existing database detected at /opt/besu/data. Using version 1","throwable":""}
{"timestamp":"2025-07-25T11:24:06,194","container":"71351656b7be","level":"INFO","thread":"main","class":"KeyPairUtil","message":"Loaded public key 0x86fcc16f4730fbfd238dc17ea552854c0943923bb1d5e886e5601b8d884fb0519060e0023f495dd24ffe60a65660fb7fdcdebfceedd2b3673dfa63658825924b from /opt/besu/keys/nodekey","throwable":""}
{"timestamp":"2025-07-25T11:24:06,220","container":"71351656b7be","level":"WARN","thread":"main","class":"Besu","message":"Privacy is disabled. Cannot use EEA/PRIV API methods when not using Privacy.","throwable":""}
{"timestamp":"2025-07-25T11:24:06,962","container":"71351656b7be","level":"INFO","thread":"main","class":"ProtocolScheduleBuilder","message":"Protocol schedule created with milestones: [GrayGlacier: 0]","throwable":""}
{"timestamp":"2025-07-25T11:24:07,222","container":"71351656b7be","level":"INFO","thread":"main","class":"TransactionPoolFactory","message":"Enabling transaction pool","throwable":""}
{"timestamp":"2025-07-25T11:24:07,243","container":"71351656b7be","level":"INFO","thread":"main","class":"BesuControllerBuilder","message":"TTD difficulty is not present, creating initial sync phase for PoW","throwable":""}
{"timestamp":"2025-07-25T11:24:07,293","container":"71351656b7be","level":"INFO","thread":"main","class":"RunnerBuilder","message":"Detecting NAT service.","throwable":""}
{"timestamp":"2025-07-25T11:24:07,804","container":"71351656b7be","level":"INFO","thread":"main","class":"Runner","message":"Starting external services ... ","throwable":""}
{"timestamp":"2025-07-25T11:24:07,805","container":"71351656b7be","level":"INFO","thread":"main","class":"MetricsHttpService","message":"Starting metrics http service on 0.0.0.0:9545","throwable":""}
{"timestamp":"2025-07-25T11:24:07,914","container":"71351656b7be","level":"INFO","thread":"vert.x-eventloop-thread-1","class":"MetricsHttpService","message":"Metrics service started and listening on 0.0.0.0:9545","throwable":""}
{"timestamp":"2025-07-25T11:24:07,914","container":"71351656b7be","level":"INFO","thread":"main","class":"JsonRpcHttpService","message":"Starting JSON-RPC service on 0.0.0.0:8545","throwable":""}
{"timestamp":"2025-07-25T11:24:07,924","container":"71351656b7be","level":"INFO","thread":"vert.x-eventloop-thread-1","class":"JsonRpcHttpService","message":"JSON-RPC service started and listening on 0.0.0.0:8545","throwable":""}
{"timestamp":"2025-07-25T11:24:07,926","container":"71351656b7be","level":"INFO","thread":"main","class":"GraphQLHttpService","message":"Starting GraphQL HTTP service on 0.0.0.0:8547","throwable":""}
{"timestamp":"2025-07-25T11:24:07,930","container":"71351656b7be","level":"INFO","thread":"vert.x-eventloop-thread-1","class":"GraphQLHttpService","message":"GraphQL HTTP service started and listening on 0.0.0.0:8547","throwable":""}
{"timestamp":"2025-07-25T11:24:07,930","container":"71351656b7be","level":"INFO","thread":"main","class":"WebSocketService","message":"Starting Websocket service on 0.0.0.0:8546","throwable":""}
{"timestamp":"2025-07-25T11:24:07,933","container":"71351656b7be","level":"INFO","thread":"vert.x-eventloop-thread-1","class":"WebSocketService","message":"Websocket service started and listening on 0.0.0.0:8546","throwable":""}
{"timestamp":"2025-07-25T11:24:07,935","container":"71351656b7be","level":"INFO","thread":"main","class":"AutoTransactionLogBloomCachingService","message":"Starting auto transaction log bloom caching service.","throwable":""}
{"timestamp":"2025-07-25T11:24:07,936","container":"71351656b7be","level":"INFO","thread":"main","class":"LogBloomCacheMetadata","message":"Lookup cache metadata file in data directory: /opt/besu/data/caches","throwable":""}
{"timestamp":"2025-07-25T11:24:07,947","container":"71351656b7be","level":"INFO","thread":"main","class":"Runner","message":"Starting Ethereum main loop ... ","throwable":""}
{"timestamp":"2025-07-25T11:24:07,948","container":"71351656b7be","level":"INFO","thread":"main","class":"DockerNatManager","message":"Starting docker NAT manager.","throwable":""}
{"timestamp":"2025-07-25T11:24:07,956","container":"71351656b7be","level":"INFO","thread":"main","class":"NetworkRunner","message":"Starting Network.","throwable":""}
{"timestamp":"2025-07-25T11:24:07,967","container":"71351656b7be","level":"INFO","thread":"nioEventLoopGroup-2-1","class":"RlpxAgent","message":"P2P RLPx agent started and listening on /0.0.0.0:30303.","throwable":""}
{"timestamp":"2025-07-25T11:24:07,969","container":"71351656b7be","level":"INFO","thread":"main","class":"PeerDiscoveryAgent","message":"Starting peer discovery agent on host=0.0.0.0, port=30303","throwable":""}
{"timestamp":"2025-07-25T11:24:07,987","container":"71351656b7be","level":"INFO","thread":"vert.x-eventloop-thread-1","class":"VertxPeerDiscoveryAgent","message":"Started peer discovery agent successfully, on effective host=0.0.0.0 and port=30303","throwable":""}
{"timestamp":"2025-07-25T11:24:07,988","container":"71351656b7be","level":"INFO","thread":"main","class":"PeerDiscoveryAgent","message":"P2P peer discovery agent started and listening on /0.0.0.0:30303","throwable":""}
{"timestamp":"2025-07-25T11:24:08,020","container":"71351656b7be","level":"INFO","thread":"main","class":"PeerDiscoveryAgent","message":"Writing node record to disk. NodeRecord{seq=1, publicKey=0x0386fcc16f4730fbfd238dc17ea552854c0943923bb1d5e886e5601b8d884fb051, udpAddress=Optional[/10.0.0.77:30303], tcpAddress=Optional[/10.0.0.77:30303], asBase64=-Je4QNGJ5emcs3uHu7JPzNx5xN3NB5Fu6G76kW6NofasAzuDG3YovDWNO33rfLuiud4iigCwt6o8qrvP_IbRAlphL5cBg2V0aMfGhGpSrW2AgmlkgnY0gmlwhAoAAE2Jc2VjcDI1NmsxoQOG_MFvRzD7_SONwX6lUoVMCUOSO7HV6IblYBuNiE-wUYN0Y3CCdl-DdWRwgnZf, nodeId=0x133b4f32d7750cdfd4048f04df8b560be949c229c821731554c33ead5e3888a4, customFields={tcp=30303, udp=30303, ip=0x0a00004d, eth=[[0x6a52ad6d, 0x]], id=V4, secp256k1=0x0386fcc16f4730fbfd238dc17ea552854c0943923bb1d5e886e5601b8d884fb051}}","throwable":""}
{"timestamp":"2025-07-25T11:24:08,050","container":"71351656b7be","level":"INFO","thread":"main","class":"DefaultP2PNetwork","message":"Enode URL enode://86fcc16f4730fbfd238dc17ea552854c0943923bb1d5e886e5601b8d884fb0519060e0023f495dd24ffe60a65660fb7fdcdebfceedd2b3673dfa63658825924b@10.0.0.77:30303","throwable":""}
{"timestamp":"2025-07-25T11:24:08,050","container":"71351656b7be","level":"INFO","thread":"main","class":"DefaultP2PNetwork","message":"Node address 0xdf8b560be949c229c821731554c33ead5e3888a4","throwable":""}
{"timestamp":"2025-07-25T11:24:08,099","container":"71351656b7be","level":"INFO","thread":"main","class":"NetworkRunner","message":"Supported capabilities: [eth/62, eth/63, eth/64, eth/65, eth/66, eth/67, eth/68], [istanbul/100], [snap/1]","throwable":""}
{"timestamp":"2025-07-25T11:24:08,099","container":"71351656b7be","level":"INFO","thread":"main","class":"DefaultSynchronizer","message":"Starting synchronizer.","throwable":""}
{"timestamp":"2025-07-25T11:24:08,100","container":"71351656b7be","level":"INFO","thread":"main","class":"TransactionPoolFactory","message":"Enabling transaction handling following initial sync","throwable":""}
{"timestamp":"2025-07-25T11:24:08,101","container":"71351656b7be","level":"INFO","thread":"main","class":"FullSyncDownloader","message":"Starting full sync.","throwable":""}
{"timestamp":"2025-07-25T11:24:08,101","container":"71351656b7be","level":"INFO","thread":"main","class":"FullSyncTargetManager","message":"Unable to find sync target. Currently checking 0 peers for usefulness","throwable":""}
{"timestamp":"2025-07-25T11:24:08,174","container":"71351656b7be","level":"INFO","thread":"main","class":"Runner","message":"Ethereum main loop is up.","throwable":""}
{"timestamp":"2025-07-25T11:24:13,112","container":"71351656b7be","level":"INFO","thread":"EthScheduler-Timer-0","class":"FullSyncTargetManager","message":"Unable to find sync target. Currently checking 0 peers for usefulness","throwable":""}
{"timestamp":"2025-07-25T11:24:18,113","container":"71351656b7be","level":"INFO","thread":"EthScheduler-Timer-0","class":"FullSyncTargetManager","message":"Unable to find sync target. Currently checking 0 peers for usefulness","throwable":""}
{"timestamp":"2025-07-25T11:24:23,115","container":"71351656b7be","level":"INFO","thread":"EthScheduler-Timer-0","class":"FullSyncTargetManager","message":"Unable to find sync target. Currently checking 0 peers for usefulness","throwable":""}
{"timestamp":"2025-07-25T11:24:28,118","container":"71351656b7be","level":"INFO","thread":"EthScheduler-Timer-0","class":"FullSyncTargetManager","message":"Unable to find sync target. Currently checking 0 peers for usefulness","throwable":""}
{"timestamp":"2025-07-25T11:24:33,120","container":"71351656b7be","level":"INFO","thread":"EthScheduler-Timer-0","class":"FullSyncTargetManager","message":"Unable to find sync target. Currently checking 0 peers for usefulness","throwable":""}
{"timestamp":"2025-07-25T11:24:38,123","container":"71351656b7be","level":"INFO","thread":"EthScheduler-Timer-0","class":"FullSyncTargetManager","message":"Unable to find sync target. Currently checking 0 peers for usefulness","throwable":""}
{"timestamp":"2025-07-25T11:24:43,125","container":"71351656b7be","level":"INFO","thread":"EthScheduler-Timer-0","class":"FullSyncTargetManager","message":"Unable to find sync target. Currently checking 0 peers for usefulness","throwable":""}
{"timestamp":"2025-07-25T11:24:48,142","container":"71351656b7be","level":"INFO","thread":"EthScheduler-Timer-0","class":"FullSyncTargetManager","message":"Unable to find sync target. Currently checking 0 peers for usefulness","throwable":""}
{"timestamp":"2025-07-25T11:24:53,151","container":"71351656b7be","level":"INFO","thread":"EthScheduler-Timer-0","class":"FullSyncTargetManager","message":"Unable to find sync target. Currently checking 0 peers for usefulness","throwable":""}
{"timestamp":"2025-07-25T11:24:58,153","container":"71351656b7be","level":"INFO","thread":"EthScheduler-Timer-0","class":"FullSyncTargetManager","message":"Unable to find sync target. Currently checking 0 peers for usefulness","throwable":""}
{"timestamp":"2025-07-25T11:25:03,159","container":"71351656b7be","level":"INFO","thread":"EthScheduler-Timer-0","class":"FullSyncTargetManager","message":"Unable to find sync target. Currently checking 0 peers for usefulness","throwable":""}
{"timestamp":"2025-07-25T11:25:08,161","container":"71351656b7be","level":"INFO","thread":"EthScheduler-Timer-0","class":"FullSyncTargetManager","message":"Unable to find sync target. Currently checking 0 peers for usefulness","throwable":""}
{"timestamp":"2025-07-25T11:25:13,162","container":"71351656b7be","level":"INFO","thread":"EthScheduler-Timer-0","class":"FullSyncTargetManager","message":"Unable to find sync target. Currently checking 0 peers for usefulness","throwable":""}
{"timestamp":"2025-07-25T11:25:18,163","container":"71351656b7be","level":"INFO","thread":"EthScheduler-Timer-0","class":"FullSyncTargetManager","message":"Unable to find sync target. Currently checking 0 peers for usefulness","throwable":""}
{"timestamp":"2025-07-25T11:25:23,166","container":"71351656b7be","level":"INFO","thread":"EthScheduler-Timer-0","class":"FullSyncTargetManager","message":"Unable to find sync target. Currently checking 0 peers for usefulness","throwable":""}
{"timestamp":"2025-07-25T11:25:28,167","container":"71351656b7be","level":"INFO","thread":"EthScheduler-Timer-0","class":"FullSyncTargetManager","message":"Unable to find sync target. Currently checking 0 peers for usefulness","throwable":""}
{"timestamp":"2025-07-25T11:25:33,169","container":"71351656b7be","level":"INFO","thread":"EthScheduler-Timer-0","class":"FullSyncTargetManager","message":"Unable to find sync target. Currently checking 0 peers for usefulness","throwable":""}
{"timestamp":"2025-07-25T11:25:38,173","container":"71351656b7be","level":"INFO","thread":"EthScheduler-Timer-0","class":"FullSyncTargetManager","message":"Unable to find sync target. Currently checking 0 peers for usefulness","throwable":""}
{"timestamp":"2025-07-25T11:25:43,175","container":"71351656b7be","level":"INFO","thread":"EthScheduler-Timer-0","class":"FullSyncTargetManager","message":"Unable to find sync target. Currently checking 0 peers for usefulness","throwable":""}
{"timestamp":"2025-07-25T11:25:48,179","container":"71351656b7be","level":"INFO","thread":"EthScheduler-Timer-0","class":"FullSyncTargetManager","message":"Unable to find sync target. Currently checking 0 peers for usefulness","throwable":""}
{"timestamp":"2025-07-25T11:25:53,180","container":"71351656b7be","level":"INFO","thread":"EthScheduler-Timer-0","class":"FullSyncTargetManager","message":"Unable to find sync target. Currently checking 0 peers for usefulness","throwable":""}
{"timestamp":"2025-07-25T11:25:58,182","container":"71351656b7be","level":"INFO","thread":"EthScheduler-Timer-0","class":"FullSyncTargetManager","message":"Unable to find sync target. Currently checking 0 peers for usefulness","throwable":""}
{"timestamp":"2025-07-25T11:26:03,186","container":"71351656b7be","level":"INFO","thread":"EthScheduler-Timer-0","class":"FullSyncTargetManager","message":"Unable to find sync target. Currently checking 0 peers for usefulness","throwable":""}
{"timestamp":"2025-07-25T11:26:08,188","container":"71351656b7be","level":"INFO","thread":"EthScheduler-Timer-0","class":"FullSyncTargetManager","message":"Unable to find sync target. Currently checking 0 peers for usefulness","throwable":""}
{"timestamp":"2025-07-25T11:26:13,191","container":"71351656b7be","level":"INFO","thread":"EthScheduler-Timer-0","class":"FullSyncTargetManager","message":"Unable to find sync target. Currently checking 0 peers for usefulness","throwable":""}
{"timestamp":"2025-07-25T11:26:18,194","container":"71351656b7be","level":"INFO","thread":"EthScheduler-Timer-0","class":"FullSyncTargetManager","message":"Unable to find sync target. Currently checking 0 peers for usefulness","throwable":""}
{"timestamp":"2025-07-25T11:26:23,196","container":"71351656b7be","level":"INFO","thread":"EthScheduler-Timer-0","class":"FullSyncTargetManager","message":"Unable to find sync target. Currently checking 0 peers for usefulness","throwable":""}
{"timestamp":"2025-07-25T11:26:28,198","container":"71351656b7be","level":"INFO","thread":"EthScheduler-Timer-0","class":"FullSyncTargetManager","message":"Unable to find sync target. Currently checking 0 peers for usefulness","throwable":""}
{"timestamp":"2025-07-25T11:26:33,200","container":"71351656b7be","level":"INFO","thread":"EthScheduler-Timer-0","class":"FullSyncTargetManager","message":"Unable to find sync target. Currently checking 0 peers for usefulness","throwable":""}
{"timestamp":"2025-07-25T11:26:38,202","container":"71351656b7be","level":"INFO","thread":"EthScheduler-Timer-0","class":"FullSyncTargetManager","message":"Unable to find sync target. Currently checking 0 peers for usefulness","throwable":""}
{"timestamp":"2025-07-25T11:26:43,206","container":"71351656b7be","level":"INFO","thread":"EthScheduler-Timer-0","class":"FullSyncTargetManager","message":"Unable to find sync target. Currently checking 0 peers for usefulness","throwable":""}
{"timestamp":"2025-07-25T11:26:48,208","container":"71351656b7be","level":"INFO","thread":"EthScheduler-Timer-0","class":"FullSyncTargetManager","message":"Unable to find sync target. Currently checking 0 peers for usefulness","throwable":""}
{"timestamp":"2025-07-25T11:26:53,210","container":"71351656b7be","level":"INFO","thread":"EthScheduler-Timer-0","class":"FullSyncTargetManager","message":"Unable to find sync target. Currently checking 0 peers for usefulness","throwable":""}
{"timestamp":"2025-07-25T11:26:58,212","container":"71351656b7be","level":"INFO","thread":"EthScheduler-Timer-0","class":"FullSyncTargetManager","message":"Unable to find sync target. Currently checking 0 peers for usefulness","throwable":""}
{"timestamp":"2025-07-25T11:27:03,215","container":"71351656b7be","level":"INFO","thread":"EthScheduler-Timer-0","class":"FullSyncTargetManager","message":"Unable to find sync target. Currently checking 0 peers for usefulness","throwable":""}
{"timestamp":"2025-07-25T11:27:08,223","container":"71351656b7be","level":"INFO","thread":"EthScheduler-Timer-0","class":"FullSyncTargetManager","message":"Unable to find sync target. Currently checking 0 peers for usefulness","throwable":""}
{"timestamp":"2025-07-25T11:27:10,243","container":"71351656b7be","level":"INFO","thread":"nioEventLoopGroup-3-8","class":"FullSyncTargetManager","message":"Unable to find sync target. Currently checking 3 peers for usefulness","throwable":""}
{"timestamp":"2025-07-25T11:27:14,602","container":"71351656b7be","level":"INFO","thread":"EthScheduler-Workers-0","class":"TimestampBoundedByFutureParameter","message":"Invalid block header: timestamp 1753442836 is greater than the timestamp margin 1753442835","throwable":""}
{"timestamp":"2025-07-25T11:27:14,604","container":"71351656b7be","level":"WARN","thread":"EthScheduler-Workers-0","class":"BlockPropagationManager","message":"Added to bad block manager for invalid header, failed to import announced block 1 (0x09c8d1c4c943d512e70f2dbd3d7bca3a58d0c2a418063a1e1c7a76cea81adfca)","throwable":""}
{"timestamp":"2025-07-25T11:27:15,247","container":"71351656b7be","level":"INFO","thread":"EthScheduler-Timer-0","class":"FullSyncTargetManager","message":"Unable to find sync target. Currently checking 3 peers for usefulness","throwable":""}
{"timestamp":"2025-07-25T11:27:20,250","container":"71351656b7be","level":"INFO","thread":"EthScheduler-Timer-0","class":"FullSyncTargetManager","message":"Unable to find sync target. Currently checking 3 peers for usefulness","throwable":""}
{"timestamp":"2025-07-25T11:27:23,861","container":"71351656b7be","level":"INFO","thread":"nioEventLoopGroup-3-7","class":"BlockPropagationManager","message":"Saved announced block for future import 2 (0x9fa39ab456c7aac18a0f91b42c8d7daf19f643cd9d08416de3099bdd1cc746a4) - 1 saved block(s)","throwable":""}
{"timestamp":"2025-07-25T11:27:23,862","container":"71351656b7be","level":"INFO","thread":"nioEventLoopGroup-3-7","class":"BlockPropagationManager","message":"Retrieving parent 0x09c8d1c4c943d512e70f2dbd3d7bca3a58d0c2a418063a1e1c7a76cea81adfca of block 2 (0x9fa39ab456c7aac18a0f91b42c8d7daf19f643cd9d08416de3099bdd1cc746a4)","throwable":""}
{"timestamp":"2025-07-25T11:27:23,949","container":"71351656b7be","level":"INFO","thread":"EthScheduler-Workers-0","class":"PersistBlockTask","message":"Imported #1 / 0 tx / 0 om / 0 (0.0%) gas / (0x09c8d1c4c943d512e70f2dbd3d7bca3a58d0c2a418063a1e1c7a76cea81adfca) in 0.021s. Peers: 3","throwable":""}
{"timestamp":"2025-07-25T11:27:23,960","container":"71351656b7be","level":"INFO","thread":"EthScheduler-Workers-0","class":"PersistBlockTask","message":"Imported #2 / 0 tx / 0 om / 0 (0.0%) gas / (0x9fa39ab456c7aac18a0f91b42c8d7daf19f643cd9d08416de3099bdd1cc746a4) in 0.006s. Peers: 3","throwable":""}
{"timestamp":"2025-07-25T11:27:23,961","container":"71351656b7be","level":"INFO","thread":"EthScheduler-Workers-0","class":"BlockPropagationManager","message":"Imported 1 pending blocks: [2]","throwable":""}
{"timestamp":"2025-07-25T11:27:30,297","container":"71351656b7be","level":"INFO","thread":"EthScheduler-Workers-0","class":"TimestampBoundedByFutureParameter","message":"Invalid block header: timestamp 1753442852 is greater than the timestamp margin 1753442851","throwable":""}
{"timestamp":"2025-07-25T11:27:30,299","container":"71351656b7be","level":"WARN","thread":"EthScheduler-Workers-0","class":"BlockPropagationManager","message":"Added to bad block manager for invalid header, failed to import announced block 3 (0x3c18e0672f5b67f0217bd116b984bad6bb1076b8d8ef006b106f231b342935ab)","throwable":""}
{"timestamp":"2025-07-25T11:27:30,300","container":"71351656b7be","level":"INFO","thread":"EthScheduler-Workers-0","class":"TimestampBoundedByFutureParameter","message":"Invalid block header: timestamp 1753442852 is greater than the timestamp margin 1753442851","throwable":""}
{"timestamp":"2025-07-25T11:27:30,301","container":"71351656b7be","level":"WARN","thread":"EthScheduler-Workers-0","class":"BlockPropagationManager","message":"Added to bad block manager for invalid header, failed to import announced block 3 (0x3c18e0672f5b67f0217bd116b984bad6bb1076b8d8ef006b106f231b342935ab)","throwable":""}
{"timestamp":"2025-07-25T11:27:30,310","container":"71351656b7be","level":"INFO","thread":"EthScheduler-Workers-0","class":"TimestampBoundedByFutureParameter","message":"Invalid block header: timestamp 1753442852 is greater than the timestamp margin 1753442851","throwable":""}
{"timestamp":"2025-07-25T11:27:30,314","container":"71351656b7be","level":"WARN","thread":"EthScheduler-Workers-0","class":"BlockPropagationManager","message":"Added to bad block manager for invalid header, failed to import announced block 3 (0x3c18e0672f5b67f0217bd116b984bad6bb1076b8d8ef006b106f231b342935ab)","throwable":""}
{"timestamp":"2025-07-25T11:27:49,926","container":"71351656b7be","level":"INFO","thread":"nioEventLoopGroup-3-7","class":"BlockPropagationManager","message":"Saved announced block for future import 4 (0x7f92f699023296a0aa4ccb3933051904df820acc23b4bd97bfc989444310afb0) - 1 saved block(s)","throwable":""}
{"timestamp":"2025-07-25T11:27:49,929","container":"71351656b7be","level":"INFO","thread":"nioEventLoopGroup-3-7","class":"BlockPropagationManager","message":"Retrieving parent 0x3c18e0672f5b67f0217bd116b984bad6bb1076b8d8ef006b106f231b342935ab of block 4 (0x7f92f699023296a0aa4ccb3933051904df820acc23b4bd97bfc989444310afb0)","throwable":""}
{"timestamp":"2025-07-25T11:27:49,948","container":"71351656b7be","level":"INFO","thread":"EthScheduler-Workers-0","class":"PersistBlockTask","message":"Imported #3 / 0 tx / 0 om / 0 (0.0%) gas / (0x3c18e0672f5b67f0217bd116b984bad6bb1076b8d8ef006b106f231b342935ab) in 0.004s. Peers: 3","throwable":""}
{"timestamp":"2025-07-25T11:27:49,950","container":"71351656b7be","level":"INFO","thread":"EthScheduler-Workers-0","class":"TimestampBoundedByFutureParameter","message":"Invalid block header: timestamp 1753442871 is greater than the timestamp margin 1753442870","throwable":""}
{"timestamp":"2025-07-25T11:27:49,950","container":"71351656b7be","level":"INFO","thread":"EthScheduler-Workers-0","class":"MainnetBlockValidator","message":"Invalid block 4 (0x7f92f699023296a0aa4ccb3933051904df820acc23b4bd97bfc989444310afb0): Optional[header validation rule violated, see logs]","throwable":""}
{"timestamp":"2025-07-25T11:27:49,956","container":"71351656b7be","level":"ERROR","thread":"EthScheduler-Workers-0","class":"BlockPropagationManager","message":"Error importing pending blocks","throwable":" org.hyperledger.besu.ethereum.eth.sync.tasks.exceptions.InvalidBlockException: Failed to import block: Invalid block at #4 (0x7f92f699023296a0aa4ccb3933051904df820acc23b4bd97bfc989444310afb0)\n\tat org.hyperledger.besu.ethereum.eth.sync.tasks.PersistBlockTask.executeTask(PersistBlockTask.java:207)\n\tat org.hyperledger.besu.ethereum.eth.manager.task.AbstractEthTask.executeTaskTimed(AbstractEthTask.java:150)\n\tat org.hyperledger.besu.ethereum.eth.manager.task.AbstractEthTask.run(AbstractEthTask.java:75)\n\tat org.hyperledger.besu.ethereum.eth.sync.tasks.PersistBlockTask.lambda$forUnorderedBlocks$8(PersistBlockTask.java:164)\n\tat org.hyperledger.besu.util.FutureUtils.propagateResult(FutureUtils.java:98)\n\tat org.hyperledger.besu.ethereum.eth.manager.EthScheduler.lambda$scheduleSyncWorkerTask$0(EthScheduler.java:110)\n\tat java.base/java.util.concurrent.Executors$RunnableAdapter.call(Executors.java:539)\n\tat java.base/java.util.concurrent.FutureTask.run(FutureTask.java:264)\n\tat java.base/java.util.concurrent.ThreadPoolExecutor.runWorker(ThreadPoolExecutor.java:1136)\n\tat java.base/java.util.concurrent.ThreadPoolExecutor$Worker.run(ThreadPoolExecutor.java:635)\n\tat java.base/java.lang.Thread.run(Thread.java:833)\n"}
{"timestamp":"2025-07-25T11:27:59,912","container":"71351656b7be","level":"INFO","thread":"nioEventLoopGroup-3-8","class":"BlockPropagationManager","message":"Saved announced block for future import 5 (0xcea8462fe335da0ccfae84c685bc972b2789a03f4d5d6b46a24227b33fa4ec15) - 2 saved block(s)","throwable":""}
{"timestamp":"2025-07-25T11:27:59,913","container":"71351656b7be","level":"INFO","thread":"EthScheduler-Workers-0","class":"MainnetBlockValidator","message":"Invalid block 5 (0xcea8462fe335da0ccfae84c685bc972b2789a03f4d5d6b46a24227b33fa4ec15): Optional[Parent block with hash 0x7f92f699023296a0aa4ccb3933051904df820acc23b4bd97bfc989444310afb0 not present]","throwable":""}
{"timestamp":"2025-07-25T11:27:59,914","container":"71351656b7be","level":"ERROR","thread":"EthScheduler-Workers-0","class":"BlockPropagationManager","message":"Error importing pending blocks","throwable":" org.hyperledger.besu.ethereum.eth.sync.tasks.exceptions.InvalidBlockException: Failed to import block: Invalid block at #5 (0xcea8462fe335da0ccfae84c685bc972b2789a03f4d5d6b46a24227b33fa4ec15)\n\tat org.hyperledger.besu.ethereum.eth.sync.tasks.PersistBlockTask.executeTask(PersistBlockTask.java:207)\n\tat org.hyperledger.besu.ethereum.eth.manager.task.AbstractEthTask.executeTaskTimed(AbstractEthTask.java:150)\n\tat org.hyperledger.besu.ethereum.eth.manager.task.AbstractEthTask.run(AbstractEthTask.java:75)\n\tat org.hyperledger.besu.ethereum.eth.sync.tasks.PersistBlockTask.lambda$forUnorderedBlocks$8(PersistBlockTask.java:164)\n\tat org.hyperledger.besu.util.FutureUtils.propagateResult(FutureUtils.java:98)\n\tat org.hyperledger.besu.ethereum.eth.manager.EthScheduler.lambda$scheduleSyncWorkerTask$0(EthScheduler.java:110)\n\tat java.base/java.util.concurrent.Executors$RunnableAdapter.call(Executors.java:539)\n\tat java.base/java.util.concurrent.FutureTask.run(FutureTask.java:264)\n\tat java.base/java.util.concurrent.ThreadPoolExecutor.runWorker(ThreadPoolExecutor.java:1136)\n\tat java.base/java.util.concurrent.ThreadPoolExecutor$Worker.run(ThreadPoolExecutor.java:635)\n\tat java.base/java.lang.Thread.run(Thread.java:833)\n"}
{"timestamp":"2025-07-25T11:28:00,488","container":"71351656b7be","level":"INFO","thread":"EthScheduler-Workers-0","class":"PersistBlockTask","message":"Block 5 (0xcea8462fe335da0ccfae84c685bc972b2789a03f4d5d6b46a24227b33fa4ec15) is already imported","throwable":""}
{"timestamp":"2025-07-25T11:28:00,488","container":"71351656b7be","level":"INFO","thread":"EthScheduler-Workers-0","class":"BlockPropagationManager","message":"Imported 1 pending blocks: [5]","throwable":""}
{"timestamp":"2025-07-25T11:28:05,281","container":"71351656b7be","level":"INFO","thread":"EthScheduler-Workers-0","class":"TimestampBoundedByFutureParameter","message":"Invalid block header: timestamp 1753442887 is greater than the timestamp margin 1753442886","throwable":""}
{"timestamp":"2025-07-25T11:28:05,282","container":"71351656b7be","level":"WARN","thread":"EthScheduler-Workers-0","class":"BlockPropagationManager","message":"Added to bad block manager for invalid header, failed to import announced block 6 (0x7df4189dbe561c35cd4767f3bf13d8ee9001bc16c0ad0e2d56dc782a8938ab84)","throwable":""}
{"timestamp":"2025-07-25T11:28:05,297","container":"71351656b7be","level":"INFO","thread":"EthScheduler-Workers-0","class":"TimestampBoundedByFutureParameter","message":"Invalid block header: timestamp 1753442887 is greater than the timestamp margin 1753442886","throwable":""}
{"timestamp":"2025-07-25T11:28:05,298","container":"71351656b7be","level":"WARN","thread":"EthScheduler-Workers-0","class":"BlockPropagationManager","message":"Added to bad block manager for invalid header, failed to import announced block 6 (0x7df4189dbe561c35cd4767f3bf13d8ee9001bc16c0ad0e2d56dc782a8938ab84)","throwable":""}
{"timestamp":"2025-07-25T11:28:05,301","container":"71351656b7be","level":"INFO","thread":"EthScheduler-Workers-0","class":"TimestampBoundedByFutureParameter","message":"Invalid block header: timestamp 1753442887 is greater than the timestamp margin 1753442886","throwable":""}
{"timestamp":"2025-07-25T11:28:05,302","container":"71351656b7be","level":"WARN","thread":"EthScheduler-Workers-0","class":"BlockPropagationManager","message":"Added to bad block manager for invalid header, failed to import announced block 6 (0x7df4189dbe561c35cd4767f3bf13d8ee9001bc16c0ad0e2d56dc782a8938ab84)","throwable":""}
{"timestamp":"2025-07-25T11:28:24,960","container":"71351656b7be","level":"INFO","thread":"nioEventLoopGroup-3-7","class":"BlockPropagationManager","message":"Saved announced block for future import 7 (0xd4f69082f61dca2188e0f202e1e9e1d8d4993866590287b5c7ff6fda932fefd6) - 1 saved block(s)","throwable":""}
{"timestamp":"2025-07-25T11:28:24,961","container":"71351656b7be","level":"INFO","thread":"nioEventLoopGroup-3-7","class":"BlockPropagationManager","message":"Retrieving parent 0x7df4189dbe561c35cd4767f3bf13d8ee9001bc16c0ad0e2d56dc782a8938ab84 of block 7 (0xd4f69082f61dca2188e0f202e1e9e1d8d4993866590287b5c7ff6fda932fefd6)","throwable":""}
{"timestamp":"2025-07-25T11:28:24,980","container":"71351656b7be","level":"INFO","thread":"EthScheduler-Workers-0","class":"PersistBlockTask","message":"Imported #6 / 0 tx / 0 om / 0 (0.0%) gas / (0x7df4189dbe561c35cd4767f3bf13d8ee9001bc16c0ad0e2d56dc782a8938ab84) in 0.002s. Peers: 3","throwable":""}
{"timestamp":"2025-07-25T11:28:24,982","container":"71351656b7be","level":"INFO","thread":"EthScheduler-Workers-0","class":"TimestampBoundedByFutureParameter","message":"Invalid block header: timestamp 1753442906 is greater than the timestamp margin 1753442905","throwable":""}
{"timestamp":"2025-07-25T11:28:24,984","container":"71351656b7be","level":"INFO","thread":"EthScheduler-Workers-0","class":"MainnetBlockValidator","message":"Invalid block 7 (0xd4f69082f61dca2188e0f202e1e9e1d8d4993866590287b5c7ff6fda932fefd6): Optional[header validation rule violated, see logs]","throwable":""}
{"timestamp":"2025-07-25T11:28:24,990","container":"71351656b7be","level":"ERROR","thread":"EthScheduler-Workers-0","class":"BlockPropagationManager","message":"Error importing pending blocks","throwable":" org.hyperledger.besu.ethereum.eth.sync.tasks.exceptions.InvalidBlockException: Failed to import block: Invalid block at #7 (0xd4f69082f61dca2188e0f202e1e9e1d8d4993866590287b5c7ff6fda932fefd6)\n\tat org.hyperledger.besu.ethereum.eth.sync.tasks.PersistBlockTask.executeTask(PersistBlockTask.java:207)\n\tat org.hyperledger.besu.ethereum.eth.manager.task.AbstractEthTask.executeTaskTimed(AbstractEthTask.java:150)\n\tat org.hyperledger.besu.ethereum.eth.manager.task.AbstractEthTask.run(AbstractEthTask.java:75)\n\tat org.hyperledger.besu.ethereum.eth.sync.tasks.PersistBlockTask.lambda$forUnorderedBlocks$8(PersistBlockTask.java:164)\n\tat org.hyperledger.besu.util.FutureUtils.propagateResult(FutureUtils.java:98)\n\tat org.hyperledger.besu.ethereum.eth.manager.EthScheduler.lambda$scheduleSyncWorkerTask$0(EthScheduler.java:110)\n\tat java.base/java.util.concurrent.Executors$RunnableAdapter.call(Executors.java:539)\n\tat java.base/java.util.concurrent.FutureTask.run(FutureTask.java:264)\n\tat java.base/java.util.concurrent.ThreadPoolExecutor.runWorker(ThreadPoolExecutor.java:1136)\n\tat java.base/java.util.concurrent.ThreadPoolExecutor$Worker.run(ThreadPoolExecutor.java:635)\n\tat java.base/java.lang.Thread.run(Thread.java:833)\n"}
{"timestamp":"2025-07-25T11:28:34,940","container":"71351656b7be","level":"INFO","thread":"nioEventLoopGroup-3-2","class":"BlockPropagationManager","message":"Saved announced block for future import 8 (0x8cdef1050fc72f3ccebc539889474cdcb80d2ce37a20ec551974f1e4ffbdc6f9) - 2 saved block(s)","throwable":""}
{"timestamp":"2025-07-25T11:28:34,948","container":"71351656b7be","level":"INFO","thread":"EthScheduler-Workers-0","class":"MainnetBlockValidator","message":"Invalid block 8 (0x8cdef1050fc72f3ccebc539889474cdcb80d2ce37a20ec551974f1e4ffbdc6f9): Optional[Parent block with hash 0xd4f69082f61dca2188e0f202e1e9e1d8d4993866590287b5c7ff6fda932fefd6 not present]","throwable":""}
{"timestamp":"2025-07-25T11:28:34,951","container":"71351656b7be","level":"ERROR","thread":"EthScheduler-Workers-0","class":"BlockPropagationManager","message":"Error importing pending blocks","throwable":" org.hyperledger.besu.ethereum.eth.sync.tasks.exceptions.InvalidBlockException: Failed to import block: Invalid block at #8 (0x8cdef1050fc72f3ccebc539889474cdcb80d2ce37a20ec551974f1e4ffbdc6f9)\n\tat org.hyperledger.besu.ethereum.eth.sync.tasks.PersistBlockTask.executeTask(PersistBlockTask.java:207)\n\tat org.hyperledger.besu.ethereum.eth.manager.task.AbstractEthTask.executeTaskTimed(AbstractEthTask.java:150)\n\tat org.hyperledger.besu.ethereum.eth.manager.task.AbstractEthTask.run(AbstractEthTask.java:75)\n\tat org.hyperledger.besu.ethereum.eth.sync.tasks.PersistBlockTask.lambda$forUnorderedBlocks$8(PersistBlockTask.java:164)\n\tat org.hyperledger.besu.util.FutureUtils.propagateResult(FutureUtils.java:98)\n\tat org.hyperledger.besu.ethereum.eth.manager.EthScheduler.lambda$scheduleSyncWorkerTask$0(EthScheduler.java:110)\n\tat java.base/java.util.concurrent.Executors$RunnableAdapter.call(Executors.java:539)\n\tat java.base/java.util.concurrent.FutureTask.run(FutureTask.java:264)\n\tat java.base/java.util.concurrent.ThreadPoolExecutor.runWorker(ThreadPoolExecutor.java:1136)\n\tat java.base/java.util.concurrent.ThreadPoolExecutor$Worker.run(ThreadPoolExecutor.java:635)\n\tat java.base/java.lang.Thread.run(Thread.java:833)\n"}
{"timestamp":"2025-07-25T11:28:35,535","container":"71351656b7be","level":"INFO","thread":"EthScheduler-Workers-0","class":"PersistBlockTask","message":"Block 8 (0x8cdef1050fc72f3ccebc539889474cdcb80d2ce37a20ec551974f1e4ffbdc6f9) is already imported","throwable":""}
{"timestamp":"2025-07-25T11:28:35,535","container":"71351656b7be","level":"INFO","thread":"EthScheduler-Workers-0","class":"BlockPropagationManager","message":"Imported 1 pending blocks: [8]","throwable":""}
{"timestamp":"2025-07-25T11:28:40,288","container":"71351656b7be","level":"INFO","thread":"EthScheduler-Workers-0","class":"TimestampBoundedByFutureParameter","message":"Invalid block header: timestamp 1753442922 is greater than the timestamp margin 1753442921","throwable":""}
{"timestamp":"2025-07-25T11:28:40,289","container":"71351656b7be","level":"WARN","thread":"EthScheduler-Workers-0","class":"BlockPropagationManager","message":"Added to bad block manager for invalid header, failed to import announced block 9 (0x22c7ba9ff32af3c78b554b8283686edb2aa0039bcd6c5a0aa72626044f7d0867)","throwable":""}
{"timestamp":"2025-07-25T11:28:40,295","container":"71351656b7be","level":"INFO","thread":"EthScheduler-Workers-0","class":"TimestampBoundedByFutureParameter","message":"Invalid block header: timestamp 1753442922 is greater than the timestamp margin 1753442921","throwable":""}
{"timestamp":"2025-07-25T11:28:40,295","container":"71351656b7be","level":"WARN","thread":"EthScheduler-Workers-0","class":"BlockPropagationManager","message":"Added to bad block manager for invalid header, failed to import announced block 9 (0x22c7ba9ff32af3c78b554b8283686edb2aa0039bcd6c5a0aa72626044f7d0867)","throwable":""}
{"timestamp":"2025-07-25T11:29:00,004","container":"71351656b7be","level":"INFO","thread":"nioEventLoopGroup-3-2","class":"BlockPropagationManager","message":"Saved announced block for future import 10 (0xdc607cbb6de94b969dea450a7ce148092167c10df70e3be47f58acabadbc85b1) - 1 saved block(s)","throwable":""}
{"timestamp":"2025-07-25T11:29:00,005","container":"71351656b7be","level":"INFO","thread":"nioEventLoopGroup-3-2","class":"BlockPropagationManager","message":"Retrieving parent 0x22c7ba9ff32af3c78b554b8283686edb2aa0039bcd6c5a0aa72626044f7d0867 of block 10 (0xdc607cbb6de94b969dea450a7ce148092167c10df70e3be47f58acabadbc85b1)","throwable":""}
{"timestamp":"2025-07-25T11:29:00,035","container":"71351656b7be","level":"INFO","thread":"EthScheduler-Workers-0","class":"PersistBlockTask","message":"Imported #9 / 0 tx / 0 om / 0 (0.0%) gas / (0x22c7ba9ff32af3c78b554b8283686edb2aa0039bcd6c5a0aa72626044f7d0867) in 0.004s. Peers: 3","throwable":""}
{"timestamp":"2025-07-25T11:29:00,045","container":"71351656b7be","level":"INFO","thread":"EthScheduler-Workers-0","class":"PersistBlockTask","message":"Imported #10 / 0 tx / 0 om / 0 (0.0%) gas / (0xdc607cbb6de94b969dea450a7ce148092167c10df70e3be47f58acabadbc85b1) in 0.009s. Peers: 3","throwable":""}
{"timestamp":"2025-07-25T11:29:00,045","container":"71351656b7be","level":"INFO","thread":"EthScheduler-Workers-0","class":"BlockPropagationManager","message":"Imported 1 pending blocks: [10]","throwable":""}
{"timestamp":"2025-07-25T11:29:07,313","container":"71351656b7be","level":"INFO","thread":"EthScheduler-Workers-0","class":"TimestampBoundedByFutureParameter","message":"Invalid block header: timestamp 1753442949 is greater than the timestamp margin 1753442948","throwable":""}
{"timestamp":"2025-07-25T11:29:07,315","container":"71351656b7be","level":"WARN","thread":"EthScheduler-Workers-0","class":"BlockPropagationManager","message":"Added to bad block manager for invalid header, failed to import announced block 11 (0x3cb04cb4e4da8640a3bf0b1e3368350697dbb8c5d04923b4bb6d0faa3968ada5)","throwable":""}
{"timestamp":"2025-07-25T11:29:20,054","container":"71351656b7be","level":"INFO","thread":"nioEventLoopGroup-3-2","class":"BlockPropagationManager","message":"Saved announced block for future import 12 (0x7104f91a0637f5858c2fd58dd7ea2d4fd906c1944b58d13ceca83755b6c1895a) - 1 saved block(s)","throwable":""}
{"timestamp":"2025-07-25T11:29:20,054","container":"71351656b7be","level":"INFO","thread":"nioEventLoopGroup-3-2","class":"BlockPropagationManager","message":"Retrieving parent 0x3cb04cb4e4da8640a3bf0b1e3368350697dbb8c5d04923b4bb6d0faa3968ada5 of block 12 (0x7104f91a0637f5858c2fd58dd7ea2d4fd906c1944b58d13ceca83755b6c1895a)","throwable":""}
{"timestamp":"2025-07-25T11:29:20,088","container":"71351656b7be","level":"INFO","thread":"EthScheduler-Workers-0","class":"PersistBlockTask","message":"Imported #11 / 0 tx / 0 om / 0 (0.0%) gas / (0x3cb04cb4e4da8640a3bf0b1e3368350697dbb8c5d04923b4bb6d0faa3968ada5) in 0.002s. Peers: 3","throwable":""}
{"timestamp":"2025-07-25T11:29:20,094","container":"71351656b7be","level":"INFO","thread":"EthScheduler-Workers-0","class":"PersistBlockTask","message":"Imported #12 / 0 tx / 0 om / 0 (0.0%) gas / (0x7104f91a0637f5858c2fd58dd7ea2d4fd906c1944b58d13ceca83755b6c1895a) in 0.004s. Peers: 3","throwable":""}
{"timestamp":"2025-07-25T11:29:20,095","container":"71351656b7be","level":"INFO","thread":"EthScheduler-Workers-0","class":"BlockPropagationManager","message":"Imported 1 pending blocks: [12]","throwable":""}
{"timestamp":"2025-07-25T11:29:25,070","container":"71351656b7be","level":"INFO","thread":"EthScheduler-Workers-0","class":"PersistBlockTask","message":"Imported #13 / 0 tx / 0 om / 0 (0.0%) gas / (0xade84cfa2b5f3d88e2fe44a67e7aaee4bc90eb20bd9b403e6b702b52980c29fe) in 0.013s. Peers: 3","throwable":""}
{"timestamp":"2025-07-25T11:29:31,314","container":"71351656b7be","level":"INFO","thread":"EthScheduler-Workers-0","class":"TimestampBoundedByFutureParameter","message":"Invalid block header: timestamp 1753442973 is greater than the timestamp margin 1753442972","throwable":""}
{"timestamp":"2025-07-25T11:29:31,314","container":"71351656b7be","level":"WARN","thread":"EthScheduler-Workers-0","class":"BlockPropagationManager","message":"Added to bad block manager for invalid header, failed to import announced block 14 (0x02e37f28794c01a1471a0e38b524dc305da8006da16330b6b361daa2802ae44a)","throwable":""}
{"timestamp":"2025-07-25T11:29:31,317","container":"71351656b7be","level":"INFO","thread":"EthScheduler-Workers-0","class":"TimestampBoundedByFutureParameter","message":"Invalid block header: timestamp 1753442973 is greater than the timestamp margin 1753442972","throwable":""}
{"timestamp":"2025-07-25T11:29:31,317","container":"71351656b7be","level":"WARN","thread":"EthScheduler-Workers-0","class":"BlockPropagationManager","message":"Added to bad block manager for invalid header, failed to import announced block 14 (0x02e37f28794c01a1471a0e38b524dc305da8006da16330b6b361daa2802ae44a)","throwable":""}
{"timestamp":"2025-07-25T11:29:40,047","container":"71351656b7be","level":"INFO","thread":"nioEventLoopGroup-3-2","class":"BlockPropagationManager","message":"Saved announced block for future import 15 (0x318d9a83f5f56c62799c980e9a2fa4cb674f99c25ffd933cf60bc993461f2f76) - 1 saved block(s)","throwable":""}
{"timestamp":"2025-07-25T11:29:40,054","container":"71351656b7be","level":"INFO","thread":"nioEventLoopGroup-3-2","class":"BlockPropagationManager","message":"Retrieving parent 0x02e37f28794c01a1471a0e38b524dc305da8006da16330b6b361daa2802ae44a of block 15 (0x318d9a83f5f56c62799c980e9a2fa4cb674f99c25ffd933cf60bc993461f2f76)","throwable":""}
{"timestamp":"2025-07-25T11:29:40,073","container":"71351656b7be","level":"INFO","thread":"EthScheduler-Workers-0","class":"PersistBlockTask","message":"Imported #14 / 0 tx / 0 om / 0 (0.0%) gas / (0x02e37f28794c01a1471a0e38b524dc305da8006da16330b6b361daa2802ae44a) in 0.002s. Peers: 3","throwable":""}
{"timestamp":"2025-07-25T11:29:40,079","container":"71351656b7be","level":"INFO","thread":"EthScheduler-Workers-0","class":"PersistBlockTask","message":"Imported #15 / 0 tx / 0 om / 0 (0.0%) gas / (0x318d9a83f5f56c62799c980e9a2fa4cb674f99c25ffd933cf60bc993461f2f76) in 0.004s. Peers: 3","throwable":""}
{"timestamp":"2025-07-25T11:29:40,079","container":"71351656b7be","level":"INFO","thread":"EthScheduler-Workers-0","class":"BlockPropagationManager","message":"Imported 1 pending blocks: [15]","throwable":""}
{"timestamp":"2025-07-25T11:29:47,338","container":"71351656b7be","level":"INFO","thread":"EthScheduler-Workers-0","class":"TimestampBoundedByFutureParameter","message":"Invalid block header: timestamp 1753442989 is greater than the timestamp margin 1753442988","throwable":""}
{"timestamp":"2025-07-25T11:29:47,338","container":"71351656b7be","level":"WARN","thread":"EthScheduler-Workers-0","class":"BlockPropagationManager","message":"Added to bad block manager for invalid header, failed to import announced block 16 (0xdb5bf3c251655f5cbd9dfacbb0df0baa745c4997301a803c23c5ee446cb2e03a)","throwable":""}
{"timestamp":"2025-07-25T11:29:47,342","container":"71351656b7be","level":"INFO","thread":"EthScheduler-Workers-0","class":"TimestampBoundedByFutureParameter","message":"Invalid block header: timestamp 1753442989 is greater than the timestamp margin 1753442988","throwable":""}
{"timestamp":"2025-07-25T11:29:47,342","container":"71351656b7be","level":"WARN","thread":"EthScheduler-Workers-0","class":"BlockPropagationManager","message":"Added to bad block manager for invalid header, failed to import announced block 16 (0xdb5bf3c251655f5cbd9dfacbb0df0baa745c4997301a803c23c5ee446cb2e03a)","throwable":""}
{"timestamp":"2025-07-25T11:29:47,343","container":"71351656b7be","level":"INFO","thread":"EthScheduler-Workers-0","class":"TimestampBoundedByFutureParameter","message":"Invalid block header: timestamp 1753442989 is greater than the timestamp margin 1753442988","throwable":""}
{"timestamp":"2025-07-25T11:29:47,343","container":"71351656b7be","level":"WARN","thread":"EthScheduler-Workers-0","class":"BlockPropagationManager","message":"Added to bad block manager for invalid header, failed to import announced block 16 (0xdb5bf3c251655f5cbd9dfacbb0df0baa745c4997301a803c23c5ee446cb2e03a)","throwable":""}
{"timestamp":"2025-07-25T11:30:10,116","container":"71351656b7be","level":"INFO","thread":"nioEventLoopGroup-3-2","class":"BlockPropagationManager","message":"Saved announced block for future import 17 (0xc90b3397f1337a0018a9c3dfdb406b13a10645b476ff7d309293723411335c24) - 1 saved block(s)","throwable":""}
{"timestamp":"2025-07-25T11:30:10,122","container":"71351656b7be","level":"INFO","thread":"nioEventLoopGroup-3-2","class":"BlockPropagationManager","message":"Retrieving parent 0xdb5bf3c251655f5cbd9dfacbb0df0baa745c4997301a803c23c5ee446cb2e03a of block 17 (0xc90b3397f1337a0018a9c3dfdb406b13a10645b476ff7d309293723411335c24)","throwable":""}
{"timestamp":"2025-07-25T11:30:10,178","container":"71351656b7be","level":"INFO","thread":"EthScheduler-Workers-0","class":"PersistBlockTask","message":"Imported #16 / 0 tx / 0 om / 0 (0.0%) gas / (0xdb5bf3c251655f5cbd9dfacbb0df0baa745c4997301a803c23c5ee446cb2e03a) in 0.006s. Peers: 3","throwable":""}
{"timestamp":"2025-07-25T11:30:10,185","container":"71351656b7be","level":"INFO","thread":"EthScheduler-Workers-0","class":"PersistBlockTask","message":"Imported #17 / 0 tx / 0 om / 0 (0.0%) gas / (0xc90b3397f1337a0018a9c3dfdb406b13a10645b476ff7d309293723411335c24) in 0.006s. Peers: 3","throwable":""}
{"timestamp":"2025-07-25T11:30:10,186","container":"71351656b7be","level":"INFO","thread":"EthScheduler-Workers-0","class":"BlockPropagationManager","message":"Imported 1 pending blocks: [17]","throwable":""}
{"timestamp":"2025-07-25T11:30:17,347","container":"71351656b7be","level":"INFO","thread":"EthScheduler-Workers-0","class":"TimestampBoundedByFutureParameter","message":"Invalid block header: timestamp 1753443019 is greater than the timestamp margin 1753443018","throwable":""}
{"timestamp":"2025-07-25T11:30:17,348","container":"71351656b7be","level":"WARN","thread":"EthScheduler-Workers-0","class":"BlockPropagationManager","message":"Added to bad block manager for invalid header, failed to import announced block 18 (0xd66328b981709a261f07458fda1f29c302d65f67f85d55a4117851c232a16716)","throwable":""}
{"timestamp":"2025-07-25T11:30:17,351","container":"71351656b7be","level":"INFO","thread":"EthScheduler-Workers-0","class":"TimestampBoundedByFutureParameter","message":"Invalid block header: timestamp 1753443019 is greater than the timestamp margin 1753443018","throwable":""}
{"timestamp":"2025-07-25T11:30:17,353","container":"71351656b7be","level":"WARN","thread":"EthScheduler-Workers-0","class":"BlockPropagationManager","message":"Added to bad block manager for invalid header, failed to import announced block 18 (0xd66328b981709a261f07458fda1f29c302d65f67f85d55a4117851c232a16716)","throwable":""}
{"timestamp":"2025-07-25T11:30:17,355","container":"71351656b7be","level":"INFO","thread":"EthScheduler-Workers-0","class":"TimestampBoundedByFutureParameter","message":"Invalid block header: timestamp 1753443019 is greater than the timestamp margin 1753443018","throwable":""}
{"timestamp":"2025-07-25T11:30:17,356","container":"71351656b7be","level":"WARN","thread":"EthScheduler-Workers-0","class":"BlockPropagationManager","message":"Added to bad block manager for invalid header, failed to import announced block 18 (0xd66328b981709a261f07458fda1f29c302d65f67f85d55a4117851c232a16716)","throwable":""}
{"timestamp":"2025-07-25T11:30:30,185","container":"71351656b7be","level":"INFO","thread":"nioEventLoopGroup-3-7","class":"BlockPropagationManager","message":"Saved announced block for future import 19 (0xc4fb6a824ff7e09d869ce5de2e06a0a2f5084ca90ed20e87e64df850160f1a95) - 1 saved block(s)","throwable":""}
{"timestamp":"2025-07-25T11:30:30,186","container":"71351656b7be","level":"INFO","thread":"nioEventLoopGroup-3-7","class":"BlockPropagationManager","message":"Retrieving parent 0xd66328b981709a261f07458fda1f29c302d65f67f85d55a4117851c232a16716 of block 19 (0xc4fb6a824ff7e09d869ce5de2e06a0a2f5084ca90ed20e87e64df850160f1a95)","throwable":""}
{"timestamp":"2025-07-25T11:30:30,217","container":"71351656b7be","level":"INFO","thread":"EthScheduler-Workers-0","class":"PersistBlockTask","message":"Imported #18 / 0 tx / 0 om / 0 (0.0%) gas / (0xd66328b981709a261f07458fda1f29c302d65f67f85d55a4117851c232a16716) in 0.002s. Peers: 3","throwable":""}
{"timestamp":"2025-07-25T11:30:30,229","container":"71351656b7be","level":"INFO","thread":"EthScheduler-Workers-0","class":"PersistBlockTask","message":"Imported #19 / 0 tx / 0 om / 0 (0.0%) gas / (0xc4fb6a824ff7e09d869ce5de2e06a0a2f5084ca90ed20e87e64df850160f1a95) in 0.005s. Peers: 3","throwable":""}
{"timestamp":"2025-07-25T11:30:30,230","container":"71351656b7be","level":"INFO","thread":"EthScheduler-Workers-0","class":"BlockPropagationManager","message":"Imported 1 pending blocks: [19]","throwable":""}
{"timestamp":"2025-07-25T11:30:35,054","container":"71351656b7be","level":"INFO","thread":"EthScheduler-Workers-0","class":"PersistBlockTask","message":"Imported #20 / 0 tx / 0 om / 0 (0.0%) gas / (0xd9170e680c6e3f333e915316df77c2575bce64af955b8ec6d73b96363ace9b27) in 0.008s. Peers: 3","throwable":""}
{"timestamp":"2025-07-25T11:30:41,364","container":"71351656b7be","level":"INFO","thread":"EthScheduler-Workers-0","class":"TimestampBoundedByFutureParameter","message":"Invalid block header: timestamp 1753443043 is greater than the timestamp margin 1753443042","throwable":""}
{"timestamp":"2025-07-25T11:30:41,367","container":"71351656b7be","level":"WARN","thread":"EthScheduler-Workers-0","class":"BlockPropagationManager","message":"Added to bad block manager for invalid header, failed to import announced block 21 (0x356fa6d45bd2efb5c5d46d4945ddb2801a8f42200a1e0b927dcc6dea50bc59ac)","throwable":""}
{"timestamp":"2025-07-25T11:30:50,176","container":"71351656b7be","level":"INFO","thread":"nioEventLoopGroup-3-2","class":"BlockPropagationManager","message":"Saved announced block for future import 22 (0x98b405ed34166240c05e340e9b5ba160d82831fe4b33b71ede82c74377e38510) - 1 saved block(s)","throwable":""}
{"timestamp":"2025-07-25T11:30:50,176","container":"71351656b7be","level":"INFO","thread":"nioEventLoopGroup-3-2","class":"BlockPropagationManager","message":"Retrieving parent 0x356fa6d45bd2efb5c5d46d4945ddb2801a8f42200a1e0b927dcc6dea50bc59ac of block 22 (0x98b405ed34166240c05e340e9b5ba160d82831fe4b33b71ede82c74377e38510)","throwable":""}
{"timestamp":"2025-07-25T11:30:50,203","container":"71351656b7be","level":"INFO","thread":"EthScheduler-Workers-0","class":"PersistBlockTask","message":"Imported #21 / 0 tx / 0 om / 0 (0.0%) gas / (0x356fa6d45bd2efb5c5d46d4945ddb2801a8f42200a1e0b927dcc6dea50bc59ac) in 0.003s. Peers: 3","throwable":""}
{"timestamp":"2025-07-25T11:30:50,229","container":"71351656b7be","level":"INFO","thread":"EthScheduler-Workers-0","class":"PersistBlockTask","message":"Imported #22 / 0 tx / 0 om / 0 (0.0%) gas / (0x98b405ed34166240c05e340e9b5ba160d82831fe4b33b71ede82c74377e38510) in 0.022s. Peers: 3","throwable":""}
{"timestamp":"2025-07-25T11:30:50,229","container":"71351656b7be","level":"INFO","thread":"EthScheduler-Workers-0","class":"BlockPropagationManager","message":"Imported 1 pending blocks: [22]","throwable":""}
{"timestamp":"2025-07-25T11:30:57,364","container":"71351656b7be","level":"INFO","thread":"EthScheduler-Workers-0","class":"TimestampBoundedByFutureParameter","message":"Invalid block header: timestamp 1753443059 is greater than the timestamp margin 1753443058","throwable":""}
{"timestamp":"2025-07-25T11:30:57,370","container":"71351656b7be","level":"WARN","thread":"EthScheduler-Workers-0","class":"BlockPropagationManager","message":"Added to bad block manager for invalid header, failed to import announced block 23 (0xe9b29bb8dbb2180a154fccabc84426481c2e917792a733e3e1784d501dbd04c4)","throwable":""}
{"timestamp":"2025-07-25T11:30:57,373","container":"71351656b7be","level":"INFO","thread":"EthScheduler-Workers-0","class":"TimestampBoundedByFutureParameter","message":"Invalid block header: timestamp 1753443059 is greater than the timestamp margin 1753443058","throwable":""}
{"timestamp":"2025-07-25T11:30:57,374","container":"71351656b7be","level":"WARN","thread":"EthScheduler-Workers-0","class":"BlockPropagationManager","message":"Added to bad block manager for invalid header, failed to import announced block 23 (0xe9b29bb8dbb2180a154fccabc84426481c2e917792a733e3e1784d501dbd04c4)","throwable":""}
{"timestamp":"2025-07-25T11:30:57,375","container":"71351656b7be","level":"INFO","thread":"EthScheduler-Workers-0","class":"TimestampBoundedByFutureParameter","message":"Invalid block header: timestamp 1753443059 is greater than the timestamp margin 1753443058","throwable":""}
{"timestamp":"2025-07-25T11:30:57,375","container":"71351656b7be","level":"WARN","thread":"EthScheduler-Workers-0","class":"BlockPropagationManager","message":"Added to bad block manager for invalid header, failed to import announced block 23 (0xe9b29bb8dbb2180a154fccabc84426481c2e917792a733e3e1784d501dbd04c4)","throwable":""}
{"timestamp":"2025-07-25T11:31:20,258","container":"71351656b7be","level":"INFO","thread":"nioEventLoopGroup-3-8","class":"BlockPropagationManager","message":"Saved announced block for future import 24 (0x32f8cf694fb37dd8073e00f0a4c72da045d4ab34d0a54ed4ca3865155bf7bb61) - 1 saved block(s)","throwable":""}
{"timestamp":"2025-07-25T11:31:20,259","container":"71351656b7be","level":"INFO","thread":"nioEventLoopGroup-3-8","class":"BlockPropagationManager","message":"Retrieving parent 0xe9b29bb8dbb2180a154fccabc84426481c2e917792a733e3e1784d501dbd04c4 of block 24 (0x32f8cf694fb37dd8073e00f0a4c72da045d4ab34d0a54ed4ca3865155bf7bb61)","throwable":""}
{"timestamp":"2025-07-25T11:31:20,298","container":"71351656b7be","level":"INFO","thread":"EthScheduler-Workers-0","class":"PersistBlockTask","message":"Imported #23 / 0 tx / 0 om / 0 (0.0%) gas / (0xe9b29bb8dbb2180a154fccabc84426481c2e917792a733e3e1784d501dbd04c4) in 0.004s. Peers: 3","throwable":""}
{"timestamp":"2025-07-25T11:31:20,306","container":"71351656b7be","level":"INFO","thread":"EthScheduler-Workers-0","class":"PersistBlockTask","message":"Imported #24 / 0 tx / 0 om / 0 (0.0%) gas / (0x32f8cf694fb37dd8073e00f0a4c72da045d4ab34d0a54ed4ca3865155bf7bb61) in 0.005s. Peers: 3","throwable":""}
{"timestamp":"2025-07-25T11:31:20,306","container":"71351656b7be","level":"INFO","thread":"EthScheduler-Workers-0","class":"BlockPropagationManager","message":"Imported 1 pending blocks: [24]","throwable":""}
{"timestamp":"2025-07-25T11:31:27,394","container":"71351656b7be","level":"INFO","thread":"EthScheduler-Workers-0","class":"TimestampBoundedByFutureParameter","message":"Invalid block header: timestamp 1753443089 is greater than the timestamp margin 1753443088","throwable":""}
{"timestamp":"2025-07-25T11:31:27,395","container":"71351656b7be","level":"WARN","thread":"EthScheduler-Workers-0","class":"BlockPropagationManager","message":"Added to bad block manager for invalid header, failed to import announced block 25 (0x6f8e8461380a0c14c528622ca728abacf7c27db338c4196e1d02fe76fa77d510)","throwable":""}
{"timestamp":"2025-07-25T11:31:27,410","container":"71351656b7be","level":"INFO","thread":"EthScheduler-Workers-0","class":"TimestampBoundedByFutureParameter","message":"Invalid block header: timestamp 1753443089 is greater than the timestamp margin 1753443088","throwable":""}
{"timestamp":"2025-07-25T11:31:27,410","container":"71351656b7be","level":"WARN","thread":"EthScheduler-Workers-0","class":"BlockPropagationManager","message":"Added to bad block manager for invalid header, failed to import announced block 25 (0x6f8e8461380a0c14c528622ca728abacf7c27db338c4196e1d02fe76fa77d510)","throwable":""}
{"timestamp":"2025-07-25T11:31:27,411","container":"71351656b7be","level":"INFO","thread":"EthScheduler-Workers-0","class":"TimestampBoundedByFutureParameter","message":"Invalid block header: timestamp 1753443089 is greater than the timestamp margin 1753443088","throwable":""}
{"timestamp":"2025-07-25T11:31:27,411","container":"71351656b7be","level":"WARN","thread":"EthScheduler-Workers-0","class":"BlockPropagationManager","message":"Added to bad block manager for invalid header, failed to import announced block 25 (0x6f8e8461380a0c14c528622ca728abacf7c27db338c4196e1d02fe76fa77d510)","throwable":""}
{"timestamp":"2025-07-25T11:31:40,260","container":"71351656b7be","level":"INFO","thread":"nioEventLoopGroup-3-2","class":"BlockPropagationManager","message":"Saved announced block for future import 26 (0x185d78b1157d9031721c574e98bd8a779ab92468d06ac03445e12eebfd5a154f) - 1 saved block(s)","throwable":""}
{"timestamp":"2025-07-25T11:31:40,263","container":"71351656b7be","level":"INFO","thread":"nioEventLoopGroup-3-2","class":"BlockPropagationManager","message":"Retrieving parent 0x6f8e8461380a0c14c528622ca728abacf7c27db338c4196e1d02fe76fa77d510 of block 26 (0x185d78b1157d9031721c574e98bd8a779ab92468d06ac03445e12eebfd5a154f)","throwable":""}
{"timestamp":"2025-07-25T11:31:40,290","container":"71351656b7be","level":"INFO","thread":"EthScheduler-Workers-0","class":"PersistBlockTask","message":"Imported #25 / 0 tx / 0 om / 0 (0.0%) gas / (0x6f8e8461380a0c14c528622ca728abacf7c27db338c4196e1d02fe76fa77d510) in 0.003s. Peers: 3","throwable":""}
{"timestamp":"2025-07-25T11:31:40,298","container":"71351656b7be","level":"INFO","thread":"EthScheduler-Workers-0","class":"PersistBlockTask","message":"Imported #26 / 0 tx / 0 om / 0 (0.0%) gas / (0x185d78b1157d9031721c574e98bd8a779ab92468d06ac03445e12eebfd5a154f) in 0.005s. Peers: 3","throwable":""}
{"timestamp":"2025-07-25T11:31:40,298","container":"71351656b7be","level":"INFO","thread":"EthScheduler-Workers-0","class":"BlockPropagationManager","message":"Imported 1 pending blocks: [26]","throwable":""}
{"timestamp":"2025-07-25T11:31:45,058","container":"71351656b7be","level":"INFO","thread":"EthScheduler-Workers-0","class":"PersistBlockTask","message":"Imported #27 / 0 tx / 0 om / 0 (0.0%) gas / (0x998034302b2d8d91301c697d3391e553c6c130230a89673d10b9f9e2ca42b338) in 0.003s. Peers: 3","throwable":""}
{"timestamp":"2025-07-25T11:31:51,397","container":"71351656b7be","level":"INFO","thread":"EthScheduler-Workers-0","class":"TimestampBoundedByFutureParameter","message":"Invalid block header: timestamp 1753443113 is greater than the timestamp margin 1753443112","throwable":""}
{"timestamp":"2025-07-25T11:31:51,399","container":"71351656b7be","level":"WARN","thread":"EthScheduler-Workers-0","class":"BlockPropagationManager","message":"Added to bad block manager for invalid header, failed to import announced block 28 (0xdb7fb4366af992b459ce77e0bb7689a596b557dfe69c97460e257a80403df291)","throwable":""}
{"timestamp":"2025-07-25T11:31:51,403","container":"71351656b7be","level":"INFO","thread":"EthScheduler-Workers-0","class":"TimestampBoundedByFutureParameter","message":"Invalid block header: timestamp 1753443113 is greater than the timestamp margin 1753443112","throwable":""}
{"timestamp":"2025-07-25T11:31:51,403","container":"71351656b7be","level":"WARN","thread":"EthScheduler-Workers-0","class":"BlockPropagationManager","message":"Added to bad block manager for invalid header, failed to import announced block 28 (0xdb7fb4366af992b459ce77e0bb7689a596b557dfe69c97460e257a80403df291)","throwable":""}
{"timestamp":"2025-07-25T11:31:51,405","container":"71351656b7be","level":"INFO","thread":"EthScheduler-Workers-0","class":"TimestampBoundedByFutureParameter","message":"Invalid block header: timestamp 1753443113 is greater than the timestamp margin 1753443112","throwable":""}
{"timestamp":"2025-07-25T11:31:51,406","container":"71351656b7be","level":"WARN","thread":"EthScheduler-Workers-0","class":"BlockPropagationManager","message":"Added to bad block manager for invalid header, failed to import announced block 28 (0xdb7fb4366af992b459ce77e0bb7689a596b557dfe69c97460e257a80403df291)","throwable":""}
{"timestamp":"2025-07-25T11:32:00,287","container":"71351656b7be","level":"INFO","thread":"nioEventLoopGroup-3-2","class":"BlockPropagationManager","message":"Saved announced block for future import 29 (0x2cd098cf3054795ebbe3c62339f696058be90ab487e384baaa47267d8d36a038) - 1 saved block(s)","throwable":""}
{"timestamp":"2025-07-25T11:32:00,288","container":"71351656b7be","level":"INFO","thread":"nioEventLoopGroup-3-2","class":"BlockPropagationManager","message":"Retrieving parent 0xdb7fb4366af992b459ce77e0bb7689a596b557dfe69c97460e257a80403df291 of block 29 (0x2cd098cf3054795ebbe3c62339f696058be90ab487e384baaa47267d8d36a038)","throwable":""}
{"timestamp":"2025-07-25T11:32:00,297","container":"71351656b7be","level":"INFO","thread":"EthScheduler-Workers-0","class":"PersistBlockTask","message":"Imported #28 / 0 tx / 0 om / 0 (0.0%) gas / (0xdb7fb4366af992b459ce77e0bb7689a596b557dfe69c97460e257a80403df291) in 0.002s. Peers: 3","throwable":""}
{"timestamp":"2025-07-25T11:32:00,303","container":"71351656b7be","level":"INFO","thread":"EthScheduler-Workers-0","class":"PersistBlockTask","message":"Imported #29 / 0 tx / 0 om / 0 (0.0%) gas / (0x2cd098cf3054795ebbe3c62339f696058be90ab487e384baaa47267d8d36a038) in 0.005s. Peers: 3","throwable":""}
{"timestamp":"2025-07-25T11:32:00,303","container":"71351656b7be","level":"INFO","thread":"EthScheduler-Workers-0","class":"BlockPropagationManager","message":"Imported 1 pending blocks: [29]","throwable":""}
{"timestamp":"2025-07-25T11:32:07,399","container":"71351656b7be","level":"INFO","thread":"EthScheduler-Workers-0","class":"TimestampBoundedByFutureParameter","message":"Invalid block header: timestamp 1753443129 is greater than the timestamp margin 1753443128","throwable":""}
{"timestamp":"2025-07-25T11:32:07,401","container":"71351656b7be","level":"WARN","thread":"EthScheduler-Workers-0","class":"BlockPropagationManager","message":"Added to bad block manager for invalid header, failed to import announced block 30 (0x28e3d47a9859f95454e493f2484876e384129378e610b5ae004fc36a0a86ee97)","throwable":""}
{"timestamp":"2025-07-25T11:32:30,338","container":"71351656b7be","level":"INFO","thread":"nioEventLoopGroup-3-8","class":"BlockPropagationManager","message":"Saved announced block for future import 31 (0xe5bbcc86a376eec31d7dc53ffa35e067012b348a00cebaf61bea5e6a2481bf4a) - 1 saved block(s)","throwable":""}
{"timestamp":"2025-07-25T11:32:30,344","container":"71351656b7be","level":"INFO","thread":"nioEventLoopGroup-3-8","class":"BlockPropagationManager","message":"Retrieving parent 0x28e3d47a9859f95454e493f2484876e384129378e610b5ae004fc36a0a86ee97 of block 31 (0xe5bbcc86a376eec31d7dc53ffa35e067012b348a00cebaf61bea5e6a2481bf4a)","throwable":""}
{"timestamp":"2025-07-25T11:32:30,359","container":"71351656b7be","level":"INFO","thread":"EthScheduler-Workers-0","class":"PersistBlockTask","message":"Imported #30 / 0 tx / 0 om / 0 (0.0%) gas / (0x28e3d47a9859f95454e493f2484876e384129378e610b5ae004fc36a0a86ee97) in 0.002s. Peers: 3","throwable":""}
{"timestamp":"2025-07-25T11:32:30,364","container":"71351656b7be","level":"INFO","thread":"EthScheduler-Workers-0","class":"PersistBlockTask","message":"Imported #31 / 0 tx / 0 om / 0 (0.0%) gas / (0xe5bbcc86a376eec31d7dc53ffa35e067012b348a00cebaf61bea5e6a2481bf4a) in 0.004s. Peers: 3","throwable":""}
{"timestamp":"2025-07-25T11:32:30,364","container":"71351656b7be","level":"INFO","thread":"EthScheduler-Workers-0","class":"BlockPropagationManager","message":"Imported 1 pending blocks: [31]","throwable":""}
{"timestamp":"2025-07-25T11:32:37,396","container":"71351656b7be","level":"INFO","thread":"EthScheduler-Workers-0","class":"TimestampBoundedByFutureParameter","message":"Invalid block header: timestamp 1753443159 is greater than the timestamp margin 1753443158","throwable":""}
{"timestamp":"2025-07-25T11:32:37,396","container":"71351656b7be","level":"WARN","thread":"EthScheduler-Workers-0","class":"BlockPropagationManager","message":"Added to bad block manager for invalid header, failed to import announced block 32 (0x8110120a418fe8631a2fb864f75bf6c65c7faa6f6764187285b887e8c2f34a60)","throwable":""}
{"timestamp":"2025-07-25T11:32:37,399","container":"71351656b7be","level":"INFO","thread":"EthScheduler-Workers-0","class":"TimestampBoundedByFutureParameter","message":"Invalid block header: timestamp 1753443159 is greater than the timestamp margin 1753443158","throwable":""}
{"timestamp":"2025-07-25T11:32:37,400","container":"71351656b7be","level":"WARN","thread":"EthScheduler-Workers-0","class":"BlockPropagationManager","message":"Added to bad block manager for invalid header, failed to import announced block 32 (0x8110120a418fe8631a2fb864f75bf6c65c7faa6f6764187285b887e8c2f34a60)","throwable":""}
{"timestamp":"2025-07-25T11:32:50,358","container":"71351656b7be","level":"INFO","thread":"nioEventLoopGroup-3-2","class":"BlockPropagationManager","message":"Saved announced block for future import 33 (0x70a1bd55a20b106fd5be1b5cf1187599c0dd804f116abdb0fdcf4df69b6a7f97) - 1 saved block(s)","throwable":""}
{"timestamp":"2025-07-25T11:32:50,359","container":"71351656b7be","level":"INFO","thread":"nioEventLoopGroup-3-2","class":"BlockPropagationManager","message":"Retrieving parent 0x8110120a418fe8631a2fb864f75bf6c65c7faa6f6764187285b887e8c2f34a60 of block 33 (0x70a1bd55a20b106fd5be1b5cf1187599c0dd804f116abdb0fdcf4df69b6a7f97)","throwable":""}
{"timestamp":"2025-07-25T11:32:50,382","container":"71351656b7be","level":"INFO","thread":"EthScheduler-Workers-0","class":"PersistBlockTask","message":"Imported #32 / 0 tx / 0 om / 0 (0.0%) gas / (0x8110120a418fe8631a2fb864f75bf6c65c7faa6f6764187285b887e8c2f34a60) in 0.005s. Peers: 3","throwable":""}
{"timestamp":"2025-07-25T11:32:50,392","container":"71351656b7be","level":"INFO","thread":"EthScheduler-Workers-0","class":"PersistBlockTask","message":"Imported #33 / 0 tx / 0 om / 0 (0.0%) gas / (0x70a1bd55a20b106fd5be1b5cf1187599c0dd804f116abdb0fdcf4df69b6a7f97) in 0.007s. Peers: 3","throwable":""}
{"timestamp":"2025-07-25T11:32:50,392","container":"71351656b7be","level":"INFO","thread":"EthScheduler-Workers-0","class":"BlockPropagationManager","message":"Imported 1 pending blocks: [33]","throwable":""}
{"timestamp":"2025-07-25T11:32:55,043","container":"71351656b7be","level":"INFO","thread":"EthScheduler-Workers-0","class":"PersistBlockTask","message":"Imported #34 / 0 tx / 0 om / 0 (0.0%) gas / (0x94f1d6b35d8b3ab57ee87ecb21531230f70464f9ca4cbb04b4586740f0efba53) in 0.003s. Peers: 3","throwable":""}
{"timestamp":"2025-07-25T11:33:01,427","container":"71351656b7be","level":"INFO","thread":"EthScheduler-Workers-0","class":"TimestampBoundedByFutureParameter","message":"Invalid block header: timestamp 1753443183 is greater than the timestamp margin 1753443182","throwable":""}
{"timestamp":"2025-07-25T11:33:01,428","container":"71351656b7be","level":"WARN","thread":"EthScheduler-Workers-0","class":"BlockPropagationManager","message":"Added to bad block manager for invalid header, failed to import announced block 35 (0x48247c7b5dcc7101088cba0c93be95e4160c0328b3cd57fc50230d667767668c)","throwable":""}
{"timestamp":"2025-07-25T11:33:10,442","container":"71351656b7be","level":"INFO","thread":"nioEventLoopGroup-3-7","class":"BlockPropagationManager","message":"Saved announced block for future import 36 (0xbc79284cfdc8a058d0cfa281469934f13a3dea07e1a47dce398a77353104effe) - 1 saved block(s)","throwable":""}
{"timestamp":"2025-07-25T11:33:10,443","container":"71351656b7be","level":"INFO","thread":"nioEventLoopGroup-3-7","class":"BlockPropagationManager","message":"Retrieving parent 0x48247c7b5dcc7101088cba0c93be95e4160c0328b3cd57fc50230d667767668c of block 36 (0xbc79284cfdc8a058d0cfa281469934f13a3dea07e1a47dce398a77353104effe)","throwable":""}
{"timestamp":"2025-07-25T11:33:10,461","container":"71351656b7be","level":"INFO","thread":"EthScheduler-Workers-0","class":"PersistBlockTask","message":"Imported #35 / 0 tx / 0 om / 0 (0.0%) gas / (0x48247c7b5dcc7101088cba0c93be95e4160c0328b3cd57fc50230d667767668c) in 0.003s. Peers: 3","throwable":""}
{"timestamp":"2025-07-25T11:33:10,472","container":"71351656b7be","level":"INFO","thread":"EthScheduler-Workers-0","class":"PersistBlockTask","message":"Imported #36 / 0 tx / 0 om / 0 (0.0%) gas / (0xbc79284cfdc8a058d0cfa281469934f13a3dea07e1a47dce398a77353104effe) in 0.009s. Peers: 3","throwable":""}
{"timestamp":"2025-07-25T11:33:10,474","container":"71351656b7be","level":"INFO","thread":"EthScheduler-Workers-0","class":"BlockPropagationManager","message":"Imported 1 pending blocks: [36]","throwable":""}
{"timestamp":"2025-07-25T11:33:17,429","container":"71351656b7be","level":"INFO","thread":"EthScheduler-Workers-0","class":"TimestampBoundedByFutureParameter","message":"Invalid block header: timestamp 1753443199 is greater than the timestamp margin 1753443198","throwable":""}
{"timestamp":"2025-07-25T11:33:17,430","container":"71351656b7be","level":"WARN","thread":"EthScheduler-Workers-0","class":"BlockPropagationManager","message":"Added to bad block manager for invalid header, failed to import announced block 37 (0x988ab589d1bfa5975e0dcf60a011511cd970b752db9d2cfe4f4a46404108bbb8)","throwable":""}
{"timestamp":"2025-07-25T11:33:17,431","container":"71351656b7be","level":"INFO","thread":"EthScheduler-Workers-0","class":"TimestampBoundedByFutureParameter","message":"Invalid block header: timestamp 1753443199 is greater than the timestamp margin 1753443198","throwable":""}
{"timestamp":"2025-07-25T11:33:17,431","container":"71351656b7be","level":"WARN","thread":"EthScheduler-Workers-0","class":"BlockPropagationManager","message":"Added to bad block manager for invalid header, failed to import announced block 37 (0x988ab589d1bfa5975e0dcf60a011511cd970b752db9d2cfe4f4a46404108bbb8)","throwable":""}
{"timestamp":"2025-07-25T11:33:35,482","container":"71351656b7be","level":"INFO","thread":"nioEventLoopGroup-3-2","class":"BlockPropagationManager","message":"Saved announced block for future import 38 (0x9cf61c1cbdc614a787120b6719ea130b19db89b875c7f8ee0d6fa07905428dbe) - 1 saved block(s)","throwable":""}
{"timestamp":"2025-07-25T11:33:35,484","container":"71351656b7be","level":"INFO","thread":"nioEventLoopGroup-3-2","class":"BlockPropagationManager","message":"Retrieving parent 0x988ab589d1bfa5975e0dcf60a011511cd970b752db9d2cfe4f4a46404108bbb8 of block 38 (0x9cf61c1cbdc614a787120b6719ea130b19db89b875c7f8ee0d6fa07905428dbe)","throwable":""}
{"timestamp":"2025-07-25T11:33:35,502","container":"71351656b7be","level":"INFO","thread":"EthScheduler-Workers-0","class":"PersistBlockTask","message":"Imported #37 / 0 tx / 0 om / 0 (0.0%) gas / (0x988ab589d1bfa5975e0dcf60a011511cd970b752db9d2cfe4f4a46404108bbb8) in 0.004s. Peers: 3","throwable":""}
{"timestamp":"2025-07-25T11:33:35,506","container":"71351656b7be","level":"INFO","thread":"EthScheduler-Workers-0","class":"TimestampBoundedByFutureParameter","message":"Invalid block header: timestamp 1753443217 is greater than the timestamp margin 1753443216","throwable":""}
{"timestamp":"2025-07-25T11:33:35,507","container":"71351656b7be","level":"INFO","thread":"EthScheduler-Workers-0","class":"MainnetBlockValidator","message":"Invalid block 38 (0x9cf61c1cbdc614a787120b6719ea130b19db89b875c7f8ee0d6fa07905428dbe): Optional[header validation rule violated, see logs]","throwable":""}
{"timestamp":"2025-07-25T11:33:35,508","container":"71351656b7be","level":"ERROR","thread":"EthScheduler-Workers-0","class":"BlockPropagationManager","message":"Error importing pending blocks","throwable":" org.hyperledger.besu.ethereum.eth.sync.tasks.exceptions.InvalidBlockException: Failed to import block: Invalid block at #38 (0x9cf61c1cbdc614a787120b6719ea130b19db89b875c7f8ee0d6fa07905428dbe)\n\tat org.hyperledger.besu.ethereum.eth.sync.tasks.PersistBlockTask.executeTask(PersistBlockTask.java:207)\n\tat org.hyperledger.besu.ethereum.eth.manager.task.AbstractEthTask.executeTaskTimed(AbstractEthTask.java:150)\n\tat org.hyperledger.besu.ethereum.eth.manager.task.AbstractEthTask.run(AbstractEthTask.java:75)\n\tat org.hyperledger.besu.ethereum.eth.sync.tasks.PersistBlockTask.lambda$forUnorderedBlocks$8(PersistBlockTask.java:164)\n\tat org.hyperledger.besu.util.FutureUtils.propagateResult(FutureUtils.java:98)\n\tat org.hyperledger.besu.ethereum.eth.manager.EthScheduler.lambda$scheduleSyncWorkerTask$0(EthScheduler.java:110)\n\tat java.base/java.util.concurrent.Executors$RunnableAdapter.call(Executors.java:539)\n\tat java.base/java.util.concurrent.FutureTask.run(FutureTask.java:264)\n\tat java.base/java.util.concurrent.ThreadPoolExecutor.runWorker(ThreadPoolExecutor.java:1136)\n\tat java.base/java.util.concurrent.ThreadPoolExecutor$Worker.run(ThreadPoolExecutor.java:635)\n\tat java.base/java.lang.Thread.run(Thread.java:833)\n"}
{"timestamp":"2025-07-25T11:33:45,510","container":"71351656b7be","level":"INFO","thread":"nioEventLoopGroup-3-7","class":"BlockPropagationManager","message":"Saved announced block for future import 39 (0x4d7c289abd40f6c65927e71ced17575aa4bef019cf77d683881956df5cfcf000) - 2 saved block(s)","throwable":""}
{"timestamp":"2025-07-25T11:33:45,511","container":"71351656b7be","level":"INFO","thread":"EthScheduler-Workers-0","class":"MainnetBlockValidator","message":"Invalid block 39 (0x4d7c289abd40f6c65927e71ced17575aa4bef019cf77d683881956df5cfcf000): Optional[Parent block with hash 0x9cf61c1cbdc614a787120b6719ea130b19db89b875c7f8ee0d6fa07905428dbe not present]","throwable":""}
{"timestamp":"2025-07-25T11:33:45,512","container":"71351656b7be","level":"ERROR","thread":"EthScheduler-Workers-0","class":"BlockPropagationManager","message":"Error importing pending blocks","throwable":" org.hyperledger.besu.ethereum.eth.sync.tasks.exceptions.InvalidBlockException: Failed to import block: Invalid block at #39 (0x4d7c289abd40f6c65927e71ced17575aa4bef019cf77d683881956df5cfcf000)\n\tat org.hyperledger.besu.ethereum.eth.sync.tasks.PersistBlockTask.executeTask(PersistBlockTask.java:207)\n\tat org.hyperledger.besu.ethereum.eth.manager.task.AbstractEthTask.executeTaskTimed(AbstractEthTask.java:150)\n\tat org.hyperledger.besu.ethereum.eth.manager.task.AbstractEthTask.run(AbstractEthTask.java:75)\n\tat org.hyperledger.besu.ethereum.eth.sync.tasks.PersistBlockTask.lambda$forUnorderedBlocks$8(PersistBlockTask.java:164)\n\tat org.hyperledger.besu.util.FutureUtils.propagateResult(FutureUtils.java:98)\n\tat org.hyperledger.besu.ethereum.eth.manager.EthScheduler.lambda$scheduleSyncWorkerTask$0(EthScheduler.java:110)\n\tat java.base/java.util.concurrent.Executors$RunnableAdapter.call(Executors.java:539)\n\tat java.base/java.util.concurrent.FutureTask.run(FutureTask.java:264)\n\tat java.base/java.util.concurrent.ThreadPoolExecutor.runWorker(ThreadPoolExecutor.java:1136)\n\tat java.base/java.util.concurrent.ThreadPoolExecutor$Worker.run(ThreadPoolExecutor.java:635)\n\tat java.base/java.lang.Thread.run(Thread.java:833)\n"}
{"timestamp":"2025-07-25T11:33:45,927","container":"71351656b7be","level":"INFO","thread":"EthScheduler-Workers-0","class":"PersistBlockTask","message":"Block 39 (0x4d7c289abd40f6c65927e71ced17575aa4bef019cf77d683881956df5cfcf000) is already imported","throwable":""}
{"timestamp":"2025-07-25T11:33:45,927","container":"71351656b7be","level":"INFO","thread":"EthScheduler-Workers-0","class":"BlockPropagationManager","message":"Imported 1 pending blocks: [39]","throwable":""}
{"timestamp":"2025-07-25T11:33:51,457","container":"71351656b7be","level":"INFO","thread":"EthScheduler-Workers-0","class":"TimestampBoundedByFutureParameter","message":"Invalid block header: timestamp 1753443233 is greater than the timestamp margin 1753443232","throwable":""}
{"timestamp":"2025-07-25T11:33:51,458","container":"71351656b7be","level":"WARN","thread":"EthScheduler-Workers-0","class":"BlockPropagationManager","message":"Added to bad block manager for invalid header, failed to import announced block 40 (0xd1805879ee1deeca77f4baff9219ccfb0445b46360b92ba8e550a803dbcc5f45)","throwable":""}
{"timestamp":"2025-07-25T11:34:10,566","container":"71351656b7be","level":"INFO","thread":"nioEventLoopGroup-3-8","class":"BlockPropagationManager","message":"Saved announced block for future import 41 (0xeb8e09c60e78d00e6b8332602282e90c5a8718c41c90c71b8c204e96cca5ba9b) - 1 saved block(s)","throwable":""}
{"timestamp":"2025-07-25T11:34:10,567","container":"71351656b7be","level":"INFO","thread":"nioEventLoopGroup-3-8","class":"BlockPropagationManager","message":"Retrieving parent 0xd1805879ee1deeca77f4baff9219ccfb0445b46360b92ba8e550a803dbcc5f45 of block 41 (0xeb8e09c60e78d00e6b8332602282e90c5a8718c41c90c71b8c204e96cca5ba9b)","throwable":""}
{"timestamp":"2025-07-25T11:34:10,591","container":"71351656b7be","level":"INFO","thread":"EthScheduler-Workers-0","class":"PersistBlockTask","message":"Imported #40 / 0 tx / 0 om / 0 (0.0%) gas / (0xd1805879ee1deeca77f4baff9219ccfb0445b46360b92ba8e550a803dbcc5f45) in 0.006s. Peers: 3","throwable":""}
{"timestamp":"2025-07-25T11:34:10,594","container":"71351656b7be","level":"INFO","thread":"EthScheduler-Workers-0","class":"TimestampBoundedByFutureParameter","message":"Invalid block header: timestamp 1753443252 is greater than the timestamp margin 1753443251","throwable":""}
{"timestamp":"2025-07-25T11:34:10,594","container":"71351656b7be","level":"INFO","thread":"EthScheduler-Workers-0","class":"MainnetBlockValidator","message":"Invalid block 41 (0xeb8e09c60e78d00e6b8332602282e90c5a8718c41c90c71b8c204e96cca5ba9b): Optional[header validation rule violated, see logs]","throwable":""}
{"timestamp":"2025-07-25T11:34:10,595","container":"71351656b7be","level":"ERROR","thread":"EthScheduler-Workers-0","class":"BlockPropagationManager","message":"Error importing pending blocks","throwable":" org.hyperledger.besu.ethereum.eth.sync.tasks.exceptions.InvalidBlockException: Failed to import block: Invalid block at #41 (0xeb8e09c60e78d00e6b8332602282e90c5a8718c41c90c71b8c204e96cca5ba9b)\n\tat org.hyperledger.besu.ethereum.eth.sync.tasks.PersistBlockTask.executeTask(PersistBlockTask.java:207)\n\tat org.hyperledger.besu.ethereum.eth.manager.task.AbstractEthTask.executeTaskTimed(AbstractEthTask.java:150)\n\tat org.hyperledger.besu.ethereum.eth.manager.task.AbstractEthTask.run(AbstractEthTask.java:75)\n\tat org.hyperledger.besu.ethereum.eth.sync.tasks.PersistBlockTask.lambda$forUnorderedBlocks$8(PersistBlockTask.java:164)\n\tat org.hyperledger.besu.util.FutureUtils.propagateResult(FutureUtils.java:98)\n\tat org.hyperledger.besu.ethereum.eth.manager.EthScheduler.lambda$scheduleSyncWorkerTask$0(EthScheduler.java:110)\n\tat java.base/java.util.concurrent.Executors$RunnableAdapter.call(Executors.java:539)\n\tat java.base/java.util.concurrent.FutureTask.run(FutureTask.java:264)\n\tat java.base/java.util.concurrent.ThreadPoolExecutor.runWorker(ThreadPoolExecutor.java:1136)\n\tat java.base/java.util.concurrent.ThreadPoolExecutor$Worker.run(ThreadPoolExecutor.java:635)\n\tat java.base/java.lang.Thread.run(Thread.java:833)\n"}
{"timestamp":"2025-07-25T11:34:20,575","container":"71351656b7be","level":"INFO","thread":"nioEventLoopGroup-3-2","class":"BlockPropagationManager","message":"Saved announced block for future import 42 (0xd5dcc5f08fe34b4b45908f1a4fda83b4db045de33b6a7bef7b4c3e73736b60d3) - 2 saved block(s)","throwable":""}
{"timestamp":"2025-07-25T11:34:20,581","container":"71351656b7be","level":"INFO","thread":"EthScheduler-Workers-0","class":"MainnetBlockValidator","message":"Invalid block 42 (0xd5dcc5f08fe34b4b45908f1a4fda83b4db045de33b6a7bef7b4c3e73736b60d3): Optional[Parent block with hash 0xeb8e09c60e78d00e6b8332602282e90c5a8718c41c90c71b8c204e96cca5ba9b not present]","throwable":""}
{"timestamp":"2025-07-25T11:34:20,581","container":"71351656b7be","level":"ERROR","thread":"EthScheduler-Workers-0","class":"BlockPropagationManager","message":"Error importing pending blocks","throwable":" org.hyperledger.besu.ethereum.eth.sync.tasks.exceptions.InvalidBlockException: Failed to import block: Invalid block at #42 (0xd5dcc5f08fe34b4b45908f1a4fda83b4db045de33b6a7bef7b4c3e73736b60d3)\n\tat org.hyperledger.besu.ethereum.eth.sync.tasks.PersistBlockTask.executeTask(PersistBlockTask.java:207)\n\tat org.hyperledger.besu.ethereum.eth.manager.task.AbstractEthTask.executeTaskTimed(AbstractEthTask.java:150)\n\tat org.hyperledger.besu.ethereum.eth.manager.task.AbstractEthTask.run(AbstractEthTask.java:75)\n\tat org.hyperledger.besu.ethereum.eth.sync.tasks.PersistBlockTask.lambda$forUnorderedBlocks$8(PersistBlockTask.java:164)\n\tat org.hyperledger.besu.util.FutureUtils.propagateResult(FutureUtils.java:98)\n\tat org.hyperledger.besu.ethereum.eth.manager.EthScheduler.lambda$scheduleSyncWorkerTask$0(EthScheduler.java:110)\n\tat java.base/java.util.concurrent.Executors$RunnableAdapter.call(Executors.java:539)\n\tat java.base/java.util.concurrent.FutureTask.run(FutureTask.java:264)\n\tat java.base/java.util.concurrent.ThreadPoolExecutor.runWorker(ThreadPoolExecutor.java:1136)\n\tat java.base/java.util.concurrent.ThreadPoolExecutor$Worker.run(ThreadPoolExecutor.java:635)\n\tat java.base/java.lang.Thread.run(Thread.java:833)\n"}
{"timestamp":"2025-07-25T11:34:22,994","container":"71351656b7be","level":"INFO","thread":"EthScheduler-Workers-0","class":"PersistBlockTask","message":"Block 42 (0xd5dcc5f08fe34b4b45908f1a4fda83b4db045de33b6a7bef7b4c3e73736b60d3) is already imported","throwable":""}
{"timestamp":"2025-07-25T11:34:22,995","container":"71351656b7be","level":"INFO","thread":"EthScheduler-Workers-0","class":"BlockPropagationManager","message":"Imported 1 pending blocks: [42]","throwable":""}
{"timestamp":"2025-07-25T11:34:26,460","container":"71351656b7be","level":"INFO","thread":"EthScheduler-Workers-0","class":"TimestampBoundedByFutureParameter","message":"Invalid block header: timestamp 1753443268 is greater than the timestamp margin 1753443267","throwable":""}
{"timestamp":"2025-07-25T11:34:26,462","container":"71351656b7be","level":"WARN","thread":"EthScheduler-Workers-0","class":"BlockPropagationManager","message":"Added to bad block manager for invalid header, failed to import announced block 43 (0x0e7741ea8a128ffe5120270e10126f761a44e182dd77a7f8a852afc607ab04f9)","throwable":""}
{"timestamp":"2025-07-25T11:34:45,709","container":"71351656b7be","level":"INFO","thread":"nioEventLoopGroup-3-8","class":"BlockPropagationManager","message":"Saved announced block for future import 44 (0x2d6eff8f64d038064e25dc688a05d8fc6f71665044942b65cac62b94d0900f56) - 1 saved block(s)","throwable":""}
{"timestamp":"2025-07-25T11:34:45,710","container":"71351656b7be","level":"INFO","thread":"nioEventLoopGroup-3-8","class":"BlockPropagationManager","message":"Retrieving parent 0x0e7741ea8a128ffe5120270e10126f761a44e182dd77a7f8a852afc607ab04f9 of block 44 (0x2d6eff8f64d038064e25dc688a05d8fc6f71665044942b65cac62b94d0900f56)","throwable":""}
{"timestamp":"2025-07-25T11:34:45,722","container":"71351656b7be","level":"INFO","thread":"EthScheduler-Workers-0","class":"PersistBlockTask","message":"Imported #43 / 0 tx / 0 om / 0 (0.0%) gas / (0x0e7741ea8a128ffe5120270e10126f761a44e182dd77a7f8a852afc607ab04f9) in 0.001s. Peers: 3","throwable":""}
{"timestamp":"2025-07-25T11:34:45,723","container":"71351656b7be","level":"INFO","thread":"EthScheduler-Workers-0","class":"TimestampBoundedByFutureParameter","message":"Invalid block header: timestamp 1753443287 is greater than the timestamp margin 1753443286","throwable":""}
{"timestamp":"2025-07-25T11:34:45,724","container":"71351656b7be","level":"INFO","thread":"EthScheduler-Workers-0","class":"MainnetBlockValidator","message":"Invalid block 44 (0x2d6eff8f64d038064e25dc688a05d8fc6f71665044942b65cac62b94d0900f56): Optional[header validation rule violated, see logs]","throwable":""}
{"timestamp":"2025-07-25T11:34:45,724","container":"71351656b7be","level":"ERROR","thread":"EthScheduler-Workers-0","class":"BlockPropagationManager","message":"Error importing pending blocks","throwable":" org.hyperledger.besu.ethereum.eth.sync.tasks.exceptions.InvalidBlockException: Failed to import block: Invalid block at #44 (0x2d6eff8f64d038064e25dc688a05d8fc6f71665044942b65cac62b94d0900f56)\n\tat org.hyperledger.besu.ethereum.eth.sync.tasks.PersistBlockTask.executeTask(PersistBlockTask.java:207)\n\tat org.hyperledger.besu.ethereum.eth.manager.task.AbstractEthTask.executeTaskTimed(AbstractEthTask.java:150)\n\tat org.hyperledger.besu.ethereum.eth.manager.task.AbstractEthTask.run(AbstractEthTask.java:75)\n\tat org.hyperledger.besu.ethereum.eth.sync.tasks.PersistBlockTask.lambda$forUnorderedBlocks$8(PersistBlockTask.java:164)\n\tat org.hyperledger.besu.util.FutureUtils.propagateResult(FutureUtils.java:98)\n\tat org.hyperledger.besu.ethereum.eth.manager.EthScheduler.lambda$scheduleSyncWorkerTask$0(EthScheduler.java:110)\n\tat java.base/java.util.concurrent.Executors$RunnableAdapter.call(Executors.java:539)\n\tat java.base/java.util.concurrent.FutureTask.run(FutureTask.java:264)\n\tat java.base/java.util.concurrent.ThreadPoolExecutor.runWorker(ThreadPoolExecutor.java:1136)\n\tat java.base/java.util.concurrent.ThreadPoolExecutor$Worker.run(ThreadPoolExecutor.java:635)\n\tat java.base/java.lang.Thread.run(Thread.java:833)\n"}
{"timestamp":"2025-07-25T11:34:55,710","container":"71351656b7be","level":"INFO","thread":"nioEventLoopGroup-3-7","class":"BlockPropagationManager","message":"Saved announced block for future import 45 (0xc1e9812eefba19d833b26ed32277d2874937d84fefff1a5bf238e542303f1cc9) - 2 saved block(s)","throwable":""}
{"timestamp":"2025-07-25T11:34:55,713","container":"71351656b7be","level":"INFO","thread":"EthScheduler-Workers-0","class":"MainnetBlockValidator","message":"Invalid block 45 (0xc1e9812eefba19d833b26ed32277d2874937d84fefff1a5bf238e542303f1cc9): Optional[Parent block with hash 0x2d6eff8f64d038064e25dc688a05d8fc6f71665044942b65cac62b94d0900f56 not present]","throwable":""}
{"timestamp":"2025-07-25T11:34:55,715","container":"71351656b7be","level":"ERROR","thread":"EthScheduler-Workers-0","class":"BlockPropagationManager","message":"Error importing pending blocks","throwable":" org.hyperledger.besu.ethereum.eth.sync.tasks.exceptions.InvalidBlockException: Failed to import block: Invalid block at #45 (0xc1e9812eefba19d833b26ed32277d2874937d84fefff1a5bf238e542303f1cc9)\n\tat org.hyperledger.besu.ethereum.eth.sync.tasks.PersistBlockTask.executeTask(PersistBlockTask.java:207)\n\tat org.hyperledger.besu.ethereum.eth.manager.task.AbstractEthTask.executeTaskTimed(AbstractEthTask.java:150)\n\tat org.hyperledger.besu.ethereum.eth.manager.task.AbstractEthTask.run(AbstractEthTask.java:75)\n\tat org.hyperledger.besu.ethereum.eth.sync.tasks.PersistBlockTask.lambda$forUnorderedBlocks$8(PersistBlockTask.java:164)\n\tat org.hyperledger.besu.util.FutureUtils.propagateResult(FutureUtils.java:98)\n\tat org.hyperledger.besu.ethereum.eth.manager.EthScheduler.lambda$scheduleSyncWorkerTask$0(EthScheduler.java:110)\n\tat java.base/java.util.concurrent.Executors$RunnableAdapter.call(Executors.java:539)\n\tat java.base/java.util.concurrent.FutureTask.run(FutureTask.java:264)\n\tat java.base/java.util.concurrent.ThreadPoolExecutor.runWorker(ThreadPoolExecutor.java:1136)\n\tat java.base/java.util.concurrent.ThreadPoolExecutor$Worker.run(ThreadPoolExecutor.java:635)\n\tat java.base/java.lang.Thread.run(Thread.java:833)\n"}
{"timestamp":"2025-07-25T11:34:58,054","container":"71351656b7be","level":"INFO","thread":"EthScheduler-Workers-0","class":"PersistBlockTask","message":"Imported #45 / 0 tx / 0 om / 0 (0.0%) gas / (0xc1e9812eefba19d833b26ed32277d2874937d84fefff1a5bf238e542303f1cc9) in 0.004s. Peers: 3","throwable":""}
{"timestamp":"2025-07-25T11:34:58,054","container":"71351656b7be","level":"INFO","thread":"EthScheduler-Workers-0","class":"BlockPropagationManager","message":"Imported 1 pending blocks: [45]","throwable":""}
{"timestamp":"2025-07-25T11:35:01,479","container":"71351656b7be","level":"INFO","thread":"EthScheduler-Workers-0","class":"TimestampBoundedByFutureParameter","message":"Invalid block header: timestamp 1753443303 is greater than the timestamp margin 1753443302","throwable":""}
{"timestamp":"2025-07-25T11:35:01,481","container":"71351656b7be","level":"WARN","thread":"EthScheduler-Workers-0","class":"BlockPropagationManager","message":"Added to bad block manager for invalid header, failed to import announced block 46 (0xfc045b431c52145b1198a5688e4ed1935ff93c38d54cafe6729059a28e6e19a7)","throwable":""}
{"timestamp":"2025-07-25T11:35:21,767","container":"71351656b7be","level":"INFO","thread":"nioEventLoopGroup-3-8","class":"BlockPropagationManager","message":"Saved announced block for future import 47 (0xd0c8170fa94eabd0fc02e97433009d367cccdff31d1a2598190bfd03767df842) - 1 saved block(s)","throwable":""}
{"timestamp":"2025-07-25T11:35:21,770","container":"71351656b7be","level":"INFO","thread":"nioEventLoopGroup-3-8","class":"BlockPropagationManager","message":"Retrieving parent 0xfc045b431c52145b1198a5688e4ed1935ff93c38d54cafe6729059a28e6e19a7 of block 47 (0xd0c8170fa94eabd0fc02e97433009d367cccdff31d1a2598190bfd03767df842)","throwable":""}
{"timestamp":"2025-07-25T11:35:21,784","container":"71351656b7be","level":"INFO","thread":"EthScheduler-Workers-0","class":"PersistBlockTask","message":"Imported #46 / 0 tx / 0 om / 0 (0.0%) gas / (0xfc045b431c52145b1198a5688e4ed1935ff93c38d54cafe6729059a28e6e19a7) in 0.002s. Peers: 3","throwable":""}
{"timestamp":"2025-07-25T11:35:21,786","container":"71351656b7be","level":"INFO","thread":"EthScheduler-Workers-0","class":"TimestampBoundedByFutureParameter","message":"Invalid block header: timestamp 1753443323 is greater than the timestamp margin 1753443322","throwable":""}
{"timestamp":"2025-07-25T11:35:21,786","container":"71351656b7be","level":"INFO","thread":"EthScheduler-Workers-0","class":"MainnetBlockValidator","message":"Invalid block 47 (0xd0c8170fa94eabd0fc02e97433009d367cccdff31d1a2598190bfd03767df842): Optional[header validation rule violated, see logs]","throwable":""}
{"timestamp":"2025-07-25T11:35:21,787","container":"71351656b7be","level":"ERROR","thread":"EthScheduler-Workers-0","class":"BlockPropagationManager","message":"Error importing pending blocks","throwable":" org.hyperledger.besu.ethereum.eth.sync.tasks.exceptions.InvalidBlockException: Failed to import block: Invalid block at #47 (0xd0c8170fa94eabd0fc02e97433009d367cccdff31d1a2598190bfd03767df842)\n\tat org.hyperledger.besu.ethereum.eth.sync.tasks.PersistBlockTask.executeTask(PersistBlockTask.java:207)\n\tat org.hyperledger.besu.ethereum.eth.manager.task.AbstractEthTask.executeTaskTimed(AbstractEthTask.java:150)\n\tat org.hyperledger.besu.ethereum.eth.manager.task.AbstractEthTask.run(AbstractEthTask.java:75)\n\tat org.hyperledger.besu.ethereum.eth.sync.tasks.PersistBlockTask.lambda$forUnorderedBlocks$8(PersistBlockTask.java:164)\n\tat org.hyperledger.besu.util.FutureUtils.propagateResult(FutureUtils.java:98)\n\tat org.hyperledger.besu.ethereum.eth.manager.EthScheduler.lambda$scheduleSyncWorkerTask$0(EthScheduler.java:110)\n\tat java.base/java.util.concurrent.Executors$RunnableAdapter.call(Executors.java:539)\n\tat java.base/java.util.concurrent.FutureTask.run(FutureTask.java:264)\n\tat java.base/java.util.concurrent.ThreadPoolExecutor.runWorker(ThreadPoolExecutor.java:1136)\n\tat java.base/java.util.concurrent.ThreadPoolExecutor$Worker.run(ThreadPoolExecutor.java:635)\n\tat java.base/java.lang.Thread.run(Thread.java:833)\n"}
{"timestamp":"2025-07-25T11:35:31,770","container":"71351656b7be","level":"INFO","thread":"nioEventLoopGroup-3-8","class":"BlockPropagationManager","message":"Saved announced block for future import 48 (0x94dd259761accb7971ecc166826f46922b0c4362688deeae0e80803e91f77677) - 2 saved block(s)","throwable":""}
{"timestamp":"2025-07-25T11:35:31,772","container":"71351656b7be","level":"INFO","thread":"EthScheduler-Workers-0","class":"MainnetBlockValidator","message":"Invalid block 48 (0x94dd259761accb7971ecc166826f46922b0c4362688deeae0e80803e91f77677): Optional[Parent block with hash 0xd0c8170fa94eabd0fc02e97433009d367cccdff31d1a2598190bfd03767df842 not present]","throwable":""}
{"timestamp":"2025-07-25T11:35:31,772","container":"71351656b7be","level":"ERROR","thread":"EthScheduler-Workers-0","class":"BlockPropagationManager","message":"Error importing pending blocks","throwable":" org.hyperledger.besu.ethereum.eth.sync.tasks.exceptions.InvalidBlockException: Failed to import block: Invalid block at #48 (0x94dd259761accb7971ecc166826f46922b0c4362688deeae0e80803e91f77677)\n\tat org.hyperledger.besu.ethereum.eth.sync.tasks.PersistBlockTask.executeTask(PersistBlockTask.java:207)\n\tat org.hyperledger.besu.ethereum.eth.manager.task.AbstractEthTask.executeTaskTimed(AbstractEthTask.java:150)\n\tat org.hyperledger.besu.ethereum.eth.manager.task.AbstractEthTask.run(AbstractEthTask.java:75)\n\tat org.hyperledger.besu.ethereum.eth.sync.tasks.PersistBlockTask.lambda$forUnorderedBlocks$8(PersistBlockTask.java:164)\n\tat org.hyperledger.besu.util.FutureUtils.propagateResult(FutureUtils.java:98)\n\tat org.hyperledger.besu.ethereum.eth.manager.EthScheduler.lambda$scheduleSyncWorkerTask$0(EthScheduler.java:110)\n\tat java.base/java.util.concurrent.Executors$RunnableAdapter.call(Executors.java:539)\n\tat java.base/java.util.concurrent.FutureTask.run(FutureTask.java:264)\n\tat java.base/java.util.concurrent.ThreadPoolExecutor.runWorker(ThreadPoolExecutor.java:1136)\n\tat java.base/java.util.concurrent.ThreadPoolExecutor$Worker.run(ThreadPoolExecutor.java:635)\n\tat java.base/java.lang.Thread.run(Thread.java:833)\n"}
{"timestamp":"2025-07-25T11:35:33,101","container":"71351656b7be","level":"INFO","thread":"EthScheduler-Workers-0","class":"PersistBlockTask","message":"Imported #48 / 0 tx / 0 om / 0 (0.0%) gas / (0x94dd259761accb7971ecc166826f46922b0c4362688deeae0e80803e91f77677) in 0.003s. Peers: 3","throwable":""}
{"timestamp":"2025-07-25T11:35:33,101","container":"71351656b7be","level":"INFO","thread":"EthScheduler-Workers-0","class":"BlockPropagationManager","message":"Imported 1 pending blocks: [48]","throwable":""}
{"timestamp":"2025-07-25T11:35:37,500","container":"71351656b7be","level":"INFO","thread":"EthScheduler-Workers-0","class":"TimestampBoundedByFutureParameter","message":"Invalid block header: timestamp 1753443339 is greater than the timestamp margin 1753443338","throwable":""}
{"timestamp":"2025-07-25T11:35:37,500","container":"71351656b7be","level":"WARN","thread":"EthScheduler-Workers-0","class":"BlockPropagationManager","message":"Added to bad block manager for invalid header, failed to import announced block 49 (0xaa559c17309ee77b6524cc29c5560a1d9f0b2153f3d02955f7680a3ab583a943)","throwable":""}
{"timestamp":"2025-07-25T11:35:37,503","container":"71351656b7be","level":"INFO","thread":"EthScheduler-Workers-0","class":"TimestampBoundedByFutureParameter","message":"Invalid block header: timestamp 1753443339 is greater than the timestamp margin 1753443338","throwable":""}
{"timestamp":"2025-07-25T11:35:37,511","container":"71351656b7be","level":"WARN","thread":"EthScheduler-Workers-0","class":"BlockPropagationManager","message":"Added to bad block manager for invalid header, failed to import announced block 49 (0xaa559c17309ee77b6524cc29c5560a1d9f0b2153f3d02955f7680a3ab583a943)","throwable":""}
{"timestamp":"2025-07-25T11:35:37,512","container":"71351656b7be","level":"INFO","thread":"EthScheduler-Workers-0","class":"TimestampBoundedByFutureParameter","message":"Invalid block header: timestamp 1753443339 is greater than the timestamp margin 1753443338","throwable":""}
{"timestamp":"2025-07-25T11:35:37,512","container":"71351656b7be","level":"WARN","thread":"EthScheduler-Workers-0","class":"BlockPropagationManager","message":"Added to bad block manager for invalid header, failed to import announced block 49 (0xaa559c17309ee77b6524cc29c5560a1d9f0b2153f3d02955f7680a3ab583a943)","throwable":""}
{"timestamp":"2025-07-25T11:35:56,828","container":"71351656b7be","level":"INFO","thread":"nioEventLoopGroup-3-2","class":"BlockPropagationManager","message":"Saved announced block for future import 50 (0x6a643dd647b1df27f1fa963d764fb1da4dd91328b8e3a74bb59853d4f43689c2) - 1 saved block(s)","throwable":""}
{"timestamp":"2025-07-25T11:35:56,829","container":"71351656b7be","level":"INFO","thread":"nioEventLoopGroup-3-2","class":"BlockPropagationManager","message":"Retrieving parent 0xaa559c17309ee77b6524cc29c5560a1d9f0b2153f3d02955f7680a3ab583a943 of block 50 (0x6a643dd647b1df27f1fa963d764fb1da4dd91328b8e3a74bb59853d4f43689c2)","throwable":""}
{"timestamp":"2025-07-25T11:35:56,856","container":"71351656b7be","level":"INFO","thread":"EthScheduler-Workers-0","class":"PersistBlockTask","message":"Imported #49 / 0 tx / 0 om / 0 (0.0%) gas / (0xaa559c17309ee77b6524cc29c5560a1d9f0b2153f3d02955f7680a3ab583a943) in 0.006s. Peers: 3","throwable":""}
{"timestamp":"2025-07-25T11:35:56,860","container":"71351656b7be","level":"INFO","thread":"EthScheduler-Workers-0","class":"TimestampBoundedByFutureParameter","message":"Invalid block header: timestamp 1753443358 is greater than the timestamp margin 1753443357","throwable":""}
{"timestamp":"2025-07-25T11:35:56,861","container":"71351656b7be","level":"INFO","thread":"EthScheduler-Workers-0","class":"MainnetBlockValidator","message":"Invalid block 50 (0x6a643dd647b1df27f1fa963d764fb1da4dd91328b8e3a74bb59853d4f43689c2): Optional[header validation rule violated, see logs]","throwable":""}
{"timestamp":"2025-07-25T11:35:56,862","container":"71351656b7be","level":"ERROR","thread":"EthScheduler-Workers-0","class":"BlockPropagationManager","message":"Error importing pending blocks","throwable":" org.hyperledger.besu.ethereum.eth.sync.tasks.exceptions.InvalidBlockException: Failed to import block: Invalid block at #50 (0x6a643dd647b1df27f1fa963d764fb1da4dd91328b8e3a74bb59853d4f43689c2)\n\tat org.hyperledger.besu.ethereum.eth.sync.tasks.PersistBlockTask.executeTask(PersistBlockTask.java:207)\n\tat org.hyperledger.besu.ethereum.eth.manager.task.AbstractEthTask.executeTaskTimed(AbstractEthTask.java:150)\n\tat org.hyperledger.besu.ethereum.eth.manager.task.AbstractEthTask.run(AbstractEthTask.java:75)\n\tat org.hyperledger.besu.ethereum.eth.sync.tasks.PersistBlockTask.lambda$forUnorderedBlocks$8(PersistBlockTask.java:164)\n\tat org.hyperledger.besu.util.FutureUtils.propagateResult(FutureUtils.java:98)\n\tat org.hyperledger.besu.ethereum.eth.manager.EthScheduler.lambda$scheduleSyncWorkerTask$0(EthScheduler.java:110)\n\tat java.base/java.util.concurrent.Executors$RunnableAdapter.call(Executors.java:539)\n\tat java.base/java.util.concurrent.FutureTask.run(FutureTask.java:264)\n\tat java.base/java.util.concurrent.ThreadPoolExecutor.runWorker(ThreadPoolExecutor.java:1136)\n\tat java.base/java.util.concurrent.ThreadPoolExecutor$Worker.run(ThreadPoolExecutor.java:635)\n\tat java.base/java.lang.Thread.run(Thread.java:833)\n"}
{"timestamp":"2025-07-25T11:36:06,832","container":"71351656b7be","level":"INFO","thread":"nioEventLoopGroup-3-7","class":"BlockPropagationManager","message":"Saved announced block for future import 51 (0x33241e28581ea5c6edb89a1f2a37deefef70d76a2115b14d6f1ba17081a3122c) - 2 saved block(s)","throwable":""}
{"timestamp":"2025-07-25T11:36:06,834","container":"71351656b7be","level":"INFO","thread":"EthScheduler-Workers-0","class":"MainnetBlockValidator","message":"Invalid block 51 (0x33241e28581ea5c6edb89a1f2a37deefef70d76a2115b14d6f1ba17081a3122c): Optional[Parent block with hash 0x6a643dd647b1df27f1fa963d764fb1da4dd91328b8e3a74bb59853d4f43689c2 not present]","throwable":""}
{"timestamp":"2025-07-25T11:36:06,834","container":"71351656b7be","level":"ERROR","thread":"EthScheduler-Workers-0","class":"BlockPropagationManager","message":"Error importing pending blocks","throwable":" org.hyperledger.besu.ethereum.eth.sync.tasks.exceptions.InvalidBlockException: Failed to import block: Invalid block at #51 (0x33241e28581ea5c6edb89a1f2a37deefef70d76a2115b14d6f1ba17081a3122c)\n\tat org.hyperledger.besu.ethereum.eth.sync.tasks.PersistBlockTask.executeTask(PersistBlockTask.java:207)\n\tat org.hyperledger.besu.ethereum.eth.manager.task.AbstractEthTask.executeTaskTimed(AbstractEthTask.java:150)\n\tat org.hyperledger.besu.ethereum.eth.manager.task.AbstractEthTask.run(AbstractEthTask.java:75)\n\tat org.hyperledger.besu.ethereum.eth.sync.tasks.PersistBlockTask.lambda$forUnorderedBlocks$8(PersistBlockTask.java:164)\n\tat org.hyperledger.besu.util.FutureUtils.propagateResult(FutureUtils.java:98)\n\tat org.hyperledger.besu.ethereum.eth.manager.EthScheduler.lambda$scheduleSyncWorkerTask$0(EthScheduler.java:110)\n\tat java.base/java.util.concurrent.Executors$RunnableAdapter.call(Executors.java:539)\n\tat java.base/java.util.concurrent.FutureTask.run(FutureTask.java:264)\n\tat java.base/java.util.concurrent.ThreadPoolExecutor.runWorker(ThreadPoolExecutor.java:1136)\n\tat java.base/java.util.concurrent.ThreadPoolExecutor$Worker.run(ThreadPoolExecutor.java:635)\n\tat java.base/java.lang.Thread.run(Thread.java:833)\n"}
{"timestamp":"2025-07-25T11:36:08,152","container":"71351656b7be","level":"INFO","thread":"EthScheduler-Workers-0","class":"PersistBlockTask","message":"Imported #51 / 0 tx / 0 om / 0 (0.0%) gas / (0x33241e28581ea5c6edb89a1f2a37deefef70d76a2115b14d6f1ba17081a3122c) in 0.003s. Peers: 3","throwable":""}
{"timestamp":"2025-07-25T11:36:08,153","container":"71351656b7be","level":"INFO","thread":"EthScheduler-Workers-0","class":"BlockPropagationManager","message":"Imported 1 pending blocks: [51]","throwable":""}
{"timestamp":"2025-07-25T11:36:12,525","container":"71351656b7be","level":"INFO","thread":"EthScheduler-Workers-0","class":"TimestampBoundedByFutureParameter","message":"Invalid block header: timestamp 1753443374 is greater than the timestamp margin 1753443373","throwable":""}
{"timestamp":"2025-07-25T11:36:12,527","container":"71351656b7be","level":"WARN","thread":"EthScheduler-Workers-0","class":"BlockPropagationManager","message":"Added to bad block manager for invalid header, failed to import announced block 52 (0x9df21c94b3b142a3ebd81dfca9e15d6843608821ff633b4e06970896ca1e80e1)","throwable":""}
{"timestamp":"2025-07-25T11:36:12,529","container":"71351656b7be","level":"INFO","thread":"EthScheduler-Workers-0","class":"TimestampBoundedByFutureParameter","message":"Invalid block header: timestamp 1753443374 is greater than the timestamp margin 1753443373","throwable":""}
{"timestamp":"2025-07-25T11:36:12,530","container":"71351656b7be","level":"WARN","thread":"EthScheduler-Workers-0","class":"BlockPropagationManager","message":"Added to bad block manager for invalid header, failed to import announced block 52 (0x9df21c94b3b142a3ebd81dfca9e15d6843608821ff633b4e06970896ca1e80e1)","throwable":""}
{"timestamp":"2025-07-25T11:36:31,894","container":"71351656b7be","level":"INFO","thread":"nioEventLoopGroup-3-8","class":"BlockPropagationManager","message":"Saved announced block for future import 53 (0xcd89240282f8967677d1f7d2c7e491cca5c7b413f5095ad2f9c8db9cb60db086) - 1 saved block(s)","throwable":""}
{"timestamp":"2025-07-25T11:36:31,895","container":"71351656b7be","level":"INFO","thread":"nioEventLoopGroup-3-8","class":"BlockPropagationManager","message":"Retrieving parent 0x9df21c94b3b142a3ebd81dfca9e15d6843608821ff633b4e06970896ca1e80e1 of block 53 (0xcd89240282f8967677d1f7d2c7e491cca5c7b413f5095ad2f9c8db9cb60db086)","throwable":""}
{"timestamp":"2025-07-25T11:36:31,911","container":"71351656b7be","level":"INFO","thread":"EthScheduler-Workers-0","class":"PersistBlockTask","message":"Imported #52 / 0 tx / 0 om / 0 (0.0%) gas / (0x9df21c94b3b142a3ebd81dfca9e15d6843608821ff633b4e06970896ca1e80e1) in 0.003s. Peers: 3","throwable":""}
{"timestamp":"2025-07-25T11:36:31,915","container":"71351656b7be","level":"INFO","thread":"EthScheduler-Workers-0","class":"TimestampBoundedByFutureParameter","message":"Invalid block header: timestamp 1753443393 is greater than the timestamp margin 1753443392","throwable":""}
{"timestamp":"2025-07-25T11:36:31,916","container":"71351656b7be","level":"INFO","thread":"EthScheduler-Workers-0","class":"MainnetBlockValidator","message":"Invalid block 53 (0xcd89240282f8967677d1f7d2c7e491cca5c7b413f5095ad2f9c8db9cb60db086): Optional[header validation rule violated, see logs]","throwable":""}
{"timestamp":"2025-07-25T11:36:31,916","container":"71351656b7be","level":"ERROR","thread":"EthScheduler-Workers-0","class":"BlockPropagationManager","message":"Error importing pending blocks","throwable":" org.hyperledger.besu.ethereum.eth.sync.tasks.exceptions.InvalidBlockException: Failed to import block: Invalid block at #53 (0xcd89240282f8967677d1f7d2c7e491cca5c7b413f5095ad2f9c8db9cb60db086)\n\tat org.hyperledger.besu.ethereum.eth.sync.tasks.PersistBlockTask.executeTask(PersistBlockTask.java:207)\n\tat org.hyperledger.besu.ethereum.eth.manager.task.AbstractEthTask.executeTaskTimed(AbstractEthTask.java:150)\n\tat org.hyperledger.besu.ethereum.eth.manager.task.AbstractEthTask.run(AbstractEthTask.java:75)\n\tat org.hyperledger.besu.ethereum.eth.sync.tasks.PersistBlockTask.lambda$forUnorderedBlocks$8(PersistBlockTask.java:164)\n\tat org.hyperledger.besu.util.FutureUtils.propagateResult(FutureUtils.java:98)\n\tat org.hyperledger.besu.ethereum.eth.manager.EthScheduler.lambda$scheduleSyncWorkerTask$0(EthScheduler.java:110)\n\tat java.base/java.util.concurrent.Executors$RunnableAdapter.call(Executors.java:539)\n\tat java.base/java.util.concurrent.FutureTask.run(FutureTask.java:264)\n\tat java.base/java.util.concurrent.ThreadPoolExecutor.runWorker(ThreadPoolExecutor.java:1136)\n\tat java.base/java.util.concurrent.ThreadPoolExecutor$Worker.run(ThreadPoolExecutor.java:635)\n\tat java.base/java.lang.Thread.run(Thread.java:833)\n"}
{"timestamp":"2025-07-25T11:36:41,898","container":"71351656b7be","level":"INFO","thread":"nioEventLoopGroup-3-8","class":"BlockPropagationManager","message":"Saved announced block for future import 54 (0x3699a0f5084c85db281caa27853e7d2da39020e11915aa087e456821a9661a1e) - 2 saved block(s)","throwable":""}
{"timestamp":"2025-07-25T11:36:41,899","container":"71351656b7be","level":"INFO","thread":"EthScheduler-Workers-0","class":"MainnetBlockValidator","message":"Invalid block 54 (0x3699a0f5084c85db281caa27853e7d2da39020e11915aa087e456821a9661a1e): Optional[Parent block with hash 0xcd89240282f8967677d1f7d2c7e491cca5c7b413f5095ad2f9c8db9cb60db086 not present]","throwable":""}
{"timestamp":"2025-07-25T11:36:41,903","container":"71351656b7be","level":"ERROR","thread":"EthScheduler-Workers-0","class":"BlockPropagationManager","message":"Error importing pending blocks","throwable":" org.hyperledger.besu.ethereum.eth.sync.tasks.exceptions.InvalidBlockException: Failed to import block: Invalid block at #54 (0x3699a0f5084c85db281caa27853e7d2da39020e11915aa087e456821a9661a1e)\n\tat org.hyperledger.besu.ethereum.eth.sync.tasks.PersistBlockTask.executeTask(PersistBlockTask.java:207)\n\tat org.hyperledger.besu.ethereum.eth.manager.task.AbstractEthTask.executeTaskTimed(AbstractEthTask.java:150)\n\tat org.hyperledger.besu.ethereum.eth.manager.task.AbstractEthTask.run(AbstractEthTask.java:75)\n\tat org.hyperledger.besu.ethereum.eth.sync.tasks.PersistBlockTask.lambda$forUnorderedBlocks$8(PersistBlockTask.java:164)\n\tat org.hyperledger.besu.util.FutureUtils.propagateResult(FutureUtils.java:98)\n\tat org.hyperledger.besu.ethereum.eth.manager.EthScheduler.lambda$scheduleSyncWorkerTask$0(EthScheduler.java:110)\n\tat java.base/java.util.concurrent.Executors$RunnableAdapter.call(Executors.java:539)\n\tat java.base/java.util.concurrent.FutureTask.run(FutureTask.java:264)\n\tat java.base/java.util.concurrent.ThreadPoolExecutor.runWorker(ThreadPoolExecutor.java:1136)\n\tat java.base/java.util.concurrent.ThreadPoolExecutor$Worker.run(ThreadPoolExecutor.java:635)\n\tat java.base/java.lang.Thread.run(Thread.java:833)\n"}
{"timestamp":"2025-07-25T11:36:43,197","container":"71351656b7be","level":"INFO","thread":"EthScheduler-Workers-0","class":"PersistBlockTask","message":"Block 54 (0x3699a0f5084c85db281caa27853e7d2da39020e11915aa087e456821a9661a1e) is already imported","throwable":""}
{"timestamp":"2025-07-25T11:36:43,198","container":"71351656b7be","level":"INFO","thread":"EthScheduler-Workers-0","class":"BlockPropagationManager","message":"Imported 1 pending blocks: [54]","throwable":""}
{"timestamp":"2025-07-25T11:36:47,530","container":"71351656b7be","level":"INFO","thread":"EthScheduler-Workers-0","class":"TimestampBoundedByFutureParameter","message":"Invalid block header: timestamp 1753443409 is greater than the timestamp margin 1753443408","throwable":""}
{"timestamp":"2025-07-25T11:36:47,531","container":"71351656b7be","level":"WARN","thread":"EthScheduler-Workers-0","class":"BlockPropagationManager","message":"Added to bad block manager for invalid header, failed to import announced block 55 (0x2d1133c5ce48e1dbba1b3143d51b1d6abb8f56d4bc8d988b41ed2c35f5f21d9d)","throwable":""}
{"timestamp":"2025-07-25T11:37:06,942","container":"71351656b7be","level":"INFO","thread":"nioEventLoopGroup-3-2","class":"BlockPropagationManager","message":"Saved announced block for future import 56 (0x82bca8993242a035e6562ee585f43a3eeb798b47ad8e57f435b0236d79be6b5e) - 1 saved block(s)","throwable":""}
{"timestamp":"2025-07-25T11:37:06,945","container":"71351656b7be","level":"INFO","thread":"nioEventLoopGroup-3-2","class":"BlockPropagationManager","message":"Retrieving parent 0x2d1133c5ce48e1dbba1b3143d51b1d6abb8f56d4bc8d988b41ed2c35f5f21d9d of block 56 (0x82bca8993242a035e6562ee585f43a3eeb798b47ad8e57f435b0236d79be6b5e)","throwable":""}
{"timestamp":"2025-07-25T11:37:06,965","container":"71351656b7be","level":"INFO","thread":"EthScheduler-Workers-0","class":"PersistBlockTask","message":"Imported #55 / 0 tx / 0 om / 0 (0.0%) gas / (0x2d1133c5ce48e1dbba1b3143d51b1d6abb8f56d4bc8d988b41ed2c35f5f21d9d) in 0.002s. Peers: 3","throwable":""}
{"timestamp":"2025-07-25T11:37:06,968","container":"71351656b7be","level":"INFO","thread":"EthScheduler-Workers-0","class":"TimestampBoundedByFutureParameter","message":"Invalid block header: timestamp 1753443428 is greater than the timestamp margin 1753443427","throwable":""}
{"timestamp":"2025-07-25T11:37:06,969","container":"71351656b7be","level":"INFO","thread":"EthScheduler-Workers-0","class":"MainnetBlockValidator","message":"Invalid block 56 (0x82bca8993242a035e6562ee585f43a3eeb798b47ad8e57f435b0236d79be6b5e): Optional[header validation rule violated, see logs]","throwable":""}
{"timestamp":"2025-07-25T11:37:06,970","container":"71351656b7be","level":"ERROR","thread":"EthScheduler-Workers-0","class":"BlockPropagationManager","message":"Error importing pending blocks","throwable":" org.hyperledger.besu.ethereum.eth.sync.tasks.exceptions.InvalidBlockException: Failed to import block: Invalid block at #56 (0x82bca8993242a035e6562ee585f43a3eeb798b47ad8e57f435b0236d79be6b5e)\n\tat org.hyperledger.besu.ethereum.eth.sync.tasks.PersistBlockTask.executeTask(PersistBlockTask.java:207)\n\tat org.hyperledger.besu.ethereum.eth.manager.task.AbstractEthTask.executeTaskTimed(AbstractEthTask.java:150)\n\tat org.hyperledger.besu.ethereum.eth.manager.task.AbstractEthTask.run(AbstractEthTask.java:75)\n\tat org.hyperledger.besu.ethereum.eth.sync.tasks.PersistBlockTask.lambda$forUnorderedBlocks$8(PersistBlockTask.java:164)\n\tat org.hyperledger.besu.util.FutureUtils.propagateResult(FutureUtils.java:98)\n\tat org.hyperledger.besu.ethereum.eth.manager.EthScheduler.lambda$scheduleSyncWorkerTask$0(EthScheduler.java:110)\n\tat java.base/java.util.concurrent.Executors$RunnableAdapter.call(Executors.java:539)\n\tat java.base/java.util.concurrent.FutureTask.run(FutureTask.java:264)\n\tat java.base/java.util.concurrent.ThreadPoolExecutor.runWorker(ThreadPoolExecutor.java:1136)\n\tat java.base/java.util.concurrent.ThreadPoolExecutor$Worker.run(ThreadPoolExecutor.java:635)\n\tat java.base/java.lang.Thread.run(Thread.java:833)\n"}
{"timestamp":"2025-07-25T11:37:16,964","container":"71351656b7be","level":"INFO","thread":"nioEventLoopGroup-3-7","class":"BlockPropagationManager","message":"Saved announced block for future import 57 (0xd113cd9c1e96f4acc394dd578f667b87126f5beea758068ebb0f9c0f7e7a3003) - 2 saved block(s)","throwable":""}
{"timestamp":"2025-07-25T11:37:16,965","container":"71351656b7be","level":"INFO","thread":"EthScheduler-Workers-0","class":"MainnetBlockValidator","message":"Invalid block 57 (0xd113cd9c1e96f4acc394dd578f667b87126f5beea758068ebb0f9c0f7e7a3003): Optional[Parent block with hash 0x82bca8993242a035e6562ee585f43a3eeb798b47ad8e57f435b0236d79be6b5e not present]","throwable":""}
{"timestamp":"2025-07-25T11:37:16,966","container":"71351656b7be","level":"ERROR","thread":"EthScheduler-Workers-0","class":"BlockPropagationManager","message":"Error importing pending blocks","throwable":" org.hyperledger.besu.ethereum.eth.sync.tasks.exceptions.InvalidBlockException: Failed to import block: Invalid block at #57 (0xd113cd9c1e96f4acc394dd578f667b87126f5beea758068ebb0f9c0f7e7a3003)\n\tat org.hyperledger.besu.ethereum.eth.sync.tasks.PersistBlockTask.executeTask(PersistBlockTask.java:207)\n\tat org.hyperledger.besu.ethereum.eth.manager.task.AbstractEthTask.executeTaskTimed(AbstractEthTask.java:150)\n\tat org.hyperledger.besu.ethereum.eth.manager.task.AbstractEthTask.run(AbstractEthTask.java:75)\n\tat org.hyperledger.besu.ethereum.eth.sync.tasks.PersistBlockTask.lambda$forUnorderedBlocks$8(PersistBlockTask.java:164)\n\tat org.hyperledger.besu.util.FutureUtils.propagateResult(FutureUtils.java:98)\n\tat org.hyperledger.besu.ethereum.eth.manager.EthScheduler.lambda$scheduleSyncWorkerTask$0(EthScheduler.java:110)\n\tat java.base/java.util.concurrent.Executors$RunnableAdapter.call(Executors.java:539)\n\tat java.base/java.util.concurrent.FutureTask.run(FutureTask.java:264)\n\tat java.base/java.util.concurrent.ThreadPoolExecutor.runWorker(ThreadPoolExecutor.java:1136)\n\tat java.base/java.util.concurrent.ThreadPoolExecutor$Worker.run(ThreadPoolExecutor.java:635)\n\tat java.base/java.lang.Thread.run(Thread.java:833)\n"}
{"timestamp":"2025-07-25T11:37:18,255","container":"71351656b7be","level":"INFO","thread":"EthScheduler-Workers-0","class":"PersistBlockTask","message":"Block 57 (0xd113cd9c1e96f4acc394dd578f667b87126f5beea758068ebb0f9c0f7e7a3003) is already imported","throwable":""}
{"timestamp":"2025-07-25T11:37:18,256","container":"71351656b7be","level":"INFO","thread":"EthScheduler-Workers-0","class":"BlockPropagationManager","message":"Imported 1 pending blocks: [57]","throwable":""}
{"timestamp":"2025-07-25T11:37:22,547","container":"71351656b7be","level":"INFO","thread":"EthScheduler-Workers-0","class":"TimestampBoundedByFutureParameter","message":"Invalid block header: timestamp 1753443444 is greater than the timestamp margin 1753443443","throwable":""}
{"timestamp":"2025-07-25T11:37:22,548","container":"71351656b7be","level":"WARN","thread":"EthScheduler-Workers-0","class":"BlockPropagationManager","message":"Added to bad block manager for invalid header, failed to import announced block 58 (0x804a8a0c55f23516fcb55be404bb0fc6ec95103995d74f1bff8a34f9d90d904b)","throwable":""}
{"timestamp":"2025-07-25T11:37:22,554","container":"71351656b7be","level":"INFO","thread":"EthScheduler-Workers-0","class":"TimestampBoundedByFutureParameter","message":"Invalid block header: timestamp 1753443444 is greater than the timestamp margin 1753443443","throwable":""}
{"timestamp":"2025-07-25T11:37:22,554","container":"71351656b7be","level":"WARN","thread":"EthScheduler-Workers-0","class":"BlockPropagationManager","message":"Added to bad block manager for invalid header, failed to import announced block 58 (0x804a8a0c55f23516fcb55be404bb0fc6ec95103995d74f1bff8a34f9d90d904b)","throwable":""}
{"timestamp":"2025-07-25T11:37:42,051","container":"71351656b7be","level":"INFO","thread":"nioEventLoopGroup-3-7","class":"BlockPropagationManager","message":"Saved announced block for future import 59 (0x983a612933c3955c1090a34e505fc1479473ede11e968d8cfc15ef43b6fefaa0) - 1 saved block(s)","throwable":""}
{"timestamp":"2025-07-25T11:37:42,052","container":"71351656b7be","level":"INFO","thread":"nioEventLoopGroup-3-7","class":"BlockPropagationManager","message":"Retrieving parent 0x804a8a0c55f23516fcb55be404bb0fc6ec95103995d74f1bff8a34f9d90d904b of block 59 (0x983a612933c3955c1090a34e505fc1479473ede11e968d8cfc15ef43b6fefaa0)","throwable":""}
{"timestamp":"2025-07-25T11:37:42,087","container":"71351656b7be","level":"INFO","thread":"EthScheduler-Workers-0","class":"PersistBlockTask","message":"Imported #58 / 0 tx / 0 om / 0 (0.0%) gas / (0x804a8a0c55f23516fcb55be404bb0fc6ec95103995d74f1bff8a34f9d90d904b) in 0.003s. Peers: 3","throwable":""}
{"timestamp":"2025-07-25T11:37:42,092","container":"71351656b7be","level":"INFO","thread":"EthScheduler-Workers-0","class":"PersistBlockTask","message":"Imported #59 / 0 tx / 0 om / 0 (0.0%) gas / (0x983a612933c3955c1090a34e505fc1479473ede11e968d8cfc15ef43b6fefaa0) in 0.003s. Peers: 3","throwable":""}
{"timestamp":"2025-07-25T11:37:42,092","container":"71351656b7be","level":"INFO","thread":"EthScheduler-Workers-0","class":"BlockPropagationManager","message":"Imported 1 pending blocks: [59]","throwable":""}
{"timestamp":"2025-07-25T11:37:49,561","container":"71351656b7be","level":"INFO","thread":"EthScheduler-Workers-0","class":"TimestampBoundedByFutureParameter","message":"Invalid block header: timestamp 1753443471 is greater than the timestamp margin 1753443470","throwable":""}
{"timestamp":"2025-07-25T11:37:49,562","container":"71351656b7be","level":"WARN","thread":"EthScheduler-Workers-0","class":"BlockPropagationManager","message":"Added to bad block manager for invalid header, failed to import announced block 60 (0x0d7fe65f8614a84325b18b811f06661d1c112bc99bafe2927012b5cbeb0a056b)","throwable":""}
{"timestamp":"2025-07-25T11:37:49,577","container":"71351656b7be","level":"INFO","thread":"EthScheduler-Workers-0","class":"TimestampBoundedByFutureParameter","message":"Invalid block header: timestamp 1753443471 is greater than the timestamp margin 1753443470","throwable":""}
{"timestamp":"2025-07-25T11:37:49,579","container":"71351656b7be","level":"WARN","thread":"EthScheduler-Workers-0","class":"BlockPropagationManager","message":"Added to bad block manager for invalid header, failed to import announced block 60 (0x0d7fe65f8614a84325b18b811f06661d1c112bc99bafe2927012b5cbeb0a056b)","throwable":""}
{"timestamp":"2025-07-25T11:37:49,581","container":"71351656b7be","level":"INFO","thread":"EthScheduler-Workers-0","class":"TimestampBoundedByFutureParameter","message":"Invalid block header: timestamp 1753443471 is greater than the timestamp margin 1753443470","throwable":""}
{"timestamp":"2025-07-25T11:37:49,581","container":"71351656b7be","level":"WARN","thread":"EthScheduler-Workers-0","class":"BlockPropagationManager","message":"Added to bad block manager for invalid header, failed to import announced block 60 (0x0d7fe65f8614a84325b18b811f06661d1c112bc99bafe2927012b5cbeb0a056b)","throwable":""}
{"timestamp":"2025-07-25T11:38:02,038","container":"71351656b7be","level":"INFO","thread":"nioEventLoopGroup-3-8","class":"BlockPropagationManager","message":"Saved announced block for future import 61 (0xc7eaa1ab2292aec92472323465efc54705a10724d74795ce641ce189b2920825) - 1 saved block(s)","throwable":""}
{"timestamp":"2025-07-25T11:38:02,041","container":"71351656b7be","level":"INFO","thread":"nioEventLoopGroup-3-8","class":"BlockPropagationManager","message":"Retrieving parent 0x0d7fe65f8614a84325b18b811f06661d1c112bc99bafe2927012b5cbeb0a056b of block 61 (0xc7eaa1ab2292aec92472323465efc54705a10724d74795ce641ce189b2920825)","throwable":""}
{"timestamp":"2025-07-25T11:38:02,072","container":"71351656b7be","level":"INFO","thread":"EthScheduler-Workers-0","class":"PersistBlockTask","message":"Imported #60 / 0 tx / 0 om / 0 (0.0%) gas / (0x0d7fe65f8614a84325b18b811f06661d1c112bc99bafe2927012b5cbeb0a056b) in 0.003s. Peers: 3","throwable":""}
{"timestamp":"2025-07-25T11:38:02,093","container":"71351656b7be","level":"INFO","thread":"EthScheduler-Workers-0","class":"PersistBlockTask","message":"Imported #61 / 0 tx / 0 om / 0 (0.0%) gas / (0xc7eaa1ab2292aec92472323465efc54705a10724d74795ce641ce189b2920825) in 0.012s. Peers: 3","throwable":""}
{"timestamp":"2025-07-25T11:38:02,093","container":"71351656b7be","level":"INFO","thread":"EthScheduler-Workers-0","class":"BlockPropagationManager","message":"Imported 1 pending blocks: [61]","throwable":""}
{"timestamp":"2025-07-25T11:38:07,030","container":"71351656b7be","level":"INFO","thread":"EthScheduler-Workers-0","class":"PersistBlockTask","message":"Imported #62 / 0 tx / 0 om / 0 (0.0%) gas / (0x1f54ff458636ab91cf848b0c97265aec8001150cff86d99c16bab48f96ef601d) in 0.002s. Peers: 3","throwable":""}
{"timestamp":"2025-07-25T11:38:13,573","container":"71351656b7be","level":"INFO","thread":"EthScheduler-Workers-0","class":"TimestampBoundedByFutureParameter","message":"Invalid block header: timestamp 1753443495 is greater than the timestamp margin 1753443494","throwable":""}
{"timestamp":"2025-07-25T11:38:13,573","container":"71351656b7be","level":"WARN","thread":"EthScheduler-Workers-0","class":"BlockPropagationManager","message":"Added to bad block manager for invalid header, failed to import announced block 63 (0xdd89b26d1508c776387836791463c1a801c68357b504de3cf2490d983a110fd9)","throwable":""}
{"timestamp":"2025-07-25T11:38:13,575","container":"71351656b7be","level":"INFO","thread":"EthScheduler-Workers-0","class":"TimestampBoundedByFutureParameter","message":"Invalid block header: timestamp 1753443495 is greater than the timestamp margin 1753443494","throwable":""}
{"timestamp":"2025-07-25T11:38:13,576","container":"71351656b7be","level":"WARN","thread":"EthScheduler-Workers-0","class":"BlockPropagationManager","message":"Added to bad block manager for invalid header, failed to import announced block 63 (0xdd89b26d1508c776387836791463c1a801c68357b504de3cf2490d983a110fd9)","throwable":""}
{"timestamp":"2025-07-25T11:38:22,053","container":"71351656b7be","level":"INFO","thread":"nioEventLoopGroup-3-2","class":"BlockPropagationManager","message":"Saved announced block for future import 64 (0x29e8b2e8a353f7cdb22789284f128805129979bd31e9a8184af84cdea1dbded7) - 1 saved block(s)","throwable":""}
{"timestamp":"2025-07-25T11:38:22,054","container":"71351656b7be","level":"INFO","thread":"nioEventLoopGroup-3-2","class":"BlockPropagationManager","message":"Retrieving parent 0xdd89b26d1508c776387836791463c1a801c68357b504de3cf2490d983a110fd9 of block 64 (0x29e8b2e8a353f7cdb22789284f128805129979bd31e9a8184af84cdea1dbded7)","throwable":""}
{"timestamp":"2025-07-25T11:38:22,086","container":"71351656b7be","level":"INFO","thread":"EthScheduler-Workers-0","class":"PersistBlockTask","message":"Imported #63 / 0 tx / 0 om / 0 (0.0%) gas / (0xdd89b26d1508c776387836791463c1a801c68357b504de3cf2490d983a110fd9) in 0.005s. Peers: 3","throwable":""}
{"timestamp":"2025-07-25T11:38:22,097","container":"71351656b7be","level":"INFO","thread":"EthScheduler-Workers-0","class":"PersistBlockTask","message":"Imported #64 / 0 tx / 0 om / 0 (0.0%) gas / (0x29e8b2e8a353f7cdb22789284f128805129979bd31e9a8184af84cdea1dbded7) in 0.009s. Peers: 3","throwable":""}
{"timestamp":"2025-07-25T11:38:22,098","container":"71351656b7be","level":"INFO","thread":"EthScheduler-Workers-0","class":"BlockPropagationManager","message":"Imported 1 pending blocks: [64]","throwable":""}
{"timestamp":"2025-07-25T11:38:29,577","container":"71351656b7be","level":"INFO","thread":"EthScheduler-Workers-0","class":"TimestampBoundedByFutureParameter","message":"Invalid block header: timestamp 1753443511 is greater than the timestamp margin 1753443510","throwable":""}
{"timestamp":"2025-07-25T11:38:29,578","container":"71351656b7be","level":"WARN","thread":"EthScheduler-Workers-0","class":"BlockPropagationManager","message":"Added to bad block manager for invalid header, failed to import announced block 65 (0x939d24d782634e4ee2ab534a6828fe95553724add4172a4c031f5c0cf3b3c4d6)","throwable":""}
{"timestamp":"2025-07-25T11:38:29,580","container":"71351656b7be","level":"INFO","thread":"EthScheduler-Workers-0","class":"TimestampBoundedByFutureParameter","message":"Invalid block header: timestamp 1753443511 is greater than the timestamp margin 1753443510","throwable":""}
{"timestamp":"2025-07-25T11:38:29,582","container":"71351656b7be","level":"WARN","thread":"EthScheduler-Workers-0","class":"BlockPropagationManager","message":"Added to bad block manager for invalid header, failed to import announced block 65 (0x939d24d782634e4ee2ab534a6828fe95553724add4172a4c031f5c0cf3b3c4d6)","throwable":""}
{"timestamp":"2025-07-25T11:38:52,183","container":"71351656b7be","level":"INFO","thread":"nioEventLoopGroup-3-8","class":"BlockPropagationManager","message":"Saved announced block for future import 66 (0x5729370af62dbd56feeafb8663a37a476e82e76a64ed729c0073d6eceabeb83d) - 1 saved block(s)","throwable":""}
{"timestamp":"2025-07-25T11:38:52,184","container":"71351656b7be","level":"INFO","thread":"nioEventLoopGroup-3-8","class":"BlockPropagationManager","message":"Retrieving parent 0x939d24d782634e4ee2ab534a6828fe95553724add4172a4c031f5c0cf3b3c4d6 of block 66 (0x5729370af62dbd56feeafb8663a37a476e82e76a64ed729c0073d6eceabeb83d)","throwable":""}
{"timestamp":"2025-07-25T11:38:52,211","container":"71351656b7be","level":"INFO","thread":"EthScheduler-Workers-0","class":"PersistBlockTask","message":"Imported #65 / 0 tx / 0 om / 0 (0.0%) gas / (0x939d24d782634e4ee2ab534a6828fe95553724add4172a4c031f5c0cf3b3c4d6) in 0.002s. Peers: 3","throwable":""}
{"timestamp":"2025-07-25T11:38:52,224","container":"71351656b7be","level":"INFO","thread":"EthScheduler-Workers-0","class":"PersistBlockTask","message":"Imported #66 / 1 tx / 0 om / 163,123 (0.0%) gas / (0x5729370af62dbd56feeafb8663a37a476e82e76a64ed729c0073d6eceabeb83d) in 0.012s. Peers: 3","throwable":""}
{"timestamp":"2025-07-25T11:38:52,225","container":"71351656b7be","level":"INFO","thread":"EthScheduler-Workers-0","class":"BlockPropagationManager","message":"Imported 1 pending blocks: [66]","throwable":""}
{"timestamp":"2025-07-25T11:38:59,597","container":"71351656b7be","level":"INFO","thread":"EthScheduler-Workers-0","class":"TimestampBoundedByFutureParameter","message":"Invalid block header: timestamp 1753443541 is greater than the timestamp margin 1753443540","throwable":""}
{"timestamp":"2025-07-25T11:38:59,597","container":"71351656b7be","level":"WARN","thread":"EthScheduler-Workers-0","class":"BlockPropagationManager","message":"Added to bad block manager for invalid header, failed to import announced block 67 (0x3eabf204ab6dfc567c8e152f53e718af5f6c903ee65a56e0c239ed8430e913d0)","throwable":""}
{"timestamp":"2025-07-25T11:38:59,601","container":"71351656b7be","level":"INFO","thread":"EthScheduler-Workers-0","class":"TimestampBoundedByFutureParameter","message":"Invalid block header: timestamp 1753443541 is greater than the timestamp margin 1753443540","throwable":""}
{"timestamp":"2025-07-25T11:38:59,601","container":"71351656b7be","level":"WARN","thread":"EthScheduler-Workers-0","class":"BlockPropagationManager","message":"Added to bad block manager for invalid header, failed to import announced block 67 (0x3eabf204ab6dfc567c8e152f53e718af5f6c903ee65a56e0c239ed8430e913d0)","throwable":""}
{"timestamp":"2025-07-25T11:39:12,140","container":"71351656b7be","level":"INFO","thread":"nioEventLoopGroup-3-8","class":"BlockPropagationManager","message":"Saved announced block for future import 68 (0x31036df75ec3c14ea51844bdf0e72476a6b2c88a59921283508a0d85e9c8ee4f) - 1 saved block(s)","throwable":""}
{"timestamp":"2025-07-25T11:39:12,141","container":"71351656b7be","level":"INFO","thread":"nioEventLoopGroup-3-8","class":"BlockPropagationManager","message":"Retrieving parent 0x3eabf204ab6dfc567c8e152f53e718af5f6c903ee65a56e0c239ed8430e913d0 of block 68 (0x31036df75ec3c14ea51844bdf0e72476a6b2c88a59921283508a0d85e9c8ee4f)","throwable":""}
{"timestamp":"2025-07-25T11:39:12,153","container":"71351656b7be","level":"INFO","thread":"EthScheduler-Workers-0","class":"PersistBlockTask","message":"Imported #67 / 0 tx / 0 om / 0 (0.0%) gas / (0x3eabf204ab6dfc567c8e152f53e718af5f6c903ee65a56e0c239ed8430e913d0) in 0.002s. Peers: 3","throwable":""}
{"timestamp":"2025-07-25T11:39:12,158","container":"71351656b7be","level":"INFO","thread":"EthScheduler-Workers-0","class":"PersistBlockTask","message":"Imported #68 / 0 tx / 0 om / 0 (0.0%) gas / (0x31036df75ec3c14ea51844bdf0e72476a6b2c88a59921283508a0d85e9c8ee4f) in 0.004s. Peers: 3","throwable":""}
{"timestamp":"2025-07-25T11:39:12,159","container":"71351656b7be","level":"INFO","thread":"EthScheduler-Workers-0","class":"BlockPropagationManager","message":"Imported 1 pending blocks: [68]","throwable":""}
{"timestamp":"2025-07-25T11:39:17,085","container":"71351656b7be","level":"INFO","thread":"EthScheduler-Workers-0","class":"PersistBlockTask","message":"Imported #69 / 1 tx / 0 om / 128,923 (0.0%) gas / (0xfc0b4e52502350ed55e44606a2830d570046a191d3c3de3e2d9391e54a7d8df9) in 0.014s. Peers: 3","throwable":""}
{"timestamp":"2025-07-25T11:39:23,607","container":"71351656b7be","level":"INFO","thread":"EthScheduler-Workers-0","class":"TimestampBoundedByFutureParameter","message":"Invalid block header: timestamp 1753443565 is greater than the timestamp margin 1753443564","throwable":""}
{"timestamp":"2025-07-25T11:39:23,608","container":"71351656b7be","level":"WARN","thread":"EthScheduler-Workers-0","class":"BlockPropagationManager","message":"Added to bad block manager for invalid header, failed to import announced block 70 (0x008fa607209b70efc980f3af12176b1e4cf74360abfa71af759ab16b0f20d3cb)","throwable":""}
{"timestamp":"2025-07-25T11:39:23,609","container":"71351656b7be","level":"INFO","thread":"EthScheduler-Workers-0","class":"TimestampBoundedByFutureParameter","message":"Invalid block header: timestamp 1753443565 is greater than the timestamp margin 1753443564","throwable":""}
{"timestamp":"2025-07-25T11:39:23,609","container":"71351656b7be","level":"WARN","thread":"EthScheduler-Workers-0","class":"BlockPropagationManager","message":"Added to bad block manager for invalid header, failed to import announced block 70 (0x008fa607209b70efc980f3af12176b1e4cf74360abfa71af759ab16b0f20d3cb)","throwable":""}
{"timestamp":"2025-07-25T11:39:32,196","container":"71351656b7be","level":"INFO","thread":"nioEventLoopGroup-3-8","class":"BlockPropagationManager","message":"Saved announced block for future import 71 (0x74f0fcc533813d393768ed5140b0e57ab7bd3eb4d94a7afc66a02ed7dcbe75e2) - 1 saved block(s)","throwable":""}
{"timestamp":"2025-07-25T11:39:32,197","container":"71351656b7be","level":"INFO","thread":"nioEventLoopGroup-3-8","class":"BlockPropagationManager","message":"Retrieving parent 0x008fa607209b70efc980f3af12176b1e4cf74360abfa71af759ab16b0f20d3cb of block 71 (0x74f0fcc533813d393768ed5140b0e57ab7bd3eb4d94a7afc66a02ed7dcbe75e2)","throwable":""}
{"timestamp":"2025-07-25T11:39:32,222","container":"71351656b7be","level":"INFO","thread":"EthScheduler-Workers-0","class":"PersistBlockTask","message":"Imported #70 / 0 tx / 0 om / 0 (0.0%) gas / (0x008fa607209b70efc980f3af12176b1e4cf74360abfa71af759ab16b0f20d3cb) in 0.006s. Peers: 3","throwable":""}
{"timestamp":"2025-07-25T11:39:32,244","container":"71351656b7be","level":"INFO","thread":"EthScheduler-Workers-0","class":"PersistBlockTask","message":"Imported #71 / 1 tx / 0 om / 128,923 (0.0%) gas / (0x74f0fcc533813d393768ed5140b0e57ab7bd3eb4d94a7afc66a02ed7dcbe75e2) in 0.018s. Peers: 3","throwable":""}
{"timestamp":"2025-07-25T11:39:32,245","container":"71351656b7be","level":"INFO","thread":"EthScheduler-Workers-0","class":"BlockPropagationManager","message":"Imported 1 pending blocks: [71]","throwable":""}
{"timestamp":"2025-07-25T11:39:39,612","container":"71351656b7be","level":"INFO","thread":"EthScheduler-Workers-0","class":"TimestampBoundedByFutureParameter","message":"Invalid block header: timestamp 1753443581 is greater than the timestamp margin 1753443580","throwable":""}
{"timestamp":"2025-07-25T11:39:39,615","container":"71351656b7be","level":"WARN","thread":"EthScheduler-Workers-0","class":"BlockPropagationManager","message":"Added to bad block manager for invalid header, failed to import announced block 72 (0xfd9e457c05090b33372832a65a6b277a3618189aa854f1c619caab5e53edec2e)","throwable":""}
{"timestamp":"2025-07-25T11:39:39,616","container":"71351656b7be","level":"INFO","thread":"EthScheduler-Workers-0","class":"TimestampBoundedByFutureParameter","message":"Invalid block header: timestamp 1753443581 is greater than the timestamp margin 1753443580","throwable":""}
{"timestamp":"2025-07-25T11:39:39,616","container":"71351656b7be","level":"WARN","thread":"EthScheduler-Workers-0","class":"BlockPropagationManager","message":"Added to bad block manager for invalid header, failed to import announced block 72 (0xfd9e457c05090b33372832a65a6b277a3618189aa854f1c619caab5e53edec2e)","throwable":""}
{"timestamp":"2025-07-25T11:39:39,619","container":"71351656b7be","level":"INFO","thread":"EthScheduler-Workers-0","class":"TimestampBoundedByFutureParameter","message":"Invalid block header: timestamp 1753443581 is greater than the timestamp margin 1753443580","throwable":""}
{"timestamp":"2025-07-25T11:39:39,620","container":"71351656b7be","level":"WARN","thread":"EthScheduler-Workers-0","class":"BlockPropagationManager","message":"Added to bad block manager for invalid header, failed to import announced block 72 (0xfd9e457c05090b33372832a65a6b277a3618189aa854f1c619caab5e53edec2e)","throwable":""}
{"timestamp":"2025-07-25T11:40:02,188","container":"71351656b7be","level":"INFO","thread":"nioEventLoopGroup-3-2","class":"BlockPropagationManager","message":"Saved announced block for future import 73 (0xce3759a14383fcfb081c68de589786d95ff0ea1392645734c71468bd99b670a1) - 1 saved block(s)","throwable":""}
{"timestamp":"2025-07-25T11:40:02,189","container":"71351656b7be","level":"INFO","thread":"nioEventLoopGroup-3-2","class":"BlockPropagationManager","message":"Retrieving parent 0xfd9e457c05090b33372832a65a6b277a3618189aa854f1c619caab5e53edec2e of block 73 (0xce3759a14383fcfb081c68de589786d95ff0ea1392645734c71468bd99b670a1)","throwable":""}
{"timestamp":"2025-07-25T11:40:02,199","container":"71351656b7be","level":"INFO","thread":"EthScheduler-Workers-0","class":"PersistBlockTask","message":"Imported #72 / 0 tx / 0 om / 0 (0.0%) gas / (0xfd9e457c05090b33372832a65a6b277a3618189aa854f1c619caab5e53edec2e) in 0.001s. Peers: 3","throwable":""}
{"timestamp":"2025-07-25T11:40:02,204","container":"71351656b7be","level":"INFO","thread":"EthScheduler-Workers-0","class":"PersistBlockTask","message":"Imported #73 / 0 tx / 0 om / 0 (0.0%) gas / (0xce3759a14383fcfb081c68de589786d95ff0ea1392645734c71468bd99b670a1) in 0.004s. Peers: 3","throwable":""}
{"timestamp":"2025-07-25T11:40:02,204","container":"71351656b7be","level":"INFO","thread":"EthScheduler-Workers-0","class":"BlockPropagationManager","message":"Imported 1 pending blocks: [73]","throwable":""}
{"timestamp":"2025-07-25T11:40:09,614","container":"71351656b7be","level":"INFO","thread":"EthScheduler-Workers-0","class":"TimestampBoundedByFutureParameter","message":"Invalid block header: timestamp 1753443611 is greater than the timestamp margin 1753443610","throwable":""}
{"timestamp":"2025-07-25T11:40:09,614","container":"71351656b7be","level":"WARN","thread":"EthScheduler-Workers-0","class":"BlockPropagationManager","message":"Added to bad block manager for invalid header, failed to import announced block 74 (0xa5421f1e4a1fb75b9456d045423000d4e26c637fbee0c642d8f375d2f3b627e7)","throwable":""}
{"timestamp":"2025-07-25T11:40:09,616","container":"71351656b7be","level":"INFO","thread":"EthScheduler-Workers-0","class":"TimestampBoundedByFutureParameter","message":"Invalid block header: timestamp 1753443611 is greater than the timestamp margin 1753443610","throwable":""}
{"timestamp":"2025-07-25T11:40:09,617","container":"71351656b7be","level":"WARN","thread":"EthScheduler-Workers-0","class":"BlockPropagationManager","message":"Added to bad block manager for invalid header, failed to import announced block 74 (0xa5421f1e4a1fb75b9456d045423000d4e26c637fbee0c642d8f375d2f3b627e7)","throwable":""}
{"timestamp":"2025-07-25T11:40:22,254","container":"71351656b7be","level":"INFO","thread":"nioEventLoopGroup-3-8","class":"BlockPropagationManager","message":"Saved announced block for future import 75 (0x73cd60e153ce7c6c3952ccc05fe19bcd55bd5b056faa5e632f4f5df4c83de152) - 1 saved block(s)","throwable":""}
{"timestamp":"2025-07-25T11:40:22,255","container":"71351656b7be","level":"INFO","thread":"nioEventLoopGroup-3-8","class":"BlockPropagationManager","message":"Retrieving parent 0xa5421f1e4a1fb75b9456d045423000d4e26c637fbee0c642d8f375d2f3b627e7 of block 75 (0x73cd60e153ce7c6c3952ccc05fe19bcd55bd5b056faa5e632f4f5df4c83de152)","throwable":""}
{"timestamp":"2025-07-25T11:40:22,274","container":"71351656b7be","level":"INFO","thread":"EthScheduler-Workers-0","class":"PersistBlockTask","message":"Imported #74 / 0 tx / 0 om / 0 (0.0%) gas / (0xa5421f1e4a1fb75b9456d045423000d4e26c637fbee0c642d8f375d2f3b627e7) in 0.003s. Peers: 3","throwable":""}
{"timestamp":"2025-07-25T11:40:22,292","container":"71351656b7be","level":"INFO","thread":"EthScheduler-Workers-0","class":"PersistBlockTask","message":"Imported #75 / 1 tx / 0 om / 128,923 (0.0%) gas / (0x73cd60e153ce7c6c3952ccc05fe19bcd55bd5b056faa5e632f4f5df4c83de152) in 0.015s. Peers: 3","throwable":""}
{"timestamp":"2025-07-25T11:40:22,292","container":"71351656b7be","level":"INFO","thread":"EthScheduler-Workers-0","class":"BlockPropagationManager","message":"Imported 1 pending blocks: [75]","throwable":""}
{"timestamp":"2025-07-25T11:40:27,044","container":"71351656b7be","level":"INFO","thread":"EthScheduler-Workers-0","class":"PersistBlockTask","message":"Imported #76 / 0 tx / 0 om / 0 (0.0%) gas / (0xa7fd206278721f2f6f5e3c7fabd1ca987ef7307d8b9b78adfa066a84327224a4) in 0.005s. Peers: 3","throwable":""}
{"timestamp":"2025-07-25T11:40:33,640","container":"71351656b7be","level":"INFO","thread":"EthScheduler-Workers-0","class":"TimestampBoundedByFutureParameter","message":"Invalid block header: timestamp 1753443635 is greater than the timestamp margin 1753443634","throwable":""}
{"timestamp":"2025-07-25T11:40:33,641","container":"71351656b7be","level":"WARN","thread":"EthScheduler-Workers-0","class":"BlockPropagationManager","message":"Added to bad block manager for invalid header, failed to import announced block 77 (0x636fe3315ffef8269d4db5b2d36b9101a0e7df2eb3966f690360557c580c3e14)","throwable":""}
{"timestamp":"2025-07-25T11:40:33,644","container":"71351656b7be","level":"INFO","thread":"EthScheduler-Workers-0","class":"TimestampBoundedByFutureParameter","message":"Invalid block header: timestamp 1753443635 is greater than the timestamp margin 1753443634","throwable":""}
{"timestamp":"2025-07-25T11:40:33,645","container":"71351656b7be","level":"WARN","thread":"EthScheduler-Workers-0","class":"BlockPropagationManager","message":"Added to bad block manager for invalid header, failed to import announced block 77 (0x636fe3315ffef8269d4db5b2d36b9101a0e7df2eb3966f690360557c580c3e14)","throwable":""}
{"timestamp":"2025-07-25T11:40:42,259","container":"71351656b7be","level":"INFO","thread":"nioEventLoopGroup-3-8","class":"BlockPropagationManager","message":"Saved announced block for future import 78 (0xdfcca55e75e7615ee2988b228d6d7c77f7e355d0ba9e3d7c9d4f9b6deb213b2d) - 1 saved block(s)","throwable":""}
{"timestamp":"2025-07-25T11:40:42,260","container":"71351656b7be","level":"INFO","thread":"nioEventLoopGroup-3-8","class":"BlockPropagationManager","message":"Retrieving parent 0x636fe3315ffef8269d4db5b2d36b9101a0e7df2eb3966f690360557c580c3e14 of block 78 (0xdfcca55e75e7615ee2988b228d6d7c77f7e355d0ba9e3d7c9d4f9b6deb213b2d)","throwable":""}
{"timestamp":"2025-07-25T11:40:42,286","container":"71351656b7be","level":"INFO","thread":"EthScheduler-Workers-0","class":"PersistBlockTask","message":"Imported #77 / 0 tx / 0 om / 0 (0.0%) gas / (0x636fe3315ffef8269d4db5b2d36b9101a0e7df2eb3966f690360557c580c3e14) in 0.014s. Peers: 3","throwable":""}
{"timestamp":"2025-07-25T11:40:42,295","container":"71351656b7be","level":"INFO","thread":"EthScheduler-Workers-0","class":"PersistBlockTask","message":"Imported #78 / 0 tx / 0 om / 0 (0.0%) gas / (0xdfcca55e75e7615ee2988b228d6d7c77f7e355d0ba9e3d7c9d4f9b6deb213b2d) in 0.005s. Peers: 3","throwable":""}
{"timestamp":"2025-07-25T11:40:42,295","container":"71351656b7be","level":"INFO","thread":"EthScheduler-Workers-0","class":"BlockPropagationManager","message":"Imported 1 pending blocks: [78]","throwable":""}
{"timestamp":"2025-07-25T11:40:49,647","container":"71351656b7be","level":"INFO","thread":"EthScheduler-Workers-0","class":"TimestampBoundedByFutureParameter","message":"Invalid block header: timestamp 1753443651 is greater than the timestamp margin 1753443650","throwable":""}
{"timestamp":"2025-07-25T11:40:49,647","container":"71351656b7be","level":"WARN","thread":"EthScheduler-Workers-0","class":"BlockPropagationManager","message":"Added to bad block manager for invalid header, failed to import announced block 79 (0xe4e04f0908161a59776e406e9b9390453a50b45a18393b5c4c600e237990941d)","throwable":""}
{"timestamp":"2025-07-25T11:40:49,652","container":"71351656b7be","level":"INFO","thread":"EthScheduler-Workers-0","class":"TimestampBoundedByFutureParameter","message":"Invalid block header: timestamp 1753443651 is greater than the timestamp margin 1753443650","throwable":""}
{"timestamp":"2025-07-25T11:40:49,653","container":"71351656b7be","level":"WARN","thread":"EthScheduler-Workers-0","class":"BlockPropagationManager","message":"Added to bad block manager for invalid header, failed to import announced block 79 (0xe4e04f0908161a59776e406e9b9390453a50b45a18393b5c4c600e237990941d)","throwable":""}
{"timestamp":"2025-07-25T11:41:12,310","container":"71351656b7be","level":"INFO","thread":"nioEventLoopGroup-3-7","class":"BlockPropagationManager","message":"Saved announced block for future import 80 (0xc3e9f49f2908cded916de2ae7419fdc17b6a202e48d61312cdd6b99f65401484) - 1 saved block(s)","throwable":""}
{"timestamp":"2025-07-25T11:41:12,310","container":"71351656b7be","level":"INFO","thread":"nioEventLoopGroup-3-7","class":"BlockPropagationManager","message":"Retrieving parent 0xe4e04f0908161a59776e406e9b9390453a50b45a18393b5c4c600e237990941d of block 80 (0xc3e9f49f2908cded916de2ae7419fdc17b6a202e48d61312cdd6b99f65401484)","throwable":""}
{"timestamp":"2025-07-25T11:41:12,323","container":"71351656b7be","level":"INFO","thread":"EthScheduler-Workers-0","class":"PersistBlockTask","message":"Imported #79 / 0 tx / 0 om / 0 (0.0%) gas / (0xe4e04f0908161a59776e406e9b9390453a50b45a18393b5c4c600e237990941d) in 0.004s. Peers: 3","throwable":""}
{"timestamp":"2025-07-25T11:41:12,326","container":"71351656b7be","level":"INFO","thread":"EthScheduler-Workers-0","class":"PersistBlockTask","message":"Imported #80 / 0 tx / 0 om / 0 (0.0%) gas / (0xc3e9f49f2908cded916de2ae7419fdc17b6a202e48d61312cdd6b99f65401484) in 0.002s. Peers: 3","throwable":""}
{"timestamp":"2025-07-25T11:41:12,326","container":"71351656b7be","level":"INFO","thread":"EthScheduler-Workers-0","class":"BlockPropagationManager","message":"Imported 1 pending blocks: [80]","throwable":""}
{"timestamp":"2025-07-25T11:41:19,660","container":"71351656b7be","level":"INFO","thread":"EthScheduler-Workers-0","class":"TimestampBoundedByFutureParameter","message":"Invalid block header: timestamp 1753443681 is greater than the timestamp margin 1753443680","throwable":""}
{"timestamp":"2025-07-25T11:41:19,661","container":"71351656b7be","level":"WARN","thread":"EthScheduler-Workers-0","class":"BlockPropagationManager","message":"Added to bad block manager for invalid header, failed to import announced block 81 (0x60a46ec4bf18065d535318886661042b53a7d4981eafc0e5a79133d0381c3342)","throwable":""}
{"timestamp":"2025-07-25T11:41:19,662","container":"71351656b7be","level":"INFO","thread":"EthScheduler-Workers-0","class":"TimestampBoundedByFutureParameter","message":"Invalid block header: timestamp 1753443681 is greater than the timestamp margin 1753443680","throwable":""}
{"timestamp":"2025-07-25T11:41:19,663","container":"71351656b7be","level":"WARN","thread":"EthScheduler-Workers-0","class":"BlockPropagationManager","message":"Added to bad block manager for invalid header, failed to import announced block 81 (0x60a46ec4bf18065d535318886661042b53a7d4981eafc0e5a79133d0381c3342)","throwable":""}
{"timestamp":"2025-07-25T11:41:32,335","container":"71351656b7be","level":"INFO","thread":"nioEventLoopGroup-3-7","class":"BlockPropagationManager","message":"Saved announced block for future import 82 (0x1ecaf16e53319dc84b9ed5a95cee58442902e43f61c160d56187b125ff8efb8b) - 1 saved block(s)","throwable":""}
{"timestamp":"2025-07-25T11:41:32,341","container":"71351656b7be","level":"INFO","thread":"nioEventLoopGroup-3-7","class":"BlockPropagationManager","message":"Retrieving parent 0x60a46ec4bf18065d535318886661042b53a7d4981eafc0e5a79133d0381c3342 of block 82 (0x1ecaf16e53319dc84b9ed5a95cee58442902e43f61c160d56187b125ff8efb8b)","throwable":""}
{"timestamp":"2025-07-25T11:41:32,360","container":"71351656b7be","level":"INFO","thread":"EthScheduler-Workers-0","class":"PersistBlockTask","message":"Imported #81 / 0 tx / 0 om / 0 (0.0%) gas / (0x60a46ec4bf18065d535318886661042b53a7d4981eafc0e5a79133d0381c3342) in 0.003s. Peers: 3","throwable":""}
{"timestamp":"2025-07-25T11:41:32,364","container":"71351656b7be","level":"INFO","thread":"EthScheduler-Workers-0","class":"PersistBlockTask","message":"Imported #82 / 0 tx / 0 om / 0 (0.0%) gas / (0x1ecaf16e53319dc84b9ed5a95cee58442902e43f61c160d56187b125ff8efb8b) in 0.002s. Peers: 3","throwable":""}
{"timestamp":"2025-07-25T11:41:32,364","container":"71351656b7be","level":"INFO","thread":"EthScheduler-Workers-0","class":"BlockPropagationManager","message":"Imported 1 pending blocks: [82]","throwable":""}
{"timestamp":"2025-07-25T11:41:37,035","container":"71351656b7be","level":"INFO","thread":"EthScheduler-Workers-0","class":"PersistBlockTask","message":"Imported #83 / 0 tx / 0 om / 0 (0.0%) gas / (0x16ae7c4068430264758d9d5fefb28ac28743b3eb68e3faf3c0e07f098b12038c) in 0.002s. Peers: 3","throwable":""}
{"timestamp":"2025-07-25T11:41:43,675","container":"71351656b7be","level":"INFO","thread":"EthScheduler-Workers-0","class":"TimestampBoundedByFutureParameter","message":"Invalid block header: timestamp 1753443705 is greater than the timestamp margin 1753443704","throwable":""}
{"timestamp":"2025-07-25T11:41:43,675","container":"71351656b7be","level":"WARN","thread":"EthScheduler-Workers-0","class":"BlockPropagationManager","message":"Added to bad block manager for invalid header, failed to import announced block 84 (0x46deb0285e1e19a7cbe49e9583e71baa3b3238eddb20251ab02288009bc53a46)","throwable":""}
{"timestamp":"2025-07-25T11:41:43,678","container":"71351656b7be","level":"INFO","thread":"EthScheduler-Workers-0","class":"TimestampBoundedByFutureParameter","message":"Invalid block header: timestamp 1753443705 is greater than the timestamp margin 1753443704","throwable":""}
{"timestamp":"2025-07-25T11:41:43,678","container":"71351656b7be","level":"WARN","thread":"EthScheduler-Workers-0","class":"BlockPropagationManager","message":"Added to bad block manager for invalid header, failed to import announced block 84 (0x46deb0285e1e19a7cbe49e9583e71baa3b3238eddb20251ab02288009bc53a46)","throwable":""}
{"timestamp":"2025-07-25T11:41:43,679","container":"71351656b7be","level":"INFO","thread":"EthScheduler-Workers-0","class":"TimestampBoundedByFutureParameter","message":"Invalid block header: timestamp 1753443705 is greater than the timestamp margin 1753443704","throwable":""}
{"timestamp":"2025-07-25T11:41:43,682","container":"71351656b7be","level":"WARN","thread":"EthScheduler-Workers-0","class":"BlockPropagationManager","message":"Added to bad block manager for invalid header, failed to import announced block 84 (0x46deb0285e1e19a7cbe49e9583e71baa3b3238eddb20251ab02288009bc53a46)","throwable":""}
{"timestamp":"2025-07-25T11:41:52,373","container":"71351656b7be","level":"INFO","thread":"nioEventLoopGroup-3-8","class":"BlockPropagationManager","message":"Saved announced block for future import 85 (0x6e7767a9146d3743b7a0ea2b5aff789abe5754f182ec0557f912c1ad062039cf) - 1 saved block(s)","throwable":""}
{"timestamp":"2025-07-25T11:41:52,374","container":"71351656b7be","level":"INFO","thread":"nioEventLoopGroup-3-8","class":"BlockPropagationManager","message":"Retrieving parent 0x46deb0285e1e19a7cbe49e9583e71baa3b3238eddb20251ab02288009bc53a46 of block 85 (0x6e7767a9146d3743b7a0ea2b5aff789abe5754f182ec0557f912c1ad062039cf)","throwable":""}
{"timestamp":"2025-07-25T11:41:52,392","container":"71351656b7be","level":"INFO","thread":"EthScheduler-Workers-0","class":"PersistBlockTask","message":"Imported #84 / 0 tx / 0 om / 0 (0.0%) gas / (0x46deb0285e1e19a7cbe49e9583e71baa3b3238eddb20251ab02288009bc53a46) in 0.003s. Peers: 3","throwable":""}
{"timestamp":"2025-07-25T11:41:52,407","container":"71351656b7be","level":"INFO","thread":"EthScheduler-Workers-0","class":"PersistBlockTask","message":"Imported #85 / 0 tx / 0 om / 0 (0.0%) gas / (0x6e7767a9146d3743b7a0ea2b5aff789abe5754f182ec0557f912c1ad062039cf) in 0.013s. Peers: 3","throwable":""}
{"timestamp":"2025-07-25T11:41:52,407","container":"71351656b7be","level":"INFO","thread":"EthScheduler-Workers-0","class":"BlockPropagationManager","message":"Imported 1 pending blocks: [85]","throwable":""}
{"timestamp":"2025-07-25T11:41:59,686","container":"71351656b7be","level":"INFO","thread":"EthScheduler-Workers-0","class":"TimestampBoundedByFutureParameter","message":"Invalid block header: timestamp 1753443721 is greater than the timestamp margin 1753443720","throwable":""}
{"timestamp":"2025-07-25T11:41:59,686","container":"71351656b7be","level":"WARN","thread":"EthScheduler-Workers-0","class":"BlockPropagationManager","message":"Added to bad block manager for invalid header, failed to import announced block 86 (0xcb18419062d9bae5e167e07605ce9c4a385b1784f7e36af576b9ad30df606215)","throwable":""}
{"timestamp":"2025-07-25T11:41:59,689","container":"71351656b7be","level":"INFO","thread":"EthScheduler-Workers-0","class":"TimestampBoundedByFutureParameter","message":"Invalid block header: timestamp 1753443721 is greater than the timestamp margin 1753443720","throwable":""}
{"timestamp":"2025-07-25T11:41:59,689","container":"71351656b7be","level":"WARN","thread":"EthScheduler-Workers-0","class":"BlockPropagationManager","message":"Added to bad block manager for invalid header, failed to import announced block 86 (0xcb18419062d9bae5e167e07605ce9c4a385b1784f7e36af576b9ad30df606215)","throwable":""}
{"timestamp":"2025-07-25T11:42:22,400","container":"71351656b7be","level":"INFO","thread":"nioEventLoopGroup-3-2","class":"BlockPropagationManager","message":"Saved announced block for future import 87 (0xd9e0ffeac70fd6d03f9713eafd328d4833fd3aea326aa8b3eba76865c0a9b3c9) - 1 saved block(s)","throwable":""}
{"timestamp":"2025-07-25T11:42:22,400","container":"71351656b7be","level":"INFO","thread":"nioEventLoopGroup-3-2","class":"BlockPropagationManager","message":"Retrieving parent 0xcb18419062d9bae5e167e07605ce9c4a385b1784f7e36af576b9ad30df606215 of block 87 (0xd9e0ffeac70fd6d03f9713eafd328d4833fd3aea326aa8b3eba76865c0a9b3c9)","throwable":""}
{"timestamp":"2025-07-25T11:42:22,421","container":"71351656b7be","level":"INFO","thread":"EthScheduler-Workers-0","class":"PersistBlockTask","message":"Imported #86 / 0 tx / 0 om / 0 (0.0%) gas / (0xcb18419062d9bae5e167e07605ce9c4a385b1784f7e36af576b9ad30df606215) in 0.003s. Peers: 3","throwable":""}
{"timestamp":"2025-07-25T11:42:22,432","container":"71351656b7be","level":"INFO","thread":"EthScheduler-Workers-0","class":"PersistBlockTask","message":"Imported #87 / 0 tx / 0 om / 0 (0.0%) gas / (0xd9e0ffeac70fd6d03f9713eafd328d4833fd3aea326aa8b3eba76865c0a9b3c9) in 0.005s. Peers: 3","throwable":""}
{"timestamp":"2025-07-25T11:42:22,432","container":"71351656b7be","level":"INFO","thread":"EthScheduler-Workers-0","class":"BlockPropagationManager","message":"Imported 1 pending blocks: [87]","throwable":""}
{"timestamp":"2025-07-25T11:42:29,695","container":"71351656b7be","level":"INFO","thread":"EthScheduler-Workers-0","class":"TimestampBoundedByFutureParameter","message":"Invalid block header: timestamp 1753443751 is greater than the timestamp margin 1753443750","throwable":""}
{"timestamp":"2025-07-25T11:42:29,695","container":"71351656b7be","level":"WARN","thread":"EthScheduler-Workers-0","class":"BlockPropagationManager","message":"Added to bad block manager for invalid header, failed to import announced block 88 (0x96670be3856f1bd804e53b266d4435896cce6ebb11c87bb34267839daa236744)","throwable":""}
{"timestamp":"2025-07-25T11:42:29,697","container":"71351656b7be","level":"INFO","thread":"EthScheduler-Workers-0","class":"TimestampBoundedByFutureParameter","message":"Invalid block header: timestamp 1753443751 is greater than the timestamp margin 1753443750","throwable":""}
{"timestamp":"2025-07-25T11:42:29,697","container":"71351656b7be","level":"WARN","thread":"EthScheduler-Workers-0","class":"BlockPropagationManager","message":"Added to bad block manager for invalid header, failed to import announced block 88 (0x96670be3856f1bd804e53b266d4435896cce6ebb11c87bb34267839daa236744)","throwable":""}
{"timestamp":"2025-07-25T11:42:29,698","container":"71351656b7be","level":"INFO","thread":"EthScheduler-Workers-0","class":"TimestampBoundedByFutureParameter","message":"Invalid block header: timestamp 1753443751 is greater than the timestamp margin 1753443750","throwable":""}
{"timestamp":"2025-07-25T11:42:29,699","container":"71351656b7be","level":"WARN","thread":"EthScheduler-Workers-0","class":"BlockPropagationManager","message":"Added to bad block manager for invalid header, failed to import announced block 88 (0x96670be3856f1bd804e53b266d4435896cce6ebb11c87bb34267839daa236744)","throwable":""}
{"timestamp":"2025-07-25T11:42:42,421","container":"71351656b7be","level":"INFO","thread":"nioEventLoopGroup-3-7","class":"BlockPropagationManager","message":"Saved announced block for future import 89 (0xf8fb52e0e88ca7e04415b42087f91ffb4ec983f24df5e2a0ea4dddb0ae447841) - 1 saved block(s)","throwable":""}
{"timestamp":"2025-07-25T11:42:42,423","container":"71351656b7be","level":"INFO","thread":"nioEventLoopGroup-3-7","class":"BlockPropagationManager","message":"Retrieving parent 0x96670be3856f1bd804e53b266d4435896cce6ebb11c87bb34267839daa236744 of block 89 (0xf8fb52e0e88ca7e04415b42087f91ffb4ec983f24df5e2a0ea4dddb0ae447841)","throwable":""}
{"timestamp":"2025-07-25T11:42:42,439","container":"71351656b7be","level":"INFO","thread":"EthScheduler-Workers-0","class":"PersistBlockTask","message":"Imported #88 / 0 tx / 0 om / 0 (0.0%) gas / (0x96670be3856f1bd804e53b266d4435896cce6ebb11c87bb34267839daa236744) in 0.004s. Peers: 3","throwable":""}
{"timestamp":"2025-07-25T11:42:42,448","container":"71351656b7be","level":"INFO","thread":"EthScheduler-Workers-0","class":"PersistBlockTask","message":"Imported #89 / 0 tx / 0 om / 0 (0.0%) gas / (0xf8fb52e0e88ca7e04415b42087f91ffb4ec983f24df5e2a0ea4dddb0ae447841) in 0.006s. Peers: 3","throwable":""}
{"timestamp":"2025-07-25T11:42:42,448","container":"71351656b7be","level":"INFO","thread":"EthScheduler-Workers-0","class":"BlockPropagationManager","message":"Imported 1 pending blocks: [89]","throwable":""}
{"timestamp":"2025-07-25T11:42:47,039","container":"71351656b7be","level":"INFO","thread":"EthScheduler-Workers-0","class":"PersistBlockTask","message":"Imported #90 / 0 tx / 0 om / 0 (0.0%) gas / (0x348ea7f9175d729f6b301fa5c77450671320334ce810433a5a346aa3f645e3a7) in 0.003s. Peers: 3","throwable":""}
{"timestamp":"2025-07-25T11:42:53,712","container":"71351656b7be","level":"INFO","thread":"EthScheduler-Workers-0","class":"TimestampBoundedByFutureParameter","message":"Invalid block header: timestamp 1753443775 is greater than the timestamp margin 1753443774","throwable":""}
{"timestamp":"2025-07-25T11:42:53,713","container":"71351656b7be","level":"WARN","thread":"EthScheduler-Workers-0","class":"BlockPropagationManager","message":"Added to bad block manager for invalid header, failed to import announced block 91 (0x5a688c4b0f38ec4eb91d6f4cc7e6bf2f4aa626af697edc72c024d0c28df6fd35)","throwable":""}
{"timestamp":"2025-07-25T11:42:53,714","container":"71351656b7be","level":"INFO","thread":"EthScheduler-Workers-0","class":"TimestampBoundedByFutureParameter","message":"Invalid block header: timestamp 1753443775 is greater than the timestamp margin 1753443774","throwable":""}
{"timestamp":"2025-07-25T11:42:53,714","container":"71351656b7be","level":"WARN","thread":"EthScheduler-Workers-0","class":"BlockPropagationManager","message":"Added to bad block manager for invalid header, failed to import announced block 91 (0x5a688c4b0f38ec4eb91d6f4cc7e6bf2f4aa626af697edc72c024d0c28df6fd35)","throwable":""}
{"timestamp":"2025-07-25T11:43:02,452","container":"71351656b7be","level":"INFO","thread":"nioEventLoopGroup-3-8","class":"BlockPropagationManager","message":"Saved announced block for future import 92 (0x33c273689b4726547ff1740f41c72e8c9f34c9f7adb4d901f663e2d878d6f647) - 1 saved block(s)","throwable":""}
{"timestamp":"2025-07-25T11:43:02,452","container":"71351656b7be","level":"INFO","thread":"nioEventLoopGroup-3-8","class":"BlockPropagationManager","message":"Retrieving parent 0x5a688c4b0f38ec4eb91d6f4cc7e6bf2f4aa626af697edc72c024d0c28df6fd35 of block 92 (0x33c273689b4726547ff1740f41c72e8c9f34c9f7adb4d901f663e2d878d6f647)","throwable":""}
{"timestamp":"2025-07-25T11:43:02,468","container":"71351656b7be","level":"INFO","thread":"EthScheduler-Workers-0","class":"PersistBlockTask","message":"Imported #91 / 0 tx / 0 om / 0 (0.0%) gas / (0x5a688c4b0f38ec4eb91d6f4cc7e6bf2f4aa626af697edc72c024d0c28df6fd35) in 0.003s. Peers: 3","throwable":""}
{"timestamp":"2025-07-25T11:43:02,479","container":"71351656b7be","level":"INFO","thread":"EthScheduler-Workers-0","class":"PersistBlockTask","message":"Imported #92 / 0 tx / 0 om / 0 (0.0%) gas / (0x33c273689b4726547ff1740f41c72e8c9f34c9f7adb4d901f663e2d878d6f647) in 0.006s. Peers: 3","throwable":""}
{"timestamp":"2025-07-25T11:43:02,479","container":"71351656b7be","level":"INFO","thread":"EthScheduler-Workers-0","class":"BlockPropagationManager","message":"Imported 1 pending blocks: [92]","throwable":""}
{"timestamp":"2025-07-25T11:43:09,718","container":"71351656b7be","level":"INFO","thread":"EthScheduler-Workers-0","class":"TimestampBoundedByFutureParameter","message":"Invalid block header: timestamp 1753443791 is greater than the timestamp margin 1753443790","throwable":""}
{"timestamp":"2025-07-25T11:43:09,719","container":"71351656b7be","level":"WARN","thread":"EthScheduler-Workers-0","class":"BlockPropagationManager","message":"Added to bad block manager for invalid header, failed to import announced block 93 (0xceaa9abef1e34f221fbc74a8eddc111b1259b894ee50831a886cf164d6790637)","throwable":""}
{"timestamp":"2025-07-25T11:43:09,725","container":"71351656b7be","level":"INFO","thread":"EthScheduler-Workers-0","class":"TimestampBoundedByFutureParameter","message":"Invalid block header: timestamp 1753443791 is greater than the timestamp margin 1753443790","throwable":""}
{"timestamp":"2025-07-25T11:43:09,727","container":"71351656b7be","level":"WARN","thread":"EthScheduler-Workers-0","class":"BlockPropagationManager","message":"Added to bad block manager for invalid header, failed to import announced block 93 (0xceaa9abef1e34f221fbc74a8eddc111b1259b894ee50831a886cf164d6790637)","throwable":""}
{"timestamp":"2025-07-25T11:43:32,507","container":"71351656b7be","level":"INFO","thread":"nioEventLoopGroup-3-8","class":"BlockPropagationManager","message":"Saved announced block for future import 94 (0xdcdbd7b75a175b66851910269a77c3f53d4634ea42e99ba2c6bf2df8792d7e00) - 1 saved block(s)","throwable":""}
{"timestamp":"2025-07-25T11:43:32,509","container":"71351656b7be","level":"INFO","thread":"nioEventLoopGroup-3-8","class":"BlockPropagationManager","message":"Retrieving parent 0xceaa9abef1e34f221fbc74a8eddc111b1259b894ee50831a886cf164d6790637 of block 94 (0xdcdbd7b75a175b66851910269a77c3f53d4634ea42e99ba2c6bf2df8792d7e00)","throwable":""}
{"timestamp":"2025-07-25T11:43:32,526","container":"71351656b7be","level":"INFO","thread":"EthScheduler-Workers-0","class":"PersistBlockTask","message":"Imported #93 / 0 tx / 0 om / 0 (0.0%) gas / (0xceaa9abef1e34f221fbc74a8eddc111b1259b894ee50831a886cf164d6790637) in 0.002s. Peers: 3","throwable":""}
{"timestamp":"2025-07-25T11:43:32,533","container":"71351656b7be","level":"INFO","thread":"EthScheduler-Workers-0","class":"PersistBlockTask","message":"Imported #94 / 0 tx / 0 om / 0 (0.0%) gas / (0xdcdbd7b75a175b66851910269a77c3f53d4634ea42e99ba2c6bf2df8792d7e00) in 0.006s. Peers: 3","throwable":""}
{"timestamp":"2025-07-25T11:43:32,534","container":"71351656b7be","level":"INFO","thread":"EthScheduler-Workers-0","class":"BlockPropagationManager","message":"Imported 1 pending blocks: [94]","throwable":""}
{"timestamp":"2025-07-25T11:43:39,756","container":"71351656b7be","level":"INFO","thread":"EthScheduler-Workers-0","class":"TimestampBoundedByFutureParameter","message":"Invalid block header: timestamp 1753443821 is greater than the timestamp margin 1753443820","throwable":""}
{"timestamp":"2025-07-25T11:43:39,757","container":"71351656b7be","level":"WARN","thread":"EthScheduler-Workers-0","class":"BlockPropagationManager","message":"Added to bad block manager for invalid header, failed to import announced block 95 (0xbddc49d1cfa04e02de1f76012c512d359e2ee9c76e9f0fb0123e161e904df336)","throwable":""}
{"timestamp":"2025-07-25T11:43:39,759","container":"71351656b7be","level":"INFO","thread":"EthScheduler-Workers-0","class":"TimestampBoundedByFutureParameter","message":"Invalid block header: timestamp 1753443821 is greater than the timestamp margin 1753443820","throwable":""}
{"timestamp":"2025-07-25T11:43:39,759","container":"71351656b7be","level":"WARN","thread":"EthScheduler-Workers-0","class":"BlockPropagationManager","message":"Added to bad block manager for invalid header, failed to import announced block 95 (0xbddc49d1cfa04e02de1f76012c512d359e2ee9c76e9f0fb0123e161e904df336)","throwable":""}
{"timestamp":"2025-07-25T11:43:52,525","container":"71351656b7be","level":"INFO","thread":"nioEventLoopGroup-3-7","class":"BlockPropagationManager","message":"Saved announced block for future import 96 (0x3e7d9cb1e33760b5501cac5c7a079f219bdb46190be9684de9944eefae598e79) - 1 saved block(s)","throwable":""}
{"timestamp":"2025-07-25T11:43:52,526","container":"71351656b7be","level":"INFO","thread":"nioEventLoopGroup-3-7","class":"BlockPropagationManager","message":"Retrieving parent 0xbddc49d1cfa04e02de1f76012c512d359e2ee9c76e9f0fb0123e161e904df336 of block 96 (0x3e7d9cb1e33760b5501cac5c7a079f219bdb46190be9684de9944eefae598e79)","throwable":""}
{"timestamp":"2025-07-25T11:43:52,537","container":"71351656b7be","level":"INFO","thread":"EthScheduler-Workers-0","class":"PersistBlockTask","message":"Imported #95 / 0 tx / 0 om / 0 (0.0%) gas / (0xbddc49d1cfa04e02de1f76012c512d359e2ee9c76e9f0fb0123e161e904df336) in 0.002s. Peers: 3","throwable":""}
{"timestamp":"2025-07-25T11:43:52,545","container":"71351656b7be","level":"INFO","thread":"EthScheduler-Workers-0","class":"PersistBlockTask","message":"Imported #96 / 0 tx / 0 om / 0 (0.0%) gas / (0x3e7d9cb1e33760b5501cac5c7a079f219bdb46190be9684de9944eefae598e79) in 0.006s. Peers: 3","throwable":""}
{"timestamp":"2025-07-25T11:43:52,549","container":"71351656b7be","level":"INFO","thread":"EthScheduler-Workers-0","class":"BlockPropagationManager","message":"Imported 1 pending blocks: [96]","throwable":""}
{"timestamp":"2025-07-25T11:43:57,018","container":"71351656b7be","level":"INFO","thread":"EthScheduler-Workers-0","class":"PersistBlockTask","message":"Imported #97 / 0 tx / 0 om / 0 (0.0%) gas / (0x6f77ad5f56e87c17f769ed3671ca67e909e1d0629cff46260eec0acfbb8ea181) in 0.001s. Peers: 3","throwable":""}
{"timestamp":"2025-07-25T11:44:03,740","container":"71351656b7be","level":"INFO","thread":"EthScheduler-Workers-0","class":"TimestampBoundedByFutureParameter","message":"Invalid block header: timestamp 1753443845 is greater than the timestamp margin 1753443844","throwable":""}
{"timestamp":"2025-07-25T11:44:03,741","container":"71351656b7be","level":"WARN","thread":"EthScheduler-Workers-0","class":"BlockPropagationManager","message":"Added to bad block manager for invalid header, failed to import announced block 98 (0x3c0e9a1633dd1a221affccbcef7050be1c01ae68e9ab93e3813551a27c2adf99)","throwable":""}
{"timestamp":"2025-07-25T11:44:03,742","container":"71351656b7be","level":"INFO","thread":"EthScheduler-Workers-0","class":"TimestampBoundedByFutureParameter","message":"Invalid block header: timestamp 1753443845 is greater than the timestamp margin 1753443844","throwable":""}
{"timestamp":"2025-07-25T11:44:03,743","container":"71351656b7be","level":"WARN","thread":"EthScheduler-Workers-0","class":"BlockPropagationManager","message":"Added to bad block manager for invalid header, failed to import announced block 98 (0x3c0e9a1633dd1a221affccbcef7050be1c01ae68e9ab93e3813551a27c2adf99)","throwable":""}
{"timestamp":"2025-07-25T11:44:12,573","container":"71351656b7be","level":"INFO","thread":"nioEventLoopGroup-3-7","class":"BlockPropagationManager","message":"Saved announced block for future import 99 (0x9f7f5a015b07112c1079d77c4d69c0f7cb890f3365b34d837b9f942011a1b9e3) - 1 saved block(s)","throwable":""}
{"timestamp":"2025-07-25T11:44:12,574","container":"71351656b7be","level":"INFO","thread":"nioEventLoopGroup-3-7","class":"BlockPropagationManager","message":"Retrieving parent 0x3c0e9a1633dd1a221affccbcef7050be1c01ae68e9ab93e3813551a27c2adf99 of block 99 (0x9f7f5a015b07112c1079d77c4d69c0f7cb890f3365b34d837b9f942011a1b9e3)","throwable":""}
{"timestamp":"2025-07-25T11:44:12,593","container":"71351656b7be","level":"INFO","thread":"EthScheduler-Workers-0","class":"PersistBlockTask","message":"Imported #98 / 0 tx / 0 om / 0 (0.0%) gas / (0x3c0e9a1633dd1a221affccbcef7050be1c01ae68e9ab93e3813551a27c2adf99) in 0.003s. Peers: 3","throwable":""}
{"timestamp":"2025-07-25T11:44:12,601","container":"71351656b7be","level":"INFO","thread":"EthScheduler-Workers-0","class":"PersistBlockTask","message":"Imported #99 / 0 tx / 0 om / 0 (0.0%) gas / (0x9f7f5a015b07112c1079d77c4d69c0f7cb890f3365b34d837b9f942011a1b9e3) in 0.006s. Peers: 3","throwable":""}
{"timestamp":"2025-07-25T11:44:12,603","container":"71351656b7be","level":"INFO","thread":"EthScheduler-Workers-0","class":"BlockPropagationManager","message":"Imported 1 pending blocks: [99]","throwable":""}
{"timestamp":"2025-07-25T11:44:19,755","container":"71351656b7be","level":"INFO","thread":"EthScheduler-Workers-0","class":"TimestampBoundedByFutureParameter","message":"Invalid block header: timestamp 1753443861 is greater than the timestamp margin 1753443860","throwable":""}
{"timestamp":"2025-07-25T11:44:19,755","container":"71351656b7be","level":"WARN","thread":"EthScheduler-Workers-0","class":"BlockPropagationManager","message":"Added to bad block manager for invalid header, failed to import announced block 100 (0xfd929b20786bea52f3365e85a1a168c2b5434fdf0b264153736df9ded44f59d3)","throwable":""}
{"timestamp":"2025-07-25T11:44:42,611","container":"71351656b7be","level":"INFO","thread":"nioEventLoopGroup-3-8","class":"BlockPropagationManager","message":"Saved announced block for future import 101 (0x5e5bc7c66478b77935b19028d221085409bfc0619d27f3a11ffb2b601e73ea0f) - 1 saved block(s)","throwable":""}
{"timestamp":"2025-07-25T11:44:42,612","container":"71351656b7be","level":"INFO","thread":"nioEventLoopGroup-3-8","class":"BlockPropagationManager","message":"Retrieving parent 0xfd929b20786bea52f3365e85a1a168c2b5434fdf0b264153736df9ded44f59d3 of block 101 (0x5e5bc7c66478b77935b19028d221085409bfc0619d27f3a11ffb2b601e73ea0f)","throwable":""}
{"timestamp":"2025-07-25T11:44:42,626","container":"71351656b7be","level":"INFO","thread":"EthScheduler-Workers-0","class":"PersistBlockTask","message":"Imported #100 / 0 tx / 0 om / 0 (0.0%) gas / (0xfd929b20786bea52f3365e85a1a168c2b5434fdf0b264153736df9ded44f59d3) in 0.003s. Peers: 3","throwable":""}
{"timestamp":"2025-07-25T11:44:42,633","container":"71351656b7be","level":"INFO","thread":"EthScheduler-Workers-0","class":"PersistBlockTask","message":"Imported #101 / 0 tx / 0 om / 0 (0.0%) gas / (0x5e5bc7c66478b77935b19028d221085409bfc0619d27f3a11ffb2b601e73ea0f) in 0.005s. Peers: 3","throwable":""}
{"timestamp":"2025-07-25T11:44:42,633","container":"71351656b7be","level":"INFO","thread":"EthScheduler-Workers-0","class":"BlockPropagationManager","message":"Imported 1 pending blocks: [101]","throwable":""}
{"timestamp":"2025-07-25T11:44:49,768","container":"71351656b7be","level":"INFO","thread":"EthScheduler-Workers-0","class":"TimestampBoundedByFutureParameter","message":"Invalid block header: timestamp 1753443891 is greater than the timestamp margin 1753443890","throwable":""}
{"timestamp":"2025-07-25T11:44:49,776","container":"71351656b7be","level":"WARN","thread":"EthScheduler-Workers-0","class":"BlockPropagationManager","message":"Added to bad block manager for invalid header, failed to import announced block 102 (0x204908782451546e1a91e0a26d37ac69dd3f41e24cb4a7aacc04640bf4b21cf4)","throwable":""}
{"timestamp":"2025-07-25T11:45:02,626","container":"71351656b7be","level":"INFO","thread":"nioEventLoopGroup-3-8","class":"BlockPropagationManager","message":"Saved announced block for future import 103 (0x88226c71096722f22072c485a8469e124733c98fccad9831c65f279e21c01c57) - 1 saved block(s)","throwable":""}
{"timestamp":"2025-07-25T11:45:02,626","container":"71351656b7be","level":"INFO","thread":"nioEventLoopGroup-3-8","class":"BlockPropagationManager","message":"Retrieving parent 0x204908782451546e1a91e0a26d37ac69dd3f41e24cb4a7aacc04640bf4b21cf4 of block 103 (0x88226c71096722f22072c485a8469e124733c98fccad9831c65f279e21c01c57)","throwable":""}
{"timestamp":"2025-07-25T11:45:02,653","container":"71351656b7be","level":"INFO","thread":"EthScheduler-Workers-0","class":"PersistBlockTask","message":"Imported #102 / 0 tx / 0 om / 0 (0.0%) gas / (0x204908782451546e1a91e0a26d37ac69dd3f41e24cb4a7aacc04640bf4b21cf4) in 0.006s. Peers: 3","throwable":""}
{"timestamp":"2025-07-25T11:45:02,664","container":"71351656b7be","level":"INFO","thread":"EthScheduler-Workers-0","class":"PersistBlockTask","message":"Imported #103 / 0 tx / 0 om / 0 (0.0%) gas / (0x88226c71096722f22072c485a8469e124733c98fccad9831c65f279e21c01c57) in 0.005s. Peers: 3","throwable":""}
{"timestamp":"2025-07-25T11:45:02,664","container":"71351656b7be","level":"INFO","thread":"EthScheduler-Workers-0","class":"BlockPropagationManager","message":"Imported 1 pending blocks: [103]","throwable":""}
{"timestamp":"2025-07-25T11:45:07,055","container":"71351656b7be","level":"INFO","thread":"EthScheduler-Workers-0","class":"PersistBlockTask","message":"Imported #104 / 0 tx / 0 om / 0 (0.0%) gas / (0x7bfedf7da569c6127dfed633ba6a1c96fe1f3e7960313a53d244176b55465a96) in 0.003s. Peers: 3","throwable":""}
{"timestamp":"2025-07-25T11:45:13,779","container":"71351656b7be","level":"INFO","thread":"EthScheduler-Workers-0","class":"TimestampBoundedByFutureParameter","message":"Invalid block header: timestamp 1753443915 is greater than the timestamp margin 1753443914","throwable":""}
{"timestamp":"2025-07-25T11:45:13,779","container":"71351656b7be","level":"WARN","thread":"EthScheduler-Workers-0","class":"BlockPropagationManager","message":"Added to bad block manager for invalid header, failed to import announced block 105 (0x7cdf4065cac962ab9c3f8eb6986bf1a085c7c14cbc108f755edff7847bd9ba97)","throwable":""}
{"timestamp":"2025-07-25T11:45:22,666","container":"71351656b7be","level":"INFO","thread":"nioEventLoopGroup-3-2","class":"BlockPropagationManager","message":"Saved announced block for future import 106 (0xd04537c5ebe66f9fb8621fd1e210296821dfdb980b3f3813c2ebd4328260aa7c) - 1 saved block(s)","throwable":""}
{"timestamp":"2025-07-25T11:45:22,667","container":"71351656b7be","level":"INFO","thread":"nioEventLoopGroup-3-2","class":"BlockPropagationManager","message":"Retrieving parent 0x7cdf4065cac962ab9c3f8eb6986bf1a085c7c14cbc108f755edff7847bd9ba97 of block 106 (0xd04537c5ebe66f9fb8621fd1e210296821dfdb980b3f3813c2ebd4328260aa7c)","throwable":""}
{"timestamp":"2025-07-25T11:45:22,678","container":"71351656b7be","level":"INFO","thread":"EthScheduler-Workers-0","class":"PersistBlockTask","message":"Imported #105 / 0 tx / 0 om / 0 (0.0%) gas / (0x7cdf4065cac962ab9c3f8eb6986bf1a085c7c14cbc108f755edff7847bd9ba97) in 0.003s. Peers: 3","throwable":""}
{"timestamp":"2025-07-25T11:45:22,688","container":"71351656b7be","level":"INFO","thread":"EthScheduler-Workers-0","class":"PersistBlockTask","message":"Imported #106 / 0 tx / 0 om / 0 (0.0%) gas / (0xd04537c5ebe66f9fb8621fd1e210296821dfdb980b3f3813c2ebd4328260aa7c) in 0.007s. Peers: 3","throwable":""}
{"timestamp":"2025-07-25T11:45:22,688","container":"71351656b7be","level":"INFO","thread":"EthScheduler-Workers-0","class":"BlockPropagationManager","message":"Imported 1 pending blocks: [106]","throwable":""}
{"timestamp":"2025-07-25T11:45:29,783","container":"71351656b7be","level":"INFO","thread":"EthScheduler-Workers-0","class":"TimestampBoundedByFutureParameter","message":"Invalid block header: timestamp 1753443931 is greater than the timestamp margin 1753443930","throwable":""}
{"timestamp":"2025-07-25T11:45:29,784","container":"71351656b7be","level":"WARN","thread":"EthScheduler-Workers-0","class":"BlockPropagationManager","message":"Added to bad block manager for invalid header, failed to import announced block 107 (0x9eb256e5d9e2bf92fa458acf718e4c773f6053a0241b2a306c81402e485b73ef)","throwable":""}
{"timestamp":"2025-07-25T11:45:52,723","container":"71351656b7be","level":"INFO","thread":"nioEventLoopGroup-3-2","class":"BlockPropagationManager","message":"Saved announced block for future import 108 (0x8994b33880e2bf550f4280dd89e1b9b7519f0d81393b93eda11bd7f522b1fdd2) - 1 saved block(s)","throwable":""}
{"timestamp":"2025-07-25T11:45:52,724","container":"71351656b7be","level":"INFO","thread":"nioEventLoopGroup-3-2","class":"BlockPropagationManager","message":"Retrieving parent 0x9eb256e5d9e2bf92fa458acf718e4c773f6053a0241b2a306c81402e485b73ef of block 108 (0x8994b33880e2bf550f4280dd89e1b9b7519f0d81393b93eda11bd7f522b1fdd2)","throwable":""}
{"timestamp":"2025-07-25T11:45:52,739","container":"71351656b7be","level":"INFO","thread":"EthScheduler-Workers-0","class":"PersistBlockTask","message":"Imported #107 / 0 tx / 0 om / 0 (0.0%) gas / (0x9eb256e5d9e2bf92fa458acf718e4c773f6053a0241b2a306c81402e485b73ef) in 0.004s. Peers: 3","throwable":""}
{"timestamp":"2025-07-25T11:45:52,748","container":"71351656b7be","level":"INFO","thread":"EthScheduler-Workers-0","class":"PersistBlockTask","message":"Imported #108 / 0 tx / 0 om / 0 (0.0%) gas / (0x8994b33880e2bf550f4280dd89e1b9b7519f0d81393b93eda11bd7f522b1fdd2) in 0.007s. Peers: 3","throwable":""}
{"timestamp":"2025-07-25T11:45:52,748","container":"71351656b7be","level":"INFO","thread":"EthScheduler-Workers-0","class":"BlockPropagationManager","message":"Imported 1 pending blocks: [108]","throwable":""}
{"timestamp":"2025-07-25T11:45:59,805","container":"71351656b7be","level":"INFO","thread":"EthScheduler-Workers-0","class":"TimestampBoundedByFutureParameter","message":"Invalid block header: timestamp 1753443961 is greater than the timestamp margin 1753443960","throwable":""}
{"timestamp":"2025-07-25T11:45:59,806","container":"71351656b7be","level":"WARN","thread":"EthScheduler-Workers-0","class":"BlockPropagationManager","message":"Added to bad block manager for invalid header, failed to import announced block 109 (0xca3701dbb4d15340832f46055ac12603caa7911f10010c36d7c462cc4dc10fb9)","throwable":""}
{"timestamp":"2025-07-25T11:46:12,753","container":"71351656b7be","level":"INFO","thread":"nioEventLoopGroup-3-2","class":"BlockPropagationManager","message":"Saved announced block for future import 110 (0x2779d196eeccd671909c80459264ba5ef49965eabe579b8e18771ebcd615d9ca) - 1 saved block(s)","throwable":""}
{"timestamp":"2025-07-25T11:46:12,753","container":"71351656b7be","level":"INFO","thread":"nioEventLoopGroup-3-2","class":"BlockPropagationManager","message":"Retrieving parent 0xca3701dbb4d15340832f46055ac12603caa7911f10010c36d7c462cc4dc10fb9 of block 110 (0x2779d196eeccd671909c80459264ba5ef49965eabe579b8e18771ebcd615d9ca)","throwable":""}
{"timestamp":"2025-07-25T11:46:12,763","container":"71351656b7be","level":"INFO","thread":"EthScheduler-Workers-0","class":"PersistBlockTask","message":"Imported #109 / 0 tx / 0 om / 0 (0.0%) gas / (0xca3701dbb4d15340832f46055ac12603caa7911f10010c36d7c462cc4dc10fb9) in 0.002s. Peers: 3","throwable":""}
{"timestamp":"2025-07-25T11:46:12,769","container":"71351656b7be","level":"INFO","thread":"EthScheduler-Workers-0","class":"PersistBlockTask","message":"Imported #110 / 0 tx / 0 om / 0 (0.0%) gas / (0x2779d196eeccd671909c80459264ba5ef49965eabe579b8e18771ebcd615d9ca) in 0.005s. Peers: 3","throwable":""}
{"timestamp":"2025-07-25T11:46:12,770","container":"71351656b7be","level":"INFO","thread":"EthScheduler-Workers-0","class":"BlockPropagationManager","message":"Imported 1 pending blocks: [110]","throwable":""}
{"timestamp":"2025-07-25T11:46:17,044","container":"71351656b7be","level":"INFO","thread":"EthScheduler-Workers-0","class":"PersistBlockTask","message":"Imported #111 / 0 tx / 0 om / 0 (0.0%) gas / (0x11f221275ac3bdd81e0a811de075523c81e0da02ac4f0095673135840eadae23) in 0.006s. Peers: 3","throwable":""}
{"timestamp":"2025-07-25T11:46:23,811","container":"71351656b7be","level":"INFO","thread":"EthScheduler-Workers-0","class":"TimestampBoundedByFutureParameter","message":"Invalid block header: timestamp 1753443985 is greater than the timestamp margin 1753443984","throwable":""}
{"timestamp":"2025-07-25T11:46:23,812","container":"71351656b7be","level":"WARN","thread":"EthScheduler-Workers-0","class":"BlockPropagationManager","message":"Added to bad block manager for invalid header, failed to import announced block 112 (0xbe2e1d723a1cd09422fb6a418ec6b78150ad98508c0f0516bb5511b8f726de40)","throwable":""}
{"timestamp":"2025-07-25T11:46:32,807","container":"71351656b7be","level":"INFO","thread":"nioEventLoopGroup-3-7","class":"BlockPropagationManager","message":"Saved announced block for future import 113 (0x2a8d6eeb8bb604427d447f8468286597dbbb80aa76d8cc8f00bf9b19fe954632) - 1 saved block(s)","throwable":""}
{"timestamp":"2025-07-25T11:46:32,808","container":"71351656b7be","level":"INFO","thread":"nioEventLoopGroup-3-7","class":"BlockPropagationManager","message":"Retrieving parent 0xbe2e1d723a1cd09422fb6a418ec6b78150ad98508c0f0516bb5511b8f726de40 of block 113 (0x2a8d6eeb8bb604427d447f8468286597dbbb80aa76d8cc8f00bf9b19fe954632)","throwable":""}
{"timestamp":"2025-07-25T11:46:32,839","container":"71351656b7be","level":"INFO","thread":"EthScheduler-Workers-0","class":"PersistBlockTask","message":"Imported #112 / 0 tx / 0 om / 0 (0.0%) gas / (0xbe2e1d723a1cd09422fb6a418ec6b78150ad98508c0f0516bb5511b8f726de40) in 0.003s. Peers: 3","throwable":""}
{"timestamp":"2025-07-25T11:46:32,848","container":"71351656b7be","level":"INFO","thread":"EthScheduler-Workers-0","class":"PersistBlockTask","message":"Imported #113 / 0 tx / 0 om / 0 (0.0%) gas / (0x2a8d6eeb8bb604427d447f8468286597dbbb80aa76d8cc8f00bf9b19fe954632) in 0.007s. Peers: 3","throwable":""}
{"timestamp":"2025-07-25T11:46:32,849","container":"71351656b7be","level":"INFO","thread":"EthScheduler-Workers-0","class":"BlockPropagationManager","message":"Imported 1 pending blocks: [113]","throwable":""}
{"timestamp":"2025-07-25T11:46:39,822","container":"71351656b7be","level":"INFO","thread":"EthScheduler-Workers-0","class":"TimestampBoundedByFutureParameter","message":"Invalid block header: timestamp 1753444001 is greater than the timestamp margin 1753444000","throwable":""}
{"timestamp":"2025-07-25T11:46:39,822","container":"71351656b7be","level":"WARN","thread":"EthScheduler-Workers-0","class":"BlockPropagationManager","message":"Added to bad block manager for invalid header, failed to import announced block 114 (0x1533bdef53746129ff101b6796fe0f16326c009470bc0536a1e08fa6315f2ff0)","throwable":""}
{"timestamp":"2025-07-25T11:47:02,854","container":"71351656b7be","level":"INFO","thread":"nioEventLoopGroup-3-2","class":"BlockPropagationManager","message":"Saved announced block for future import 115 (0x7f94801768e3132319f79004ca2e2983ccb6770005ae61a57a28c602c89c65b4) - 1 saved block(s)","throwable":""}
{"timestamp":"2025-07-25T11:47:02,854","container":"71351656b7be","level":"INFO","thread":"nioEventLoopGroup-3-2","class":"BlockPropagationManager","message":"Retrieving parent 0x1533bdef53746129ff101b6796fe0f16326c009470bc0536a1e08fa6315f2ff0 of block 115 (0x7f94801768e3132319f79004ca2e2983ccb6770005ae61a57a28c602c89c65b4)","throwable":""}
{"timestamp":"2025-07-25T11:47:02,868","container":"71351656b7be","level":"INFO","thread":"EthScheduler-Workers-0","class":"PersistBlockTask","message":"Imported #114 / 0 tx / 0 om / 0 (0.0%) gas / (0x1533bdef53746129ff101b6796fe0f16326c009470bc0536a1e08fa6315f2ff0) in 0.005s. Peers: 3","throwable":""}
{"timestamp":"2025-07-25T11:47:02,871","container":"71351656b7be","level":"INFO","thread":"EthScheduler-Workers-0","class":"TimestampBoundedByFutureParameter","message":"Invalid block header: timestamp 1753444024 is greater than the timestamp margin 1753444023","throwable":""}
{"timestamp":"2025-07-25T11:47:02,871","container":"71351656b7be","level":"INFO","thread":"EthScheduler-Workers-0","class":"MainnetBlockValidator","message":"Invalid block 115 (0x7f94801768e3132319f79004ca2e2983ccb6770005ae61a57a28c602c89c65b4): Optional[header validation rule violated, see logs]","throwable":""}
{"timestamp":"2025-07-25T11:47:02,872","container":"71351656b7be","level":"ERROR","thread":"EthScheduler-Workers-0","class":"BlockPropagationManager","message":"Error importing pending blocks","throwable":" org.hyperledger.besu.ethereum.eth.sync.tasks.exceptions.InvalidBlockException: Failed to import block: Invalid block at #115 (0x7f94801768e3132319f79004ca2e2983ccb6770005ae61a57a28c602c89c65b4)\n\tat org.hyperledger.besu.ethereum.eth.sync.tasks.PersistBlockTask.executeTask(PersistBlockTask.java:207)\n\tat org.hyperledger.besu.ethereum.eth.manager.task.AbstractEthTask.executeTaskTimed(AbstractEthTask.java:150)\n\tat org.hyperledger.besu.ethereum.eth.manager.task.AbstractEthTask.run(AbstractEthTask.java:75)\n\tat org.hyperledger.besu.ethereum.eth.sync.tasks.PersistBlockTask.lambda$forUnorderedBlocks$8(PersistBlockTask.java:164)\n\tat org.hyperledger.besu.util.FutureUtils.propagateResult(FutureUtils.java:98)\n\tat org.hyperledger.besu.ethereum.eth.manager.EthScheduler.lambda$scheduleSyncWorkerTask$0(EthScheduler.java:110)\n\tat java.base/java.util.concurrent.Executors$RunnableAdapter.call(Executors.java:539)\n\tat java.base/java.util.concurrent.FutureTask.run(FutureTask.java:264)\n\tat java.base/java.util.concurrent.ThreadPoolExecutor.runWorker(ThreadPoolExecutor.java:1136)\n\tat java.base/java.util.concurrent.ThreadPoolExecutor$Worker.run(ThreadPoolExecutor.java:635)\n\tat java.base/java.lang.Thread.run(Thread.java:833)\n"}
{"timestamp":"2025-07-25T11:47:12,873","container":"71351656b7be","level":"INFO","thread":"nioEventLoopGroup-3-8","class":"BlockPropagationManager","message":"Saved announced block for future import 116 (0x46130ea1389da46369c8c031dc29f8305b31e6e06a718786f6204d292c3d639f) - 2 saved block(s)","throwable":""}
{"timestamp":"2025-07-25T11:47:12,874","container":"71351656b7be","level":"INFO","thread":"EthScheduler-Workers-0","class":"MainnetBlockValidator","message":"Invalid block 116 (0x46130ea1389da46369c8c031dc29f8305b31e6e06a718786f6204d292c3d639f): Optional[Parent block with hash 0x7f94801768e3132319f79004ca2e2983ccb6770005ae61a57a28c602c89c65b4 not present]","throwable":""}
{"timestamp":"2025-07-25T11:47:12,876","container":"71351656b7be","level":"ERROR","thread":"nioEventLoopGroup-3-8","class":"BlockPropagationManager","message":"Error importing pending blocks","throwable":" org.hyperledger.besu.ethereum.eth.sync.tasks.exceptions.InvalidBlockException: Failed to import block: Invalid block at #116 (0x46130ea1389da46369c8c031dc29f8305b31e6e06a718786f6204d292c3d639f)\n\tat org.hyperledger.besu.ethereum.eth.sync.tasks.PersistBlockTask.executeTask(PersistBlockTask.java:207)\n\tat org.hyperledger.besu.ethereum.eth.manager.task.AbstractEthTask.executeTaskTimed(AbstractEthTask.java:150)\n\tat org.hyperledger.besu.ethereum.eth.manager.task.AbstractEthTask.run(AbstractEthTask.java:75)\n\tat org.hyperledger.besu.ethereum.eth.sync.tasks.PersistBlockTask.lambda$forUnorderedBlocks$8(PersistBlockTask.java:164)\n\tat org.hyperledger.besu.util.FutureUtils.propagateResult(FutureUtils.java:98)\n\tat org.hyperledger.besu.ethereum.eth.manager.EthScheduler.lambda$scheduleSyncWorkerTask$0(EthScheduler.java:110)\n\tat java.base/java.util.concurrent.Executors$RunnableAdapter.call(Executors.java:539)\n\tat java.base/java.util.concurrent.FutureTask.run(FutureTask.java:264)\n\tat java.base/java.util.concurrent.ThreadPoolExecutor.runWorker(ThreadPoolExecutor.java:1136)\n\tat java.base/java.util.concurrent.ThreadPoolExecutor$Worker.run(ThreadPoolExecutor.java:635)\n\tat java.base/java.lang.Thread.run(Thread.java:833)\n"}
{"timestamp":"2025-07-25T11:47:13,704","container":"71351656b7be","level":"INFO","thread":"EthScheduler-Workers-0","class":"PersistBlockTask","message":"Block 116 (0x46130ea1389da46369c8c031dc29f8305b31e6e06a718786f6204d292c3d639f) is already imported","throwable":""}
{"timestamp":"2025-07-25T11:47:13,705","container":"71351656b7be","level":"INFO","thread":"EthScheduler-Workers-0","class":"BlockPropagationManager","message":"Imported 1 pending blocks: [116]","throwable":""}
{"timestamp":"2025-07-25T11:47:18,851","container":"71351656b7be","level":"INFO","thread":"EthScheduler-Workers-0","class":"TimestampBoundedByFutureParameter","message":"Invalid block header: timestamp 1753444040 is greater than the timestamp margin 1753444039","throwable":""}
{"timestamp":"2025-07-25T11:47:18,851","container":"71351656b7be","level":"WARN","thread":"EthScheduler-Workers-0","class":"BlockPropagationManager","message":"Added to bad block manager for invalid header, failed to import announced block 117 (0x3f683623535550e0f19a9dc68cc4c0e548542762a77b0539b1f4456200516b38)","throwable":""}
{"timestamp":"2025-07-25T11:47:37,924","container":"71351656b7be","level":"INFO","thread":"nioEventLoopGroup-3-2","class":"BlockPropagationManager","message":"Saved announced block for future import 118 (0xc2e84abaaaf6e0cc4d33cc9fd8fceb2b7a2bd5af43a9304d58c8470ae7eadaac) - 1 saved block(s)","throwable":""}
{"timestamp":"2025-07-25T11:47:37,925","container":"71351656b7be","level":"INFO","thread":"nioEventLoopGroup-3-2","class":"BlockPropagationManager","message":"Retrieving parent 0x3f683623535550e0f19a9dc68cc4c0e548542762a77b0539b1f4456200516b38 of block 118 (0xc2e84abaaaf6e0cc4d33cc9fd8fceb2b7a2bd5af43a9304d58c8470ae7eadaac)","throwable":""}
{"timestamp":"2025-07-25T11:47:37,942","container":"71351656b7be","level":"INFO","thread":"EthScheduler-Workers-0","class":"PersistBlockTask","message":"Imported #117 / 0 tx / 0 om / 0 (0.0%) gas / (0x3f683623535550e0f19a9dc68cc4c0e548542762a77b0539b1f4456200516b38) in 0.003s. Peers: 3","throwable":""}
{"timestamp":"2025-07-25T11:47:37,944","container":"71351656b7be","level":"INFO","thread":"EthScheduler-Workers-0","class":"TimestampBoundedByFutureParameter","message":"Invalid block header: timestamp 1753444059 is greater than the timestamp margin 1753444058","throwable":""}
{"timestamp":"2025-07-25T11:47:37,945","container":"71351656b7be","level":"INFO","thread":"EthScheduler-Workers-0","class":"MainnetBlockValidator","message":"Invalid block 118 (0xc2e84abaaaf6e0cc4d33cc9fd8fceb2b7a2bd5af43a9304d58c8470ae7eadaac): Optional[header validation rule violated, see logs]","throwable":""}
{"timestamp":"2025-07-25T11:47:37,945","container":"71351656b7be","level":"ERROR","thread":"EthScheduler-Workers-0","class":"BlockPropagationManager","message":"Error importing pending blocks","throwable":" org.hyperledger.besu.ethereum.eth.sync.tasks.exceptions.InvalidBlockException: Failed to import block: Invalid block at #118 (0xc2e84abaaaf6e0cc4d33cc9fd8fceb2b7a2bd5af43a9304d58c8470ae7eadaac)\n\tat org.hyperledger.besu.ethereum.eth.sync.tasks.PersistBlockTask.executeTask(PersistBlockTask.java:207)\n\tat org.hyperledger.besu.ethereum.eth.manager.task.AbstractEthTask.executeTaskTimed(AbstractEthTask.java:150)\n\tat org.hyperledger.besu.ethereum.eth.manager.task.AbstractEthTask.run(AbstractEthTask.java:75)\n\tat org.hyperledger.besu.ethereum.eth.sync.tasks.PersistBlockTask.lambda$forUnorderedBlocks$8(PersistBlockTask.java:164)\n\tat org.hyperledger.besu.util.FutureUtils.propagateResult(FutureUtils.java:98)\n\tat org.hyperledger.besu.ethereum.eth.manager.EthScheduler.lambda$scheduleSyncWorkerTask$0(EthScheduler.java:110)\n\tat java.base/java.util.concurrent.Executors$RunnableAdapter.call(Executors.java:539)\n\tat java.base/java.util.concurrent.FutureTask.run(FutureTask.java:264)\n\tat java.base/java.util.concurrent.ThreadPoolExecutor.runWorker(ThreadPoolExecutor.java:1136)\n\tat java.base/java.util.concurrent.ThreadPoolExecutor$Worker.run(ThreadPoolExecutor.java:635)\n\tat java.base/java.lang.Thread.run(Thread.java:833)\n"}
{"timestamp":"2025-07-25T11:47:47,945","container":"71351656b7be","level":"INFO","thread":"nioEventLoopGroup-3-2","class":"BlockPropagationManager","message":"Saved announced block for future import 119 (0x79ff49148833b0e123b18c713288697bd627ff3e22c5648eb6fea339a98ed139) - 2 saved block(s)","throwable":""}
{"timestamp":"2025-07-25T11:47:47,947","container":"71351656b7be","level":"INFO","thread":"EthScheduler-Workers-0","class":"MainnetBlockValidator","message":"Invalid block 119 (0x79ff49148833b0e123b18c713288697bd627ff3e22c5648eb6fea339a98ed139): Optional[Parent block with hash 0xc2e84abaaaf6e0cc4d33cc9fd8fceb2b7a2bd5af43a9304d58c8470ae7eadaac not present]","throwable":""}
{"timestamp":"2025-07-25T11:47:47,948","container":"71351656b7be","level":"ERROR","thread":"EthScheduler-Workers-0","class":"BlockPropagationManager","message":"Error importing pending blocks","throwable":" org.hyperledger.besu.ethereum.eth.sync.tasks.exceptions.InvalidBlockException: Failed to import block: Invalid block at #119 (0x79ff49148833b0e123b18c713288697bd627ff3e22c5648eb6fea339a98ed139)\n\tat org.hyperledger.besu.ethereum.eth.sync.tasks.PersistBlockTask.executeTask(PersistBlockTask.java:207)\n\tat org.hyperledger.besu.ethereum.eth.manager.task.AbstractEthTask.executeTaskTimed(AbstractEthTask.java:150)\n\tat org.hyperledger.besu.ethereum.eth.manager.task.AbstractEthTask.run(AbstractEthTask.java:75)\n\tat org.hyperledger.besu.ethereum.eth.sync.tasks.PersistBlockTask.lambda$forUnorderedBlocks$8(PersistBlockTask.java:164)\n\tat org.hyperledger.besu.util.FutureUtils.propagateResult(FutureUtils.java:98)\n\tat org.hyperledger.besu.ethereum.eth.manager.EthScheduler.lambda$scheduleSyncWorkerTask$0(EthScheduler.java:110)\n\tat java.base/java.util.concurrent.Executors$RunnableAdapter.call(Executors.java:539)\n\tat java.base/java.util.concurrent.FutureTask.run(FutureTask.java:264)\n\tat java.base/java.util.concurrent.ThreadPoolExecutor.runWorker(ThreadPoolExecutor.java:1136)\n\tat java.base/java.util.concurrent.ThreadPoolExecutor$Worker.run(ThreadPoolExecutor.java:635)\n\tat java.base/java.lang.Thread.run(Thread.java:833)\n"}
{"timestamp":"2025-07-25T11:47:48,767","container":"71351656b7be","level":"INFO","thread":"EthScheduler-Workers-0","class":"PersistBlockTask","message":"Block 119 (0x79ff49148833b0e123b18c713288697bd627ff3e22c5648eb6fea339a98ed139) is already imported","throwable":""}
{"timestamp":"2025-07-25T11:47:48,768","container":"71351656b7be","level":"INFO","thread":"EthScheduler-Workers-0","class":"BlockPropagationManager","message":"Imported 1 pending blocks: [119]","throwable":""}
{"timestamp":"2025-07-25T11:47:53,858","container":"71351656b7be","level":"INFO","thread":"EthScheduler-Workers-0","class":"TimestampBoundedByFutureParameter","message":"Invalid block header: timestamp 1753444075 is greater than the timestamp margin 1753444074","throwable":""}
{"timestamp":"2025-07-25T11:47:53,859","container":"71351656b7be","level":"WARN","thread":"EthScheduler-Workers-0","class":"BlockPropagationManager","message":"Added to bad block manager for invalid header, failed to import announced block 120 (0x1eef6f26a8e05884b25ad8be854b76b829896fda6cc44305fe8f5b7ad104fd42)","throwable":""}
{"timestamp":"2025-07-25T11:47:53,860","container":"71351656b7be","level":"INFO","thread":"EthScheduler-Workers-0","class":"TimestampBoundedByFutureParameter","message":"Invalid block header: timestamp 1753444075 is greater than the timestamp margin 1753444074","throwable":""}
{"timestamp":"2025-07-25T11:47:53,861","container":"71351656b7be","level":"WARN","thread":"EthScheduler-Workers-0","class":"BlockPropagationManager","message":"Added to bad block manager for invalid header, failed to import announced block 120 (0x1eef6f26a8e05884b25ad8be854b76b829896fda6cc44305fe8f5b7ad104fd42)","throwable":""}
{"timestamp":"2025-07-25T11:48:13,001","container":"71351656b7be","level":"INFO","thread":"nioEventLoopGroup-3-2","class":"BlockPropagationManager","message":"Saved announced block for future import 121 (0x17139de952f8c16be883f27c9057c40474aeced7853e337194e0c9efe5202fa7) - 1 saved block(s)","throwable":""}
{"timestamp":"2025-07-25T11:48:13,002","container":"71351656b7be","level":"INFO","thread":"nioEventLoopGroup-3-2","class":"BlockPropagationManager","message":"Retrieving parent 0x1eef6f26a8e05884b25ad8be854b76b829896fda6cc44305fe8f5b7ad104fd42 of block 121 (0x17139de952f8c16be883f27c9057c40474aeced7853e337194e0c9efe5202fa7)","throwable":""}
{"timestamp":"2025-07-25T11:48:13,017","container":"71351656b7be","level":"INFO","thread":"EthScheduler-Workers-0","class":"PersistBlockTask","message":"Imported #120 / 0 tx / 0 om / 0 (0.0%) gas / (0x1eef6f26a8e05884b25ad8be854b76b829896fda6cc44305fe8f5b7ad104fd42) in 0.003s. Peers: 3","throwable":""}
{"timestamp":"2025-07-25T11:48:13,028","container":"71351656b7be","level":"INFO","thread":"EthScheduler-Workers-0","class":"PersistBlockTask","message":"Imported #121 / 0 tx / 0 om / 0 (0.0%) gas / (0x17139de952f8c16be883f27c9057c40474aeced7853e337194e0c9efe5202fa7) in 0.007s. Peers: 3","throwable":""}
{"timestamp":"2025-07-25T11:48:13,029","container":"71351656b7be","level":"INFO","thread":"EthScheduler-Workers-0","class":"BlockPropagationManager","message":"Imported 1 pending blocks: [121]","throwable":""}
{"timestamp":"2025-07-25T11:48:20,876","container":"71351656b7be","level":"INFO","thread":"EthScheduler-Workers-0","class":"TimestampBoundedByFutureParameter","message":"Invalid block header: timestamp 1753444102 is greater than the timestamp margin 1753444101","throwable":""}
{"timestamp":"2025-07-25T11:48:20,877","container":"71351656b7be","level":"WARN","thread":"EthScheduler-Workers-0","class":"BlockPropagationManager","message":"Added to bad block manager for invalid header, failed to import announced block 122 (0xf10d75df92d1295ee2514f276ff74008b6b910269cc4d733c6c6a27dddd68af2)","throwable":""}
{"timestamp":"2025-07-25T11:48:32,999","container":"71351656b7be","level":"INFO","thread":"nioEventLoopGroup-3-8","class":"BlockPropagationManager","message":"Saved announced block for future import 123 (0xc337faa552e9711b25516830da6bc3f3d42890fbdd07174606adad0c1d9b41cd) - 1 saved block(s)","throwable":""}
{"timestamp":"2025-07-25T11:48:33,000","container":"71351656b7be","level":"INFO","thread":"nioEventLoopGroup-3-8","class":"BlockPropagationManager","message":"Retrieving parent 0xf10d75df92d1295ee2514f276ff74008b6b910269cc4d733c6c6a27dddd68af2 of block 123 (0xc337faa552e9711b25516830da6bc3f3d42890fbdd07174606adad0c1d9b41cd)","throwable":""}
{"timestamp":"2025-07-25T11:48:33,012","container":"71351656b7be","level":"INFO","thread":"EthScheduler-Workers-0","class":"PersistBlockTask","message":"Imported #122 / 0 tx / 0 om / 0 (0.0%) gas / (0xf10d75df92d1295ee2514f276ff74008b6b910269cc4d733c6c6a27dddd68af2) in 0.002s. Peers: 3","throwable":""}
{"timestamp":"2025-07-25T11:48:33,016","container":"71351656b7be","level":"INFO","thread":"EthScheduler-Workers-0","class":"PersistBlockTask","message":"Imported #123 / 0 tx / 0 om / 0 (0.0%) gas / (0xc337faa552e9711b25516830da6bc3f3d42890fbdd07174606adad0c1d9b41cd) in 0.003s. Peers: 3","throwable":""}
{"timestamp":"2025-07-25T11:48:33,017","container":"71351656b7be","level":"INFO","thread":"EthScheduler-Workers-0","class":"BlockPropagationManager","message":"Imported 1 pending blocks: [123]","throwable":""}
{"timestamp":"2025-07-25T11:48:38,032","container":"71351656b7be","level":"INFO","thread":"EthScheduler-Workers-0","class":"PersistBlockTask","message":"Imported #124 / 0 tx / 0 om / 0 (0.0%) gas / (0x8b8a0d5d875c6f14abeb1e8848319c9f65e084b666eacf6f1db4c21d57d89a11) in 0.003s. Peers: 3","throwable":""}
{"timestamp":"2025-07-25T11:48:44,885","container":"71351656b7be","level":"INFO","thread":"EthScheduler-Workers-0","class":"TimestampBoundedByFutureParameter","message":"Invalid block header: timestamp 1753444126 is greater than the timestamp margin 1753444125","throwable":""}
{"timestamp":"2025-07-25T11:48:44,886","container":"71351656b7be","level":"WARN","thread":"EthScheduler-Workers-0","class":"BlockPropagationManager","message":"Added to bad block manager for invalid header, failed to import announced block 125 (0xd2564a81dceab7af3b204a9c038b2db67b518a0f409908c0d41b4690f528fbee)","throwable":""}
{"timestamp":"2025-07-25T11:48:44,887","container":"71351656b7be","level":"INFO","thread":"EthScheduler-Workers-0","class":"TimestampBoundedByFutureParameter","message":"Invalid block header: timestamp 1753444126 is greater than the timestamp margin 1753444125","throwable":""}
{"timestamp":"2025-07-25T11:48:44,888","container":"71351656b7be","level":"WARN","thread":"EthScheduler-Workers-0","class":"BlockPropagationManager","message":"Added to bad block manager for invalid header, failed to import announced block 125 (0xd2564a81dceab7af3b204a9c038b2db67b518a0f409908c0d41b4690f528fbee)","throwable":""}
{"timestamp":"2025-07-25T11:48:53,039","container":"71351656b7be","level":"INFO","thread":"nioEventLoopGroup-3-2","class":"BlockPropagationManager","message":"Saved announced block for future import 126 (0xbb022492c2e4f6aefc7006d577aff141ea730adf83010f9eea164a671acba690) - 1 saved block(s)","throwable":""}
{"timestamp":"2025-07-25T11:48:53,039","container":"71351656b7be","level":"INFO","thread":"nioEventLoopGroup-3-2","class":"BlockPropagationManager","message":"Retrieving parent 0xd2564a81dceab7af3b204a9c038b2db67b518a0f409908c0d41b4690f528fbee of block 126 (0xbb022492c2e4f6aefc7006d577aff141ea730adf83010f9eea164a671acba690)","throwable":""}
{"timestamp":"2025-07-25T11:48:53,052","container":"71351656b7be","level":"INFO","thread":"EthScheduler-Workers-0","class":"PersistBlockTask","message":"Imported #125 / 0 tx / 0 om / 0 (0.0%) gas / (0xd2564a81dceab7af3b204a9c038b2db67b518a0f409908c0d41b4690f528fbee) in 0.002s. Peers: 3","throwable":""}
{"timestamp":"2025-07-25T11:48:53,056","container":"71351656b7be","level":"INFO","thread":"EthScheduler-Workers-0","class":"PersistBlockTask","message":"Imported #126 / 0 tx / 0 om / 0 (0.0%) gas / (0xbb022492c2e4f6aefc7006d577aff141ea730adf83010f9eea164a671acba690) in 0.003s. Peers: 3","throwable":""}
{"timestamp":"2025-07-25T11:48:53,056","container":"71351656b7be","level":"INFO","thread":"EthScheduler-Workers-0","class":"BlockPropagationManager","message":"Imported 1 pending blocks: [126]","throwable":""}
{"timestamp":"2025-07-25T11:49:00,895","container":"71351656b7be","level":"INFO","thread":"EthScheduler-Workers-0","class":"TimestampBoundedByFutureParameter","message":"Invalid block header: timestamp 1753444142 is greater than the timestamp margin 1753444141","throwable":""}
{"timestamp":"2025-07-25T11:49:00,895","container":"71351656b7be","level":"WARN","thread":"EthScheduler-Workers-0","class":"BlockPropagationManager","message":"Added to bad block manager for invalid header, failed to import announced block 127 (0xed23b29cf8b49e366ffabf2545f4761ce36504e369cdbd28dda00dbf1cfd1763)","throwable":""}
{"timestamp":"2025-07-25T11:49:00,896","container":"71351656b7be","level":"INFO","thread":"EthScheduler-Workers-0","class":"TimestampBoundedByFutureParameter","message":"Invalid block header: timestamp 1753444142 is greater than the timestamp margin 1753444141","throwable":""}
{"timestamp":"2025-07-25T11:49:00,896","container":"71351656b7be","level":"WARN","thread":"EthScheduler-Workers-0","class":"BlockPropagationManager","message":"Added to bad block manager for invalid header, failed to import announced block 127 (0xed23b29cf8b49e366ffabf2545f4761ce36504e369cdbd28dda00dbf1cfd1763)","throwable":""}
{"timestamp":"2025-07-25T11:49:23,081","container":"71351656b7be","level":"INFO","thread":"nioEventLoopGroup-3-8","class":"BlockPropagationManager","message":"Saved announced block for future import 128 (0xabe457c75e3c8d05548a85aa31638abe036b3d64b6e75f29106abe86675f9570) - 1 saved block(s)","throwable":""}
{"timestamp":"2025-07-25T11:49:23,082","container":"71351656b7be","level":"INFO","thread":"nioEventLoopGroup-3-8","class":"BlockPropagationManager","message":"Retrieving parent 0xed23b29cf8b49e366ffabf2545f4761ce36504e369cdbd28dda00dbf1cfd1763 of block 128 (0xabe457c75e3c8d05548a85aa31638abe036b3d64b6e75f29106abe86675f9570)","throwable":""}
{"timestamp":"2025-07-25T11:49:23,098","container":"71351656b7be","level":"INFO","thread":"EthScheduler-Workers-0","class":"PersistBlockTask","message":"Imported #127 / 0 tx / 0 om / 0 (0.0%) gas / (0xed23b29cf8b49e366ffabf2545f4761ce36504e369cdbd28dda00dbf1cfd1763) in 0.007s. Peers: 3","throwable":""}
{"timestamp":"2025-07-25T11:49:23,105","container":"71351656b7be","level":"INFO","thread":"EthScheduler-Workers-0","class":"PersistBlockTask","message":"Imported #128 / 0 tx / 0 om / 0 (0.0%) gas / (0xabe457c75e3c8d05548a85aa31638abe036b3d64b6e75f29106abe86675f9570) in 0.005s. Peers: 3","throwable":""}
{"timestamp":"2025-07-25T11:49:23,105","container":"71351656b7be","level":"INFO","thread":"EthScheduler-Workers-0","class":"BlockPropagationManager","message":"Imported 1 pending blocks: [128]","throwable":""}
{"timestamp":"2025-07-25T11:49:30,893","container":"71351656b7be","level":"INFO","thread":"EthScheduler-Workers-0","class":"TimestampBoundedByFutureParameter","message":"Invalid block header: timestamp 1753444172 is greater than the timestamp margin 1753444171","throwable":""}
{"timestamp":"2025-07-25T11:49:30,893","container":"71351656b7be","level":"WARN","thread":"EthScheduler-Workers-0","class":"BlockPropagationManager","message":"Added to bad block manager for invalid header, failed to import announced block 129 (0x2efe825c9202a141f8ab7b815aea5ae83504350a09db7cad1a1d5f7e9ea18832)","throwable":""}
{"timestamp":"2025-07-25T11:49:30,896","container":"71351656b7be","level":"INFO","thread":"EthScheduler-Workers-0","class":"TimestampBoundedByFutureParameter","message":"Invalid block header: timestamp 1753444172 is greater than the timestamp margin 1753444171","throwable":""}
{"timestamp":"2025-07-25T11:49:30,897","container":"71351656b7be","level":"WARN","thread":"EthScheduler-Workers-0","class":"BlockPropagationManager","message":"Added to bad block manager for invalid header, failed to import announced block 129 (0x2efe825c9202a141f8ab7b815aea5ae83504350a09db7cad1a1d5f7e9ea18832)","throwable":""}
{"timestamp":"2025-07-25T11:49:43,082","container":"71351656b7be","level":"INFO","thread":"nioEventLoopGroup-3-2","class":"BlockPropagationManager","message":"Saved announced block for future import 130 (0xaeae5c058ca45b4ebe56b0492ca32ad629e3eb9d82f27c06d9abe9c9fc23ae0c) - 1 saved block(s)","throwable":""}
{"timestamp":"2025-07-25T11:49:43,083","container":"71351656b7be","level":"INFO","thread":"nioEventLoopGroup-3-2","class":"BlockPropagationManager","message":"Retrieving parent 0x2efe825c9202a141f8ab7b815aea5ae83504350a09db7cad1a1d5f7e9ea18832 of block 130 (0xaeae5c058ca45b4ebe56b0492ca32ad629e3eb9d82f27c06d9abe9c9fc23ae0c)","throwable":""}
{"timestamp":"2025-07-25T11:49:43,091","container":"71351656b7be","level":"INFO","thread":"EthScheduler-Workers-0","class":"PersistBlockTask","message":"Imported #129 / 0 tx / 0 om / 0 (0.0%) gas / (0x2efe825c9202a141f8ab7b815aea5ae83504350a09db7cad1a1d5f7e9ea18832) in 0.003s. Peers: 3","throwable":""}
{"timestamp":"2025-07-25T11:49:43,097","container":"71351656b7be","level":"INFO","thread":"EthScheduler-Workers-0","class":"PersistBlockTask","message":"Imported #130 / 0 tx / 0 om / 0 (0.0%) gas / (0xaeae5c058ca45b4ebe56b0492ca32ad629e3eb9d82f27c06d9abe9c9fc23ae0c) in 0.003s. Peers: 3","throwable":""}
{"timestamp":"2025-07-25T11:49:43,097","container":"71351656b7be","level":"INFO","thread":"EthScheduler-Workers-0","class":"BlockPropagationManager","message":"Imported 1 pending blocks: [130]","throwable":""}
{"timestamp":"2025-07-25T11:49:48,042","container":"71351656b7be","level":"INFO","thread":"EthScheduler-Workers-0","class":"PersistBlockTask","message":"Imported #131 / 0 tx / 0 om / 0 (0.0%) gas / (0x5b81c1b4403913de7a30b9fab2fe557e0ebcbf5caaed9d212c1b4516462e1021) in 0.005s. Peers: 3","throwable":""}
{"timestamp":"2025-07-25T11:49:54,917","container":"71351656b7be","level":"INFO","thread":"EthScheduler-Workers-0","class":"TimestampBoundedByFutureParameter","message":"Invalid block header: timestamp 1753444196 is greater than the timestamp margin 1753444195","throwable":""}
{"timestamp":"2025-07-25T11:49:54,917","container":"71351656b7be","level":"WARN","thread":"EthScheduler-Workers-0","class":"BlockPropagationManager","message":"Added to bad block manager for invalid header, failed to import announced block 132 (0x29517fa1df20ba08b318b72b526365750c821486609a260a4550a7a65f3db1ef)","throwable":""}
{"timestamp":"2025-07-25T11:49:54,917","container":"71351656b7be","level":"INFO","thread":"EthScheduler-Workers-0","class":"TimestampBoundedByFutureParameter","message":"Invalid block header: timestamp 1753444196 is greater than the timestamp margin 1753444195","throwable":""}
{"timestamp":"2025-07-25T11:49:54,917","container":"71351656b7be","level":"WARN","thread":"EthScheduler-Workers-0","class":"BlockPropagationManager","message":"Added to bad block manager for invalid header, failed to import announced block 132 (0x29517fa1df20ba08b318b72b526365750c821486609a260a4550a7a65f3db1ef)","throwable":""}
{"timestamp":"2025-07-25T11:49:54,919","container":"71351656b7be","level":"INFO","thread":"EthScheduler-Workers-0","class":"TimestampBoundedByFutureParameter","message":"Invalid block header: timestamp 1753444196 is greater than the timestamp margin 1753444195","throwable":""}
{"timestamp":"2025-07-25T11:49:54,920","container":"71351656b7be","level":"WARN","thread":"EthScheduler-Workers-0","class":"BlockPropagationManager","message":"Added to bad block manager for invalid header, failed to import announced block 132 (0x29517fa1df20ba08b318b72b526365750c821486609a260a4550a7a65f3db1ef)","throwable":""}
{"timestamp":"2025-07-25T11:50:03,127","container":"71351656b7be","level":"INFO","thread":"nioEventLoopGroup-3-2","class":"BlockPropagationManager","message":"Saved announced block for future import 133 (0x111c22c7dabe33a26db370032bd391eb6f21927f75593b079ea35770f8bf5a37) - 1 saved block(s)","throwable":""}
{"timestamp":"2025-07-25T11:50:03,127","container":"71351656b7be","level":"INFO","thread":"nioEventLoopGroup-3-2","class":"BlockPropagationManager","message":"Retrieving parent 0x29517fa1df20ba08b318b72b526365750c821486609a260a4550a7a65f3db1ef of block 133 (0x111c22c7dabe33a26db370032bd391eb6f21927f75593b079ea35770f8bf5a37)","throwable":""}
{"timestamp":"2025-07-25T11:50:03,146","container":"71351656b7be","level":"INFO","thread":"EthScheduler-Workers-0","class":"PersistBlockTask","message":"Imported #132 / 0 tx / 0 om / 0 (0.0%) gas / (0x29517fa1df20ba08b318b72b526365750c821486609a260a4550a7a65f3db1ef) in 0.004s. Peers: 3","throwable":""}
{"timestamp":"2025-07-25T11:50:03,152","container":"71351656b7be","level":"INFO","thread":"EthScheduler-Workers-0","class":"PersistBlockTask","message":"Imported #133 / 0 tx / 0 om / 0 (0.0%) gas / (0x111c22c7dabe33a26db370032bd391eb6f21927f75593b079ea35770f8bf5a37) in 0.005s. Peers: 3","throwable":""}
{"timestamp":"2025-07-25T11:50:03,152","container":"71351656b7be","level":"INFO","thread":"EthScheduler-Workers-0","class":"BlockPropagationManager","message":"Imported 1 pending blocks: [133]","throwable":""}
{"timestamp":"2025-07-25T11:50:10,928","container":"71351656b7be","level":"INFO","thread":"EthScheduler-Workers-0","class":"TimestampBoundedByFutureParameter","message":"Invalid block header: timestamp 1753444212 is greater than the timestamp margin 1753444211","throwable":""}
{"timestamp":"2025-07-25T11:50:10,929","container":"71351656b7be","level":"WARN","thread":"EthScheduler-Workers-0","class":"BlockPropagationManager","message":"Added to bad block manager for invalid header, failed to import announced block 134 (0xb21d710d6d39b001fc4ce8676d927f5c3866330dfda66a21105a930a571c9201)","throwable":""}
{"timestamp":"2025-07-25T11:50:33,161","container":"71351656b7be","level":"INFO","thread":"nioEventLoopGroup-3-2","class":"BlockPropagationManager","message":"Saved announced block for future import 135 (0x0d881761ce3af47d5913c753749be642740f8440a90dc782de52b071db7b6ea7) - 1 saved block(s)","throwable":""}
{"timestamp":"2025-07-25T11:50:33,164","container":"71351656b7be","level":"INFO","thread":"nioEventLoopGroup-3-2","class":"BlockPropagationManager","message":"Retrieving parent 0xb21d710d6d39b001fc4ce8676d927f5c3866330dfda66a21105a930a571c9201 of block 135 (0x0d881761ce3af47d5913c753749be642740f8440a90dc782de52b071db7b6ea7)","throwable":""}
{"timestamp":"2025-07-25T11:50:33,183","container":"71351656b7be","level":"INFO","thread":"EthScheduler-Workers-0","class":"PersistBlockTask","message":"Imported #134 / 0 tx / 0 om / 0 (0.0%) gas / (0xb21d710d6d39b001fc4ce8676d927f5c3866330dfda66a21105a930a571c9201) in 0.004s. Peers: 3","throwable":""}
{"timestamp":"2025-07-25T11:50:33,190","container":"71351656b7be","level":"INFO","thread":"EthScheduler-Workers-0","class":"PersistBlockTask","message":"Imported #135 / 0 tx / 0 om / 0 (0.0%) gas / (0x0d881761ce3af47d5913c753749be642740f8440a90dc782de52b071db7b6ea7) in 0.004s. Peers: 3","throwable":""}
{"timestamp":"2025-07-25T11:50:33,190","container":"71351656b7be","level":"INFO","thread":"EthScheduler-Workers-0","class":"BlockPropagationManager","message":"Imported 1 pending blocks: [135]","throwable":""}
{"timestamp":"2025-07-25T11:50:40,942","container":"71351656b7be","level":"INFO","thread":"EthScheduler-Workers-0","class":"TimestampBoundedByFutureParameter","message":"Invalid block header: timestamp 1753444242 is greater than the timestamp margin 1753444241","throwable":""}
{"timestamp":"2025-07-25T11:50:40,942","container":"71351656b7be","level":"WARN","thread":"EthScheduler-Workers-0","class":"BlockPropagationManager","message":"Added to bad block manager for invalid header, failed to import announced block 136 (0xe38778a2ec6380b608d84b68ce8a29eaeae85f97721cf4b3c174091099f15298)","throwable":""}
{"timestamp":"2025-07-25T11:50:40,942","container":"71351656b7be","level":"INFO","thread":"EthScheduler-Workers-0","class":"TimestampBoundedByFutureParameter","message":"Invalid block header: timestamp 1753444242 is greater than the timestamp margin 1753444241","throwable":""}
{"timestamp":"2025-07-25T11:50:40,942","container":"71351656b7be","level":"WARN","thread":"EthScheduler-Workers-0","class":"BlockPropagationManager","message":"Added to bad block manager for invalid header, failed to import announced block 136 (0xe38778a2ec6380b608d84b68ce8a29eaeae85f97721cf4b3c174091099f15298)","throwable":""}
{"timestamp":"2025-07-25T11:50:40,943","container":"71351656b7be","level":"INFO","thread":"EthScheduler-Workers-0","class":"TimestampBoundedByFutureParameter","message":"Invalid block header: timestamp 1753444242 is greater than the timestamp margin 1753444241","throwable":""}
{"timestamp":"2025-07-25T11:50:40,944","container":"71351656b7be","level":"WARN","thread":"EthScheduler-Workers-0","class":"BlockPropagationManager","message":"Added to bad block manager for invalid header, failed to import announced block 136 (0xe38778a2ec6380b608d84b68ce8a29eaeae85f97721cf4b3c174091099f15298)","throwable":""}
{"timestamp":"2025-07-25T11:50:53,178","container":"71351656b7be","level":"INFO","thread":"nioEventLoopGroup-3-8","class":"BlockPropagationManager","message":"Saved announced block for future import 137 (0x7f0301107205a8c2412de2ef910c62eadbddd3ef11e18c308620f4df77bd8527) - 1 saved block(s)","throwable":""}
{"timestamp":"2025-07-25T11:50:53,179","container":"71351656b7be","level":"INFO","thread":"nioEventLoopGroup-3-8","class":"BlockPropagationManager","message":"Retrieving parent 0xe38778a2ec6380b608d84b68ce8a29eaeae85f97721cf4b3c174091099f15298 of block 137 (0x7f0301107205a8c2412de2ef910c62eadbddd3ef11e18c308620f4df77bd8527)","throwable":""}
{"timestamp":"2025-07-25T11:50:53,198","container":"71351656b7be","level":"INFO","thread":"EthScheduler-Workers-0","class":"PersistBlockTask","message":"Imported #136 / 0 tx / 0 om / 0 (0.0%) gas / (0xe38778a2ec6380b608d84b68ce8a29eaeae85f97721cf4b3c174091099f15298) in 0.003s. Peers: 3","throwable":""}
{"timestamp":"2025-07-25T11:50:53,202","container":"71351656b7be","level":"INFO","thread":"EthScheduler-Workers-0","class":"PersistBlockTask","message":"Imported #137 / 0 tx / 0 om / 0 (0.0%) gas / (0x7f0301107205a8c2412de2ef910c62eadbddd3ef11e18c308620f4df77bd8527) in 0.003s. Peers: 3","throwable":""}
{"timestamp":"2025-07-25T11:50:53,203","container":"71351656b7be","level":"INFO","thread":"EthScheduler-Workers-0","class":"BlockPropagationManager","message":"Imported 1 pending blocks: [137]","throwable":""}
{"timestamp":"2025-07-25T11:50:58,076","container":"71351656b7be","level":"INFO","thread":"EthScheduler-Workers-0","class":"PersistBlockTask","message":"Imported #138 / 1 tx / 0 om / 2,919,758 (0.0%) gas / (0x36f33dd993bfd4cf800727c191ab6fa464b1430306c0bde0bba0adf1c53efa30) in 0.016s. Peers: 3","throwable":""}
{"timestamp":"2025-07-25T11:51:04,951","container":"71351656b7be","level":"INFO","thread":"EthScheduler-Workers-0","class":"TimestampBoundedByFutureParameter","message":"Invalid block header: timestamp 1753444266 is greater than the timestamp margin 1753444265","throwable":""}
{"timestamp":"2025-07-25T11:51:04,952","container":"71351656b7be","level":"WARN","thread":"EthScheduler-Workers-0","class":"BlockPropagationManager","message":"Added to bad block manager for invalid header, failed to import announced block 139 (0x662e655f3a9df182fcc72565aa2ff5bf9a70dfbed0327800dd5d19e4298a88d7)","throwable":""}
{"timestamp":"2025-07-25T11:51:04,952","container":"71351656b7be","level":"INFO","thread":"EthScheduler-Workers-0","class":"TimestampBoundedByFutureParameter","message":"Invalid block header: timestamp 1753444266 is greater than the timestamp margin 1753444265","throwable":""}
{"timestamp":"2025-07-25T11:51:04,952","container":"71351656b7be","level":"WARN","thread":"EthScheduler-Workers-0","class":"BlockPropagationManager","message":"Added to bad block manager for invalid header, failed to import announced block 139 (0x662e655f3a9df182fcc72565aa2ff5bf9a70dfbed0327800dd5d19e4298a88d7)","throwable":""}
{"timestamp":"2025-07-25T11:51:13,220","container":"71351656b7be","level":"INFO","thread":"nioEventLoopGroup-3-8","class":"BlockPropagationManager","message":"Saved announced block for future import 140 (0x787f5b97982871e502664b47f47ea9e3f0d01685f62ad6d346498a38a0e779f1) - 1 saved block(s)","throwable":""}
{"timestamp":"2025-07-25T11:51:13,221","container":"71351656b7be","level":"INFO","thread":"nioEventLoopGroup-3-8","class":"BlockPropagationManager","message":"Retrieving parent 0x662e655f3a9df182fcc72565aa2ff5bf9a70dfbed0327800dd5d19e4298a88d7 of block 140 (0x787f5b97982871e502664b47f47ea9e3f0d01685f62ad6d346498a38a0e779f1)","throwable":""}
{"timestamp":"2025-07-25T11:51:13,237","container":"71351656b7be","level":"INFO","thread":"EthScheduler-Workers-0","class":"PersistBlockTask","message":"Imported #139 / 0 tx / 0 om / 0 (0.0%) gas / (0x662e655f3a9df182fcc72565aa2ff5bf9a70dfbed0327800dd5d19e4298a88d7) in 0.004s. Peers: 3","throwable":""}
{"timestamp":"2025-07-25T11:51:13,247","container":"71351656b7be","level":"INFO","thread":"EthScheduler-Workers-0","class":"PersistBlockTask","message":"Imported #140 / 0 tx / 0 om / 0 (0.0%) gas / (0x787f5b97982871e502664b47f47ea9e3f0d01685f62ad6d346498a38a0e779f1) in 0.005s. Peers: 3","throwable":""}
{"timestamp":"2025-07-25T11:51:13,247","container":"71351656b7be","level":"INFO","thread":"EthScheduler-Workers-0","class":"BlockPropagationManager","message":"Imported 1 pending blocks: [140]","throwable":""}
{"timestamp":"2025-07-25T11:51:20,959","container":"71351656b7be","level":"INFO","thread":"EthScheduler-Workers-0","class":"TimestampBoundedByFutureParameter","message":"Invalid block header: timestamp 1753444282 is greater than the timestamp margin 1753444281","throwable":""}
{"timestamp":"2025-07-25T11:51:20,959","container":"71351656b7be","level":"WARN","thread":"EthScheduler-Workers-0","class":"BlockPropagationManager","message":"Added to bad block manager for invalid header, failed to import announced block 141 (0x73c403a413857afd75b742612748c73d4df49da5d0e48a65f410fb59fad08b24)","throwable":""}
{"timestamp":"2025-07-25T11:51:20,959","container":"71351656b7be","level":"INFO","thread":"EthScheduler-Workers-0","class":"TimestampBoundedByFutureParameter","message":"Invalid block header: timestamp 1753444282 is greater than the timestamp margin 1753444281","throwable":""}
{"timestamp":"2025-07-25T11:51:20,959","container":"71351656b7be","level":"WARN","thread":"EthScheduler-Workers-0","class":"BlockPropagationManager","message":"Added to bad block manager for invalid header, failed to import announced block 141 (0x73c403a413857afd75b742612748c73d4df49da5d0e48a65f410fb59fad08b24)","throwable":""}
{"timestamp":"2025-07-25T11:51:43,250","container":"71351656b7be","level":"INFO","thread":"nioEventLoopGroup-3-8","class":"BlockPropagationManager","message":"Saved announced block for future import 142 (0x4054579827db2b69b64be6940a0ff5179b06d351fdcc06ad9a5f605f8b6a44da) - 1 saved block(s)","throwable":""}
{"timestamp":"2025-07-25T11:51:43,250","container":"71351656b7be","level":"INFO","thread":"nioEventLoopGroup-3-8","class":"BlockPropagationManager","message":"Retrieving parent 0x73c403a413857afd75b742612748c73d4df49da5d0e48a65f410fb59fad08b24 of block 142 (0x4054579827db2b69b64be6940a0ff5179b06d351fdcc06ad9a5f605f8b6a44da)","throwable":""}
{"timestamp":"2025-07-25T11:51:43,261","container":"71351656b7be","level":"INFO","thread":"EthScheduler-Workers-0","class":"PersistBlockTask","message":"Imported #141 / 0 tx / 0 om / 0 (0.0%) gas / (0x73c403a413857afd75b742612748c73d4df49da5d0e48a65f410fb59fad08b24) in 0.002s. Peers: 3","throwable":""}
{"timestamp":"2025-07-25T11:51:43,265","container":"71351656b7be","level":"INFO","thread":"EthScheduler-Workers-0","class":"PersistBlockTask","message":"Imported #142 / 0 tx / 0 om / 0 (0.0%) gas / (0x4054579827db2b69b64be6940a0ff5179b06d351fdcc06ad9a5f605f8b6a44da) in 0.003s. Peers: 3","throwable":""}
{"timestamp":"2025-07-25T11:51:43,267","container":"71351656b7be","level":"INFO","thread":"EthScheduler-Workers-0","class":"BlockPropagationManager","message":"Imported 1 pending blocks: [142]","throwable":""}
{"timestamp":"2025-07-25T11:51:50,977","container":"71351656b7be","level":"INFO","thread":"EthScheduler-Workers-0","class":"TimestampBoundedByFutureParameter","message":"Invalid block header: timestamp 1753444312 is greater than the timestamp margin 1753444311","throwable":""}
{"timestamp":"2025-07-25T11:51:50,977","container":"71351656b7be","level":"WARN","thread":"EthScheduler-Workers-0","class":"BlockPropagationManager","message":"Added to bad block manager for invalid header, failed to import announced block 143 (0x019e1161775f094f8335e9401bc801f344b4149c08f2125eb62ee9a068ebcba9)","throwable":""}
{"timestamp":"2025-07-25T11:52:03,294","container":"71351656b7be","level":"INFO","thread":"nioEventLoopGroup-3-2","class":"BlockPropagationManager","message":"Saved announced block for future import 144 (0xb22c9b3a0e26a0297e0c82fd21b6f71d119a52da91f2f41f4f27ce8da040e070) - 1 saved block(s)","throwable":""}
{"timestamp":"2025-07-25T11:52:03,295","container":"71351656b7be","level":"INFO","thread":"nioEventLoopGroup-3-2","class":"BlockPropagationManager","message":"Retrieving parent 0x019e1161775f094f8335e9401bc801f344b4149c08f2125eb62ee9a068ebcba9 of block 144 (0xb22c9b3a0e26a0297e0c82fd21b6f71d119a52da91f2f41f4f27ce8da040e070)","throwable":""}
{"timestamp":"2025-07-25T11:52:03,306","container":"71351656b7be","level":"INFO","thread":"EthScheduler-Workers-0","class":"PersistBlockTask","message":"Imported #143 / 0 tx / 0 om / 0 (0.0%) gas / (0x019e1161775f094f8335e9401bc801f344b4149c08f2125eb62ee9a068ebcba9) in 0.003s. Peers: 3","throwable":""}
{"timestamp":"2025-07-25T11:52:03,313","container":"71351656b7be","level":"INFO","thread":"EthScheduler-Workers-0","class":"PersistBlockTask","message":"Imported #144 / 0 tx / 0 om / 0 (0.0%) gas / (0xb22c9b3a0e26a0297e0c82fd21b6f71d119a52da91f2f41f4f27ce8da040e070) in 0.005s. Peers: 3","throwable":""}
{"timestamp":"2025-07-25T11:52:03,314","container":"71351656b7be","level":"INFO","thread":"EthScheduler-Workers-0","class":"BlockPropagationManager","message":"Imported 1 pending blocks: [144]","throwable":""}
{"timestamp":"2025-07-25T11:52:08,035","container":"71351656b7be","level":"INFO","thread":"EthScheduler-Workers-0","class":"PersistBlockTask","message":"Imported #145 / 0 tx / 0 om / 0 (0.0%) gas / (0x77ba04fb7a468b78904d3d7250a7e1923ceef256bc5b4fa858935e83536bdc03) in 0.002s. Peers: 3","throwable":""}
{"timestamp":"2025-07-25T11:52:14,991","container":"71351656b7be","level":"INFO","thread":"EthScheduler-Workers-0","class":"TimestampBoundedByFutureParameter","message":"Invalid block header: timestamp 1753444336 is greater than the timestamp margin 1753444335","throwable":""}
{"timestamp":"2025-07-25T11:52:14,992","container":"71351656b7be","level":"WARN","thread":"EthScheduler-Workers-0","class":"BlockPropagationManager","message":"Added to bad block manager for invalid header, failed to import announced block 146 (0xf3b615ac40c84152f784a306095383b062bd47b9c9e02b4b95dcbc5379a4020f)","throwable":""}
{"timestamp":"2025-07-25T11:52:14,993","container":"71351656b7be","level":"INFO","thread":"EthScheduler-Workers-0","class":"TimestampBoundedByFutureParameter","message":"Invalid block header: timestamp 1753444336 is greater than the timestamp margin 1753444335","throwable":""}
{"timestamp":"2025-07-25T11:52:14,993","container":"71351656b7be","level":"WARN","thread":"EthScheduler-Workers-0","class":"BlockPropagationManager","message":"Added to bad block manager for invalid header, failed to import announced block 146 (0xf3b615ac40c84152f784a306095383b062bd47b9c9e02b4b95dcbc5379a4020f)","throwable":""}
{"timestamp":"2025-07-25T11:52:14,993","container":"71351656b7be","level":"INFO","thread":"EthScheduler-Workers-0","class":"TimestampBoundedByFutureParameter","message":"Invalid block header: timestamp 1753444336 is greater than the timestamp margin 1753444335","throwable":""}
{"timestamp":"2025-07-25T11:52:14,993","container":"71351656b7be","level":"WARN","thread":"EthScheduler-Workers-0","class":"BlockPropagationManager","message":"Added to bad block manager for invalid header, failed to import announced block 146 (0xf3b615ac40c84152f784a306095383b062bd47b9c9e02b4b95dcbc5379a4020f)","throwable":""}
{"timestamp":"2025-07-25T11:52:23,330","container":"71351656b7be","level":"INFO","thread":"nioEventLoopGroup-3-2","class":"BlockPropagationManager","message":"Saved announced block for future import 147 (0x1dea164dffa934442de4743e5d01e82c91062c7d8e6e8e25aa21b24e0cc4146d) - 1 saved block(s)","throwable":""}
{"timestamp":"2025-07-25T11:52:23,331","container":"71351656b7be","level":"INFO","thread":"nioEventLoopGroup-3-2","class":"BlockPropagationManager","message":"Retrieving parent 0xf3b615ac40c84152f784a306095383b062bd47b9c9e02b4b95dcbc5379a4020f of block 147 (0x1dea164dffa934442de4743e5d01e82c91062c7d8e6e8e25aa21b24e0cc4146d)","throwable":""}
{"timestamp":"2025-07-25T11:52:23,339","container":"71351656b7be","level":"INFO","thread":"EthScheduler-Workers-0","class":"PersistBlockTask","message":"Imported #146 / 0 tx / 0 om / 0 (0.0%) gas / (0xf3b615ac40c84152f784a306095383b062bd47b9c9e02b4b95dcbc5379a4020f) in 0.002s. Peers: 3","throwable":""}
{"timestamp":"2025-07-25T11:52:23,346","container":"71351656b7be","level":"INFO","thread":"EthScheduler-Workers-0","class":"PersistBlockTask","message":"Imported #147 / 0 tx / 0 om / 0 (0.0%) gas / (0x1dea164dffa934442de4743e5d01e82c91062c7d8e6e8e25aa21b24e0cc4146d) in 0.004s. Peers: 3","throwable":""}
{"timestamp":"2025-07-25T11:52:23,346","container":"71351656b7be","level":"INFO","thread":"EthScheduler-Workers-0","class":"BlockPropagationManager","message":"Imported 1 pending blocks: [147]","throwable":""}
{"timestamp":"2025-07-25T11:52:31,006","container":"71351656b7be","level":"INFO","thread":"EthScheduler-Workers-0","class":"PersistBlockTask","message":"Imported #148 / 0 tx / 0 om / 0 (0.0%) gas / (0x0835f76bff8fd7124bc968df91985516710707644c3317996545ebc43ea35393) in 0.003s. Peers: 3","throwable":""}
{"timestamp":"2025-07-25T11:52:40,032","container":"71351656b7be","level":"INFO","thread":"EthScheduler-Workers-0","class":"PersistBlockTask","message":"Imported #149 / 0 tx / 0 om / 0 (0.0%) gas / (0xc4d5e50828a36a40a258f3d6516b48da9dcde61382fb27a254e250bb805cd70c) in 0.003s. Peers: 3","throwable":""}
{"timestamp":"2025-07-25T11:52:47,011","container":"71351656b7be","level":"INFO","thread":"EthScheduler-Workers-0","class":"PersistBlockTask","message":"Imported #150 / 0 tx / 0 om / 0 (0.0%) gas / (0x12f8a1ae47599ae36e8cb37b80be9f16bec2e8db4156ca09c5bbf69d15a64b72) in 0.004s. Peers: 3","throwable":""}
{"timestamp":"2025-07-25T11:52:55,009","container":"71351656b7be","level":"INFO","thread":"EthScheduler-Workers-0","class":"PersistBlockTask","message":"Imported #151 / 0 tx / 0 om / 0 (0.0%) gas / (0xce31f82386d237896893fbe1d7285777a371fd434a0e662647e49d455dc087b7) in 0.002s. Peers: 3","throwable":""}
{"timestamp":"2025-07-25T11:53:03,058","container":"71351656b7be","level":"INFO","thread":"EthScheduler-Workers-0","class":"PersistBlockTask","message":"Imported #152 / 1 tx / 0 om / 2,919,758 (0.0%) gas / (0x6f133cc762f34fec63a7351efe12405d43cea62fef391b7a5a48d092dbf03c32) in 0.009s. Peers: 3","throwable":""}
{"timestamp":"2025-07-25T11:53:12,025","container":"71351656b7be","level":"INFO","thread":"EthScheduler-Workers-0","class":"PersistBlockTask","message":"Imported #153 / 0 tx / 0 om / 0 (0.0%) gas / (0x17b9ec0095453d367900f173306cd699f7387c36bf5d5461c7b0eace16c1189c) in 0.003s. Peers: 3","throwable":""}
{"timestamp":"2025-07-25T11:53:19,021","container":"71351656b7be","level":"INFO","thread":"EthScheduler-Workers-0","class":"PersistBlockTask","message":"Imported #154 / 0 tx / 0 om / 0 (0.0%) gas / (0x81d9787b0612115f3beec2122d87e571f79d9853245e3b2f56fc039784db5a84) in 0.003s. Peers: 3","throwable":""}
{"timestamp":"2025-07-25T11:53:27,026","container":"71351656b7be","level":"INFO","thread":"EthScheduler-Workers-0","class":"PersistBlockTask","message":"Imported #155 / 0 tx / 0 om / 0 (0.0%) gas / (0x124af5724126df275fc8e667132040a220f38dfe809c77f24e4824bb05dea56c) in 0.003s. Peers: 3","throwable":""}
{"timestamp":"2025-07-25T11:53:35,027","container":"71351656b7be","level":"INFO","thread":"EthScheduler-Workers-0","class":"PersistBlockTask","message":"Imported #156 / 0 tx / 0 om / 0 (0.0%) gas / (0x44bf190e55335ed715d945eb28ce04753b45fa81b7b75f6bca17327639ecec40) in 0.001s. Peers: 3","throwable":""}
{"timestamp":"2025-07-25T11:53:44,021","container":"71351656b7be","level":"INFO","thread":"EthScheduler-Workers-0","class":"PersistBlockTask","message":"Imported #157 / 0 tx / 0 om / 0 (0.0%) gas / (0x86d3f11d1725d932043655eb17a99604d082a0db90d95f742ef5efdb940ff2cb) in 0.003s. Peers: 3","throwable":""}
{"timestamp":"2025-07-25T11:53:51,072","container":"71351656b7be","level":"INFO","thread":"EthScheduler-Workers-0","class":"PersistBlockTask","message":"Imported #158 / 1 tx / 0 om / 2,919,758 (0.0%) gas / (0x0af4e0478295510afb5dcefe5fcb59140491ae143e28da911e1ed50a7595e578) in 0.010s. Peers: 3","throwable":""}
{"timestamp":"2025-07-25T11:53:59,050","container":"71351656b7be","level":"INFO","thread":"EthScheduler-Workers-0","class":"PersistBlockTask","message":"Imported #159 / 0 tx / 0 om / 0 (0.0%) gas / (0x6799f68d423be5780defbf2620403ed8d93931c9b8d03d1cf70f333269f85e34) in 0.004s. Peers: 3","throwable":""}
{"timestamp":"2025-07-25T11:54:07,051","container":"71351656b7be","level":"INFO","thread":"EthScheduler-Workers-0","class":"PersistBlockTask","message":"Imported #160 / 0 tx / 0 om / 0 (0.0%) gas / (0x9f7dff9df7a9ccf839592faf14a919dc09f83520fe1bd0812b44880329024fde) in 0.002s. Peers: 3","throwable":""}
{"timestamp":"2025-07-25T11:54:16,038","container":"71351656b7be","level":"INFO","thread":"EthScheduler-Workers-0","class":"PersistBlockTask","message":"Imported #161 / 0 tx / 0 om / 0 (0.0%) gas / (0x1e1627dd5d6f1fe488ef12ac923d088bddb8b731060db2287ff26bfefc34bc40) in 0.003s. Peers: 3","throwable":""}
{"timestamp":"2025-07-25T11:54:23,051","container":"71351656b7be","level":"INFO","thread":"EthScheduler-Workers-0","class":"PersistBlockTask","message":"Imported #162 / 0 tx / 0 om / 0 (0.0%) gas / (0x3851ce5e9d361724b94efb79ef1960287a744b2335181cc850220e8b29d22628) in 0.003s. Peers: 3","throwable":""}
{"timestamp":"2025-07-25T11:54:31,089","container":"71351656b7be","level":"INFO","thread":"EthScheduler-Workers-0","class":"PersistBlockTask","message":"Imported #163 / 1 tx / 0 om / 2,919,758 (0.0%) gas / (0xc4049ae81f60e3802cf44cb3ef7f9b011a5509da7f01e608ae712340f3342b15) in 0.010s. Peers: 3","throwable":""}
{"timestamp":"2025-07-25T11:54:39,064","container":"71351656b7be","level":"INFO","thread":"EthScheduler-Workers-0","class":"PersistBlockTask","message":"Imported #164 / 0 tx / 0 om / 0 (0.0%) gas / (0xbbd0a257adef5345af1dbccb48805ac2916e9ad1a0d31d1b605c3cfab59c546a) in 0.003s. Peers: 3","throwable":""}
{"timestamp":"2025-07-25T11:54:48,033","container":"71351656b7be","level":"INFO","thread":"EthScheduler-Workers-0","class":"PersistBlockTask","message":"Imported #165 / 0 tx / 0 om / 0 (0.0%) gas / (0x44cd9d0d389d6a8eb01c0c4570546aba2c2ddeb9b2451e691c0bb44b4a90c16f) in 0.002s. Peers: 3","throwable":""}
{"timestamp":"2025-07-25T11:54:55,087","container":"71351656b7be","level":"INFO","thread":"EthScheduler-Workers-0","class":"PersistBlockTask","message":"Imported #166 / 0 tx / 0 om / 0 (0.0%) gas / (0xb2e78f620c4619609d75ac163fa37a4f33afcb3987650dc4ac2f5eaa04904138) in 0.008s. Peers: 3","throwable":""}
{"timestamp":"2025-07-25T11:55:03,077","container":"71351656b7be","level":"INFO","thread":"EthScheduler-Workers-0","class":"PersistBlockTask","message":"Imported #167 / 0 tx / 0 om / 0 (0.0%) gas / (0xf91a3ab7324b73d077718b0075c66e4f769fdf51c3bb8ea12696f384821b1cb5) in 0.003s. Peers: 3","throwable":""}
{"timestamp":"2025-07-25T11:55:11,086","container":"71351656b7be","level":"INFO","thread":"EthScheduler-Workers-0","class":"PersistBlockTask","message":"Imported #168 / 0 tx / 0 om / 0 (0.0%) gas / (0xb5c2cfa771ae8b198d88cae6f5964916c5c212ea5117369ef25e27d433720a4d) in 0.003s. Peers: 3","throwable":""}
{"timestamp":"2025-07-25T11:55:20,033","container":"71351656b7be","level":"INFO","thread":"EthScheduler-Workers-0","class":"PersistBlockTask","message":"Imported #169 / 0 tx / 0 om / 0 (0.0%) gas / (0xe63bd4b517bd685a9985e3580b6c03233ac7a07bb2cbb97e86173b4b07037435) in 0.002s. Peers: 3","throwable":""}
{"timestamp":"2025-07-25T11:55:27,088","container":"71351656b7be","level":"INFO","thread":"EthScheduler-Workers-0","class":"PersistBlockTask","message":"Imported #170 / 0 tx / 0 om / 0 (0.0%) gas / (0x59eaee39bbd4d2f199322bca5cdca469764f3a62cba60429862e346643a382cf) in 0.002s. Peers: 3","throwable":""}
{"timestamp":"2025-07-25T11:55:35,096","container":"71351656b7be","level":"INFO","thread":"EthScheduler-Workers-0","class":"PersistBlockTask","message":"Imported #171 / 0 tx / 0 om / 0 (0.0%) gas / (0x5dc6d7928a558d1126976c56249a3bf9c7d5cd167e83c3cf2b7eef1b70e82878) in 0.003s. Peers: 3","throwable":""}
{"timestamp":"2025-07-25T11:55:43,091","container":"71351656b7be","level":"INFO","thread":"EthScheduler-Workers-0","class":"PersistBlockTask","message":"Imported #172 / 0 tx / 0 om / 0 (0.0%) gas / (0x61bdf7bd1b2fe7d6f8ca335a134b2c57c4554c8c2da5b0746131d247e8141d9e) in 0.002s. Peers: 3","throwable":""}
{"timestamp":"2025-07-25T11:55:52,033","container":"71351656b7be","level":"INFO","thread":"EthScheduler-Workers-0","class":"PersistBlockTask","message":"Imported #173 / 0 tx / 0 om / 0 (0.0%) gas / (0xc5b8259b3fa80fa734015e4b1bddb95949d5a197f9baf42b0032ad07871503cc) in 0.005s. Peers: 3","throwable":""}
{"timestamp":"2025-07-25T11:55:59,109","container":"71351656b7be","level":"INFO","thread":"EthScheduler-Workers-0","class":"PersistBlockTask","message":"Imported #174 / 0 tx / 0 om / 0 (0.0%) gas / (0xaeebf57334b1b415b17c2e5e342c177080a47b7f9f51d9deb635446336284df2) in 0.003s. Peers: 3","throwable":""}
{"timestamp":"2025-07-25T11:56:07,107","container":"71351656b7be","level":"INFO","thread":"EthScheduler-Workers-0","class":"PersistBlockTask","message":"Imported #175 / 0 tx / 0 om / 0 (0.0%) gas / (0x64d5eda7e2b55dff465d5375c11b9e62d0cc8299b3710e8f58295e5421e48917) in 0.003s. Peers: 3","throwable":""}
{"timestamp":"2025-07-25T11:56:15,108","container":"71351656b7be","level":"INFO","thread":"EthScheduler-Workers-0","class":"PersistBlockTask","message":"Imported #176 / 0 tx / 0 om / 0 (0.0%) gas / (0x5d04091007113f7729015ece1c83af6a7845dfd6d6eef6e6b19e5f0f380c0d74) in 0.002s. Peers: 3","throwable":""}
{"timestamp":"2025-07-25T11:56:24,031","container":"71351656b7be","level":"INFO","thread":"EthScheduler-Workers-0","class":"PersistBlockTask","message":"Imported #177 / 0 tx / 0 om / 0 (0.0%) gas / (0x739971a4236269a9af7a0fedad7f27e52967486162a54f9388f96b2acb2cda34) in 0.002s. Peers: 3","throwable":""}
{"timestamp":"2025-07-25T11:56:31,119","container":"71351656b7be","level":"INFO","thread":"EthScheduler-Workers-0","class":"PersistBlockTask","message":"Imported #178 / 0 tx / 0 om / 0 (0.0%) gas / (0x6d7f95e66949d5aceb6d14d338af350797a7ad1f9191b0bf7e86cab2b6c21677) in 0.006s. Peers: 3","throwable":""}
{"timestamp":"2025-07-25T11:56:39,120","container":"71351656b7be","level":"INFO","thread":"EthScheduler-Workers-0","class":"PersistBlockTask","message":"Imported #179 / 0 tx / 0 om / 0 (0.0%) gas / (0xee7f3a00893aa7c3f484022133c75af248628eb96f83af6b189ae983b5e1831a) in 0.002s. Peers: 3","throwable":""}
{"timestamp":"2025-07-25T11:56:47,137","container":"71351656b7be","level":"INFO","thread":"EthScheduler-Workers-0","class":"PersistBlockTask","message":"Imported #180 / 0 tx / 0 om / 0 (0.0%) gas / (0xf2c455b3dd23949a6d520f02d3546dc35410bf5adc52acf1587f74165e4f4817) in 0.002s. Peers: 3","throwable":""}
{"timestamp":"2025-07-25T11:56:56,020","container":"71351656b7be","level":"INFO","thread":"EthScheduler-Workers-0","class":"PersistBlockTask","message":"Imported #181 / 0 tx / 0 om / 0 (0.0%) gas / (0x6482c4555dcd4218f3613a3758275135724e9066365b60c38f6c0511219855c0) in 0.001s. Peers: 3","throwable":""}
{"timestamp":"2025-07-25T11:57:03,123","container":"71351656b7be","level":"INFO","thread":"EthScheduler-Workers-0","class":"PersistBlockTask","message":"Imported #182 / 0 tx / 0 om / 0 (0.0%) gas / (0x762b96da6e3c63799de098a52685fcbf5ea3e7ac800014e1def91c1e6bb803db) in 0.001s. Peers: 3","throwable":""}
{"timestamp":"2025-07-25T11:57:11,141","container":"71351656b7be","level":"INFO","thread":"EthScheduler-Workers-0","class":"PersistBlockTask","message":"Imported #183 / 0 tx / 0 om / 0 (0.0%) gas / (0x9c87d2fc8c75c83d23f44531f8e92284999f1b34a4a177161b16abbb383df7eb) in 0.003s. Peers: 3","throwable":""}
{"timestamp":"2025-07-25T11:57:19,143","container":"71351656b7be","level":"INFO","thread":"EthScheduler-Workers-0","class":"PersistBlockTask","message":"Imported #184 / 0 tx / 0 om / 0 (0.0%) gas / (0x761830ed299df046839dcba76f1ac0e92e18c5ca9f117c2dc320d13d1ff2c9ab) in 0.003s. Peers: 3","throwable":""}
{"timestamp":"2025-07-25T11:57:28,033","container":"71351656b7be","level":"INFO","thread":"EthScheduler-Workers-0","class":"PersistBlockTask","message":"Imported #185 / 0 tx / 0 om / 0 (0.0%) gas / (0xa8d7e6e264ff86fb2159dc9cd7d2c9d59a0b09b2bf028e02fbfd29d9f86db647) in 0.005s. Peers: 3","throwable":""}
{"timestamp":"2025-07-25T11:57:35,152","container":"71351656b7be","level":"INFO","thread":"EthScheduler-Workers-0","class":"PersistBlockTask","message":"Imported #186 / 0 tx / 0 om / 0 (0.0%) gas / (0xfe17a68c3b0d5878f1e961e2126500a0e629d00dacf36856772e2c8a7a680a9b) in 0.003s. Peers: 3","throwable":""}
{"timestamp":"2025-07-25T11:57:43,154","container":"71351656b7be","level":"INFO","thread":"EthScheduler-Workers-0","class":"PersistBlockTask","message":"Imported #187 / 0 tx / 0 om / 0 (0.0%) gas / (0x7ef70a654c6541529a2aaeb43ca7cb32675e6c767a97a5b4f2cdea8be8ada49f) in 0.004s. Peers: 3","throwable":""}
{"timestamp":"2025-07-25T11:57:51,159","container":"71351656b7be","level":"INFO","thread":"EthScheduler-Workers-0","class":"PersistBlockTask","message":"Imported #188 / 0 tx / 0 om / 0 (0.0%) gas / (0x6e2833cbda6d9e79037ddb0f1292e29f378d9acb3a4065f6f28dd1322a5f2725) in 0.002s. Peers: 3","throwable":""}
{"timestamp":"2025-07-25T11:58:00,036","container":"71351656b7be","level":"INFO","thread":"EthScheduler-Workers-0","class":"PersistBlockTask","message":"Imported #189 / 0 tx / 0 om / 0 (0.0%) gas / (0x5cba4e9ac40beb81e8219df1fd7abd1d6c16bd70f5e5fc9587a237bc1936b812) in 0.002s. Peers: 3","throwable":""}
{"timestamp":"2025-07-25T11:58:07,165","container":"71351656b7be","level":"INFO","thread":"EthScheduler-Workers-0","class":"PersistBlockTask","message":"Imported #190 / 0 tx / 0 om / 0 (0.0%) gas / (0x436965e8e07f737139d3b5b8da0e445eea15e8759907e708a780fd9df23d86a8) in 0.003s. Peers: 3","throwable":""}
{"timestamp":"2025-07-25T11:58:15,185","container":"71351656b7be","level":"INFO","thread":"EthScheduler-Workers-0","class":"PersistBlockTask","message":"Imported #191 / 0 tx / 0 om / 0 (0.0%) gas / (0x76e40ff0e6e2c84ae00bfaff9d6d0a2f8f577fa32a5cd33bf4bd52dad96c6f13) in 0.004s. Peers: 3","throwable":""}
{"timestamp":"2025-07-25T11:58:23,182","container":"71351656b7be","level":"INFO","thread":"EthScheduler-Workers-0","class":"PersistBlockTask","message":"Imported #192 / 0 tx / 0 om / 0 (0.0%) gas / (0x8f990d0c4bee323e8c86d5e0e69504d9df0bc0ddb62d0f17b209ee2fe504f942) in 0.003s. Peers: 3","throwable":""}
{"timestamp":"2025-07-25T11:58:32,036","container":"71351656b7be","level":"INFO","thread":"EthScheduler-Workers-0","class":"PersistBlockTask","message":"Imported #193 / 0 tx / 0 om / 0 (0.0%) gas / (0x413ab8c77326672ef7cc74ff6751cab2be43f7c562f1df19e76827ca9540e518) in 0.003s. Peers: 3","throwable":""}
{"timestamp":"2025-07-25T11:58:39,187","container":"71351656b7be","level":"INFO","thread":"EthScheduler-Workers-0","class":"PersistBlockTask","message":"Imported #194 / 0 tx / 0 om / 0 (0.0%) gas / (0x49c708eb122a4b3bc47008e36293de4514f3d4d61b8967670e912952bf107799) in 0.002s. Peers: 3","throwable":""}
{"timestamp":"2025-07-25T11:58:47,188","container":"71351656b7be","level":"INFO","thread":"EthScheduler-Workers-0","class":"PersistBlockTask","message":"Imported #195 / 0 tx / 0 om / 0 (0.0%) gas / (0x16529daeba0eacb1eb2c58f996cc475f2d4cc24771d5da1303906bd43a835fe9) in 0.004s. Peers: 3","throwable":""}
{"timestamp":"2025-07-25T11:58:55,188","container":"71351656b7be","level":"INFO","thread":"EthScheduler-Workers-0","class":"PersistBlockTask","message":"Imported #196 / 0 tx / 0 om / 0 (0.0%) gas / (0x0e5e563a391f739217874d3d33b84910e7f26456439a24547deb4bc3901fd493) in 0.002s. Peers: 3","throwable":""}
{"timestamp":"2025-07-25T11:59:04,028","container":"71351656b7be","level":"INFO","thread":"EthScheduler-Workers-0","class":"PersistBlockTask","message":"Imported #197 / 0 tx / 0 om / 0 (0.0%) gas / (0x2d148160c18d3130c81919668a4af6d1b01a2c598dd0b0a98a9e3f0b109af013) in 0.004s. Peers: 3","throwable":""}
{"timestamp":"2025-07-25T11:59:11,195","container":"71351656b7be","level":"INFO","thread":"EthScheduler-Workers-0","class":"PersistBlockTask","message":"Imported #198 / 0 tx / 0 om / 0 (0.0%) gas / (0xd4b852298f3f8f144bc093955e8ea4c8004489cbfcc078e2e46614abbffc68e2) in 0.002s. Peers: 3","throwable":""}
{"timestamp":"2025-07-25T11:59:19,206","container":"71351656b7be","level":"INFO","thread":"EthScheduler-Workers-0","class":"PersistBlockTask","message":"Imported #199 / 0 tx / 0 om / 0 (0.0%) gas / (0x02bd2d1eb974a900a430d588a5844787043adfe94df7a6db5fc756a5ae4f356c) in 0.005s. Peers: 3","throwable":""}
{"timestamp":"2025-07-25T11:59:27,213","container":"71351656b7be","level":"INFO","thread":"EthScheduler-Workers-0","class":"PersistBlockTask","message":"Imported #200 / 0 tx / 0 om / 0 (0.0%) gas / (0xf6251b409237e967f0bca4a41e2c0aeb98d765a0b30dea788d6237b6ef89b372) in 0.006s. Peers: 3","throwable":""}
{"timestamp":"2025-07-25T11:59:36,018","container":"71351656b7be","level":"INFO","thread":"EthScheduler-Workers-0","class":"PersistBlockTask","message":"Imported #201 / 0 tx / 0 om / 0 (0.0%) gas / (0x45a8a97a146432e47e1c90dfff686ebb9cfca6a594b86b42760abf5db5899507) in 0.001s. Peers: 3","throwable":""}
{"timestamp":"2025-07-25T11:59:43,202","container":"71351656b7be","level":"INFO","thread":"EthScheduler-Workers-0","class":"PersistBlockTask","message":"Imported #202 / 0 tx / 0 om / 0 (0.0%) gas / (0x95a2e0c500b01e24a8696e4774739d71e25e2f82c3fcf380c27f0ef5c5614607) in 0.002s. Peers: 3","throwable":""}
{"timestamp":"2025-07-25T11:59:51,219","container":"71351656b7be","level":"INFO","thread":"EthScheduler-Workers-0","class":"PersistBlockTask","message":"Imported #203 / 0 tx / 0 om / 0 (0.0%) gas / (0x46494d1abfd31b96cdf95992a11756069afd310ad7450739b66e07e7dd0c49df) in 0.002s. Peers: 3","throwable":""}
{"timestamp":"2025-07-25T11:59:59,229","container":"71351656b7be","level":"INFO","thread":"EthScheduler-Workers-0","class":"PersistBlockTask","message":"Imported #204 / 0 tx / 0 om / 0 (0.0%) gas / (0x8847f6630412a3a20af8993085ae348db0271f2a8949924fccb983c189f4c689) in 0.002s. Peers: 3","throwable":""}
{"timestamp":"2025-07-25T12:00:08,034","container":"71351656b7be","level":"INFO","thread":"EthScheduler-Workers-0","class":"PersistBlockTask","message":"Imported #205 / 0 tx / 0 om / 0 (0.0%) gas / (0x8b068176dc22f47e73a6785baba5ab6ff49e01bcc1537d4f6242fa233e29bb77) in 0.003s. Peers: 3","throwable":""}
{"timestamp":"2025-07-25T12:00:15,242","container":"71351656b7be","level":"INFO","thread":"EthScheduler-Workers-0","class":"PersistBlockTask","message":"Imported #206 / 0 tx / 0 om / 0 (0.0%) gas / (0xbf1f0cade49bf717f7499c807407ec55fa235a5030a54f54ba2b72ff9cfcea29) in 0.002s. Peers: 3","throwable":""}
{"timestamp":"2025-07-25T12:00:23,240","container":"71351656b7be","level":"INFO","thread":"EthScheduler-Workers-0","class":"PersistBlockTask","message":"Imported #207 / 0 tx / 0 om / 0 (0.0%) gas / (0x01e81e98855821232c2205970262fb6e21ad3ea06ea9caad2ac2d325705a3eac) in 0.002s. Peers: 3","throwable":""}
{"timestamp":"2025-07-25T12:00:31,236","container":"71351656b7be","level":"INFO","thread":"EthScheduler-Workers-0","class":"PersistBlockTask","message":"Imported #208 / 0 tx / 0 om / 0 (0.0%) gas / (0x5886bfa219dee0bd552d942bf2da1fc9924c8852b12e3a03dc07fe4f8f13e539) in 0.002s. Peers: 3","throwable":""}
{"timestamp":"2025-07-25T12:00:40,037","container":"71351656b7be","level":"INFO","thread":"EthScheduler-Workers-0","class":"PersistBlockTask","message":"Imported #209 / 0 tx / 0 om / 0 (0.0%) gas / (0xa3d082838631720eb8783ba5cada5d2b8f56a0cc0fff9d995fd9322808324540) in 0.003s. Peers: 3","throwable":""}
{"timestamp":"2025-07-25T12:00:47,256","container":"71351656b7be","level":"INFO","thread":"EthScheduler-Workers-0","class":"PersistBlockTask","message":"Imported #210 / 0 tx / 0 om / 0 (0.0%) gas / (0x0c99a9223cf4f4ec6a81025a1ae1467ea87415516e76b3288fa39c8b5f914452) in 0.004s. Peers: 3","throwable":""}
{"timestamp":"2025-07-25T12:00:55,255","container":"71351656b7be","level":"INFO","thread":"EthScheduler-Workers-0","class":"PersistBlockTask","message":"Imported #211 / 0 tx / 0 om / 0 (0.0%) gas / (0x5d34c0bdbd75eea444ef48351e0a16af5ba7eeabfebdb8f18e9111ba498fa945) in 0.003s. Peers: 3","throwable":""}
{"timestamp":"2025-07-25T12:01:03,243","container":"71351656b7be","level":"INFO","thread":"EthScheduler-Workers-0","class":"PersistBlockTask","message":"Imported #212 / 0 tx / 0 om / 0 (0.0%) gas / (0xd1a8b6f02281782db2fd71b73cb98d4f744b0607cc6f03de77d5b2da5248c7b1) in 0.001s. Peers: 3","throwable":""}
{"timestamp":"2025-07-25T12:01:12,032","container":"71351656b7be","level":"INFO","thread":"EthScheduler-Workers-0","class":"PersistBlockTask","message":"Imported #213 / 0 tx / 0 om / 0 (0.0%) gas / (0xf6bd77be40522e2e148060b54417494b1d969b84775128eee7cadf8b0d3fcf54) in 0.003s. Peers: 3","throwable":""}
{"timestamp":"2025-07-25T12:01:19,251","container":"71351656b7be","level":"INFO","thread":"EthScheduler-Workers-0","class":"PersistBlockTask","message":"Imported #214 / 0 tx / 0 om / 0 (0.0%) gas / (0x68bcf4e42632be74ab95d6e10b0141bdff08daa882576687878bf7df05a0719b) in 0.001s. Peers: 3","throwable":""}
{"timestamp":"2025-07-25T12:01:27,298","container":"71351656b7be","level":"INFO","thread":"EthScheduler-Workers-0","class":"PersistBlockTask","message":"Imported #215 / 1 tx / 0 om / 128,923 (0.0%) gas / (0x44d6d3b5d6365502389ec3345869a97ee85ff6c80aec501bb2f97ff4b142cc6a) in 0.011s. Peers: 3","throwable":""}
{"timestamp":"2025-07-25T12:01:35,275","container":"71351656b7be","level":"INFO","thread":"EthScheduler-Workers-0","class":"PersistBlockTask","message":"Imported #216 / 0 tx / 0 om / 0 (0.0%) gas / (0xd015b37fc6d401adc15c8dc094388f8094d7af66b29d38906ba0649c566d1b1c) in 0.003s. Peers: 3","throwable":""}
{"timestamp":"2025-07-25T12:01:44,027","container":"71351656b7be","level":"INFO","thread":"EthScheduler-Workers-0","class":"PersistBlockTask","message":"Imported #217 / 0 tx / 0 om / 0 (0.0%) gas / (0x68a27753b3b2ed68d23a7b17fc62f11124fefdc5a39654412fb978d4457cbc90) in 0.002s. Peers: 3","throwable":""}
{"timestamp":"2025-07-25T12:01:51,275","container":"71351656b7be","level":"INFO","thread":"EthScheduler-Workers-0","class":"PersistBlockTask","message":"Imported #218 / 0 tx / 0 om / 0 (0.0%) gas / (0xaebd37ce349103acfbf807d08b535ece2d8f0ba74139878ab00c90991e531670) in 0.003s. Peers: 3","throwable":""}
{"timestamp":"2025-07-25T12:01:59,284","container":"71351656b7be","level":"INFO","thread":"EthScheduler-Workers-0","class":"PersistBlockTask","message":"Imported #219 / 0 tx / 0 om / 0 (0.0%) gas / (0x91cb6977500f9c0dc6060d42dd453c8be418cfaf3de262e97c0550506d4ef2bd) in 0.004s. Peers: 3","throwable":""}
{"timestamp":"2025-07-25T12:02:07,284","container":"71351656b7be","level":"INFO","thread":"EthScheduler-Workers-0","class":"PersistBlockTask","message":"Imported #220 / 0 tx / 0 om / 0 (0.0%) gas / (0x17b36696c0bdd760873cbfdbae9766e69647695484516d3dcc903a36e69da10f) in 0.002s. Peers: 3","throwable":""}
{"timestamp":"2025-07-25T12:02:16,025","container":"71351656b7be","level":"INFO","thread":"EthScheduler-Workers-0","class":"PersistBlockTask","message":"Imported #221 / 0 tx / 0 om / 0 (0.0%) gas / (0x28ba913814de977da5b2506d4eb4ef75a7d66906a5ba618c171cff31cae12633) in 0.002s. Peers: 3","throwable":""}
{"timestamp":"2025-07-25T12:02:23,297","container":"71351656b7be","level":"INFO","thread":"EthScheduler-Workers-0","class":"PersistBlockTask","message":"Imported #222 / 0 tx / 0 om / 0 (0.0%) gas / (0x8cd6359d7c1f751a9292a2beaf5c112e0cd3118e7fe759261fb1642e41cff29b) in 0.005s. Peers: 3","throwable":""}
{"timestamp":"2025-07-25T12:02:31,297","container":"71351656b7be","level":"INFO","thread":"EthScheduler-Workers-0","class":"PersistBlockTask","message":"Imported #223 / 0 tx / 0 om / 0 (0.0%) gas / (0xfeec168ff6aa2fb017827c696887aa7fe38f65d057a86d5b9b42c8e49445025e) in 0.002s. Peers: 3","throwable":""}
{"timestamp":"2025-07-25T12:02:39,308","container":"71351656b7be","level":"INFO","thread":"EthScheduler-Workers-0","class":"PersistBlockTask","message":"Imported #224 / 0 tx / 0 om / 0 (0.0%) gas / (0x8b402f304349b152928548f1b9653b97b127c1d35f46233810a2fd8ac8e31d99) in 0.002s. Peers: 3","throwable":""}
{"timestamp":"2025-07-25T12:02:48,030","container":"71351656b7be","level":"INFO","thread":"EthScheduler-Workers-0","class":"PersistBlockTask","message":"Imported #225 / 0 tx / 0 om / 0 (0.0%) gas / (0x721b95d3b4f322558288a330e8c2c44ae0878e7b47c620ad3cac10ce5f0b0e3d) in 0.003s. Peers: 3","throwable":""}
{"timestamp":"2025-07-25T12:02:55,313","container":"71351656b7be","level":"INFO","thread":"EthScheduler-Workers-0","class":"PersistBlockTask","message":"Imported #226 / 0 tx / 0 om / 0 (0.0%) gas / (0x4cd174effc7f5b5464dfcef09d9e213ab13aa4dbf6c497aec7509a6859e84f7e) in 0.003s. Peers: 3","throwable":""}
{"timestamp":"2025-07-25T12:03:03,312","container":"71351656b7be","level":"INFO","thread":"EthScheduler-Workers-0","class":"PersistBlockTask","message":"Imported #227 / 0 tx / 0 om / 0 (0.0%) gas / (0x7b3f5765d06e040132b10fa21cd55a2513fdc7f8afac79dcd186dfd9b17576da) in 0.002s. Peers: 3","throwable":""}
{"timestamp":"2025-07-25T12:03:11,324","container":"71351656b7be","level":"INFO","thread":"EthScheduler-Workers-0","class":"PersistBlockTask","message":"Imported #228 / 0 tx / 0 om / 0 (0.0%) gas / (0xb0b4fd19fdb5483c53e1824680e57dbe040f570ee46318c511e22d773501f1b4) in 0.006s. Peers: 3","throwable":""}
{"timestamp":"2025-07-25T12:03:20,032","container":"71351656b7be","level":"INFO","thread":"EthScheduler-Workers-0","class":"PersistBlockTask","message":"Imported #229 / 0 tx / 0 om / 0 (0.0%) gas / (0x662c74bebd82f32ef324e4f9042c523204f8cbce0e40587c79ad76b166a4de37) in 0.003s. Peers: 3","throwable":""}
{"timestamp":"2025-07-25T12:03:27,329","container":"71351656b7be","level":"INFO","thread":"EthScheduler-Workers-0","class":"PersistBlockTask","message":"Imported #230 / 0 tx / 0 om / 0 (0.0%) gas / (0x136c2d428093dc1983013009a613843b5860ca9df88ae829ee59ec90a0d6d9b7) in 0.003s. Peers: 3","throwable":""}
{"timestamp":"2025-07-25T12:03:35,343","container":"71351656b7be","level":"INFO","thread":"EthScheduler-Workers-0","class":"PersistBlockTask","message":"Imported #231 / 0 tx / 0 om / 0 (0.0%) gas / (0xbe2dfec9e6fad3bbd6f10c14bd94518d4390ec40da0b26b4647f17c1cb7988e0) in 0.002s. Peers: 3","throwable":""}
{"timestamp":"2025-07-25T12:03:43,335","container":"71351656b7be","level":"INFO","thread":"EthScheduler-Workers-0","class":"PersistBlockTask","message":"Imported #232 / 0 tx / 0 om / 0 (0.0%) gas / (0xf7c0b128084214eedd1da265b670572061c3a08b4edc27969b38fe38b393b721) in 0.003s. Peers: 3","throwable":""}
{"timestamp":"2025-07-25T12:03:52,027","container":"71351656b7be","level":"INFO","thread":"EthScheduler-Workers-0","class":"PersistBlockTask","message":"Imported #233 / 0 tx / 0 om / 0 (0.0%) gas / (0x2d785b5db580b3e70e8f468ade3012225986457ee385ee4d5d7f9f55c8365854) in 0.003s. Peers: 3","throwable":""}
{"timestamp":"2025-07-25T12:03:59,354","container":"71351656b7be","level":"INFO","thread":"EthScheduler-Workers-0","class":"PersistBlockTask","message":"Imported #234 / 0 tx / 0 om / 0 (0.0%) gas / (0xf25c3d8f7d8f3704098beedb24780cba97c428caa4e5577544f78d2a8d1fc7f3) in 0.003s. Peers: 3","throwable":""}
{"timestamp":"2025-07-25T12:04:07,344","container":"71351656b7be","level":"INFO","thread":"EthScheduler-Workers-0","class":"PersistBlockTask","message":"Imported #235 / 0 tx / 0 om / 0 (0.0%) gas / (0x6ebd255a3f7632f10427ca92169984f1936cebd064381fb78fab3fc3f56875f8) in 0.003s. Peers: 3","throwable":""}
{"timestamp":"2025-07-25T12:04:15,354","container":"71351656b7be","level":"INFO","thread":"EthScheduler-Workers-0","class":"PersistBlockTask","message":"Imported #236 / 0 tx / 0 om / 0 (0.0%) gas / (0xd4359b975c3f04aa298573b47f3e1ebb7939ed895773270946cd1ecc6fbdc9e5) in 0.002s. Peers: 3","throwable":""}
{"timestamp":"2025-07-25T12:04:24,037","container":"71351656b7be","level":"INFO","thread":"EthScheduler-Workers-0","class":"PersistBlockTask","message":"Imported #237 / 0 tx / 0 om / 0 (0.0%) gas / (0x86e287a331735f777353d01f5f66398c84f7e1f9911ec81dcfafcdc27c614291) in 0.006s. Peers: 3","throwable":""}
{"timestamp":"2025-07-25T12:04:31,364","container":"71351656b7be","level":"INFO","thread":"EthScheduler-Workers-0","class":"PersistBlockTask","message":"Imported #238 / 0 tx / 0 om / 0 (0.0%) gas / (0x6e123e1d734e68e7b99e5daeeaadeae0646c9648fa8ef95485aaf9a5a247d341) in 0.005s. Peers: 3","throwable":""}
{"timestamp":"2025-07-25T12:04:39,363","container":"71351656b7be","level":"INFO","thread":"EthScheduler-Workers-0","class":"PersistBlockTask","message":"Imported #239 / 0 tx / 0 om / 0 (0.0%) gas / (0x564209ae3228f11bb56a9b9fdb8dd4d6c54ec9c87a3c38635bc3163894827dfc) in 0.003s. Peers: 3","throwable":""}
{"timestamp":"2025-07-25T12:04:47,385","container":"71351656b7be","level":"INFO","thread":"EthScheduler-Workers-0","class":"PersistBlockTask","message":"Imported #240 / 0 tx / 0 om / 0 (0.0%) gas / (0x461429ddedf55d86200337e57746d709b083481555cc8cc620d410a1dd2c2cf2) in 0.003s. Peers: 3","throwable":""}
{"timestamp":"2025-07-25T12:04:56,019","container":"71351656b7be","level":"INFO","thread":"EthScheduler-Workers-0","class":"PersistBlockTask","message":"Imported #241 / 0 tx / 0 om / 0 (0.0%) gas / (0xfbb7e1b2fe84704e7e6c05fc3e96b799d0bf4b628c09b5d6cddd2e9a57f4b68b) in 0.003s. Peers: 3","throwable":""}
{"timestamp":"2025-07-25T12:05:03,378","container":"71351656b7be","level":"INFO","thread":"EthScheduler-Workers-0","class":"PersistBlockTask","message":"Imported #242 / 0 tx / 0 om / 0 (0.0%) gas / (0xf77d2e5e17020fa341313ef847938bd201ef7d9f5c3d947eaecd576a8cd207ea) in 0.003s. Peers: 3","throwable":""}
{"timestamp":"2025-07-25T12:05:11,382","container":"71351656b7be","level":"INFO","thread":"EthScheduler-Workers-0","class":"PersistBlockTask","message":"Imported #243 / 0 tx / 0 om / 0 (0.0%) gas / (0x73520efda99bbe3272c80b7335aaa84e824fda2abd1799d1f22d605cbb89e111) in 0.007s. Peers: 3","throwable":""}
{"timestamp":"2025-07-25T12:05:19,383","container":"71351656b7be","level":"INFO","thread":"EthScheduler-Workers-0","class":"PersistBlockTask","message":"Imported #244 / 0 tx / 0 om / 0 (0.0%) gas / (0x8b796f54859d025264ccce478d3574241bf3ec60fe218500c2fe19f15dd88764) in 0.003s. Peers: 3","throwable":""}
{"timestamp":"2025-07-25T12:05:28,043","container":"71351656b7be","level":"INFO","thread":"EthScheduler-Workers-0","class":"PersistBlockTask","message":"Imported #245 / 0 tx / 0 om / 0 (0.0%) gas / (0x0f901d44ae5db97882160bb2ad53dcd6c5923af5baa5783f9e3c510684c6327a) in 0.002s. Peers: 3","throwable":""}
{"timestamp":"2025-07-25T12:05:35,394","container":"71351656b7be","level":"INFO","thread":"EthScheduler-Workers-0","class":"PersistBlockTask","message":"Imported #246 / 0 tx / 0 om / 0 (0.0%) gas / (0x9f665b3b0bbe4bf3cada27b343c418d44e529029535061469c9a0ed76aa2d2e3) in 0.003s. Peers: 3","throwable":""}
{"timestamp":"2025-07-25T12:05:43,400","container":"71351656b7be","level":"INFO","thread":"EthScheduler-Workers-0","class":"PersistBlockTask","message":"Imported #247 / 0 tx / 0 om / 0 (0.0%) gas / (0x0970ddf5a71ce59941d0929687ec02e7554ef88f5628d6ccfa87295c7fdc98d4) in 0.003s. Peers: 3","throwable":""}
{"timestamp":"2025-07-25T12:05:51,390","container":"71351656b7be","level":"INFO","thread":"EthScheduler-Workers-0","class":"PersistBlockTask","message":"Imported #248 / 0 tx / 0 om / 0 (0.0%) gas / (0xcccd114d02f32869034eed17f69f2bc11119e45a3d51c84a3d7f778646673d16) in 0.002s. Peers: 3","throwable":""}
{"timestamp":"2025-07-25T12:06:00,037","container":"71351656b7be","level":"INFO","thread":"EthScheduler-Workers-0","class":"PersistBlockTask","message":"Imported #249 / 0 tx / 0 om / 0 (0.0%) gas / (0xb2688b306ccc2abfbecdadd92fb1d665b8dee3bbb5816d3fcb45fd41b0d0221a) in 0.003s. Peers: 3","throwable":""}
{"timestamp":"2025-07-25T12:06:07,410","container":"71351656b7be","level":"INFO","thread":"EthScheduler-Workers-0","class":"PersistBlockTask","message":"Imported #250 / 0 tx / 0 om / 0 (0.0%) gas / (0xcc363397731d96c70bfb4eb8a51deba28561a816be80290eab3b6201dc0155dc) in 0.004s. Peers: 3","throwable":""}
{"timestamp":"2025-07-25T12:06:15,416","container":"71351656b7be","level":"INFO","thread":"EthScheduler-Workers-0","class":"PersistBlockTask","message":"Imported #251 / 0 tx / 0 om / 0 (0.0%) gas / (0xad5f4cd25881a90cd562ef5667a267d31771c345d47377614af6d290808a9169) in 0.007s. Peers: 3","throwable":""}
{"timestamp":"2025-07-25T12:06:23,415","container":"71351656b7be","level":"INFO","thread":"EthScheduler-Workers-0","class":"PersistBlockTask","message":"Imported #252 / 0 tx / 0 om / 0 (0.0%) gas / (0x83a31fd9d61b1acc462976f3e952b9c951cb3c838b89a8b134a9400495262e16) in 0.004s. Peers: 3","throwable":""}
{"timestamp":"2025-07-25T12:06:32,028","container":"71351656b7be","level":"INFO","thread":"EthScheduler-Workers-0","class":"PersistBlockTask","message":"Imported #253 / 0 tx / 0 om / 0 (0.0%) gas / (0x3cd3027950597f7f864622d085e0ebfb2f767cdb2f950f228f9200c9a101af73) in 0.002s. Peers: 3","throwable":""}
{"timestamp":"2025-07-25T12:06:39,430","container":"71351656b7be","level":"INFO","thread":"EthScheduler-Workers-0","class":"PersistBlockTask","message":"Imported #254 / 0 tx / 0 om / 0 (0.0%) gas / (0xc1fb1284cdcebaa1e0b50b50e67d0cf90a723862a20fc80e267e95f59e13d755) in 0.003s. Peers: 3","throwable":""}
{"timestamp":"2025-07-25T12:06:47,439","container":"71351656b7be","level":"INFO","thread":"EthScheduler-Workers-0","class":"PersistBlockTask","message":"Imported #255 / 0 tx / 0 om / 0 (0.0%) gas / (0x936b516ba3c1b0ea2846625f944750259c05488759d83a004a1948b7a8678ccf) in 0.008s. Peers: 3","throwable":""}
{"timestamp":"2025-07-25T12:06:55,439","container":"71351656b7be","level":"INFO","thread":"EthScheduler-Workers-0","class":"PersistBlockTask","message":"Imported #256 / 0 tx / 0 om / 0 (0.0%) gas / (0x5509dc27b57e0d0e7ebdc66438b92449c396d9c24b47db68ad79cac1cfe578e9) in 0.005s. Peers: 3","throwable":""}
{"timestamp":"2025-07-25T12:07:04,030","container":"71351656b7be","level":"INFO","thread":"EthScheduler-Workers-0","class":"PersistBlockTask","message":"Imported #257 / 0 tx / 0 om / 0 (0.0%) gas / (0x4057f8120841aa11e400787735746ebcfacab4c0f170be7c61e1caaba7a8df17) in 0.002s. Peers: 3","throwable":""}
{"timestamp":"2025-07-25T12:07:11,446","container":"71351656b7be","level":"INFO","thread":"EthScheduler-Workers-0","class":"PersistBlockTask","message":"Imported #258 / 0 tx / 0 om / 0 (0.0%) gas / (0x6e359a4bf368b2eeca23b9ef66473a98ae7aa8db534b24137e3518cf42f57b5a) in 0.002s. Peers: 3","throwable":""}
{"timestamp":"2025-07-25T12:07:19,441","container":"71351656b7be","level":"INFO","thread":"EthScheduler-Workers-0","class":"PersistBlockTask","message":"Imported #259 / 0 tx / 0 om / 0 (0.0%) gas / (0x8648a83d42e1b10488fd1f3c4b7622e59f67200d4013185c06e5097be1d2dfc7) in 0.003s. Peers: 3","throwable":""}
{"timestamp":"2025-07-25T12:07:27,456","container":"71351656b7be","level":"INFO","thread":"EthScheduler-Workers-0","class":"PersistBlockTask","message":"Imported #260 / 0 tx / 0 om / 0 (0.0%) gas / (0x2e9585f36bec7e69d0ed41944bf3a7821eff9df701b97f9eb26ed8f5f9c503c9) in 0.002s. Peers: 3","throwable":""}
{"timestamp":"2025-07-25T12:07:36,026","container":"71351656b7be","level":"INFO","thread":"EthScheduler-Workers-0","class":"PersistBlockTask","message":"Imported #261 / 0 tx / 0 om / 0 (0.0%) gas / (0x33e88fdac04420ad9d1deb9477491d55e6a1f7f555d027f665470ee00234dca6) in 0.001s. Peers: 3","throwable":""}
{"timestamp":"2025-07-25T12:07:43,454","container":"71351656b7be","level":"INFO","thread":"EthScheduler-Workers-0","class":"PersistBlockTask","message":"Imported #262 / 0 tx / 0 om / 0 (0.0%) gas / (0x71322264e8dc87e2688fd58290830dbf8bef12b540a13c59b30bd0b75128b2e7) in 0.001s. Peers: 3","throwable":""}
{"timestamp":"2025-07-25T12:07:51,460","container":"71351656b7be","level":"INFO","thread":"EthScheduler-Workers-0","class":"PersistBlockTask","message":"Imported #263 / 0 tx / 0 om / 0 (0.0%) gas / (0xec16befa5db36e9039c9482e1a8cb7630869e3e707af2e69c04e7219de208079) in 0.003s. Peers: 3","throwable":""}
{"timestamp":"2025-07-25T12:07:59,454","container":"71351656b7be","level":"INFO","thread":"EthScheduler-Workers-0","class":"PersistBlockTask","message":"Imported #264 / 0 tx / 0 om / 0 (0.0%) gas / (0xae2699432126ad7fde038da679cbe0442e5d3010236931bcc60712234b768a4b) in 0.004s. Peers: 3","throwable":""}
{"timestamp":"2025-07-25T12:08:08,028","container":"71351656b7be","level":"INFO","thread":"EthScheduler-Workers-0","class":"PersistBlockTask","message":"Imported #265 / 0 tx / 0 om / 0 (0.0%) gas / (0x1411a5f975a4275a15d568e30317d16f4f9c937bcbd5f497c3ecdfb30ecec676) in 0.003s. Peers: 3","throwable":""}
{"timestamp":"2025-07-25T12:08:15,467","container":"71351656b7be","level":"INFO","thread":"EthScheduler-Workers-0","class":"PersistBlockTask","message":"Imported #266 / 0 tx / 0 om / 0 (0.0%) gas / (0xd4bbc73e1f9c6b5cfb09d6811dce5447d4c530e24caa6c669d631feb3824937b) in 0.002s. Peers: 3","throwable":""}
{"timestamp":"2025-07-25T12:08:23,461","container":"71351656b7be","level":"INFO","thread":"EthScheduler-Workers-0","class":"PersistBlockTask","message":"Imported #267 / 0 tx / 0 om / 0 (0.0%) gas / (0xd5a6b4513b56684ec881654aaaeff021281bd84ed4dadebbb169428ceb74b9a3) in 0.001s. Peers: 3","throwable":""}
{"timestamp":"2025-07-25T12:08:31,475","container":"71351656b7be","level":"INFO","thread":"EthScheduler-Workers-0","class":"PersistBlockTask","message":"Imported #268 / 0 tx / 0 om / 0 (0.0%) gas / (0xb9d195630a439ef225872cfed62eb62841795cadea99425ccbf6c0c29d36f809) in 0.001s. Peers: 3","throwable":""}
{"timestamp":"2025-07-25T12:08:40,031","container":"71351656b7be","level":"INFO","thread":"EthScheduler-Workers-0","class":"PersistBlockTask","message":"Imported #269 / 0 tx / 0 om / 0 (0.0%) gas / (0x862adb9b0ced2ac6298c42b80949f9a947c42ab86046637c8ae97fd1a42e06a0) in 0.002s. Peers: 3","throwable":""}
{"timestamp":"2025-07-25T12:08:47,480","container":"71351656b7be","level":"INFO","thread":"EthScheduler-Workers-0","class":"PersistBlockTask","message":"Imported #270 / 0 tx / 0 om / 0 (0.0%) gas / (0x24fec0e9003a1f94de0c22413835ecb7fe36f7de1c9a2c33f4343735270aa9c7) in 0.002s. Peers: 3","throwable":""}
{"timestamp":"2025-07-25T12:08:55,494","container":"71351656b7be","level":"INFO","thread":"EthScheduler-Workers-0","class":"PersistBlockTask","message":"Imported #271 / 0 tx / 0 om / 0 (0.0%) gas / (0xe9034899710ebc88ba5843195268c4ab7251a1093fddcdfae207c3474a142f2f) in 0.005s. Peers: 3","throwable":""}
{"timestamp":"2025-07-25T12:09:03,482","container":"71351656b7be","level":"INFO","thread":"EthScheduler-Workers-0","class":"PersistBlockTask","message":"Imported #272 / 0 tx / 0 om / 0 (0.0%) gas / (0xc26116595df8ef868b9c3b80101816009171e59bfe315d538466c229d73c4471) in 0.001s. Peers: 3","throwable":""}
{"timestamp":"2025-07-25T12:09:12,022","container":"71351656b7be","level":"INFO","thread":"EthScheduler-Workers-0","class":"PersistBlockTask","message":"Imported #273 / 0 tx / 0 om / 0 (0.0%) gas / (0x060b211b6306a69dfd1a7db73db66eaa8c0735d0d5cedabfe48cf88a3cd28c99) in 0.002s. Peers: 3","throwable":""}
{"timestamp":"2025-07-25T12:09:19,511","container":"71351656b7be","level":"INFO","thread":"EthScheduler-Workers-0","class":"PersistBlockTask","message":"Imported #274 / 0 tx / 0 om / 0 (0.0%) gas / (0xd54743f890af7653c0d809831f85165ad812c40fa632a8126287a291fbbb52c8) in 0.003s. Peers: 3","throwable":""}
{"timestamp":"2025-07-25T12:09:27,503","container":"71351656b7be","level":"INFO","thread":"EthScheduler-Workers-0","class":"PersistBlockTask","message":"Imported #275 / 0 tx / 0 om / 0 (0.0%) gas / (0x93e567b36ad2fb178899f657c17552080eb08f5fdfb4476a4abde7caaa44174f) in 0.003s. Peers: 3","throwable":""}
{"timestamp":"2025-07-25T12:09:35,512","container":"71351656b7be","level":"INFO","thread":"EthScheduler-Workers-0","class":"PersistBlockTask","message":"Imported #276 / 0 tx / 0 om / 0 (0.0%) gas / (0x5bd0fb443edcae8de4a3f31d79ceaa87fcf8ad320650be713a9cbee0d9288507) in 0.003s. Peers: 3","throwable":""}
{"timestamp":"2025-07-25T12:09:44,029","container":"71351656b7be","level":"INFO","thread":"EthScheduler-Workers-0","class":"PersistBlockTask","message":"Imported #277 / 0 tx / 0 om / 0 (0.0%) gas / (0xf75da235e5eaf2251989a18ccdbca679433e2553c93b96afd0459c280bceaca7) in 0.003s. Peers: 3","throwable":""}
{"timestamp":"2025-07-25T12:09:51,515","container":"71351656b7be","level":"INFO","thread":"EthScheduler-Workers-0","class":"PersistBlockTask","message":"Imported #278 / 0 tx / 0 om / 0 (0.0%) gas / (0x18325d1ce9d646d935e277858521b70918222f413d93d93f273ddadb3ebd84ed) in 0.002s. Peers: 3","throwable":""}
{"timestamp":"2025-07-25T12:09:59,518","container":"71351656b7be","level":"INFO","thread":"EthScheduler-Workers-0","class":"PersistBlockTask","message":"Imported #279 / 0 tx / 0 om / 0 (0.0%) gas / (0x237e6a5f4acd5838c57057a21a8c2b34ffde6907de8fa237db7c00bc1adf5773) in 0.002s. Peers: 3","throwable":""}
{"timestamp":"2025-07-25T12:10:07,527","container":"71351656b7be","level":"INFO","thread":"EthScheduler-Workers-0","class":"PersistBlockTask","message":"Imported #280 / 0 tx / 0 om / 0 (0.0%) gas / (0xefb9720b21efec7ee9d0022979e82eb5c20bd983e985d32cfccd739133b2495b) in 0.003s. Peers: 3","throwable":""}
{"timestamp":"2025-07-25T12:10:16,058","container":"71351656b7be","level":"INFO","thread":"EthScheduler-Workers-0","class":"PersistBlockTask","message":"Imported #281 / 0 tx / 0 om / 0 (0.0%) gas / (0x0b35d014183f119d687423568181a7e404f6536911715ec99e4f1c89a62ac8b6) in 0.002s. Peers: 3","throwable":""}
{"timestamp":"2025-07-25T12:10:23,530","container":"71351656b7be","level":"INFO","thread":"EthScheduler-Workers-0","class":"PersistBlockTask","message":"Imported #282 / 0 tx / 0 om / 0 (0.0%) gas / (0xb7762fd55ffd0bb92e3036c7b6cc86f8d327d13b9edad425cd9e1e09a15d0178) in 0.002s. Peers: 3","throwable":""}
{"timestamp":"2025-07-25T12:10:31,536","container":"71351656b7be","level":"INFO","thread":"EthScheduler-Workers-0","class":"PersistBlockTask","message":"Imported #283 / 0 tx / 0 om / 0 (0.0%) gas / (0x87ad71b95f3af03101892cf4b1888d6c1afe54cbad21fe7310794fb966a3c656) in 0.004s. Peers: 3","throwable":""}
{"timestamp":"2025-07-25T12:10:39,540","container":"71351656b7be","level":"INFO","thread":"EthScheduler-Workers-0","class":"PersistBlockTask","message":"Imported #284 / 0 tx / 0 om / 0 (0.0%) gas / (0x461901b7f45a16a4667b88a437a67f6c9414bf3daa15197afeaf75130d5beb07) in 0.003s. Peers: 3","throwable":""}
{"timestamp":"2025-07-25T12:10:48,032","container":"71351656b7be","level":"INFO","thread":"EthScheduler-Workers-0","class":"PersistBlockTask","message":"Imported #285 / 0 tx / 0 om / 0 (0.0%) gas / (0x8541839c89b3be072562450e1485d3cdd3b8823bbb74a3fb57776e83dc9b882e) in 0.002s. Peers: 3","throwable":""}
{"timestamp":"2025-07-25T12:10:55,642","container":"71351656b7be","level":"INFO","thread":"EthScheduler-Workers-0","class":"PersistBlockTask","message":"Imported #286 / 1 tx / 0 om / 473,036 (0.0%) gas / (0x16c1e529241526848190d52e39daebbbf277700d5f2c5c4f651cc02786761d1c) in 0.019s. Peers: 3","throwable":""}
{"timestamp":"2025-07-25T12:11:03,547","container":"71351656b7be","level":"INFO","thread":"EthScheduler-Workers-0","class":"PersistBlockTask","message":"Imported #287 / 0 tx / 0 om / 0 (0.0%) gas / (0xa025f36ac2372d0a17568a181729a9f8a46156ee2d2c80059a0123039d06fe8c) in 0.002s. Peers: 3","throwable":""}
{"timestamp":"2025-07-25T12:11:11,554","container":"71351656b7be","level":"INFO","thread":"EthScheduler-Workers-0","class":"PersistBlockTask","message":"Imported #288 / 0 tx / 0 om / 0 (0.0%) gas / (0x9b23d711a1bb4aa54f7e96e0aeed1d4d24d69b19d45b12e3c46858366c036923) in 0.002s. Peers: 3","throwable":""}
{"timestamp":"2025-07-25T12:11:20,018","container":"71351656b7be","level":"INFO","thread":"EthScheduler-Workers-0","class":"PersistBlockTask","message":"Imported #289 / 0 tx / 0 om / 0 (0.0%) gas / (0xd18386574d7dadc9edfa2d317f1dcce65fa22bbf440fcfcd3a8522e4c83eb521) in 0.001s. Peers: 3","throwable":""}
{"timestamp":"2025-07-25T12:11:27,566","container":"71351656b7be","level":"INFO","thread":"EthScheduler-Workers-0","class":"PersistBlockTask","message":"Imported #290 / 0 tx / 0 om / 0 (0.0%) gas / (0x4e924a9397bcb00b8e210b4452d015091280d8fce6232ecd21600f56766ae192) in 0.003s. Peers: 3","throwable":""}
{"timestamp":"2025-07-25T12:11:35,569","container":"71351656b7be","level":"INFO","thread":"EthScheduler-Workers-0","class":"PersistBlockTask","message":"Imported #291 / 0 tx / 0 om / 0 (0.0%) gas / (0x04e571acb9266be1140ec92e9ed05acd49a38a726f6ce9bb32c2b9be97e1205f) in 0.003s. Peers: 3","throwable":""}
{"timestamp":"2025-07-25T12:11:43,674","container":"71351656b7be","level":"INFO","thread":"EthScheduler-Workers-0","class":"PersistBlockTask","message":"Imported #292 / 1 tx / 0 om / 438,836 (0.0%) gas / (0x8f912f2fdaf78913b8780b01f2e02661686af4e4b3a09cdcd4545d1131ccbeb9) in 0.029s. Peers: 3","throwable":""}
{"timestamp":"2025-07-25T12:11:52,026","container":"71351656b7be","level":"INFO","thread":"EthScheduler-Workers-0","class":"PersistBlockTask","message":"Imported #293 / 0 tx / 0 om / 0 (0.0%) gas / (0xa4938f46f9b392554d6c0fa6027b87a6e79ecae34ba09d4aa99ba933aef8995f) in 0.003s. Peers: 3","throwable":""}
{"timestamp":"2025-07-25T12:11:59,572","container":"71351656b7be","level":"INFO","thread":"EthScheduler-Workers-0","class":"PersistBlockTask","message":"Imported #294 / 0 tx / 0 om / 0 (0.0%) gas / (0xbfaea6e658cfa5e8cd0004fdedf201f23b0b44ee8007e5cc8aeeac049f85f06b) in 0.001s. Peers: 3","throwable":""}
{"timestamp":"2025-07-25T12:12:07,585","container":"71351656b7be","level":"INFO","thread":"EthScheduler-Workers-0","class":"PersistBlockTask","message":"Imported #295 / 0 tx / 0 om / 0 (0.0%) gas / (0xcf9b6ff6f83785796848b7ebba28a94362d39fd2ac1153190a27bc7e486ae986) in 0.003s. Peers: 3","throwable":""}
{"timestamp":"2025-07-25T12:12:15,591","container":"71351656b7be","level":"INFO","thread":"EthScheduler-Workers-0","class":"PersistBlockTask","message":"Imported #296 / 0 tx / 0 om / 0 (0.0%) gas / (0x5c8a044f8ed4ffc074a38936502aa17cc0f22bff13822efffd612bd6c7fcf354) in 0.003s. Peers: 3","throwable":""}
{"timestamp":"2025-07-25T12:12:24,027","container":"71351656b7be","level":"INFO","thread":"EthScheduler-Workers-0","class":"PersistBlockTask","message":"Imported #297 / 0 tx / 0 om / 0 (0.0%) gas / (0x51b3b9418f4bc54936d37ee6d9fbc6ad2b8f065f6e911047d049315352d012f5) in 0.002s. Peers: 3","throwable":""}
{"timestamp":"2025-07-25T12:12:31,594","container":"71351656b7be","level":"INFO","thread":"EthScheduler-Workers-0","class":"PersistBlockTask","message":"Imported #298 / 0 tx / 0 om / 0 (0.0%) gas / (0x4fb4cdecc342e43a773073d3b2a9067e913d0d795d922c4b121486c2f0f9d4c7) in 0.003s. Peers: 3","throwable":""}
{"timestamp":"2025-07-25T12:12:39,606","container":"71351656b7be","level":"INFO","thread":"EthScheduler-Workers-0","class":"PersistBlockTask","message":"Imported #299 / 0 tx / 0 om / 0 (0.0%) gas / (0x44f966973ba5d68bfb7b4e822737c31100bfa4c64bb38f7e60a0ed911370fa61) in 0.004s. Peers: 3","throwable":""}
{"timestamp":"2025-07-25T12:12:47,651","container":"71351656b7be","level":"INFO","thread":"EthScheduler-Workers-0","class":"PersistBlockTask","message":"Imported #300 / 1 tx / 0 om / 438,836 (0.0%) gas / (0xe8a3c006c9070a4faf9e7f51fb3e04f5533bdb46d111be85fa7c7ae2c7aeff33) in 0.023s. Peers: 3","throwable":""}
{"timestamp":"2025-07-25T12:12:56,027","container":"71351656b7be","level":"INFO","thread":"EthScheduler-Workers-0","class":"PersistBlockTask","message":"Imported #301 / 0 tx / 0 om / 0 (0.0%) gas / (0x7cd171e8ec6ab0522ac6373d897c683ede2732d6c91d7261c3442681f3d9ef7c) in 0.003s. Peers: 3","throwable":""}
{"timestamp":"2025-07-25T12:13:03,688","container":"71351656b7be","level":"INFO","thread":"EthScheduler-Workers-0","class":"PersistBlockTask","message":"Imported #302 / 1 tx / 0 om / 438,836 (0.0%) gas / (0xf993cc74a4d00c6e0fed6db50884459c3661683ad14b7b662fcd50bf157571d5) in 0.022s. Peers: 3","throwable":""}
{"timestamp":"2025-07-25T12:13:11,620","container":"71351656b7be","level":"INFO","thread":"EthScheduler-Workers-0","class":"PersistBlockTask","message":"Imported #303 / 0 tx / 0 om / 0 (0.0%) gas / (0xec04ebfc455192c8c3c702c57b94d83238d9bd410abea4c59436c298710887a7) in 0.003s. Peers: 3","throwable":""}
{"timestamp":"2025-07-25T12:13:19,635","container":"71351656b7be","level":"INFO","thread":"EthScheduler-Workers-0","class":"PersistBlockTask","message":"Imported #304 / 0 tx / 0 om / 0 (0.0%) gas / (0x96c697e2b83aed63bccdcf42863f111fdf02e8dbc495e1a68e489744daa8a8c9) in 0.003s. Peers: 3","throwable":""}
{"timestamp":"2025-07-25T12:13:28,040","container":"71351656b7be","level":"INFO","thread":"EthScheduler-Workers-0","class":"PersistBlockTask","message":"Imported #305 / 0 tx / 0 om / 0 (0.0%) gas / (0x92e56a10e0690d2d3411afe294e1122bbd772aa743b340ec3edacb6a5affe3ea) in 0.002s. Peers: 3","throwable":""}
{"timestamp":"2025-07-25T12:13:35,636","container":"71351656b7be","level":"INFO","thread":"EthScheduler-Workers-0","class":"PersistBlockTask","message":"Imported #306 / 0 tx / 0 om / 0 (0.0%) gas / (0x61817c32012ed2a5bfb72c2a1f17610f5ddce809fa510f07b4309178e1bc0345) in 0.001s. Peers: 3","throwable":""}
{"timestamp":"2025-07-25T12:13:43,632","container":"71351656b7be","level":"INFO","thread":"EthScheduler-Workers-0","class":"PersistBlockTask","message":"Imported #307 / 0 tx / 0 om / 0 (0.0%) gas / (0x72fc18f5eedba64146e063e42218cd2543ba059859ae6dcf40bd2443dfc842c8) in 0.002s. Peers: 3","throwable":""}
{"timestamp":"2025-07-25T12:13:51,634","container":"71351656b7be","level":"INFO","thread":"EthScheduler-Workers-0","class":"PersistBlockTask","message":"Imported #308 / 0 tx / 0 om / 0 (0.0%) gas / (0x294ed92fe1c14b8aa7842eafb0906bfadd9039588a97dc412373f71f837c3592) in 0.003s. Peers: 3","throwable":""}
{"timestamp":"2025-07-25T12:14:00,024","container":"71351656b7be","level":"INFO","thread":"EthScheduler-Workers-0","class":"PersistBlockTask","message":"Imported #309 / 0 tx / 0 om / 0 (0.0%) gas / (0x7fd332ae2179a873f1c6acb80a815d52fa9e7be4915b8d8605b15c2b0a6c90c3) in 0.001s. Peers: 3","throwable":""}
{"timestamp":"2025-07-25T12:14:07,648","container":"71351656b7be","level":"INFO","thread":"EthScheduler-Workers-0","class":"PersistBlockTask","message":"Imported #310 / 0 tx / 0 om / 0 (0.0%) gas / (0x1ef935413cd253931deed2e0694a20c0c9b95cc445b5356d110484ceac2d8420) in 0.004s. Peers: 3","throwable":""}
{"timestamp":"2025-07-25T12:14:15,648","container":"71351656b7be","level":"INFO","thread":"EthScheduler-Workers-0","class":"PersistBlockTask","message":"Imported #311 / 0 tx / 0 om / 0 (0.0%) gas / (0xff2ba48606db8163f514c69a4c120ca2e51e9e5795fe02c8c039fb6f92101357) in 0.003s. Peers: 3","throwable":""}
{"timestamp":"2025-07-25T12:14:23,650","container":"71351656b7be","level":"INFO","thread":"EthScheduler-Workers-0","class":"PersistBlockTask","message":"Imported #312 / 0 tx / 0 om / 0 (0.0%) gas / (0xeb0ac6841aed3b535a1643668e49c0494f0d93a7294637a1b1034d0647614a03) in 0.002s. Peers: 3","throwable":""}
{"timestamp":"2025-07-25T12:14:32,026","container":"71351656b7be","level":"INFO","thread":"EthScheduler-Workers-0","class":"PersistBlockTask","message":"Imported #313 / 0 tx / 0 om / 0 (0.0%) gas / (0xe89496821293c59fac559a82271dae251f383330632c4752041609d3e1607662) in 0.002s. Peers: 3","throwable":""}
{"timestamp":"2025-07-25T12:14:39,663","container":"71351656b7be","level":"INFO","thread":"EthScheduler-Workers-0","class":"PersistBlockTask","message":"Imported #314 / 0 tx / 0 om / 0 (0.0%) gas / (0x21d4c5a8d44e041f1f5e07fffce16f0067ae85ac11c3fe2bdd99c709488d73e9) in 0.003s. Peers: 3","throwable":""}
{"timestamp":"2025-07-25T12:14:47,666","container":"71351656b7be","level":"INFO","thread":"EthScheduler-Workers-0","class":"PersistBlockTask","message":"Imported #315 / 0 tx / 0 om / 0 (0.0%) gas / (0xc7701ff84489ff3d1f96f8c09ee5eb9bdc626b86b17196dc5ea7b5c171efa10d) in 0.003s. Peers: 3","throwable":""}
{"timestamp":"2025-07-25T12:14:55,659","container":"71351656b7be","level":"INFO","thread":"EthScheduler-Workers-0","class":"PersistBlockTask","message":"Imported #316 / 0 tx / 0 om / 0 (0.0%) gas / (0xee6ec6c979c86da84f6f1e4cb6eef27f70ad9ce08ee9858dc3eaa320a66c4df3) in 0.002s. Peers: 3","throwable":""}
{"timestamp":"2025-07-25T12:15:04,031","container":"71351656b7be","level":"INFO","thread":"EthScheduler-Workers-0","class":"PersistBlockTask","message":"Imported #317 / 0 tx / 0 om / 0 (0.0%) gas / (0xb3d91db5edc8c071e67c8f9fc3de929b30e28f5f9cb3da82655d4b63f7118551) in 0.002s. Peers: 3","throwable":""}
{"timestamp":"2025-07-25T12:15:11,676","container":"71351656b7be","level":"INFO","thread":"EthScheduler-Workers-0","class":"PersistBlockTask","message":"Imported #318 / 0 tx / 0 om / 0 (0.0%) gas / (0xf3262b9c8833115d8fa1501d8d6dbb5ab1fcba6f609967c57e87249b24b65677) in 0.002s. Peers: 3","throwable":""}
{"timestamp":"2025-07-25T12:15:19,670","container":"71351656b7be","level":"INFO","thread":"EthScheduler-Workers-0","class":"PersistBlockTask","message":"Imported #319 / 0 tx / 0 om / 0 (0.0%) gas / (0x77e998a7a8bfa91fc6bc03f1c67889dc45bb9a7d17c37340107a75583c621545) in 0.001s. Peers: 3","throwable":""}
{"timestamp":"2025-07-25T12:15:27,684","container":"71351656b7be","level":"INFO","thread":"EthScheduler-Workers-0","class":"PersistBlockTask","message":"Imported #320 / 0 tx / 0 om / 0 (0.0%) gas / (0x29174d9f6bc26f8506fb99543e11ee116d0d5a4d0391fe0301b0100cbf14cfe0) in 0.002s. Peers: 3","throwable":""}
{"timestamp":"2025-07-25T12:15:36,016","container":"71351656b7be","level":"INFO","thread":"EthScheduler-Workers-0","class":"PersistBlockTask","message":"Imported #321 / 0 tx / 0 om / 0 (0.0%) gas / (0x678734a3b7647e573270a36d1d8c8642fd6486917b61d9b3d6643428361396be) in 0.001s. Peers: 3","throwable":""}
{"timestamp":"2025-07-25T12:15:43,690","container":"71351656b7be","level":"INFO","thread":"EthScheduler-Workers-0","class":"PersistBlockTask","message":"Imported #322 / 0 tx / 0 om / 0 (0.0%) gas / (0x0100e64fdb2df3fc5bebce5104f1b1b8a42bfea7ee30b7231cc2cc26b0f20f8a) in 0.002s. Peers: 3","throwable":""}
{"timestamp":"2025-07-25T12:15:51,696","container":"71351656b7be","level":"INFO","thread":"EthScheduler-Workers-0","class":"PersistBlockTask","message":"Imported #323 / 0 tx / 0 om / 0 (0.0%) gas / (0xd52c02d53975003bc48f694a8e9907b7d06cca7c35be8642d999a03b5a6a74d8) in 0.003s. Peers: 3","throwable":""}
{"timestamp":"2025-07-25T12:15:59,716","container":"71351656b7be","level":"INFO","thread":"EthScheduler-Workers-0","class":"PersistBlockTask","message":"Imported #324 / 0 tx / 0 om / 0 (0.0%) gas / (0x2d539c16f2e88d9a36f75d9b997a5cd1cd5d11f585e73d64f309500db8a4462d) in 0.009s. Peers: 3","throwable":""}
{"timestamp":"2025-07-25T12:16:08,026","container":"71351656b7be","level":"INFO","thread":"EthScheduler-Workers-0","class":"PersistBlockTask","message":"Imported #325 / 0 tx / 0 om / 0 (0.0%) gas / (0x9a0a05a82e93e0134dfdac6c4205ecef5966f8ae3a97282da7648826a78ef436) in 0.004s. Peers: 3","throwable":""}
{"timestamp":"2025-07-25T12:16:15,706","container":"71351656b7be","level":"INFO","thread":"EthScheduler-Workers-0","class":"PersistBlockTask","message":"Imported #326 / 0 tx / 0 om / 0 (0.0%) gas / (0xe70d4cd90ce9cf557be73ffd3095f4d8e8bd9126b6b3c17ec60dd1c01473f8ea) in 0.002s. Peers: 3","throwable":""}
{"timestamp":"2025-07-25T12:16:23,717","container":"71351656b7be","level":"INFO","thread":"EthScheduler-Workers-0","class":"PersistBlockTask","message":"Imported #327 / 0 tx / 0 om / 0 (0.0%) gas / (0x9acdcd80e10394a92eba5e6808a9290fbbf58d10510be53b2e1b09e9671a4d48) in 0.003s. Peers: 3","throwable":""}
{"timestamp":"2025-07-25T12:16:31,715","container":"71351656b7be","level":"INFO","thread":"EthScheduler-Workers-0","class":"PersistBlockTask","message":"Imported #328 / 0 tx / 0 om / 0 (0.0%) gas / (0x540079a79ba42df3d6491b77d6e25f405a2219fc1da321d285f561b4558499c0) in 0.002s. Peers: 3","throwable":""}
{"timestamp":"2025-07-25T12:16:40,026","container":"71351656b7be","level":"INFO","thread":"EthScheduler-Workers-0","class":"PersistBlockTask","message":"Imported #329 / 0 tx / 0 om / 0 (0.0%) gas / (0x598d917ad86eb034d5e27ccc8b0bfefb61a8ad5ff23548a7364b7d6c56e2d697) in 0.002s. Peers: 3","throwable":""}
{"timestamp":"2025-07-25T12:16:47,726","container":"71351656b7be","level":"INFO","thread":"EthScheduler-Workers-0","class":"PersistBlockTask","message":"Imported #330 / 0 tx / 0 om / 0 (0.0%) gas / (0xd83b146a5c0a419db2c2bf23b6ca0ee9adc23e1627db3feebb4d421236cc84f1) in 0.004s. Peers: 3","throwable":""}
{"timestamp":"2025-07-25T12:16:55,726","container":"71351656b7be","level":"INFO","thread":"EthScheduler-Workers-0","class":"PersistBlockTask","message":"Imported #331 / 0 tx / 0 om / 0 (0.0%) gas / (0x789b3642498218c0888c263dd5a64ab0c8926f51ba24c2236ef398687474fd8f) in 0.002s. Peers: 3","throwable":""}
{"timestamp":"2025-07-25T12:17:03,731","container":"71351656b7be","level":"INFO","thread":"EthScheduler-Workers-0","class":"PersistBlockTask","message":"Imported #332 / 0 tx / 0 om / 0 (0.0%) gas / (0xc7966d3ec0e12d56883efaf64ebe90a172534bc81c32c2476dcb4cc29a69a967) in 0.002s. Peers: 3","throwable":""}
{"timestamp":"2025-07-25T12:17:12,029","container":"71351656b7be","level":"INFO","thread":"EthScheduler-Workers-0","class":"PersistBlockTask","message":"Imported #333 / 0 tx / 0 om / 0 (0.0%) gas / (0x4de4c6c8a8b796b6b86a2ba58ccf4dbcaf842193c409f4e6906f917de730a18b) in 0.003s. Peers: 3","throwable":""}
{"timestamp":"2025-07-25T12:17:19,740","container":"71351656b7be","level":"INFO","thread":"EthScheduler-Workers-0","class":"PersistBlockTask","message":"Imported #334 / 0 tx / 0 om / 0 (0.0%) gas / (0x73c544dec23103c384c80c429e66b66f09787acd2c0103d17092e8764475bcdb) in 0.003s. Peers: 3","throwable":""}
{"timestamp":"2025-07-25T12:17:27,805","container":"71351656b7be","level":"INFO","thread":"EthScheduler-Workers-0","class":"PersistBlockTask","message":"Imported #335 / 1 tx / 0 om / 438,836 (0.0%) gas / (0x06741e76fcc19e9a01817e38aaaed17b4a0879ae78635f1e4ace3bbf6081f2e5) in 0.021s. Peers: 3","throwable":""}
{"timestamp":"2025-07-25T12:17:35,855","container":"71351656b7be","level":"INFO","thread":"EthScheduler-Workers-0","class":"PersistBlockTask","message":"Imported #336 / 1 tx / 0 om / 438,836 (0.0%) gas / (0xdfae0140227680ce35a6db08f3c718a186ee02bfe87a88ae4593a7e10e94c455) in 0.041s. Peers: 3","throwable":""}
{"timestamp":"2025-07-25T12:17:44,071","container":"71351656b7be","level":"INFO","thread":"EthScheduler-Workers-0","class":"PersistBlockTask","message":"Imported #337 / 1 tx / 0 om / 438,836 (0.0%) gas / (0xc3ed69b3b9b9ca25adb4a3a9cea88ec7289a9bde7946da47256fcf73e2ca45e4) in 0.015s. Peers: 3","throwable":""}
{"timestamp":"2025-07-25T12:17:51,826","container":"71351656b7be","level":"INFO","thread":"EthScheduler-Workers-0","class":"PersistBlockTask","message":"Imported #338 / 1 tx / 0 om / 438,836 (0.0%) gas / (0x411b5ea1ee09b9a39b10c6a4fbff6f433e2c8f1fb576bd92d0f3ebdfb4ed51d7) in 0.018s. Peers: 3","throwable":""}
{"timestamp":"2025-07-25T12:17:59,813","container":"71351656b7be","level":"INFO","thread":"EthScheduler-Workers-0","class":"PersistBlockTask","message":"Imported #339 / 1 tx / 0 om / 438,836 (0.0%) gas / (0x0a96ebd1cdf55cd7f9cfcc6330190b0cc2c92ad5b757dedcf1ce79e16374a03f) in 0.022s. Peers: 3","throwable":""}
{"timestamp":"2025-07-25T12:18:07,827","container":"71351656b7be","level":"INFO","thread":"EthScheduler-Workers-0","class":"PersistBlockTask","message":"Imported #340 / 1 tx / 0 om / 438,836 (0.0%) gas / (0x976f7a4cb5148bce28422f2f09acd1f51e128b6f066847a92e31260ee85bc2d9) in 0.032s. Peers: 3","throwable":""}
{"timestamp":"2025-07-25T12:18:16,070","container":"71351656b7be","level":"INFO","thread":"EthScheduler-Workers-0","class":"PersistBlockTask","message":"Imported #341 / 1 tx / 0 om / 438,836 (0.0%) gas / (0x18411c2b5a9b652f7b045a78566bf0849662c776d023efd83975d4ad3ba4980f) in 0.017s. Peers: 3","throwable":""}
{"timestamp":"2025-07-25T12:18:23,810","container":"71351656b7be","level":"INFO","thread":"EthScheduler-Workers-0","class":"PersistBlockTask","message":"Imported #342 / 1 tx / 0 om / 438,836 (0.0%) gas / (0x080b50d4d5a1898dd58cec5ba249ca71a0082cf824e07a96afcaf567b3667360) in 0.012s. Peers: 3","throwable":""}
{"timestamp":"2025-07-25T12:18:31,820","container":"71351656b7be","level":"INFO","thread":"EthScheduler-Workers-0","class":"PersistBlockTask","message":"Imported #343 / 1 tx / 0 om / 438,836 (0.0%) gas / (0xcd6b48c3fddabeb11bb7c8c46459d18bc3746c620c2742b5f54d3d8a3b1f4d78) in 0.019s. Peers: 3","throwable":""}
{"timestamp":"2025-07-25T12:18:39,788","container":"71351656b7be","level":"INFO","thread":"EthScheduler-Workers-0","class":"PersistBlockTask","message":"Imported #344 / 1 tx / 0 om / 438,836 (0.0%) gas / (0x660e39a4e5c2e31e8e4169f455d469c48bd1f77c05bfda01676c240d8f892062) in 0.007s. Peers: 3","throwable":""}
{"timestamp":"2025-07-25T12:18:48,041","container":"71351656b7be","level":"INFO","thread":"EthScheduler-Workers-0","class":"PersistBlockTask","message":"Imported #345 / 1 tx / 0 om / 438,836 (0.0%) gas / (0xf6ddb4d52034d75aea066b30bd4a362e49e64cde40639d0b063feecdbca3e8a3) in 0.005s. Peers: 3","throwable":""}
{"timestamp":"2025-07-25T12:18:55,802","container":"71351656b7be","level":"INFO","thread":"EthScheduler-Workers-0","class":"PersistBlockTask","message":"Imported #346 / 1 tx / 0 om / 438,836 (0.0%) gas / (0xc60177083a66ecf01998b7d9e7308f3c9c039d22c2778fe5986ccbe5342cac34) in 0.012s. Peers: 3","throwable":""}
{"timestamp":"2025-07-25T12:19:03,802","container":"71351656b7be","level":"INFO","thread":"EthScheduler-Workers-0","class":"PersistBlockTask","message":"Imported #347 / 1 tx / 0 om / 438,836 (0.0%) gas / (0xaf8232ed0f03cc2bcc5050c815855b2221bb44b8971bda4eee1a1762a5945d75) in 0.007s. Peers: 3","throwable":""}
{"timestamp":"2025-07-25T12:19:11,829","container":"71351656b7be","level":"INFO","thread":"EthScheduler-Workers-0","class":"PersistBlockTask","message":"Imported #348 / 1 tx / 0 om / 438,836 (0.0%) gas / (0x73e5e8ad4d3842cc3400828155e0a2d884f8895bed9ccffda529cd264754275f) in 0.011s. Peers: 3","throwable":""}
{"timestamp":"2025-07-25T12:19:20,052","container":"71351656b7be","level":"INFO","thread":"EthScheduler-Workers-0","class":"PersistBlockTask","message":"Imported #349 / 1 tx / 0 om / 438,836 (0.0%) gas / (0x63ff64ef2520587a5553681c1870844ee03fa06d6f479378e0fd010d4e21968b) in 0.012s. Peers: 3","throwable":""}
{"timestamp":"2025-07-25T12:19:27,825","container":"71351656b7be","level":"INFO","thread":"EthScheduler-Workers-0","class":"PersistBlockTask","message":"Imported #350 / 1 tx / 0 om / 438,836 (0.0%) gas / (0xe0ca121ff22a61ac133e02127d644a2a830cbe3b8604da1fcc1eebf2c6e52b8e) in 0.008s. Peers: 3","throwable":""}
{"timestamp":"2025-07-25T12:19:35,845","container":"71351656b7be","level":"INFO","thread":"EthScheduler-Workers-0","class":"PersistBlockTask","message":"Imported #351 / 1 tx / 0 om / 438,836 (0.0%) gas / (0x67715af0705a4d7310b6a330c3dfa2c955b63652bdfb2ca2d368c967e6bd9d0e) in 0.011s. Peers: 3","throwable":""}
{"timestamp":"2025-07-25T12:19:43,856","container":"71351656b7be","level":"INFO","thread":"EthScheduler-Workers-0","class":"PersistBlockTask","message":"Imported #352 / 1 tx / 0 om / 438,836 (0.0%) gas / (0x256aa9c57cbcf040fd3e85f707195527711e1b1a4276f72a7afd2e1c162b27cc) in 0.014s. Peers: 3","throwable":""}
{"timestamp":"2025-07-25T12:19:52,061","container":"71351656b7be","level":"INFO","thread":"EthScheduler-Workers-0","class":"PersistBlockTask","message":"Imported #353 / 1 tx / 0 om / 438,836 (0.0%) gas / (0xe6def18127ecf5806d941b0c52b2f246e533b2731a04f1e989c04d780de00e8e) in 0.011s. Peers: 3","throwable":""}
{"timestamp":"2025-07-25T12:19:59,834","container":"71351656b7be","level":"INFO","thread":"EthScheduler-Workers-0","class":"PersistBlockTask","message":"Imported #354 / 1 tx / 0 om / 438,836 (0.0%) gas / (0xd0209b9019c19d384bed80cf413bc910921d09350cd85244c66a2da49c919be3) in 0.011s. Peers: 3","throwable":""}
{"timestamp":"2025-07-25T12:20:07,883","container":"71351656b7be","level":"INFO","thread":"EthScheduler-Workers-0","class":"PersistBlockTask","message":"Imported #355 / 1 tx / 0 om / 438,836 (0.0%) gas / (0xdb845234787a1056bfc631be40c29cff108a1430240a6eb07fd5b2d3e0164aee) in 0.017s. Peers: 3","throwable":""}
{"timestamp":"2025-07-25T12:20:15,869","container":"71351656b7be","level":"INFO","thread":"EthScheduler-Workers-0","class":"PersistBlockTask","message":"Imported #356 / 1 tx / 0 om / 438,836 (0.0%) gas / (0xa7b384bf0c0758497e6d774fd320be4ae61ebc59fcdb0fa3294b9d7378f5de4b) in 0.015s. Peers: 3","throwable":""}
{"timestamp":"2025-07-25T12:20:24,051","container":"71351656b7be","level":"INFO","thread":"EthScheduler-Workers-0","class":"PersistBlockTask","message":"Imported #357 / 1 tx / 0 om / 438,836 (0.0%) gas / (0xd3007396ff982e03e4b9f8f8c3422adefe438633e43450d71db729c337d1d8cf) in 0.008s. Peers: 3","throwable":""}
{"timestamp":"2025-07-25T12:20:31,870","container":"71351656b7be","level":"INFO","thread":"EthScheduler-Workers-0","class":"PersistBlockTask","message":"Imported #358 / 1 tx / 0 om / 438,836 (0.0%) gas / (0x98ac605fbed75c741061bff96458422906ff28181f6d7ace57e40ec66ec59429) in 0.012s. Peers: 3","throwable":""}
{"timestamp":"2025-07-25T12:20:39,872","container":"71351656b7be","level":"INFO","thread":"EthScheduler-Workers-0","class":"PersistBlockTask","message":"Imported #359 / 1 tx / 0 om / 438,836 (0.0%) gas / (0xbc2427ab5e480ccd1e16c391755a5ab78f4358609c2e543909d2a6d01104a885) in 0.012s. Peers: 3","throwable":""}
{"timestamp":"2025-07-25T12:20:47,858","container":"71351656b7be","level":"INFO","thread":"EthScheduler-Workers-0","class":"PersistBlockTask","message":"Imported #360 / 1 tx / 0 om / 438,836 (0.0%) gas / (0x2262ca75e67e09a8d5916b0762d77aeac67f3351c4898be5c9d4b2960b84428d) in 0.011s. Peers: 3","throwable":""}
{"timestamp":"2025-07-25T12:20:56,056","container":"71351656b7be","level":"INFO","thread":"EthScheduler-Workers-0","class":"PersistBlockTask","message":"Imported #361 / 1 tx / 0 om / 438,836 (0.0%) gas / (0x2ee0bcd77ca23103c2d8acfc80c0f75ded12c2e2afe9d92f8da5f30ca202304f) in 0.014s. Peers: 3","throwable":""}
{"timestamp":"2025-07-25T12:21:03,880","container":"71351656b7be","level":"INFO","thread":"EthScheduler-Workers-0","class":"PersistBlockTask","message":"Imported #362 / 1 tx / 0 om / 438,836 (0.0%) gas / (0xd45ea03fac241794cef0ce0b3bc8e44e84753e6d24c47d96e9cbda97a07e5734) in 0.012s. Peers: 3","throwable":""}
{"timestamp":"2025-07-25T12:21:11,881","container":"71351656b7be","level":"INFO","thread":"EthScheduler-Workers-0","class":"PersistBlockTask","message":"Imported #363 / 1 tx / 0 om / 438,836 (0.0%) gas / (0xccff5f068029089e4d72b20f0e66ffbc0b10309f0741666c2daad2299c0d3f3f) in 0.007s. Peers: 3","throwable":""}
{"timestamp":"2025-07-25T12:21:19,873","container":"71351656b7be","level":"INFO","thread":"EthScheduler-Workers-0","class":"PersistBlockTask","message":"Imported #364 / 1 tx / 0 om / 438,836 (0.0%) gas / (0xe6ed6ae29ebd0249885f9850eaeb33431045694479237fafc7e95f0b4cd538e7) in 0.005s. Peers: 3","throwable":""}
{"timestamp":"2025-07-25T12:21:28,061","container":"71351656b7be","level":"INFO","thread":"EthScheduler-Workers-0","class":"PersistBlockTask","message":"Imported #365 / 1 tx / 0 om / 438,836 (0.0%) gas / (0x36d6f380209b568781f9db76c611d1023fe69a95653cce4b074f63998f02ad0b) in 0.019s. Peers: 3","throwable":""}
{"timestamp":"2025-07-25T12:21:35,898","container":"71351656b7be","level":"INFO","thread":"EthScheduler-Workers-0","class":"PersistBlockTask","message":"Imported #366 / 1 tx / 0 om / 438,836 (0.0%) gas / (0x262ef5953a7333c70358c3c21da4a93b956c8ba533f6d34f7994affb3d78eb20) in 0.012s. Peers: 3","throwable":""}
{"timestamp":"2025-07-25T12:21:43,884","container":"71351656b7be","level":"INFO","thread":"EthScheduler-Workers-0","class":"PersistBlockTask","message":"Imported #367 / 1 tx / 0 om / 438,836 (0.0%) gas / (0xc21d899572c41067fea054aadfd58e42b4aa8a361a8b3bf1ea94c5375c520fa3) in 0.008s. Peers: 3","throwable":""}
{"timestamp":"2025-07-25T12:21:51,886","container":"71351656b7be","level":"INFO","thread":"EthScheduler-Workers-0","class":"PersistBlockTask","message":"Imported #368 / 1 tx / 0 om / 438,836 (0.0%) gas / (0xc2cbb06cf1bc001e72e752b192ebbfe9d8f2e616ef69ecade78bf8304ea2d57a) in 0.004s. Peers: 3","throwable":""}
{"timestamp":"2025-07-25T12:22:00,058","container":"71351656b7be","level":"INFO","thread":"EthScheduler-Workers-0","class":"PersistBlockTask","message":"Imported #369 / 1 tx / 0 om / 438,836 (0.0%) gas / (0xc218b3a1d1575d2e48be85fd1356d4fe231a78b89f65545d8abe2e0f7b9ef942) in 0.008s. Peers: 3","throwable":""}
{"timestamp":"2025-07-25T12:22:07,921","container":"71351656b7be","level":"INFO","thread":"EthScheduler-Workers-0","class":"PersistBlockTask","message":"Imported #370 / 1 tx / 0 om / 438,836 (0.0%) gas / (0x883088d4bdd022da60ad06bf117cf63b167f8b89355c7b69fdfac057fea4200c) in 0.013s. Peers: 3","throwable":""}
{"timestamp":"2025-07-25T12:22:15,924","container":"71351656b7be","level":"INFO","thread":"EthScheduler-Workers-0","class":"PersistBlockTask","message":"Imported #371 / 1 tx / 0 om / 438,836 (0.0%) gas / (0x7d425af69da65fdacd84cbbbc3798b14287d34ba0bdd34709e4f3db5f166f01f) in 0.014s. Peers: 3","throwable":""}
{"timestamp":"2025-07-25T12:22:23,904","container":"71351656b7be","level":"INFO","thread":"EthScheduler-Workers-0","class":"PersistBlockTask","message":"Imported #372 / 1 tx / 0 om / 438,836 (0.0%) gas / (0x1c7c73fb0a34028a6f8583ed7ef7edbbcec8727c49313d6ab477dc482d5bcc04) in 0.011s. Peers: 3","throwable":""}
{"timestamp":"2025-07-25T12:22:32,051","container":"71351656b7be","level":"INFO","thread":"EthScheduler-Workers-0","class":"PersistBlockTask","message":"Imported #373 / 1 tx / 0 om / 438,836 (0.0%) gas / (0x0670d90ce6dd5cb4358676617e298d930645882dadef9eaf8a902f9c18253dc7) in 0.011s. Peers: 3","throwable":""}
{"timestamp":"2025-07-25T12:22:39,930","container":"71351656b7be","level":"INFO","thread":"EthScheduler-Workers-0","class":"PersistBlockTask","message":"Imported #374 / 1 tx / 0 om / 438,836 (0.0%) gas / (0xb5be7fe24fb1bccb629b9a83367611576cd1320728958f984dbe6fe8247e7db9) in 0.010s. Peers: 3","throwable":""}
{"timestamp":"2025-07-25T12:22:47,912","container":"71351656b7be","level":"INFO","thread":"EthScheduler-Workers-0","class":"PersistBlockTask","message":"Imported #375 / 1 tx / 0 om / 438,836 (0.0%) gas / (0x2fc8a3a225441783f6dfc31fb066549184aae31f3a264eeff02465a1d52cf6ac) in 0.006s. Peers: 3","throwable":""}
{"timestamp":"2025-07-25T12:22:55,947","container":"71351656b7be","level":"INFO","thread":"EthScheduler-Workers-0","class":"PersistBlockTask","message":"Imported #376 / 1 tx / 0 om / 438,836 (0.0%) gas / (0xd5ac29337f7dc6f5816ddb553acbdc53ee4f215b7e64ebf0bcc4cb24fb06a9d9) in 0.012s. Peers: 3","throwable":""}
{"timestamp":"2025-07-25T12:23:04,051","container":"71351656b7be","level":"INFO","thread":"EthScheduler-Workers-0","class":"PersistBlockTask","message":"Imported #377 / 1 tx / 0 om / 438,836 (0.0%) gas / (0x76f63a31be2c5d83f3e770d4692a7549c0b67f0a342c0067f6cb4dc2cd34b7ec) in 0.011s. Peers: 3","throwable":""}
{"timestamp":"2025-07-25T12:23:11,938","container":"71351656b7be","level":"INFO","thread":"EthScheduler-Workers-0","class":"PersistBlockTask","message":"Imported #378 / 1 tx / 0 om / 438,836 (0.0%) gas / (0xc5bb63a943a23fc0dd50fa6ac20a1ad403a44f004a04524997547ceb064b3970) in 0.007s. Peers: 3","throwable":""}
{"timestamp":"2025-07-25T12:23:19,948","container":"71351656b7be","level":"INFO","thread":"EthScheduler-Workers-0","class":"PersistBlockTask","message":"Imported #379 / 1 tx / 0 om / 438,836 (0.0%) gas / (0x43dfa55584b46a9708d7c584a0f12b6c84ee5202267c03ee833def851b2b1f40) in 0.013s. Peers: 3","throwable":""}
{"timestamp":"2025-07-25T12:23:27,954","container":"71351656b7be","level":"INFO","thread":"EthScheduler-Workers-0","class":"PersistBlockTask","message":"Imported #380 / 1 tx / 0 om / 438,836 (0.0%) gas / (0xe2f93324b8f39d54813467d2d39d73ea8f4f1ec69af7d454f13648b1bf8190b1) in 0.009s. Peers: 3","throwable":""}
{"timestamp":"2025-07-25T12:23:36,069","container":"71351656b7be","level":"INFO","thread":"EthScheduler-Workers-0","class":"PersistBlockTask","message":"Imported #381 / 1 tx / 0 om / 438,836 (0.0%) gas / (0x495b0f739b71766efbcf5c198a44bcd0b05084d1527843de1615d28d4313852b) in 0.011s. Peers: 3","throwable":""}
{"timestamp":"2025-07-25T12:23:43,976","container":"71351656b7be","level":"INFO","thread":"EthScheduler-Workers-0","class":"PersistBlockTask","message":"Imported #382 / 1 tx / 0 om / 438,836 (0.0%) gas / (0xa87dba1f4e525079ac521dbfdc6b671cae310e873ef239a0f4368cf5d6858dd8) in 0.017s. Peers: 3","throwable":""}
{"timestamp":"2025-07-25T12:23:51,973","container":"71351656b7be","level":"INFO","thread":"EthScheduler-Workers-0","class":"PersistBlockTask","message":"Imported #383 / 1 tx / 0 om / 438,836 (0.0%) gas / (0xe1ff8aca93a11d9e7bd22c71858871967a80962332c26fa9a92f15409d0968bc) in 0.018s. Peers: 3","throwable":""}
{"timestamp":"2025-07-25T12:23:59,986","container":"71351656b7be","level":"INFO","thread":"EthScheduler-Workers-0","class":"PersistBlockTask","message":"Imported #384 / 1 tx / 0 om / 438,836 (0.0%) gas / (0x51896a9f885279d5b388271ba075c93dabd91de9b55b3338576f31a5d9b8648c) in 0.018s. Peers: 3","throwable":""}
{"timestamp":"2025-07-25T12:24:08,055","container":"71351656b7be","level":"INFO","thread":"EthScheduler-Workers-0","class":"PersistBlockTask","message":"Imported #385 / 1 tx / 0 om / 438,836 (0.0%) gas / (0x4fbb82e958b0968a2d5b17a84b49addfb08a8204bd1232f93bab47b2c1640c5d) in 0.013s. Peers: 3","throwable":""}
{"timestamp":"2025-07-25T12:24:15,978","container":"71351656b7be","level":"INFO","thread":"EthScheduler-Workers-0","class":"PersistBlockTask","message":"Imported #386 / 1 tx / 0 om / 438,836 (0.0%) gas / (0x644c250f9e487f7a1a49bd5b683987dba1240769814a54fd4521c0007bc6a81f) in 0.012s. Peers: 3","throwable":""}
{"timestamp":"2025-07-25T12:24:23,983","container":"71351656b7be","level":"INFO","thread":"EthScheduler-Workers-0","class":"PersistBlockTask","message":"Imported #387 / 1 tx / 0 om / 438,836 (0.0%) gas / (0xb54d88ab25bf76afc855bafc0fc4378ceb9c1401d19bb83c25466afad5950d3c) in 0.011s. Peers: 3","throwable":""}
{"timestamp":"2025-07-25T12:24:32,003","container":"71351656b7be","level":"INFO","thread":"EthScheduler-Workers-0","class":"PersistBlockTask","message":"Imported #388 / 1 tx / 0 om / 438,836 (0.0%) gas / (0xc461a35127de2a3d4b74252c0ac5347f0b90e8dd924980c4f2bfd8b69a85e904) in 0.012s. Peers: 3","throwable":""}
{"timestamp":"2025-07-25T12:24:40,050","container":"71351656b7be","level":"INFO","thread":"EthScheduler-Workers-0","class":"PersistBlockTask","message":"Imported #389 / 1 tx / 0 om / 438,836 (0.0%) gas / (0xdab5b168b471ceeab2b558361ca16c7196ee9dd7b395ccbb112ab51ba0c04cfa) in 0.007s. Peers: 3","throwable":""}
{"timestamp":"2025-07-25T12:24:48,000","container":"71351656b7be","level":"INFO","thread":"EthScheduler-Workers-0","class":"PersistBlockTask","message":"Imported #390 / 1 tx / 0 om / 438,836 (0.0%) gas / (0x46d13bd24dcc5bee10f7b5807420207d877e545571fcc06eaf9d7d307946f089) in 0.018s. Peers: 3","throwable":""}
{"timestamp":"2025-07-25T12:24:55,990","container":"71351656b7be","level":"INFO","thread":"EthScheduler-Workers-0","class":"PersistBlockTask","message":"Imported #391 / 1 tx / 0 om / 438,836 (0.0%) gas / (0x08803243d6bd170e89ec702bb566be38159a00fc2ad1d723f111abdf10c6476b) in 0.008s. Peers: 3","throwable":""}
{"timestamp":"2025-07-25T12:25:03,990","container":"71351656b7be","level":"INFO","thread":"EthScheduler-Workers-0","class":"PersistBlockTask","message":"Imported #392 / 1 tx / 0 om / 438,836 (0.0%) gas / (0x509c683b5551ccbd2b406a6caf079e0ae4efb0926337423172f7abb8156d66fa) in 0.007s. Peers: 3","throwable":""}
{"timestamp":"2025-07-25T12:25:12,053","container":"71351656b7be","level":"INFO","thread":"EthScheduler-Workers-0","class":"PersistBlockTask","message":"Imported #393 / 1 tx / 0 om / 438,836 (0.0%) gas / (0xa9c0638b5fdad0bf9738a3a4a56ca9f006480ea80a5b5b9400a44fca7d0b366e) in 0.007s. Peers: 3","throwable":""}
{"timestamp":"2025-07-25T12:25:20,015","container":"71351656b7be","level":"INFO","thread":"EthScheduler-Workers-0","class":"PersistBlockTask","message":"Imported #394 / 1 tx / 0 om / 438,836 (0.0%) gas / (0x9245e3d86417fe6e7570c39235cb0eada0145175b26dbb9cd992e6cdedaa7822) in 0.012s. Peers: 3","throwable":""}
{"timestamp":"2025-07-25T12:25:28,015","container":"71351656b7be","level":"INFO","thread":"EthScheduler-Workers-0","class":"PersistBlockTask","message":"Imported #395 / 1 tx / 0 om / 438,836 (0.0%) gas / (0x086ca5ea5aadc6b19781054310d1d223265013dee8b8038879c5d800b93758ed) in 0.011s. Peers: 3","throwable":""}
{"timestamp":"2025-07-25T12:25:35,991","container":"71351656b7be","level":"INFO","thread":"EthScheduler-Workers-0","class":"PersistBlockTask","message":"Imported #396 / 1 tx / 0 om / 438,836 (0.0%) gas / (0xf56b11754cf590d6e015ab097e7d029113a565b59d7568df9ce6331d9ac7a067) in 0.005s. Peers: 3","throwable":""}
{"timestamp":"2025-07-25T12:25:44,046","container":"71351656b7be","level":"INFO","thread":"EthScheduler-Workers-0","class":"PersistBlockTask","message":"Imported #397 / 1 tx / 0 om / 438,836 (0.0%) gas / (0x0ae61d55ea4893f5d9a7e9daa5e1775ec7a9845e356259834717cb6cfd5ae7a3) in 0.008s. Peers: 3","throwable":""}
{"timestamp":"2025-07-25T12:25:52,022","container":"71351656b7be","level":"INFO","thread":"EthScheduler-Workers-0","class":"PersistBlockTask","message":"Imported #398 / 1 tx / 0 om / 438,836 (0.0%) gas / (0xcb0b6be101ca5f5f7ad872b7608880b7c9533fa046fb6e23932aba6be0a5cda5) in 0.011s. Peers: 3","throwable":""}
{"timestamp":"2025-07-25T12:26:00,036","container":"71351656b7be","level":"INFO","thread":"EthScheduler-Workers-0","class":"PersistBlockTask","message":"Imported #399 / 1 tx / 0 om / 438,836 (0.0%) gas / (0xd7fb1d281fdd5b46c5938c293ba49d04a190e557a8aa8d0df354556d17536503) in 0.011s. Peers: 3","throwable":""}
{"timestamp":"2025-07-25T12:26:08,028","container":"71351656b7be","level":"INFO","thread":"EthScheduler-Workers-0","class":"PersistBlockTask","message":"Imported #400 / 1 tx / 0 om / 438,836 (0.0%) gas / (0x56992c3d072fb81d1b940683db803e4025c81aa328325bda61ffe3dc149b85ea) in 0.009s. Peers: 3","throwable":""}
{"timestamp":"2025-07-25T12:26:16,043","container":"71351656b7be","level":"INFO","thread":"EthScheduler-Workers-0","class":"PersistBlockTask","message":"Imported #401 / 1 tx / 0 om / 438,836 (0.0%) gas / (0x68dd47a82a0d8d62f22047b7ccc9a4f0d7750798aaba92d265040f218f8e55ca) in 0.011s. Peers: 3","throwable":""}
{"timestamp":"2025-07-25T12:26:24,042","container":"71351656b7be","level":"INFO","thread":"EthScheduler-Workers-0","class":"PersistBlockTask","message":"Imported #402 / 1 tx / 0 om / 438,836 (0.0%) gas / (0xb0c4aa8c678717c8dde92603007b49be53da7e4aff6c089ac14df292a4d14c1f) in 0.010s. Peers: 3","throwable":""}
{"timestamp":"2025-07-25T12:26:32,041","container":"71351656b7be","level":"INFO","thread":"EthScheduler-Workers-0","class":"PersistBlockTask","message":"Imported #403 / 1 tx / 0 om / 438,836 (0.0%) gas / (0xf6aed5c4a60871153fb45d69a3a2f9e2073ce90de41cd94583cf2ae38b7b2a92) in 0.010s. Peers: 3","throwable":""}
{"timestamp":"2025-07-25T12:26:40,036","container":"71351656b7be","level":"INFO","thread":"EthScheduler-Workers-0","class":"PersistBlockTask","message":"Imported #404 / 1 tx / 0 om / 438,836 (0.0%) gas / (0x6d833e8bfda8c6e0600671e147520622bf4e1c775a31e7489ebee2acf5132c41) in 0.006s. Peers: 3","throwable":""}
{"timestamp":"2025-07-25T12:26:48,025","container":"71351656b7be","level":"INFO","thread":"EthScheduler-Workers-0","class":"PersistBlockTask","message":"Imported #405 / 1 tx / 0 om / 438,836 (0.0%) gas / (0xba642ca09d9ceb9afe51874d19d2cd564263b9e10e874c13561a9390aab5fce9) in 0.003s. Peers: 3","throwable":""}
{"timestamp":"2025-07-25T12:26:56,046","container":"71351656b7be","level":"INFO","thread":"EthScheduler-Workers-0","class":"PersistBlockTask","message":"Imported #406 / 1 tx / 0 om / 438,836 (0.0%) gas / (0xaed88ecd5a094a9d9fa10990dafd51d8ab42aab52b3f308105a34253031c1359) in 0.010s. Peers: 3","throwable":""}
{"timestamp":"2025-07-25T12:27:04,041","container":"71351656b7be","level":"INFO","thread":"EthScheduler-Workers-0","class":"PersistBlockTask","message":"Imported #407 / 1 tx / 0 om / 438,836 (0.0%) gas / (0x0eb3f705961e2614cbc1af7f02bc19c03d5441374c92f2869235d7d3df3386a1) in 0.008s. Peers: 3","throwable":""}
{"timestamp":"2025-07-25T12:27:12,043","container":"71351656b7be","level":"INFO","thread":"EthScheduler-Workers-0","class":"PersistBlockTask","message":"Imported #408 / 1 tx / 0 om / 438,836 (0.0%) gas / (0x8418e91984c0c94af30a2774770e2c0e56bd1e593a94657fc6956ee313b54862) in 0.008s. Peers: 3","throwable":""}
{"timestamp":"2025-07-25T12:27:20,051","container":"71351656b7be","level":"INFO","thread":"EthScheduler-Workers-0","class":"PersistBlockTask","message":"Imported #409 / 1 tx / 0 om / 438,836 (0.0%) gas / (0x53ef1f8d23e39c54dbc7a27a1eba7c386516b04efab03110e5ee8a809d06f2fb) in 0.014s. Peers: 3","throwable":""}
{"timestamp":"2025-07-25T12:27:28,045","container":"71351656b7be","level":"INFO","thread":"EthScheduler-Workers-0","class":"PersistBlockTask","message":"Imported #410 / 1 tx / 0 om / 438,836 (0.0%) gas / (0x9b822883537b19c259e5da914c9bd7fd4797ebb3afddbe2efa7a60ddf51467ad) in 0.011s. Peers: 3","throwable":""}
{"timestamp":"2025-07-25T12:27:36,056","container":"71351656b7be","level":"INFO","thread":"EthScheduler-Workers-0","class":"PersistBlockTask","message":"Imported #411 / 1 tx / 0 om / 438,836 (0.0%) gas / (0xae12f241d118ed57f8e109977848cf058f903f2eeb3095ff4e887f43d924e403) in 0.012s. Peers: 3","throwable":""}
{"timestamp":"2025-07-25T12:27:44,051","container":"71351656b7be","level":"INFO","thread":"EthScheduler-Workers-0","class":"PersistBlockTask","message":"Imported #412 / 1 tx / 0 om / 438,836 (0.0%) gas / (0xb7449f5012dd6d69594d6bc0de27693facc7a885479be33d46fb71333a3ef86f) in 0.012s. Peers: 3","throwable":""}
{"timestamp":"2025-07-25T12:27:52,049","container":"71351656b7be","level":"INFO","thread":"EthScheduler-Workers-0","class":"PersistBlockTask","message":"Imported #413 / 1 tx / 0 om / 438,836 (0.0%) gas / (0xfbed72243f9be53c7314dc74b64f97dcde482cc8caf19502401a2841e50476d6) in 0.011s. Peers: 3","throwable":""}
{"timestamp":"2025-07-25T12:28:00,050","container":"71351656b7be","level":"INFO","thread":"EthScheduler-Workers-0","class":"PersistBlockTask","message":"Imported #414 / 1 tx / 0 om / 438,836 (0.0%) gas / (0x4d6583e82bd9d42b00d9d570b6f22c33ed42646e15871f544b21eadc415838cc) in 0.010s. Peers: 3","throwable":""}
{"timestamp":"2025-07-25T12:28:08,056","container":"71351656b7be","level":"INFO","thread":"EthScheduler-Workers-0","class":"PersistBlockTask","message":"Imported #415 / 1 tx / 0 om / 438,836 (0.0%) gas / (0xa161b192567e14ac67afffcca3a1ad4e7db03ff76fe3a2ec74e2dbeb63350a1a) in 0.011s. Peers: 3","throwable":""}
{"timestamp":"2025-07-25T12:28:16,048","container":"71351656b7be","level":"INFO","thread":"EthScheduler-Workers-0","class":"PersistBlockTask","message":"Imported #416 / 1 tx / 0 om / 438,836 (0.0%) gas / (0x4718ff3288373825211422fd76022e10bcf4cf53ab53984f53267e03e51a9458) in 0.010s. Peers: 3","throwable":""}
{"timestamp":"2025-07-25T12:28:24,049","container":"71351656b7be","level":"INFO","thread":"EthScheduler-Workers-0","class":"PersistBlockTask","message":"Imported #417 / 1 tx / 0 om / 438,836 (0.0%) gas / (0x2f9d43f51d6c0499f49d8a1a1f8ca28581f6dff0bd8bbacf20af9339802b364a) in 0.012s. Peers: 3","throwable":""}
{"timestamp":"2025-07-25T12:28:32,036","container":"71351656b7be","level":"INFO","thread":"EthScheduler-Workers-0","class":"PersistBlockTask","message":"Imported #418 / 1 tx / 0 om / 438,836 (0.0%) gas / (0xefffe8794232603fc96abcf3a92154facdca1dc7182776fcbc3f723d01e0c679) in 0.009s. Peers: 3","throwable":""}
{"timestamp":"2025-07-25T12:28:40,048","container":"71351656b7be","level":"INFO","thread":"EthScheduler-Workers-0","class":"PersistBlockTask","message":"Imported #419 / 1 tx / 0 om / 438,836 (0.0%) gas / (0xe67954981276a0ca0ea7e8db18ea0342bda29fe97ab101cc5098536f7bc62652) in 0.011s. Peers: 3","throwable":""}
{"timestamp":"2025-07-25T12:28:48,037","container":"71351656b7be","level":"INFO","thread":"EthScheduler-Workers-0","class":"PersistBlockTask","message":"Imported #420 / 1 tx / 0 om / 438,836 (0.0%) gas / (0x696edc01d362210ae4949b396267534cd2263524bfe8d27b0ef329965a584712) in 0.008s. Peers: 3","throwable":""}
{"timestamp":"2025-07-25T12:28:56,061","container":"71351656b7be","level":"INFO","thread":"EthScheduler-Workers-0","class":"PersistBlockTask","message":"Imported #421 / 1 tx / 0 om / 438,836 (0.0%) gas / (0x623f8448aab31236dc10c994d68a9a068d7257eda49bab535553f65c92636860) in 0.015s. Peers: 3","throwable":""}
{"timestamp":"2025-07-25T12:29:04,044","container":"71351656b7be","level":"INFO","thread":"EthScheduler-Workers-0","class":"PersistBlockTask","message":"Imported #422 / 1 tx / 0 om / 438,836 (0.0%) gas / (0xadc2edeca7fcfd2b7a65e388544e72405505e709a3bb2b2b96b296247159f6e9) in 0.010s. Peers: 3","throwable":""}
{"timestamp":"2025-07-25T12:29:12,051","container":"71351656b7be","level":"INFO","thread":"EthScheduler-Workers-0","class":"PersistBlockTask","message":"Imported #423 / 1 tx / 0 om / 438,836 (0.0%) gas / (0x9ae4944af0cffa9e296fbba3b5af9a3d8d9138d08f65772721df9be154726da6) in 0.013s. Peers: 3","throwable":""}
{"timestamp":"2025-07-25T12:29:20,042","container":"71351656b7be","level":"INFO","thread":"EthScheduler-Workers-0","class":"PersistBlockTask","message":"Imported #424 / 1 tx / 0 om / 438,836 (0.0%) gas / (0xa48bfa89166a7f20b1ffeacd8ffe2454109a55f98e440f489265a5e28e5a629c) in 0.007s. Peers: 3","throwable":""}
{"timestamp":"2025-07-25T12:29:28,033","container":"71351656b7be","level":"INFO","thread":"EthScheduler-Workers-0","class":"PersistBlockTask","message":"Imported #425 / 1 tx / 0 om / 438,836 (0.0%) gas / (0x9bf9a51d3d78a0a627be111f734de938419d018ead5f4b013f76bd92d7329d65) in 0.006s. Peers: 3","throwable":""}
{"timestamp":"2025-07-25T12:29:36,049","container":"71351656b7be","level":"INFO","thread":"EthScheduler-Workers-0","class":"PersistBlockTask","message":"Imported #426 / 1 tx / 0 om / 438,836 (0.0%) gas / (0x66d1bf441c89d65845e2707d2bc1a45d5d3f8e69219c23816522298767550c6d) in 0.009s. Peers: 3","throwable":""}
{"timestamp":"2025-07-25T12:29:44,045","container":"71351656b7be","level":"INFO","thread":"EthScheduler-Workers-0","class":"PersistBlockTask","message":"Imported #427 / 1 tx / 0 om / 438,836 (0.0%) gas / (0xf8e7109aac13b7d328b2b5dd4a35cbb9818b4a4c777d14d4cb8b73748b50b251) in 0.013s. Peers: 3","throwable":""}
{"timestamp":"2025-07-25T12:29:52,063","container":"71351656b7be","level":"INFO","thread":"EthScheduler-Workers-0","class":"PersistBlockTask","message":"Imported #428 / 1 tx / 0 om / 438,836 (0.0%) gas / (0xd7f6ddab10d3c1647660f94aaf457bace9b1d3eca95feb8340e0962db4fb57ed) in 0.012s. Peers: 3","throwable":""}
{"timestamp":"2025-07-25T12:30:00,060","container":"71351656b7be","level":"INFO","thread":"EthScheduler-Workers-0","class":"PersistBlockTask","message":"Imported #429 / 1 tx / 0 om / 438,836 (0.0%) gas / (0x6b3153c03f56345a4715e4d244a602de0cbaaeb7c7de6361ee7cb998393aadc6) in 0.015s. Peers: 3","throwable":""}
{"timestamp":"2025-07-25T12:30:08,054","container":"71351656b7be","level":"INFO","thread":"EthScheduler-Workers-0","class":"PersistBlockTask","message":"Imported #430 / 1 tx / 0 om / 438,836 (0.0%) gas / (0xbea0da08a427d558b71468e231296bce116c276cb73d78f609b5b034e3e4e6c4) in 0.008s. Peers: 3","throwable":""}
{"timestamp":"2025-07-25T12:30:16,046","container":"71351656b7be","level":"INFO","thread":"EthScheduler-Workers-0","class":"PersistBlockTask","message":"Imported #431 / 1 tx / 0 om / 438,836 (0.0%) gas / (0x9966a6c65eff6277bbbba9234cb7b9580663a1a76e6b4110d04a4d98f24d349f) in 0.006s. Peers: 3","throwable":""}
{"timestamp":"2025-07-25T12:30:24,047","container":"71351656b7be","level":"INFO","thread":"EthScheduler-Workers-0","class":"PersistBlockTask","message":"Imported #432 / 1 tx / 0 om / 438,836 (0.0%) gas / (0x57131215430acff2df0a495dc56a578aff5ceea0425905e230a5df34c25d83f5) in 0.013s. Peers: 3","throwable":""}
{"timestamp":"2025-07-25T12:30:32,046","container":"71351656b7be","level":"INFO","thread":"EthScheduler-Workers-0","class":"PersistBlockTask","message":"Imported #433 / 1 tx / 0 om / 438,836 (0.0%) gas / (0x63499be0408a9bf711223329efbb46a9080f9e312f6c85506da4e8299b266922) in 0.011s. Peers: 3","throwable":""}
{"timestamp":"2025-07-25T12:30:40,052","container":"71351656b7be","level":"INFO","thread":"EthScheduler-Workers-0","class":"PersistBlockTask","message":"Imported #434 / 1 tx / 0 om / 438,836 (0.0%) gas / (0x86ab1b1b35e9258b8ab783e3218cbe3e26467ee7c2475584737c5b6747fd24c6) in 0.011s. Peers: 3","throwable":""}
{"timestamp":"2025-07-25T12:30:48,025","container":"71351656b7be","level":"INFO","thread":"EthScheduler-Workers-0","class":"PersistBlockTask","message":"Imported #435 / 0 tx / 0 om / 0 (0.0%) gas / (0xe3802974bec3f90e5132b447bc830b40635f151c0a3f80a79f9af09ce19c306a) in 0.002s. Peers: 3","throwable":""}
{"timestamp":"2025-07-25T12:30:56,026","container":"71351656b7be","level":"INFO","thread":"EthScheduler-Workers-0","class":"PersistBlockTask","message":"Imported #436 / 0 tx / 0 om / 0 (0.0%) gas / (0x5f5f6a456ddd7810234a643f4f0519f60b775fb53ab92160c589d85df7452d13) in 0.004s. Peers: 3","throwable":""}
{"timestamp":"2025-07-25T12:31:04,033","container":"71351656b7be","level":"INFO","thread":"EthScheduler-Workers-0","class":"PersistBlockTask","message":"Imported #437 / 0 tx / 0 om / 0 (0.0%) gas / (0x11b6d6b63d0a1d09d217fa4aad47155049771775041fb0a60091c71b86a2e3c5) in 0.003s. Peers: 3","throwable":""}
{"timestamp":"2025-07-25T12:31:12,024","container":"71351656b7be","level":"INFO","thread":"EthScheduler-Workers-0","class":"PersistBlockTask","message":"Imported #438 / 0 tx / 0 om / 0 (0.0%) gas / (0xdeed5a444763a9e7c0d928be3217ae814b4367a8c3fab5eef82f49dde2e58ab9) in 0.003s. Peers: 3","throwable":""}
{"timestamp":"2025-07-25T12:31:20,026","container":"71351656b7be","level":"INFO","thread":"EthScheduler-Workers-0","class":"PersistBlockTask","message":"Imported #439 / 0 tx / 0 om / 0 (0.0%) gas / (0x3805e0e30fdea58be00dfde8e7b980365b2c06ec62f01859cc7a2912edc08c8a) in 0.003s. Peers: 3","throwable":""}
{"timestamp":"2025-07-25T12:31:28,024","container":"71351656b7be","level":"INFO","thread":"EthScheduler-Workers-0","class":"PersistBlockTask","message":"Imported #440 / 0 tx / 0 om / 0 (0.0%) gas / (0xb26bf01241b904e79205a5bb11218e98eac3ebea607deedfa5633cfc8db341bc) in 0.002s. Peers: 3","throwable":""}
{"timestamp":"2025-07-25T12:31:36,025","container":"71351656b7be","level":"INFO","thread":"EthScheduler-Workers-0","class":"PersistBlockTask","message":"Imported #441 / 0 tx / 0 om / 0 (0.0%) gas / (0xa39136166219c31c30269401cffade68f533e7a3a93eec84bcb247751aed51a6) in 0.002s. Peers: 3","throwable":""}
{"timestamp":"2025-07-25T12:31:44,024","container":"71351656b7be","level":"INFO","thread":"EthScheduler-Workers-0","class":"PersistBlockTask","message":"Imported #442 / 0 tx / 0 om / 0 (0.0%) gas / (0x6f83462368f79e61db6a1e2d7867c270693f19d38628fd5baba7d735cdc5a4c1) in 0.002s. Peers: 3","throwable":""}
{"timestamp":"2025-07-25T12:31:52,021","container":"71351656b7be","level":"INFO","thread":"EthScheduler-Workers-0","class":"PersistBlockTask","message":"Imported #443 / 0 tx / 0 om / 0 (0.0%) gas / (0x889c0e92748a6b80b5000eee81d8534e92e80f888e69c2182c82747b57f044f6) in 0.001s. Peers: 3","throwable":""}
{"timestamp":"2025-07-25T12:32:00,032","container":"71351656b7be","level":"INFO","thread":"EthScheduler-Workers-0","class":"PersistBlockTask","message":"Imported #444 / 0 tx / 0 om / 0 (0.0%) gas / (0xeefb4a48f35fcada609e9878e29cc0486582e87ed9ed6c339810e1e4b2646c3f) in 0.004s. Peers: 3","throwable":""}
{"timestamp":"2025-07-25T12:32:08,020","container":"71351656b7be","level":"INFO","thread":"EthScheduler-Workers-0","class":"PersistBlockTask","message":"Imported #445 / 0 tx / 0 om / 0 (0.0%) gas / (0x72a1f7cddade193df24815e45fe10339f176cf665f48c29c564c7d46ef554000) in 0.002s. Peers: 3","throwable":""}
{"timestamp":"2025-07-25T12:32:16,024","container":"71351656b7be","level":"INFO","thread":"EthScheduler-Workers-0","class":"PersistBlockTask","message":"Imported #446 / 0 tx / 0 om / 0 (0.0%) gas / (0x9541b4e8d48682fc19f48d8f6f18a66476e59cd6f1e7c2132c084a0b97c478c1) in 0.001s. Peers: 3","throwable":""}
{"timestamp":"2025-07-25T12:32:24,024","container":"71351656b7be","level":"INFO","thread":"EthScheduler-Workers-0","class":"PersistBlockTask","message":"Imported #447 / 0 tx / 0 om / 0 (0.0%) gas / (0x45ce042204dd88e30b0521228e72f060677d8d32c3889d23fb11d105df870551) in 0.004s. Peers: 3","throwable":""}
{"timestamp":"2025-07-25T12:32:32,021","container":"71351656b7be","level":"INFO","thread":"EthScheduler-Workers-0","class":"PersistBlockTask","message":"Imported #448 / 0 tx / 0 om / 0 (0.0%) gas / (0x6a08a5daa1bed30f7bc508f6797c67fe68791f916a01df6ec26134c5b173f4cb) in 0.002s. Peers: 3","throwable":""}
{"timestamp":"2025-07-25T12:32:40,027","container":"71351656b7be","level":"INFO","thread":"EthScheduler-Workers-0","class":"PersistBlockTask","message":"Imported #449 / 0 tx / 0 om / 0 (0.0%) gas / (0x7c9e06fe02fecf5b7003860b383200e08b135f06fa9a403d8cbd3894798478f7) in 0.001s. Peers: 3","throwable":""}
{"timestamp":"2025-07-25T12:32:48,016","container":"71351656b7be","level":"INFO","thread":"EthScheduler-Workers-0","class":"PersistBlockTask","message":"Imported #450 / 0 tx / 0 om / 0 (0.0%) gas / (0xa2f931116ca0198aa86218036020ced62d543745d9d2878aed5891d98e2a6ee3) in 0.003s. Peers: 3","throwable":""}
{"timestamp":"2025-07-25T12:32:56,025","container":"71351656b7be","level":"INFO","thread":"EthScheduler-Workers-0","class":"PersistBlockTask","message":"Imported #451 / 0 tx / 0 om / 0 (0.0%) gas / (0x3393af3ebac4d4184e0336e8a5679f28f99f53daa433c4221a5e0a45ef698a37) in 0.002s. Peers: 3","throwable":""}
{"timestamp":"2025-07-25T12:33:04,022","container":"71351656b7be","level":"INFO","thread":"EthScheduler-Workers-0","class":"PersistBlockTask","message":"Imported #452 / 0 tx / 0 om / 0 (0.0%) gas / (0xd85f4e9a8b483b0c7d62bc16d4fef6dcfbf435e26d1b2198a62532721237917d) in 0.001s. Peers: 3","throwable":""}
{"timestamp":"2025-07-25T12:33:12,026","container":"71351656b7be","level":"INFO","thread":"EthScheduler-Workers-0","class":"PersistBlockTask","message":"Imported #453 / 0 tx / 0 om / 0 (0.0%) gas / (0xabe90acc8e79ed8a3c3ff207108a7d172c9af043ee86395f3c1e4bd45cbd5516) in 0.004s. Peers: 3","throwable":""}
{"timestamp":"2025-07-25T12:33:20,025","container":"71351656b7be","level":"INFO","thread":"EthScheduler-Workers-0","class":"PersistBlockTask","message":"Imported #454 / 0 tx / 0 om / 0 (0.0%) gas / (0xf4f483bca352ca159b078e6251bffc6eafe2886d0d5eec8ae2bf3a114353dfb6) in 0.003s. Peers: 3","throwable":""}
{"timestamp":"2025-07-25T12:33:28,025","container":"71351656b7be","level":"INFO","thread":"EthScheduler-Workers-0","class":"PersistBlockTask","message":"Imported #455 / 0 tx / 0 om / 0 (0.0%) gas / (0x7f47f4e8833c0caf77fec853ce6bfea2f1d0ac869a0a0d4e62bcb7072b732f23) in 0.002s. Peers: 3","throwable":""}
{"timestamp":"2025-07-25T12:33:36,178","container":"71351656b7be","level":"INFO","thread":"EthScheduler-Workers-0","class":"PersistBlockTask","message":"Imported #456 / 0 tx / 0 om / 0 (0.0%) gas / (0xe1a13110cc06406865e05eed5e1ff9ebd6d55c6b2cdd8122c6d9ae833dd2dd21) in 0.001s. Peers: 3","throwable":""}
{"timestamp":"2025-07-25T12:33:44,031","container":"71351656b7be","level":"INFO","thread":"EthScheduler-Workers-0","class":"PersistBlockTask","message":"Imported #457 / 0 tx / 0 om / 0 (0.0%) gas / (0xbca489fad2962df1c73f61eb76f28c3db0814dfa0a58542b6765a41d2ba409e5) in 0.002s. Peers: 3","throwable":""}
{"timestamp":"2025-07-25T12:33:52,013","container":"71351656b7be","level":"INFO","thread":"EthScheduler-Workers-0","class":"PersistBlockTask","message":"Imported #458 / 0 tx / 0 om / 0 (0.0%) gas / (0xed3d47420f8d5a67464712ddacf014827fdefd2564971fc57d9b35a34cbc33f4) in 0.001s. Peers: 3","throwable":""}
{"timestamp":"2025-07-25T12:34:00,031","container":"71351656b7be","level":"INFO","thread":"EthScheduler-Workers-0","class":"PersistBlockTask","message":"Imported #459 / 0 tx / 0 om / 0 (0.0%) gas / (0xf3a18b81b7feeaa6813b676c31522214ab2fb4861c793f3fed355651dd07102b) in 0.002s. Peers: 3","throwable":""}
{"timestamp":"2025-07-25T12:34:08,030","container":"71351656b7be","level":"INFO","thread":"EthScheduler-Workers-0","class":"PersistBlockTask","message":"Imported #460 / 0 tx / 0 om / 0 (0.0%) gas / (0x4613321867bf2afe6da381d8ab28d0f180c978bfd6ea91de47c03a3aa98c6788) in 0.003s. Peers: 3","throwable":""}
{"timestamp":"2025-07-25T12:34:16,013","container":"71351656b7be","level":"INFO","thread":"EthScheduler-Workers-0","class":"PersistBlockTask","message":"Imported #461 / 0 tx / 0 om / 0 (0.0%) gas / (0x1da783853a22fa3feb789eabd28b038c36cf698a62fe2b0579e5f784ad0b76e3) in 0.001s. Peers: 3","throwable":""}
{"timestamp":"2025-07-25T12:34:24,039","container":"71351656b7be","level":"INFO","thread":"EthScheduler-Workers-0","class":"PersistBlockTask","message":"Imported #462 / 1 tx / 0 om / 84,089 (0.0%) gas / (0x27f3d547fb73fe20e208e81d285dbadeaf478511a96c44d7fe30580635770245) in 0.008s. Peers: 3","throwable":""}
{"timestamp":"2025-07-25T12:34:32,027","container":"71351656b7be","level":"INFO","thread":"EthScheduler-Workers-0","class":"PersistBlockTask","message":"Imported #463 / 1 tx / 0 om / 84,089 (0.0%) gas / (0xe76b60bf95f134ba442f7a4f2f8db1fe4e783c9a8803a271fada1d8567186097) in 0.003s. Peers: 3","throwable":""}
{"timestamp":"2025-07-25T12:34:40,030","container":"71351656b7be","level":"INFO","thread":"EthScheduler-Workers-0","class":"PersistBlockTask","message":"Imported #464 / 1 tx / 0 om / 84,089 (0.0%) gas / (0xfaeb81e859f40e8b916bc2e08a152f7d28287337b168936054f45a5225b86aab) in 0.003s. Peers: 3","throwable":""}
{"timestamp":"2025-07-25T12:34:48,038","container":"71351656b7be","level":"INFO","thread":"EthScheduler-Workers-0","class":"PersistBlockTask","message":"Imported #465 / 1 tx / 0 om / 84,089 (0.0%) gas / (0x7299bd61b817c89fec370edfd35677350490309d4d1f0d92fdd09c0f6413dfa3) in 0.005s. Peers: 3","throwable":""}
{"timestamp":"2025-07-25T12:34:56,039","container":"71351656b7be","level":"INFO","thread":"EthScheduler-Workers-0","class":"PersistBlockTask","message":"Imported #466 / 1 tx / 0 om / 84,089 (0.0%) gas / (0x2258dc249135b84012de3564fcd1050d2021a6c292f6753d9f4a5aa056fdd6e8) in 0.009s. Peers: 3","throwable":""}
{"timestamp":"2025-07-25T12:35:04,067","container":"71351656b7be","level":"INFO","thread":"EthScheduler-Workers-0","class":"PersistBlockTask","message":"Imported #467 / 1 tx / 0 om / 84,089 (0.0%) gas / (0xc90ef96c4e60bc75f91cb05da3efb186ddfbdbb915c03ec6087ff54e4f10a4eb) in 0.003s. Peers: 3","throwable":""}
{"timestamp":"2025-07-25T12:35:12,032","container":"71351656b7be","level":"INFO","thread":"EthScheduler-Workers-0","class":"PersistBlockTask","message":"Imported #468 / 1 tx / 0 om / 84,089 (0.0%) gas / (0xb831ff2f346f8447356d367a3c761ecbd8815da2118ac4d5b4550b7d6418210a) in 0.003s. Peers: 3","throwable":""}
{"timestamp":"2025-07-25T12:35:20,027","container":"71351656b7be","level":"INFO","thread":"EthScheduler-Workers-0","class":"PersistBlockTask","message":"Imported #469 / 1 tx / 0 om / 84,089 (0.0%) gas / (0xcb632cc882ab634b9e8c4f72887ca5709e238723a319e98141424f8d44563aca) in 0.003s. Peers: 3","throwable":""}
{"timestamp":"2025-07-25T12:35:28,036","container":"71351656b7be","level":"INFO","thread":"EthScheduler-Workers-0","class":"PersistBlockTask","message":"Imported #470 / 1 tx / 0 om / 84,089 (0.0%) gas / (0xee56453d050bcb8c1dc79c86ec8c2fbd10c0d9ec4c342cc990cc9276330aa2cd) in 0.007s. Peers: 3","throwable":""}
{"timestamp":"2025-07-25T12:35:36,041","container":"71351656b7be","level":"INFO","thread":"EthScheduler-Workers-0","class":"PersistBlockTask","message":"Imported #471 / 1 tx / 0 om / 84,101 (0.0%) gas / (0x9cc036a25493cfdece5880857b25e8092fa7d1c668bd12413fb1bba27c94f4b2) in 0.009s. Peers: 3","throwable":""}
{"timestamp":"2025-07-25T12:35:44,017","container":"71351656b7be","level":"INFO","thread":"EthScheduler-Workers-0","class":"PersistBlockTask","message":"Imported #472 / 0 tx / 0 om / 0 (0.0%) gas / (0x6001629bd947864622309020e0e4ec05fb4152f85bb3d3023967d318d254feb1) in 0.001s. Peers: 3","throwable":""}
{"timestamp":"2025-07-25T12:35:52,027","container":"71351656b7be","level":"INFO","thread":"EthScheduler-Workers-0","class":"PersistBlockTask","message":"Imported #473 / 0 tx / 0 om / 0 (0.0%) gas / (0x543550cbbf8d0a36bee9c8d90b994de2bb00f45b5e9b3e36532ef1beac719492) in 0.002s. Peers: 3","throwable":""}
{"timestamp":"2025-07-25T12:36:00,042","container":"71351656b7be","level":"INFO","thread":"EthScheduler-Workers-0","class":"PersistBlockTask","message":"Imported #474 / 0 tx / 0 om / 0 (0.0%) gas / (0x7e637a85895ae976870370c99433b2cf954cd230d01f6df21de173b134bf9acf) in 0.002s. Peers: 3","throwable":""}
{"timestamp":"2025-07-25T12:36:08,031","container":"71351656b7be","level":"INFO","thread":"EthScheduler-Workers-0","class":"PersistBlockTask","message":"Imported #475 / 0 tx / 0 om / 0 (0.0%) gas / (0x2f76cb0eee8ab750c0e2f3bd9622757dc2c72b9cbf2204e6baca2aa981addf5c) in 0.004s. Peers: 3","throwable":""}
{"timestamp":"2025-07-25T12:36:16,024","container":"71351656b7be","level":"INFO","thread":"EthScheduler-Workers-0","class":"PersistBlockTask","message":"Imported #476 / 0 tx / 0 om / 0 (0.0%) gas / (0x7ff1909ddeb68ccd46c5053d895f5d9755e70b6207dbe9e02165f39da3016fc9) in 0.002s. Peers: 3","throwable":""}
{"timestamp":"2025-07-25T12:36:24,023","container":"71351656b7be","level":"INFO","thread":"EthScheduler-Workers-0","class":"PersistBlockTask","message":"Imported #477 / 0 tx / 0 om / 0 (0.0%) gas / (0xfacf1904304978cffa34edaca8d768670837c9aa321cccfeb6dad0b9216f4183) in 0.004s. Peers: 3","throwable":""}
{"timestamp":"2025-07-25T12:36:32,014","container":"71351656b7be","level":"INFO","thread":"EthScheduler-Workers-0","class":"PersistBlockTask","message":"Imported #478 / 0 tx / 0 om / 0 (0.0%) gas / (0xcf3f449a5c0d53ade81263c8ad942b4f4dce640f0b3c0558136e5f10d663dba4) in 0.003s. Peers: 3","throwable":""}
{"timestamp":"2025-07-25T12:36:40,026","container":"71351656b7be","level":"INFO","thread":"EthScheduler-Workers-0","class":"PersistBlockTask","message":"Imported #479 / 0 tx / 0 om / 0 (0.0%) gas / (0x41cb752b367f4b7a85c5fc684a4e87a4db1accbba2e6beb915c1c4c8fdacdeb3) in 0.002s. Peers: 3","throwable":""}
{"timestamp":"2025-07-25T12:36:48,013","container":"71351656b7be","level":"INFO","thread":"EthScheduler-Workers-0","class":"PersistBlockTask","message":"Imported #480 / 0 tx / 0 om / 0 (0.0%) gas / (0x15d3724c7636a791f32964397492d2169fe5a3e89a6ba2f4a892c8bdb0687a34) in 0.002s. Peers: 3","throwable":""}
{"timestamp":"2025-07-25T12:36:56,039","container":"71351656b7be","level":"INFO","thread":"EthScheduler-Workers-0","class":"PersistBlockTask","message":"Imported #481 / 0 tx / 0 om / 0 (0.0%) gas / (0xa4c3b4f91cdb3b9386d5907fd604b847b19487974525887a023eee20d8caf4d9) in 0.005s. Peers: 3","throwable":""}
{"timestamp":"2025-07-25T12:37:04,013","container":"71351656b7be","level":"INFO","thread":"EthScheduler-Workers-0","class":"PersistBlockTask","message":"Imported #482 / 0 tx / 0 om / 0 (0.0%) gas / (0xcfc68636eca3371f4f30a58e4c2d197e3982384ecaed4b6ad95340e2c2da1006) in 0.002s. Peers: 3","throwable":""}
{"timestamp":"2025-07-25T12:37:12,021","container":"71351656b7be","level":"INFO","thread":"EthScheduler-Workers-0","class":"PersistBlockTask","message":"Imported #483 / 0 tx / 0 om / 0 (0.0%) gas / (0xa06dfc8a4d362ffb7aa07fa0d6b2a91e44bf47827ce491e3d2a34215389362c9) in 0.003s. Peers: 3","throwable":""}
{"timestamp":"2025-07-25T12:37:20,029","container":"71351656b7be","level":"INFO","thread":"EthScheduler-Workers-0","class":"PersistBlockTask","message":"Imported #484 / 0 tx / 0 om / 0 (0.0%) gas / (0xed8d28bd4fbc9c7753d7e43f54a01eb0a33b81566fe40e199542d8327d01da60) in 0.003s. Peers: 3","throwable":""}
{"timestamp":"2025-07-25T12:37:28,041","container":"71351656b7be","level":"INFO","thread":"EthScheduler-Workers-0","class":"PersistBlockTask","message":"Imported #485 / 0 tx / 0 om / 0 (0.0%) gas / (0x7c6948d05a76299f730da230c4b5192df33e8d0329115caffbb3b512a7b51c1a) in 0.002s. Peers: 3","throwable":""}
{"timestamp":"2025-07-25T12:37:36,020","container":"71351656b7be","level":"INFO","thread":"EthScheduler-Workers-0","class":"PersistBlockTask","message":"Imported #486 / 0 tx / 0 om / 0 (0.0%) gas / (0x59a17afe7f06890b68a3bc34a9358c1902455fea4b5323f8e93d783e431eee5f) in 0.003s. Peers: 3","throwable":""}
{"timestamp":"2025-07-25T12:37:44,017","container":"71351656b7be","level":"INFO","thread":"EthScheduler-Workers-0","class":"PersistBlockTask","message":"Imported #487 / 0 tx / 0 om / 0 (0.0%) gas / (0x2a2d4c256318a2172fec6dd407a262b64f62b7846adec5b9c822d95b591ddab5) in 0.002s. Peers: 3","throwable":""}
{"timestamp":"2025-07-25T12:37:52,019","container":"71351656b7be","level":"INFO","thread":"EthScheduler-Workers-0","class":"PersistBlockTask","message":"Imported #488 / 0 tx / 0 om / 0 (0.0%) gas / (0x5abdf04775cdff29d16da41419cfbcb16dccb9ff2fbafab0bc9e6d5038eb3b21) in 0.003s. Peers: 3","throwable":""}
{"timestamp":"2025-07-25T12:38:00,025","container":"71351656b7be","level":"INFO","thread":"EthScheduler-Workers-0","class":"PersistBlockTask","message":"Imported #489 / 0 tx / 0 om / 0 (0.0%) gas / (0xf4c0ab8c7aaa50477452a6dcd3279de89006987b19eb722ba2c17e20b1eb1b4c) in 0.002s. Peers: 3","throwable":""}
{"timestamp":"2025-07-25T12:38:08,028","container":"71351656b7be","level":"INFO","thread":"EthScheduler-Workers-0","class":"PersistBlockTask","message":"Imported #490 / 0 tx / 0 om / 0 (0.0%) gas / (0x6b4930dc23ac4d5c6bb8e9f05a87150837d6a688af2ad59c0f4e278a19d76d59) in 0.004s. Peers: 3","throwable":""}
{"timestamp":"2025-07-25T12:38:16,015","container":"71351656b7be","level":"INFO","thread":"EthScheduler-Workers-0","class":"PersistBlockTask","message":"Imported #491 / 0 tx / 0 om / 0 (0.0%) gas / (0x033811ce239a1310fcfc695e3d9621996185d03944874abd8d3532a70a43e7e6) in 0.003s. Peers: 3","throwable":""}
{"timestamp":"2025-07-25T12:38:24,024","container":"71351656b7be","level":"INFO","thread":"EthScheduler-Workers-0","class":"PersistBlockTask","message":"Imported #492 / 0 tx / 0 om / 0 (0.0%) gas / (0x1fcf8e988392430c39f2086c419dd0dbde5aa1172e3781ca49cbb95f3159a899) in 0.002s. Peers: 3","throwable":""}
{"timestamp":"2025-07-25T12:38:32,056","container":"71351656b7be","level":"INFO","thread":"EthScheduler-Workers-0","class":"PersistBlockTask","message":"Imported #493 / 0 tx / 0 om / 0 (0.0%) gas / (0x06dcca3d32b1df7c27f653938de6efee3f09e948d23f66880fc9b58da02ca3b6) in 0.001s. Peers: 3","throwable":""}
{"timestamp":"2025-07-25T12:38:40,025","container":"71351656b7be","level":"INFO","thread":"EthScheduler-Workers-0","class":"PersistBlockTask","message":"Imported #494 / 0 tx / 0 om / 0 (0.0%) gas / (0x57532a282b4d3d197e5ca90024d9afae2e7595e9395d8f4ce475d33a98beb191) in 0.002s. Peers: 3","throwable":""}
{"timestamp":"2025-07-25T12:38:48,024","container":"71351656b7be","level":"INFO","thread":"EthScheduler-Workers-0","class":"PersistBlockTask","message":"Imported #495 / 0 tx / 0 om / 0 (0.0%) gas / (0x663a5c35af3287337a77a931a8df32c9be600aff08f264a233ab51ab8c9854ee) in 0.002s. Peers: 3","throwable":""}
{"timestamp":"2025-07-25T12:38:56,012","container":"71351656b7be","level":"INFO","thread":"EthScheduler-Workers-0","class":"PersistBlockTask","message":"Imported #496 / 0 tx / 0 om / 0 (0.0%) gas / (0xccd141a4ceca9a80d5d6233186e9d17d86ea0cac30e79aaf65f3c803bd7a5739) in 0.001s. Peers: 3","throwable":""}
{"timestamp":"2025-07-25T12:39:04,024","container":"71351656b7be","level":"INFO","thread":"EthScheduler-Workers-0","class":"PersistBlockTask","message":"Imported #497 / 0 tx / 0 om / 0 (0.0%) gas / (0xb36b6f437ea793d4ac342a4bcca4016c47ea8be43b51821b593bd89d098da6bf) in 0.004s. Peers: 3","throwable":""}
{"timestamp":"2025-07-25T12:39:12,021","container":"71351656b7be","level":"INFO","thread":"EthScheduler-Workers-0","class":"PersistBlockTask","message":"Imported #498 / 0 tx / 0 om / 0 (0.0%) gas / (0x547189d76e02486dcb1a260aa1b5fe73aa936669770f218097b666d3fc9b3290) in 0.002s. Peers: 3","throwable":""}
{"timestamp":"2025-07-25T12:39:20,026","container":"71351656b7be","level":"INFO","thread":"EthScheduler-Workers-0","class":"PersistBlockTask","message":"Imported #499 / 0 tx / 0 om / 0 (0.0%) gas / (0x86811f3aa9793f442671a41a9bc3dce7d0e1ce210d528127e00e4f1b3b96f70f) in 0.001s. Peers: 3","throwable":""}
{"timestamp":"2025-07-25T12:39:28,011","container":"71351656b7be","level":"INFO","thread":"EthScheduler-Workers-0","class":"PersistBlockTask","message":"Imported #500 / 0 tx / 0 om / 0 (0.0%) gas / (0x961dcbaeeb5aa08e77f3b27dada9e598704f0a9a000f07f28c69b50f2813961b) in 0.001s. Peers: 3","throwable":""}
{"timestamp":"2025-07-25T12:39:36,022","container":"71351656b7be","level":"INFO","thread":"EthScheduler-Workers-0","class":"PersistBlockTask","message":"Imported #501 / 0 tx / 0 om / 0 (0.0%) gas / (0xb53b1451a5e27d90243d0b11df6edd215dbacba9cf4c7fa29e0e778c43702a09) in 0.002s. Peers: 3","throwable":""}
{"timestamp":"2025-07-25T12:39:44,012","container":"71351656b7be","level":"INFO","thread":"EthScheduler-Workers-0","class":"PersistBlockTask","message":"Imported #502 / 0 tx / 0 om / 0 (0.0%) gas / (0xa63dffacaa37b121e73fb439e16f3a604c88a603a23cf70c8d2b361df278be5a) in 0.001s. Peers: 3","throwable":""}
{"timestamp":"2025-07-25T12:39:52,012","container":"71351656b7be","level":"INFO","thread":"EthScheduler-Workers-0","class":"PersistBlockTask","message":"Imported #503 / 0 tx / 0 om / 0 (0.0%) gas / (0xfb2525e6fa6b5b6172ab32c0d3eda2b79f278801f43920267d0960f6a1d4c33d) in 0.001s. Peers: 3","throwable":""}
{"timestamp":"2025-07-25T12:40:00,025","container":"71351656b7be","level":"INFO","thread":"EthScheduler-Workers-0","class":"PersistBlockTask","message":"Imported #504 / 0 tx / 0 om / 0 (0.0%) gas / (0xd5c68db665c3ea4cc9c89e2b739de481d753c6ab09983166247a7d09e12b8891) in 0.002s. Peers: 3","throwable":""}
{"timestamp":"2025-07-25T12:40:08,028","container":"71351656b7be","level":"INFO","thread":"EthScheduler-Workers-0","class":"PersistBlockTask","message":"Imported #505 / 0 tx / 0 om / 0 (0.0%) gas / (0x4ea34e9c7e07328f1f7e480f78a80b0c0c8ea82144505c6f822e54472c52270e) in 0.003s. Peers: 3","throwable":""}
{"timestamp":"2025-07-25T12:40:16,014","container":"71351656b7be","level":"INFO","thread":"EthScheduler-Workers-0","class":"PersistBlockTask","message":"Imported #506 / 0 tx / 0 om / 0 (0.0%) gas / (0xb774713e051c0ba543437cc3128a20f3a5f28db56fd9a6f0a215706d13656341) in 0.001s. Peers: 3","throwable":""}
{"timestamp":"2025-07-25T12:40:24,013","container":"71351656b7be","level":"INFO","thread":"EthScheduler-Workers-0","class":"PersistBlockTask","message":"Imported #507 / 0 tx / 0 om / 0 (0.0%) gas / (0x240e10af53d0002a7d89c0619df22ccf3086e0727342d1036bc30d66d3729ad3) in 0.002s. Peers: 3","throwable":""}
{"timestamp":"2025-07-25T12:40:32,015","container":"71351656b7be","level":"INFO","thread":"EthScheduler-Workers-0","class":"PersistBlockTask","message":"Imported #508 / 0 tx / 0 om / 0 (0.0%) gas / (0x60148cbf87445a5212bdf7f164f5317696b365f9c810c99bf97ea331e87b1d2e) in 0.002s. Peers: 3","throwable":""}
{"timestamp":"2025-07-25T12:40:40,018","container":"71351656b7be","level":"INFO","thread":"EthScheduler-Workers-0","class":"PersistBlockTask","message":"Imported #509 / 0 tx / 0 om / 0 (0.0%) gas / (0xbcc9808dc9a0b42544baa9b212cbf819f002e72e26512c1229caf67723182457) in 0.002s. Peers: 3","throwable":""}
{"timestamp":"2025-07-25T12:40:48,023","container":"71351656b7be","level":"INFO","thread":"EthScheduler-Workers-0","class":"PersistBlockTask","message":"Imported #510 / 0 tx / 0 om / 0 (0.0%) gas / (0xf477456333d7d592d971b2ca9de0ad95539e2b4c0f5e2612372b77f3a86b2414) in 0.001s. Peers: 3","throwable":""}
{"timestamp":"2025-07-25T12:40:56,032","container":"71351656b7be","level":"INFO","thread":"EthScheduler-Workers-0","class":"PersistBlockTask","message":"Imported #511 / 0 tx / 0 om / 0 (0.0%) gas / (0x8c01f91391e3b17c89d2cdf01c626b9bd67e12af6c7d7d2930a91b3042b8661c) in 0.008s. Peers: 3","throwable":""}
{"timestamp":"2025-07-25T12:41:04,043","container":"71351656b7be","level":"INFO","thread":"EthScheduler-Workers-0","class":"PersistBlockTask","message":"Imported #512 / 0 tx / 0 om / 0 (0.0%) gas / (0x32bbe108e03d3d54ae4273f91ce103560d9ed0ecd43aec00944aad8a2ebfcb2b) in 0.007s. Peers: 3","throwable":""}
{"timestamp":"2025-07-25T12:41:12,026","container":"71351656b7be","level":"INFO","thread":"EthScheduler-Workers-0","class":"PersistBlockTask","message":"Imported #513 / 0 tx / 0 om / 0 (0.0%) gas / (0x2b926cb1c3638798e8235ebcb672ccb076c8c7c5cbdd32c5b16f23b61ca835d3) in 0.002s. Peers: 3","throwable":""}
{"timestamp":"2025-07-25T12:41:20,022","container":"71351656b7be","level":"INFO","thread":"EthScheduler-Workers-0","class":"PersistBlockTask","message":"Imported #514 / 0 tx / 0 om / 0 (0.0%) gas / (0x61aa4148d8d3489e751c9a31f7e898266ed9c27d06092d2cf977b481504dc30d) in 0.002s. Peers: 3","throwable":""}
{"timestamp":"2025-07-25T12:41:28,018","container":"71351656b7be","level":"INFO","thread":"EthScheduler-Workers-0","class":"PersistBlockTask","message":"Imported #515 / 0 tx / 0 om / 0 (0.0%) gas / (0x0e634fdb4620755c7409abd3a0e57eca3f39967cc9d94db4d6bba92e7529617c) in 0.002s. Peers: 3","throwable":""}
{"timestamp":"2025-07-25T12:41:36,012","container":"71351656b7be","level":"INFO","thread":"EthScheduler-Workers-0","class":"PersistBlockTask","message":"Imported #516 / 0 tx / 0 om / 0 (0.0%) gas / (0xa6adb2b302a0ce1e0e3b36d6f29ba80eac59fff44ce0a8d2620aefa3fd6ae1f1) in 0.001s. Peers: 3","throwable":""}
{"timestamp":"2025-07-25T12:41:44,022","container":"71351656b7be","level":"INFO","thread":"EthScheduler-Workers-0","class":"PersistBlockTask","message":"Imported #517 / 0 tx / 0 om / 0 (0.0%) gas / (0x0f5a3eb4f69846441f6d1cfb5d267456572cda4368f734bcfefe4fd1532f56d4) in 0.002s. Peers: 3","throwable":""}
{"timestamp":"2025-07-25T12:41:52,027","container":"71351656b7be","level":"INFO","thread":"EthScheduler-Workers-0","class":"PersistBlockTask","message":"Imported #518 / 0 tx / 0 om / 0 (0.0%) gas / (0x6780bbb023732989fc2a82ef2a009ff3e90f73876c0c346bcfb4bcaf70ef28c1) in 0.003s. Peers: 3","throwable":""}
{"timestamp":"2025-07-25T12:42:00,012","container":"71351656b7be","level":"INFO","thread":"EthScheduler-Workers-0","class":"PersistBlockTask","message":"Imported #519 / 0 tx / 0 om / 0 (0.0%) gas / (0x0c266d41f9bfb8409c841b80447cfbf039d0f609a395f73cf8d48bd2853a4235) in 0.001s. Peers: 3","throwable":""}
{"timestamp":"2025-07-25T12:42:08,021","container":"71351656b7be","level":"INFO","thread":"EthScheduler-Workers-0","class":"PersistBlockTask","message":"Imported #520 / 0 tx / 0 om / 0 (0.0%) gas / (0x85b6d53621c08452a44782ba82814a27e6d344ff4d7d0fa0184da9ca1230412c) in 0.003s. Peers: 3","throwable":""}
{"timestamp":"2025-07-25T12:42:16,015","container":"71351656b7be","level":"INFO","thread":"EthScheduler-Workers-0","class":"PersistBlockTask","message":"Imported #521 / 0 tx / 0 om / 0 (0.0%) gas / (0xff45f09b1c17f2b7b9b43072465ea0474c4ae8ddcbd46e6e02f7935f6c563797) in 0.001s. Peers: 3","throwable":""}
{"timestamp":"2025-07-25T12:42:24,012","container":"71351656b7be","level":"INFO","thread":"EthScheduler-Workers-0","class":"PersistBlockTask","message":"Imported #522 / 0 tx / 0 om / 0 (0.0%) gas / (0x29752b5319dff57ef4e3d078205389765182473fa5d64267a5ddf0c3aa2e80cc) in 0.001s. Peers: 3","throwable":""}
{"timestamp":"2025-07-25T12:42:32,014","container":"71351656b7be","level":"INFO","thread":"EthScheduler-Workers-0","class":"PersistBlockTask","message":"Imported #523 / 0 tx / 0 om / 0 (0.0%) gas / (0xb2519eabe6e701b1bfcacc323a561ad853888e2f22a1e33fd481306434ef1685) in 0.001s. Peers: 3","throwable":""}
{"timestamp":"2025-07-25T12:42:40,012","container":"71351656b7be","level":"INFO","thread":"EthScheduler-Workers-0","class":"PersistBlockTask","message":"Imported #524 / 0 tx / 0 om / 0 (0.0%) gas / (0xf6daab1dd0c306a27c550b0215dfdfbfd1dd9eb8568b6dff0721c829793e6442) in 0.001s. Peers: 3","throwable":""}
{"timestamp":"2025-07-25T12:42:48,014","container":"71351656b7be","level":"INFO","thread":"EthScheduler-Workers-0","class":"PersistBlockTask","message":"Imported #525 / 0 tx / 0 om / 0 (0.0%) gas / (0x55c0991e1ccb22010507887b1b95223776acd0ed324bd5f8bd87e8b102f7be6a) in 0.002s. Peers: 3","throwable":""}
{"timestamp":"2025-07-25T12:42:56,011","container":"71351656b7be","level":"INFO","thread":"EthScheduler-Workers-0","class":"PersistBlockTask","message":"Imported #526 / 0 tx / 0 om / 0 (0.0%) gas / (0x3e88ba53152ac595478c62fad01fdb3f6144dd5b315786a8ddd63dbdd6b4531b) in 0.001s. Peers: 3","throwable":""}
{"timestamp":"2025-07-25T12:43:04,015","container":"71351656b7be","level":"INFO","thread":"EthScheduler-Workers-0","class":"PersistBlockTask","message":"Imported #527 / 0 tx / 0 om / 0 (0.0%) gas / (0xa93cb941cbb54bf4cf1ff453070a49a7d44d497e21d53b02592e41c6630a4be0) in 0.002s. Peers: 3","throwable":""}
{"timestamp":"2025-07-25T12:43:12,018","container":"71351656b7be","level":"INFO","thread":"EthScheduler-Workers-0","class":"PersistBlockTask","message":"Imported #528 / 0 tx / 0 om / 0 (0.0%) gas / (0x5ce35b2647dd36f870c2641a13faae82d7221699006554f7fabd32452744693a) in 0.002s. Peers: 3","throwable":""}
{"timestamp":"2025-07-25T12:43:20,023","container":"71351656b7be","level":"INFO","thread":"EthScheduler-Workers-0","class":"PersistBlockTask","message":"Imported #529 / 0 tx / 0 om / 0 (0.0%) gas / (0x168e9959f9ca1e14f6ef5353658a11aef7d48a67f7b8051ce3e26bb53fed6b84) in 0.001s. Peers: 3","throwable":""}
{"timestamp":"2025-07-25T12:43:28,034","container":"71351656b7be","level":"INFO","thread":"EthScheduler-Workers-0","class":"PersistBlockTask","message":"Imported #530 / 0 tx / 0 om / 0 (0.0%) gas / (0x172d8bdc4f56adc1aed7079d137407a7eb1b7c373a9fd557dc4042f66a251168) in 0.003s. Peers: 3","throwable":""}
{"timestamp":"2025-07-25T12:43:36,025","container":"71351656b7be","level":"INFO","thread":"EthScheduler-Workers-0","class":"PersistBlockTask","message":"Imported #531 / 0 tx / 0 om / 0 (0.0%) gas / (0xec1b390ee6cd33b5c3e88e93648fefd029b8afa4f7180ed6c4227d003b22b5a6) in 0.002s. Peers: 3","throwable":""}
{"timestamp":"2025-07-25T12:43:44,024","container":"71351656b7be","level":"INFO","thread":"EthScheduler-Workers-0","class":"PersistBlockTask","message":"Imported #532 / 0 tx / 0 om / 0 (0.0%) gas / (0x56d0fe436f51d55b33558b92b45ec262010a8c80209578d5d491e085add7ee2a) in 0.002s. Peers: 3","throwable":""}
{"timestamp":"2025-07-25T12:43:52,015","container":"71351656b7be","level":"INFO","thread":"EthScheduler-Workers-0","class":"PersistBlockTask","message":"Imported #533 / 0 tx / 0 om / 0 (0.0%) gas / (0xaec8e0a5ce5957335bdf26360cc55687309f976e6202c467c35532cf991f627f) in 0.002s. Peers: 3","throwable":""}
{"timestamp":"2025-07-25T12:44:00,020","container":"71351656b7be","level":"INFO","thread":"EthScheduler-Workers-0","class":"PersistBlockTask","message":"Imported #534 / 0 tx / 0 om / 0 (0.0%) gas / (0x8a2c544d5b120ad70f0b58aa82e2cba4e459e103ebc44ee451e95ba1c26ec3b4) in 0.002s. Peers: 3","throwable":""}
{"timestamp":"2025-07-25T12:44:08,015","container":"71351656b7be","level":"INFO","thread":"EthScheduler-Workers-0","class":"PersistBlockTask","message":"Imported #535 / 0 tx / 0 om / 0 (0.0%) gas / (0x00bd3f2ac1f8788145d7f967e48665974448bc974bc6d79363709228d2cb86ef) in 0.003s. Peers: 3","throwable":""}
{"timestamp":"2025-07-25T12:44:16,013","container":"71351656b7be","level":"INFO","thread":"EthScheduler-Workers-0","class":"PersistBlockTask","message":"Imported #536 / 0 tx / 0 om / 0 (0.0%) gas / (0x7486c3b00fc64eb73d6f348dd0418e516c4e14bd9ed560c974f99973a2482472) in 0.001s. Peers: 3","throwable":""}
{"timestamp":"2025-07-25T12:44:24,030","container":"71351656b7be","level":"INFO","thread":"EthScheduler-Workers-0","class":"PersistBlockTask","message":"Imported #537 / 0 tx / 0 om / 0 (0.0%) gas / (0x6568115e247003793a7c80a272c873e3bdae450e3b06e28a77dd6f83823aed9d) in 0.002s. Peers: 3","throwable":""}
{"timestamp":"2025-07-25T12:44:32,020","container":"71351656b7be","level":"INFO","thread":"EthScheduler-Workers-0","class":"PersistBlockTask","message":"Imported #538 / 0 tx / 0 om / 0 (0.0%) gas / (0xaee626e085a9f8589d924b9c2d4ef24b08cb817a058661326076f51ef528aa04) in 0.002s. Peers: 3","throwable":""}
{"timestamp":"2025-07-25T12:44:40,027","container":"71351656b7be","level":"INFO","thread":"EthScheduler-Workers-0","class":"PersistBlockTask","message":"Imported #539 / 0 tx / 0 om / 0 (0.0%) gas / (0xaf8283beeb64f8fc9e7a888f0ae6df0a40cc22197bba1155e8a1af0b41faf40f) in 0.001s. Peers: 3","throwable":""}
{"timestamp":"2025-07-25T12:44:48,016","container":"71351656b7be","level":"INFO","thread":"EthScheduler-Workers-0","class":"PersistBlockTask","message":"Imported #540 / 0 tx / 0 om / 0 (0.0%) gas / (0x4c3c1e9b5a1a260f93eb33a72c3ed65fa26bb591259729242e4e02262a636bf2) in 0.001s. Peers: 3","throwable":""}
{"timestamp":"2025-07-25T12:44:56,019","container":"71351656b7be","level":"INFO","thread":"EthScheduler-Workers-0","class":"PersistBlockTask","message":"Imported #541 / 0 tx / 0 om / 0 (0.0%) gas / (0x5c75c19020631b5846dacdce6b9d92170ec7d09d4d9e0e0b676f2651cfeadf81) in 0.002s. Peers: 3","throwable":""}
{"timestamp":"2025-07-25T12:45:04,025","container":"71351656b7be","level":"INFO","thread":"EthScheduler-Workers-0","class":"PersistBlockTask","message":"Imported #542 / 0 tx / 0 om / 0 (0.0%) gas / (0x858e1931f94107bd38cfc8ee60d3c9c74c3e500e98fa5c7a26760a272ac01e66) in 0.003s. Peers: 3","throwable":""}
{"timestamp":"2025-07-25T12:45:12,013","container":"71351656b7be","level":"INFO","thread":"EthScheduler-Workers-0","class":"PersistBlockTask","message":"Imported #543 / 0 tx / 0 om / 0 (0.0%) gas / (0x2c9fa095a6446dd90e982a858e8c2b98aaf59c9b4b1b65c3c34068999df41505) in 0.001s. Peers: 3","throwable":""}
{"timestamp":"2025-07-25T12:45:20,025","container":"71351656b7be","level":"INFO","thread":"EthScheduler-Workers-0","class":"PersistBlockTask","message":"Imported #544 / 0 tx / 0 om / 0 (0.0%) gas / (0xb9e6d1e3846dfdd224b48925f160fea2b8221ee187fbac37830ed182af04268c) in 0.002s. Peers: 3","throwable":""}
{"timestamp":"2025-07-25T12:45:28,023","container":"71351656b7be","level":"INFO","thread":"EthScheduler-Workers-0","class":"PersistBlockTask","message":"Imported #545 / 0 tx / 0 om / 0 (0.0%) gas / (0x83581166faaa7089346f52028655fa19596904f283d60e24504d7c515442d135) in 0.003s. Peers: 3","throwable":""}
{"timestamp":"2025-07-25T12:45:36,026","container":"71351656b7be","level":"INFO","thread":"EthScheduler-Workers-0","class":"PersistBlockTask","message":"Imported #546 / 0 tx / 0 om / 0 (0.0%) gas / (0x4319f0df5d56769894bf456d3dcb3645794878a05a208465eefc0def931a99e1) in 0.002s. Peers: 3","throwable":""}
{"timestamp":"2025-07-25T12:45:44,023","container":"71351656b7be","level":"INFO","thread":"EthScheduler-Workers-0","class":"PersistBlockTask","message":"Imported #547 / 0 tx / 0 om / 0 (0.0%) gas / (0x078f957ae5380fe6352b161d97d409f798320930168441170bb02aa5e048f336) in 0.002s. Peers: 3","throwable":""}
{"timestamp":"2025-07-25T12:45:52,024","container":"71351656b7be","level":"INFO","thread":"EthScheduler-Workers-0","class":"PersistBlockTask","message":"Imported #548 / 0 tx / 0 om / 0 (0.0%) gas / (0x3adb63cbde3c6b869d3726331feb76fed346c6af355d45560fed467837a14a42) in 0.003s. Peers: 3","throwable":""}
{"timestamp":"2025-07-25T12:46:00,036","container":"71351656b7be","level":"INFO","thread":"EthScheduler-Workers-0","class":"PersistBlockTask","message":"Imported #549 / 0 tx / 0 om / 0 (0.0%) gas / (0xb413bb6107e25bbce55bbd160137393fbdcbebd826eb8ed78e4dd6b5e99bf83d) in 0.003s. Peers: 3","throwable":""}
{"timestamp":"2025-07-25T12:46:08,022","container":"71351656b7be","level":"INFO","thread":"EthScheduler-Workers-0","class":"PersistBlockTask","message":"Imported #550 / 0 tx / 0 om / 0 (0.0%) gas / (0xe303fa767c8f1f0a99bfee79914c1777877897ab1f30113943b5010fc769a7a8) in 0.003s. Peers: 3","throwable":""}
{"timestamp":"2025-07-25T12:46:16,027","container":"71351656b7be","level":"INFO","thread":"EthScheduler-Workers-0","class":"PersistBlockTask","message":"Imported #551 / 0 tx / 0 om / 0 (0.0%) gas / (0x9ca8e89fa10294e1791a440666158bc3f915e0e0e3ef4f592cce0f46ae5b2637) in 0.002s. Peers: 3","throwable":""}
{"timestamp":"2025-07-25T12:46:24,022","container":"71351656b7be","level":"INFO","thread":"EthScheduler-Workers-0","class":"PersistBlockTask","message":"Imported #552 / 0 tx / 0 om / 0 (0.0%) gas / (0x08e305a74a1450cc8e1d565f52b19a5bbfc194142290f45efd266e2a4443a9dd) in 0.002s. Peers: 3","throwable":""}
{"timestamp":"2025-07-25T12:46:32,014","container":"71351656b7be","level":"INFO","thread":"EthScheduler-Workers-0","class":"PersistBlockTask","message":"Imported #553 / 0 tx / 0 om / 0 (0.0%) gas / (0x86b267102246ea48fca33ace45559cb65bfecfc33d13a655bbfd5ec393bedd16) in 0.002s. Peers: 3","throwable":""}
{"timestamp":"2025-07-25T12:46:40,022","container":"71351656b7be","level":"INFO","thread":"EthScheduler-Workers-0","class":"PersistBlockTask","message":"Imported #554 / 0 tx / 0 om / 0 (0.0%) gas / (0xa4467c143eac7e060b1d08b46b65ac9091b27958f35cf3de8d611bf408fe30f0) in 0.002s. Peers: 3","throwable":""}
{"timestamp":"2025-07-25T12:46:48,032","container":"71351656b7be","level":"INFO","thread":"EthScheduler-Workers-0","class":"PersistBlockTask","message":"Imported #555 / 0 tx / 0 om / 0 (0.0%) gas / (0xeed972664b4a7eff49a65c38ed802b931749217f1a2919ac97c5fd6ee79fd3e4) in 0.005s. Peers: 3","throwable":""}
{"timestamp":"2025-07-25T12:46:56,014","container":"71351656b7be","level":"INFO","thread":"EthScheduler-Workers-0","class":"PersistBlockTask","message":"Imported #556 / 0 tx / 0 om / 0 (0.0%) gas / (0x11b389a7a2f18bc9f36496ca08e9ffabf29b36f363e15a3d937d53708209eaba) in 0.002s. Peers: 3","throwable":""}
{"timestamp":"2025-07-25T12:47:04,024","container":"71351656b7be","level":"INFO","thread":"EthScheduler-Workers-0","class":"PersistBlockTask","message":"Imported #557 / 0 tx / 0 om / 0 (0.0%) gas / (0xa3cd95328817dcaafdd32ad02ccc15d5d736668ffebeeda5e3d50a2723df5e91) in 0.002s. Peers: 3","throwable":""}
{"timestamp":"2025-07-25T12:47:12,015","container":"71351656b7be","level":"INFO","thread":"EthScheduler-Workers-0","class":"PersistBlockTask","message":"Imported #558 / 0 tx / 0 om / 0 (0.0%) gas / (0xebcaae2a7c13e6795ad96b282a1ab8d9d954b3dde89900cce2d07fcfcfede3f3) in 0.003s. Peers: 3","throwable":""}
{"timestamp":"2025-07-25T12:47:20,033","container":"71351656b7be","level":"INFO","thread":"EthScheduler-Workers-0","class":"PersistBlockTask","message":"Imported #559 / 0 tx / 0 om / 0 (0.0%) gas / (0x28f892d3fa84bce563fdd0288dd705c37be13c0f0484b2b41e37fd33284683db) in 0.002s. Peers: 3","throwable":""}
{"timestamp":"2025-07-25T12:47:28,013","container":"71351656b7be","level":"INFO","thread":"EthScheduler-Workers-0","class":"PersistBlockTask","message":"Imported #560 / 0 tx / 0 om / 0 (0.0%) gas / (0x351ef472a7b69128ba27acc4d7fdc0e338536add9b3b63f4a61039a45e2a7dd3) in 0.001s. Peers: 3","throwable":""}
{"timestamp":"2025-07-25T12:47:36,022","container":"71351656b7be","level":"INFO","thread":"EthScheduler-Workers-0","class":"PersistBlockTask","message":"Imported #561 / 0 tx / 0 om / 0 (0.0%) gas / (0x769d819016f0801fdc7dbe7ca33ce86bf3e45de748459a7d86bc37b94be38e84) in 0.004s. Peers: 3","throwable":""}
{"timestamp":"2025-07-25T12:47:44,021","container":"71351656b7be","level":"INFO","thread":"EthScheduler-Workers-0","class":"PersistBlockTask","message":"Imported #562 / 0 tx / 0 om / 0 (0.0%) gas / (0x88455ee5434f0b721929e731fff64dcc8f5cce560a6b917cf588a5be4ce1aaea) in 0.002s. Peers: 3","throwable":""}
{"timestamp":"2025-07-25T12:47:52,023","container":"71351656b7be","level":"INFO","thread":"EthScheduler-Workers-0","class":"PersistBlockTask","message":"Imported #563 / 0 tx / 0 om / 0 (0.0%) gas / (0xea59fefde6e6e473b7b3863ba4e559113ed067ff09bbfe41e417c6b721ca3ae3) in 0.003s. Peers: 3","throwable":""}
{"timestamp":"2025-07-25T12:48:00,025","container":"71351656b7be","level":"INFO","thread":"EthScheduler-Workers-0","class":"PersistBlockTask","message":"Imported #564 / 0 tx / 0 om / 0 (0.0%) gas / (0xe0774373608f0aef31eb9d8706ca1def0a164deaa489eda8870e81c7d86bf18e) in 0.002s. Peers: 3","throwable":""}
{"timestamp":"2025-07-25T12:48:08,017","container":"71351656b7be","level":"INFO","thread":"EthScheduler-Workers-0","class":"PersistBlockTask","message":"Imported #565 / 0 tx / 0 om / 0 (0.0%) gas / (0xeb1bbe45d4b024490a33f9c46267ebfd281154597a69a7b50e6a2a5e8f6c62a5) in 0.002s. Peers: 3","throwable":""}
{"timestamp":"2025-07-25T12:48:16,025","container":"71351656b7be","level":"INFO","thread":"EthScheduler-Workers-0","class":"PersistBlockTask","message":"Imported #566 / 0 tx / 0 om / 0 (0.0%) gas / (0x5f2584b64f5f90aaece93c36eaf17b8ac28faa0e24812195298725346d8cb6a1) in 0.003s. Peers: 3","throwable":""}
{"timestamp":"2025-07-25T12:48:24,017","container":"71351656b7be","level":"INFO","thread":"EthScheduler-Workers-0","class":"PersistBlockTask","message":"Imported #567 / 0 tx / 0 om / 0 (0.0%) gas / (0x8ed86b3dc90af794ad39402aceeb95503564a0aa57efe29987ec1258c5832721) in 0.002s. Peers: 3","throwable":""}
{"timestamp":"2025-07-25T12:48:32,014","container":"71351656b7be","level":"INFO","thread":"EthScheduler-Workers-0","class":"PersistBlockTask","message":"Imported #568 / 0 tx / 0 om / 0 (0.0%) gas / (0x3f95e911cd5f79444ce49203fbcd3eb6ef6cca055c5e42398502d4d9e0848090) in 0.001s. Peers: 3","throwable":""}
{"timestamp":"2025-07-25T12:48:40,016","container":"71351656b7be","level":"INFO","thread":"EthScheduler-Workers-0","class":"PersistBlockTask","message":"Imported #569 / 0 tx / 0 om / 0 (0.0%) gas / (0xdea9c7c37fe2fb55039e97911a32cce928d55a9bd82e7575d77689e0950aaa9c) in 0.002s. Peers: 3","throwable":""}
{"timestamp":"2025-07-25T12:48:48,022","container":"71351656b7be","level":"INFO","thread":"EthScheduler-Workers-0","class":"PersistBlockTask","message":"Imported #570 / 0 tx / 0 om / 0 (0.0%) gas / (0x3b1cda0de04d08b13e90199fb05e2933d368e7e4c47296b9250e01b1d4a1a847) in 0.002s. Peers: 3","throwable":""}
{"timestamp":"2025-07-25T12:48:56,024","container":"71351656b7be","level":"INFO","thread":"EthScheduler-Workers-0","class":"PersistBlockTask","message":"Imported #571 / 0 tx / 0 om / 0 (0.0%) gas / (0x80d065b81532b1bfdde890f8ade3c51dfe21c846884cca5c1ea275253673a2fb) in 0.002s. Peers: 3","throwable":""}
{"timestamp":"2025-07-25T12:49:04,018","container":"71351656b7be","level":"INFO","thread":"EthScheduler-Workers-0","class":"PersistBlockTask","message":"Imported #572 / 0 tx / 0 om / 0 (0.0%) gas / (0x33ef0cc567862ac5e796a8036f84205a3590e44e7ccacffc704e6745ef63519d) in 0.002s. Peers: 3","throwable":""}
{"timestamp":"2025-07-25T12:49:12,013","container":"71351656b7be","level":"INFO","thread":"EthScheduler-Workers-0","class":"PersistBlockTask","message":"Imported #573 / 0 tx / 0 om / 0 (0.0%) gas / (0xc360f4d38ca2a439fb41ca12d417c24bc5a9ccb52c33201216ac1bc47592b5ab) in 0.001s. Peers: 3","throwable":""}
{"timestamp":"2025-07-25T12:49:20,020","container":"71351656b7be","level":"INFO","thread":"EthScheduler-Workers-0","class":"PersistBlockTask","message":"Imported #574 / 0 tx / 0 om / 0 (0.0%) gas / (0x964d6321dbf4605d9ea9cca2a223fa8b51e6ffe24b85c7a4955c12a6eee80ff9) in 0.002s. Peers: 3","throwable":""}
{"timestamp":"2025-07-25T12:49:28,023","container":"71351656b7be","level":"INFO","thread":"EthScheduler-Workers-0","class":"PersistBlockTask","message":"Imported #575 / 0 tx / 0 om / 0 (0.0%) gas / (0xe6e4aec635acafc18bd5039d8f6e5e8dbe564a9a3560c076df6dcf2b14cfcab8) in 0.002s. Peers: 3","throwable":""}
{"timestamp":"2025-07-25T12:49:36,018","container":"71351656b7be","level":"INFO","thread":"EthScheduler-Workers-0","class":"PersistBlockTask","message":"Imported #576 / 0 tx / 0 om / 0 (0.0%) gas / (0x32c54ddc5781443dd2b51584c2dca1507284cd64fde06ba85c38fa8605677ced) in 0.002s. Peers: 3","throwable":""}
{"timestamp":"2025-07-25T12:49:44,028","container":"71351656b7be","level":"INFO","thread":"EthScheduler-Workers-0","class":"PersistBlockTask","message":"Imported #577 / 0 tx / 0 om / 0 (0.0%) gas / (0x45dcea7deabfbdd5a5b3ca6f7ccefdd4a6094813b36d37683ad0046ef8fab627) in 0.002s. Peers: 3","throwable":""}
{"timestamp":"2025-07-25T12:49:52,028","container":"71351656b7be","level":"INFO","thread":"EthScheduler-Workers-0","class":"PersistBlockTask","message":"Imported #578 / 0 tx / 0 om / 0 (0.0%) gas / (0xfc63d77caa10cf3006c533045dec357f487d0fc085e74bc4bba2157ab5566981) in 0.002s. Peers: 3","throwable":""}
{"timestamp":"2025-07-25T12:50:00,029","container":"71351656b7be","level":"INFO","thread":"EthScheduler-Workers-0","class":"PersistBlockTask","message":"Imported #579 / 0 tx / 0 om / 0 (0.0%) gas / (0x36ecc68a21938e02cd067d9e600784db36d81cf8a0b4cf7a98d478edbb822947) in 0.003s. Peers: 3","throwable":""}
{"timestamp":"2025-07-25T12:50:08,028","container":"71351656b7be","level":"INFO","thread":"EthScheduler-Workers-0","class":"PersistBlockTask","message":"Imported #580 / 0 tx / 0 om / 0 (0.0%) gas / (0x09ef68052617d8f568cf31fd28ed783dbd1c79fde5a3597ce93c87216a1ccdc5) in 0.003s. Peers: 3","throwable":""}
{"timestamp":"2025-07-25T12:50:16,019","container":"71351656b7be","level":"INFO","thread":"EthScheduler-Workers-0","class":"PersistBlockTask","message":"Imported #581 / 0 tx / 0 om / 0 (0.0%) gas / (0x9ef1a10655edca7081ce447fa3ed937699257373a3b4051e8773aa15218d5906) in 0.002s. Peers: 3","throwable":""}
{"timestamp":"2025-07-25T12:50:24,024","container":"71351656b7be","level":"INFO","thread":"EthScheduler-Workers-0","class":"PersistBlockTask","message":"Imported #582 / 0 tx / 0 om / 0 (0.0%) gas / (0x92307cec806a1ee6fe93997146e84d2856398e165c5cc61df4497dd6dee61aa4) in 0.001s. Peers: 3","throwable":""}
{"timestamp":"2025-07-25T12:50:32,017","container":"71351656b7be","level":"INFO","thread":"EthScheduler-Workers-0","class":"PersistBlockTask","message":"Imported #583 / 0 tx / 0 om / 0 (0.0%) gas / (0x62a7eb032ff8bf23fab698fa54e86d6ed92c9817c145547da91573568ffdcb9c) in 0.001s. Peers: 3","throwable":""}
{"timestamp":"2025-07-25T12:50:40,017","container":"71351656b7be","level":"INFO","thread":"EthScheduler-Workers-0","class":"PersistBlockTask","message":"Imported #584 / 0 tx / 0 om / 0 (0.0%) gas / (0xb9c563665c708efe44effff57d28176c3975d8fbf8bfaef3e7feec4fb8c51084) in 0.002s. Peers: 3","throwable":""}
{"timestamp":"2025-07-25T12:50:48,012","container":"71351656b7be","level":"INFO","thread":"EthScheduler-Workers-0","class":"PersistBlockTask","message":"Imported #585 / 0 tx / 0 om / 0 (0.0%) gas / (0x1a1446c799b7687542c4714d1e6821e45cc79c7e772ee6fca72abe3d0b3c8f4f) in 0.001s. Peers: 3","throwable":""}
{"timestamp":"2025-07-25T12:50:56,013","container":"71351656b7be","level":"INFO","thread":"EthScheduler-Workers-0","class":"PersistBlockTask","message":"Imported #586 / 0 tx / 0 om / 0 (0.0%) gas / (0x948456efe5b25d5a70219d30ecc567392d2b17b00ea241d61f827f722f8fc0b9) in 0.001s. Peers: 3","throwable":""}
{"timestamp":"2025-07-25T12:51:04,021","container":"71351656b7be","level":"INFO","thread":"EthScheduler-Workers-0","class":"PersistBlockTask","message":"Imported #587 / 0 tx / 0 om / 0 (0.0%) gas / (0x884f6eea023473faa38b7170d9d8612281972ffbbc0da1bc559f32a224ae1590) in 0.003s. Peers: 3","throwable":""}
{"timestamp":"2025-07-25T12:51:12,015","container":"71351656b7be","level":"INFO","thread":"EthScheduler-Workers-0","class":"PersistBlockTask","message":"Imported #588 / 0 tx / 0 om / 0 (0.0%) gas / (0xc4d3f0cfef968de497ba59216fea49b83c0eb7a8a2792bbf021ec615f509c3c7) in 0.002s. Peers: 3","throwable":""}
{"timestamp":"2025-07-25T12:51:20,014","container":"71351656b7be","level":"INFO","thread":"EthScheduler-Workers-0","class":"PersistBlockTask","message":"Imported #589 / 0 tx / 0 om / 0 (0.0%) gas / (0xf629482c0a67188e825a93e060ca9ddd9545b4bbd8ed57519b12c1c25bdcfa6e) in 0.002s. Peers: 3","throwable":""}
{"timestamp":"2025-07-25T12:51:28,016","container":"71351656b7be","level":"INFO","thread":"EthScheduler-Workers-0","class":"PersistBlockTask","message":"Imported #590 / 0 tx / 0 om / 0 (0.0%) gas / (0xd0ac3ffb0da1a7ef9ba80ff899ebc6db3a4cbb129a6e660b1828d08b3c2cc909) in 0.005s. Peers: 3","throwable":""}
{"timestamp":"2025-07-25T12:51:36,019","container":"71351656b7be","level":"INFO","thread":"EthScheduler-Workers-0","class":"PersistBlockTask","message":"Imported #591 / 0 tx / 0 om / 0 (0.0%) gas / (0x79432ea36503794f0613187397258497852246cfd6797c7016935d44793eae13) in 0.002s. Peers: 3","throwable":""}
{"timestamp":"2025-07-25T12:51:44,021","container":"71351656b7be","level":"INFO","thread":"EthScheduler-Workers-0","class":"PersistBlockTask","message":"Imported #592 / 0 tx / 0 om / 0 (0.0%) gas / (0x57370f2ca6e36357ee244f81e4827ceb9405694fd578d68d03d60346186b9cf2) in 0.002s. Peers: 3","throwable":""}
{"timestamp":"2025-07-25T12:51:52,016","container":"71351656b7be","level":"INFO","thread":"EthScheduler-Workers-0","class":"PersistBlockTask","message":"Imported #593 / 0 tx / 0 om / 0 (0.0%) gas / (0xedc3e4d7dd8722cd50792ebbac4aedd0e12d2c995e7b8f0d8532997cac3db37e) in 0.002s. Peers: 3","throwable":""}
{"timestamp":"2025-07-25T12:52:00,035","container":"71351656b7be","level":"INFO","thread":"EthScheduler-Workers-0","class":"PersistBlockTask","message":"Imported #594 / 0 tx / 0 om / 0 (0.0%) gas / (0xa45eb9f007077cd4ca6fadebf9bb6c23e0274d4368c35184f76fb3a7aeab6b99) in 0.003s. Peers: 3","throwable":""}
{"timestamp":"2025-07-25T12:52:08,026","container":"71351656b7be","level":"INFO","thread":"EthScheduler-Workers-0","class":"PersistBlockTask","message":"Imported #595 / 0 tx / 0 om / 0 (0.0%) gas / (0x880c971b90e10d6d4d8893a7230207d892d6b0eb7e10e45be11798d4481946e7) in 0.001s. Peers: 3","throwable":""}
{"timestamp":"2025-07-25T12:52:16,012","container":"71351656b7be","level":"INFO","thread":"EthScheduler-Workers-0","class":"PersistBlockTask","message":"Imported #596 / 0 tx / 0 om / 0 (0.0%) gas / (0x29e4808c19ce9dc4db9b6587052bc00b679a36e6f86788bfcb0b3f60b6d018c2) in 0.001s. Peers: 3","throwable":""}
{"timestamp":"2025-07-25T12:52:24,016","container":"71351656b7be","level":"INFO","thread":"EthScheduler-Workers-0","class":"PersistBlockTask","message":"Imported #597 / 0 tx / 0 om / 0 (0.0%) gas / (0x3663e91f81e30d5139ed90c8f86f68885895f0cba59c7ba6ee380783d84f7973) in 0.002s. Peers: 3","throwable":""}
{"timestamp":"2025-07-25T12:52:32,012","container":"71351656b7be","level":"INFO","thread":"EthScheduler-Workers-0","class":"PersistBlockTask","message":"Imported #598 / 0 tx / 0 om / 0 (0.0%) gas / (0x3c71de6a8acaa1ab6c2ec3658cafe6c3c11c66c137767adec3a9bd0d09fae12a) in 0.001s. Peers: 3","throwable":""}
{"timestamp":"2025-07-25T12:52:40,013","container":"71351656b7be","level":"INFO","thread":"EthScheduler-Workers-0","class":"PersistBlockTask","message":"Imported #599 / 0 tx / 0 om / 0 (0.0%) gas / (0x69ea030508231d5fd457e57ad682eeee6e61882ae11ce1da1c8d4c78d5825e00) in 0.002s. Peers: 3","throwable":""}
{"timestamp":"2025-07-25T12:52:48,022","container":"71351656b7be","level":"INFO","thread":"EthScheduler-Workers-0","class":"PersistBlockTask","message":"Imported #600 / 0 tx / 0 om / 0 (0.0%) gas / (0x220fa7bbc2dd7e6ddd51d4757e924a9597138f55c128ac8c183b38b4f684413c) in 0.003s. Peers: 3","throwable":""}
{"timestamp":"2025-07-25T12:52:56,038","container":"71351656b7be","level":"INFO","thread":"EthScheduler-Workers-0","class":"PersistBlockTask","message":"Imported #601 / 0 tx / 0 om / 0 (0.0%) gas / (0x55b536120f899291692c9381bd55ee57aabcd9dd248f4941c6453418c01b2094) in 0.002s. Peers: 3","throwable":""}
{"timestamp":"2025-07-25T12:53:04,022","container":"71351656b7be","level":"INFO","thread":"EthScheduler-Workers-0","class":"PersistBlockTask","message":"Imported #602 / 0 tx / 0 om / 0 (0.0%) gas / (0x2879a60278555c01587809466bea566f73622087cf100f30cd4d5a3f01bd8ef8) in 0.002s. Peers: 3","throwable":""}
{"timestamp":"2025-07-25T12:53:12,016","container":"71351656b7be","level":"INFO","thread":"EthScheduler-Workers-0","class":"PersistBlockTask","message":"Imported #603 / 0 tx / 0 om / 0 (0.0%) gas / (0xf6499dfdf1ab7e22b56e53214b5cd9c84993da679f5c471c7b57a02d62b33872) in 0.002s. Peers: 3","throwable":""}
{"timestamp":"2025-07-25T12:53:20,023","container":"71351656b7be","level":"INFO","thread":"EthScheduler-Workers-0","class":"PersistBlockTask","message":"Imported #604 / 0 tx / 0 om / 0 (0.0%) gas / (0x61663670db4133c188408dc58c155fadec4abe4970e58ce9731fb224084a7259) in 0.002s. Peers: 3","throwable":""}
{"timestamp":"2025-07-25T12:53:28,013","container":"71351656b7be","level":"INFO","thread":"EthScheduler-Workers-0","class":"PersistBlockTask","message":"Imported #605 / 0 tx / 0 om / 0 (0.0%) gas / (0x706b404c36a84dc8e801da32279032eb8cb3de8a25202cbd9a382df49a5cb752) in 0.001s. Peers: 3","throwable":""}
{"timestamp":"2025-07-25T12:53:36,021","container":"71351656b7be","level":"INFO","thread":"EthScheduler-Workers-0","class":"PersistBlockTask","message":"Imported #606 / 0 tx / 0 om / 0 (0.0%) gas / (0x7c1bd1ed212a2f127bee65c11e7de3fbe6fae56af57cfacda20df5efedd2af7c) in 0.001s. Peers: 3","throwable":""}
{"timestamp":"2025-07-25T12:53:44,023","container":"71351656b7be","level":"INFO","thread":"EthScheduler-Workers-0","class":"PersistBlockTask","message":"Imported #607 / 0 tx / 0 om / 0 (0.0%) gas / (0x92bdc1c97e7f32e3aff958561e2be24ba95fc7d06094847a32af144b963b6eea) in 0.002s. Peers: 3","throwable":""}
{"timestamp":"2025-07-25T12:53:52,014","container":"71351656b7be","level":"INFO","thread":"EthScheduler-Workers-0","class":"PersistBlockTask","message":"Imported #608 / 0 tx / 0 om / 0 (0.0%) gas / (0x9ef8b5c57e60f8b703b62d16fcc7e2b3b632355bea9668e58f5277b4aaf168aa) in 0.001s. Peers: 3","throwable":""}
{"timestamp":"2025-07-25T12:54:00,027","container":"71351656b7be","level":"INFO","thread":"EthScheduler-Workers-0","class":"PersistBlockTask","message":"Imported #609 / 0 tx / 0 om / 0 (0.0%) gas / (0x7240282d8e52d86ad49ae6a960e78c204044fd046c9e98f93bb1fea79cc88103) in 0.002s. Peers: 3","throwable":""}
{"timestamp":"2025-07-25T12:54:08,022","container":"71351656b7be","level":"INFO","thread":"EthScheduler-Workers-0","class":"PersistBlockTask","message":"Imported #610 / 0 tx / 0 om / 0 (0.0%) gas / (0x55d000ce0763a7e8cf4f9af66297a28d545e4b0b74b42260aba6ecb00ae5d407) in 0.002s. Peers: 3","throwable":""}
{"timestamp":"2025-07-25T12:54:16,020","container":"71351656b7be","level":"INFO","thread":"EthScheduler-Workers-0","class":"PersistBlockTask","message":"Imported #611 / 0 tx / 0 om / 0 (0.0%) gas / (0x2555dc7232e19c4c5d12b1fb806ba18028dab3411988468d768f2b4f1c1dfc27) in 0.002s. Peers: 3","throwable":""}
{"timestamp":"2025-07-25T12:54:24,012","container":"71351656b7be","level":"INFO","thread":"EthScheduler-Workers-0","class":"PersistBlockTask","message":"Imported #612 / 0 tx / 0 om / 0 (0.0%) gas / (0xb2f5a731dfd46fbc4514418ca5ca3824eaf4f1b0183b0477aefb610a2896bde9) in 0.001s. Peers: 3","throwable":""}
{"timestamp":"2025-07-25T12:54:32,021","container":"71351656b7be","level":"INFO","thread":"EthScheduler-Workers-0","class":"PersistBlockTask","message":"Imported #613 / 0 tx / 0 om / 0 (0.0%) gas / (0xea35109a86b2857fb00f5cac6c5348f5c16b83827ebb85b92290874727008312) in 0.002s. Peers: 3","throwable":""}
{"timestamp":"2025-07-25T12:54:40,023","container":"71351656b7be","level":"INFO","thread":"EthScheduler-Workers-0","class":"PersistBlockTask","message":"Imported #614 / 0 tx / 0 om / 0 (0.0%) gas / (0x1a646477ec11d2817bc76d4fe969a76db41f5800647d62daad44d0ada8b86dbf) in 0.003s. Peers: 3","throwable":""}
{"timestamp":"2025-07-25T12:54:48,013","container":"71351656b7be","level":"INFO","thread":"EthScheduler-Workers-0","class":"PersistBlockTask","message":"Imported #615 / 0 tx / 0 om / 0 (0.0%) gas / (0x137f13d69c989809601e4c692441426c55245a81563fb3261c59953a888c05f5) in 0.002s. Peers: 3","throwable":""}
{"timestamp":"2025-07-25T12:54:56,011","container":"71351656b7be","level":"INFO","thread":"EthScheduler-Workers-0","class":"PersistBlockTask","message":"Imported #616 / 0 tx / 0 om / 0 (0.0%) gas / (0xea5d24468e329c3e70bdd99f2a7114ab7bd87ba75cdfe4be931b2ab7e9662fa9) in 0.001s. Peers: 3","throwable":""}
{"timestamp":"2025-07-25T12:55:04,025","container":"71351656b7be","level":"INFO","thread":"EthScheduler-Workers-0","class":"PersistBlockTask","message":"Imported #617 / 0 tx / 0 om / 0 (0.0%) gas / (0xcaa3a460a22f74dd37383ff2e82cb5186d2f785b826863c466162e9a32bf0876) in 0.002s. Peers: 3","throwable":""}
{"timestamp":"2025-07-25T12:55:12,016","container":"71351656b7be","level":"INFO","thread":"EthScheduler-Workers-0","class":"PersistBlockTask","message":"Imported #618 / 0 tx / 0 om / 0 (0.0%) gas / (0xe0c21c54ac6deb982db2f900ec3a5bd84683defb4d0fe926fbb88b9ee20120c9) in 0.002s. Peers: 3","throwable":""}
{"timestamp":"2025-07-25T12:55:20,015","container":"71351656b7be","level":"INFO","thread":"EthScheduler-Workers-0","class":"PersistBlockTask","message":"Imported #619 / 0 tx / 0 om / 0 (0.0%) gas / (0x1d72c61c898640e9ae4987e15dfee53957e9cbd509ab50ec47fa48e0ed910972) in 0.002s. Peers: 3","throwable":""}
{"timestamp":"2025-07-25T12:55:28,016","container":"71351656b7be","level":"INFO","thread":"EthScheduler-Workers-0","class":"PersistBlockTask","message":"Imported #620 / 0 tx / 0 om / 0 (0.0%) gas / (0xda7d626a388f974e2c524aed4a69f6a18b1a8b88a8bb69be58d57db5b376ccd6) in 0.002s. Peers: 3","throwable":""}
{"timestamp":"2025-07-25T12:55:36,018","container":"71351656b7be","level":"INFO","thread":"EthScheduler-Workers-0","class":"PersistBlockTask","message":"Imported #621 / 0 tx / 0 om / 0 (0.0%) gas / (0x56c958dd8edecf28e4de55da4f4130c27951a6cfadf58c055efa24941c357d1c) in 0.003s. Peers: 3","throwable":""}
{"timestamp":"2025-07-25T12:55:44,012","container":"71351656b7be","level":"INFO","thread":"EthScheduler-Workers-0","class":"PersistBlockTask","message":"Imported #622 / 0 tx / 0 om / 0 (0.0%) gas / (0xc99dd5b68bc43eb1637831ce6c2894fc49bcbb15a7d8fbb7c5c27ff29ae1cf48) in 0.002s. Peers: 3","throwable":""}
{"timestamp":"2025-07-25T12:55:52,021","container":"71351656b7be","level":"INFO","thread":"EthScheduler-Workers-0","class":"PersistBlockTask","message":"Imported #623 / 0 tx / 0 om / 0 (0.0%) gas / (0xbce4a316f845c47bd470ebb80efba75c5e323ba6f71c50518a587ee5dfc5c0ee) in 0.002s. Peers: 3","throwable":""}
{"timestamp":"2025-07-25T12:56:00,021","container":"71351656b7be","level":"INFO","thread":"EthScheduler-Workers-0","class":"PersistBlockTask","message":"Imported #624 / 0 tx / 0 om / 0 (0.0%) gas / (0x097a785f6bd3e6e9f79d85d26eb5d5e61e3046eae7c20ba25bd15146b8588d1b) in 0.003s. Peers: 3","throwable":""}
{"timestamp":"2025-07-25T12:56:08,026","container":"71351656b7be","level":"INFO","thread":"EthScheduler-Workers-0","class":"PersistBlockTask","message":"Imported #625 / 0 tx / 0 om / 0 (0.0%) gas / (0x668789c9316db7bc20f94644a3c56ee1ad048480dd9ab3a0006bab07e79388b1) in 0.002s. Peers: 3","throwable":""}
{"timestamp":"2025-07-25T12:56:16,015","container":"71351656b7be","level":"INFO","thread":"EthScheduler-Workers-0","class":"PersistBlockTask","message":"Imported #626 / 0 tx / 0 om / 0 (0.0%) gas / (0x30bc4293ce0bef4241f3cca1b7d8f5728dd4b97a3320244ba3739c855b1bd9f2) in 0.002s. Peers: 3","throwable":""}
{"timestamp":"2025-07-25T12:56:24,014","container":"71351656b7be","level":"INFO","thread":"EthScheduler-Workers-0","class":"PersistBlockTask","message":"Imported #627 / 0 tx / 0 om / 0 (0.0%) gas / (0xdf888d61a76cca90edbf3fd93d2bd6232e412686384fdf2508c535c5351f475c) in 0.001s. Peers: 3","throwable":""}
{"timestamp":"2025-07-25T12:56:32,019","container":"71351656b7be","level":"INFO","thread":"EthScheduler-Workers-0","class":"PersistBlockTask","message":"Imported #628 / 0 tx / 0 om / 0 (0.0%) gas / (0x9f0573212aca36cabde0e68268f41e2238a75bffc2aed12f3e50e893087ddd68) in 0.003s. Peers: 3","throwable":""}
{"timestamp":"2025-07-25T12:56:40,035","container":"71351656b7be","level":"INFO","thread":"EthScheduler-Workers-0","class":"PersistBlockTask","message":"Imported #629 / 0 tx / 0 om / 0 (0.0%) gas / (0x62fde4967704c10cad3907788eac78031602eb2dd93a6137df4f879957b03489) in 0.004s. Peers: 3","throwable":""}
{"timestamp":"2025-07-25T12:56:48,010","container":"71351656b7be","level":"INFO","thread":"EthScheduler-Workers-0","class":"PersistBlockTask","message":"Imported #630 / 0 tx / 0 om / 0 (0.0%) gas / (0xe60d91251e315a4ed99234c4dd7e8ff1fe36b91e20bbcd82b59afa95390593de) in 0.001s. Peers: 3","throwable":""}
{"timestamp":"2025-07-25T12:56:56,023","container":"71351656b7be","level":"INFO","thread":"EthScheduler-Workers-0","class":"PersistBlockTask","message":"Imported #631 / 0 tx / 0 om / 0 (0.0%) gas / (0xa2b3295c3a3b7beefaedf4ee54e22b270ab8b69305e1919e02d6948d658076e8) in 0.002s. Peers: 3","throwable":""}
{"timestamp":"2025-07-25T12:57:04,030","container":"71351656b7be","level":"INFO","thread":"EthScheduler-Workers-0","class":"PersistBlockTask","message":"Imported #632 / 0 tx / 0 om / 0 (0.0%) gas / (0xa0cde4012f763c79ccca2cd0c2f57e3bd41a6d4e2476759a1a49681b2aca0d80) in 0.003s. Peers: 3","throwable":""}
{"timestamp":"2025-07-25T12:57:12,019","container":"71351656b7be","level":"INFO","thread":"EthScheduler-Workers-0","class":"PersistBlockTask","message":"Imported #633 / 0 tx / 0 om / 0 (0.0%) gas / (0xdead673693a8ad8b5ed85eec386d01c116d82c73446f310e3d6efcfbd7dc980b) in 0.003s. Peers: 3","throwable":""}
{"timestamp":"2025-07-25T12:57:20,014","container":"71351656b7be","level":"INFO","thread":"EthScheduler-Workers-0","class":"PersistBlockTask","message":"Imported #634 / 0 tx / 0 om / 0 (0.0%) gas / (0xd2ad831d534d0f4d3997585af88d00ffc945123db954ef40c0e47392dbc68ff3) in 0.002s. Peers: 3","throwable":""}
{"timestamp":"2025-07-25T12:57:28,012","container":"71351656b7be","level":"INFO","thread":"EthScheduler-Workers-0","class":"PersistBlockTask","message":"Imported #635 / 0 tx / 0 om / 0 (0.0%) gas / (0x55970e4417c7a3f28178c7fb51eaab5baecae6c2924aa1d1d4e390c79e340ab2) in 0.001s. Peers: 3","throwable":""}
{"timestamp":"2025-07-25T12:57:36,023","container":"71351656b7be","level":"INFO","thread":"EthScheduler-Workers-0","class":"PersistBlockTask","message":"Imported #636 / 0 tx / 0 om / 0 (0.0%) gas / (0x89cebeacfe5abb95389a58c19db9d364a8a3526456ecede2f6e68ce6728f3c07) in 0.006s. Peers: 3","throwable":""}
{"timestamp":"2025-07-25T12:57:44,013","container":"71351656b7be","level":"INFO","thread":"EthScheduler-Workers-0","class":"PersistBlockTask","message":"Imported #637 / 0 tx / 0 om / 0 (0.0%) gas / (0xd469a94ada5c025d30db462bd4f321ab2e17ae8a3d0178c47c62ffe244deaf45) in 0.001s. Peers: 3","throwable":""}
{"timestamp":"2025-07-25T12:57:52,013","container":"71351656b7be","level":"INFO","thread":"EthScheduler-Workers-0","class":"PersistBlockTask","message":"Imported #638 / 0 tx / 0 om / 0 (0.0%) gas / (0xfeeb7d503703ccd515c7680ae5c4264c7d06f00421830c1c45747333c091f65a) in 0.002s. Peers: 3","throwable":""}
{"timestamp":"2025-07-25T12:58:00,038","container":"71351656b7be","level":"INFO","thread":"EthScheduler-Workers-0","class":"PersistBlockTask","message":"Imported #639 / 0 tx / 0 om / 0 (0.0%) gas / (0x39c4cf4fe292a4e3de2853522823753a538969fcfdfbba651eaace017e33b185) in 0.008s. Peers: 3","throwable":""}
{"timestamp":"2025-07-25T12:58:08,017","container":"71351656b7be","level":"INFO","thread":"EthScheduler-Workers-0","class":"PersistBlockTask","message":"Imported #640 / 0 tx / 0 om / 0 (0.0%) gas / (0xc07e06f83317fbef12d820ef854df68106071dff27fd49a4216392e84cbb02fd) in 0.003s. Peers: 3","throwable":""}
{"timestamp":"2025-07-25T12:58:16,022","container":"71351656b7be","level":"INFO","thread":"EthScheduler-Workers-0","class":"PersistBlockTask","message":"Imported #641 / 0 tx / 0 om / 0 (0.0%) gas / (0xea8f36a4a4bf22d61bce066d967ec701ab636ae21d0e53f662b7726084579a1e) in 0.002s. Peers: 3","throwable":""}
{"timestamp":"2025-07-25T12:58:24,015","container":"71351656b7be","level":"INFO","thread":"EthScheduler-Workers-0","class":"PersistBlockTask","message":"Imported #642 / 0 tx / 0 om / 0 (0.0%) gas / (0x91d3036dd511c301d228f908a7a034d381ce2139dbde74106d85b0c1385352b3) in 0.002s. Peers: 3","throwable":""}
{"timestamp":"2025-07-25T12:58:32,019","container":"71351656b7be","level":"INFO","thread":"EthScheduler-Workers-0","class":"PersistBlockTask","message":"Imported #643 / 0 tx / 0 om / 0 (0.0%) gas / (0x675d7883fe64868c5e3cb10c419d303f1ed50dd55d78a0df0af5c9ee3c0a7180) in 0.003s. Peers: 3","throwable":""}
{"timestamp":"2025-07-25T12:58:40,014","container":"71351656b7be","level":"INFO","thread":"EthScheduler-Workers-0","class":"PersistBlockTask","message":"Imported #644 / 0 tx / 0 om / 0 (0.0%) gas / (0x79d57953d548a7e64618f8863d5577b5b9f188f6cc666432666df7de95ca246f) in 0.002s. Peers: 3","throwable":""}
{"timestamp":"2025-07-25T12:58:48,012","container":"71351656b7be","level":"INFO","thread":"EthScheduler-Workers-0","class":"PersistBlockTask","message":"Imported #645 / 0 tx / 0 om / 0 (0.0%) gas / (0xe0ac759670b3570e08569c63178dbb07d6a0e066afcb51c832b21fbf9191c1e2) in 0.001s. Peers: 3","throwable":""}
{"timestamp":"2025-07-25T12:58:56,013","container":"71351656b7be","level":"INFO","thread":"EthScheduler-Workers-0","class":"PersistBlockTask","message":"Imported #646 / 0 tx / 0 om / 0 (0.0%) gas / (0xf068d2f9dff9014d6a239d117b18c7af8dddcacf8b9739ac2eb96e8ec1317fd9) in 0.002s. Peers: 3","throwable":""}
{"timestamp":"2025-07-25T12:59:04,013","container":"71351656b7be","level":"INFO","thread":"EthScheduler-Workers-0","class":"PersistBlockTask","message":"Imported #647 / 0 tx / 0 om / 0 (0.0%) gas / (0x0c562fa8d09d6f207cc30b44a490ddc55529943a9d180c62da2e826ab4f0ea55) in 0.002s. Peers: 3","throwable":""}
{"timestamp":"2025-07-25T12:59:12,016","container":"71351656b7be","level":"INFO","thread":"EthScheduler-Workers-0","class":"PersistBlockTask","message":"Imported #648 / 0 tx / 0 om / 0 (0.0%) gas / (0x2519f1772ad858161d4914d51f85eec3ba7b5813e85c3b688533ff8d21efc6a7) in 0.001s. Peers: 3","throwable":""}
{"timestamp":"2025-07-25T12:59:20,027","container":"71351656b7be","level":"INFO","thread":"EthScheduler-Workers-0","class":"PersistBlockTask","message":"Imported #649 / 0 tx / 0 om / 0 (0.0%) gas / (0x91334f9e5274e8e26544c04fa230b841c1cc4e6cbc03208198048b6d82050d8e) in 0.011s. Peers: 3","throwable":""}
{"timestamp":"2025-07-25T12:59:28,014","container":"71351656b7be","level":"INFO","thread":"EthScheduler-Workers-0","class":"PersistBlockTask","message":"Imported #650 / 0 tx / 0 om / 0 (0.0%) gas / (0xc70a92e9b8b9073dd3eedf11ca2b63a214b6144d79ac0471deabd82afd4bcdd5) in 0.001s. Peers: 3","throwable":""}
{"timestamp":"2025-07-25T12:59:36,017","container":"71351656b7be","level":"INFO","thread":"EthScheduler-Workers-0","class":"PersistBlockTask","message":"Imported #651 / 0 tx / 0 om / 0 (0.0%) gas / (0x32224f80a08fa341f8815503d8fab7f61c4e0d7bfd10cb5d4e45dde268b1c8d5) in 0.002s. Peers: 3","throwable":""}
{"timestamp":"2025-07-25T12:59:44,012","container":"71351656b7be","level":"INFO","thread":"EthScheduler-Workers-0","class":"PersistBlockTask","message":"Imported #652 / 0 tx / 0 om / 0 (0.0%) gas / (0x48010edb7425182aac4b2aa644c6af326b58cef4e56819421e5a1929f859d38d) in 0.001s. Peers: 3","throwable":""}
{"timestamp":"2025-07-25T12:59:52,040","container":"71351656b7be","level":"INFO","thread":"EthScheduler-Workers-0","class":"PersistBlockTask","message":"Imported #653 / 0 tx / 0 om / 0 (0.0%) gas / (0x274654383da195ff1c17a4b796b975330902014e88045a61580f3173a3dbbded) in 0.003s. Peers: 3","throwable":""}
{"timestamp":"2025-07-25T13:00:00,026","container":"71351656b7be","level":"INFO","thread":"EthScheduler-Workers-0","class":"PersistBlockTask","message":"Imported #654 / 0 tx / 0 om / 0 (0.0%) gas / (0x6af9bff03c38a699c40c1ce2d48513f593852e3a9b04f077dffe69193f3da418) in 0.004s. Peers: 3","throwable":""}
{"timestamp":"2025-07-25T13:00:08,014","container":"71351656b7be","level":"INFO","thread":"EthScheduler-Workers-0","class":"PersistBlockTask","message":"Imported #655 / 0 tx / 0 om / 0 (0.0%) gas / (0x483b21339a9d3cbce996936af6c96f8ef67cdb7a7fa2ad9abbd754ac8f544d1b) in 0.001s. Peers: 3","throwable":""}
{"timestamp":"2025-07-25T13:00:16,012","container":"71351656b7be","level":"INFO","thread":"EthScheduler-Workers-0","class":"PersistBlockTask","message":"Imported #656 / 0 tx / 0 om / 0 (0.0%) gas / (0x90aaf4de0d62f0924c5bdba19c24023685fe37319faadc8561052535f19a1c16) in 0.001s. Peers: 3","throwable":""}
{"timestamp":"2025-07-25T13:00:24,027","container":"71351656b7be","level":"INFO","thread":"EthScheduler-Workers-0","class":"PersistBlockTask","message":"Imported #657 / 0 tx / 0 om / 0 (0.0%) gas / (0x9c71357b310f2a20945507b5b860cfa27674a953c6a3ec886e48ca972c79de55) in 0.002s. Peers: 3","throwable":""}
{"timestamp":"2025-07-25T13:00:32,020","container":"71351656b7be","level":"INFO","thread":"EthScheduler-Workers-0","class":"PersistBlockTask","message":"Imported #658 / 0 tx / 0 om / 0 (0.0%) gas / (0x29a57bf51510130741b6bd291b93858f669fa406017b0770660322abf5beee81) in 0.001s. Peers: 3","throwable":""}
{"timestamp":"2025-07-25T13:00:40,022","container":"71351656b7be","level":"INFO","thread":"EthScheduler-Workers-0","class":"PersistBlockTask","message":"Imported #659 / 0 tx / 0 om / 0 (0.0%) gas / (0x8b5f5582f4155b8644cab75ad0bcdcb8094be9e077eb691fcf275e01afa14472) in 0.001s. Peers: 3","throwable":""}
{"timestamp":"2025-07-25T13:00:48,015","container":"71351656b7be","level":"INFO","thread":"EthScheduler-Workers-0","class":"PersistBlockTask","message":"Imported #660 / 0 tx / 0 om / 0 (0.0%) gas / (0xebafafd368cb17de4a52be91cab1aa291800e4a84917c4fc11dc0a0ad852e51b) in 0.001s. Peers: 3","throwable":""}
{"timestamp":"2025-07-25T13:00:56,017","container":"71351656b7be","level":"INFO","thread":"EthScheduler-Workers-0","class":"PersistBlockTask","message":"Imported #661 / 0 tx / 0 om / 0 (0.0%) gas / (0xa07141b09990172cb8514838435d68e7b755b6c629866eea2e761f3b2bea83b3) in 0.002s. Peers: 3","throwable":""}
{"timestamp":"2025-07-25T13:01:04,012","container":"71351656b7be","level":"INFO","thread":"EthScheduler-Workers-0","class":"PersistBlockTask","message":"Imported #662 / 0 tx / 0 om / 0 (0.0%) gas / (0xe49d3b9c11f4d3302a6265e684d2f3246b09143f46b73ea28715cda9d26821c5) in 0.001s. Peers: 3","throwable":""}
{"timestamp":"2025-07-25T13:01:12,022","container":"71351656b7be","level":"INFO","thread":"EthScheduler-Workers-0","class":"PersistBlockTask","message":"Imported #663 / 0 tx / 0 om / 0 (0.0%) gas / (0xeec81dd5e01bad1b076b882b6765e733bee2b9fd7678653adfa8058b9de8e207) in 0.002s. Peers: 3","throwable":""}
{"timestamp":"2025-07-25T13:01:20,026","container":"71351656b7be","level":"INFO","thread":"EthScheduler-Workers-0","class":"PersistBlockTask","message":"Imported #664 / 0 tx / 0 om / 0 (0.0%) gas / (0x549c2e7b343d158af49c1e995d89e8a85a4f2d80d9dee94b3ac20c764d7cd008) in 0.002s. Peers: 3","throwable":""}
{"timestamp":"2025-07-25T13:01:28,030","container":"71351656b7be","level":"INFO","thread":"EthScheduler-Workers-0","class":"PersistBlockTask","message":"Imported #665 / 0 tx / 0 om / 0 (0.0%) gas / (0xc236b9277cfa0c2b55c77cb86bc0ebb487cfa24e2268674ed3a8cf9ce845872a) in 0.002s. Peers: 3","throwable":""}
{"timestamp":"2025-07-25T13:01:36,026","container":"71351656b7be","level":"INFO","thread":"EthScheduler-Workers-0","class":"PersistBlockTask","message":"Imported #666 / 0 tx / 0 om / 0 (0.0%) gas / (0xc5c55cb4fd0e048c715146d671e2d4b83cf37a2175f895e18882639144ab2018) in 0.002s. Peers: 3","throwable":""}
{"timestamp":"2025-07-25T13:01:44,025","container":"71351656b7be","level":"INFO","thread":"EthScheduler-Workers-0","class":"PersistBlockTask","message":"Imported #667 / 0 tx / 0 om / 0 (0.0%) gas / (0xfb0e6a6426a6e393a6f81ca23a5963f2425fc2afd5173b7b11438abdf6d2d878) in 0.002s. Peers: 3","throwable":""}
{"timestamp":"2025-07-25T13:01:52,029","container":"71351656b7be","level":"INFO","thread":"EthScheduler-Workers-0","class":"PersistBlockTask","message":"Imported #668 / 0 tx / 0 om / 0 (0.0%) gas / (0x9922a6dbd8bed83c60c7bb56367b27cb64893e19c2e75236f6eee563bb286a58) in 0.002s. Peers: 3","throwable":""}
{"timestamp":"2025-07-25T13:02:00,024","container":"71351656b7be","level":"INFO","thread":"EthScheduler-Workers-0","class":"PersistBlockTask","message":"Imported #669 / 0 tx / 0 om / 0 (0.0%) gas / (0x457ff3c92ad2056b4a77e56ac81c0280d6f04952653a0be09827713550728868) in 0.002s. Peers: 3","throwable":""}
{"timestamp":"2025-07-25T13:02:08,022","container":"71351656b7be","level":"INFO","thread":"EthScheduler-Workers-0","class":"PersistBlockTask","message":"Imported #670 / 0 tx / 0 om / 0 (0.0%) gas / (0x1228f88e42bc85dd3efebd87e3ecec29b372f30908e5a4c99023785f596a67e5) in 0.002s. Peers: 3","throwable":""}
{"timestamp":"2025-07-25T13:02:16,022","container":"71351656b7be","level":"INFO","thread":"EthScheduler-Workers-0","class":"PersistBlockTask","message":"Imported #671 / 0 tx / 0 om / 0 (0.0%) gas / (0xfc755543d9717a2429fda105f0bea0e06ad8ed0c401cbb3fb1c8cff7963b4b03) in 0.001s. Peers: 3","throwable":""}
{"timestamp":"2025-07-25T13:02:24,022","container":"71351656b7be","level":"INFO","thread":"EthScheduler-Workers-0","class":"PersistBlockTask","message":"Imported #672 / 0 tx / 0 om / 0 (0.0%) gas / (0x42f543549ee012780cc4aa2a3ac57022fb820727050730221a64a5600f76dbca) in 0.001s. Peers: 3","throwable":""}
{"timestamp":"2025-07-25T13:02:32,028","container":"71351656b7be","level":"INFO","thread":"EthScheduler-Workers-0","class":"PersistBlockTask","message":"Imported #673 / 0 tx / 0 om / 0 (0.0%) gas / (0x7ba2d153fdc8b1c6175c93299f4cdd2ba71ea7f5171a976d6eb5fc598aa463d8) in 0.002s. Peers: 3","throwable":""}
{"timestamp":"2025-07-25T13:02:40,026","container":"71351656b7be","level":"INFO","thread":"EthScheduler-Workers-0","class":"PersistBlockTask","message":"Imported #674 / 0 tx / 0 om / 0 (0.0%) gas / (0x8e7aa4fa2b987881eafdcd3775eb4d3539195ae119d7f9fa9e88daef903f5031) in 0.004s. Peers: 3","throwable":""}
{"timestamp":"2025-07-25T13:02:48,024","container":"71351656b7be","level":"INFO","thread":"EthScheduler-Workers-0","class":"PersistBlockTask","message":"Imported #675 / 0 tx / 0 om / 0 (0.0%) gas / (0xaa2fdd7b5941d4a780abf08ab4ab09f76cd3ab97236f87d4006f9d8e9e575093) in 0.001s. Peers: 3","throwable":""}
{"timestamp":"2025-07-25T13:02:56,015","container":"71351656b7be","level":"INFO","thread":"EthScheduler-Workers-0","class":"PersistBlockTask","message":"Imported #676 / 0 tx / 0 om / 0 (0.0%) gas / (0x525a651008730fee4b4ef7628952a13bd96c65bb65d89ab4239edfb1c82f7663) in 0.001s. Peers: 3","throwable":""}
{"timestamp":"2025-07-25T13:03:04,030","container":"71351656b7be","level":"INFO","thread":"EthScheduler-Workers-0","class":"PersistBlockTask","message":"Imported #677 / 0 tx / 0 om / 0 (0.0%) gas / (0x9907385bdaf9286a0ec6420b0bcaaa05446b49e3d75a978d12e0ca01a5bef6f2) in 0.004s. Peers: 3","throwable":""}
{"timestamp":"2025-07-25T13:03:12,028","container":"71351656b7be","level":"INFO","thread":"EthScheduler-Workers-0","class":"PersistBlockTask","message":"Imported #678 / 0 tx / 0 om / 0 (0.0%) gas / (0x978bd5b8f4377cdd659c7aa6a1cd2afacf26abf0cfbacecde047a3b8351b5edf) in 0.003s. Peers: 3","throwable":""}
{"timestamp":"2025-07-25T13:03:20,030","container":"71351656b7be","level":"INFO","thread":"EthScheduler-Workers-0","class":"PersistBlockTask","message":"Imported #679 / 0 tx / 0 om / 0 (0.0%) gas / (0x078e61ba7697578327351c087dcad24a69cd388b4d1ab3f2333d926cc9739066) in 0.002s. Peers: 3","throwable":""}
{"timestamp":"2025-07-25T13:03:28,023","container":"71351656b7be","level":"INFO","thread":"EthScheduler-Workers-0","class":"PersistBlockTask","message":"Imported #680 / 0 tx / 0 om / 0 (0.0%) gas / (0xbdd863346907db527dce4f65f4514124ae5e934c8df1fdee93a0581b1772c7fe) in 0.002s. Peers: 3","throwable":""}
{"timestamp":"2025-07-25T13:03:36,018","container":"71351656b7be","level":"INFO","thread":"EthScheduler-Workers-0","class":"PersistBlockTask","message":"Imported #681 / 0 tx / 0 om / 0 (0.0%) gas / (0x5bc09d2844bc9ba9d3d9fd7244f3f8298a81f64c7a3138ac12298ff151da79cd) in 0.002s. Peers: 3","throwable":""}
{"timestamp":"2025-07-25T13:03:44,019","container":"71351656b7be","level":"INFO","thread":"EthScheduler-Workers-0","class":"PersistBlockTask","message":"Imported #682 / 0 tx / 0 om / 0 (0.0%) gas / (0x3305675cce17d62af61f4491806407e45a228f1b215d9c1a2836c901400cd923) in 0.002s. Peers: 3","throwable":""}
{"timestamp":"2025-07-25T13:03:52,026","container":"71351656b7be","level":"INFO","thread":"EthScheduler-Workers-0","class":"PersistBlockTask","message":"Imported #683 / 0 tx / 0 om / 0 (0.0%) gas / (0x46420737d96025be7393c764ccb1d6e78a11a17a94d3fa7a5382baa790ac774b) in 0.001s. Peers: 3","throwable":""}
{"timestamp":"2025-07-25T13:04:00,042","container":"71351656b7be","level":"INFO","thread":"EthScheduler-Workers-0","class":"PersistBlockTask","message":"Imported #684 / 0 tx / 0 om / 0 (0.0%) gas / (0x3838f1f514d7228e18644c39e9200d81b66f409c15350671b9aef695b4d57c06) in 0.004s. Peers: 3","throwable":""}
{"timestamp":"2025-07-25T13:04:08,022","container":"71351656b7be","level":"INFO","thread":"EthScheduler-Workers-0","class":"PersistBlockTask","message":"Imported #685 / 0 tx / 0 om / 0 (0.0%) gas / (0x28ec131ffcb2d8d7409821c35a692280db5210d1479575021888e988af60e4ff) in 0.002s. Peers: 3","throwable":""}
{"timestamp":"2025-07-25T13:04:16,023","container":"71351656b7be","level":"INFO","thread":"EthScheduler-Workers-0","class":"PersistBlockTask","message":"Imported #686 / 0 tx / 0 om / 0 (0.0%) gas / (0x4059d813fadeb62be07bed9d58585f954619eafebfc0ee7b36b9be5e374f3a90) in 0.002s. Peers: 3","throwable":""}
{"timestamp":"2025-07-25T13:04:24,021","container":"71351656b7be","level":"INFO","thread":"EthScheduler-Workers-0","class":"PersistBlockTask","message":"Imported #687 / 0 tx / 0 om / 0 (0.0%) gas / (0x3e4b7fe2a4ac48260b3220bc0a435e67baac20446bd753d53e0b101e195a46fc) in 0.001s. Peers: 3","throwable":""}
{"timestamp":"2025-07-25T13:04:32,015","container":"71351656b7be","level":"INFO","thread":"EthScheduler-Workers-0","class":"PersistBlockTask","message":"Imported #688 / 0 tx / 0 om / 0 (0.0%) gas / (0x202466bca3b043d4afe7f713eec0803e65590d13c9eeea329b8f261a3839d927) in 0.003s. Peers: 3","throwable":""}
{"timestamp":"2025-07-25T13:04:40,023","container":"71351656b7be","level":"INFO","thread":"EthScheduler-Workers-0","class":"PersistBlockTask","message":"Imported #689 / 0 tx / 0 om / 0 (0.0%) gas / (0xdce4049d8ab9d7b032ec85308ea138caec072286279db62a044b924b542cd766) in 0.001s. Peers: 3","throwable":""}
{"timestamp":"2025-07-25T13:04:48,016","container":"71351656b7be","level":"INFO","thread":"EthScheduler-Workers-0","class":"PersistBlockTask","message":"Imported #690 / 0 tx / 0 om / 0 (0.0%) gas / (0x99fa1deca81863491eb30338723dac986c75167fb73308631b118f48c2db4915) in 0.002s. Peers: 3","throwable":""}
{"timestamp":"2025-07-25T13:04:56,026","container":"71351656b7be","level":"INFO","thread":"EthScheduler-Workers-0","class":"PersistBlockTask","message":"Imported #691 / 0 tx / 0 om / 0 (0.0%) gas / (0x4da801433a774f28b7fc64ed6d2aaf14475b840cdfa6621d1fa5ebc8dfbb0418) in 0.003s. Peers: 3","throwable":""}
{"timestamp":"2025-07-25T13:05:04,019","container":"71351656b7be","level":"INFO","thread":"EthScheduler-Workers-0","class":"PersistBlockTask","message":"Imported #692 / 0 tx / 0 om / 0 (0.0%) gas / (0xea6b145f4c987cd310781f97972e15a013690bf746c1527ff4f1360e56845925) in 0.001s. Peers: 3","throwable":""}
{"timestamp":"2025-07-25T13:05:12,024","container":"71351656b7be","level":"INFO","thread":"EthScheduler-Workers-0","class":"PersistBlockTask","message":"Imported #693 / 0 tx / 0 om / 0 (0.0%) gas / (0x8cc2e5e595862b221713e7df7a60db560962ab529a083af39d2502ebff1b29a8) in 0.002s. Peers: 3","throwable":""}
{"timestamp":"2025-07-25T13:05:20,025","container":"71351656b7be","level":"INFO","thread":"EthScheduler-Workers-0","class":"PersistBlockTask","message":"Imported #694 / 0 tx / 0 om / 0 (0.0%) gas / (0x3afd03134922788b9aa5140a08fe431557a7a340382e7f61da381208b1eb3349) in 0.003s. Peers: 3","throwable":""}
{"timestamp":"2025-07-25T13:05:28,023","container":"71351656b7be","level":"INFO","thread":"EthScheduler-Workers-0","class":"PersistBlockTask","message":"Imported #695 / 0 tx / 0 om / 0 (0.0%) gas / (0x8603199a01e630b94642f8423770afae8190df5826e7eeaffcf7bfd451cc0392) in 0.002s. Peers: 3","throwable":""}
{"timestamp":"2025-07-25T13:05:36,025","container":"71351656b7be","level":"INFO","thread":"EthScheduler-Workers-0","class":"PersistBlockTask","message":"Imported #696 / 0 tx / 0 om / 0 (0.0%) gas / (0x7e4ba4dc920d4b6187e535bfb6d0c2fbfbfee1bb964a950bbf25e83249f327d8) in 0.002s. Peers: 3","throwable":""}
{"timestamp":"2025-07-25T13:05:44,028","container":"71351656b7be","level":"INFO","thread":"EthScheduler-Workers-0","class":"PersistBlockTask","message":"Imported #697 / 0 tx / 0 om / 0 (0.0%) gas / (0xa80ed0261e62496c472e92e28b98c5135da91d50ce44608305b0807ebc514f32) in 0.002s. Peers: 3","throwable":""}
{"timestamp":"2025-07-25T13:05:52,021","container":"71351656b7be","level":"INFO","thread":"EthScheduler-Workers-0","class":"PersistBlockTask","message":"Imported #698 / 0 tx / 0 om / 0 (0.0%) gas / (0x229192e3a13359d2be2e9ba4d48362e9d5da8ec2ef3bd2d075cd2659be61f90e) in 0.001s. Peers: 3","throwable":""}
{"timestamp":"2025-07-25T13:06:00,029","container":"71351656b7be","level":"INFO","thread":"EthScheduler-Workers-0","class":"PersistBlockTask","message":"Imported #699 / 0 tx / 0 om / 0 (0.0%) gas / (0x75efa50720c93f80daf8d69c3d17ec4e9064ba19049f6790448d4a82a7040f71) in 0.003s. Peers: 3","throwable":""}
{"timestamp":"2025-07-25T13:06:08,025","container":"71351656b7be","level":"INFO","thread":"EthScheduler-Workers-0","class":"PersistBlockTask","message":"Imported #700 / 0 tx / 0 om / 0 (0.0%) gas / (0xb4f7cc826e99e29ac5b76c1f9603ce3789a7b9e0d718da5495d1e72018dd586c) in 0.002s. Peers: 3","throwable":""}
{"timestamp":"2025-07-25T13:06:16,022","container":"71351656b7be","level":"INFO","thread":"EthScheduler-Workers-0","class":"PersistBlockTask","message":"Imported #701 / 0 tx / 0 om / 0 (0.0%) gas / (0xf36373cd06dcc48cf6ab2cc12709116cbded348c5220cc946e910f08821603a6) in 0.003s. Peers: 3","throwable":""}
{"timestamp":"2025-07-25T13:06:24,012","container":"71351656b7be","level":"INFO","thread":"EthScheduler-Workers-0","class":"PersistBlockTask","message":"Imported #702 / 0 tx / 0 om / 0 (0.0%) gas / (0xcabfc7ef406820f0e5d628cfd8983c5af8b17ad2709ec5135e250c5ab6549581) in 0.001s. Peers: 3","throwable":""}
{"timestamp":"2025-07-25T13:06:32,021","container":"71351656b7be","level":"INFO","thread":"EthScheduler-Workers-0","class":"PersistBlockTask","message":"Imported #703 / 0 tx / 0 om / 0 (0.0%) gas / (0x1a29f34477259a5bb4bd14665db3eda69dac2fb6cce06d3af39fffae67bd8d81) in 0.002s. Peers: 3","throwable":""}
{"timestamp":"2025-07-25T13:06:40,014","container":"71351656b7be","level":"INFO","thread":"EthScheduler-Workers-0","class":"PersistBlockTask","message":"Imported #704 / 0 tx / 0 om / 0 (0.0%) gas / (0x1bb5e4a7a37d03d5c3924198f0c26e1fa572136a6f8182866eceb5272c232273) in 0.001s. Peers: 3","throwable":""}
{"timestamp":"2025-07-25T13:06:48,023","container":"71351656b7be","level":"INFO","thread":"EthScheduler-Workers-0","class":"PersistBlockTask","message":"Imported #705 / 0 tx / 0 om / 0 (0.0%) gas / (0x989ce5b6f81ab27dd5841e2fa7e3d43bd419013bb3414392a9007ca706884530) in 0.001s. Peers: 3","throwable":""}
{"timestamp":"2025-07-25T13:06:56,021","container":"71351656b7be","level":"INFO","thread":"EthScheduler-Workers-0","class":"PersistBlockTask","message":"Imported #706 / 0 tx / 0 om / 0 (0.0%) gas / (0x7da6e822ff1e7a66f9842947d9b7583010737cb5ae73c8cb610f3c446bfe35ac) in 0.002s. Peers: 3","throwable":""}
{"timestamp":"2025-07-25T13:07:04,012","container":"71351656b7be","level":"INFO","thread":"EthScheduler-Workers-0","class":"PersistBlockTask","message":"Imported #707 / 0 tx / 0 om / 0 (0.0%) gas / (0xe5d0d7490073aa4de9deb619dc51e7357364ed337aa134d8ac49005743a948b5) in 0.002s. Peers: 3","throwable":""}
{"timestamp":"2025-07-25T13:07:12,017","container":"71351656b7be","level":"INFO","thread":"EthScheduler-Workers-0","class":"PersistBlockTask","message":"Imported #708 / 0 tx / 0 om / 0 (0.0%) gas / (0x03191cd37563e5f75bef2ce013551b77c2d85e8fe8436fd1123953d2d1107ebd) in 0.003s. Peers: 3","throwable":""}
{"timestamp":"2025-07-25T13:07:20,021","container":"71351656b7be","level":"INFO","thread":"EthScheduler-Workers-0","class":"PersistBlockTask","message":"Imported #709 / 0 tx / 0 om / 0 (0.0%) gas / (0x321d1fa6e0c76747d36c9e0c509895e56a189175f4aebec94bca2794d507d0af) in 0.001s. Peers: 3","throwable":""}
{"timestamp":"2025-07-25T13:07:28,023","container":"71351656b7be","level":"INFO","thread":"EthScheduler-Workers-0","class":"PersistBlockTask","message":"Imported #710 / 0 tx / 0 om / 0 (0.0%) gas / (0x20fcc2c8c91adee1d0224c0ac07b6936689c068cd7d59fba62b81b594fa4609d) in 0.002s. Peers: 3","throwable":""}
{"timestamp":"2025-07-25T13:07:36,018","container":"71351656b7be","level":"INFO","thread":"EthScheduler-Workers-0","class":"PersistBlockTask","message":"Imported #711 / 0 tx / 0 om / 0 (0.0%) gas / (0x8af298d1763312fa0b2f2aec21e7ebdf132cb218272f16fb048b7563bb62acb0) in 0.001s. Peers: 3","throwable":""}
{"timestamp":"2025-07-25T13:07:44,023","container":"71351656b7be","level":"INFO","thread":"EthScheduler-Workers-0","class":"PersistBlockTask","message":"Imported #712 / 0 tx / 0 om / 0 (0.0%) gas / (0x9cf154091110edb24c9193a4f2e2c1a12665e623ca4f44d8cc78707483e3edbd) in 0.002s. Peers: 3","throwable":""}
{"timestamp":"2025-07-25T13:07:52,026","container":"71351656b7be","level":"INFO","thread":"EthScheduler-Workers-0","class":"PersistBlockTask","message":"Imported #713 / 0 tx / 0 om / 0 (0.0%) gas / (0xed427151b3427ee40dfd75f73bf84a895aa1895c7967f7cdc36c469d5bcd28a7) in 0.002s. Peers: 3","throwable":""}
{"timestamp":"2025-07-25T13:08:00,031","container":"71351656b7be","level":"INFO","thread":"EthScheduler-Workers-0","class":"PersistBlockTask","message":"Imported #714 / 0 tx / 0 om / 0 (0.0%) gas / (0xfdf957a4d393e0e10ffba2079d4c586f48f875c8400c86d6d4529925f1fbc139) in 0.002s. Peers: 3","throwable":""}
{"timestamp":"2025-07-25T13:08:08,013","container":"71351656b7be","level":"INFO","thread":"EthScheduler-Workers-0","class":"PersistBlockTask","message":"Imported #715 / 0 tx / 0 om / 0 (0.0%) gas / (0xb7931d44b6eaafa38d4456810c0a8c5112124a386437bbb770c70a6e0bac5239) in 0.002s. Peers: 3","throwable":""}
{"timestamp":"2025-07-25T13:08:16,023","container":"71351656b7be","level":"INFO","thread":"EthScheduler-Workers-0","class":"PersistBlockTask","message":"Imported #716 / 0 tx / 0 om / 0 (0.0%) gas / (0xb4a2de37e79d5c47187a02c7b4ebb15a0e9b0322adf33435777323287cb7f00a) in 0.001s. Peers: 3","throwable":""}
{"timestamp":"2025-07-25T13:08:24,023","container":"71351656b7be","level":"INFO","thread":"EthScheduler-Workers-0","class":"PersistBlockTask","message":"Imported #717 / 0 tx / 0 om / 0 (0.0%) gas / (0xebc29b5177faa905b2a0a68b69c92f431c98c56ccdb4f033b7e14aaeeeb535ad) in 0.002s. Peers: 3","throwable":""}
{"timestamp":"2025-07-25T13:08:32,023","container":"71351656b7be","level":"INFO","thread":"EthScheduler-Workers-0","class":"PersistBlockTask","message":"Imported #718 / 0 tx / 0 om / 0 (0.0%) gas / (0xef800758436a92384cf74b53fd3e729615e11702c38900d693285c18e62c2f94) in 0.002s. Peers: 3","throwable":""}
{"timestamp":"2025-07-25T13:08:40,022","container":"71351656b7be","level":"INFO","thread":"EthScheduler-Workers-0","class":"PersistBlockTask","message":"Imported #719 / 0 tx / 0 om / 0 (0.0%) gas / (0x807c7314fce86956ccd556183727d7e43e7706607367302d0613917e03cd96ce) in 0.002s. Peers: 3","throwable":""}
{"timestamp":"2025-07-25T13:08:48,012","container":"71351656b7be","level":"INFO","thread":"EthScheduler-Workers-0","class":"PersistBlockTask","message":"Imported #720 / 0 tx / 0 om / 0 (0.0%) gas / (0xc2c42d802d509b47047b4b71562cebbc760c45781c840733f562b828c0db2f2f) in 0.001s. Peers: 3","throwable":""}
{"timestamp":"2025-07-25T13:08:56,025","container":"71351656b7be","level":"INFO","thread":"EthScheduler-Workers-0","class":"PersistBlockTask","message":"Imported #721 / 0 tx / 0 om / 0 (0.0%) gas / (0xfa825d2b0a187f35a2db0deb80be0f9723584c6c572b96bcf7a166272222c419) in 0.003s. Peers: 3","throwable":""}
{"timestamp":"2025-07-25T13:09:04,018","container":"71351656b7be","level":"INFO","thread":"EthScheduler-Workers-0","class":"PersistBlockTask","message":"Imported #722 / 0 tx / 0 om / 0 (0.0%) gas / (0x1a37f3042cb8d55d7b91aaa312f97bbab008235b8559226859cbf4013bf0ba09) in 0.002s. Peers: 3","throwable":""}
{"timestamp":"2025-07-25T13:09:12,024","container":"71351656b7be","level":"INFO","thread":"EthScheduler-Workers-0","class":"PersistBlockTask","message":"Imported #723 / 0 tx / 0 om / 0 (0.0%) gas / (0x748bb5e27f463ff64d20d22744d32641021d54b57994f76330d669fe0c197484) in 0.001s. Peers: 3","throwable":""}
{"timestamp":"2025-07-25T13:09:20,018","container":"71351656b7be","level":"INFO","thread":"EthScheduler-Workers-0","class":"PersistBlockTask","message":"Imported #724 / 0 tx / 0 om / 0 (0.0%) gas / (0x243c9fef8e7c886074d12da87cb887c5ea97c231bf3a87f0785c27f98b8104bd) in 0.003s. Peers: 3","throwable":""}
{"timestamp":"2025-07-25T13:09:28,020","container":"71351656b7be","level":"INFO","thread":"EthScheduler-Workers-0","class":"PersistBlockTask","message":"Imported #725 / 0 tx / 0 om / 0 (0.0%) gas / (0x7b4cba326bdef78336a2c10b936a876f8bcca405f092b4bb1ab873ec64106dfb) in 0.001s. Peers: 3","throwable":""}
{"timestamp":"2025-07-25T13:09:36,017","container":"71351656b7be","level":"INFO","thread":"EthScheduler-Workers-0","class":"PersistBlockTask","message":"Imported #726 / 0 tx / 0 om / 0 (0.0%) gas / (0x51a6cdd84c70a648fb50329ec96e6bd8179486d2e59520548ebb886026d1422c) in 0.003s. Peers: 3","throwable":""}
{"timestamp":"2025-07-25T13:09:44,014","container":"71351656b7be","level":"INFO","thread":"EthScheduler-Workers-0","class":"PersistBlockTask","message":"Imported #727 / 0 tx / 0 om / 0 (0.0%) gas / (0xcfd73cc9e7b646e6eaca345f791e1716edcd07f6b5c3d9cbbebdf8033b3cc543) in 0.002s. Peers: 3","throwable":""}
{"timestamp":"2025-07-25T13:09:52,022","container":"71351656b7be","level":"INFO","thread":"EthScheduler-Workers-0","class":"PersistBlockTask","message":"Imported #728 / 0 tx / 0 om / 0 (0.0%) gas / (0x89dbecc2549115d04a45377b273a7a90fde78b01baeb7dd5cc3ebd7a27e39702) in 0.003s. Peers: 3","throwable":""}
{"timestamp":"2025-07-25T13:10:00,038","container":"71351656b7be","level":"INFO","thread":"EthScheduler-Workers-0","class":"PersistBlockTask","message":"Imported #729 / 0 tx / 0 om / 0 (0.0%) gas / (0x88fb7ba12f36855c2ffff93cdb579804a197581211149697d9bb98509df5a4a5) in 0.002s. Peers: 3","throwable":""}
{"timestamp":"2025-07-25T13:10:08,022","container":"71351656b7be","level":"INFO","thread":"EthScheduler-Workers-0","class":"PersistBlockTask","message":"Imported #730 / 0 tx / 0 om / 0 (0.0%) gas / (0x0759dc37801539739e3b23bdf82c9652b3626a030175d4c786e6a0b923ffd04b) in 0.002s. Peers: 3","throwable":""}
{"timestamp":"2025-07-25T13:10:16,024","container":"71351656b7be","level":"INFO","thread":"EthScheduler-Workers-0","class":"PersistBlockTask","message":"Imported #731 / 0 tx / 0 om / 0 (0.0%) gas / (0x5853f79780c690ee4aa321eae48138b5696ef30560010ce105b0f7c1ed02e23b) in 0.002s. Peers: 3","throwable":""}
{"timestamp":"2025-07-25T13:10:24,022","container":"71351656b7be","level":"INFO","thread":"EthScheduler-Workers-0","class":"PersistBlockTask","message":"Imported #732 / 0 tx / 0 om / 0 (0.0%) gas / (0xce1a6aeb0370f6295b55da44a3676cb4062875cc76815fbb5782003937791b42) in 0.001s. Peers: 3","throwable":""}
{"timestamp":"2025-07-25T13:10:32,015","container":"71351656b7be","level":"INFO","thread":"EthScheduler-Workers-0","class":"PersistBlockTask","message":"Imported #733 / 0 tx / 0 om / 0 (0.0%) gas / (0xff7cade69665e7a79a3c9a36903a937f847a0f890d2420733509f18b3dd1db66) in 0.002s. Peers: 3","throwable":""}
{"timestamp":"2025-07-25T13:10:40,018","container":"71351656b7be","level":"INFO","thread":"EthScheduler-Workers-0","class":"PersistBlockTask","message":"Imported #734 / 0 tx / 0 om / 0 (0.0%) gas / (0x3cfcada5f831532908cf9c1a38d0c939a2f1249bf0170ee7cb0cee15394e32c8) in 0.002s. Peers: 3","throwable":""}
{"timestamp":"2025-07-25T13:10:48,022","container":"71351656b7be","level":"INFO","thread":"EthScheduler-Workers-0","class":"PersistBlockTask","message":"Imported #735 / 0 tx / 0 om / 0 (0.0%) gas / (0xad2acabaa3e92441cf6967d11a5e7173343f5f8a508c0388f8505c6592d0fa61) in 0.002s. Peers: 3","throwable":""}
{"timestamp":"2025-07-25T13:10:56,012","container":"71351656b7be","level":"INFO","thread":"EthScheduler-Workers-0","class":"PersistBlockTask","message":"Imported #736 / 0 tx / 0 om / 0 (0.0%) gas / (0xfab78794bdeb4876ef2c7d393e0d5c7e5e13927523355569a9f2a8e4e5ea39ad) in 0.001s. Peers: 3","throwable":""}
{"timestamp":"2025-07-25T13:11:04,023","container":"71351656b7be","level":"INFO","thread":"EthScheduler-Workers-0","class":"PersistBlockTask","message":"Imported #737 / 0 tx / 0 om / 0 (0.0%) gas / (0xaeddb8e5ce6723301f077e4502b4efa7a9b466dbe26f5ce85ff95155dd666d4c) in 0.001s. Peers: 3","throwable":""}
{"timestamp":"2025-07-25T13:11:12,011","container":"71351656b7be","level":"INFO","thread":"EthScheduler-Workers-0","class":"PersistBlockTask","message":"Imported #738 / 0 tx / 0 om / 0 (0.0%) gas / (0xd07e2389205c5d43770cf2b00d50e37986d0000d4cda045e9a1861e3c1a526c0) in 0.001s. Peers: 3","throwable":""}
{"timestamp":"2025-07-25T13:11:20,012","container":"71351656b7be","level":"INFO","thread":"EthScheduler-Workers-0","class":"PersistBlockTask","message":"Imported #739 / 0 tx / 0 om / 0 (0.0%) gas / (0x9e3edc74029fe612225fada75fa4abeca0a365049d524fee3f7c2ae6cb463703) in 0.001s. Peers: 3","throwable":""}
{"timestamp":"2025-07-25T13:11:28,027","container":"71351656b7be","level":"INFO","thread":"EthScheduler-Workers-0","class":"PersistBlockTask","message":"Imported #740 / 0 tx / 0 om / 0 (0.0%) gas / (0x55ebb796ad7f13ded51b38f937a3616e5876510855613ce8b6a4857724256ed1) in 0.001s. Peers: 3","throwable":""}
{"timestamp":"2025-07-25T13:11:36,032","container":"71351656b7be","level":"INFO","thread":"EthScheduler-Workers-0","class":"PersistBlockTask","message":"Imported #741 / 0 tx / 0 om / 0 (0.0%) gas / (0x28c33bbcdb5d04c69b5dbaa8728d525a15ddefb576cd60b256070f076e7b439e) in 0.002s. Peers: 3","throwable":""}
{"timestamp":"2025-07-25T13:11:44,022","container":"71351656b7be","level":"INFO","thread":"EthScheduler-Workers-0","class":"PersistBlockTask","message":"Imported #742 / 0 tx / 0 om / 0 (0.0%) gas / (0x68fa255d4abd05cc6080f0d1efaffbb2243592eacb4cf0c19a3f42af4bc0f505) in 0.001s. Peers: 3","throwable":""}
{"timestamp":"2025-07-25T13:11:52,020","container":"71351656b7be","level":"INFO","thread":"EthScheduler-Workers-0","class":"PersistBlockTask","message":"Imported #743 / 0 tx / 0 om / 0 (0.0%) gas / (0x5f44b8432c6db161442d5db7dfba5cdd821291794f44109d953f0ff2199d0e02) in 0.001s. Peers: 3","throwable":""}
{"timestamp":"2025-07-25T13:12:00,019","container":"71351656b7be","level":"INFO","thread":"EthScheduler-Workers-0","class":"PersistBlockTask","message":"Imported #744 / 0 tx / 0 om / 0 (0.0%) gas / (0xeaeebd385f33f073669edf2cdc764000ff92bf3f51a64017c3e88cbc44aee460) in 0.002s. Peers: 3","throwable":""}
{"timestamp":"2025-07-25T13:12:08,024","container":"71351656b7be","level":"INFO","thread":"EthScheduler-Workers-0","class":"PersistBlockTask","message":"Imported #745 / 0 tx / 0 om / 0 (0.0%) gas / (0x9d6f655413c20c410333e48581c09d9a1158e17ebeccc4372baa59c96a6c8f2e) in 0.002s. Peers: 3","throwable":""}
{"timestamp":"2025-07-25T13:12:16,019","container":"71351656b7be","level":"INFO","thread":"EthScheduler-Workers-0","class":"PersistBlockTask","message":"Imported #746 / 0 tx / 0 om / 0 (0.0%) gas / (0xea48b6eb769efe0f93e71f0130c6228d3d0f1a810140bdd03c298f6dd92c9a53) in 0.001s. Peers: 3","throwable":""}
{"timestamp":"2025-07-25T13:12:24,026","container":"71351656b7be","level":"INFO","thread":"EthScheduler-Workers-0","class":"PersistBlockTask","message":"Imported #747 / 0 tx / 0 om / 0 (0.0%) gas / (0xaf974d01b3988b3f52826f3c7646fc3906700191e138f2d2d493a7538b35439a) in 0.001s. Peers: 3","throwable":""}
{"timestamp":"2025-07-25T13:12:32,012","container":"71351656b7be","level":"INFO","thread":"EthScheduler-Workers-0","class":"PersistBlockTask","message":"Imported #748 / 0 tx / 0 om / 0 (0.0%) gas / (0xc4f33233532eac4ff1db0cbb448263c9ea736371808ef21381bbca6f5d7ff04e) in 0.001s. Peers: 3","throwable":""}
{"timestamp":"2025-07-25T13:12:40,027","container":"71351656b7be","level":"INFO","thread":"EthScheduler-Workers-0","class":"PersistBlockTask","message":"Imported #749 / 0 tx / 0 om / 0 (0.0%) gas / (0xdf9aef66b7a10631a811d9d6ca6f40c4efd7e64d3f9e6d3e1026a8068e4177dc) in 0.003s. Peers: 3","throwable":""}
{"timestamp":"2025-07-25T13:12:48,015","container":"71351656b7be","level":"INFO","thread":"EthScheduler-Workers-0","class":"PersistBlockTask","message":"Imported #750 / 0 tx / 0 om / 0 (0.0%) gas / (0x491d97443f5f938223b319a98a896f23b05198dffa4a9e319080c46e67cee86d) in 0.002s. Peers: 3","throwable":""}
{"timestamp":"2025-07-25T13:12:56,024","container":"71351656b7be","level":"INFO","thread":"EthScheduler-Workers-0","class":"PersistBlockTask","message":"Imported #751 / 0 tx / 0 om / 0 (0.0%) gas / (0xdca4c2d458c1834b32cdf25b6f660f74a0b2d2c88d995c70b624c3311becc974) in 0.002s. Peers: 3","throwable":""}
{"timestamp":"2025-07-25T13:13:04,013","container":"71351656b7be","level":"INFO","thread":"EthScheduler-Workers-0","class":"PersistBlockTask","message":"Imported #752 / 0 tx / 0 om / 0 (0.0%) gas / (0x8fc2ff25373a85f3189c4ffaee67ac668f9beda24e3d7a59dc4788f11d656339) in 0.002s. Peers: 3","throwable":""}
{"timestamp":"2025-07-25T13:13:12,032","container":"71351656b7be","level":"INFO","thread":"EthScheduler-Workers-0","class":"PersistBlockTask","message":"Imported #753 / 0 tx / 0 om / 0 (0.0%) gas / (0x32409c7b98df813d687296134caa2c2d0ba54a21a45ce9d962bc98495b1ed05a) in 0.002s. Peers: 3","throwable":""}
{"timestamp":"2025-07-25T13:13:20,023","container":"71351656b7be","level":"INFO","thread":"EthScheduler-Workers-0","class":"PersistBlockTask","message":"Imported #754 / 0 tx / 0 om / 0 (0.0%) gas / (0x8626e911c08f6e7d987c63e1a58548681702519fa378dcbc096d86ad065e436d) in 0.003s. Peers: 3","throwable":""}
{"timestamp":"2025-07-25T13:13:28,025","container":"71351656b7be","level":"INFO","thread":"EthScheduler-Workers-0","class":"PersistBlockTask","message":"Imported #755 / 0 tx / 0 om / 0 (0.0%) gas / (0x2c83ef81695aae28cfaa6676acc574758bf8ccd08d39ddf7b6afbffe70902032) in 0.002s. Peers: 3","throwable":""}
{"timestamp":"2025-07-25T13:13:36,028","container":"71351656b7be","level":"INFO","thread":"EthScheduler-Workers-0","class":"PersistBlockTask","message":"Imported #756 / 0 tx / 0 om / 0 (0.0%) gas / (0x596c34351f537de02b75d1dcf046c2dd0703b310dd20044f5368668666683e72) in 0.003s. Peers: 3","throwable":""}
{"timestamp":"2025-07-25T13:13:44,024","container":"71351656b7be","level":"INFO","thread":"EthScheduler-Workers-0","class":"PersistBlockTask","message":"Imported #757 / 0 tx / 0 om / 0 (0.0%) gas / (0x79e6c5ee526b3d9f9b73bc5089cb3e73e39d4fdd3669de09aa4686bae48c4650) in 0.002s. Peers: 3","throwable":""}
{"timestamp":"2025-07-25T13:13:52,012","container":"71351656b7be","level":"INFO","thread":"EthScheduler-Workers-0","class":"PersistBlockTask","message":"Imported #758 / 0 tx / 0 om / 0 (0.0%) gas / (0x6b804ebe235d3bd7dc48eefcb73f7521c33bc2aad3fd1214bde71cc88a972707) in 0.001s. Peers: 3","throwable":""}
{"timestamp":"2025-07-25T13:14:00,020","container":"71351656b7be","level":"INFO","thread":"EthScheduler-Workers-0","class":"PersistBlockTask","message":"Imported #759 / 0 tx / 0 om / 0 (0.0%) gas / (0x0933c9b21b45c015522f2e5065c29df495b9ae7c4cae34932577929207088298) in 0.003s. Peers: 3","throwable":""}
{"timestamp":"2025-07-25T13:14:08,024","container":"71351656b7be","level":"INFO","thread":"EthScheduler-Workers-0","class":"PersistBlockTask","message":"Imported #760 / 0 tx / 0 om / 0 (0.0%) gas / (0x641e35c3e4b89ba46a6844839eaacf4ca4648a78c8117c030f4ab3003529cb37) in 0.002s. Peers: 3","throwable":""}
{"timestamp":"2025-07-25T13:14:16,027","container":"71351656b7be","level":"INFO","thread":"EthScheduler-Workers-0","class":"PersistBlockTask","message":"Imported #761 / 0 tx / 0 om / 0 (0.0%) gas / (0x2181609636ec429e829a5067b8444c80728e2ecc58c47c1710e838afdb615333) in 0.002s. Peers: 3","throwable":""}
{"timestamp":"2025-07-25T13:14:24,023","container":"71351656b7be","level":"INFO","thread":"EthScheduler-Workers-0","class":"PersistBlockTask","message":"Imported #762 / 0 tx / 0 om / 0 (0.0%) gas / (0xabdb29da44d8806e2b435075c8ab21c2f5f7747d5f98ec52ec71944b20d65e05) in 0.002s. Peers: 3","throwable":""}
{"timestamp":"2025-07-25T13:14:32,022","container":"71351656b7be","level":"INFO","thread":"EthScheduler-Workers-0","class":"PersistBlockTask","message":"Imported #763 / 0 tx / 0 om / 0 (0.0%) gas / (0xdc1ab942676b18dcee2fe6bdd233f0e208d9e416583f16c8b3f86bb54b3e529b) in 0.002s. Peers: 3","throwable":""}
{"timestamp":"2025-07-25T13:14:40,023","container":"71351656b7be","level":"INFO","thread":"EthScheduler-Workers-0","class":"PersistBlockTask","message":"Imported #764 / 0 tx / 0 om / 0 (0.0%) gas / (0x2fd5dd404d47c7749233bc7b9531e61fea56b5dbbeae1987c90c6f45e380ba03) in 0.002s. Peers: 3","throwable":""}
{"timestamp":"2025-07-25T13:14:48,023","container":"71351656b7be","level":"INFO","thread":"EthScheduler-Workers-0","class":"PersistBlockTask","message":"Imported #765 / 0 tx / 0 om / 0 (0.0%) gas / (0xf328f74baee9968acd3fb5ce68d91890ae1f88b936f95de79e79a7d0cc7c2c42) in 0.002s. Peers: 3","throwable":""}
{"timestamp":"2025-07-25T13:14:56,016","container":"71351656b7be","level":"INFO","thread":"EthScheduler-Workers-0","class":"PersistBlockTask","message":"Imported #766 / 0 tx / 0 om / 0 (0.0%) gas / (0xb22e69b19da171408d8ecc163d7a814f35c7a00da0d5f27d5d9be6467f673514) in 0.003s. Peers: 3","throwable":""}
{"timestamp":"2025-07-25T13:15:04,021","container":"71351656b7be","level":"INFO","thread":"EthScheduler-Workers-0","class":"PersistBlockTask","message":"Imported #767 / 0 tx / 0 om / 0 (0.0%) gas / (0x854c6108ba3c96117867dc87f19b2bf099f7a1f845ad50120688e442e1b99f36) in 0.003s. Peers: 3","throwable":""}
{"timestamp":"2025-07-25T13:15:12,016","container":"71351656b7be","level":"INFO","thread":"EthScheduler-Workers-0","class":"PersistBlockTask","message":"Imported #768 / 0 tx / 0 om / 0 (0.0%) gas / (0xd2d83afc7969661b985ea089238c4fa60436ac7b0fd4bfb11979b1608a3c15b5) in 0.003s. Peers: 3","throwable":""}
{"timestamp":"2025-07-25T13:15:20,021","container":"71351656b7be","level":"INFO","thread":"EthScheduler-Workers-0","class":"PersistBlockTask","message":"Imported #769 / 0 tx / 0 om / 0 (0.0%) gas / (0x5ed0b6ba8297595575e57d4b2581428d519069d6710d87e2259a5e7d83f1d4cd) in 0.002s. Peers: 3","throwable":""}
{"timestamp":"2025-07-25T13:15:28,016","container":"71351656b7be","level":"INFO","thread":"EthScheduler-Workers-0","class":"PersistBlockTask","message":"Imported #770 / 0 tx / 0 om / 0 (0.0%) gas / (0x869e2a3ef5d5677821e6c641b316d453788aa377d2d52b5a2cfae9196fa61fdf) in 0.002s. Peers: 3","throwable":""}
{"timestamp":"2025-07-25T13:15:36,024","container":"71351656b7be","level":"INFO","thread":"EthScheduler-Workers-0","class":"PersistBlockTask","message":"Imported #771 / 0 tx / 0 om / 0 (0.0%) gas / (0x388b61f053d087523332d277bdc2ab0d54265166edcdf227e6f675f79a9861b0) in 0.003s. Peers: 3","throwable":""}
{"timestamp":"2025-07-25T13:15:44,018","container":"71351656b7be","level":"INFO","thread":"EthScheduler-Workers-0","class":"PersistBlockTask","message":"Imported #772 / 0 tx / 0 om / 0 (0.0%) gas / (0x58ce4f6543c3f8f16b822a78d8129bdba46ace90fd2ad366be161cbb4bf9fa0c) in 0.003s. Peers: 3","throwable":""}
{"timestamp":"2025-07-25T13:15:52,028","container":"71351656b7be","level":"INFO","thread":"EthScheduler-Workers-0","class":"PersistBlockTask","message":"Imported #773 / 0 tx / 0 om / 0 (0.0%) gas / (0x0a18402b9526e30090a164ef895eab145bfe1719387668c5ecefad9b9e19d245) in 0.002s. Peers: 3","throwable":""}
{"timestamp":"2025-07-25T13:16:00,029","container":"71351656b7be","level":"INFO","thread":"EthScheduler-Workers-0","class":"PersistBlockTask","message":"Imported #774 / 0 tx / 0 om / 0 (0.0%) gas / (0xdba3ad39ba55ef96ce09cf8b04af242fdea05837e8743cd907c3e3e42044c05b) in 0.002s. Peers: 3","throwable":""}
{"timestamp":"2025-07-25T13:16:08,014","container":"71351656b7be","level":"INFO","thread":"EthScheduler-Workers-0","class":"PersistBlockTask","message":"Imported #775 / 0 tx / 0 om / 0 (0.0%) gas / (0x8e994e4be4c0abab517fa986eda8965c8f1835d0c040a9592043f1ae56b42fdf) in 0.002s. Peers: 3","throwable":""}
{"timestamp":"2025-07-25T13:16:16,023","container":"71351656b7be","level":"INFO","thread":"EthScheduler-Workers-0","class":"PersistBlockTask","message":"Imported #776 / 0 tx / 0 om / 0 (0.0%) gas / (0x7e1e23217337da4069d920a3e2e6e0616ae7d0ad34e1664adce949bb7f15a936) in 0.001s. Peers: 3","throwable":""}
{"timestamp":"2025-07-25T13:16:24,014","container":"71351656b7be","level":"INFO","thread":"EthScheduler-Workers-0","class":"PersistBlockTask","message":"Imported #777 / 0 tx / 0 om / 0 (0.0%) gas / (0x1f2c1fbfe501bda9567bfb8f3bcf6cf32492084d6111794aa6c9078664419059) in 0.003s. Peers: 3","throwable":""}
{"timestamp":"2025-07-25T13:16:32,026","container":"71351656b7be","level":"INFO","thread":"EthScheduler-Workers-0","class":"PersistBlockTask","message":"Imported #778 / 0 tx / 0 om / 0 (0.0%) gas / (0xe180161bdbcab22316338108943b7862b8f56822310132ff2440fa7e9f742715) in 0.002s. Peers: 3","throwable":""}
{"timestamp":"2025-07-25T13:16:40,019","container":"71351656b7be","level":"INFO","thread":"EthScheduler-Workers-0","class":"PersistBlockTask","message":"Imported #779 / 0 tx / 0 om / 0 (0.0%) gas / (0xbabe000cd5c291da3d1e236180262967258d1a1360f11493ffe24a61510165bb) in 0.002s. Peers: 3","throwable":""}
{"timestamp":"2025-07-25T13:16:48,024","container":"71351656b7be","level":"INFO","thread":"EthScheduler-Workers-0","class":"PersistBlockTask","message":"Imported #780 / 0 tx / 0 om / 0 (0.0%) gas / (0x9ebc06503ef4a1e198d0d15a871201f92ceebb2b27bdd81157d267734597cdc3) in 0.001s. Peers: 3","throwable":""}
{"timestamp":"2025-07-25T13:16:56,033","container":"71351656b7be","level":"INFO","thread":"EthScheduler-Workers-0","class":"PersistBlockTask","message":"Imported #781 / 0 tx / 0 om / 0 (0.0%) gas / (0x5def73801de3c82d8dd0f95c81b85c97f5bfc2e8eafcf553befaf2778cff3fc0) in 0.002s. Peers: 3","throwable":""}
{"timestamp":"2025-07-25T13:17:04,029","container":"71351656b7be","level":"INFO","thread":"EthScheduler-Workers-0","class":"PersistBlockTask","message":"Imported #782 / 0 tx / 0 om / 0 (0.0%) gas / (0x1e9d6ea39412be18751ef856e4147c3cea6bd193fa25ec8e8c29eb746e4c695f) in 0.004s. Peers: 3","throwable":""}
{"timestamp":"2025-07-25T13:17:12,022","container":"71351656b7be","level":"INFO","thread":"EthScheduler-Workers-0","class":"PersistBlockTask","message":"Imported #783 / 0 tx / 0 om / 0 (0.0%) gas / (0xff083276483f96424cb3eb7024821f63e5340de0cc555b058199c2d61b20d3f9) in 0.002s. Peers: 3","throwable":""}
{"timestamp":"2025-07-25T13:17:20,013","container":"71351656b7be","level":"INFO","thread":"EthScheduler-Workers-0","class":"PersistBlockTask","message":"Imported #784 / 0 tx / 0 om / 0 (0.0%) gas / (0xafb656a4d1e26142150d941b2b865c88f087099dbf7af8621ebd43f044e02aa3) in 0.001s. Peers: 3","throwable":""}
{"timestamp":"2025-07-25T13:17:28,021","container":"71351656b7be","level":"INFO","thread":"EthScheduler-Workers-0","class":"PersistBlockTask","message":"Imported #785 / 0 tx / 0 om / 0 (0.0%) gas / (0x3438c3cd1185f9190354d46a00d7d6f837135f12a77b3ee298f0adf8763178f2) in 0.002s. Peers: 3","throwable":""}
{"timestamp":"2025-07-25T13:17:36,024","container":"71351656b7be","level":"INFO","thread":"EthScheduler-Workers-0","class":"PersistBlockTask","message":"Imported #786 / 0 tx / 0 om / 0 (0.0%) gas / (0xd070d9910a823e9bc22f820930b956184ac09647ca0e562be58abac701d0b059) in 0.003s. Peers: 3","throwable":""}
{"timestamp":"2025-07-25T13:17:44,025","container":"71351656b7be","level":"INFO","thread":"EthScheduler-Workers-0","class":"PersistBlockTask","message":"Imported #787 / 0 tx / 0 om / 0 (0.0%) gas / (0xd1435574ffb30534e64c37df381fb332770476dd68b77a7683ec5f50de5f254f) in 0.003s. Peers: 3","throwable":""}
{"timestamp":"2025-07-25T13:17:52,022","container":"71351656b7be","level":"INFO","thread":"EthScheduler-Workers-0","class":"PersistBlockTask","message":"Imported #788 / 0 tx / 0 om / 0 (0.0%) gas / (0x8be086d208f91cf95f7f8f97be55d33ce4cee7f4ac1dd01a0cd40e8545f465fa) in 0.003s. Peers: 3","throwable":""}
{"timestamp":"2025-07-25T13:18:00,026","container":"71351656b7be","level":"INFO","thread":"EthScheduler-Workers-0","class":"PersistBlockTask","message":"Imported #789 / 0 tx / 0 om / 0 (0.0%) gas / (0x1215e9e9a5f2bfebef56143444afbb3b14010b6893d7cdcbc2afe3918ffc81cb) in 0.002s. Peers: 3","throwable":""}
{"timestamp":"2025-07-25T13:18:08,024","container":"71351656b7be","level":"INFO","thread":"EthScheduler-Workers-0","class":"PersistBlockTask","message":"Imported #790 / 0 tx / 0 om / 0 (0.0%) gas / (0x67dd04a01d9f7719a1ba8b3760c23d1ef1925cafe6d69e9a1f68af089c06480b) in 0.002s. Peers: 3","throwable":""}
{"timestamp":"2025-07-25T13:18:16,026","container":"71351656b7be","level":"INFO","thread":"EthScheduler-Workers-0","class":"PersistBlockTask","message":"Imported #791 / 0 tx / 0 om / 0 (0.0%) gas / (0xaec140857b62d85d9214265b4262efe8e5ce355f55c376c88586ffa92647d728) in 0.002s. Peers: 3","throwable":""}
{"timestamp":"2025-07-25T13:18:24,023","container":"71351656b7be","level":"INFO","thread":"EthScheduler-Workers-0","class":"PersistBlockTask","message":"Imported #792 / 0 tx / 0 om / 0 (0.0%) gas / (0x95a3c1e279c9c42908a623f0a5d3efc0e05dd6047ff88427aa469aba55d8caf4) in 0.001s. Peers: 3","throwable":""}
{"timestamp":"2025-07-25T13:18:32,015","container":"71351656b7be","level":"INFO","thread":"EthScheduler-Workers-0","class":"PersistBlockTask","message":"Imported #793 / 0 tx / 0 om / 0 (0.0%) gas / (0x179e5f1d81e79fc7db47d1695eee831d14d5c0b695926c1191773d9dc877ceae) in 0.001s. Peers: 3","throwable":""}
{"timestamp":"2025-07-25T13:18:37,525","container":"71351656b7be","level":"INFO","thread":"BftProcessorExecutor-QBFT-0","class":"BftProcessor","message":"Shutting down BFT event processor","throwable":""}
{"timestamp":"2025-07-25T13:18:37,526","container":"71351656b7be","level":"INFO","thread":"BesuCommand-Shutdown-Hook","class":"DefaultSynchronizer","message":"Stopping synchronizer","throwable":""}
{"timestamp":"2025-07-25T13:18:37,528","container":"71351656b7be","level":"INFO","thread":"BesuCommand-Shutdown-Hook","class":"NetworkRunner","message":"Stopping Network.","throwable":""}
{"timestamp":"2025-07-25T13:18:37,549","container":"71351656b7be","level":"INFO","thread":"BesuCommand-Shutdown-Hook","class":"EthProtocolManager","message":"Stopping eth Subprotocol.","throwable":""}
{"timestamp":"2025-07-25T13:18:37,639","container":"71351656b7be","level":"INFO","thread":"BesuCommand-Shutdown-Hook","class":"EthProtocolManager","message":"eth Subprotocol stopped.","throwable":""}
{"timestamp":"2025-07-25T13:18:37,639","container":"71351656b7be","level":"INFO","thread":"BesuCommand-Shutdown-Hook","class":"NetworkRunner","message":"Network stopped.","throwable":""}
{"timestamp":"2025-07-25T13:18:37,640","container":"71351656b7be","level":"INFO","thread":"BesuCommand-Shutdown-Hook","class":"AutoTransactionLogBloomCachingService","message":"Shutting down Auto transaction logs caching service.","throwable":""}
{"timestamp":"2025-07-25T13:18:37,642","container":"71351656b7be","level":"INFO","thread":"BesuCommand-Shutdown-Hook","class":"DockerNatManager","message":"Stopping docker NAT manager.","throwable":""}
{"timestamp":"2025-08-01T06:44:27,872","container":"71351656b7be","level":"INFO","thread":"main","class":"Besu","message":"Starting Besu","throwable":""}
{"timestamp":"2025-08-01T06:44:28,476","container":"71351656b7be","level":"WARN","thread":"main","class":"Besu","message":"--min-gas-price has been ignored because --miner-enabled was not defined on the command line.","throwable":""}
{"timestamp":"2025-08-01T06:44:29,568","container":"71351656b7be","level":"INFO","thread":"main","class":"Besu","message":"
####################################################################################################
#                                                                                                  #
# Besu version 23.4.1                                                                              #
#                                                                                                  #
# Configuration:                                                                                   #
# Network: Custom genesis file specified                                                           #
# Network Id: 1337                                                                                 #
# Data storage: Forest                                                                             #
# Sync mode: Full                                                                                  #
# RPC HTTP APIs: EEA,WEB3,ETH,NET,TRACE,DEBUG,ADMIN,TXPOOL,PRIV,PERM,QBFT                          #
# RPC HTTP port: 8545                                                                              #
#                                                                                                  #
# Host:                                                                                            #
# Java: openjdk-java-17                                                                            #
# Maximum heap size: 1.74 GB                                                                       #
# OS: linux-x86_64                                                                                 #
# glibc: 2.35                                                                                      #
# jemalloc: 5.2.1-0-gea6b3e973b477b8061e0076bb257dbd7f3faa756                                      #
# Total memory: 6.95 GB                                                                            #
# CPU cores: 4                                                                                     #
#                                                                                                  #
####################################################################################################","throwable":""}
{"timestamp":"2025-08-01T06:44:29,568","container":"71351656b7be","level":"INFO","thread":"main","class":"Besu","message":"Connecting to 8 static nodes.","throwable":""}
{"timestamp":"2025-08-01T06:44:29,569","container":"71351656b7be","level":"INFO","thread":"main","class":"Besu","message":"Security Module: localfile","throwable":""}
{"timestamp":"2025-08-01T06:44:29,703","container":"71351656b7be","level":"INFO","thread":"main","class":"Besu","message":"Using the native implementation of alt bn128","throwable":""}
{"timestamp":"2025-08-01T06:44:29,781","container":"71351656b7be","level":"INFO","thread":"main","class":"Besu","message":"Using the native implementation of modexp","throwable":""}
{"timestamp":"2025-08-01T06:44:29,781","container":"71351656b7be","level":"INFO","thread":"main","class":"Besu","message":"Using the native implementation of the signature algorithm","throwable":""}
{"timestamp":"2025-08-01T06:44:29,786","container":"71351656b7be","level":"INFO","thread":"main","class":"Besu","message":"Using the native implementation of the blake2bf algorithm","throwable":""}
{"timestamp":"2025-08-01T06:44:29,822","container":"71351656b7be","level":"INFO","thread":"main","class":"DatabaseMetadata","message":"Lookup database metadata file in data directory: /opt/besu/data","throwable":""}
{"timestamp":"2025-08-01T06:44:29,918","container":"71351656b7be","level":"INFO","thread":"main","class":"RocksDBKeyValueStorageFactory","message":"Existing database detected at /opt/besu/data. Version 1. Compacting database...","throwable":""}
{"timestamp":"2025-08-01T06:44:30,989","container":"71351656b7be","level":"INFO","thread":"main","class":"KeyPairUtil","message":"Loaded public key 0x86fcc16f4730fbfd238dc17ea552854c0943923bb1d5e886e5601b8d884fb0519060e0023f495dd24ffe60a65660fb7fdcdebfceedd2b3673dfa63658825924b from /opt/besu/keys/nodekey","throwable":""}
{"timestamp":"2025-08-01T06:44:31,002","container":"71351656b7be","level":"WARN","thread":"main","class":"Besu","message":"Privacy is disabled. Cannot use EEA/PRIV API methods when not using Privacy.","throwable":""}
{"timestamp":"2025-08-01T06:44:31,356","container":"71351656b7be","level":"INFO","thread":"main","class":"ProtocolScheduleBuilder","message":"Protocol schedule created with milestones: [GrayGlacier: 0]","throwable":""}
{"timestamp":"2025-08-01T06:44:31,747","container":"71351656b7be","level":"INFO","thread":"main","class":"TransactionPoolFactory","message":"Enabling transaction pool","throwable":""}
{"timestamp":"2025-08-01T06:44:31,869","container":"71351656b7be","level":"INFO","thread":"main","class":"BesuControllerBuilder","message":"TTD difficulty is not present, creating initial sync phase for PoW","throwable":""}
{"timestamp":"2025-08-01T06:44:32,025","container":"71351656b7be","level":"INFO","thread":"main","class":"RunnerBuilder","message":"Detecting NAT service.","throwable":""}
{"timestamp":"2025-08-01T06:44:34,192","container":"71351656b7be","level":"INFO","thread":"main","class":"Runner","message":"Starting external services ... ","throwable":""}
{"timestamp":"2025-08-01T06:44:34,193","container":"71351656b7be","level":"INFO","thread":"main","class":"MetricsHttpService","message":"Starting metrics http service on 0.0.0.0:9545","throwable":""}
{"timestamp":"2025-08-01T06:44:34,509","container":"71351656b7be","level":"INFO","thread":"vert.x-eventloop-thread-1","class":"MetricsHttpService","message":"Metrics service started and listening on 0.0.0.0:9545","throwable":""}
{"timestamp":"2025-08-01T06:44:34,532","container":"71351656b7be","level":"INFO","thread":"main","class":"JsonRpcHttpService","message":"Starting JSON-RPC service on 0.0.0.0:8545","throwable":""}
{"timestamp":"2025-08-01T06:44:34,605","container":"71351656b7be","level":"INFO","thread":"vert.x-eventloop-thread-1","class":"JsonRpcHttpService","message":"JSON-RPC service started and listening on 0.0.0.0:8545","throwable":""}
{"timestamp":"2025-08-01T06:44:34,614","container":"71351656b7be","level":"INFO","thread":"main","class":"GraphQLHttpService","message":"Starting GraphQL HTTP service on 0.0.0.0:8547","throwable":""}
{"timestamp":"2025-08-01T06:44:34,634","container":"71351656b7be","level":"INFO","thread":"vert.x-eventloop-thread-1","class":"GraphQLHttpService","message":"GraphQL HTTP service started and listening on 0.0.0.0:8547","throwable":""}
{"timestamp":"2025-08-01T06:44:34,639","container":"71351656b7be","level":"INFO","thread":"main","class":"WebSocketService","message":"Starting Websocket service on 0.0.0.0:8546","throwable":""}
{"timestamp":"2025-08-01T06:44:34,651","container":"71351656b7be","level":"INFO","thread":"vert.x-eventloop-thread-1","class":"WebSocketService","message":"Websocket service started and listening on 0.0.0.0:8546","throwable":""}
{"timestamp":"2025-08-01T06:44:34,661","container":"71351656b7be","level":"INFO","thread":"main","class":"AutoTransactionLogBloomCachingService","message":"Starting auto transaction log bloom caching service.","throwable":""}
{"timestamp":"2025-08-01T06:44:34,663","container":"71351656b7be","level":"INFO","thread":"main","class":"LogBloomCacheMetadata","message":"Lookup cache metadata file in data directory: /opt/besu/data/caches","throwable":""}
{"timestamp":"2025-08-01T06:44:34,711","container":"71351656b7be","level":"INFO","thread":"main","class":"Runner","message":"Starting Ethereum main loop ... ","throwable":""}
{"timestamp":"2025-08-01T06:44:34,712","container":"71351656b7be","level":"INFO","thread":"main","class":"DockerNatManager","message":"Starting docker NAT manager.","throwable":""}
{"timestamp":"2025-08-01T06:44:34,757","container":"71351656b7be","level":"INFO","thread":"main","class":"NetworkRunner","message":"Starting Network.","throwable":""}
{"timestamp":"2025-08-01T06:44:34,830","container":"71351656b7be","level":"INFO","thread":"nioEventLoopGroup-2-1","class":"RlpxAgent","message":"P2P RLPx agent started and listening on /0.0.0.0:30303.","throwable":""}
{"timestamp":"2025-08-01T06:44:34,851","container":"71351656b7be","level":"INFO","thread":"main","class":"PeerDiscoveryAgent","message":"Starting peer discovery agent on host=0.0.0.0, port=30303","throwable":""}
{"timestamp":"2025-08-01T06:44:34,901","container":"71351656b7be","level":"INFO","thread":"vert.x-eventloop-thread-1","class":"VertxPeerDiscoveryAgent","message":"Started peer discovery agent successfully, on effective host=0.0.0.0 and port=30303","throwable":""}
{"timestamp":"2025-08-01T06:44:34,902","container":"71351656b7be","level":"INFO","thread":"vert.x-eventloop-thread-1","class":"PeerDiscoveryAgent","message":"P2P peer discovery agent started and listening on /0.0.0.0:30303","throwable":""}
{"timestamp":"2025-08-01T06:44:35,002","container":"71351656b7be","level":"INFO","thread":"vert.x-eventloop-thread-1","class":"PeerDiscoveryAgent","message":"Writing node record to disk. NodeRecord{seq=2, publicKey=0x0386fcc16f4730fbfd238dc17ea552854c0943923bb1d5e886e5601b8d884fb051, udpAddress=Optional[/10.0.0.77:30303], tcpAddress=Optional[/10.0.0.77:30303], asBase64=-Je4QB3bn10DdFpac05Mh5jNaVl6IxwULu4zay3nCYkvAxuOKu8LsNTZLBnoQrqj8k6RJTwuWrx6US4UgR5SSb9BYt0Cg2V0aMfGhGpSrW2AgmlkgnY0gmlwhAoAAE2Jc2VjcDI1NmsxoQOG_MFvRzD7_SONwX6lUoVMCUOSO7HV6IblYBuNiE-wUYN0Y3CCdl-DdWRwgnZf, nodeId=0x133b4f32d7750cdfd4048f04df8b560be949c229c821731554c33ead5e3888a4, customFields={tcp=30303, udp=30303, ip=0x0a00004d, eth=[[0x6a52ad6d, 0x]], id=V4, secp256k1=0x0386fcc16f4730fbfd238dc17ea552854c0943923bb1d5e886e5601b8d884fb051}}","throwable":""}
{"timestamp":"2025-08-01T06:44:35,152","container":"71351656b7be","level":"INFO","thread":"main","class":"DefaultP2PNetwork","message":"Enode URL enode://86fcc16f4730fbfd238dc17ea552854c0943923bb1d5e886e5601b8d884fb0519060e0023f495dd24ffe60a65660fb7fdcdebfceedd2b3673dfa63658825924b@10.0.0.77:30303","throwable":""}
{"timestamp":"2025-08-01T06:44:35,152","container":"71351656b7be","level":"INFO","thread":"main","class":"DefaultP2PNetwork","message":"Node address 0xdf8b560be949c229c821731554c33ead5e3888a4","throwable":""}
{"timestamp":"2025-08-01T06:44:35,283","container":"71351656b7be","level":"INFO","thread":"main","class":"NetworkRunner","message":"Supported capabilities: [eth/62, eth/63, eth/64, eth/65, eth/66, eth/67, eth/68], [istanbul/100], [snap/1]","throwable":""}
{"timestamp":"2025-08-01T06:44:35,290","container":"71351656b7be","level":"INFO","thread":"main","class":"DefaultSynchronizer","message":"Starting synchronizer.","throwable":""}
{"timestamp":"2025-08-01T06:44:35,299","container":"71351656b7be","level":"INFO","thread":"main","class":"TransactionPoolFactory","message":"Enabling transaction handling following initial sync","throwable":""}
{"timestamp":"2025-08-01T06:44:35,301","container":"71351656b7be","level":"INFO","thread":"main","class":"FullSyncDownloader","message":"Starting full sync.","throwable":""}
{"timestamp":"2025-08-01T06:44:35,302","container":"71351656b7be","level":"INFO","thread":"main","class":"FullSyncTargetManager","message":"Unable to find sync target. Currently checking 0 peers for usefulness","throwable":""}
{"timestamp":"2025-08-01T06:44:36,510","container":"71351656b7be","level":"INFO","thread":"nioEventLoopGroup-3-7","class":"FullSyncTargetManager","message":"Unable to find sync target. Currently checking 3 peers for usefulness","throwable":""}
{"timestamp":"2025-08-01T06:44:36,595","container":"71351656b7be","level":"INFO","thread":"main","class":"Runner","message":"Ethereum main loop is up.","throwable":""}
{"timestamp":"2025-08-01T06:46:11,396","container":"71351656b7be","level":"INFO","thread":"EthScheduler-Workers-0","class":"TimestampBoundedByFutureParameter","message":"Invalid block header: timestamp 1754030773 is greater than the timestamp margin 1754030772","throwable":""}
{"timestamp":"2025-08-01T06:46:11,398","container":"71351656b7be","level":"WARN","thread":"EthScheduler-Workers-0","class":"BlockPropagationManager","message":"Added to bad block manager for invalid header, failed to import announced block 794 (0xf4b6a3761fec1ddc97fa20b795914da10fe358308ff49662bc01c58cf9257704)","throwable":""}
{"timestamp":"2025-08-01T06:46:31,766","container":"71351656b7be","level":"INFO","thread":"nioEventLoopGroup-3-1","class":"BlockPropagationManager","message":"Saved announced block for future import 795 (0xe15ccae9b693bd385c5bda850a7354b960fe545fcc139a9a4ffceeac09076d0f) - 1 saved block(s)","throwable":""}
{"timestamp":"2025-08-01T06:46:31,767","container":"71351656b7be","level":"INFO","thread":"nioEventLoopGroup-3-1","class":"BlockPropagationManager","message":"Retrieving parent 0xf4b6a3761fec1ddc97fa20b795914da10fe358308ff49662bc01c58cf9257704 of block 795 (0xe15ccae9b693bd385c5bda850a7354b960fe545fcc139a9a4ffceeac09076d0f)","throwable":""}
{"timestamp":"2025-08-01T06:46:31,836","container":"71351656b7be","level":"INFO","thread":"EthScheduler-Workers-0","class":"PersistBlockTask","message":"Imported #794 / 0 tx / 0 om / 0 (0.0%) gas / (0xf4b6a3761fec1ddc97fa20b795914da10fe358308ff49662bc01c58cf9257704) in 0.033s. Peers: 3","throwable":""}
{"timestamp":"2025-08-01T06:46:31,843","container":"71351656b7be","level":"INFO","thread":"EthScheduler-Workers-0","class":"TimestampBoundedByFutureParameter","message":"Invalid block header: timestamp 1754030793 is greater than the timestamp margin 1754030792","throwable":""}
{"timestamp":"2025-08-01T06:46:31,843","container":"71351656b7be","level":"INFO","thread":"EthScheduler-Workers-0","class":"MainnetBlockValidator","message":"Invalid block 795 (0xe15ccae9b693bd385c5bda850a7354b960fe545fcc139a9a4ffceeac09076d0f): Optional[header validation rule violated, see logs]","throwable":""}
{"timestamp":"2025-08-01T06:46:31,846","container":"71351656b7be","level":"ERROR","thread":"EthScheduler-Workers-0","class":"BlockPropagationManager","message":"Error importing pending blocks","throwable":" org.hyperledger.besu.ethereum.eth.sync.tasks.exceptions.InvalidBlockException: Failed to import block: Invalid block at #795 (0xe15ccae9b693bd385c5bda850a7354b960fe545fcc139a9a4ffceeac09076d0f)\n\tat org.hyperledger.besu.ethereum.eth.sync.tasks.PersistBlockTask.executeTask(PersistBlockTask.java:207)\n\tat org.hyperledger.besu.ethereum.eth.manager.task.AbstractEthTask.executeTaskTimed(AbstractEthTask.java:150)\n\tat org.hyperledger.besu.ethereum.eth.manager.task.AbstractEthTask.run(AbstractEthTask.java:75)\n\tat org.hyperledger.besu.ethereum.eth.sync.tasks.PersistBlockTask.lambda$forUnorderedBlocks$8(PersistBlockTask.java:164)\n\tat org.hyperledger.besu.util.FutureUtils.propagateResult(FutureUtils.java:98)\n\tat org.hyperledger.besu.ethereum.eth.manager.EthScheduler.lambda$scheduleSyncWorkerTask$0(EthScheduler.java:110)\n\tat java.base/java.util.concurrent.Executors$RunnableAdapter.call(Executors.java:539)\n\tat java.base/java.util.concurrent.FutureTask.run(FutureTask.java:264)\n\tat java.base/java.util.concurrent.ThreadPoolExecutor.runWorker(ThreadPoolExecutor.java:1136)\n\tat java.base/java.util.concurrent.ThreadPoolExecutor$Worker.run(ThreadPoolExecutor.java:635)\n\tat java.base/java.lang.Thread.run(Thread.java:833)\n"}
{"timestamp":"2025-08-01T06:46:41,824","container":"71351656b7be","level":"INFO","thread":"nioEventLoopGroup-3-1","class":"BlockPropagationManager","message":"Saved announced block for future import 796 (0x4e2c9c3d56d07de8cd621365e53fc13396163583113c0415679537ba591d8f8e) - 2 saved block(s)","throwable":""}
{"timestamp":"2025-08-01T06:46:41,826","container":"71351656b7be","level":"INFO","thread":"EthScheduler-Workers-0","class":"MainnetBlockValidator","message":"Invalid block 796 (0x4e2c9c3d56d07de8cd621365e53fc13396163583113c0415679537ba591d8f8e): Optional[Parent block with hash 0xe15ccae9b693bd385c5bda850a7354b960fe545fcc139a9a4ffceeac09076d0f not present]","throwable":""}
{"timestamp":"2025-08-01T06:46:41,827","container":"71351656b7be","level":"ERROR","thread":"EthScheduler-Workers-0","class":"BlockPropagationManager","message":"Error importing pending blocks","throwable":" org.hyperledger.besu.ethereum.eth.sync.tasks.exceptions.InvalidBlockException: Failed to import block: Invalid block at #796 (0x4e2c9c3d56d07de8cd621365e53fc13396163583113c0415679537ba591d8f8e)\n\tat org.hyperledger.besu.ethereum.eth.sync.tasks.PersistBlockTask.executeTask(PersistBlockTask.java:207)\n\tat org.hyperledger.besu.ethereum.eth.manager.task.AbstractEthTask.executeTaskTimed(AbstractEthTask.java:150)\n\tat org.hyperledger.besu.ethereum.eth.manager.task.AbstractEthTask.run(AbstractEthTask.java:75)\n\tat org.hyperledger.besu.ethereum.eth.sync.tasks.PersistBlockTask.lambda$forUnorderedBlocks$8(PersistBlockTask.java:164)\n\tat org.hyperledger.besu.util.FutureUtils.propagateResult(FutureUtils.java:98)\n\tat org.hyperledger.besu.ethereum.eth.manager.EthScheduler.lambda$scheduleSyncWorkerTask$0(EthScheduler.java:110)\n\tat java.base/java.util.concurrent.Executors$RunnableAdapter.call(Executors.java:539)\n\tat java.base/java.util.concurrent.FutureTask.run(FutureTask.java:264)\n\tat java.base/java.util.concurrent.ThreadPoolExecutor.runWorker(ThreadPoolExecutor.java:1136)\n\tat java.base/java.util.concurrent.ThreadPoolExecutor$Worker.run(ThreadPoolExecutor.java:635)\n\tat java.base/java.lang.Thread.run(Thread.java:833)\n"}
{"timestamp":"2025-08-01T06:46:46,700","container":"71351656b7be","level":"INFO","thread":"EthScheduler-Workers-0","class":"PersistBlockTask","message":"Block 796 (0x4e2c9c3d56d07de8cd621365e53fc13396163583113c0415679537ba591d8f8e) is already imported","throwable":""}
{"timestamp":"2025-08-01T06:46:46,701","container":"71351656b7be","level":"INFO","thread":"EthScheduler-Workers-0","class":"BlockPropagationManager","message":"Imported 1 pending blocks: [796]","throwable":""}
{"timestamp":"2025-08-01T06:46:47,328","container":"71351656b7be","level":"INFO","thread":"EthScheduler-Workers-0","class":"TimestampBoundedByFutureParameter","message":"Invalid block header: timestamp 1754030809 is greater than the timestamp margin 1754030808","throwable":""}
{"timestamp":"2025-08-01T06:46:47,329","container":"71351656b7be","level":"WARN","thread":"EthScheduler-Workers-0","class":"BlockPropagationManager","message":"Added to bad block manager for invalid header, failed to import announced block 797 (0x52d362c1331c7e58960eab78d4710e6645a99586ef9f5c2d68dd0019a9e508e4)","throwable":""}
{"timestamp":"2025-08-01T06:47:06,893","container":"71351656b7be","level":"INFO","thread":"nioEventLoopGroup-3-6","class":"BlockPropagationManager","message":"Saved announced block for future import 798 (0xb25f170bd9eeb933159b50b0a2e224e5aa214fc7ccd246f666d274bec64138b8) - 1 saved block(s)","throwable":""}
{"timestamp":"2025-08-01T06:47:06,901","container":"71351656b7be","level":"INFO","thread":"nioEventLoopGroup-3-6","class":"BlockPropagationManager","message":"Retrieving parent 0x52d362c1331c7e58960eab78d4710e6645a99586ef9f5c2d68dd0019a9e508e4 of block 798 (0xb25f170bd9eeb933159b50b0a2e224e5aa214fc7ccd246f666d274bec64138b8)","throwable":""}
{"timestamp":"2025-08-01T06:47:06,934","container":"71351656b7be","level":"INFO","thread":"EthScheduler-Workers-0","class":"PersistBlockTask","message":"Imported #797 / 0 tx / 0 om / 0 (0.0%) gas / (0x52d362c1331c7e58960eab78d4710e6645a99586ef9f5c2d68dd0019a9e508e4) in 0.002s. Peers: 3","throwable":""}
{"timestamp":"2025-08-01T06:47:06,938","container":"71351656b7be","level":"INFO","thread":"EthScheduler-Workers-0","class":"TimestampBoundedByFutureParameter","message":"Invalid block header: timestamp 1754030828 is greater than the timestamp margin 1754030827","throwable":""}
{"timestamp":"2025-08-01T06:47:06,939","container":"71351656b7be","level":"INFO","thread":"EthScheduler-Workers-0","class":"MainnetBlockValidator","message":"Invalid block 798 (0xb25f170bd9eeb933159b50b0a2e224e5aa214fc7ccd246f666d274bec64138b8): Optional[header validation rule violated, see logs]","throwable":""}
{"timestamp":"2025-08-01T06:47:06,939","container":"71351656b7be","level":"ERROR","thread":"EthScheduler-Workers-0","class":"BlockPropagationManager","message":"Error importing pending blocks","throwable":" org.hyperledger.besu.ethereum.eth.sync.tasks.exceptions.InvalidBlockException: Failed to import block: Invalid block at #798 (0xb25f170bd9eeb933159b50b0a2e224e5aa214fc7ccd246f666d274bec64138b8)\n\tat org.hyperledger.besu.ethereum.eth.sync.tasks.PersistBlockTask.executeTask(PersistBlockTask.java:207)\n\tat org.hyperledger.besu.ethereum.eth.manager.task.AbstractEthTask.executeTaskTimed(AbstractEthTask.java:150)\n\tat org.hyperledger.besu.ethereum.eth.manager.task.AbstractEthTask.run(AbstractEthTask.java:75)\n\tat org.hyperledger.besu.ethereum.eth.sync.tasks.PersistBlockTask.lambda$forUnorderedBlocks$8(PersistBlockTask.java:164)\n\tat org.hyperledger.besu.util.FutureUtils.propagateResult(FutureUtils.java:98)\n\tat org.hyperledger.besu.ethereum.eth.manager.EthScheduler.lambda$scheduleSyncWorkerTask$0(EthScheduler.java:110)\n\tat java.base/java.util.concurrent.Executors$RunnableAdapter.call(Executors.java:539)\n\tat java.base/java.util.concurrent.FutureTask.run(FutureTask.java:264)\n\tat java.base/java.util.concurrent.ThreadPoolExecutor.runWorker(ThreadPoolExecutor.java:1136)\n\tat java.base/java.util.concurrent.ThreadPoolExecutor$Worker.run(ThreadPoolExecutor.java:635)\n\tat java.base/java.lang.Thread.run(Thread.java:833)\n"}
{"timestamp":"2025-08-01T06:47:16,912","container":"71351656b7be","level":"INFO","thread":"nioEventLoopGroup-3-6","class":"BlockPropagationManager","message":"Saved announced block for future import 799 (0xe69b670074db0d1ce5f731ebb4fc0bfd5ba6991b6660f590050f41a5741d2562) - 2 saved block(s)","throwable":""}
{"timestamp":"2025-08-01T06:47:16,921","container":"71351656b7be","level":"INFO","thread":"EthScheduler-Workers-0","class":"MainnetBlockValidator","message":"Invalid block 799 (0xe69b670074db0d1ce5f731ebb4fc0bfd5ba6991b6660f590050f41a5741d2562): Optional[Parent block with hash 0xb25f170bd9eeb933159b50b0a2e224e5aa214fc7ccd246f666d274bec64138b8 not present]","throwable":""}
{"timestamp":"2025-08-01T06:47:16,923","container":"71351656b7be","level":"ERROR","thread":"nioEventLoopGroup-3-6","class":"BlockPropagationManager","message":"Error importing pending blocks","throwable":" org.hyperledger.besu.ethereum.eth.sync.tasks.exceptions.InvalidBlockException: Failed to import block: Invalid block at #799 (0xe69b670074db0d1ce5f731ebb4fc0bfd5ba6991b6660f590050f41a5741d2562)\n\tat org.hyperledger.besu.ethereum.eth.sync.tasks.PersistBlockTask.executeTask(PersistBlockTask.java:207)\n\tat org.hyperledger.besu.ethereum.eth.manager.task.AbstractEthTask.executeTaskTimed(AbstractEthTask.java:150)\n\tat org.hyperledger.besu.ethereum.eth.manager.task.AbstractEthTask.run(AbstractEthTask.java:75)\n\tat org.hyperledger.besu.ethereum.eth.sync.tasks.PersistBlockTask.lambda$forUnorderedBlocks$8(PersistBlockTask.java:164)\n\tat org.hyperledger.besu.util.FutureUtils.propagateResult(FutureUtils.java:98)\n\tat org.hyperledger.besu.ethereum.eth.manager.EthScheduler.lambda$scheduleSyncWorkerTask$0(EthScheduler.java:110)\n\tat java.base/java.util.concurrent.Executors$RunnableAdapter.call(Executors.java:539)\n\tat java.base/java.util.concurrent.FutureTask.run(FutureTask.java:264)\n\tat java.base/java.util.concurrent.ThreadPoolExecutor.runWorker(ThreadPoolExecutor.java:1136)\n\tat java.base/java.util.concurrent.ThreadPoolExecutor$Worker.run(ThreadPoolExecutor.java:635)\n\tat java.base/java.lang.Thread.run(Thread.java:833)\n"}
{"timestamp":"2025-08-01T06:47:21,786","container":"71351656b7be","level":"INFO","thread":"EthScheduler-Workers-0","class":"PersistBlockTask","message":"Imported #799 / 0 tx / 0 om / 0 (0.0%) gas / (0xe69b670074db0d1ce5f731ebb4fc0bfd5ba6991b6660f590050f41a5741d2562) in 0.004s. Peers: 3","throwable":""}
{"timestamp":"2025-08-01T06:47:21,786","container":"71351656b7be","level":"INFO","thread":"EthScheduler-Workers-0","class":"BlockPropagationManager","message":"Imported 1 pending blocks: [799]","throwable":""}
{"timestamp":"2025-08-01T06:47:22,336","container":"71351656b7be","level":"INFO","thread":"EthScheduler-Workers-0","class":"TimestampBoundedByFutureParameter","message":"Invalid block header: timestamp 1754030844 is greater than the timestamp margin 1754030843","throwable":""}
{"timestamp":"2025-08-01T06:47:22,344","container":"71351656b7be","level":"WARN","thread":"EthScheduler-Workers-0","class":"BlockPropagationManager","message":"Added to bad block manager for invalid header, failed to import announced block 800 (0x57d0708ae8eb3e1c214dc17623383b20f582ef8c00bbd7c8a30943d84a6c5298)","throwable":""}
{"timestamp":"2025-08-01T06:47:22,345","container":"71351656b7be","level":"INFO","thread":"EthScheduler-Workers-0","class":"TimestampBoundedByFutureParameter","message":"Invalid block header: timestamp 1754030844 is greater than the timestamp margin 1754030843","throwable":""}
{"timestamp":"2025-08-01T06:47:22,346","container":"71351656b7be","level":"WARN","thread":"EthScheduler-Workers-0","class":"BlockPropagationManager","message":"Added to bad block manager for invalid header, failed to import announced block 800 (0x57d0708ae8eb3e1c214dc17623383b20f582ef8c00bbd7c8a30943d84a6c5298)","throwable":""}
{"timestamp":"2025-08-01T06:47:42,004","container":"71351656b7be","level":"INFO","thread":"nioEventLoopGroup-3-1","class":"BlockPropagationManager","message":"Saved announced block for future import 801 (0x56e26da5913202c9e7a13facd4ea347d2814b77969680a17ffa074e224fbf099) - 1 saved block(s)","throwable":""}
{"timestamp":"2025-08-01T06:47:42,004","container":"71351656b7be","level":"INFO","thread":"nioEventLoopGroup-3-1","class":"BlockPropagationManager","message":"Retrieving parent 0x57d0708ae8eb3e1c214dc17623383b20f582ef8c00bbd7c8a30943d84a6c5298 of block 801 (0x56e26da5913202c9e7a13facd4ea347d2814b77969680a17ffa074e224fbf099)","throwable":""}
{"timestamp":"2025-08-01T06:47:42,031","container":"71351656b7be","level":"INFO","thread":"EthScheduler-Workers-0","class":"PersistBlockTask","message":"Imported #800 / 0 tx / 0 om / 0 (0.0%) gas / (0x57d0708ae8eb3e1c214dc17623383b20f582ef8c00bbd7c8a30943d84a6c5298) in 0.002s. Peers: 3","throwable":""}
{"timestamp":"2025-08-01T06:47:42,036","container":"71351656b7be","level":"INFO","thread":"EthScheduler-Workers-0","class":"PersistBlockTask","message":"Imported #801 / 0 tx / 0 om / 0 (0.0%) gas / (0x56e26da5913202c9e7a13facd4ea347d2814b77969680a17ffa074e224fbf099) in 0.003s. Peers: 3","throwable":""}
{"timestamp":"2025-08-01T06:47:42,037","container":"71351656b7be","level":"INFO","thread":"EthScheduler-Workers-0","class":"BlockPropagationManager","message":"Imported 1 pending blocks: [801]","throwable":""}
{"timestamp":"2025-08-01T06:47:49,321","container":"71351656b7be","level":"INFO","thread":"EthScheduler-Workers-0","class":"TimestampBoundedByFutureParameter","message":"Invalid block header: timestamp 1754030871 is greater than the timestamp margin 1754030870","throwable":""}
{"timestamp":"2025-08-01T06:47:49,322","container":"71351656b7be","level":"WARN","thread":"EthScheduler-Workers-0","class":"BlockPropagationManager","message":"Added to bad block manager for invalid header, failed to import announced block 802 (0x7aa9e7ebfbc46a6048cb49b2c17721f8f34f9f326055e0d2901b3bdc5abd47ac)","throwable":""}
{"timestamp":"2025-08-01T06:47:59,025","container":"71351656b7be","level":"INFO","thread":"nioEventLoopGroup-3-6","class":"BlockPropagationManager","message":"Saved announced block for future import 803 (0x1f1e5a755a9e9db6bf383d0276a8156b8c45dd85b0531f4c246889d87e3eddeb) - 1 saved block(s)","throwable":""}
{"timestamp":"2025-08-01T06:47:59,025","container":"71351656b7be","level":"INFO","thread":"nioEventLoopGroup-3-6","class":"BlockPropagationManager","message":"Retrieving parent 0x7aa9e7ebfbc46a6048cb49b2c17721f8f34f9f326055e0d2901b3bdc5abd47ac of block 803 (0x1f1e5a755a9e9db6bf383d0276a8156b8c45dd85b0531f4c246889d87e3eddeb)","throwable":""}
{"timestamp":"2025-08-01T06:47:59,036","container":"71351656b7be","level":"INFO","thread":"EthScheduler-Workers-0","class":"PersistBlockTask","message":"Imported #802 / 0 tx / 0 om / 0 (0.0%) gas / (0x7aa9e7ebfbc46a6048cb49b2c17721f8f34f9f326055e0d2901b3bdc5abd47ac) in 0.002s. Peers: 3","throwable":""}
{"timestamp":"2025-08-01T06:47:59,047","container":"71351656b7be","level":"INFO","thread":"EthScheduler-Workers-0","class":"PersistBlockTask","message":"Imported #803 / 0 tx / 0 om / 0 (0.0%) gas / (0x1f1e5a755a9e9db6bf383d0276a8156b8c45dd85b0531f4c246889d87e3eddeb) in 0.008s. Peers: 3","throwable":""}
{"timestamp":"2025-08-01T06:47:59,048","container":"71351656b7be","level":"INFO","thread":"EthScheduler-Workers-0","class":"BlockPropagationManager","message":"Imported 1 pending blocks: [803]","throwable":""}
{"timestamp":"2025-08-01T06:48:07,044","container":"71351656b7be","level":"INFO","thread":"EthScheduler-Workers-0","class":"PersistBlockTask","message":"Imported #804 / 0 tx / 0 om / 0 (0.0%) gas / (0xcb31e85e845a46cd930166e65f2e0aa1ef58563f7e7f098371ac3841102401cb) in 0.002s. Peers: 3","throwable":""}
{"timestamp":"2025-08-01T06:48:13,345","container":"71351656b7be","level":"INFO","thread":"EthScheduler-Workers-0","class":"TimestampBoundedByFutureParameter","message":"Invalid block header: timestamp 1754030895 is greater than the timestamp margin 1754030894","throwable":""}
{"timestamp":"2025-08-01T06:48:13,348","container":"71351656b7be","level":"WARN","thread":"EthScheduler-Workers-0","class":"BlockPropagationManager","message":"Added to bad block manager for invalid header, failed to import announced block 805 (0x59ecc5eed40067e750ee8d813559742fc567b12eefa0c8fd0b0da74b0cb81722)","throwable":""}
{"timestamp":"2025-08-01T06:48:13,349","container":"71351656b7be","level":"INFO","thread":"EthScheduler-Workers-0","class":"TimestampBoundedByFutureParameter","message":"Invalid block header: timestamp 1754030895 is greater than the timestamp margin 1754030894","throwable":""}
{"timestamp":"2025-08-01T06:48:13,349","container":"71351656b7be","level":"WARN","thread":"EthScheduler-Workers-0","class":"BlockPropagationManager","message":"Added to bad block manager for invalid header, failed to import announced block 805 (0x59ecc5eed40067e750ee8d813559742fc567b12eefa0c8fd0b0da74b0cb81722)","throwable":""}
{"timestamp":"2025-08-01T06:48:24,096","container":"71351656b7be","level":"INFO","thread":"nioEventLoopGroup-3-7","class":"BlockPropagationManager","message":"Saved announced block for future import 806 (0x94d832201262f013edf374c0439b7f0caaeaaad9cf9a434090757f603d24f246) - 1 saved block(s)","throwable":""}
{"timestamp":"2025-08-01T06:48:24,097","container":"71351656b7be","level":"INFO","thread":"nioEventLoopGroup-3-7","class":"BlockPropagationManager","message":"Retrieving parent 0x59ecc5eed40067e750ee8d813559742fc567b12eefa0c8fd0b0da74b0cb81722 of block 806 (0x94d832201262f013edf374c0439b7f0caaeaaad9cf9a434090757f603d24f246)","throwable":""}
{"timestamp":"2025-08-01T06:48:24,124","container":"71351656b7be","level":"INFO","thread":"EthScheduler-Workers-0","class":"PersistBlockTask","message":"Imported #805 / 0 tx / 0 om / 0 (0.0%) gas / (0x59ecc5eed40067e750ee8d813559742fc567b12eefa0c8fd0b0da74b0cb81722) in 0.008s. Peers: 3","throwable":""}
{"timestamp":"2025-08-01T06:48:24,132","container":"71351656b7be","level":"INFO","thread":"EthScheduler-Workers-0","class":"PersistBlockTask","message":"Imported #806 / 0 tx / 0 om / 0 (0.0%) gas / (0x94d832201262f013edf374c0439b7f0caaeaaad9cf9a434090757f603d24f246) in 0.005s. Peers: 3","throwable":""}
{"timestamp":"2025-08-01T06:48:24,132","container":"71351656b7be","level":"INFO","thread":"EthScheduler-Workers-0","class":"BlockPropagationManager","message":"Imported 1 pending blocks: [806]","throwable":""}
{"timestamp":"2025-08-01T06:48:29,356","container":"71351656b7be","level":"INFO","thread":"EthScheduler-Workers-0","class":"TimestampBoundedByFutureParameter","message":"Invalid block header: timestamp 1754030911 is greater than the timestamp margin 1754030910","throwable":""}
{"timestamp":"2025-08-01T06:48:29,357","container":"71351656b7be","level":"WARN","thread":"EthScheduler-Workers-0","class":"BlockPropagationManager","message":"Added to bad block manager for invalid header, failed to import announced block 807 (0x826cfe8775de51f817da63dd8e9141632479aa855a62ef8858960c44fc375e87)","throwable":""}
{"timestamp":"2025-08-01T06:48:29,362","container":"71351656b7be","level":"INFO","thread":"EthScheduler-Workers-0","class":"TimestampBoundedByFutureParameter","message":"Invalid block header: timestamp 1754030911 is greater than the timestamp margin 1754030910","throwable":""}
{"timestamp":"2025-08-01T06:48:29,364","container":"71351656b7be","level":"WARN","thread":"EthScheduler-Workers-0","class":"BlockPropagationManager","message":"Added to bad block manager for invalid header, failed to import announced block 807 (0x826cfe8775de51f817da63dd8e9141632479aa855a62ef8858960c44fc375e87)","throwable":""}
{"timestamp":"2025-08-01T06:48:29,370","container":"71351656b7be","level":"INFO","thread":"EthScheduler-Workers-0","class":"TimestampBoundedByFutureParameter","message":"Invalid block header: timestamp 1754030911 is greater than the timestamp margin 1754030910","throwable":""}
{"timestamp":"2025-08-01T06:48:29,375","container":"71351656b7be","level":"WARN","thread":"EthScheduler-Workers-0","class":"BlockPropagationManager","message":"Added to bad block manager for invalid header, failed to import announced block 807 (0x826cfe8775de51f817da63dd8e9141632479aa855a62ef8858960c44fc375e87)","throwable":""}
{"timestamp":"2025-08-01T06:48:49,161","container":"71351656b7be","level":"INFO","thread":"nioEventLoopGroup-3-1","class":"BlockPropagationManager","message":"Saved announced block for future import 808 (0x5396af28890a34ac6f2bb15dcf2f771c67191895d4831a67df151bf697f6373c) - 1 saved block(s)","throwable":""}
{"timestamp":"2025-08-01T06:48:49,161","container":"71351656b7be","level":"INFO","thread":"nioEventLoopGroup-3-1","class":"BlockPropagationManager","message":"Retrieving parent 0x826cfe8775de51f817da63dd8e9141632479aa855a62ef8858960c44fc375e87 of block 808 (0x5396af28890a34ac6f2bb15dcf2f771c67191895d4831a67df151bf697f6373c)","throwable":""}
{"timestamp":"2025-08-01T06:48:49,198","container":"71351656b7be","level":"INFO","thread":"EthScheduler-Workers-0","class":"PersistBlockTask","message":"Imported #807 / 0 tx / 0 om / 0 (0.0%) gas / (0x826cfe8775de51f817da63dd8e9141632479aa855a62ef8858960c44fc375e87) in 0.004s. Peers: 3","throwable":""}
{"timestamp":"2025-08-01T06:48:49,209","container":"71351656b7be","level":"INFO","thread":"EthScheduler-Workers-0","class":"PersistBlockTask","message":"Imported #808 / 0 tx / 0 om / 0 (0.0%) gas / (0x5396af28890a34ac6f2bb15dcf2f771c67191895d4831a67df151bf697f6373c) in 0.007s. Peers: 3","throwable":""}
{"timestamp":"2025-08-01T06:48:49,209","container":"71351656b7be","level":"INFO","thread":"EthScheduler-Workers-0","class":"BlockPropagationManager","message":"Imported 1 pending blocks: [808]","throwable":""}
{"timestamp":"2025-08-01T06:48:56,378","container":"71351656b7be","level":"INFO","thread":"EthScheduler-Workers-0","class":"TimestampBoundedByFutureParameter","message":"Invalid block header: timestamp 1754030938 is greater than the timestamp margin 1754030937","throwable":""}
{"timestamp":"2025-08-01T06:48:56,379","container":"71351656b7be","level":"WARN","thread":"EthScheduler-Workers-0","class":"BlockPropagationManager","message":"Added to bad block manager for invalid header, failed to import announced block 809 (0xa015a79cebea617ecfc2963b550768765f0a468d7591349f32cd5a6f0e4eb31c)","throwable":""}
{"timestamp":"2025-08-01T06:48:56,380","container":"71351656b7be","level":"INFO","thread":"EthScheduler-Workers-0","class":"TimestampBoundedByFutureParameter","message":"Invalid block header: timestamp 1754030938 is greater than the timestamp margin 1754030937","throwable":""}
{"timestamp":"2025-08-01T06:48:56,381","container":"71351656b7be","level":"WARN","thread":"EthScheduler-Workers-0","class":"BlockPropagationManager","message":"Added to bad block manager for invalid header, failed to import announced block 809 (0xa015a79cebea617ecfc2963b550768765f0a468d7591349f32cd5a6f0e4eb31c)","throwable":""}
{"timestamp":"2025-08-01T06:49:09,168","container":"71351656b7be","level":"INFO","thread":"nioEventLoopGroup-3-7","class":"BlockPropagationManager","message":"Saved announced block for future import 810 (0xbbfee3b8ebd0dab179588d01b9701d60bb3e2e5bf0dd83fc57a0b67c25c23a93) - 1 saved block(s)","throwable":""}
{"timestamp":"2025-08-01T06:49:09,169","container":"71351656b7be","level":"INFO","thread":"nioEventLoopGroup-3-7","class":"BlockPropagationManager","message":"Retrieving parent 0xa015a79cebea617ecfc2963b550768765f0a468d7591349f32cd5a6f0e4eb31c of block 810 (0xbbfee3b8ebd0dab179588d01b9701d60bb3e2e5bf0dd83fc57a0b67c25c23a93)","throwable":""}
{"timestamp":"2025-08-01T06:49:09,189","container":"71351656b7be","level":"INFO","thread":"EthScheduler-Workers-0","class":"PersistBlockTask","message":"Imported #809 / 0 tx / 0 om / 0 (0.0%) gas / (0xa015a79cebea617ecfc2963b550768765f0a468d7591349f32cd5a6f0e4eb31c) in 0.008s. Peers: 3","throwable":""}
{"timestamp":"2025-08-01T06:49:09,196","container":"71351656b7be","level":"INFO","thread":"EthScheduler-Workers-0","class":"PersistBlockTask","message":"Imported #810 / 0 tx / 0 om / 0 (0.0%) gas / (0xbbfee3b8ebd0dab179588d01b9701d60bb3e2e5bf0dd83fc57a0b67c25c23a93) in 0.006s. Peers: 3","throwable":""}
{"timestamp":"2025-08-01T06:49:09,196","container":"71351656b7be","level":"INFO","thread":"EthScheduler-Workers-0","class":"BlockPropagationManager","message":"Imported 1 pending blocks: [810]","throwable":""}
{"timestamp":"2025-08-01T06:49:14,080","container":"71351656b7be","level":"INFO","thread":"EthScheduler-Workers-0","class":"PersistBlockTask","message":"Imported #811 / 0 tx / 0 om / 0 (0.0%) gas / (0x5857dd19af72b5fce3c52ab65fabb3421e7776250ad8b34bcaec3c8f66265c9f) in 0.003s. Peers: 3","throwable":""}
{"timestamp":"2025-08-01T06:49:20,393","container":"71351656b7be","level":"INFO","thread":"EthScheduler-Workers-0","class":"TimestampBoundedByFutureParameter","message":"Invalid block header: timestamp 1754030962 is greater than the timestamp margin 1754030961","throwable":""}
{"timestamp":"2025-08-01T06:49:20,393","container":"71351656b7be","level":"WARN","thread":"EthScheduler-Workers-0","class":"BlockPropagationManager","message":"Added to bad block manager for invalid header, failed to import announced block 812 (0xdef598c287d6a2984057f9c67c7d1be911d3cf866f8d2d72fbd937f695ca559d)","throwable":""}
{"timestamp":"2025-08-01T06:49:20,401","container":"71351656b7be","level":"INFO","thread":"EthScheduler-Workers-0","class":"TimestampBoundedByFutureParameter","message":"Invalid block header: timestamp 1754030962 is greater than the timestamp margin 1754030961","throwable":""}
{"timestamp":"2025-08-01T06:49:20,402","container":"71351656b7be","level":"WARN","thread":"EthScheduler-Workers-0","class":"BlockPropagationManager","message":"Added to bad block manager for invalid header, failed to import announced block 812 (0xdef598c287d6a2984057f9c67c7d1be911d3cf866f8d2d72fbd937f695ca559d)","throwable":""}
{"timestamp":"2025-08-01T06:49:29,224","container":"71351656b7be","level":"INFO","thread":"nioEventLoopGroup-3-1","class":"BlockPropagationManager","message":"Saved announced block for future import 813 (0x39e1a0b68eebdfeefd91dd9cf753fc0023657c2688cc818aac53d05a33ab6bf9) - 1 saved block(s)","throwable":""}
{"timestamp":"2025-08-01T06:49:29,224","container":"71351656b7be","level":"INFO","thread":"nioEventLoopGroup-3-1","class":"BlockPropagationManager","message":"Retrieving parent 0xdef598c287d6a2984057f9c67c7d1be911d3cf866f8d2d72fbd937f695ca559d of block 813 (0x39e1a0b68eebdfeefd91dd9cf753fc0023657c2688cc818aac53d05a33ab6bf9)","throwable":""}
{"timestamp":"2025-08-01T06:49:29,239","container":"71351656b7be","level":"INFO","thread":"EthScheduler-Workers-0","class":"PersistBlockTask","message":"Imported #812 / 0 tx / 0 om / 0 (0.0%) gas / (0xdef598c287d6a2984057f9c67c7d1be911d3cf866f8d2d72fbd937f695ca559d) in 0.002s. Peers: 3","throwable":""}
{"timestamp":"2025-08-01T06:49:29,252","container":"71351656b7be","level":"INFO","thread":"EthScheduler-Workers-0","class":"PersistBlockTask","message":"Imported #813 / 0 tx / 0 om / 0 (0.0%) gas / (0x39e1a0b68eebdfeefd91dd9cf753fc0023657c2688cc818aac53d05a33ab6bf9) in 0.009s. Peers: 3","throwable":""}
{"timestamp":"2025-08-01T06:49:29,257","container":"71351656b7be","level":"INFO","thread":"EthScheduler-Workers-0","class":"BlockPropagationManager","message":"Imported 1 pending blocks: [813]","throwable":""}
{"timestamp":"2025-08-01T06:49:36,375","container":"71351656b7be","level":"INFO","thread":"EthScheduler-Workers-0","class":"TimestampBoundedByFutureParameter","message":"Invalid block header: timestamp 1754030978 is greater than the timestamp margin 1754030977","throwable":""}
{"timestamp":"2025-08-01T06:49:36,375","container":"71351656b7be","level":"WARN","thread":"EthScheduler-Workers-0","class":"BlockPropagationManager","message":"Added to bad block manager for invalid header, failed to import announced block 814 (0x336b01c36b0d61a2b3626fb0dbefa89a1bd51d7c96065268b124152ee9585b4d)","throwable":""}
{"timestamp":"2025-08-01T06:49:36,385","container":"71351656b7be","level":"INFO","thread":"EthScheduler-Workers-0","class":"TimestampBoundedByFutureParameter","message":"Invalid block header: timestamp 1754030978 is greater than the timestamp margin 1754030977","throwable":""}
{"timestamp":"2025-08-01T06:49:36,385","container":"71351656b7be","level":"WARN","thread":"EthScheduler-Workers-0","class":"BlockPropagationManager","message":"Added to bad block manager for invalid header, failed to import announced block 814 (0x336b01c36b0d61a2b3626fb0dbefa89a1bd51d7c96065268b124152ee9585b4d)","throwable":""}
{"timestamp":"2025-08-01T06:49:59,321","container":"71351656b7be","level":"INFO","thread":"nioEventLoopGroup-3-6","class":"BlockPropagationManager","message":"Saved announced block for future import 815 (0xd21519358d9c8f36cc131c4de7d47f644eaa84b6184c0f3f2b65e6b54aec8828) - 1 saved block(s)","throwable":""}
{"timestamp":"2025-08-01T06:49:59,325","container":"71351656b7be","level":"INFO","thread":"nioEventLoopGroup-3-6","class":"BlockPropagationManager","message":"Retrieving parent 0x336b01c36b0d61a2b3626fb0dbefa89a1bd51d7c96065268b124152ee9585b4d of block 815 (0xd21519358d9c8f36cc131c4de7d47f644eaa84b6184c0f3f2b65e6b54aec8828)","throwable":""}
{"timestamp":"2025-08-01T06:49:59,339","container":"71351656b7be","level":"INFO","thread":"EthScheduler-Workers-0","class":"PersistBlockTask","message":"Imported #814 / 0 tx / 0 om / 0 (0.0%) gas / (0x336b01c36b0d61a2b3626fb0dbefa89a1bd51d7c96065268b124152ee9585b4d) in 0.002s. Peers: 3","throwable":""}
{"timestamp":"2025-08-01T06:49:59,344","container":"71351656b7be","level":"INFO","thread":"EthScheduler-Workers-0","class":"PersistBlockTask","message":"Imported #815 / 0 tx / 0 om / 0 (0.0%) gas / (0xd21519358d9c8f36cc131c4de7d47f644eaa84b6184c0f3f2b65e6b54aec8828) in 0.004s. Peers: 3","throwable":""}
{"timestamp":"2025-08-01T06:49:59,345","container":"71351656b7be","level":"INFO","thread":"EthScheduler-Workers-0","class":"BlockPropagationManager","message":"Imported 1 pending blocks: [815]","throwable":""}
{"timestamp":"2025-08-01T06:50:06,385","container":"71351656b7be","level":"INFO","thread":"EthScheduler-Workers-0","class":"TimestampBoundedByFutureParameter","message":"Invalid block header: timestamp 1754031008 is greater than the timestamp margin 1754031007","throwable":""}
{"timestamp":"2025-08-01T06:50:06,385","container":"71351656b7be","level":"WARN","thread":"EthScheduler-Workers-0","class":"BlockPropagationManager","message":"Added to bad block manager for invalid header, failed to import announced block 816 (0xf5325745a7cac75d9e1c1fd08d420f52839b5bce680c9ec51d018f3b8eb517e5)","throwable":""}
{"timestamp":"2025-08-01T06:50:06,386","container":"71351656b7be","level":"INFO","thread":"EthScheduler-Workers-0","class":"TimestampBoundedByFutureParameter","message":"Invalid block header: timestamp 1754031008 is greater than the timestamp margin 1754031007","throwable":""}
{"timestamp":"2025-08-01T06:50:06,387","container":"71351656b7be","level":"WARN","thread":"EthScheduler-Workers-0","class":"BlockPropagationManager","message":"Added to bad block manager for invalid header, failed to import announced block 816 (0xf5325745a7cac75d9e1c1fd08d420f52839b5bce680c9ec51d018f3b8eb517e5)","throwable":""}
{"timestamp":"2025-08-01T06:50:19,317","container":"71351656b7be","level":"INFO","thread":"nioEventLoopGroup-3-7","class":"BlockPropagationManager","message":"Saved announced block for future import 817 (0x7a3b83c496319d0afc72db23cdd6eb695125aeb8db4dc576c04c4845d95f36b9) - 1 saved block(s)","throwable":""}
{"timestamp":"2025-08-01T06:50:19,323","container":"71351656b7be","level":"INFO","thread":"nioEventLoopGroup-3-7","class":"BlockPropagationManager","message":"Retrieving parent 0xf5325745a7cac75d9e1c1fd08d420f52839b5bce680c9ec51d018f3b8eb517e5 of block 817 (0x7a3b83c496319d0afc72db23cdd6eb695125aeb8db4dc576c04c4845d95f36b9)","throwable":""}
{"timestamp":"2025-08-01T06:50:19,346","container":"71351656b7be","level":"INFO","thread":"EthScheduler-Workers-0","class":"PersistBlockTask","message":"Imported #816 / 0 tx / 0 om / 0 (0.0%) gas / (0xf5325745a7cac75d9e1c1fd08d420f52839b5bce680c9ec51d018f3b8eb517e5) in 0.003s. Peers: 3","throwable":""}
{"timestamp":"2025-08-01T06:50:19,358","container":"71351656b7be","level":"INFO","thread":"EthScheduler-Workers-0","class":"PersistBlockTask","message":"Imported #817 / 0 tx / 0 om / 0 (0.0%) gas / (0x7a3b83c496319d0afc72db23cdd6eb695125aeb8db4dc576c04c4845d95f36b9) in 0.008s. Peers: 3","throwable":""}
{"timestamp":"2025-08-01T06:50:19,359","container":"71351656b7be","level":"INFO","thread":"EthScheduler-Workers-0","class":"BlockPropagationManager","message":"Imported 1 pending blocks: [817]","throwable":""}
{"timestamp":"2025-08-01T06:50:24,051","container":"71351656b7be","level":"INFO","thread":"EthScheduler-Workers-0","class":"PersistBlockTask","message":"Imported #818 / 0 tx / 0 om / 0 (0.0%) gas / (0x0c2e86b96c764d2747c335afd284d20884bb3abbb02b40dbfb3bcdee7de9f970) in 0.003s. Peers: 3","throwable":""}
{"timestamp":"2025-08-01T06:50:30,407","container":"71351656b7be","level":"INFO","thread":"EthScheduler-Workers-0","class":"TimestampBoundedByFutureParameter","message":"Invalid block header: timestamp 1754031032 is greater than the timestamp margin 1754031031","throwable":""}
{"timestamp":"2025-08-01T06:50:30,407","container":"71351656b7be","level":"WARN","thread":"EthScheduler-Workers-0","class":"BlockPropagationManager","message":"Added to bad block manager for invalid header, failed to import announced block 819 (0x6b00757f9834ceb572e4a457ec519308b854af874b528ee129c5798b5062b124)","throwable":""}
{"timestamp":"2025-08-01T06:50:30,414","container":"71351656b7be","level":"INFO","thread":"EthScheduler-Workers-0","class":"TimestampBoundedByFutureParameter","message":"Invalid block header: timestamp 1754031032 is greater than the timestamp margin 1754031031","throwable":""}
{"timestamp":"2025-08-01T06:50:30,415","container":"71351656b7be","level":"WARN","thread":"EthScheduler-Workers-0","class":"BlockPropagationManager","message":"Added to bad block manager for invalid header, failed to import announced block 819 (0x6b00757f9834ceb572e4a457ec519308b854af874b528ee129c5798b5062b124)","throwable":""}
{"timestamp":"2025-08-01T06:50:39,371","container":"71351656b7be","level":"INFO","thread":"nioEventLoopGroup-3-1","class":"BlockPropagationManager","message":"Saved announced block for future import 820 (0x0cf3d417cd97f78c33d2131d3ff0ce28a9bc0fe04f720d242f59c6ab17dce210) - 1 saved block(s)","throwable":""}
{"timestamp":"2025-08-01T06:50:39,371","container":"71351656b7be","level":"INFO","thread":"nioEventLoopGroup-3-1","class":"BlockPropagationManager","message":"Retrieving parent 0x6b00757f9834ceb572e4a457ec519308b854af874b528ee129c5798b5062b124 of block 820 (0x0cf3d417cd97f78c33d2131d3ff0ce28a9bc0fe04f720d242f59c6ab17dce210)","throwable":""}
{"timestamp":"2025-08-01T06:50:39,381","container":"71351656b7be","level":"INFO","thread":"EthScheduler-Workers-0","class":"PersistBlockTask","message":"Imported #819 / 0 tx / 0 om / 0 (0.0%) gas / (0x6b00757f9834ceb572e4a457ec519308b854af874b528ee129c5798b5062b124) in 0.001s. Peers: 3","throwable":""}
{"timestamp":"2025-08-01T06:50:39,389","container":"71351656b7be","level":"INFO","thread":"EthScheduler-Workers-0","class":"PersistBlockTask","message":"Imported #820 / 0 tx / 0 om / 0 (0.0%) gas / (0x0cf3d417cd97f78c33d2131d3ff0ce28a9bc0fe04f720d242f59c6ab17dce210) in 0.005s. Peers: 3","throwable":""}
{"timestamp":"2025-08-01T06:50:39,390","container":"71351656b7be","level":"INFO","thread":"EthScheduler-Workers-0","class":"BlockPropagationManager","message":"Imported 1 pending blocks: [820]","throwable":""}
{"timestamp":"2025-08-01T06:50:46,419","container":"71351656b7be","level":"INFO","thread":"EthScheduler-Workers-0","class":"TimestampBoundedByFutureParameter","message":"Invalid block header: timestamp 1754031048 is greater than the timestamp margin 1754031047","throwable":""}
{"timestamp":"2025-08-01T06:50:46,419","container":"71351656b7be","level":"WARN","thread":"EthScheduler-Workers-0","class":"BlockPropagationManager","message":"Added to bad block manager for invalid header, failed to import announced block 821 (0x320ab6432b2fd04e9f0da7ea77e8dc219936033556342c0d7afc7dd8bd5746f5)","throwable":""}
{"timestamp":"2025-08-01T06:50:46,423","container":"71351656b7be","level":"INFO","thread":"EthScheduler-Workers-0","class":"TimestampBoundedByFutureParameter","message":"Invalid block header: timestamp 1754031048 is greater than the timestamp margin 1754031047","throwable":""}
{"timestamp":"2025-08-01T06:50:46,429","container":"71351656b7be","level":"WARN","thread":"EthScheduler-Workers-0","class":"BlockPropagationManager","message":"Added to bad block manager for invalid header, failed to import announced block 821 (0x320ab6432b2fd04e9f0da7ea77e8dc219936033556342c0d7afc7dd8bd5746f5)","throwable":""}
{"timestamp":"2025-08-01T06:51:09,425","container":"71351656b7be","level":"INFO","thread":"nioEventLoopGroup-3-1","class":"BlockPropagationManager","message":"Saved announced block for future import 822 (0x4cbd17f52fce46b744ec012d4ed012153fbf2b1a86a600144611b4988778aa12) - 1 saved block(s)","throwable":""}
{"timestamp":"2025-08-01T06:51:09,426","container":"71351656b7be","level":"INFO","thread":"nioEventLoopGroup-3-1","class":"BlockPropagationManager","message":"Retrieving parent 0x320ab6432b2fd04e9f0da7ea77e8dc219936033556342c0d7afc7dd8bd5746f5 of block 822 (0x4cbd17f52fce46b744ec012d4ed012153fbf2b1a86a600144611b4988778aa12)","throwable":""}
{"timestamp":"2025-08-01T06:51:09,457","container":"71351656b7be","level":"INFO","thread":"EthScheduler-Workers-0","class":"PersistBlockTask","message":"Imported #821 / 0 tx / 0 om / 0 (0.0%) gas / (0x320ab6432b2fd04e9f0da7ea77e8dc219936033556342c0d7afc7dd8bd5746f5) in 0.004s. Peers: 3","throwable":""}
{"timestamp":"2025-08-01T06:51:09,485","container":"71351656b7be","level":"INFO","thread":"EthScheduler-Workers-0","class":"PersistBlockTask","message":"Imported #822 / 0 tx / 0 om / 0 (0.0%) gas / (0x4cbd17f52fce46b744ec012d4ed012153fbf2b1a86a600144611b4988778aa12) in 0.005s. Peers: 3","throwable":""}
{"timestamp":"2025-08-01T06:51:09,485","container":"71351656b7be","level":"INFO","thread":"EthScheduler-Workers-0","class":"BlockPropagationManager","message":"Imported 1 pending blocks: [822]","throwable":""}
{"timestamp":"2025-08-01T06:51:16,421","container":"71351656b7be","level":"INFO","thread":"EthScheduler-Workers-0","class":"TimestampBoundedByFutureParameter","message":"Invalid block header: timestamp 1754031078 is greater than the timestamp margin 1754031077","throwable":""}
{"timestamp":"2025-08-01T06:51:16,421","container":"71351656b7be","level":"WARN","thread":"EthScheduler-Workers-0","class":"BlockPropagationManager","message":"Added to bad block manager for invalid header, failed to import announced block 823 (0x02908ce71f3a66beb445ded83d3f806552a10b7ba4b6cc81612eac63aabcade9)","throwable":""}
{"timestamp":"2025-08-01T06:51:16,423","container":"71351656b7be","level":"INFO","thread":"EthScheduler-Workers-0","class":"TimestampBoundedByFutureParameter","message":"Invalid block header: timestamp 1754031078 is greater than the timestamp margin 1754031077","throwable":""}
{"timestamp":"2025-08-01T06:51:16,423","container":"71351656b7be","level":"WARN","thread":"EthScheduler-Workers-0","class":"BlockPropagationManager","message":"Added to bad block manager for invalid header, failed to import announced block 823 (0x02908ce71f3a66beb445ded83d3f806552a10b7ba4b6cc81612eac63aabcade9)","throwable":""}
{"timestamp":"2025-08-01T06:51:29,479","container":"71351656b7be","level":"INFO","thread":"nioEventLoopGroup-3-1","class":"BlockPropagationManager","message":"Saved announced block for future import 824 (0xa4f6c09325d87c2eef8e9b8c67fcbc5cd881879e9386f6aad1fe6af45821efbf) - 1 saved block(s)","throwable":""}
{"timestamp":"2025-08-01T06:51:29,480","container":"71351656b7be","level":"INFO","thread":"nioEventLoopGroup-3-1","class":"BlockPropagationManager","message":"Retrieving parent 0x02908ce71f3a66beb445ded83d3f806552a10b7ba4b6cc81612eac63aabcade9 of block 824 (0xa4f6c09325d87c2eef8e9b8c67fcbc5cd881879e9386f6aad1fe6af45821efbf)","throwable":""}
{"timestamp":"2025-08-01T06:51:29,508","container":"71351656b7be","level":"INFO","thread":"EthScheduler-Workers-0","class":"PersistBlockTask","message":"Imported #823 / 0 tx / 0 om / 0 (0.0%) gas / (0x02908ce71f3a66beb445ded83d3f806552a10b7ba4b6cc81612eac63aabcade9) in 0.014s. Peers: 3","throwable":""}
{"timestamp":"2025-08-01T06:51:29,547","container":"71351656b7be","level":"INFO","thread":"EthScheduler-Workers-0","class":"PersistBlockTask","message":"Imported #824 / 0 tx / 0 om / 0 (0.0%) gas / (0xa4f6c09325d87c2eef8e9b8c67fcbc5cd881879e9386f6aad1fe6af45821efbf) in 0.010s. Peers: 3","throwable":""}
{"timestamp":"2025-08-01T06:51:29,547","container":"71351656b7be","level":"INFO","thread":"EthScheduler-Workers-0","class":"BlockPropagationManager","message":"Imported 1 pending blocks: [824]","throwable":""}
{"timestamp":"2025-08-01T06:51:34,057","container":"71351656b7be","level":"INFO","thread":"EthScheduler-Workers-0","class":"PersistBlockTask","message":"Imported #825 / 0 tx / 0 om / 0 (0.0%) gas / (0x0414ff397b394a252909980356f01022fb48667a2e6036ee7db71f6d9fcd5ed8) in 0.003s. Peers: 3","throwable":""}
{"timestamp":"2025-08-01T06:51:40,454","container":"71351656b7be","level":"INFO","thread":"EthScheduler-Workers-0","class":"TimestampBoundedByFutureParameter","message":"Invalid block header: timestamp 1754031102 is greater than the timestamp margin 1754031101","throwable":""}
{"timestamp":"2025-08-01T06:51:40,454","container":"71351656b7be","level":"WARN","thread":"EthScheduler-Workers-0","class":"BlockPropagationManager","message":"Added to bad block manager for invalid header, failed to import announced block 826 (0x7d3a1c51f671cb4a9d39936e7a7985e033f76627a5e9a082f55e8ace88e3332d)","throwable":""}
{"timestamp":"2025-08-01T06:51:40,462","container":"71351656b7be","level":"INFO","thread":"EthScheduler-Workers-0","class":"TimestampBoundedByFutureParameter","message":"Invalid block header: timestamp 1754031102 is greater than the timestamp margin 1754031101","throwable":""}
{"timestamp":"2025-08-01T06:51:40,462","container":"71351656b7be","level":"WARN","thread":"EthScheduler-Workers-0","class":"BlockPropagationManager","message":"Added to bad block manager for invalid header, failed to import announced block 826 (0x7d3a1c51f671cb4a9d39936e7a7985e033f76627a5e9a082f55e8ace88e3332d)","throwable":""}
{"timestamp":"2025-08-01T06:51:49,526","container":"71351656b7be","level":"INFO","thread":"nioEventLoopGroup-3-1","class":"BlockPropagationManager","message":"Saved announced block for future import 827 (0xe761885c8522931adc72522ac7b7b4c21fa29850df2ce2ec62310bac46d7a514) - 1 saved block(s)","throwable":""}
{"timestamp":"2025-08-01T06:51:49,529","container":"71351656b7be","level":"INFO","thread":"nioEventLoopGroup-3-1","class":"BlockPropagationManager","message":"Retrieving parent 0x7d3a1c51f671cb4a9d39936e7a7985e033f76627a5e9a082f55e8ace88e3332d of block 827 (0xe761885c8522931adc72522ac7b7b4c21fa29850df2ce2ec62310bac46d7a514)","throwable":""}
{"timestamp":"2025-08-01T06:51:49,572","container":"71351656b7be","level":"INFO","thread":"EthScheduler-Workers-0","class":"PersistBlockTask","message":"Imported #826 / 0 tx / 0 om / 0 (0.0%) gas / (0x7d3a1c51f671cb4a9d39936e7a7985e033f76627a5e9a082f55e8ace88e3332d) in 0.002s. Peers: 3","throwable":""}
{"timestamp":"2025-08-01T06:51:49,576","container":"71351656b7be","level":"INFO","thread":"EthScheduler-Workers-0","class":"PersistBlockTask","message":"Imported #827 / 0 tx / 0 om / 0 (0.0%) gas / (0xe761885c8522931adc72522ac7b7b4c21fa29850df2ce2ec62310bac46d7a514) in 0.003s. Peers: 3","throwable":""}
{"timestamp":"2025-08-01T06:51:49,577","container":"71351656b7be","level":"INFO","thread":"EthScheduler-Workers-0","class":"BlockPropagationManager","message":"Imported 1 pending blocks: [827]","throwable":""}
{"timestamp":"2025-08-01T06:51:56,438","container":"71351656b7be","level":"INFO","thread":"EthScheduler-Workers-0","class":"TimestampBoundedByFutureParameter","message":"Invalid block header: timestamp 1754031118 is greater than the timestamp margin 1754031117","throwable":""}
{"timestamp":"2025-08-01T06:51:56,438","container":"71351656b7be","level":"WARN","thread":"EthScheduler-Workers-0","class":"BlockPropagationManager","message":"Added to bad block manager for invalid header, failed to import announced block 828 (0x4b3d8dfba06633d765394442aed037510e116a35f8a6cc151b9d7311b3575d6b)","throwable":""}
{"timestamp":"2025-08-01T06:51:56,441","container":"71351656b7be","level":"INFO","thread":"EthScheduler-Workers-0","class":"TimestampBoundedByFutureParameter","message":"Invalid block header: timestamp 1754031118 is greater than the timestamp margin 1754031117","throwable":""}
{"timestamp":"2025-08-01T06:51:56,441","container":"71351656b7be","level":"WARN","thread":"EthScheduler-Workers-0","class":"BlockPropagationManager","message":"Added to bad block manager for invalid header, failed to import announced block 828 (0x4b3d8dfba06633d765394442aed037510e116a35f8a6cc151b9d7311b3575d6b)","throwable":""}
{"timestamp":"2025-08-01T06:52:14,592","container":"71351656b7be","level":"INFO","thread":"nioEventLoopGroup-3-7","class":"BlockPropagationManager","message":"Saved announced block for future import 829 (0xd425c67bb3f3e4c9918885b22ab17d787ec13bcaad71cbd82a0b4140c311bbae) - 1 saved block(s)","throwable":""}
{"timestamp":"2025-08-01T06:52:14,593","container":"71351656b7be","level":"INFO","thread":"nioEventLoopGroup-3-7","class":"BlockPropagationManager","message":"Retrieving parent 0x4b3d8dfba06633d765394442aed037510e116a35f8a6cc151b9d7311b3575d6b of block 829 (0xd425c67bb3f3e4c9918885b22ab17d787ec13bcaad71cbd82a0b4140c311bbae)","throwable":""}
{"timestamp":"2025-08-01T06:52:14,611","container":"71351656b7be","level":"INFO","thread":"EthScheduler-Workers-0","class":"PersistBlockTask","message":"Imported #828 / 0 tx / 0 om / 0 (0.0%) gas / (0x4b3d8dfba06633d765394442aed037510e116a35f8a6cc151b9d7311b3575d6b) in 0.003s. Peers: 3","throwable":""}
{"timestamp":"2025-08-01T06:52:14,615","container":"71351656b7be","level":"INFO","thread":"EthScheduler-Workers-0","class":"TimestampBoundedByFutureParameter","message":"Invalid block header: timestamp 1754031136 is greater than the timestamp margin 1754031135","throwable":""}
{"timestamp":"2025-08-01T06:52:14,615","container":"71351656b7be","level":"INFO","thread":"EthScheduler-Workers-0","class":"MainnetBlockValidator","message":"Invalid block 829 (0xd425c67bb3f3e4c9918885b22ab17d787ec13bcaad71cbd82a0b4140c311bbae): Optional[header validation rule violated, see logs]","throwable":""}
{"timestamp":"2025-08-01T06:52:14,616","container":"71351656b7be","level":"ERROR","thread":"EthScheduler-Workers-0","class":"BlockPropagationManager","message":"Error importing pending blocks","throwable":" org.hyperledger.besu.ethereum.eth.sync.tasks.exceptions.InvalidBlockException: Failed to import block: Invalid block at #829 (0xd425c67bb3f3e4c9918885b22ab17d787ec13bcaad71cbd82a0b4140c311bbae)\n\tat org.hyperledger.besu.ethereum.eth.sync.tasks.PersistBlockTask.executeTask(PersistBlockTask.java:207)\n\tat org.hyperledger.besu.ethereum.eth.manager.task.AbstractEthTask.executeTaskTimed(AbstractEthTask.java:150)\n\tat org.hyperledger.besu.ethereum.eth.manager.task.AbstractEthTask.run(AbstractEthTask.java:75)\n\tat org.hyperledger.besu.ethereum.eth.sync.tasks.PersistBlockTask.lambda$forUnorderedBlocks$8(PersistBlockTask.java:164)\n\tat org.hyperledger.besu.util.FutureUtils.propagateResult(FutureUtils.java:98)\n\tat org.hyperledger.besu.ethereum.eth.manager.EthScheduler.lambda$scheduleSyncWorkerTask$0(EthScheduler.java:110)\n\tat java.base/java.util.concurrent.Executors$RunnableAdapter.call(Executors.java:539)\n\tat java.base/java.util.concurrent.FutureTask.run(FutureTask.java:264)\n\tat java.base/java.util.concurrent.ThreadPoolExecutor.runWorker(ThreadPoolExecutor.java:1136)\n\tat java.base/java.util.concurrent.ThreadPoolExecutor$Worker.run(ThreadPoolExecutor.java:635)\n\tat java.base/java.lang.Thread.run(Thread.java:833)\n"}
{"timestamp":"2025-08-01T06:52:24,619","container":"71351656b7be","level":"INFO","thread":"nioEventLoopGroup-3-7","class":"BlockPropagationManager","message":"Saved announced block for future import 830 (0x593a570ffc29aad7bacada4496b91ab1e9527f77f2bc158cf3401a6af65d65de) - 2 saved block(s)","throwable":""}
{"timestamp":"2025-08-01T06:52:24,621","container":"71351656b7be","level":"INFO","thread":"EthScheduler-Workers-0","class":"MainnetBlockValidator","message":"Invalid block 830 (0x593a570ffc29aad7bacada4496b91ab1e9527f77f2bc158cf3401a6af65d65de): Optional[Parent block with hash 0xd425c67bb3f3e4c9918885b22ab17d787ec13bcaad71cbd82a0b4140c311bbae not present]","throwable":""}
{"timestamp":"2025-08-01T06:52:24,622","container":"71351656b7be","level":"ERROR","thread":"nioEventLoopGroup-3-7","class":"BlockPropagationManager","message":"Error importing pending blocks","throwable":" org.hyperledger.besu.ethereum.eth.sync.tasks.exceptions.InvalidBlockException: Failed to import block: Invalid block at #830 (0x593a570ffc29aad7bacada4496b91ab1e9527f77f2bc158cf3401a6af65d65de)\n\tat org.hyperledger.besu.ethereum.eth.sync.tasks.PersistBlockTask.executeTask(PersistBlockTask.java:207)\n\tat org.hyperledger.besu.ethereum.eth.manager.task.AbstractEthTask.executeTaskTimed(AbstractEthTask.java:150)\n\tat org.hyperledger.besu.ethereum.eth.manager.task.AbstractEthTask.run(AbstractEthTask.java:75)\n\tat org.hyperledger.besu.ethereum.eth.sync.tasks.PersistBlockTask.lambda$forUnorderedBlocks$8(PersistBlockTask.java:164)\n\tat org.hyperledger.besu.util.FutureUtils.propagateResult(FutureUtils.java:98)\n\tat org.hyperledger.besu.ethereum.eth.manager.EthScheduler.lambda$scheduleSyncWorkerTask$0(EthScheduler.java:110)\n\tat java.base/java.util.concurrent.Executors$RunnableAdapter.call(Executors.java:539)\n\tat java.base/java.util.concurrent.FutureTask.run(FutureTask.java:264)\n\tat java.base/java.util.concurrent.ThreadPoolExecutor.runWorker(ThreadPoolExecutor.java:1136)\n\tat java.base/java.util.concurrent.ThreadPoolExecutor$Worker.run(ThreadPoolExecutor.java:635)\n\tat java.base/java.lang.Thread.run(Thread.java:833)\n"}
{"timestamp":"2025-08-01T06:52:27,125","container":"71351656b7be","level":"INFO","thread":"EthScheduler-Workers-0","class":"PersistBlockTask","message":"Imported #830 / 0 tx / 0 om / 0 (0.0%) gas / (0x593a570ffc29aad7bacada4496b91ab1e9527f77f2bc158cf3401a6af65d65de) in 0.006s. Peers: 3","throwable":""}
{"timestamp":"2025-08-01T06:52:27,126","container":"71351656b7be","level":"INFO","thread":"EthScheduler-Workers-0","class":"BlockPropagationManager","message":"Imported 1 pending blocks: [830]","throwable":""}
{"timestamp":"2025-08-01T06:52:30,474","container":"71351656b7be","level":"INFO","thread":"EthScheduler-Workers-0","class":"TimestampBoundedByFutureParameter","message":"Invalid block header: timestamp 1754031152 is greater than the timestamp margin 1754031151","throwable":""}
{"timestamp":"2025-08-01T06:52:30,474","container":"71351656b7be","level":"WARN","thread":"EthScheduler-Workers-0","class":"BlockPropagationManager","message":"Added to bad block manager for invalid header, failed to import announced block 831 (0xe6a11c9e6cdf425dbab8d2fdf4230a351b3cb8d1efbe65d69211f0522d50ff5e)","throwable":""}
{"timestamp":"2025-08-01T06:52:49,662","container":"71351656b7be","level":"INFO","thread":"nioEventLoopGroup-3-7","class":"BlockPropagationManager","message":"Saved announced block for future import 832 (0x44ab7df26cca29c3dc16f284e899d9dd882c39d642e2204a98294b597180e8e8) - 1 saved block(s)","throwable":""}
{"timestamp":"2025-08-01T06:52:49,668","container":"71351656b7be","level":"INFO","thread":"nioEventLoopGroup-3-7","class":"BlockPropagationManager","message":"Retrieving parent 0xe6a11c9e6cdf425dbab8d2fdf4230a351b3cb8d1efbe65d69211f0522d50ff5e of block 832 (0x44ab7df26cca29c3dc16f284e899d9dd882c39d642e2204a98294b597180e8e8)","throwable":""}
{"timestamp":"2025-08-01T06:52:49,682","container":"71351656b7be","level":"INFO","thread":"EthScheduler-Workers-0","class":"PersistBlockTask","message":"Imported #831 / 0 tx / 0 om / 0 (0.0%) gas / (0xe6a11c9e6cdf425dbab8d2fdf4230a351b3cb8d1efbe65d69211f0522d50ff5e) in 0.001s. Peers: 3","throwable":""}
{"timestamp":"2025-08-01T06:52:49,683","container":"71351656b7be","level":"INFO","thread":"EthScheduler-Workers-0","class":"TimestampBoundedByFutureParameter","message":"Invalid block header: timestamp 1754031171 is greater than the timestamp margin 1754031170","throwable":""}
{"timestamp":"2025-08-01T06:52:49,683","container":"71351656b7be","level":"INFO","thread":"EthScheduler-Workers-0","class":"MainnetBlockValidator","message":"Invalid block 832 (0x44ab7df26cca29c3dc16f284e899d9dd882c39d642e2204a98294b597180e8e8): Optional[header validation rule violated, see logs]","throwable":""}
{"timestamp":"2025-08-01T06:52:49,683","container":"71351656b7be","level":"ERROR","thread":"EthScheduler-Workers-0","class":"BlockPropagationManager","message":"Error importing pending blocks","throwable":" org.hyperledger.besu.ethereum.eth.sync.tasks.exceptions.InvalidBlockException: Failed to import block: Invalid block at #832 (0x44ab7df26cca29c3dc16f284e899d9dd882c39d642e2204a98294b597180e8e8)\n\tat org.hyperledger.besu.ethereum.eth.sync.tasks.PersistBlockTask.executeTask(PersistBlockTask.java:207)\n\tat org.hyperledger.besu.ethereum.eth.manager.task.AbstractEthTask.executeTaskTimed(AbstractEthTask.java:150)\n\tat org.hyperledger.besu.ethereum.eth.manager.task.AbstractEthTask.run(AbstractEthTask.java:75)\n\tat org.hyperledger.besu.ethereum.eth.sync.tasks.PersistBlockTask.lambda$forUnorderedBlocks$8(PersistBlockTask.java:164)\n\tat org.hyperledger.besu.util.FutureUtils.propagateResult(FutureUtils.java:98)\n\tat org.hyperledger.besu.ethereum.eth.manager.EthScheduler.lambda$scheduleSyncWorkerTask$0(EthScheduler.java:110)\n\tat java.base/java.util.concurrent.Executors$RunnableAdapter.call(Executors.java:539)\n\tat java.base/java.util.concurrent.FutureTask.run(FutureTask.java:264)\n\tat java.base/java.util.concurrent.ThreadPoolExecutor.runWorker(ThreadPoolExecutor.java:1136)\n\tat java.base/java.util.concurrent.ThreadPoolExecutor$Worker.run(ThreadPoolExecutor.java:635)\n\tat java.base/java.lang.Thread.run(Thread.java:833)\n"}
{"timestamp":"2025-08-01T06:52:59,676","container":"71351656b7be","level":"INFO","thread":"nioEventLoopGroup-3-1","class":"BlockPropagationManager","message":"Saved announced block for future import 833 (0xeba4803def958c1759629db6b0f48e900f32f83c23407d8119e75f0e5eaa34ce) - 2 saved block(s)","throwable":""}
{"timestamp":"2025-08-01T06:52:59,682","container":"71351656b7be","level":"INFO","thread":"EthScheduler-Workers-0","class":"MainnetBlockValidator","message":"Invalid block 833 (0xeba4803def958c1759629db6b0f48e900f32f83c23407d8119e75f0e5eaa34ce): Optional[Parent block with hash 0x44ab7df26cca29c3dc16f284e899d9dd882c39d642e2204a98294b597180e8e8 not present]","throwable":""}
{"timestamp":"2025-08-01T06:52:59,682","container":"71351656b7be","level":"ERROR","thread":"EthScheduler-Workers-0","class":"BlockPropagationManager","message":"Error importing pending blocks","throwable":" org.hyperledger.besu.ethereum.eth.sync.tasks.exceptions.InvalidBlockException: Failed to import block: Invalid block at #833 (0xeba4803def958c1759629db6b0f48e900f32f83c23407d8119e75f0e5eaa34ce)\n\tat org.hyperledger.besu.ethereum.eth.sync.tasks.PersistBlockTask.executeTask(PersistBlockTask.java:207)\n\tat org.hyperledger.besu.ethereum.eth.manager.task.AbstractEthTask.executeTaskTimed(AbstractEthTask.java:150)\n\tat org.hyperledger.besu.ethereum.eth.manager.task.AbstractEthTask.run(AbstractEthTask.java:75)\n\tat org.hyperledger.besu.ethereum.eth.sync.tasks.PersistBlockTask.lambda$forUnorderedBlocks$8(PersistBlockTask.java:164)\n\tat org.hyperledger.besu.util.FutureUtils.propagateResult(FutureUtils.java:98)\n\tat org.hyperledger.besu.ethereum.eth.manager.EthScheduler.lambda$scheduleSyncWorkerTask$0(EthScheduler.java:110)\n\tat java.base/java.util.concurrent.Executors$RunnableAdapter.call(Executors.java:539)\n\tat java.base/java.util.concurrent.FutureTask.run(FutureTask.java:264)\n\tat java.base/java.util.concurrent.ThreadPoolExecutor.runWorker(ThreadPoolExecutor.java:1136)\n\tat java.base/java.util.concurrent.ThreadPoolExecutor$Worker.run(ThreadPoolExecutor.java:635)\n\tat java.base/java.lang.Thread.run(Thread.java:833)\n"}
{"timestamp":"2025-08-01T06:53:02,198","container":"71351656b7be","level":"INFO","thread":"EthScheduler-Workers-0","class":"PersistBlockTask","message":"Imported #833 / 0 tx / 0 om / 0 (0.0%) gas / (0xeba4803def958c1759629db6b0f48e900f32f83c23407d8119e75f0e5eaa34ce) in 0.005s. Peers: 3","throwable":""}
{"timestamp":"2025-08-01T06:53:02,199","container":"71351656b7be","level":"INFO","thread":"EthScheduler-Workers-0","class":"BlockPropagationManager","message":"Imported 1 pending blocks: [833]","throwable":""}
{"timestamp":"2025-08-01T06:53:05,488","container":"71351656b7be","level":"INFO","thread":"EthScheduler-Workers-0","class":"TimestampBoundedByFutureParameter","message":"Invalid block header: timestamp 1754031187 is greater than the timestamp margin 1754031186","throwable":""}
{"timestamp":"2025-08-01T06:53:05,489","container":"71351656b7be","level":"WARN","thread":"EthScheduler-Workers-0","class":"BlockPropagationManager","message":"Added to bad block manager for invalid header, failed to import announced block 834 (0xb6bdb74a38f67e4e1b6dbe8a7ebfdcd0d425efaf39d36f2e814b95ed733cae78)","throwable":""}
{"timestamp":"2025-08-01T06:53:05,493","container":"71351656b7be","level":"INFO","thread":"EthScheduler-Workers-0","class":"TimestampBoundedByFutureParameter","message":"Invalid block header: timestamp 1754031187 is greater than the timestamp margin 1754031186","throwable":""}
{"timestamp":"2025-08-01T06:53:05,493","container":"71351656b7be","level":"WARN","thread":"EthScheduler-Workers-0","class":"BlockPropagationManager","message":"Added to bad block manager for invalid header, failed to import announced block 834 (0xb6bdb74a38f67e4e1b6dbe8a7ebfdcd0d425efaf39d36f2e814b95ed733cae78)","throwable":""}
{"timestamp":"2025-08-01T06:53:24,779","container":"71351656b7be","level":"INFO","thread":"nioEventLoopGroup-3-1","class":"BlockPropagationManager","message":"Saved announced block for future import 835 (0x6b9c5af7900574344e7f350c625472aeacb58486925676d61b5cc0263d6608ee) - 1 saved block(s)","throwable":""}
{"timestamp":"2025-08-01T06:53:24,782","container":"71351656b7be","level":"INFO","thread":"nioEventLoopGroup-3-1","class":"BlockPropagationManager","message":"Retrieving parent 0xb6bdb74a38f67e4e1b6dbe8a7ebfdcd0d425efaf39d36f2e814b95ed733cae78 of block 835 (0x6b9c5af7900574344e7f350c625472aeacb58486925676d61b5cc0263d6608ee)","throwable":""}
{"timestamp":"2025-08-01T06:53:24,805","container":"71351656b7be","level":"INFO","thread":"EthScheduler-Workers-0","class":"PersistBlockTask","message":"Imported #834 / 0 tx / 0 om / 0 (0.0%) gas / (0xb6bdb74a38f67e4e1b6dbe8a7ebfdcd0d425efaf39d36f2e814b95ed733cae78) in 0.006s. Peers: 3","throwable":""}
{"timestamp":"2025-08-01T06:53:24,808","container":"71351656b7be","level":"INFO","thread":"EthScheduler-Workers-0","class":"TimestampBoundedByFutureParameter","message":"Invalid block header: timestamp 1754031206 is greater than the timestamp margin 1754031205","throwable":""}
{"timestamp":"2025-08-01T06:53:24,808","container":"71351656b7be","level":"INFO","thread":"EthScheduler-Workers-0","class":"MainnetBlockValidator","message":"Invalid block 835 (0x6b9c5af7900574344e7f350c625472aeacb58486925676d61b5cc0263d6608ee): Optional[header validation rule violated, see logs]","throwable":""}
{"timestamp":"2025-08-01T06:53:24,809","container":"71351656b7be","level":"ERROR","thread":"EthScheduler-Workers-0","class":"BlockPropagationManager","message":"Error importing pending blocks","throwable":" org.hyperledger.besu.ethereum.eth.sync.tasks.exceptions.InvalidBlockException: Failed to import block: Invalid block at #835 (0x6b9c5af7900574344e7f350c625472aeacb58486925676d61b5cc0263d6608ee)\n\tat org.hyperledger.besu.ethereum.eth.sync.tasks.PersistBlockTask.executeTask(PersistBlockTask.java:207)\n\tat org.hyperledger.besu.ethereum.eth.manager.task.AbstractEthTask.executeTaskTimed(AbstractEthTask.java:150)\n\tat org.hyperledger.besu.ethereum.eth.manager.task.AbstractEthTask.run(AbstractEthTask.java:75)\n\tat org.hyperledger.besu.ethereum.eth.sync.tasks.PersistBlockTask.lambda$forUnorderedBlocks$8(PersistBlockTask.java:164)\n\tat org.hyperledger.besu.util.FutureUtils.propagateResult(FutureUtils.java:98)\n\tat org.hyperledger.besu.ethereum.eth.manager.EthScheduler.lambda$scheduleSyncWorkerTask$0(EthScheduler.java:110)\n\tat java.base/java.util.concurrent.Executors$RunnableAdapter.call(Executors.java:539)\n\tat java.base/java.util.concurrent.FutureTask.run(FutureTask.java:264)\n\tat java.base/java.util.concurrent.ThreadPoolExecutor.runWorker(ThreadPoolExecutor.java:1136)\n\tat java.base/java.util.concurrent.ThreadPoolExecutor$Worker.run(ThreadPoolExecutor.java:635)\n\tat java.base/java.lang.Thread.run(Thread.java:833)\n"}
{"timestamp":"2025-08-01T06:53:34,781","container":"71351656b7be","level":"INFO","thread":"nioEventLoopGroup-3-7","class":"BlockPropagationManager","message":"Saved announced block for future import 836 (0xfbb9825b16e34e48d17b7df4eb877db108d00be96d3c332286d957b896a939a1) - 2 saved block(s)","throwable":""}
{"timestamp":"2025-08-01T06:53:34,783","container":"71351656b7be","level":"INFO","thread":"EthScheduler-Workers-0","class":"MainnetBlockValidator","message":"Invalid block 836 (0xfbb9825b16e34e48d17b7df4eb877db108d00be96d3c332286d957b896a939a1): Optional[Parent block with hash 0x6b9c5af7900574344e7f350c625472aeacb58486925676d61b5cc0263d6608ee not present]","throwable":""}
{"timestamp":"2025-08-01T06:53:34,783","container":"71351656b7be","level":"ERROR","thread":"EthScheduler-Workers-0","class":"BlockPropagationManager","message":"Error importing pending blocks","throwable":" org.hyperledger.besu.ethereum.eth.sync.tasks.exceptions.InvalidBlockException: Failed to import block: Invalid block at #836 (0xfbb9825b16e34e48d17b7df4eb877db108d00be96d3c332286d957b896a939a1)\n\tat org.hyperledger.besu.ethereum.eth.sync.tasks.PersistBlockTask.executeTask(PersistBlockTask.java:207)\n\tat org.hyperledger.besu.ethereum.eth.manager.task.AbstractEthTask.executeTaskTimed(AbstractEthTask.java:150)\n\tat org.hyperledger.besu.ethereum.eth.manager.task.AbstractEthTask.run(AbstractEthTask.java:75)\n\tat org.hyperledger.besu.ethereum.eth.sync.tasks.PersistBlockTask.lambda$forUnorderedBlocks$8(PersistBlockTask.java:164)\n\tat org.hyperledger.besu.util.FutureUtils.propagateResult(FutureUtils.java:98)\n\tat org.hyperledger.besu.ethereum.eth.manager.EthScheduler.lambda$scheduleSyncWorkerTask$0(EthScheduler.java:110)\n\tat java.base/java.util.concurrent.Executors$RunnableAdapter.call(Executors.java:539)\n\tat java.base/java.util.concurrent.FutureTask.run(FutureTask.java:264)\n\tat java.base/java.util.concurrent.ThreadPoolExecutor.runWorker(ThreadPoolExecutor.java:1136)\n\tat java.base/java.util.concurrent.ThreadPoolExecutor$Worker.run(ThreadPoolExecutor.java:635)\n\tat java.base/java.lang.Thread.run(Thread.java:833)\n"}
{"timestamp":"2025-08-01T06:53:37,277","container":"71351656b7be","level":"INFO","thread":"EthScheduler-Workers-0","class":"PersistBlockTask","message":"Imported #836 / 0 tx / 0 om / 0 (0.0%) gas / (0xfbb9825b16e34e48d17b7df4eb877db108d00be96d3c332286d957b896a939a1) in 0.004s. Peers: 3","throwable":""}
{"timestamp":"2025-08-01T06:53:37,277","container":"71351656b7be","level":"INFO","thread":"EthScheduler-Workers-0","class":"BlockPropagationManager","message":"Imported 1 pending blocks: [836]","throwable":""}
{"timestamp":"2025-08-01T06:53:40,501","container":"71351656b7be","level":"INFO","thread":"EthScheduler-Workers-0","class":"TimestampBoundedByFutureParameter","message":"Invalid block header: timestamp 1754031222 is greater than the timestamp margin 1754031221","throwable":""}
{"timestamp":"2025-08-01T06:53:40,501","container":"71351656b7be","level":"WARN","thread":"EthScheduler-Workers-0","class":"BlockPropagationManager","message":"Added to bad block manager for invalid header, failed to import announced block 837 (0x971ff0d7236bbc070451530cfc00b6846e73816e38e127b5b11f0aff5e3ce53c)","throwable":""}
{"timestamp":"2025-08-01T06:53:40,506","container":"71351656b7be","level":"INFO","thread":"EthScheduler-Workers-0","class":"TimestampBoundedByFutureParameter","message":"Invalid block header: timestamp 1754031222 is greater than the timestamp margin 1754031221","throwable":""}
{"timestamp":"2025-08-01T06:53:40,506","container":"71351656b7be","level":"WARN","thread":"EthScheduler-Workers-0","class":"BlockPropagationManager","message":"Added to bad block manager for invalid header, failed to import announced block 837 (0x971ff0d7236bbc070451530cfc00b6846e73816e38e127b5b11f0aff5e3ce53c)","throwable":""}
{"timestamp":"2025-08-01T06:53:59,826","container":"71351656b7be","level":"INFO","thread":"nioEventLoopGroup-3-6","class":"BlockPropagationManager","message":"Saved announced block for future import 838 (0xad37485bbf404a2e09ae4b7da25e1078680c5048e2425bce875dc96fe95f9e42) - 1 saved block(s)","throwable":""}
{"timestamp":"2025-08-01T06:53:59,827","container":"71351656b7be","level":"INFO","thread":"nioEventLoopGroup-3-6","class":"BlockPropagationManager","message":"Retrieving parent 0x971ff0d7236bbc070451530cfc00b6846e73816e38e127b5b11f0aff5e3ce53c of block 838 (0xad37485bbf404a2e09ae4b7da25e1078680c5048e2425bce875dc96fe95f9e42)","throwable":""}
{"timestamp":"2025-08-01T06:53:59,844","container":"71351656b7be","level":"INFO","thread":"EthScheduler-Workers-0","class":"PersistBlockTask","message":"Imported #837 / 0 tx / 0 om / 0 (0.0%) gas / (0x971ff0d7236bbc070451530cfc00b6846e73816e38e127b5b11f0aff5e3ce53c) in 0.002s. Peers: 3","throwable":""}
{"timestamp":"2025-08-01T06:53:59,845","container":"71351656b7be","level":"INFO","thread":"EthScheduler-Workers-0","class":"TimestampBoundedByFutureParameter","message":"Invalid block header: timestamp 1754031241 is greater than the timestamp margin 1754031240","throwable":""}
{"timestamp":"2025-08-01T06:53:59,845","container":"71351656b7be","level":"INFO","thread":"EthScheduler-Workers-0","class":"MainnetBlockValidator","message":"Invalid block 838 (0xad37485bbf404a2e09ae4b7da25e1078680c5048e2425bce875dc96fe95f9e42): Optional[header validation rule violated, see logs]","throwable":""}
{"timestamp":"2025-08-01T06:53:59,846","container":"71351656b7be","level":"ERROR","thread":"EthScheduler-Workers-0","class":"BlockPropagationManager","message":"Error importing pending blocks","throwable":" org.hyperledger.besu.ethereum.eth.sync.tasks.exceptions.InvalidBlockException: Failed to import block: Invalid block at #838 (0xad37485bbf404a2e09ae4b7da25e1078680c5048e2425bce875dc96fe95f9e42)\n\tat org.hyperledger.besu.ethereum.eth.sync.tasks.PersistBlockTask.executeTask(PersistBlockTask.java:207)\n\tat org.hyperledger.besu.ethereum.eth.manager.task.AbstractEthTask.executeTaskTimed(AbstractEthTask.java:150)\n\tat org.hyperledger.besu.ethereum.eth.manager.task.AbstractEthTask.run(AbstractEthTask.java:75)\n\tat org.hyperledger.besu.ethereum.eth.sync.tasks.PersistBlockTask.lambda$forUnorderedBlocks$8(PersistBlockTask.java:164)\n\tat org.hyperledger.besu.util.FutureUtils.propagateResult(FutureUtils.java:98)\n\tat org.hyperledger.besu.ethereum.eth.manager.EthScheduler.lambda$scheduleSyncWorkerTask$0(EthScheduler.java:110)\n\tat java.base/java.util.concurrent.Executors$RunnableAdapter.call(Executors.java:539)\n\tat java.base/java.util.concurrent.FutureTask.run(FutureTask.java:264)\n\tat java.base/java.util.concurrent.ThreadPoolExecutor.runWorker(ThreadPoolExecutor.java:1136)\n\tat java.base/java.util.concurrent.ThreadPoolExecutor$Worker.run(ThreadPoolExecutor.java:635)\n\tat java.base/java.lang.Thread.run(Thread.java:833)\n"}
{"timestamp":"2025-08-01T06:54:09,830","container":"71351656b7be","level":"INFO","thread":"nioEventLoopGroup-3-7","class":"BlockPropagationManager","message":"Saved announced block for future import 839 (0x0a67a068ce106e5d225c9a4e21ddf3df6be180338d4595e80bf9f89e92b972e5) - 2 saved block(s)","throwable":""}
{"timestamp":"2025-08-01T06:54:09,831","container":"71351656b7be","level":"INFO","thread":"EthScheduler-Workers-0","class":"MainnetBlockValidator","message":"Invalid block 839 (0x0a67a068ce106e5d225c9a4e21ddf3df6be180338d4595e80bf9f89e92b972e5): Optional[Parent block with hash 0xad37485bbf404a2e09ae4b7da25e1078680c5048e2425bce875dc96fe95f9e42 not present]","throwable":""}
{"timestamp":"2025-08-01T06:54:09,831","container":"71351656b7be","level":"ERROR","thread":"EthScheduler-Workers-0","class":"BlockPropagationManager","message":"Error importing pending blocks","throwable":" org.hyperledger.besu.ethereum.eth.sync.tasks.exceptions.InvalidBlockException: Failed to import block: Invalid block at #839 (0x0a67a068ce106e5d225c9a4e21ddf3df6be180338d4595e80bf9f89e92b972e5)\n\tat org.hyperledger.besu.ethereum.eth.sync.tasks.PersistBlockTask.executeTask(PersistBlockTask.java:207)\n\tat org.hyperledger.besu.ethereum.eth.manager.task.AbstractEthTask.executeTaskTimed(AbstractEthTask.java:150)\n\tat org.hyperledger.besu.ethereum.eth.manager.task.AbstractEthTask.run(AbstractEthTask.java:75)\n\tat org.hyperledger.besu.ethereum.eth.sync.tasks.PersistBlockTask.lambda$forUnorderedBlocks$8(PersistBlockTask.java:164)\n\tat org.hyperledger.besu.util.FutureUtils.propagateResult(FutureUtils.java:98)\n\tat org.hyperledger.besu.ethereum.eth.manager.EthScheduler.lambda$scheduleSyncWorkerTask$0(EthScheduler.java:110)\n\tat java.base/java.util.concurrent.Executors$RunnableAdapter.call(Executors.java:539)\n\tat java.base/java.util.concurrent.FutureTask.run(FutureTask.java:264)\n\tat java.base/java.util.concurrent.ThreadPoolExecutor.runWorker(ThreadPoolExecutor.java:1136)\n\tat java.base/java.util.concurrent.ThreadPoolExecutor$Worker.run(ThreadPoolExecutor.java:635)\n\tat java.base/java.lang.Thread.run(Thread.java:833)\n"}
{"timestamp":"2025-08-01T06:54:12,315","container":"71351656b7be","level":"INFO","thread":"EthScheduler-Workers-0","class":"PersistBlockTask","message":"Block 839 (0x0a67a068ce106e5d225c9a4e21ddf3df6be180338d4595e80bf9f89e92b972e5) is already imported","throwable":""}
{"timestamp":"2025-08-01T06:54:12,316","container":"71351656b7be","level":"INFO","thread":"EthScheduler-Workers-0","class":"BlockPropagationManager","message":"Imported 1 pending blocks: [839]","throwable":""}
{"timestamp":"2025-08-01T06:54:15,514","container":"71351656b7be","level":"INFO","thread":"EthScheduler-Workers-0","class":"TimestampBoundedByFutureParameter","message":"Invalid block header: timestamp 1754031257 is greater than the timestamp margin 1754031256","throwable":""}
{"timestamp":"2025-08-01T06:54:15,515","container":"71351656b7be","level":"WARN","thread":"EthScheduler-Workers-0","class":"BlockPropagationManager","message":"Added to bad block manager for invalid header, failed to import announced block 840 (0xc8d94a1200bddcd84749c40d4717f423801950ce15ef711f12cd0f795f853da1)","throwable":""}
{"timestamp":"2025-08-01T06:54:34,871","container":"71351656b7be","level":"INFO","thread":"nioEventLoopGroup-3-1","class":"BlockPropagationManager","message":"Saved announced block for future import 841 (0xbf116fa0efb3add921062b4c900ecac7b6ddd3e0744ba2c5169cadc17337acaa) - 1 saved block(s)","throwable":""}
{"timestamp":"2025-08-01T06:54:34,873","container":"71351656b7be","level":"INFO","thread":"nioEventLoopGroup-3-1","class":"BlockPropagationManager","message":"Retrieving parent 0xc8d94a1200bddcd84749c40d4717f423801950ce15ef711f12cd0f795f853da1 of block 841 (0xbf116fa0efb3add921062b4c900ecac7b6ddd3e0744ba2c5169cadc17337acaa)","throwable":""}
{"timestamp":"2025-08-01T06:54:34,882","container":"71351656b7be","level":"INFO","thread":"EthScheduler-Workers-0","class":"PersistBlockTask","message":"Imported #840 / 0 tx / 0 om / 0 (0.0%) gas / (0xc8d94a1200bddcd84749c40d4717f423801950ce15ef711f12cd0f795f853da1) in 0.002s. Peers: 3","throwable":""}
{"timestamp":"2025-08-01T06:54:34,884","container":"71351656b7be","level":"INFO","thread":"EthScheduler-Workers-0","class":"TimestampBoundedByFutureParameter","message":"Invalid block header: timestamp 1754031276 is greater than the timestamp margin 1754031275","throwable":""}
{"timestamp":"2025-08-01T06:54:34,885","container":"71351656b7be","level":"INFO","thread":"EthScheduler-Workers-0","class":"MainnetBlockValidator","message":"Invalid block 841 (0xbf116fa0efb3add921062b4c900ecac7b6ddd3e0744ba2c5169cadc17337acaa): Optional[header validation rule violated, see logs]","throwable":""}
{"timestamp":"2025-08-01T06:54:34,885","container":"71351656b7be","level":"ERROR","thread":"EthScheduler-Workers-0","class":"BlockPropagationManager","message":"Error importing pending blocks","throwable":" org.hyperledger.besu.ethereum.eth.sync.tasks.exceptions.InvalidBlockException: Failed to import block: Invalid block at #841 (0xbf116fa0efb3add921062b4c900ecac7b6ddd3e0744ba2c5169cadc17337acaa)\n\tat org.hyperledger.besu.ethereum.eth.sync.tasks.PersistBlockTask.executeTask(PersistBlockTask.java:207)\n\tat org.hyperledger.besu.ethereum.eth.manager.task.AbstractEthTask.executeTaskTimed(AbstractEthTask.java:150)\n\tat org.hyperledger.besu.ethereum.eth.manager.task.AbstractEthTask.run(AbstractEthTask.java:75)\n\tat org.hyperledger.besu.ethereum.eth.sync.tasks.PersistBlockTask.lambda$forUnorderedBlocks$8(PersistBlockTask.java:164)\n\tat org.hyperledger.besu.util.FutureUtils.propagateResult(FutureUtils.java:98)\n\tat org.hyperledger.besu.ethereum.eth.manager.EthScheduler.lambda$scheduleSyncWorkerTask$0(EthScheduler.java:110)\n\tat java.base/java.util.concurrent.Executors$RunnableAdapter.call(Executors.java:539)\n\tat java.base/java.util.concurrent.FutureTask.run(FutureTask.java:264)\n\tat java.base/java.util.concurrent.ThreadPoolExecutor.runWorker(ThreadPoolExecutor.java:1136)\n\tat java.base/java.util.concurrent.ThreadPoolExecutor$Worker.run(ThreadPoolExecutor.java:635)\n\tat java.base/java.lang.Thread.run(Thread.java:833)\n"}
{"timestamp":"2025-08-01T06:54:44,909","container":"71351656b7be","level":"INFO","thread":"nioEventLoopGroup-3-7","class":"BlockPropagationManager","message":"Saved announced block for future import 842 (0x16feccd769b981af0dc656bd6cfbaf489a761e282a6c820afb2a5a38802b912d) - 2 saved block(s)","throwable":""}
{"timestamp":"2025-08-01T06:54:44,912","container":"71351656b7be","level":"INFO","thread":"EthScheduler-Workers-0","class":"MainnetBlockValidator","message":"Invalid block 842 (0x16feccd769b981af0dc656bd6cfbaf489a761e282a6c820afb2a5a38802b912d): Optional[Parent block with hash 0xbf116fa0efb3add921062b4c900ecac7b6ddd3e0744ba2c5169cadc17337acaa not present]","throwable":""}
{"timestamp":"2025-08-01T06:54:44,912","container":"71351656b7be","level":"ERROR","thread":"EthScheduler-Workers-0","class":"BlockPropagationManager","message":"Error importing pending blocks","throwable":" org.hyperledger.besu.ethereum.eth.sync.tasks.exceptions.InvalidBlockException: Failed to import block: Invalid block at #842 (0x16feccd769b981af0dc656bd6cfbaf489a761e282a6c820afb2a5a38802b912d)\n\tat org.hyperledger.besu.ethereum.eth.sync.tasks.PersistBlockTask.executeTask(PersistBlockTask.java:207)\n\tat org.hyperledger.besu.ethereum.eth.manager.task.AbstractEthTask.executeTaskTimed(AbstractEthTask.java:150)\n\tat org.hyperledger.besu.ethereum.eth.manager.task.AbstractEthTask.run(AbstractEthTask.java:75)\n\tat org.hyperledger.besu.ethereum.eth.sync.tasks.PersistBlockTask.lambda$forUnorderedBlocks$8(PersistBlockTask.java:164)\n\tat org.hyperledger.besu.util.FutureUtils.propagateResult(FutureUtils.java:98)\n\tat org.hyperledger.besu.ethereum.eth.manager.EthScheduler.lambda$scheduleSyncWorkerTask$0(EthScheduler.java:110)\n\tat java.base/java.util.concurrent.Executors$RunnableAdapter.call(Executors.java:539)\n\tat java.base/java.util.concurrent.FutureTask.run(FutureTask.java:264)\n\tat java.base/java.util.concurrent.ThreadPoolExecutor.runWorker(ThreadPoolExecutor.java:1136)\n\tat java.base/java.util.concurrent.ThreadPoolExecutor$Worker.run(ThreadPoolExecutor.java:635)\n\tat java.base/java.lang.Thread.run(Thread.java:833)\n"}
{"timestamp":"2025-08-01T06:54:47,360","container":"71351656b7be","level":"INFO","thread":"EthScheduler-Workers-0","class":"PersistBlockTask","message":"Block 842 (0x16feccd769b981af0dc656bd6cfbaf489a761e282a6c820afb2a5a38802b912d) is already imported","throwable":""}
{"timestamp":"2025-08-01T06:54:47,361","container":"71351656b7be","level":"INFO","thread":"EthScheduler-Workers-0","class":"BlockPropagationManager","message":"Imported 1 pending blocks: [842]","throwable":""}
{"timestamp":"2025-08-01T06:54:50,519","container":"71351656b7be","level":"INFO","thread":"EthScheduler-Workers-0","class":"TimestampBoundedByFutureParameter","message":"Invalid block header: timestamp 1754031292 is greater than the timestamp margin 1754031291","throwable":""}
{"timestamp":"2025-08-01T06:54:50,520","container":"71351656b7be","level":"WARN","thread":"EthScheduler-Workers-0","class":"BlockPropagationManager","message":"Added to bad block manager for invalid header, failed to import announced block 843 (0x19168dbb6b9644de1f28f881c275c790f1bf3c09f5a299b12b28059f558be7dd)","throwable":""}
{"timestamp":"2025-08-01T06:54:50,522","container":"71351656b7be","level":"INFO","thread":"EthScheduler-Workers-0","class":"TimestampBoundedByFutureParameter","message":"Invalid block header: timestamp 1754031292 is greater than the timestamp margin 1754031291","throwable":""}
{"timestamp":"2025-08-01T06:54:50,523","container":"71351656b7be","level":"WARN","thread":"EthScheduler-Workers-0","class":"BlockPropagationManager","message":"Added to bad block manager for invalid header, failed to import announced block 843 (0x19168dbb6b9644de1f28f881c275c790f1bf3c09f5a299b12b28059f558be7dd)","throwable":""}
{"timestamp":"2025-08-01T06:55:09,966","container":"71351656b7be","level":"INFO","thread":"nioEventLoopGroup-3-7","class":"BlockPropagationManager","message":"Saved announced block for future import 844 (0xea5c76583d85e1ab5153fa345458593b108274d2f4ce5470b4b2548705736412) - 1 saved block(s)","throwable":""}
{"timestamp":"2025-08-01T06:55:09,966","container":"71351656b7be","level":"INFO","thread":"nioEventLoopGroup-3-7","class":"BlockPropagationManager","message":"Retrieving parent 0x19168dbb6b9644de1f28f881c275c790f1bf3c09f5a299b12b28059f558be7dd of block 844 (0xea5c76583d85e1ab5153fa345458593b108274d2f4ce5470b4b2548705736412)","throwable":""}
{"timestamp":"2025-08-01T06:55:09,978","container":"71351656b7be","level":"INFO","thread":"EthScheduler-Workers-0","class":"PersistBlockTask","message":"Imported #843 / 0 tx / 0 om / 0 (0.0%) gas / (0x19168dbb6b9644de1f28f881c275c790f1bf3c09f5a299b12b28059f558be7dd) in 0.002s. Peers: 3","throwable":""}
{"timestamp":"2025-08-01T06:55:09,979","container":"71351656b7be","level":"INFO","thread":"EthScheduler-Workers-0","class":"TimestampBoundedByFutureParameter","message":"Invalid block header: timestamp 1754031311 is greater than the timestamp margin 1754031310","throwable":""}
{"timestamp":"2025-08-01T06:55:09,979","container":"71351656b7be","level":"INFO","thread":"EthScheduler-Workers-0","class":"MainnetBlockValidator","message":"Invalid block 844 (0xea5c76583d85e1ab5153fa345458593b108274d2f4ce5470b4b2548705736412): Optional[header validation rule violated, see logs]","throwable":""}
{"timestamp":"2025-08-01T06:55:09,980","container":"71351656b7be","level":"ERROR","thread":"EthScheduler-Workers-0","class":"BlockPropagationManager","message":"Error importing pending blocks","throwable":" org.hyperledger.besu.ethereum.eth.sync.tasks.exceptions.InvalidBlockException: Failed to import block: Invalid block at #844 (0xea5c76583d85e1ab5153fa345458593b108274d2f4ce5470b4b2548705736412)\n\tat org.hyperledger.besu.ethereum.eth.sync.tasks.PersistBlockTask.executeTask(PersistBlockTask.java:207)\n\tat org.hyperledger.besu.ethereum.eth.manager.task.AbstractEthTask.executeTaskTimed(AbstractEthTask.java:150)\n\tat org.hyperledger.besu.ethereum.eth.manager.task.AbstractEthTask.run(AbstractEthTask.java:75)\n\tat org.hyperledger.besu.ethereum.eth.sync.tasks.PersistBlockTask.lambda$forUnorderedBlocks$8(PersistBlockTask.java:164)\n\tat org.hyperledger.besu.util.FutureUtils.propagateResult(FutureUtils.java:98)\n\tat org.hyperledger.besu.ethereum.eth.manager.EthScheduler.lambda$scheduleSyncWorkerTask$0(EthScheduler.java:110)\n\tat java.base/java.util.concurrent.Executors$RunnableAdapter.call(Executors.java:539)\n\tat java.base/java.util.concurrent.FutureTask.run(FutureTask.java:264)\n\tat java.base/java.util.concurrent.ThreadPoolExecutor.runWorker(ThreadPoolExecutor.java:1136)\n\tat java.base/java.util.concurrent.ThreadPoolExecutor$Worker.run(ThreadPoolExecutor.java:635)\n\tat java.base/java.lang.Thread.run(Thread.java:833)\n"}
{"timestamp":"2025-08-01T06:55:19,988","container":"71351656b7be","level":"INFO","thread":"nioEventLoopGroup-3-7","class":"BlockPropagationManager","message":"Saved announced block for future import 845 (0x8e4d710adb1a5b1db64871194015ad42bc2f3f5be3b34aef49dff4a24aa29147) - 2 saved block(s)","throwable":""}
{"timestamp":"2025-08-01T06:55:19,990","container":"71351656b7be","level":"INFO","thread":"EthScheduler-Workers-0","class":"MainnetBlockValidator","message":"Invalid block 845 (0x8e4d710adb1a5b1db64871194015ad42bc2f3f5be3b34aef49dff4a24aa29147): Optional[Parent block with hash 0xea5c76583d85e1ab5153fa345458593b108274d2f4ce5470b4b2548705736412 not present]","throwable":""}
{"timestamp":"2025-08-01T06:55:19,990","container":"71351656b7be","level":"ERROR","thread":"EthScheduler-Workers-0","class":"BlockPropagationManager","message":"Error importing pending blocks","throwable":" org.hyperledger.besu.ethereum.eth.sync.tasks.exceptions.InvalidBlockException: Failed to import block: Invalid block at #845 (0x8e4d710adb1a5b1db64871194015ad42bc2f3f5be3b34aef49dff4a24aa29147)\n\tat org.hyperledger.besu.ethereum.eth.sync.tasks.PersistBlockTask.executeTask(PersistBlockTask.java:207)\n\tat org.hyperledger.besu.ethereum.eth.manager.task.AbstractEthTask.executeTaskTimed(AbstractEthTask.java:150)\n\tat org.hyperledger.besu.ethereum.eth.manager.task.AbstractEthTask.run(AbstractEthTask.java:75)\n\tat org.hyperledger.besu.ethereum.eth.sync.tasks.PersistBlockTask.lambda$forUnorderedBlocks$8(PersistBlockTask.java:164)\n\tat org.hyperledger.besu.util.FutureUtils.propagateResult(FutureUtils.java:98)\n\tat org.hyperledger.besu.ethereum.eth.manager.EthScheduler.lambda$scheduleSyncWorkerTask$0(EthScheduler.java:110)\n\tat java.base/java.util.concurrent.Executors$RunnableAdapter.call(Executors.java:539)\n\tat java.base/java.util.concurrent.FutureTask.run(FutureTask.java:264)\n\tat java.base/java.util.concurrent.ThreadPoolExecutor.runWorker(ThreadPoolExecutor.java:1136)\n\tat java.base/java.util.concurrent.ThreadPoolExecutor$Worker.run(ThreadPoolExecutor.java:635)\n\tat java.base/java.lang.Thread.run(Thread.java:833)\n"}
{"timestamp":"2025-08-01T06:55:22,443","container":"71351656b7be","level":"INFO","thread":"EthScheduler-Workers-0","class":"PersistBlockTask","message":"Block 845 (0x8e4d710adb1a5b1db64871194015ad42bc2f3f5be3b34aef49dff4a24aa29147) is already imported","throwable":""}
{"timestamp":"2025-08-01T06:55:22,444","container":"71351656b7be","level":"INFO","thread":"EthScheduler-Workers-0","class":"BlockPropagationManager","message":"Imported 1 pending blocks: [845]","throwable":""}
{"timestamp":"2025-08-01T06:55:25,548","container":"71351656b7be","level":"INFO","thread":"EthScheduler-Workers-0","class":"TimestampBoundedByFutureParameter","message":"Invalid block header: timestamp 1754031327 is greater than the timestamp margin 1754031326","throwable":""}
{"timestamp":"2025-08-01T06:55:25,549","container":"71351656b7be","level":"WARN","thread":"EthScheduler-Workers-0","class":"BlockPropagationManager","message":"Added to bad block manager for invalid header, failed to import announced block 846 (0x0a1ad2433486242a7b8d6d5c3791117b74875242870bf2731502f4874d3abaee)","throwable":""}
{"timestamp":"2025-08-01T06:55:25,549","container":"71351656b7be","level":"INFO","thread":"EthScheduler-Workers-0","class":"TimestampBoundedByFutureParameter","message":"Invalid block header: timestamp 1754031327 is greater than the timestamp margin 1754031326","throwable":""}
{"timestamp":"2025-08-01T06:55:25,550","container":"71351656b7be","level":"WARN","thread":"EthScheduler-Workers-0","class":"BlockPropagationManager","message":"Added to bad block manager for invalid header, failed to import announced block 846 (0x0a1ad2433486242a7b8d6d5c3791117b74875242870bf2731502f4874d3abaee)","throwable":""}
{"timestamp":"2025-08-01T06:55:45,072","container":"71351656b7be","level":"INFO","thread":"nioEventLoopGroup-3-7","class":"BlockPropagationManager","message":"Saved announced block for future import 847 (0x15a65f114447931366130c895a57757ab97d01603f7f6f8ebd59265386744c74) - 1 saved block(s)","throwable":""}
{"timestamp":"2025-08-01T06:55:45,075","container":"71351656b7be","level":"INFO","thread":"nioEventLoopGroup-3-7","class":"BlockPropagationManager","message":"Retrieving parent 0x0a1ad2433486242a7b8d6d5c3791117b74875242870bf2731502f4874d3abaee of block 847 (0x15a65f114447931366130c895a57757ab97d01603f7f6f8ebd59265386744c74)","throwable":""}
{"timestamp":"2025-08-01T06:55:45,089","container":"71351656b7be","level":"INFO","thread":"EthScheduler-Workers-0","class":"PersistBlockTask","message":"Imported #846 / 0 tx / 0 om / 0 (0.0%) gas / (0x0a1ad2433486242a7b8d6d5c3791117b74875242870bf2731502f4874d3abaee) in 0.003s. Peers: 3","throwable":""}
{"timestamp":"2025-08-01T06:55:45,100","container":"71351656b7be","level":"INFO","thread":"EthScheduler-Workers-0","class":"PersistBlockTask","message":"Imported #847 / 0 tx / 0 om / 0 (0.0%) gas / (0x15a65f114447931366130c895a57757ab97d01603f7f6f8ebd59265386744c74) in 0.010s. Peers: 3","throwable":""}
{"timestamp":"2025-08-01T06:55:45,101","container":"71351656b7be","level":"INFO","thread":"EthScheduler-Workers-0","class":"BlockPropagationManager","message":"Imported 1 pending blocks: [847]","throwable":""}
{"timestamp":"2025-08-01T06:55:52,563","container":"71351656b7be","level":"INFO","thread":"EthScheduler-Workers-0","class":"TimestampBoundedByFutureParameter","message":"Invalid block header: timestamp 1754031354 is greater than the timestamp margin 1754031353","throwable":""}
{"timestamp":"2025-08-01T06:55:52,563","container":"71351656b7be","level":"WARN","thread":"EthScheduler-Workers-0","class":"BlockPropagationManager","message":"Added to bad block manager for invalid header, failed to import announced block 848 (0xfa669d9870f31d8d8881f888c746664004fee8624c3df90d45b4f0040befa500)","throwable":""}
{"timestamp":"2025-08-01T06:55:57,461","container":"71351656b7be","level":"INFO","thread":"EthScheduler-Timer-0","class":"FullSyncTargetManager","message":"Unable to find sync target. Currently checking 0 peers for usefulness","throwable":""}
{"timestamp":"2025-08-01T06:56:02,463","container":"71351656b7be","level":"INFO","thread":"EthScheduler-Timer-0","class":"FullSyncTargetManager","message":"Unable to find sync target. Currently checking 0 peers for usefulness","throwable":""}
{"timestamp":"2025-08-01T06:56:07,466","container":"71351656b7be","level":"INFO","thread":"EthScheduler-Timer-0","class":"FullSyncTargetManager","message":"Unable to find sync target. Currently checking 0 peers for usefulness","throwable":""}
{"timestamp":"2025-08-01T06:56:12,475","container":"71351656b7be","level":"INFO","thread":"EthScheduler-Timer-0","class":"FullSyncTargetManager","message":"Unable to find sync target. Currently checking 0 peers for usefulness","throwable":""}
{"timestamp":"2025-08-01T06:56:17,481","container":"71351656b7be","level":"INFO","thread":"EthScheduler-Timer-0","class":"FullSyncTargetManager","message":"Unable to find sync target. Currently checking 0 peers for usefulness","throwable":""}
{"timestamp":"2025-08-01T06:56:22,487","container":"71351656b7be","level":"INFO","thread":"EthScheduler-Timer-0","class":"FullSyncTargetManager","message":"Unable to find sync target. Currently checking 0 peers for usefulness","throwable":""}
{"timestamp":"2025-08-01T06:56:27,488","container":"71351656b7be","level":"INFO","thread":"EthScheduler-Timer-0","class":"FullSyncTargetManager","message":"Unable to find sync target. Currently checking 0 peers for usefulness","throwable":""}
{"timestamp":"2025-08-01T06:56:32,495","container":"71351656b7be","level":"INFO","thread":"EthScheduler-Timer-0","class":"FullSyncTargetManager","message":"Unable to find sync target. Currently checking 0 peers for usefulness","throwable":""}
{"timestamp":"2025-08-01T06:56:37,496","container":"71351656b7be","level":"INFO","thread":"EthScheduler-Timer-0","class":"FullSyncTargetManager","message":"Unable to find sync target. Currently checking 0 peers for usefulness","throwable":""}
{"timestamp":"2025-08-01T06:56:42,498","container":"71351656b7be","level":"INFO","thread":"EthScheduler-Timer-0","class":"FullSyncTargetManager","message":"Unable to find sync target. Currently checking 0 peers for usefulness","throwable":""}
{"timestamp":"2025-08-01T06:56:47,509","container":"71351656b7be","level":"INFO","thread":"EthScheduler-Timer-0","class":"FullSyncTargetManager","message":"Unable to find sync target. Currently checking 0 peers for usefulness","throwable":""}
{"timestamp":"2025-08-01T06:56:52,513","container":"71351656b7be","level":"INFO","thread":"EthScheduler-Timer-0","class":"FullSyncTargetManager","message":"Unable to find sync target. Currently checking 0 peers for usefulness","throwable":""}
{"timestamp":"2025-08-01T06:56:57,514","container":"71351656b7be","level":"INFO","thread":"EthScheduler-Timer-0","class":"FullSyncTargetManager","message":"Unable to find sync target. Currently checking 0 peers for usefulness","throwable":""}
{"timestamp":"2025-08-01T06:57:02,520","container":"71351656b7be","level":"INFO","thread":"EthScheduler-Timer-0","class":"FullSyncTargetManager","message":"Unable to find sync target. Currently checking 0 peers for usefulness","throwable":""}
{"timestamp":"2025-08-01T06:57:07,526","container":"71351656b7be","level":"INFO","thread":"EthScheduler-Timer-0","class":"FullSyncTargetManager","message":"Unable to find sync target. Currently checking 0 peers for usefulness","throwable":""}
{"timestamp":"2025-08-01T06:57:12,529","container":"71351656b7be","level":"INFO","thread":"EthScheduler-Timer-0","class":"FullSyncTargetManager","message":"Unable to find sync target. Currently checking 0 peers for usefulness","throwable":""}
{"timestamp":"2025-08-01T06:57:17,531","container":"71351656b7be","level":"INFO","thread":"EthScheduler-Timer-0","class":"FullSyncTargetManager","message":"Unable to find sync target. Currently checking 0 peers for usefulness","throwable":""}
{"timestamp":"2025-08-01T06:57:22,541","container":"71351656b7be","level":"INFO","thread":"EthScheduler-Timer-0","class":"FullSyncTargetManager","message":"Unable to find sync target. Currently checking 0 peers for usefulness","throwable":""}
{"timestamp":"2025-08-01T06:57:27,544","container":"71351656b7be","level":"INFO","thread":"EthScheduler-Timer-0","class":"FullSyncTargetManager","message":"Unable to find sync target. Currently checking 0 peers for usefulness","throwable":""}
{"timestamp":"2025-08-01T06:57:32,559","container":"71351656b7be","level":"INFO","thread":"EthScheduler-Timer-0","class":"FullSyncTargetManager","message":"Unable to find sync target. Currently checking 0 peers for usefulness","throwable":""}
{"timestamp":"2025-08-01T06:57:37,563","container":"71351656b7be","level":"INFO","thread":"EthScheduler-Timer-0","class":"FullSyncTargetManager","message":"Unable to find sync target. Currently checking 0 peers for usefulness","throwable":""}
{"timestamp":"2025-08-01T06:57:42,564","container":"71351656b7be","level":"INFO","thread":"EthScheduler-Timer-0","class":"FullSyncTargetManager","message":"Unable to find sync target. Currently checking 0 peers for usefulness","throwable":""}
{"timestamp":"2025-08-01T06:57:47,580","container":"71351656b7be","level":"INFO","thread":"EthScheduler-Timer-0","class":"FullSyncTargetManager","message":"Unable to find sync target. Currently checking 0 peers for usefulness","throwable":""}
{"timestamp":"2025-08-01T06:57:52,582","container":"71351656b7be","level":"INFO","thread":"EthScheduler-Timer-0","class":"FullSyncTargetManager","message":"Unable to find sync target. Currently checking 0 peers for usefulness","throwable":""}
{"timestamp":"2025-08-01T06:57:57,588","container":"71351656b7be","level":"INFO","thread":"EthScheduler-Timer-0","class":"FullSyncTargetManager","message":"Unable to find sync target. Currently checking 0 peers for usefulness","throwable":""}
{"timestamp":"2025-08-01T06:58:02,589","container":"71351656b7be","level":"INFO","thread":"EthScheduler-Timer-0","class":"FullSyncTargetManager","message":"Unable to find sync target. Currently checking 0 peers for usefulness","throwable":""}
{"timestamp":"2025-08-01T06:58:07,593","container":"71351656b7be","level":"INFO","thread":"EthScheduler-Timer-0","class":"FullSyncTargetManager","message":"Unable to find sync target. Currently checking 0 peers for usefulness","throwable":""}
{"timestamp":"2025-08-01T06:58:12,614","container":"71351656b7be","level":"INFO","thread":"EthScheduler-Timer-0","class":"FullSyncTargetManager","message":"Unable to find sync target. Currently checking 0 peers for usefulness","throwable":""}
{"timestamp":"2025-08-01T06:58:17,617","container":"71351656b7be","level":"INFO","thread":"EthScheduler-Timer-0","class":"FullSyncTargetManager","message":"Unable to find sync target. Currently checking 0 peers for usefulness","throwable":""}
{"timestamp":"2025-08-01T06:58:22,618","container":"71351656b7be","level":"INFO","thread":"EthScheduler-Timer-0","class":"FullSyncTargetManager","message":"Unable to find sync target. Currently checking 0 peers for usefulness","throwable":""}
{"timestamp":"2025-08-01T06:58:27,632","container":"71351656b7be","level":"INFO","thread":"EthScheduler-Timer-0","class":"FullSyncTargetManager","message":"Unable to find sync target. Currently checking 0 peers for usefulness","throwable":""}
{"timestamp":"2025-08-01T06:58:32,635","container":"71351656b7be","level":"INFO","thread":"EthScheduler-Timer-0","class":"FullSyncTargetManager","message":"Unable to find sync target. Currently checking 0 peers for usefulness","throwable":""}
{"timestamp":"2025-08-01T06:58:37,638","container":"71351656b7be","level":"INFO","thread":"EthScheduler-Timer-0","class":"FullSyncTargetManager","message":"Unable to find sync target. Currently checking 0 peers for usefulness","throwable":""}
{"timestamp":"2025-08-01T06:58:42,639","container":"71351656b7be","level":"INFO","thread":"EthScheduler-Timer-0","class":"FullSyncTargetManager","message":"Unable to find sync target. Currently checking 0 peers for usefulness","throwable":""}
{"timestamp":"2025-08-01T06:58:47,644","container":"71351656b7be","level":"INFO","thread":"EthScheduler-Timer-0","class":"FullSyncTargetManager","message":"Unable to find sync target. Currently checking 0 peers for usefulness","throwable":""}
{"timestamp":"2025-08-01T06:58:52,645","container":"71351656b7be","level":"INFO","thread":"EthScheduler-Timer-0","class":"FullSyncTargetManager","message":"Unable to find sync target. Currently checking 0 peers for usefulness","throwable":""}
{"timestamp":"2025-08-01T06:58:57,651","container":"71351656b7be","level":"INFO","thread":"EthScheduler-Timer-0","class":"FullSyncTargetManager","message":"Unable to find sync target. Currently checking 0 peers for usefulness","throwable":""}
{"timestamp":"2025-08-01T06:59:02,669","container":"71351656b7be","level":"INFO","thread":"EthScheduler-Timer-0","class":"FullSyncTargetManager","message":"Unable to find sync target. Currently checking 0 peers for usefulness","throwable":""}
{"timestamp":"2025-08-01T06:59:07,680","container":"71351656b7be","level":"INFO","thread":"EthScheduler-Timer-0","class":"FullSyncTargetManager","message":"Unable to find sync target. Currently checking 0 peers for usefulness","throwable":""}
{"timestamp":"2025-08-01T06:59:12,688","container":"71351656b7be","level":"INFO","thread":"EthScheduler-Timer-0","class":"FullSyncTargetManager","message":"Unable to find sync target. Currently checking 0 peers for usefulness","throwable":""}
{"timestamp":"2025-08-01T06:59:17,693","container":"71351656b7be","level":"INFO","thread":"EthScheduler-Timer-0","class":"FullSyncTargetManager","message":"Unable to find sync target. Currently checking 0 peers for usefulness","throwable":""}
{"timestamp":"2025-08-01T06:59:22,697","container":"71351656b7be","level":"INFO","thread":"EthScheduler-Timer-0","class":"FullSyncTargetManager","message":"Unable to find sync target. Currently checking 0 peers for usefulness","throwable":""}
{"timestamp":"2025-08-01T06:59:27,708","container":"71351656b7be","level":"INFO","thread":"EthScheduler-Timer-0","class":"FullSyncTargetManager","message":"Unable to find sync target. Currently checking 0 peers for usefulness","throwable":""}
{"timestamp":"2025-08-01T06:59:32,710","container":"71351656b7be","level":"INFO","thread":"EthScheduler-Timer-0","class":"FullSyncTargetManager","message":"Unable to find sync target. Currently checking 0 peers for usefulness","throwable":""}
{"timestamp":"2025-08-01T06:59:37,718","container":"71351656b7be","level":"INFO","thread":"EthScheduler-Timer-0","class":"FullSyncTargetManager","message":"Unable to find sync target. Currently checking 0 peers for usefulness","throwable":""}
{"timestamp":"2025-08-01T06:59:42,719","container":"71351656b7be","level":"INFO","thread":"EthScheduler-Timer-0","class":"FullSyncTargetManager","message":"Unable to find sync target. Currently checking 0 peers for usefulness","throwable":""}
{"timestamp":"2025-08-01T06:59:47,722","container":"71351656b7be","level":"INFO","thread":"EthScheduler-Timer-0","class":"FullSyncTargetManager","message":"Unable to find sync target. Currently checking 0 peers for usefulness","throwable":""}
{"timestamp":"2025-08-01T06:59:52,785","container":"71351656b7be","level":"INFO","thread":"EthScheduler-Timer-0","class":"FullSyncTargetManager","message":"Unable to find sync target. Currently checking 0 peers for usefulness","throwable":""}
{"timestamp":"2025-08-01T06:59:57,803","container":"71351656b7be","level":"INFO","thread":"EthScheduler-Timer-0","class":"FullSyncTargetManager","message":"Unable to find sync target. Currently checking 0 peers for usefulness","throwable":""}
{"timestamp":"2025-08-01T07:00:02,810","container":"71351656b7be","level":"INFO","thread":"EthScheduler-Timer-0","class":"FullSyncTargetManager","message":"Unable to find sync target. Currently checking 0 peers for usefulness","throwable":""}
{"timestamp":"2025-08-01T07:00:07,821","container":"71351656b7be","level":"INFO","thread":"EthScheduler-Timer-0","class":"FullSyncTargetManager","message":"Unable to find sync target. Currently checking 0 peers for usefulness","throwable":""}
{"timestamp":"2025-08-01T07:00:12,831","container":"71351656b7be","level":"INFO","thread":"EthScheduler-Timer-0","class":"FullSyncTargetManager","message":"Unable to find sync target. Currently checking 0 peers for usefulness","throwable":""}
{"timestamp":"2025-08-01T07:00:17,838","container":"71351656b7be","level":"INFO","thread":"EthScheduler-Timer-0","class":"FullSyncTargetManager","message":"Unable to find sync target. Currently checking 0 peers for usefulness","throwable":""}
{"timestamp":"2025-08-01T07:00:22,839","container":"71351656b7be","level":"INFO","thread":"EthScheduler-Timer-0","class":"FullSyncTargetManager","message":"Unable to find sync target. Currently checking 0 peers for usefulness","throwable":""}
{"timestamp":"2025-08-01T07:00:27,840","container":"71351656b7be","level":"INFO","thread":"EthScheduler-Timer-0","class":"FullSyncTargetManager","message":"Unable to find sync target. Currently checking 0 peers for usefulness","throwable":""}
{"timestamp":"2025-08-01T07:00:32,843","container":"71351656b7be","level":"INFO","thread":"EthScheduler-Timer-0","class":"FullSyncTargetManager","message":"Unable to find sync target. Currently checking 0 peers for usefulness","throwable":""}
{"timestamp":"2025-08-01T07:00:37,844","container":"71351656b7be","level":"INFO","thread":"EthScheduler-Timer-0","class":"FullSyncTargetManager","message":"Unable to find sync target. Currently checking 0 peers for usefulness","throwable":""}
{"timestamp":"2025-08-01T07:00:42,848","container":"71351656b7be","level":"INFO","thread":"EthScheduler-Timer-0","class":"FullSyncTargetManager","message":"Unable to find sync target. Currently checking 0 peers for usefulness","throwable":""}
{"timestamp":"2025-08-01T07:00:47,855","container":"71351656b7be","level":"INFO","thread":"EthScheduler-Timer-0","class":"FullSyncTargetManager","message":"Unable to find sync target. Currently checking 0 peers for usefulness","throwable":""}
{"timestamp":"2025-08-01T07:00:52,856","container":"71351656b7be","level":"INFO","thread":"EthScheduler-Timer-0","class":"FullSyncTargetManager","message":"Unable to find sync target. Currently checking 0 peers for usefulness","throwable":""}
{"timestamp":"2025-08-01T07:00:57,860","container":"71351656b7be","level":"INFO","thread":"EthScheduler-Timer-0","class":"FullSyncTargetManager","message":"Unable to find sync target. Currently checking 0 peers for usefulness","throwable":""}
{"timestamp":"2025-08-01T07:01:02,863","container":"71351656b7be","level":"INFO","thread":"EthScheduler-Timer-0","class":"FullSyncTargetManager","message":"Unable to find sync target. Currently checking 0 peers for usefulness","throwable":""}
{"timestamp":"2025-08-01T07:01:07,864","container":"71351656b7be","level":"INFO","thread":"EthScheduler-Timer-0","class":"FullSyncTargetManager","message":"Unable to find sync target. Currently checking 0 peers for usefulness","throwable":""}
{"timestamp":"2025-08-01T07:01:12,865","container":"71351656b7be","level":"INFO","thread":"EthScheduler-Timer-0","class":"FullSyncTargetManager","message":"Unable to find sync target. Currently checking 0 peers for usefulness","throwable":""}
{"timestamp":"2025-08-01T07:01:17,867","container":"71351656b7be","level":"INFO","thread":"EthScheduler-Timer-0","class":"FullSyncTargetManager","message":"Unable to find sync target. Currently checking 0 peers for usefulness","throwable":""}
{"timestamp":"2025-08-01T07:01:22,869","container":"71351656b7be","level":"INFO","thread":"EthScheduler-Timer-0","class":"FullSyncTargetManager","message":"Unable to find sync target. Currently checking 0 peers for usefulness","throwable":""}
{"timestamp":"2025-08-01T07:01:27,870","container":"71351656b7be","level":"INFO","thread":"EthScheduler-Timer-0","class":"FullSyncTargetManager","message":"Unable to find sync target. Currently checking 0 peers for usefulness","throwable":""}
{"timestamp":"2025-08-01T07:01:32,871","container":"71351656b7be","level":"INFO","thread":"EthScheduler-Timer-0","class":"FullSyncTargetManager","message":"Unable to find sync target. Currently checking 0 peers for usefulness","throwable":""}
{"timestamp":"2025-08-01T07:01:37,872","container":"71351656b7be","level":"INFO","thread":"EthScheduler-Timer-0","class":"FullSyncTargetManager","message":"Unable to find sync target. Currently checking 0 peers for usefulness","throwable":""}
{"timestamp":"2025-08-01T07:01:42,873","container":"71351656b7be","level":"INFO","thread":"EthScheduler-Timer-0","class":"FullSyncTargetManager","message":"Unable to find sync target. Currently checking 0 peers for usefulness","throwable":""}
{"timestamp":"2025-08-01T07:01:47,883","container":"71351656b7be","level":"INFO","thread":"EthScheduler-Timer-0","class":"FullSyncTargetManager","message":"Unable to find sync target. Currently checking 0 peers for usefulness","throwable":""}
{"timestamp":"2025-08-01T07:01:52,885","container":"71351656b7be","level":"INFO","thread":"EthScheduler-Timer-0","class":"FullSyncTargetManager","message":"Unable to find sync target. Currently checking 0 peers for usefulness","throwable":""}
{"timestamp":"2025-08-01T07:01:57,895","container":"71351656b7be","level":"INFO","thread":"EthScheduler-Timer-0","class":"FullSyncTargetManager","message":"Unable to find sync target. Currently checking 0 peers for usefulness","throwable":""}
{"timestamp":"2025-08-01T07:02:02,897","container":"71351656b7be","level":"INFO","thread":"EthScheduler-Timer-0","class":"FullSyncTargetManager","message":"Unable to find sync target. Currently checking 0 peers for usefulness","throwable":""}
{"timestamp":"2025-08-01T07:02:07,901","container":"71351656b7be","level":"INFO","thread":"EthScheduler-Timer-0","class":"FullSyncTargetManager","message":"Unable to find sync target. Currently checking 0 peers for usefulness","throwable":""}
{"timestamp":"2025-08-01T07:02:12,906","container":"71351656b7be","level":"INFO","thread":"EthScheduler-Timer-0","class":"FullSyncTargetManager","message":"Unable to find sync target. Currently checking 0 peers for usefulness","throwable":""}
{"timestamp":"2025-08-01T07:02:17,907","container":"71351656b7be","level":"INFO","thread":"EthScheduler-Timer-0","class":"FullSyncTargetManager","message":"Unable to find sync target. Currently checking 0 peers for usefulness","throwable":""}
{"timestamp":"2025-08-01T07:02:22,910","container":"71351656b7be","level":"INFO","thread":"EthScheduler-Timer-0","class":"FullSyncTargetManager","message":"Unable to find sync target. Currently checking 0 peers for usefulness","throwable":""}
{"timestamp":"2025-08-01T07:02:27,913","container":"71351656b7be","level":"INFO","thread":"EthScheduler-Timer-0","class":"FullSyncTargetManager","message":"Unable to find sync target. Currently checking 0 peers for usefulness","throwable":""}
{"timestamp":"2025-08-01T07:02:32,918","container":"71351656b7be","level":"INFO","thread":"EthScheduler-Timer-0","class":"FullSyncTargetManager","message":"Unable to find sync target. Currently checking 0 peers for usefulness","throwable":""}
{"timestamp":"2025-08-01T07:02:37,922","container":"71351656b7be","level":"INFO","thread":"EthScheduler-Timer-0","class":"FullSyncTargetManager","message":"Unable to find sync target. Currently checking 0 peers for usefulness","throwable":""}
{"timestamp":"2025-08-01T07:02:42,927","container":"71351656b7be","level":"INFO","thread":"EthScheduler-Timer-0","class":"FullSyncTargetManager","message":"Unable to find sync target. Currently checking 0 peers for usefulness","throwable":""}
{"timestamp":"2025-08-01T07:02:47,936","container":"71351656b7be","level":"INFO","thread":"EthScheduler-Timer-0","class":"FullSyncTargetManager","message":"Unable to find sync target. Currently checking 0 peers for usefulness","throwable":""}
{"timestamp":"2025-08-01T07:02:52,941","container":"71351656b7be","level":"INFO","thread":"EthScheduler-Timer-0","class":"FullSyncTargetManager","message":"Unable to find sync target. Currently checking 0 peers for usefulness","throwable":""}
{"timestamp":"2025-08-01T07:02:57,946","container":"71351656b7be","level":"INFO","thread":"EthScheduler-Timer-0","class":"FullSyncTargetManager","message":"Unable to find sync target. Currently checking 0 peers for usefulness","throwable":""}
{"timestamp":"2025-08-01T07:03:02,950","container":"71351656b7be","level":"INFO","thread":"EthScheduler-Timer-0","class":"FullSyncTargetManager","message":"Unable to find sync target. Currently checking 0 peers for usefulness","throwable":""}
{"timestamp":"2025-08-01T07:03:07,955","container":"71351656b7be","level":"INFO","thread":"EthScheduler-Timer-0","class":"FullSyncTargetManager","message":"Unable to find sync target. Currently checking 0 peers for usefulness","throwable":""}
{"timestamp":"2025-08-01T07:03:12,955","container":"71351656b7be","level":"INFO","thread":"EthScheduler-Timer-0","class":"FullSyncTargetManager","message":"Unable to find sync target. Currently checking 0 peers for usefulness","throwable":""}
{"timestamp":"2025-08-01T07:03:17,957","container":"71351656b7be","level":"INFO","thread":"EthScheduler-Timer-0","class":"FullSyncTargetManager","message":"Unable to find sync target. Currently checking 0 peers for usefulness","throwable":""}
{"timestamp":"2025-08-01T07:03:22,961","container":"71351656b7be","level":"INFO","thread":"EthScheduler-Timer-0","class":"FullSyncTargetManager","message":"Unable to find sync target. Currently checking 0 peers for usefulness","throwable":""}
{"timestamp":"2025-08-01T07:03:27,966","container":"71351656b7be","level":"INFO","thread":"EthScheduler-Timer-0","class":"FullSyncTargetManager","message":"Unable to find sync target. Currently checking 0 peers for usefulness","throwable":""}
{"timestamp":"2025-08-01T07:03:32,972","container":"71351656b7be","level":"INFO","thread":"EthScheduler-Timer-0","class":"FullSyncTargetManager","message":"Unable to find sync target. Currently checking 0 peers for usefulness","throwable":""}
{"timestamp":"2025-08-01T07:03:37,984","container":"71351656b7be","level":"INFO","thread":"EthScheduler-Timer-0","class":"FullSyncTargetManager","message":"Unable to find sync target. Currently checking 0 peers for usefulness","throwable":""}
{"timestamp":"2025-08-01T07:03:42,987","container":"71351656b7be","level":"INFO","thread":"EthScheduler-Timer-0","class":"FullSyncTargetManager","message":"Unable to find sync target. Currently checking 0 peers for usefulness","throwable":""}
{"timestamp":"2025-08-01T07:03:47,991","container":"71351656b7be","level":"INFO","thread":"EthScheduler-Timer-0","class":"FullSyncTargetManager","message":"Unable to find sync target. Currently checking 0 peers for usefulness","throwable":""}
{"timestamp":"2025-08-01T07:03:52,993","container":"71351656b7be","level":"INFO","thread":"EthScheduler-Timer-0","class":"FullSyncTargetManager","message":"Unable to find sync target. Currently checking 0 peers for usefulness","throwable":""}
{"timestamp":"2025-08-01T07:03:57,995","container":"71351656b7be","level":"INFO","thread":"EthScheduler-Timer-0","class":"FullSyncTargetManager","message":"Unable to find sync target. Currently checking 0 peers for usefulness","throwable":""}
{"timestamp":"2025-08-01T07:04:03,010","container":"71351656b7be","level":"INFO","thread":"EthScheduler-Timer-0","class":"FullSyncTargetManager","message":"Unable to find sync target. Currently checking 0 peers for usefulness","throwable":""}
{"timestamp":"2025-08-01T07:04:08,012","container":"71351656b7be","level":"INFO","thread":"EthScheduler-Timer-0","class":"FullSyncTargetManager","message":"Unable to find sync target. Currently checking 0 peers for usefulness","throwable":""}
{"timestamp":"2025-08-01T07:04:13,018","container":"71351656b7be","level":"INFO","thread":"EthScheduler-Timer-0","class":"FullSyncTargetManager","message":"Unable to find sync target. Currently checking 0 peers for usefulness","throwable":""}
{"timestamp":"2025-08-01T07:04:18,019","container":"71351656b7be","level":"INFO","thread":"EthScheduler-Timer-0","class":"FullSyncTargetManager","message":"Unable to find sync target. Currently checking 0 peers for usefulness","throwable":""}
{"timestamp":"2025-08-01T07:04:23,024","container":"71351656b7be","level":"INFO","thread":"EthScheduler-Timer-0","class":"FullSyncTargetManager","message":"Unable to find sync target. Currently checking 0 peers for usefulness","throwable":""}
{"timestamp":"2025-08-01T07:04:28,026","container":"71351656b7be","level":"INFO","thread":"EthScheduler-Timer-0","class":"FullSyncTargetManager","message":"Unable to find sync target. Currently checking 0 peers for usefulness","throwable":""}
{"timestamp":"2025-08-01T07:04:33,031","container":"71351656b7be","level":"INFO","thread":"EthScheduler-Timer-0","class":"FullSyncTargetManager","message":"Unable to find sync target. Currently checking 0 peers for usefulness","throwable":""}
{"timestamp":"2025-08-01T07:04:38,033","container":"71351656b7be","level":"INFO","thread":"EthScheduler-Timer-0","class":"FullSyncTargetManager","message":"Unable to find sync target. Currently checking 0 peers for usefulness","throwable":""}
{"timestamp":"2025-08-01T07:04:43,041","container":"71351656b7be","level":"INFO","thread":"EthScheduler-Timer-0","class":"FullSyncTargetManager","message":"Unable to find sync target. Currently checking 0 peers for usefulness","throwable":""}
{"timestamp":"2025-08-01T07:04:48,043","container":"71351656b7be","level":"INFO","thread":"EthScheduler-Timer-0","class":"FullSyncTargetManager","message":"Unable to find sync target. Currently checking 0 peers for usefulness","throwable":""}
{"timestamp":"2025-08-01T07:04:53,044","container":"71351656b7be","level":"INFO","thread":"EthScheduler-Timer-0","class":"FullSyncTargetManager","message":"Unable to find sync target. Currently checking 0 peers for usefulness","throwable":""}
{"timestamp":"2025-08-01T07:04:58,046","container":"71351656b7be","level":"INFO","thread":"EthScheduler-Timer-0","class":"FullSyncTargetManager","message":"Unable to find sync target. Currently checking 0 peers for usefulness","throwable":""}
{"timestamp":"2025-08-01T07:05:03,047","container":"71351656b7be","level":"INFO","thread":"EthScheduler-Timer-0","class":"FullSyncTargetManager","message":"Unable to find sync target. Currently checking 0 peers for usefulness","throwable":""}
{"timestamp":"2025-08-01T07:05:08,048","container":"71351656b7be","level":"INFO","thread":"EthScheduler-Timer-0","class":"FullSyncTargetManager","message":"Unable to find sync target. Currently checking 0 peers for usefulness","throwable":""}
{"timestamp":"2025-08-01T07:05:13,050","container":"71351656b7be","level":"INFO","thread":"EthScheduler-Timer-0","class":"FullSyncTargetManager","message":"Unable to find sync target. Currently checking 0 peers for usefulness","throwable":""}
{"timestamp":"2025-08-01T07:05:18,051","container":"71351656b7be","level":"INFO","thread":"EthScheduler-Timer-0","class":"FullSyncTargetManager","message":"Unable to find sync target. Currently checking 0 peers for usefulness","throwable":""}
{"timestamp":"2025-08-01T07:05:23,052","container":"71351656b7be","level":"INFO","thread":"EthScheduler-Timer-0","class":"FullSyncTargetManager","message":"Unable to find sync target. Currently checking 0 peers for usefulness","throwable":""}
