{"timestamp":"2025-07-18T11:18:08,254","container":"b4173de707db","level":"INFO","thread":"main","class":"Besu","message":"Starting Besu","throwable":""}
{"timestamp":"2025-07-18T11:18:08,773","container":"b4173de707db","level":"WARN","thread":"main","class":"Besu","message":"--min-gas-price has been ignored because --miner-enabled was not defined on the command line.","throwable":""}
{"timestamp":"2025-07-18T11:18:09,688","container":"b4173de707db","level":"INFO","thread":"main","class":"Besu","message":"
####################################################################################################
#                                                                                                  #
# Besu version 23.4.1                                                                              #
#                                                                                                  #
# Configuration:                                                                                   #
# Network: Custom genesis file specified                                                           #
# Network Id: 1337                                                                                 #
# Data storage: Forest                                                                             #
# Sync mode: Full                                                                                  #
# RPC HTTP APIs: EEA,WEB3,ETH,NET,TRACE,DEBUG,ADMIN,TXPOOL,PRIV,PERM,QBFT                          #
# RPC HTTP port: 8545                                                                              #
#                                                                                                  #
# Host:                                                                                            #
# Java: openjdk-java-17                                                                            #
# Maximum heap size: 3.84 GB                                                                       #
# OS: linux-x86_64                                                                                 #
# glibc: 2.35                                                                                      #
# jemalloc: 5.2.1-0-gea6b3e973b477b8061e0076bb257dbd7f3faa756                                      #
# Total memory: 15.35 GB                                                                           #
# CPU cores: 8                                                                                     #
#                                                                                                  #
####################################################################################################","throwable":""}
{"timestamp":"2025-07-18T11:18:09,688","container":"b4173de707db","level":"INFO","thread":"main","class":"Besu","message":"Connecting to 8 static nodes.","throwable":""}
{"timestamp":"2025-07-18T11:18:09,688","container":"b4173de707db","level":"INFO","thread":"main","class":"Besu","message":"Security Module: localfile","throwable":""}
{"timestamp":"2025-07-18T11:18:09,739","container":"b4173de707db","level":"INFO","thread":"main","class":"Besu","message":"Using the native implementation of alt bn128","throwable":""}
{"timestamp":"2025-07-18T11:18:09,781","container":"b4173de707db","level":"INFO","thread":"main","class":"Besu","message":"Using the native implementation of modexp","throwable":""}
{"timestamp":"2025-07-18T11:18:09,782","container":"b4173de707db","level":"INFO","thread":"main","class":"Besu","message":"Using the native implementation of the signature algorithm","throwable":""}
{"timestamp":"2025-07-18T11:18:09,786","container":"b4173de707db","level":"INFO","thread":"main","class":"Besu","message":"Using the native implementation of the blake2bf algorithm","throwable":""}
{"timestamp":"2025-07-18T11:18:09,806","container":"b4173de707db","level":"INFO","thread":"main","class":"RocksDBKeyValueStorageFactory","message":"No existing database detected at /opt/besu/data. Using version 1","throwable":""}
{"timestamp":"2025-07-18T11:18:10,712","container":"b4173de707db","level":"INFO","thread":"main","class":"KeyPairUtil","message":"Loaded public key 0x59cf0c623c582fa9b19bdf70fb6bade07f4ae32218dd4d1c7e2c7e65acf87da45cf2ab55d16d27360aafef17622c37c09db60d7680ebcc17b78867f4c05bcaa4 from /opt/besu/keys/nodekey","throwable":""}
{"timestamp":"2025-07-18T11:18:10,720","container":"b4173de707db","level":"WARN","thread":"main","class":"Besu","message":"Privacy is disabled. Cannot use EEA/PRIV API methods when not using Privacy.","throwable":""}
{"timestamp":"2025-07-18T11:18:10,977","container":"b4173de707db","level":"INFO","thread":"main","class":"ProtocolScheduleBuilder","message":"Protocol schedule created with milestones: [GrayGlacier: 0]","throwable":""}
{"timestamp":"2025-07-18T11:18:11,168","container":"b4173de707db","level":"INFO","thread":"main","class":"TransactionPoolFactory","message":"Enabling transaction pool","throwable":""}
{"timestamp":"2025-07-18T11:18:11,185","container":"b4173de707db","level":"INFO","thread":"main","class":"BesuControllerBuilder","message":"TTD difficulty is not present, creating initial sync phase for PoW","throwable":""}
{"timestamp":"2025-07-18T11:18:11,266","container":"b4173de707db","level":"INFO","thread":"main","class":"RunnerBuilder","message":"Detecting NAT service.","throwable":""}
{"timestamp":"2025-07-18T11:18:12,312","container":"b4173de707db","level":"INFO","thread":"main","class":"Runner","message":"Starting external services ... ","throwable":""}
{"timestamp":"2025-07-18T11:18:12,313","container":"b4173de707db","level":"INFO","thread":"main","class":"MetricsHttpService","message":"Starting metrics http service on 0.0.0.0:9545","throwable":""}
{"timestamp":"2025-07-18T11:18:12,592","container":"b4173de707db","level":"INFO","thread":"main","class":"JsonRpcHttpService","message":"Starting JSON-RPC service on 0.0.0.0:8545","throwable":""}
{"timestamp":"2025-07-18T11:18:12,609","container":"b4173de707db","level":"INFO","thread":"vert.x-eventloop-thread-1","class":"MetricsHttpService","message":"Metrics service started and listening on 0.0.0.0:9545","throwable":""}
{"timestamp":"2025-07-18T11:18:12,614","container":"b4173de707db","level":"INFO","thread":"vert.x-eventloop-thread-1","class":"JsonRpcHttpService","message":"JSON-RPC service started and listening on 0.0.0.0:8545","throwable":""}
{"timestamp":"2025-07-18T11:18:12,616","container":"b4173de707db","level":"INFO","thread":"main","class":"GraphQLHttpService","message":"Starting GraphQL HTTP service on 0.0.0.0:8547","throwable":""}
{"timestamp":"2025-07-18T11:18:12,633","container":"b4173de707db","level":"INFO","thread":"vert.x-eventloop-thread-1","class":"GraphQLHttpService","message":"GraphQL HTTP service started and listening on 0.0.0.0:8547","throwable":""}
{"timestamp":"2025-07-18T11:18:12,635","container":"b4173de707db","level":"INFO","thread":"main","class":"WebSocketService","message":"Starting Websocket service on 0.0.0.0:8546","throwable":""}
{"timestamp":"2025-07-18T11:18:12,638","container":"b4173de707db","level":"INFO","thread":"vert.x-eventloop-thread-1","class":"WebSocketService","message":"Websocket service started and listening on 0.0.0.0:8546","throwable":""}
{"timestamp":"2025-07-18T11:18:12,641","container":"b4173de707db","level":"INFO","thread":"main","class":"AutoTransactionLogBloomCachingService","message":"Starting auto transaction log bloom caching service.","throwable":""}
{"timestamp":"2025-07-18T11:18:12,643","container":"b4173de707db","level":"INFO","thread":"main","class":"LogBloomCacheMetadata","message":"Lookup cache metadata file in data directory: /opt/besu/data/caches","throwable":""}
{"timestamp":"2025-07-18T11:18:12,682","container":"b4173de707db","level":"INFO","thread":"main","class":"Runner","message":"Starting Ethereum main loop ... ","throwable":""}
{"timestamp":"2025-07-18T11:18:12,683","container":"b4173de707db","level":"INFO","thread":"main","class":"DockerNatManager","message":"Starting docker NAT manager.","throwable":""}
{"timestamp":"2025-07-18T11:18:12,696","container":"b4173de707db","level":"INFO","thread":"main","class":"NetworkRunner","message":"Starting Network.","throwable":""}
{"timestamp":"2025-07-18T11:18:12,738","container":"b4173de707db","level":"INFO","thread":"nioEventLoopGroup-2-1","class":"RlpxAgent","message":"P2P RLPx agent started and listening on /[0:0:0:0:0:0:0:0]:30303.","throwable":""}
{"timestamp":"2025-07-18T11:18:12,748","container":"b4173de707db","level":"INFO","thread":"main","class":"PeerDiscoveryAgent","message":"Starting peer discovery agent on host=0.0.0.0, port=30303","throwable":""}
{"timestamp":"2025-07-18T11:18:12,793","container":"b4173de707db","level":"INFO","thread":"vert.x-eventloop-thread-1","class":"VertxPeerDiscoveryAgent","message":"Started peer discovery agent successfully, on effective host=0:0:0:0:0:0:0:0%0 and port=30303","throwable":""}
{"timestamp":"2025-07-18T11:18:12,798","container":"b4173de707db","level":"INFO","thread":"main","class":"PeerDiscoveryAgent","message":"P2P peer discovery agent started and listening on /[0:0:0:0:0:0:0:0%0]:30303","throwable":""}
{"timestamp":"2025-07-18T11:18:12,882","container":"b4173de707db","level":"INFO","thread":"main","class":"PeerDiscoveryAgent","message":"Writing node record to disk. NodeRecord{seq=1, publicKey=0x0259cf0c623c582fa9b19bdf70fb6bade07f4ae32218dd4d1c7e2c7e65acf87da4, udpAddress=Optional[/10.26.106.46:30303], tcpAddress=Optional[/10.26.106.46:30303], asBase64=-Je4QM-n0SDQameVEh0KVTil7XcqPBZgnkMLWwVBH68W6QahInIZ7079LL4UeUxlUCCYeGjXCZxPR_AquVGASYd5u5sBg2V0aMfGhGpSrW2AgmlkgnY0gmlwhAoaai6Jc2VjcDI1NmsxoQJZzwxiPFgvqbGb33D7a63gf0rjIhjdTRx-LH5lrPh9pIN0Y3CCdl-DdWRwgnZf, nodeId=0x2a2fe7f9e880372cfd2bda0cce412f988377e31f4d0ff12d74df73b51c42d0ca, customFields={tcp=30303, udp=30303, ip=0x0a1a6a2e, eth=[[0x6a52ad6d, 0x]], id=V4, secp256k1=0x0259cf0c623c582fa9b19bdf70fb6bade07f4ae32218dd4d1c7e2c7e65acf87da4}}","throwable":""}
{"timestamp":"2025-07-18T11:18:12,996","container":"b4173de707db","level":"INFO","thread":"main","class":"DefaultP2PNetwork","message":"Enode URL enode://59cf0c623c582fa9b19bdf70fb6bade07f4ae32218dd4d1c7e2c7e65acf87da45cf2ab55d16d27360aafef17622c37c09db60d7680ebcc17b78867f4c05bcaa4@10.26.106.46:30303","throwable":""}
{"timestamp":"2025-07-18T11:18:12,996","container":"b4173de707db","level":"INFO","thread":"main","class":"DefaultP2PNetwork","message":"Node address 0xce412f988377e31f4d0ff12d74df73b51c42d0ca","throwable":""}
{"timestamp":"2025-07-18T11:18:13,093","container":"b4173de707db","level":"INFO","thread":"main","class":"NetworkRunner","message":"Supported capabilities: [eth/62, eth/63, eth/64, eth/65, eth/66, eth/67, eth/68], [istanbul/100], [snap/1]","throwable":""}
{"timestamp":"2025-07-18T11:18:13,094","container":"b4173de707db","level":"INFO","thread":"main","class":"DefaultSynchronizer","message":"Starting synchronizer.","throwable":""}
{"timestamp":"2025-07-18T11:18:13,095","container":"b4173de707db","level":"INFO","thread":"main","class":"TransactionPoolFactory","message":"Enabling transaction handling following initial sync","throwable":""}
{"timestamp":"2025-07-18T11:18:13,096","container":"b4173de707db","level":"INFO","thread":"main","class":"FullSyncDownloader","message":"Starting full sync.","throwable":""}
{"timestamp":"2025-07-18T11:18:13,097","container":"b4173de707db","level":"INFO","thread":"main","class":"FullSyncTargetManager","message":"Unable to find sync target. Currently checking 0 peers for usefulness","throwable":""}
{"timestamp":"2025-07-18T11:18:13,228","container":"b4173de707db","level":"INFO","thread":"main","class":"Runner","message":"Ethereum main loop is up.","throwable":""}
{"timestamp":"2025-07-18T11:18:18,119","container":"b4173de707db","level":"INFO","thread":"EthScheduler-Timer-0","class":"FullSyncTargetManager","message":"Unable to find sync target. Currently checking 0 peers for usefulness","throwable":""}
{"timestamp":"2025-07-18T11:18:23,120","container":"b4173de707db","level":"INFO","thread":"EthScheduler-Timer-0","class":"FullSyncTargetManager","message":"Unable to find sync target. Currently checking 0 peers for usefulness","throwable":""}
{"timestamp":"2025-07-18T11:18:28,121","container":"b4173de707db","level":"INFO","thread":"EthScheduler-Timer-0","class":"FullSyncTargetManager","message":"Unable to find sync target. Currently checking 0 peers for usefulness","throwable":""}
{"timestamp":"2025-07-18T11:18:33,122","container":"b4173de707db","level":"INFO","thread":"EthScheduler-Timer-0","class":"FullSyncTargetManager","message":"Unable to find sync target. Currently checking 0 peers for usefulness","throwable":""}
{"timestamp":"2025-07-18T11:18:38,123","container":"b4173de707db","level":"INFO","thread":"EthScheduler-Timer-0","class":"FullSyncTargetManager","message":"Unable to find sync target. Currently checking 0 peers for usefulness","throwable":""}
{"timestamp":"2025-07-18T11:18:43,124","container":"b4173de707db","level":"INFO","thread":"EthScheduler-Timer-0","class":"FullSyncTargetManager","message":"Unable to find sync target. Currently checking 0 peers for usefulness","throwable":""}
{"timestamp":"2025-07-18T11:18:48,125","container":"b4173de707db","level":"INFO","thread":"EthScheduler-Timer-0","class":"FullSyncTargetManager","message":"Unable to find sync target. Currently checking 0 peers for usefulness","throwable":""}
{"timestamp":"2025-07-18T11:18:53,126","container":"b4173de707db","level":"INFO","thread":"EthScheduler-Timer-0","class":"FullSyncTargetManager","message":"Unable to find sync target. Currently checking 0 peers for usefulness","throwable":""}
{"timestamp":"2025-07-18T11:18:58,127","container":"b4173de707db","level":"INFO","thread":"EthScheduler-Timer-0","class":"FullSyncTargetManager","message":"Unable to find sync target. Currently checking 0 peers for usefulness","throwable":""}
{"timestamp":"2025-07-18T11:19:03,128","container":"b4173de707db","level":"INFO","thread":"EthScheduler-Timer-0","class":"FullSyncTargetManager","message":"Unable to find sync target. Currently checking 0 peers for usefulness","throwable":""}
{"timestamp":"2025-07-18T11:19:07,971","container":"b4173de707db","level":"INFO","thread":"nioEventLoopGroup-3-9","class":"FullSyncTargetManager","message":"Unable to find sync target. Currently checking 1 peers for usefulness","throwable":""}
{"timestamp":"2025-07-18T11:19:08,745","container":"b4173de707db","level":"INFO","thread":"nioEventLoopGroup-3-10","class":"FullSyncTargetManager","message":"Unable to find sync target. Currently checking 2 peers for usefulness","throwable":""}
{"timestamp":"2025-07-18T11:19:10,021","container":"b4173de707db","level":"INFO","thread":"nioEventLoopGroup-3-1","class":"FullSyncTargetManager","message":"Unable to find sync target. Currently checking 3 peers for usefulness","throwable":""}
{"timestamp":"2025-07-18T11:19:15,023","container":"b4173de707db","level":"INFO","thread":"EthScheduler-Timer-0","class":"FullSyncTargetManager","message":"Unable to find sync target. Currently checking 3 peers for usefulness","throwable":""}
{"timestamp":"2025-07-18T11:19:20,024","container":"b4173de707db","level":"INFO","thread":"EthScheduler-Timer-0","class":"FullSyncTargetManager","message":"Unable to find sync target. Currently checking 3 peers for usefulness","throwable":""}
{"timestamp":"2025-07-18T11:19:23,298","container":"b4173de707db","level":"INFO","thread":"BftProcessorExecutor-QBFT-0","class":"QbftRound","message":"Importing proposed block to chain. round=ConsensusRoundIdentifier{Sequence=1, Round=3}, hash=0x2b3b143716caedfda6a6aa5efde2192568cb91cb3f3aeeba8beb636e5bca8c53","throwable":""}
{"timestamp":"2025-07-18T11:19:23,329","container":"b4173de707db","level":"INFO","thread":"BftProcessorExecutor-QBFT-0","class":"QbftBesuControllerBuilder","message":"Produced #1 / 0 tx / 0 pending / 0 (0.0%) gas / (0x2b3b143716caedfda6a6aa5efde2192568cb91cb3f3aeeba8beb636e5bca8c53)","throwable":""}
{"timestamp":"2025-07-18T11:19:25,025","container":"b4173de707db","level":"INFO","thread":"EthScheduler-Timer-0","class":"FullSyncTargetManager","message":"Unable to find sync target. Currently checking 3 peers for usefulness","throwable":""}
{"timestamp":"2025-07-18T11:19:30,026","container":"b4173de707db","level":"INFO","thread":"EthScheduler-Timer-0","class":"FullSyncTargetManager","message":"Unable to find sync target. Currently checking 3 peers for usefulness","throwable":""}
{"timestamp":"2025-07-18T11:19:33,123","container":"b4173de707db","level":"INFO","thread":"BftProcessorExecutor-QBFT-0","class":"QbftBesuControllerBuilder","message":"Imported #2 / 0 tx / 0 pending / 0 (0.0%) gas / (0x1e4baac1b6900a0e26c429afd4ee532614644d7a1ce498e67146ee78841b6328)","throwable":""}
{"timestamp":"2025-07-18T11:19:40,545","container":"b4173de707db","level":"INFO","thread":"BftProcessorExecutor-QBFT-0","class":"QbftBesuControllerBuilder","message":"Imported #3 / 0 tx / 0 pending / 0 (0.0%) gas / (0x3e05d11fdabe05429e5d85b9d2c62d7cf433f2a97093d4303f6aabe203b9dd4e)","throwable":""}
{"timestamp":"2025-07-18T11:19:47,073","container":"b4173de707db","level":"INFO","thread":"BftProcessorExecutor-QBFT-0","class":"QbftBesuControllerBuilder","message":"Imported #4 / 0 tx / 0 pending / 0 (0.0%) gas / (0x1b6308de1619bcdbf403de69415e96e16f19f43420061628ce2faf347e8ad464)","throwable":""}
{"timestamp":"2025-07-18T11:19:58,135","container":"b4173de707db","level":"INFO","thread":"BftProcessorExecutor-QBFT-0","class":"QbftBesuControllerBuilder","message":"Produced #5 / 0 tx / 0 pending / 0 (0.0%) gas / (0x645842cc13c47486c41e1973a06d4b33bc68f25e1a9c1996d613cdb231d10369)","throwable":""}
{"timestamp":"2025-07-18T11:20:03,060","container":"b4173de707db","level":"INFO","thread":"BftProcessorExecutor-QBFT-0","class":"QbftBesuControllerBuilder","message":"Imported #6 / 0 tx / 0 pending / 0 (0.0%) gas / (0xc972e54821d533e3d3f0f8347c662410d044d78efce02a1768645e4c9a80a819)","throwable":""}
{"timestamp":"2025-07-18T11:20:23,191","container":"b4173de707db","level":"INFO","thread":"BftProcessorExecutor-QBFT-0","class":"QbftRound","message":"Importing proposed block to chain. round=ConsensusRoundIdentifier{Sequence=7, Round=1}, hash=0x063ae927b9e00036bd4ef82f5461e036b2a07ce3a69db069c49689e14f403542","throwable":""}
{"timestamp":"2025-07-18T11:20:23,200","container":"b4173de707db","level":"INFO","thread":"BftProcessorExecutor-QBFT-0","class":"QbftBesuControllerBuilder","message":"Imported #7 / 0 tx / 0 pending / 0 (0.0%) gas / (0x063ae927b9e00036bd4ef82f5461e036b2a07ce3a69db069c49689e14f403542)","throwable":""}
{"timestamp":"2025-07-18T11:20:33,207","container":"b4173de707db","level":"INFO","thread":"BftProcessorExecutor-QBFT-0","class":"QbftBesuControllerBuilder","message":"Produced #8 / 0 tx / 0 pending / 0 (0.0%) gas / (0x2a28cf0b8feebfda607c49c75ab713c78346731378cab5a9009d90bb0005baa4)","throwable":""}
{"timestamp":"2025-07-18T11:20:33,213","container":"b4173de707db","level":"INFO","thread":"EthScheduler-Workers-0","class":"PersistBlockTask","message":"Block 8 (0x2a28cf0b8feebfda607c49c75ab713c78346731378cab5a9009d90bb0005baa4) is already imported","throwable":""}
{"timestamp":"2025-07-18T11:20:39,046","container":"b4173de707db","level":"INFO","thread":"BftProcessorExecutor-QBFT-0","class":"QbftBesuControllerBuilder","message":"Imported #9 / 0 tx / 0 pending / 0 (0.0%) gas / (0x1d571214eda3eb485198f46f127074e4033b87722f332c53879377b12ebe88a8)","throwable":""}
{"timestamp":"2025-07-18T11:20:58,239","container":"b4173de707db","level":"INFO","thread":"BftProcessorExecutor-QBFT-0","class":"QbftRound","message":"Importing proposed block to chain. round=ConsensusRoundIdentifier{Sequence=10, Round=1}, hash=0x88d84202828d88016f3539375cf5d7182a27960a3c69149400585f8384525ca6","throwable":""}
{"timestamp":"2025-07-18T11:20:58,248","container":"b4173de707db","level":"INFO","thread":"BftProcessorExecutor-QBFT-0","class":"QbftBesuControllerBuilder","message":"Imported #10 / 0 tx / 0 pending / 0 (0.0%) gas / (0x88d84202828d88016f3539375cf5d7182a27960a3c69149400585f8384525ca6)","throwable":""}
{"timestamp":"2025-07-18T11:21:08,267","container":"b4173de707db","level":"INFO","thread":"EthScheduler-Workers-0","class":"PersistBlockTask","message":"Block 11 (0xe7050c3c050afb21f87117c2da1a001ac4011657735254432ac426b54a949767) is already imported","throwable":""}
{"timestamp":"2025-07-18T11:21:08,271","container":"b4173de707db","level":"INFO","thread":"BftProcessorExecutor-QBFT-0","class":"QbftBesuControllerBuilder","message":"Produced #11 / 0 tx / 0 pending / 0 (0.0%) gas / (0xe7050c3c050afb21f87117c2da1a001ac4011657735254432ac426b54a949767)","throwable":""}
{"timestamp":"2025-07-18T11:21:14,047","container":"b4173de707db","level":"INFO","thread":"BftProcessorExecutor-QBFT-0","class":"QbftBesuControllerBuilder","message":"Imported #12 / 0 tx / 0 pending / 0 (0.0%) gas / (0xa556e5b7319b66747120d08abf4414fe0725a9e566e089cc1342bb25b0c1eec8)","throwable":""}
{"timestamp":"2025-07-18T11:21:33,290","container":"b4173de707db","level":"INFO","thread":"BftProcessorExecutor-QBFT-0","class":"QbftRound","message":"Importing proposed block to chain. round=ConsensusRoundIdentifier{Sequence=13, Round=1}, hash=0x61cc85f617f9ef3c29cc1e7039f18e93d14b62c36b9dc3bcd95a0675eda21bda","throwable":""}
{"timestamp":"2025-07-18T11:21:33,296","container":"b4173de707db","level":"INFO","thread":"BftProcessorExecutor-QBFT-0","class":"QbftBesuControllerBuilder","message":"Imported #13 / 0 tx / 0 pending / 0 (0.0%) gas / (0x61cc85f617f9ef3c29cc1e7039f18e93d14b62c36b9dc3bcd95a0675eda21bda)","throwable":""}
{"timestamp":"2025-07-18T11:21:43,326","container":"b4173de707db","level":"INFO","thread":"EthScheduler-Workers-0","class":"PersistBlockTask","message":"Block 14 (0x10d48081d628f4e2972fb53ca79d591f8b5416de41b2ddb9c506df9fc02f90be) is already imported","throwable":""}
{"timestamp":"2025-07-18T11:21:43,327","container":"b4173de707db","level":"INFO","thread":"BftProcessorExecutor-QBFT-0","class":"QbftBesuControllerBuilder","message":"Produced #14 / 0 tx / 0 pending / 0 (0.0%) gas / (0x10d48081d628f4e2972fb53ca79d591f8b5416de41b2ddb9c506df9fc02f90be)","throwable":""}
{"timestamp":"2025-07-18T11:21:49,046","container":"b4173de707db","level":"INFO","thread":"BftProcessorExecutor-QBFT-0","class":"QbftBesuControllerBuilder","message":"Imported #15 / 0 tx / 0 pending / 0 (0.0%) gas / (0x836e9eacab7340dcd0fd3cb15be0f7e3d8008fbbfc4c42e1af0e015f52926949)","throwable":""}
{"timestamp":"2025-07-18T11:22:08,339","container":"b4173de707db","level":"INFO","thread":"BftProcessorExecutor-QBFT-0","class":"QbftRound","message":"Importing proposed block to chain. round=ConsensusRoundIdentifier{Sequence=16, Round=1}, hash=0x493e6f3f8a2be8f6416b02125581aeada75a24b45354471b6caad45badf3dea4","throwable":""}
{"timestamp":"2025-07-18T11:22:08,346","container":"b4173de707db","level":"INFO","thread":"BftProcessorExecutor-QBFT-0","class":"QbftBesuControllerBuilder","message":"Imported #16 / 0 tx / 0 pending / 0 (0.0%) gas / (0x493e6f3f8a2be8f6416b02125581aeada75a24b45354471b6caad45badf3dea4)","throwable":""}
{"timestamp":"2025-07-18T11:22:18,341","container":"b4173de707db","level":"INFO","thread":"BftProcessorExecutor-QBFT-0","class":"QbftBesuControllerBuilder","message":"Produced #17 / 0 tx / 0 pending / 0 (0.0%) gas / (0x44707a801133a27ef7dde246d578dd4a184ca8d850383166684c5234a2361cb7)","throwable":""}
{"timestamp":"2025-07-18T11:22:24,047","container":"b4173de707db","level":"INFO","thread":"BftProcessorExecutor-QBFT-0","class":"QbftBesuControllerBuilder","message":"Imported #18 / 0 tx / 0 pending / 0 (0.0%) gas / (0x6027f17249694b6602646237b37d699bb9dfe4b744ccfd41c66eac4db4fcaf77)","throwable":""}
{"timestamp":"2025-07-18T11:22:43,373","container":"b4173de707db","level":"INFO","thread":"BftProcessorExecutor-QBFT-0","class":"QbftRound","message":"Importing proposed block to chain. round=ConsensusRoundIdentifier{Sequence=19, Round=1}, hash=0x9ebbcf06726f369cc14e562594cba32e5b5b7ec9542d931f5ab93140f4430b05","throwable":""}
{"timestamp":"2025-07-18T11:22:43,388","container":"b4173de707db","level":"INFO","thread":"BftProcessorExecutor-QBFT-0","class":"QbftBesuControllerBuilder","message":"Imported #19 / 0 tx / 0 pending / 0 (0.0%) gas / (0x9ebbcf06726f369cc14e562594cba32e5b5b7ec9542d931f5ab93140f4430b05)","throwable":""}
{"timestamp":"2025-07-18T11:22:51,040","container":"b4173de707db","level":"INFO","thread":"BftProcessorExecutor-QBFT-0","class":"QbftBesuControllerBuilder","message":"Produced #20 / 0 tx / 0 pending / 0 (0.0%) gas / (0x071b44e22bd815fd2c96e78d16d0d85358f09d980c79220aabd622303a35752e)","throwable":""}
{"timestamp":"2025-07-18T11:23:03,371","container":"b4173de707db","level":"INFO","thread":"BftProcessorExecutor-QBFT-0","class":"QbftBesuControllerBuilder","message":"Imported #21 / 0 tx / 0 pending / 0 (0.0%) gas / (0xfcd69463249df04b5f07d8cd5cca7b56b012319083694bb3e7bd2e2cd87a64c7)","throwable":""}
{"timestamp":"2025-07-18T11:23:08,389","container":"b4173de707db","level":"INFO","thread":"BftProcessorExecutor-QBFT-0","class":"QbftBesuControllerBuilder","message":"Imported #22 / 0 tx / 0 pending / 0 (0.0%) gas / (0xb1d0de908dc54ebfd2d4d00fa861d6101cb37d9c0dbcfc6d6bf84ed2222f8457)","throwable":""}
{"timestamp":"2025-07-18T11:23:15,043","container":"b4173de707db","level":"INFO","thread":"BftProcessorExecutor-QBFT-0","class":"QbftBesuControllerBuilder","message":"Imported #23 / 0 tx / 0 pending / 0 (0.0%) gas / (0xb99f681897812a55256ed1cc610387514181c887d61b4e3f2340d892545c44e2)","throwable":""}
{"timestamp":"2025-07-18T11:23:23,373","container":"b4173de707db","level":"INFO","thread":"BftProcessorExecutor-QBFT-0","class":"QbftBesuControllerBuilder","message":"Produced #24 / 0 tx / 0 pending / 0 (0.0%) gas / (0x80fc4e477aff7d861fed05daafd3c855adb0f513da1bd447dceca4bf10077af9)","throwable":""}
{"timestamp":"2025-07-18T11:23:31,035","container":"b4173de707db","level":"INFO","thread":"BftProcessorExecutor-QBFT-0","class":"QbftBesuControllerBuilder","message":"Imported #25 / 0 tx / 0 pending / 0 (0.0%) gas / (0x8dec1ad0e6d3aca8cc919f1780d28e3d6545fc728504dea77f635cff46b15c74)","throwable":""}
{"timestamp":"2025-07-18T11:23:53,412","container":"b4173de707db","level":"INFO","thread":"BftProcessorExecutor-QBFT-0","class":"QbftRound","message":"Importing proposed block to chain. round=ConsensusRoundIdentifier{Sequence=26, Round=1}, hash=0x53c9f59f134f6299cddb7a554452935d644db72d46f816c64bf20e92dd1341d1","throwable":""}
{"timestamp":"2025-07-18T11:23:53,418","container":"b4173de707db","level":"INFO","thread":"BftProcessorExecutor-QBFT-0","class":"QbftBesuControllerBuilder","message":"Imported #26 / 0 tx / 0 pending / 0 (0.0%) gas / (0x53c9f59f134f6299cddb7a554452935d644db72d46f816c64bf20e92dd1341d1)","throwable":""}
{"timestamp":"2025-07-18T11:24:01,041","container":"b4173de707db","level":"INFO","thread":"BftProcessorExecutor-QBFT-0","class":"QbftBesuControllerBuilder","message":"Produced #27 / 0 tx / 0 pending / 0 (0.0%) gas / (0x657478c77054f88e31b242c3fc8b47d5b1b1b449aa506e78133d02522e703fbe)","throwable":""}
{"timestamp":"2025-07-18T11:24:13,427","container":"b4173de707db","level":"INFO","thread":"BftProcessorExecutor-QBFT-0","class":"QbftBesuControllerBuilder","message":"Imported #28 / 0 tx / 0 pending / 0 (0.0%) gas / (0x6505a032a755a7a24b6dc7c0653d7dc87b9ae2717b55b63d3cb947f2e713e7da)","throwable":""}
{"timestamp":"2025-07-18T11:24:18,360","container":"b4173de707db","level":"INFO","thread":"BftProcessorExecutor-QBFT-0","class":"QbftBesuControllerBuilder","message":"Imported #29 / 0 tx / 0 pending / 0 (0.0%) gas / (0xe56f5a885cc9c94be444a430a9bc7b4cb97f966bbdc61e6a6b1dd79f00780c2c)","throwable":""}
{"timestamp":"2025-07-18T11:24:25,037","container":"b4173de707db","level":"INFO","thread":"BftProcessorExecutor-QBFT-0","class":"QbftBesuControllerBuilder","message":"Imported #30 / 0 tx / 0 pending / 0 (0.0%) gas / (0x750a882b53744b5bf72b671d0b533fff7d7f0e9addadde6a8a24e93768d440cf)","throwable":""}
{"timestamp":"2025-07-18T11:24:33,435","container":"b4173de707db","level":"INFO","thread":"BftProcessorExecutor-QBFT-0","class":"QbftBesuControllerBuilder","message":"Produced #31 / 0 tx / 0 pending / 0 (0.0%) gas / (0x1a15c4ecc9072747e3cdbd487702b5938ed65eeb502b761827533502231c15a5)","throwable":""}
{"timestamp":"2025-07-18T11:24:41,091","container":"b4173de707db","level":"INFO","thread":"BftProcessorExecutor-QBFT-0","class":"QbftBesuControllerBuilder","message":"Imported #32 / 0 tx / 0 pending / 0 (0.0%) gas / (0x25b6f01649fcdb1e49d6a3f8cd65e55c7e28c799115c6c4cfff63437177be791)","throwable":""}
{"timestamp":"2025-07-18T11:25:03,465","container":"b4173de707db","level":"INFO","thread":"BftProcessorExecutor-QBFT-0","class":"QbftRound","message":"Importing proposed block to chain. round=ConsensusRoundIdentifier{Sequence=33, Round=1}, hash=0xf874155dbd9756082aafe2a7164b7fa48bbeeb16d5b2d3529e79a9651e980f56","throwable":""}
{"timestamp":"2025-07-18T11:25:03,474","container":"b4173de707db","level":"INFO","thread":"BftProcessorExecutor-QBFT-0","class":"QbftBesuControllerBuilder","message":"Imported #33 / 0 tx / 0 pending / 0 (0.0%) gas / (0xf874155dbd9756082aafe2a7164b7fa48bbeeb16d5b2d3529e79a9651e980f56)","throwable":""}
{"timestamp":"2025-07-18T11:25:11,046","container":"b4173de707db","level":"INFO","thread":"BftProcessorExecutor-QBFT-0","class":"QbftBesuControllerBuilder","message":"Produced #34 / 0 tx / 0 pending / 0 (0.0%) gas / (0x772dd5d9d5aa2f00e9bae76c7aacf038b084b059a8b1ea01e2603629b0ab4b01)","throwable":""}
{"timestamp":"2025-07-18T11:25:23,489","container":"b4173de707db","level":"INFO","thread":"BftProcessorExecutor-QBFT-0","class":"QbftBesuControllerBuilder","message":"Imported #35 / 0 tx / 0 pending / 0 (0.0%) gas / (0x87b6eed0b40579b79a70706b260b6981bcedda460f94399e3a8e634512fe7607)","throwable":""}
{"timestamp":"2025-07-18T11:25:28,320","container":"b4173de707db","level":"INFO","thread":"BftProcessorExecutor-QBFT-0","class":"QbftBesuControllerBuilder","message":"Imported #36 / 0 tx / 0 pending / 0 (0.0%) gas / (0x392d7d4c086f0c34b78a7c4fc1c040b1c5971e1ea12cb2ec94fcba7fc1cd06e5)","throwable":""}
{"timestamp":"2025-07-18T11:25:35,037","container":"b4173de707db","level":"INFO","thread":"BftProcessorExecutor-QBFT-0","class":"QbftBesuControllerBuilder","message":"Imported #37 / 0 tx / 0 pending / 0 (0.0%) gas / (0x0485146d1faa63c369dd1d35b22f82058d2a4cc36dedbf24e0840deb9e013804)","throwable":""}
{"timestamp":"2025-07-18T11:25:43,521","container":"b4173de707db","level":"INFO","thread":"EthScheduler-Workers-0","class":"PersistBlockTask","message":"Block 38 (0xd10731926588064ba669b26ac8d5ab8ee8f72c038d82c3eee4189e0e295be261) is already imported","throwable":""}
{"timestamp":"2025-07-18T11:25:43,522","container":"b4173de707db","level":"INFO","thread":"BftProcessorExecutor-QBFT-0","class":"QbftBesuControllerBuilder","message":"Produced #38 / 0 tx / 0 pending / 0 (0.0%) gas / (0xd10731926588064ba669b26ac8d5ab8ee8f72c038d82c3eee4189e0e295be261)","throwable":""}
{"timestamp":"2025-07-18T11:25:51,033","container":"b4173de707db","level":"INFO","thread":"BftProcessorExecutor-QBFT-0","class":"QbftBesuControllerBuilder","message":"Imported #39 / 0 tx / 0 pending / 0 (0.0%) gas / (0x3fafe309c81a1267335c20ee226b9a7cb6e3a7a5d4ce42f0cbf189f8220e64d0)","throwable":""}
{"timestamp":"2025-07-18T11:26:13,587","container":"b4173de707db","level":"INFO","thread":"BftProcessorExecutor-QBFT-0","class":"QbftRound","message":"Importing proposed block to chain. round=ConsensusRoundIdentifier{Sequence=40, Round=1}, hash=0xcb28552720836c2c0ad8a2555d94c362db152c1adf51b2fafc2131c24d160c63","throwable":""}
{"timestamp":"2025-07-18T11:26:13,591","container":"b4173de707db","level":"INFO","thread":"BftProcessorExecutor-QBFT-0","class":"QbftBesuControllerBuilder","message":"Imported #40 / 0 tx / 0 pending / 0 (0.0%) gas / (0xcb28552720836c2c0ad8a2555d94c362db152c1adf51b2fafc2131c24d160c63)","throwable":""}
{"timestamp":"2025-07-18T11:26:21,040","container":"b4173de707db","level":"INFO","thread":"BftProcessorExecutor-QBFT-0","class":"QbftBesuControllerBuilder","message":"Produced #41 / 0 tx / 0 pending / 0 (0.0%) gas / (0x386fcb6407a340760d46465c40e755023d8b6aa5ccd7c6a8f215fea2539533d4)","throwable":""}
{"timestamp":"2025-07-18T11:26:33,591","container":"b4173de707db","level":"INFO","thread":"EthScheduler-Workers-0","class":"PersistBlockTask","message":"Block 42 (0xabf49f879fe64c96515311b3054ddaa3ce8f8565756af2e5ed2e2e816a8d7684) is already imported","throwable":""}
{"timestamp":"2025-07-18T11:26:33,592","container":"b4173de707db","level":"INFO","thread":"BftProcessorExecutor-QBFT-0","class":"QbftBesuControllerBuilder","message":"Imported #42 / 0 tx / 0 pending / 0 (0.0%) gas / (0xabf49f879fe64c96515311b3054ddaa3ce8f8565756af2e5ed2e2e816a8d7684)","throwable":""}
{"timestamp":"2025-07-18T11:26:38,281","container":"b4173de707db","level":"INFO","thread":"BftProcessorExecutor-QBFT-0","class":"QbftBesuControllerBuilder","message":"Imported #43 / 0 tx / 0 pending / 0 (0.0%) gas / (0x565549030bfbddec80236f5fc79a2daa9c4cd787073fb5d70e80d428d0b7cd64)","throwable":""}
{"timestamp":"2025-07-18T11:26:45,118","container":"b4173de707db","level":"INFO","thread":"BftProcessorExecutor-QBFT-0","class":"QbftBesuControllerBuilder","message":"Imported #44 / 1 tx / 0 pending / 2,000,000 (0.0%) gas / (0x14a20f03d22e9ae2ad466b839dcd26a1233ea413eb8549b2d4f663dfc3dd2840)","throwable":""}
{"timestamp":"2025-07-18T11:26:53,645","container":"b4173de707db","level":"INFO","thread":"BftProcessorExecutor-QBFT-0","class":"QbftBesuControllerBuilder","message":"Produced #45 / 0 tx / 0 pending / 0 (0.0%) gas / (0xd2bf197335867ae57482e1cc31a8416d49e11cad0ccd705e857aa7e29e58f620)","throwable":""}
{"timestamp":"2025-07-18T11:27:01,031","container":"b4173de707db","level":"INFO","thread":"BftProcessorExecutor-QBFT-0","class":"QbftBesuControllerBuilder","message":"Imported #46 / 1 tx / 0 pending / 22,592 (0.0%) gas / (0xf7eb43e219eeed73a9ed9ac3051c1a52e3dd820e9dfd752cb254dc9ab6ac8553)","throwable":""}
{"timestamp":"2025-07-18T11:27:19,706","container":"b4173de707db","level":"INFO","thread":"BftProcessorExecutor-QBFT-0","class":"QbftRound","message":"Importing proposed block to chain. round=ConsensusRoundIdentifier{Sequence=47, Round=1}, hash=0x24a2227d0e993c10e418d79f91781cd868cd45913ed639ae4a7c9c156d6a9185","throwable":""}
{"timestamp":"2025-07-18T11:27:19,716","container":"b4173de707db","level":"INFO","thread":"BftProcessorExecutor-QBFT-0","class":"QbftBesuControllerBuilder","message":"Imported #47 / 0 tx / 0 pending / 0 (0.0%) gas / (0x24a2227d0e993c10e418d79f91781cd868cd45913ed639ae4a7c9c156d6a9185)","throwable":""}
{"timestamp":"2025-07-18T11:27:27,033","container":"b4173de707db","level":"INFO","thread":"BftProcessorExecutor-QBFT-0","class":"QbftBesuControllerBuilder","message":"Produced #48 / 0 tx / 0 pending / 0 (0.0%) gas / (0xeabb0c27ed50b798e39e16e6adcee301c9832d37f0415143d602e01642216ca0)","throwable":""}
{"timestamp":"2025-07-18T11:27:39,707","container":"b4173de707db","level":"INFO","thread":"BftProcessorExecutor-QBFT-0","class":"QbftBesuControllerBuilder","message":"Imported #49 / 0 tx / 0 pending / 0 (0.0%) gas / (0x6994b9a74c5a974b7bf2c6f4efa124bffb9ae6c6a7da8bf8e8a20eab00401686)","throwable":""}
{"timestamp":"2025-07-18T11:27:44,257","container":"b4173de707db","level":"INFO","thread":"BftProcessorExecutor-QBFT-0","class":"QbftBesuControllerBuilder","message":"Imported #50 / 0 tx / 0 pending / 0 (0.0%) gas / (0x70b91bf1bcecd9ea96c4ef97ef9bc8762ebd965f9c0b2c15046ae104320fd61b)","throwable":""}
{"timestamp":"2025-07-18T11:27:51,034","container":"b4173de707db","level":"INFO","thread":"BftProcessorExecutor-QBFT-0","class":"QbftBesuControllerBuilder","message":"Imported #51 / 0 tx / 0 pending / 0 (0.0%) gas / (0xb007b2a52a0e062d48328369ab431d21226bc5d0872038bb1d19793f21977094)","throwable":""}
{"timestamp":"2025-07-18T11:27:59,725","container":"b4173de707db","level":"INFO","thread":"BftProcessorExecutor-QBFT-0","class":"QbftBesuControllerBuilder","message":"Produced #52 / 0 tx / 0 pending / 0 (0.0%) gas / (0x513d8ef148c823ec81b861545d5a576f7839cbaefb6582cae3e943c5bab3ea98)","throwable":""}
{"timestamp":"2025-07-18T11:28:07,030","container":"b4173de707db","level":"INFO","thread":"BftProcessorExecutor-QBFT-0","class":"QbftBesuControllerBuilder","message":"Imported #53 / 0 tx / 0 pending / 0 (0.0%) gas / (0x355d951e305bb60e7e0c8cf42194c5b33ee2d625a8d4256b8122f233b108093d)","throwable":""}
{"timestamp":"2025-07-18T11:28:29,795","container":"b4173de707db","level":"INFO","thread":"BftProcessorExecutor-QBFT-0","class":"QbftRound","message":"Importing proposed block to chain. round=ConsensusRoundIdentifier{Sequence=54, Round=1}, hash=0x96c5df04950925c7cf72123ccdf7ce226aaaaaeb4dc2ea6138ffb33ed257860e","throwable":""}
{"timestamp":"2025-07-18T11:28:29,804","container":"b4173de707db","level":"INFO","thread":"BftProcessorExecutor-QBFT-0","class":"QbftBesuControllerBuilder","message":"Imported #54 / 0 tx / 0 pending / 0 (0.0%) gas / (0x96c5df04950925c7cf72123ccdf7ce226aaaaaeb4dc2ea6138ffb33ed257860e)","throwable":""}
{"timestamp":"2025-07-18T11:28:37,028","container":"b4173de707db","level":"INFO","thread":"BftProcessorExecutor-QBFT-0","class":"QbftBesuControllerBuilder","message":"Produced #55 / 0 tx / 0 pending / 0 (0.0%) gas / (0x52d501e84aa4099cfa8201f371a830f2bcba0c2592142f87a7dab19b1036a882)","throwable":""}
{"timestamp":"2025-07-18T11:28:49,771","container":"b4173de707db","level":"INFO","thread":"BftProcessorExecutor-QBFT-0","class":"QbftBesuControllerBuilder","message":"Imported #56 / 0 tx / 0 pending / 0 (0.0%) gas / (0x55581a56182e9fae26f9a750b3ceedfe31f986ac3362c40701b5ff60dfc334bd)","throwable":""}
{"timestamp":"2025-07-18T11:28:54,218","container":"b4173de707db","level":"INFO","thread":"BftProcessorExecutor-QBFT-0","class":"QbftBesuControllerBuilder","message":"Imported #57 / 0 tx / 0 pending / 0 (0.0%) gas / (0xa9ce8b8ec372aead4327c6b24a57032b9f999a67103bcba0be96d17b6ed1eed8)","throwable":""}
{"timestamp":"2025-07-18T11:29:01,018","container":"b4173de707db","level":"INFO","thread":"BftProcessorExecutor-QBFT-0","class":"QbftBesuControllerBuilder","message":"Imported #58 / 0 tx / 0 pending / 0 (0.0%) gas / (0x0219932ae86b1a8b08e0e989f438a3dd8c8defd317cb2a7a1f1d001fa702d0e4)","throwable":""}
{"timestamp":"2025-07-18T11:29:09,798","container":"b4173de707db","level":"INFO","thread":"BftProcessorExecutor-QBFT-0","class":"QbftBesuControllerBuilder","message":"Produced #59 / 0 tx / 0 pending / 0 (0.0%) gas / (0xc1dd6304b2c499c0ef62797f1231eb281ff95a3de08f1e5f816fdebefa2382f7)","throwable":""}
{"timestamp":"2025-07-18T11:29:17,027","container":"b4173de707db","level":"INFO","thread":"BftProcessorExecutor-QBFT-0","class":"QbftBesuControllerBuilder","message":"Imported #60 / 0 tx / 0 pending / 0 (0.0%) gas / (0xd8f656a8cee62ff9613d19f547d78646be6a5f585eee5aec766e24e20a2f31e5)","throwable":""}
{"timestamp":"2025-07-18T11:29:39,830","container":"b4173de707db","level":"INFO","thread":"BftProcessorExecutor-QBFT-0","class":"QbftRound","message":"Importing proposed block to chain. round=ConsensusRoundIdentifier{Sequence=61, Round=1}, hash=0xab01dbd197e6e8e12a9eb21a5ba882b082dbf72842d42a7adad2a4316a00097b","throwable":""}
{"timestamp":"2025-07-18T11:29:39,835","container":"b4173de707db","level":"INFO","thread":"BftProcessorExecutor-QBFT-0","class":"QbftBesuControllerBuilder","message":"Imported #61 / 0 tx / 0 pending / 0 (0.0%) gas / (0xab01dbd197e6e8e12a9eb21a5ba882b082dbf72842d42a7adad2a4316a00097b)","throwable":""}
{"timestamp":"2025-07-18T11:29:47,031","container":"b4173de707db","level":"INFO","thread":"BftProcessorExecutor-QBFT-0","class":"QbftBesuControllerBuilder","message":"Produced #62 / 0 tx / 0 pending / 0 (0.0%) gas / (0x22973ff5f6f92bc8a6db8e06911b9423636fd5a0c9a3452a013c85b49b1b6c42)","throwable":""}
{"timestamp":"2025-07-18T11:29:59,852","container":"b4173de707db","level":"INFO","thread":"BftProcessorExecutor-QBFT-0","class":"QbftBesuControllerBuilder","message":"Imported #63 / 0 tx / 0 pending / 0 (0.0%) gas / (0xd351bada924faf25ecdd0411704598f590f37cc211903e55188d685ed6b09bf0)","throwable":""}
{"timestamp":"2025-07-18T11:30:04,169","container":"b4173de707db","level":"INFO","thread":"BftProcessorExecutor-QBFT-0","class":"QbftBesuControllerBuilder","message":"Imported #64 / 0 tx / 0 pending / 0 (0.0%) gas / (0xa89dd690311668f8bc4b2d1846ccfac3454461930051f6fba9f7d590b1469b33)","throwable":""}
{"timestamp":"2025-07-18T11:30:11,024","container":"b4173de707db","level":"INFO","thread":"BftProcessorExecutor-QBFT-0","class":"QbftBesuControllerBuilder","message":"Imported #65 / 0 tx / 0 pending / 0 (0.0%) gas / (0xad2ec8a1fa630bdd21cca3bfe9aabf2de1e428cf38ae0dc02117c64da12ddcd2)","throwable":""}
{"timestamp":"2025-07-18T11:30:19,908","container":"b4173de707db","level":"INFO","thread":"BftProcessorExecutor-QBFT-0","class":"QbftBesuControllerBuilder","message":"Produced #66 / 0 tx / 0 pending / 0 (0.0%) gas / (0x88073f105d1f6a7a30ff5bb42d2ba1f46dd81f7187626f98f2f9d3c802f5b2ce)","throwable":""}
{"timestamp":"2025-07-18T11:30:27,024","container":"b4173de707db","level":"INFO","thread":"BftProcessorExecutor-QBFT-0","class":"QbftBesuControllerBuilder","message":"Imported #67 / 0 tx / 0 pending / 0 (0.0%) gas / (0xee8bb4cd4b1badc13dd7b90b89b7997d31b39841b159aa4f9639ef1ae082b876)","throwable":""}
{"timestamp":"2025-07-18T11:30:49,944","container":"b4173de707db","level":"INFO","thread":"BftProcessorExecutor-QBFT-0","class":"QbftRound","message":"Importing proposed block to chain. round=ConsensusRoundIdentifier{Sequence=68, Round=1}, hash=0x4a0fccd8b5a5ef5d94619bdc3b172706101fafbaf885fdb20820349416a625a1","throwable":""}
{"timestamp":"2025-07-18T11:30:49,948","container":"b4173de707db","level":"INFO","thread":"BftProcessorExecutor-QBFT-0","class":"QbftBesuControllerBuilder","message":"Imported #68 / 0 tx / 0 pending / 0 (0.0%) gas / (0x4a0fccd8b5a5ef5d94619bdc3b172706101fafbaf885fdb20820349416a625a1)","throwable":""}
{"timestamp":"2025-07-18T11:30:57,029","container":"b4173de707db","level":"INFO","thread":"BftProcessorExecutor-QBFT-0","class":"QbftBesuControllerBuilder","message":"Produced #69 / 0 tx / 0 pending / 0 (0.0%) gas / (0xd021053eb8f3c735654fb8e14c78198031f232ec4394739f665f370ea2b37db5)","throwable":""}
{"timestamp":"2025-07-18T11:31:09,965","container":"b4173de707db","level":"INFO","thread":"BftProcessorExecutor-QBFT-0","class":"QbftBesuControllerBuilder","message":"Imported #70 / 0 tx / 0 pending / 0 (0.0%) gas / (0x695102d00ad6882759a548eb452bc76523e585728d747bff6e6a59b67ed344c8)","throwable":""}
{"timestamp":"2025-07-18T11:31:14,129","container":"b4173de707db","level":"INFO","thread":"BftProcessorExecutor-QBFT-0","class":"QbftBesuControllerBuilder","message":"Imported #71 / 0 tx / 0 pending / 0 (0.0%) gas / (0x846f04f66de74b80fd1a19e90085f41cd73eeb95cab6bcc37d034f750600fae3)","throwable":""}
{"timestamp":"2025-07-18T11:31:21,031","container":"b4173de707db","level":"INFO","thread":"BftProcessorExecutor-QBFT-0","class":"QbftBesuControllerBuilder","message":"Imported #72 / 0 tx / 0 pending / 0 (0.0%) gas / (0x0f862b8183696468662fda6c9ddf2b2035830dd98ca08aaba535d96bb8b675a5)","throwable":""}
{"timestamp":"2025-07-18T11:31:30,004","container":"b4173de707db","level":"INFO","thread":"BftProcessorExecutor-QBFT-0","class":"QbftBesuControllerBuilder","message":"Produced #73 / 0 tx / 0 pending / 0 (0.0%) gas / (0x55ac730f4bd46c2b1e99524d9a72aa0bc33e95f5de546486c83410759b7f65d7)","throwable":""}
{"timestamp":"2025-07-18T11:31:37,031","container":"b4173de707db","level":"INFO","thread":"BftProcessorExecutor-QBFT-0","class":"QbftBesuControllerBuilder","message":"Imported #74 / 0 tx / 0 pending / 0 (0.0%) gas / (0xdd355d2a05f45cd96b75a99fcdea03b468e7b7f62267ebafdd4b4cd50d706deb)","throwable":""}
{"timestamp":"2025-07-18T11:32:00,041","container":"b4173de707db","level":"INFO","thread":"BftProcessorExecutor-QBFT-0","class":"QbftRound","message":"Importing proposed block to chain. round=ConsensusRoundIdentifier{Sequence=75, Round=1}, hash=0x0dca27f16f0f1bcc6d4f8e3e17037ca45505672e18bedb46d496c72c6f95de3f","throwable":""}
{"timestamp":"2025-07-18T11:32:00,046","container":"b4173de707db","level":"INFO","thread":"BftProcessorExecutor-QBFT-0","class":"QbftBesuControllerBuilder","message":"Imported #75 / 0 tx / 0 pending / 0 (0.0%) gas / (0x0dca27f16f0f1bcc6d4f8e3e17037ca45505672e18bedb46d496c72c6f95de3f)","throwable":""}
{"timestamp":"2025-07-18T11:32:10,070","container":"b4173de707db","level":"INFO","thread":"BftProcessorExecutor-QBFT-0","class":"QbftBesuControllerBuilder","message":"Produced #76 / 0 tx / 0 pending / 0 (0.0%) gas / (0xf08d8d0c323acaec3e2634731e8f88ed9603450cc6bd746d3d7c3e29e31e8943)","throwable":""}
{"timestamp":"2025-07-18T11:32:16,026","container":"b4173de707db","level":"INFO","thread":"BftProcessorExecutor-QBFT-0","class":"QbftBesuControllerBuilder","message":"Imported #77 / 0 tx / 0 pending / 0 (0.0%) gas / (0x0d80b164d0565434c221a1e93d71cc739f2cee39ed362e05d114e0f2cd42a066)","throwable":""}
{"timestamp":"2025-07-18T11:32:35,102","container":"b4173de707db","level":"INFO","thread":"BftProcessorExecutor-QBFT-0","class":"QbftRound","message":"Importing proposed block to chain. round=ConsensusRoundIdentifier{Sequence=78, Round=1}, hash=0xb534e56b01ab59f2c3ff2873f8a371e9b418c518638e9c38a3505cd90386720e","throwable":""}
{"timestamp":"2025-07-18T11:32:35,104","container":"b4173de707db","level":"INFO","thread":"EthScheduler-Workers-0","class":"PersistBlockTask","message":"Imported #78 / 0 tx / 0 om / 0 (0.0%) gas / (0xb534e56b01ab59f2c3ff2873f8a371e9b418c518638e9c38a3505cd90386720e) in 0.002s. Peers: 3","throwable":""}
{"timestamp":"2025-07-18T11:32:35,104","container":"b4173de707db","level":"INFO","thread":"BftProcessorExecutor-QBFT-0","class":"QbftBesuControllerBuilder","message":"Imported #78 / 0 tx / 0 pending / 0 (0.0%) gas / (0xb534e56b01ab59f2c3ff2873f8a371e9b418c518638e9c38a3505cd90386720e)","throwable":""}
{"timestamp":"2025-07-18T11:32:43,030","container":"b4173de707db","level":"INFO","thread":"BftProcessorExecutor-QBFT-0","class":"QbftBesuControllerBuilder","message":"Produced #79 / 0 tx / 0 pending / 0 (0.0%) gas / (0x7ae1cfa56b144de2a946e18da39c162a66c5dba024ff4aa75783b6b4232a73e6)","throwable":""}
{"timestamp":"2025-07-18T11:32:55,112","container":"b4173de707db","level":"INFO","thread":"BftProcessorExecutor-QBFT-0","class":"QbftBesuControllerBuilder","message":"Imported #80 / 0 tx / 0 pending / 0 (0.0%) gas / (0x2eac96c1220e483fe5d0b60b29c21abfdcde19c78854e72183849d1253daafdf)","throwable":""}
{"timestamp":"2025-07-18T11:33:00,079","container":"b4173de707db","level":"INFO","thread":"BftProcessorExecutor-QBFT-0","class":"QbftBesuControllerBuilder","message":"Imported #81 / 0 tx / 0 pending / 0 (0.0%) gas / (0x937e7d74ddb6aac3ac63f5de0885e5565b8e6a9245ff7469e1086dc960f68dd1)","throwable":""}
{"timestamp":"2025-07-18T11:33:07,024","container":"b4173de707db","level":"INFO","thread":"BftProcessorExecutor-QBFT-0","class":"QbftBesuControllerBuilder","message":"Imported #82 / 0 tx / 0 pending / 0 (0.0%) gas / (0xc086a12cbd97359be61f4a1528d8a62a9c33b09b6d54f7745e14642d488ad4e3)","throwable":""}
{"timestamp":"2025-07-18T11:33:16,117","container":"b4173de707db","level":"INFO","thread":"BftProcessorExecutor-QBFT-0","class":"QbftBesuControllerBuilder","message":"Produced #83 / 0 tx / 0 pending / 0 (0.0%) gas / (0x88a434b18b0dc985b5d210063d532b67decd7aca586f3905a8ef4ba13cc02fa5)","throwable":""}
{"timestamp":"2025-07-18T11:33:23,025","container":"b4173de707db","level":"INFO","thread":"BftProcessorExecutor-QBFT-0","class":"QbftBesuControllerBuilder","message":"Imported #84 / 0 tx / 0 pending / 0 (0.0%) gas / (0x485693070dee3adaef39dff66c93ff07d104a57de10f986d1ee56e5d4497834a)","throwable":""}
{"timestamp":"2025-07-18T11:33:41,142","container":"b4173de707db","level":"INFO","thread":"BftProcessorExecutor-QBFT-0","class":"QbftRound","message":"Importing proposed block to chain. round=ConsensusRoundIdentifier{Sequence=85, Round=1}, hash=0x1bdda53f6c3e32ea5834d7b475b2de17e20f0e374ca3900cfbe74263beb8ed13","throwable":""}
{"timestamp":"2025-07-18T11:33:41,145","container":"b4173de707db","level":"INFO","thread":"BftProcessorExecutor-QBFT-0","class":"QbftBesuControllerBuilder","message":"Imported #85 / 0 tx / 0 pending / 0 (0.0%) gas / (0x1bdda53f6c3e32ea5834d7b475b2de17e20f0e374ca3900cfbe74263beb8ed13)","throwable":""}
{"timestamp":"2025-07-18T11:33:49,027","container":"b4173de707db","level":"INFO","thread":"BftProcessorExecutor-QBFT-0","class":"QbftBesuControllerBuilder","message":"Produced #86 / 0 tx / 0 pending / 0 (0.0%) gas / (0x1c49d9348d7f744e992d3033809e82ccc5f885fa518e961f0418fed82c502766)","throwable":""}
{"timestamp":"2025-07-18T11:33:57,025","container":"b4173de707db","level":"INFO","thread":"BftProcessorExecutor-QBFT-0","class":"QbftBesuControllerBuilder","message":"Imported #87 / 0 tx / 0 pending / 0 (0.0%) gas / (0x071f01de2b5d82d48308911a67ffedc7f69d214caee28661e33cb5867970c77a)","throwable":""}
{"timestamp":"2025-07-18T11:34:06,052","container":"b4173de707db","level":"INFO","thread":"BftProcessorExecutor-QBFT-0","class":"QbftBesuControllerBuilder","message":"Imported #88 / 0 tx / 0 pending / 0 (0.0%) gas / (0x56c4e21c59e35f48f59c6b1f2199143e43a3466eeed6f6ee9d1936dbe4b5ac06)","throwable":""}
{"timestamp":"2025-07-18T11:34:13,033","container":"b4173de707db","level":"INFO","thread":"BftProcessorExecutor-QBFT-0","class":"QbftBesuControllerBuilder","message":"Imported #89 / 0 tx / 0 pending / 0 (0.0%) gas / (0x0534da74cc6da92d194df005b14c4182da34582fb8f726d394aaa9ff39a5e581)","throwable":""}
{"timestamp":"2025-07-18T11:34:21,027","container":"b4173de707db","level":"INFO","thread":"BftProcessorExecutor-QBFT-0","class":"QbftBesuControllerBuilder","message":"Produced #90 / 0 tx / 0 pending / 0 (0.0%) gas / (0x08592b4c5f63e14cf9faf56a79988db13f6da0c6338c8e8796b846a9a1ee5e33)","throwable":""}
{"timestamp":"2025-07-18T11:34:29,026","container":"b4173de707db","level":"INFO","thread":"BftProcessorExecutor-QBFT-0","class":"QbftBesuControllerBuilder","message":"Imported #91 / 0 tx / 0 pending / 0 (0.0%) gas / (0xe2a198ed8946a3513962626d2327b06b5fb35b8ce015134141cff0750c845673)","throwable":""}
{"timestamp":"2025-07-18T11:34:38,035","container":"b4173de707db","level":"INFO","thread":"BftProcessorExecutor-QBFT-0","class":"QbftBesuControllerBuilder","message":"Imported #92 / 0 tx / 0 pending / 0 (0.0%) gas / (0x4d32706c87e75c2a9efc4f9447f1f88b5ff9682ef2bd0e9d81bf7186a5d9356e)","throwable":""}
{"timestamp":"2025-07-18T11:34:45,025","container":"b4173de707db","level":"INFO","thread":"BftProcessorExecutor-QBFT-0","class":"QbftBesuControllerBuilder","message":"Imported #93 / 0 tx / 0 pending / 0 (0.0%) gas / (0xe13afe364d8a360700ce9bdb62726c71ed9be20ef5837baff28f5a89c593a690)","throwable":""}
{"timestamp":"2025-07-18T11:34:53,025","container":"b4173de707db","level":"INFO","thread":"BftProcessorExecutor-QBFT-0","class":"QbftBesuControllerBuilder","message":"Produced #94 / 0 tx / 0 pending / 0 (0.0%) gas / (0x660e0f80961bf249b2d6da9450f83e2fd1f4b76d341b3b416f2708dbc6cd607f)","throwable":""}
{"timestamp":"2025-07-18T11:35:01,026","container":"b4173de707db","level":"INFO","thread":"BftProcessorExecutor-QBFT-0","class":"QbftBesuControllerBuilder","message":"Imported #95 / 0 tx / 0 pending / 0 (0.0%) gas / (0x9451468bb6a983ab69d4fc44e0f7191c8dd1b962475a44a53f9caecc7541fc3e)","throwable":""}
{"timestamp":"2025-07-18T11:35:10,012","container":"b4173de707db","level":"INFO","thread":"BftProcessorExecutor-QBFT-0","class":"QbftBesuControllerBuilder","message":"Imported #96 / 0 tx / 0 pending / 0 (0.0%) gas / (0x5707748d0166267b847dc93f57f4b79eb668c6b11634401cc2a3dcda4b830b95)","throwable":""}
{"timestamp":"2025-07-18T11:35:17,030","container":"b4173de707db","level":"INFO","thread":"BftProcessorExecutor-QBFT-0","class":"QbftBesuControllerBuilder","message":"Imported #97 / 0 tx / 0 pending / 0 (0.0%) gas / (0x5cce3d7d0552eb64fe801d398d693dcf88b637852d9d6d834749ada9b8c56ddd)","throwable":""}
{"timestamp":"2025-07-18T11:35:25,023","container":"b4173de707db","level":"INFO","thread":"BftProcessorExecutor-QBFT-0","class":"QbftBesuControllerBuilder","message":"Produced #98 / 0 tx / 0 pending / 0 (0.0%) gas / (0xa048af852abbd84727be741c64743087551a2c4a599e81cc80748e90e96a683e)","throwable":""}
{"timestamp":"2025-07-18T11:35:33,021","container":"b4173de707db","level":"INFO","thread":"BftProcessorExecutor-QBFT-0","class":"QbftBesuControllerBuilder","message":"Imported #99 / 0 tx / 0 pending / 0 (0.0%) gas / (0x7c9fa1ff91bb2099527fd7ce316ac733c9b5d8d07c6d82abd88cb44d465d8ff4)","throwable":""}
{"timestamp":"2025-07-18T11:35:42,002","container":"b4173de707db","level":"INFO","thread":"BftProcessorExecutor-QBFT-0","class":"QbftBesuControllerBuilder","message":"Imported #100 / 0 tx / 0 pending / 0 (0.0%) gas / (0xe7a8cd88c6c4cb98c451186397949ef48260cc8dc786620a75b28b968f3a6a0c)","throwable":""}
{"timestamp":"2025-07-18T11:35:49,023","container":"b4173de707db","level":"INFO","thread":"BftProcessorExecutor-QBFT-0","class":"QbftBesuControllerBuilder","message":"Imported #101 / 0 tx / 0 pending / 0 (0.0%) gas / (0x8e15eef15996a57eb74f7419d84f8931800afa9d2eea2e5950fbbcb8138bfbe0)","throwable":""}
{"timestamp":"2025-07-18T11:35:57,026","container":"b4173de707db","level":"INFO","thread":"BftProcessorExecutor-QBFT-0","class":"QbftBesuControllerBuilder","message":"Produced #102 / 0 tx / 0 pending / 0 (0.0%) gas / (0x8725b20c7ea1a452d2f7e6d35eab4a8ada685effc6935586071650bca3e7270f)","throwable":""}
{"timestamp":"2025-07-18T11:36:05,027","container":"b4173de707db","level":"INFO","thread":"BftProcessorExecutor-QBFT-0","class":"QbftBesuControllerBuilder","message":"Imported #103 / 0 tx / 0 pending / 0 (0.0%) gas / (0xfb9f6b5135f116519fc3b695b5b35dc3f09e928a5bb5a922a58d6d6de18328b6)","throwable":""}
{"timestamp":"2025-07-18T11:36:13,986","container":"b4173de707db","level":"INFO","thread":"BftProcessorExecutor-QBFT-0","class":"QbftBesuControllerBuilder","message":"Imported #104 / 0 tx / 0 pending / 0 (0.0%) gas / (0x447c381acb3255e69ecd88a08c3bfe3d41dcb5017f940e93ceb3ca0ee6d12332)","throwable":""}
{"timestamp":"2025-07-18T11:36:21,028","container":"b4173de707db","level":"INFO","thread":"BftProcessorExecutor-QBFT-0","class":"QbftBesuControllerBuilder","message":"Imported #105 / 0 tx / 0 pending / 0 (0.0%) gas / (0x0d4af1f79c2316943eb3f2c54f00da1d248622551553734b0d55ef82a1d4f000)","throwable":""}
{"timestamp":"2025-07-18T11:36:29,026","container":"b4173de707db","level":"INFO","thread":"BftProcessorExecutor-QBFT-0","class":"QbftBesuControllerBuilder","message":"Produced #106 / 0 tx / 0 pending / 0 (0.0%) gas / (0xb295238c15b2f5ad60fd41bdf1fd9406d14b1ffcff0c1bc6fad75f3e8808ca16)","throwable":""}
{"timestamp":"2025-07-18T11:36:37,023","container":"b4173de707db","level":"INFO","thread":"BftProcessorExecutor-QBFT-0","class":"QbftBesuControllerBuilder","message":"Imported #107 / 0 tx / 0 pending / 0 (0.0%) gas / (0x55f67601e25777072baed7de519d80c15bff87b69c3deaba03824d8299bb7816)","throwable":""}
{"timestamp":"2025-07-18T11:36:45,971","container":"b4173de707db","level":"INFO","thread":"BftProcessorExecutor-QBFT-0","class":"QbftBesuControllerBuilder","message":"Imported #108 / 0 tx / 0 pending / 0 (0.0%) gas / (0xaa336d80766fb9c38d3fae6f1a54305ec1beb56510f271618c193808a71075e9)","throwable":""}
{"timestamp":"2025-07-18T11:36:53,025","container":"b4173de707db","level":"INFO","thread":"BftProcessorExecutor-QBFT-0","class":"QbftBesuControllerBuilder","message":"Imported #109 / 0 tx / 0 pending / 0 (0.0%) gas / (0x0bbf20deef07d4cbb9b3660dfd79dbf0f0173d6a686442fd1b6e6f0d208f820c)","throwable":""}
{"timestamp":"2025-07-18T11:37:01,029","container":"b4173de707db","level":"INFO","thread":"BftProcessorExecutor-QBFT-0","class":"QbftBesuControllerBuilder","message":"Produced #110 / 0 tx / 0 pending / 0 (0.0%) gas / (0x20ff21f0f11207055ed772137096fd0ad662945a6291b7f6fcdc486dac20975b)","throwable":""}
{"timestamp":"2025-07-18T11:37:09,025","container":"b4173de707db","level":"INFO","thread":"BftProcessorExecutor-QBFT-0","class":"QbftBesuControllerBuilder","message":"Imported #111 / 0 tx / 0 pending / 0 (0.0%) gas / (0x270d7da535bfaba633f7ab417a20a2d274172b00a33d657eca2563b4eb98a507)","throwable":""}
{"timestamp":"2025-07-18T11:37:17,954","container":"b4173de707db","level":"INFO","thread":"BftProcessorExecutor-QBFT-0","class":"QbftBesuControllerBuilder","message":"Imported #112 / 0 tx / 0 pending / 0 (0.0%) gas / (0xdb3178fbc82b52a467f20f2e78a5731794eab45fb33f6e36fd418d62f5857987)","throwable":""}
{"timestamp":"2025-07-18T11:37:25,027","container":"b4173de707db","level":"INFO","thread":"BftProcessorExecutor-QBFT-0","class":"QbftBesuControllerBuilder","message":"Imported #113 / 0 tx / 0 pending / 0 (0.0%) gas / (0xeea23cf70d3d4013b23898a99adc20c50de02e5624354a4832d14c0422e511bc)","throwable":""}
{"timestamp":"2025-07-18T11:37:33,028","container":"b4173de707db","level":"INFO","thread":"BftProcessorExecutor-QBFT-0","class":"QbftBesuControllerBuilder","message":"Produced #114 / 0 tx / 0 pending / 0 (0.0%) gas / (0x69a4282752393198ad14b173460b3024c07cfbc55177355d0859940a40242a14)","throwable":""}
{"timestamp":"2025-07-18T11:37:41,028","container":"b4173de707db","level":"INFO","thread":"BftProcessorExecutor-QBFT-0","class":"QbftBesuControllerBuilder","message":"Imported #115 / 0 tx / 0 pending / 0 (0.0%) gas / (0x1e777acfe44d0525c5077494b694a31be520e438d423ef9cc12b96eacb8f255a)","throwable":""}
{"timestamp":"2025-07-18T11:37:49,933","container":"b4173de707db","level":"INFO","thread":"BftProcessorExecutor-QBFT-0","class":"QbftBesuControllerBuilder","message":"Imported #116 / 0 tx / 0 pending / 0 (0.0%) gas / (0x9b7a454b4f82a395c5f667b3380b5b357f22e65422c46f7796ff7a74814070f9)","throwable":""}
{"timestamp":"2025-07-18T11:37:57,027","container":"b4173de707db","level":"INFO","thread":"BftProcessorExecutor-QBFT-0","class":"QbftBesuControllerBuilder","message":"Imported #117 / 0 tx / 0 pending / 0 (0.0%) gas / (0x2ec8d0bb8b363ab2a725ce07c92509e15da8f85e7996f6cae4adddb387d530cc)","throwable":""}
{"timestamp":"2025-07-18T11:38:05,028","container":"b4173de707db","level":"INFO","thread":"BftProcessorExecutor-QBFT-0","class":"QbftBesuControllerBuilder","message":"Produced #118 / 0 tx / 0 pending / 0 (0.0%) gas / (0x15d69e1973e3812451ad84a4891ca80f82650ca8bec4f904137b67ff6cb8e3eb)","throwable":""}
{"timestamp":"2025-07-18T11:38:13,029","container":"b4173de707db","level":"INFO","thread":"BftProcessorExecutor-QBFT-0","class":"QbftBesuControllerBuilder","message":"Imported #119 / 0 tx / 0 pending / 0 (0.0%) gas / (0x60581dc739d92e01024b3574953fadd70db95c5ac02b8bd5fd685a5d34810fe6)","throwable":""}
{"timestamp":"2025-07-18T11:38:21,918","container":"b4173de707db","level":"INFO","thread":"BftProcessorExecutor-QBFT-0","class":"QbftBesuControllerBuilder","message":"Imported #120 / 0 tx / 0 pending / 0 (0.0%) gas / (0x0aec5cf0fa1b07b5119862c97202528feb0842c15de117d06eba6975306e8e25)","throwable":""}
{"timestamp":"2025-07-18T11:38:29,025","container":"b4173de707db","level":"INFO","thread":"BftProcessorExecutor-QBFT-0","class":"QbftBesuControllerBuilder","message":"Imported #121 / 0 tx / 0 pending / 0 (0.0%) gas / (0xcc9847a03e375fa6f552e7f00f44ff0fc64fac5a8ed8bc4b7f7fac853962be51)","throwable":""}
{"timestamp":"2025-07-18T11:38:37,023","container":"b4173de707db","level":"INFO","thread":"BftProcessorExecutor-QBFT-0","class":"QbftBesuControllerBuilder","message":"Produced #122 / 0 tx / 0 pending / 0 (0.0%) gas / (0xb0ab162b712a288532c0c0934ecec6ab4f44552b622af7d3efe5e69646101a50)","throwable":""}
{"timestamp":"2025-07-18T11:38:45,026","container":"b4173de707db","level":"INFO","thread":"BftProcessorExecutor-QBFT-0","class":"QbftBesuControllerBuilder","message":"Imported #123 / 0 tx / 0 pending / 0 (0.0%) gas / (0xecd86d37ffc0e7937aae31943c5fb4f0759340d4d299e0487305eb45051a4d9c)","throwable":""}
{"timestamp":"2025-07-18T11:38:53,900","container":"b4173de707db","level":"INFO","thread":"BftProcessorExecutor-QBFT-0","class":"QbftBesuControllerBuilder","message":"Imported #124 / 0 tx / 0 pending / 0 (0.0%) gas / (0x6150bf75be76be6ecec993ae21cb6de8547de2c1896d18ee98f78773f00fc12c)","throwable":""}
{"timestamp":"2025-07-18T11:39:01,028","container":"b4173de707db","level":"INFO","thread":"BftProcessorExecutor-QBFT-0","class":"QbftBesuControllerBuilder","message":"Imported #125 / 0 tx / 0 pending / 0 (0.0%) gas / (0xe48f520781e9fb7fd6ba4be3696cfab9da735ff48336ba931eaaea97789a6141)","throwable":""}
{"timestamp":"2025-07-18T11:39:09,026","container":"b4173de707db","level":"INFO","thread":"BftProcessorExecutor-QBFT-0","class":"QbftBesuControllerBuilder","message":"Produced #126 / 0 tx / 0 pending / 0 (0.0%) gas / (0xab2ba82b230473dd51e19d57a034cb4168d99c5f29cb29e8856ba617b3db37d0)","throwable":""}
{"timestamp":"2025-07-18T11:39:17,029","container":"b4173de707db","level":"INFO","thread":"BftProcessorExecutor-QBFT-0","class":"QbftBesuControllerBuilder","message":"Imported #127 / 0 tx / 0 pending / 0 (0.0%) gas / (0x8290b8f995e5b0b7667ca5b7ed5d134ed4a6d0f32c3aff9a254905e0d8234e2d)","throwable":""}
{"timestamp":"2025-07-18T11:39:25,889","container":"b4173de707db","level":"INFO","thread":"BftProcessorExecutor-QBFT-0","class":"QbftBesuControllerBuilder","message":"Imported #128 / 0 tx / 0 pending / 0 (0.0%) gas / (0x4678e2be12bc1f585ab3a92adb20fc911746fc4fd12516190ef9b3bae5c25652)","throwable":""}
{"timestamp":"2025-07-18T11:39:33,028","container":"b4173de707db","level":"INFO","thread":"EthScheduler-Workers-0","class":"PersistBlockTask","message":"Block 129 (0x9ce761b63ef06ca0a7fde48b0984e0ca248d7e63d3fefdcafc50f4aecb6a30c7) is already imported","throwable":""}
{"timestamp":"2025-07-18T11:39:33,029","container":"b4173de707db","level":"INFO","thread":"BftProcessorExecutor-QBFT-0","class":"QbftBesuControllerBuilder","message":"Imported #129 / 0 tx / 0 pending / 0 (0.0%) gas / (0x9ce761b63ef06ca0a7fde48b0984e0ca248d7e63d3fefdcafc50f4aecb6a30c7)","throwable":""}
{"timestamp":"2025-07-18T11:39:41,025","container":"b4173de707db","level":"INFO","thread":"BftProcessorExecutor-QBFT-0","class":"QbftBesuControllerBuilder","message":"Produced #130 / 0 tx / 0 pending / 0 (0.0%) gas / (0x60d3132b46ac9ac250916901a0eeb64f1f3f19669f3090d70f9e257d4fe7e2de)","throwable":""}
{"timestamp":"2025-07-18T11:39:49,028","container":"b4173de707db","level":"INFO","thread":"BftProcessorExecutor-QBFT-0","class":"QbftBesuControllerBuilder","message":"Imported #131 / 0 tx / 0 pending / 0 (0.0%) gas / (0xfd668b0c6e30dee707d373305e8745e8e0200d39e941c444639e7d353233559b)","throwable":""}
{"timestamp":"2025-07-18T11:39:57,866","container":"b4173de707db","level":"INFO","thread":"BftProcessorExecutor-QBFT-0","class":"QbftBesuControllerBuilder","message":"Imported #132 / 0 tx / 0 pending / 0 (0.0%) gas / (0xbb61771a622cfbaa1cbe170d5bf07e60a9ed82605ad619a328981db4a419793e)","throwable":""}
{"timestamp":"2025-07-18T11:40:05,033","container":"b4173de707db","level":"INFO","thread":"BftProcessorExecutor-QBFT-0","class":"QbftBesuControllerBuilder","message":"Imported #133 / 0 tx / 0 pending / 0 (0.0%) gas / (0x855ccb0fef568f0808f2f16a3e26368ddc232a384db1c2de6bd6511f6431c90c)","throwable":""}
{"timestamp":"2025-07-18T11:40:13,022","container":"b4173de707db","level":"INFO","thread":"BftProcessorExecutor-QBFT-0","class":"QbftBesuControllerBuilder","message":"Produced #134 / 0 tx / 0 pending / 0 (0.0%) gas / (0xd815872928c44643fa37db7699c659b894455da2d12349015affcf502f033a50)","throwable":""}
{"timestamp":"2025-07-18T11:40:21,025","container":"b4173de707db","level":"INFO","thread":"BftProcessorExecutor-QBFT-0","class":"QbftBesuControllerBuilder","message":"Imported #135 / 0 tx / 0 pending / 0 (0.0%) gas / (0x7ee4e311ca099162512bae0903825bdcfaffa9c5bab483fc7d169afd36704326)","throwable":""}
{"timestamp":"2025-07-18T11:40:29,853","container":"b4173de707db","level":"INFO","thread":"BftProcessorExecutor-QBFT-0","class":"QbftBesuControllerBuilder","message":"Imported #136 / 0 tx / 0 pending / 0 (0.0%) gas / (0x6e130df44616748448ecdbffa2f7858cd8a5e9988c76bf671dbb5d2888af4ffc)","throwable":""}
{"timestamp":"2025-07-18T11:40:37,031","container":"b4173de707db","level":"INFO","thread":"BftProcessorExecutor-QBFT-0","class":"QbftBesuControllerBuilder","message":"Imported #137 / 0 tx / 0 pending / 0 (0.0%) gas / (0x39ddbe5bfb69d709c873119c6730e404f9e93de7434957d68002dddaa9ef3963)","throwable":""}
{"timestamp":"2025-07-18T11:40:45,023","container":"b4173de707db","level":"INFO","thread":"BftProcessorExecutor-QBFT-0","class":"QbftBesuControllerBuilder","message":"Produced #138 / 0 tx / 0 pending / 0 (0.0%) gas / (0x307267d8ca0771fc6f38977d185be3472c39076552df4236e2992f9bcf0aedb0)","throwable":""}
{"timestamp":"2025-07-18T11:40:53,037","container":"b4173de707db","level":"INFO","thread":"EthScheduler-Workers-0","class":"PersistBlockTask","message":"Block 139 (0xaa64799ec191afd9f5ddff5253cede382887ca74c9511318553244cf88c6c7de) is already imported","throwable":""}
{"timestamp":"2025-07-18T11:40:53,037","container":"b4173de707db","level":"INFO","thread":"BftProcessorExecutor-QBFT-0","class":"QbftBesuControllerBuilder","message":"Imported #139 / 0 tx / 0 pending / 0 (0.0%) gas / (0xaa64799ec191afd9f5ddff5253cede382887ca74c9511318553244cf88c6c7de)","throwable":""}
{"timestamp":"2025-07-18T11:41:01,826","container":"b4173de707db","level":"INFO","thread":"BftProcessorExecutor-QBFT-0","class":"QbftBesuControllerBuilder","message":"Imported #140 / 0 tx / 0 pending / 0 (0.0%) gas / (0x6a3efdea08af6e2fcc3bc3b70404448cea641461df0d1990e3eb8a60cc4d765c)","throwable":""}
{"timestamp":"2025-07-18T11:41:09,021","container":"b4173de707db","level":"INFO","thread":"BftProcessorExecutor-QBFT-0","class":"QbftBesuControllerBuilder","message":"Imported #141 / 0 tx / 0 pending / 0 (0.0%) gas / (0x3169c8bdb4cba3d076936bb821615a7804a474533940594cdc76845d5fafe30d)","throwable":""}
{"timestamp":"2025-07-18T11:41:17,021","container":"b4173de707db","level":"INFO","thread":"BftProcessorExecutor-QBFT-0","class":"QbftBesuControllerBuilder","message":"Produced #142 / 0 tx / 0 pending / 0 (0.0%) gas / (0x4d9abb45ff54e12594a5ac4a415b9fb924e3ea4e06f8e71bdbe6d85c18e013e3)","throwable":""}
{"timestamp":"2025-07-18T11:41:25,024","container":"b4173de707db","level":"INFO","thread":"BftProcessorExecutor-QBFT-0","class":"QbftBesuControllerBuilder","message":"Imported #143 / 0 tx / 0 pending / 0 (0.0%) gas / (0xaf99a87b05682461a5199c18b39ae10375e2946904d29cfde90c5a4a47109faf)","throwable":""}
{"timestamp":"2025-07-18T11:41:33,825","container":"b4173de707db","level":"INFO","thread":"BftProcessorExecutor-QBFT-0","class":"QbftBesuControllerBuilder","message":"Imported #144 / 0 tx / 0 pending / 0 (0.0%) gas / (0xe53c2082c273c8cbe27920c9d070fb0fcddf081f89641638098f68523d622afd)","throwable":""}
{"timestamp":"2025-07-18T11:41:41,024","container":"b4173de707db","level":"INFO","thread":"BftProcessorExecutor-QBFT-0","class":"QbftBesuControllerBuilder","message":"Imported #145 / 0 tx / 0 pending / 0 (0.0%) gas / (0x189ce1138df1e5412e9c8fc37f89e337989fbcc8e4d33c3808b85c15a4b5e7cb)","throwable":""}
{"timestamp":"2025-07-18T11:41:49,031","container":"b4173de707db","level":"INFO","thread":"BftProcessorExecutor-QBFT-0","class":"QbftBesuControllerBuilder","message":"Produced #146 / 0 tx / 0 pending / 0 (0.0%) gas / (0xb32daece0f9286208a6583dce3fb0f23be4125addafd98330fc33f26f41df365)","throwable":""}
{"timestamp":"2025-07-18T11:41:57,032","container":"b4173de707db","level":"INFO","thread":"BftProcessorExecutor-QBFT-0","class":"QbftBesuControllerBuilder","message":"Imported #147 / 0 tx / 0 pending / 0 (0.0%) gas / (0xdb29680c7cbb17aa242552ead5f714e12a5868516db3f4f959e7d93446681f85)","throwable":""}
{"timestamp":"2025-07-18T11:42:05,805","container":"b4173de707db","level":"INFO","thread":"BftProcessorExecutor-QBFT-0","class":"QbftBesuControllerBuilder","message":"Imported #148 / 0 tx / 0 pending / 0 (0.0%) gas / (0xc4daf6cfdb83ebd9f87011560c8fff196f2f82d03fcb9d35561205b324004baf)","throwable":""}
{"timestamp":"2025-07-18T11:42:13,022","container":"b4173de707db","level":"INFO","thread":"BftProcessorExecutor-QBFT-0","class":"QbftBesuControllerBuilder","message":"Imported #149 / 0 tx / 0 pending / 0 (0.0%) gas / (0x01465ad8eac0d8216c8d2e9595864dac6bbc942c3129d463c25792d07b7fbbd6)","throwable":""}
{"timestamp":"2025-07-18T11:42:21,034","container":"b4173de707db","level":"INFO","thread":"BftProcessorExecutor-QBFT-0","class":"QbftBesuControllerBuilder","message":"Produced #150 / 0 tx / 0 pending / 0 (0.0%) gas / (0x8697835d79f4dfd02cb515b028730bd8e88661e7d5839ea42bd9d97905c95132)","throwable":""}
{"timestamp":"2025-07-18T11:42:29,021","container":"b4173de707db","level":"INFO","thread":"BftProcessorExecutor-QBFT-0","class":"QbftBesuControllerBuilder","message":"Imported #151 / 0 tx / 0 pending / 0 (0.0%) gas / (0xf1dc45296e476d99c2f69ce34768f467847537be5f4694d1e8df75ec46ef1958)","throwable":""}
{"timestamp":"2025-07-18T11:42:37,796","container":"b4173de707db","level":"INFO","thread":"BftProcessorExecutor-QBFT-0","class":"QbftBesuControllerBuilder","message":"Imported #152 / 0 tx / 0 pending / 0 (0.0%) gas / (0xf6efcbfe701fdb1c47ba07b6e4bdb8b88d04c099e1836d3e90543eb029118f82)","throwable":""}
{"timestamp":"2025-07-18T11:42:45,028","container":"b4173de707db","level":"INFO","thread":"BftProcessorExecutor-QBFT-0","class":"QbftBesuControllerBuilder","message":"Imported #153 / 0 tx / 0 pending / 0 (0.0%) gas / (0x4dfa1c8a06653c2fa48640c8cae8e0d0c21be4cdf452793c7c49848cc5853127)","throwable":""}
{"timestamp":"2025-07-18T11:42:53,025","container":"b4173de707db","level":"INFO","thread":"BftProcessorExecutor-QBFT-0","class":"QbftBesuControllerBuilder","message":"Produced #154 / 0 tx / 0 pending / 0 (0.0%) gas / (0x165ab456ec102caa411ab3b5c43a25a60e6ef875b5142d4fd95f306289390df4)","throwable":""}
{"timestamp":"2025-07-18T11:43:01,028","container":"b4173de707db","level":"INFO","thread":"BftProcessorExecutor-QBFT-0","class":"QbftBesuControllerBuilder","message":"Imported #155 / 0 tx / 0 pending / 0 (0.0%) gas / (0x98de92f9de1506ce81983aca9f36224e631721588f6c888605fe3c36bc0a9727)","throwable":""}
{"timestamp":"2025-07-18T11:43:09,793","container":"b4173de707db","level":"INFO","thread":"BftProcessorExecutor-QBFT-0","class":"QbftBesuControllerBuilder","message":"Imported #156 / 0 tx / 0 pending / 0 (0.0%) gas / (0x76076392239a9768f933618a68ec4a0eb9d20dd0c8dafb87200ffc9b4458f8c2)","throwable":""}
{"timestamp":"2025-07-18T11:43:17,023","container":"b4173de707db","level":"INFO","thread":"BftProcessorExecutor-QBFT-0","class":"QbftBesuControllerBuilder","message":"Imported #157 / 0 tx / 0 pending / 0 (0.0%) gas / (0x5d8d5c3ee7810652718b387e293b53a514186ada0e2fb0a5e0397a01b43242a0)","throwable":""}
{"timestamp":"2025-07-18T11:43:25,041","container":"b4173de707db","level":"INFO","thread":"BftProcessorExecutor-QBFT-0","class":"QbftBesuControllerBuilder","message":"Produced #158 / 0 tx / 0 pending / 0 (0.0%) gas / (0x3e086e73179ac50882a2b3ba65ef87cb0cd60891f7e4911d33d524893f5b7d71)","throwable":""}
{"timestamp":"2025-07-18T11:43:33,023","container":"b4173de707db","level":"INFO","thread":"BftProcessorExecutor-QBFT-0","class":"QbftBesuControllerBuilder","message":"Imported #159 / 0 tx / 0 pending / 0 (0.0%) gas / (0x889d97aec576eb80ba64bdbda9cda12f3250a2c766db4a77e1459f046a767eab)","throwable":""}
{"timestamp":"2025-07-18T11:43:41,756","container":"b4173de707db","level":"INFO","thread":"BftProcessorExecutor-QBFT-0","class":"QbftBesuControllerBuilder","message":"Imported #160 / 0 tx / 0 pending / 0 (0.0%) gas / (0xa1d6af6837c03b53393d48a9351374308d7106846c1dc473e40467f1faeadf42)","throwable":""}
{"timestamp":"2025-07-18T11:43:49,015","container":"b4173de707db","level":"INFO","thread":"BftProcessorExecutor-QBFT-0","class":"QbftBesuControllerBuilder","message":"Imported #161 / 0 tx / 0 pending / 0 (0.0%) gas / (0x1c2c7c240690311f5298ff6065697ec827fd12e4d244e77c15b331413a09f1da)","throwable":""}
{"timestamp":"2025-07-18T11:43:57,021","container":"b4173de707db","level":"INFO","thread":"BftProcessorExecutor-QBFT-0","class":"QbftBesuControllerBuilder","message":"Produced #162 / 0 tx / 0 pending / 0 (0.0%) gas / (0xc4a9f40e344bbb4889f7be7f4304cef1eb08f2d04060d24afde044ee45970cdc)","throwable":""}
{"timestamp":"2025-07-18T11:44:05,024","container":"b4173de707db","level":"INFO","thread":"BftProcessorExecutor-QBFT-0","class":"QbftBesuControllerBuilder","message":"Imported #163 / 0 tx / 0 pending / 0 (0.0%) gas / (0x39f30dc8c0d1c38da7b7aff2a62be566145d72204e35e7c223b03a037399200d)","throwable":""}
{"timestamp":"2025-07-18T11:44:13,745","container":"b4173de707db","level":"INFO","thread":"BftProcessorExecutor-QBFT-0","class":"QbftBesuControllerBuilder","message":"Imported #164 / 0 tx / 0 pending / 0 (0.0%) gas / (0xa5f9363ff86c0b4cfacba00fdeb9c3dc01ac921e5e42c4e76b103be17ae5ae18)","throwable":""}
{"timestamp":"2025-07-18T11:44:21,032","container":"b4173de707db","level":"INFO","thread":"BftProcessorExecutor-QBFT-0","class":"QbftBesuControllerBuilder","message":"Imported #165 / 0 tx / 0 pending / 0 (0.0%) gas / (0xf463853354213b68e369198477e8169b404d29c6a3117196d182cee98b26104c)","throwable":""}
{"timestamp":"2025-07-18T11:44:29,019","container":"b4173de707db","level":"INFO","thread":"BftProcessorExecutor-QBFT-0","class":"QbftBesuControllerBuilder","message":"Produced #166 / 0 tx / 0 pending / 0 (0.0%) gas / (0x19efe25403e731d3fc2e06abfc95af870391bf6d7707192428168f6f6db8ac8a)","throwable":""}
{"timestamp":"2025-07-18T11:44:37,030","container":"b4173de707db","level":"INFO","thread":"BftProcessorExecutor-QBFT-0","class":"QbftBesuControllerBuilder","message":"Imported #167 / 0 tx / 0 pending / 0 (0.0%) gas / (0xe97e72833a054d6c52f266c31f3e5af6759f8eb0a452feb89dc07e7b44ac1e0d)","throwable":""}
{"timestamp":"2025-07-18T11:44:45,726","container":"b4173de707db","level":"INFO","thread":"BftProcessorExecutor-QBFT-0","class":"QbftBesuControllerBuilder","message":"Imported #168 / 0 tx / 0 pending / 0 (0.0%) gas / (0xc34a4373c3578b3544e1ab8a69af85c35cfa3989ebfe476310fdc9d14e6f7780)","throwable":""}
{"timestamp":"2025-07-18T11:44:53,028","container":"b4173de707db","level":"INFO","thread":"BftProcessorExecutor-QBFT-0","class":"QbftBesuControllerBuilder","message":"Imported #169 / 0 tx / 0 pending / 0 (0.0%) gas / (0x513ff2fd5b976e4628411f48d634212fd258e3d8d5e9b4c1a1b26c13f06a5470)","throwable":""}
{"timestamp":"2025-07-18T11:45:01,047","container":"b4173de707db","level":"INFO","thread":"BftProcessorExecutor-QBFT-0","class":"QbftBesuControllerBuilder","message":"Produced #170 / 0 tx / 0 pending / 0 (0.0%) gas / (0xa52de53753c8fe44bd6d2484a434722db225b8283677fe7af762ad969ff08c63)","throwable":""}
{"timestamp":"2025-07-18T11:45:09,032","container":"b4173de707db","level":"INFO","thread":"BftProcessorExecutor-QBFT-0","class":"QbftBesuControllerBuilder","message":"Imported #171 / 0 tx / 0 pending / 0 (0.0%) gas / (0x8671a3a552490ae42e6d9b5d65806467f13725719ef154519bead49a73e5f0d5)","throwable":""}
{"timestamp":"2025-07-18T11:45:17,708","container":"b4173de707db","level":"INFO","thread":"BftProcessorExecutor-QBFT-0","class":"QbftBesuControllerBuilder","message":"Imported #172 / 0 tx / 0 pending / 0 (0.0%) gas / (0x921a0b6cc454050afe30f907d0b92fefc62b9f6b3c3ad613e6b804240a1d76c3)","throwable":""}
{"timestamp":"2025-07-18T11:45:25,026","container":"b4173de707db","level":"INFO","thread":"BftProcessorExecutor-QBFT-0","class":"QbftBesuControllerBuilder","message":"Imported #173 / 0 tx / 0 pending / 0 (0.0%) gas / (0x4b86bf467836d176dac1e486e16b187087185a98c975132a0ed12465746e93cf)","throwable":""}
{"timestamp":"2025-07-18T11:45:33,023","container":"b4173de707db","level":"INFO","thread":"BftProcessorExecutor-QBFT-0","class":"QbftBesuControllerBuilder","message":"Produced #174 / 0 tx / 0 pending / 0 (0.0%) gas / (0xbae67826c8374fb21996030d09e029a0a15d4b3c6b45257433d8c401c402d4ed)","throwable":""}
{"timestamp":"2025-07-18T11:45:41,022","container":"b4173de707db","level":"INFO","thread":"BftProcessorExecutor-QBFT-0","class":"QbftBesuControllerBuilder","message":"Imported #175 / 0 tx / 0 pending / 0 (0.0%) gas / (0xeadbf46b6e94dad67102b0d4f7199e6b2bdd25dc829953f9138f5c86bab0f953)","throwable":""}
{"timestamp":"2025-07-18T11:45:49,715","container":"b4173de707db","level":"INFO","thread":"BftProcessorExecutor-QBFT-0","class":"QbftBesuControllerBuilder","message":"Imported #176 / 0 tx / 0 pending / 0 (0.0%) gas / (0x760e156d445ad24f64f3a321d8f867cc2baa630f693d549104e77d8b721d5687)","throwable":""}
{"timestamp":"2025-07-18T11:45:57,023","container":"b4173de707db","level":"INFO","thread":"BftProcessorExecutor-QBFT-0","class":"QbftBesuControllerBuilder","message":"Imported #177 / 0 tx / 0 pending / 0 (0.0%) gas / (0x7d5e5dbda7b06c26156c794e675d80230ed7cb22dd6239dac13549520218e0c3)","throwable":""}
{"timestamp":"2025-07-18T11:46:05,024","container":"b4173de707db","level":"INFO","thread":"BftProcessorExecutor-QBFT-0","class":"QbftBesuControllerBuilder","message":"Produced #178 / 0 tx / 0 pending / 0 (0.0%) gas / (0x98a25285290ddf87cbc7df372205b0479f27d3017b2eada1ba6d66c70742edb8)","throwable":""}
{"timestamp":"2025-07-18T11:46:13,021","container":"b4173de707db","level":"INFO","thread":"BftProcessorExecutor-QBFT-0","class":"QbftBesuControllerBuilder","message":"Imported #179 / 0 tx / 0 pending / 0 (0.0%) gas / (0xc6a33f0473bb2601fc9717e52c92d35e990df4188f6a6ef75de364d40c21d4f8)","throwable":""}
{"timestamp":"2025-07-18T11:46:21,667","container":"b4173de707db","level":"INFO","thread":"BftProcessorExecutor-QBFT-0","class":"QbftBesuControllerBuilder","message":"Imported #180 / 0 tx / 0 pending / 0 (0.0%) gas / (0x784af86c1710f3febab730759a59c4ecb6478d1f48df7f79ae5020d3d9c4ac71)","throwable":""}
{"timestamp":"2025-07-18T11:46:29,017","container":"b4173de707db","level":"INFO","thread":"BftProcessorExecutor-QBFT-0","class":"QbftBesuControllerBuilder","message":"Imported #181 / 0 tx / 0 pending / 0 (0.0%) gas / (0x512a84f8f8a6e2c7a7ec441447bb404d58c16188727c8bd12b021c6a2d95548b)","throwable":""}
{"timestamp":"2025-07-18T11:46:37,024","container":"b4173de707db","level":"INFO","thread":"BftProcessorExecutor-QBFT-0","class":"QbftBesuControllerBuilder","message":"Produced #182 / 0 tx / 0 pending / 0 (0.0%) gas / (0x1b52505640dfb5eddc75fc540b128daa4756bebfea76013c0d1ee0df38720342)","throwable":""}
{"timestamp":"2025-07-18T11:46:45,020","container":"b4173de707db","level":"INFO","thread":"BftProcessorExecutor-QBFT-0","class":"QbftBesuControllerBuilder","message":"Imported #183 / 0 tx / 0 pending / 0 (0.0%) gas / (0xe8d0615f523a7c159c48a1f37f42a2c88acd38f4919c3bb21cab34b72a1d36dd)","throwable":""}
{"timestamp":"2025-07-18T11:46:53,656","container":"b4173de707db","level":"INFO","thread":"BftProcessorExecutor-QBFT-0","class":"QbftBesuControllerBuilder","message":"Imported #184 / 0 tx / 0 pending / 0 (0.0%) gas / (0xb83b06c0ada2af022478db3c4209dc7db1a789d020c522a039d3e3d4e25e6ced)","throwable":""}
{"timestamp":"2025-07-18T11:47:01,028","container":"b4173de707db","level":"INFO","thread":"BftProcessorExecutor-QBFT-0","class":"QbftBesuControllerBuilder","message":"Imported #185 / 0 tx / 0 pending / 0 (0.0%) gas / (0x91130372a2f4d76b6349aedfdc4eb3633a16d005771e0421b72601a71641745e)","throwable":""}
{"timestamp":"2025-07-18T11:47:09,025","container":"b4173de707db","level":"INFO","thread":"BftProcessorExecutor-QBFT-0","class":"QbftBesuControllerBuilder","message":"Produced #186 / 0 tx / 0 pending / 0 (0.0%) gas / (0xdd48f8d07b7798954afee9c6ebef81525394e3b5944b5c24aa0c7fa063732f14)","throwable":""}
{"timestamp":"2025-07-18T11:47:17,022","container":"b4173de707db","level":"INFO","thread":"BftProcessorExecutor-QBFT-0","class":"QbftBesuControllerBuilder","message":"Imported #187 / 0 tx / 0 pending / 0 (0.0%) gas / (0xb6e8e9718c0203991c4d18acbb624d0ee86adc76842848ad114b1bd1510e9e27)","throwable":""}
{"timestamp":"2025-07-18T11:47:25,644","container":"b4173de707db","level":"INFO","thread":"BftProcessorExecutor-QBFT-0","class":"QbftBesuControllerBuilder","message":"Imported #188 / 0 tx / 0 pending / 0 (0.0%) gas / (0x675595efe03f85784284cf37fe7cc2c849e573e18481781f4150c18ba5de6b42)","throwable":""}
{"timestamp":"2025-07-18T11:47:33,025","container":"b4173de707db","level":"INFO","thread":"BftProcessorExecutor-QBFT-0","class":"QbftBesuControllerBuilder","message":"Imported #189 / 0 tx / 0 pending / 0 (0.0%) gas / (0x0030095dc8396ba1e7cefcded41c3a0ab168d90db9456e52e91501275cec2ee8)","throwable":""}
{"timestamp":"2025-07-18T11:47:41,015","container":"b4173de707db","level":"INFO","thread":"BftProcessorExecutor-QBFT-0","class":"QbftBesuControllerBuilder","message":"Produced #190 / 0 tx / 0 pending / 0 (0.0%) gas / (0xf1a688c7f02e18758e9704def30b6562056869f19c93012b5c070b1a164e41b4)","throwable":""}
{"timestamp":"2025-07-18T11:47:49,024","container":"b4173de707db","level":"INFO","thread":"BftProcessorExecutor-QBFT-0","class":"QbftBesuControllerBuilder","message":"Imported #191 / 0 tx / 0 pending / 0 (0.0%) gas / (0xa1308cdaf1424267c6a8b352265f559488aa7af8a0faa064198a245f67896dc0)","throwable":""}
{"timestamp":"2025-07-18T11:47:57,633","container":"b4173de707db","level":"INFO","thread":"BftProcessorExecutor-QBFT-0","class":"QbftBesuControllerBuilder","message":"Imported #192 / 0 tx / 0 pending / 0 (0.0%) gas / (0xaae25aa42fbd3c78bee2c363c1bd3616561b3a005f91c419d8857ce978a53fa4)","throwable":""}
{"timestamp":"2025-07-18T11:48:05,019","container":"b4173de707db","level":"INFO","thread":"BftProcessorExecutor-QBFT-0","class":"QbftBesuControllerBuilder","message":"Imported #193 / 0 tx / 0 pending / 0 (0.0%) gas / (0xa2388bd8d28ed247a20ca5174c9a7201603b6dc3afcfa3ea70ce301a0f790186)","throwable":""}
{"timestamp":"2025-07-18T11:48:13,024","container":"b4173de707db","level":"INFO","thread":"BftProcessorExecutor-QBFT-0","class":"QbftBesuControllerBuilder","message":"Produced #194 / 0 tx / 0 pending / 0 (0.0%) gas / (0xb53c1fed1818636993f8d480886ba13e211c231393272711c33d2469728f9efa)","throwable":""}
{"timestamp":"2025-07-18T11:48:21,025","container":"b4173de707db","level":"INFO","thread":"BftProcessorExecutor-QBFT-0","class":"QbftBesuControllerBuilder","message":"Imported #195 / 0 tx / 0 pending / 0 (0.0%) gas / (0xf5a4d9020e9ce3544b4cca9ff003f96001fbc926585392c5a9b3089d45323b8c)","throwable":""}
{"timestamp":"2025-07-18T11:48:29,621","container":"b4173de707db","level":"INFO","thread":"BftProcessorExecutor-QBFT-0","class":"QbftBesuControllerBuilder","message":"Imported #196 / 0 tx / 0 pending / 0 (0.0%) gas / (0x1dff86510f9de257ec4e8211effef1708a2e93b2e1aa5f9c9df87fbe2ad2f3f9)","throwable":""}
{"timestamp":"2025-07-18T11:48:37,025","container":"b4173de707db","level":"INFO","thread":"BftProcessorExecutor-QBFT-0","class":"QbftBesuControllerBuilder","message":"Imported #197 / 0 tx / 0 pending / 0 (0.0%) gas / (0xf1e726c43765afa02e7ad3962eabd75da5d50ed2fd0dd7406c4131ec326e4bc7)","throwable":""}
{"timestamp":"2025-07-18T11:48:45,020","container":"b4173de707db","level":"INFO","thread":"BftProcessorExecutor-QBFT-0","class":"QbftBesuControllerBuilder","message":"Produced #198 / 0 tx / 0 pending / 0 (0.0%) gas / (0xa29cea66c1c1ecb89c0e656bd95b171093805f082fcbc780547ab58a44d534ff)","throwable":""}
{"timestamp":"2025-07-18T11:48:53,025","container":"b4173de707db","level":"INFO","thread":"BftProcessorExecutor-QBFT-0","class":"QbftBesuControllerBuilder","message":"Imported #199 / 0 tx / 0 pending / 0 (0.0%) gas / (0xf483d4cad042f282cfa66e58f2e263384d7e1e4cfbe44fc7d044b24504d51b3e)","throwable":""}
{"timestamp":"2025-07-18T11:49:01,594","container":"b4173de707db","level":"INFO","thread":"EthScheduler-Workers-0","class":"PersistBlockTask","message":"Block 200 (0xfb77808c65913248cac3a0357b4193aceb3704499dfc9acdaf56c1160eb8b4f8) is already imported","throwable":""}
{"timestamp":"2025-07-18T11:49:01,594","container":"b4173de707db","level":"INFO","thread":"BftProcessorExecutor-QBFT-0","class":"QbftBesuControllerBuilder","message":"Imported #200 / 0 tx / 0 pending / 0 (0.0%) gas / (0xfb77808c65913248cac3a0357b4193aceb3704499dfc9acdaf56c1160eb8b4f8)","throwable":""}
{"timestamp":"2025-07-18T11:49:09,026","container":"b4173de707db","level":"INFO","thread":"BftProcessorExecutor-QBFT-0","class":"QbftBesuControllerBuilder","message":"Imported #201 / 0 tx / 0 pending / 0 (0.0%) gas / (0x76610ee045f64225a773dda4a300992e5aaab99fb619a5f58f3d50a908d9e04a)","throwable":""}
{"timestamp":"2025-07-18T11:49:17,021","container":"b4173de707db","level":"INFO","thread":"BftProcessorExecutor-QBFT-0","class":"QbftBesuControllerBuilder","message":"Produced #202 / 0 tx / 0 pending / 0 (0.0%) gas / (0xc4af20be83d363b871496df6c296fac4b04618c8b54ec4baa4854a4297bc346a)","throwable":""}
{"timestamp":"2025-07-18T11:49:25,020","container":"b4173de707db","level":"INFO","thread":"BftProcessorExecutor-QBFT-0","class":"QbftBesuControllerBuilder","message":"Imported #203 / 0 tx / 0 pending / 0 (0.0%) gas / (0xeb9aeb7ee5c0ba17efd677ec597b994442e5687799b44804a9a3202b9461b1d9)","throwable":""}
{"timestamp":"2025-07-18T11:49:33,577","container":"b4173de707db","level":"INFO","thread":"BftProcessorExecutor-QBFT-0","class":"QbftBesuControllerBuilder","message":"Imported #204 / 0 tx / 0 pending / 0 (0.0%) gas / (0xaac8b7c11d0c562ff17a22202c4db7cbe498b7b1bfebdb8d0ff66556d89c8d22)","throwable":""}
{"timestamp":"2025-07-18T11:49:41,020","container":"b4173de707db","level":"INFO","thread":"BftProcessorExecutor-QBFT-0","class":"QbftBesuControllerBuilder","message":"Imported #205 / 0 tx / 0 pending / 0 (0.0%) gas / (0xda4ef5e3482c14a341bce2e8ac253c57de8fc51b5895cde502bd542747bfa9db)","throwable":""}
{"timestamp":"2025-07-18T11:49:49,020","container":"b4173de707db","level":"INFO","thread":"BftProcessorExecutor-QBFT-0","class":"QbftBesuControllerBuilder","message":"Produced #206 / 0 tx / 0 pending / 0 (0.0%) gas / (0x48c87216009ccad3b33c6cf1285ead1252380d22a06fdeac49c2c3a4f014ee9c)","throwable":""}
{"timestamp":"2025-07-18T11:49:57,011","container":"b4173de707db","level":"INFO","thread":"BftProcessorExecutor-QBFT-0","class":"QbftBesuControllerBuilder","message":"Imported #207 / 0 tx / 0 pending / 0 (0.0%) gas / (0xe52602dd6039f8c36b943166e9e1bd4af69665a2d2eabd389e183b6786e9f2ef)","throwable":""}
{"timestamp":"2025-07-18T11:50:05,553","container":"b4173de707db","level":"INFO","thread":"BftProcessorExecutor-QBFT-0","class":"QbftBesuControllerBuilder","message":"Imported #208 / 0 tx / 0 pending / 0 (0.0%) gas / (0xc0c68ba75f5abdada867c382d67ba1bc923bf89fcb7947ef391ba235f6856e3e)","throwable":""}
{"timestamp":"2025-07-18T11:50:13,027","container":"b4173de707db","level":"INFO","thread":"BftProcessorExecutor-QBFT-0","class":"QbftBesuControllerBuilder","message":"Imported #209 / 0 tx / 0 pending / 0 (0.0%) gas / (0x7ea0bf042edf75d046d2d0f0bd95acca03a0a6363245ea1a8f1d704617ab0dc3)","throwable":""}
{"timestamp":"2025-07-18T11:50:21,023","container":"b4173de707db","level":"INFO","thread":"BftProcessorExecutor-QBFT-0","class":"QbftBesuControllerBuilder","message":"Produced #210 / 0 tx / 0 pending / 0 (0.0%) gas / (0x9cf6fe02a342733c8e25140ba492b5a234642ab2d2bbfd55220692e6df5892ff)","throwable":""}
{"timestamp":"2025-07-18T11:50:29,023","container":"b4173de707db","level":"INFO","thread":"BftProcessorExecutor-QBFT-0","class":"QbftBesuControllerBuilder","message":"Imported #211 / 0 tx / 0 pending / 0 (0.0%) gas / (0x6c3b03626c8309f6f6deff540b17016dad96baa2f81c610630f2534b5331cdb6)","throwable":""}
{"timestamp":"2025-07-18T11:50:37,562","container":"b4173de707db","level":"INFO","thread":"BftProcessorExecutor-QBFT-0","class":"QbftBesuControllerBuilder","message":"Imported #212 / 0 tx / 0 pending / 0 (0.0%) gas / (0xc0d19dd67aafec9a6785a537a0d8455943d8e711339ad8955478ff892d45da5d)","throwable":""}
{"timestamp":"2025-07-18T11:50:45,013","container":"b4173de707db","level":"INFO","thread":"BftProcessorExecutor-QBFT-0","class":"QbftBesuControllerBuilder","message":"Imported #213 / 0 tx / 0 pending / 0 (0.0%) gas / (0xc5e477d3817f55dc5ccef00dc2f913b1054e22b7bdf087d58950d18bdc7801b3)","throwable":""}
{"timestamp":"2025-07-18T11:50:53,021","container":"b4173de707db","level":"INFO","thread":"BftProcessorExecutor-QBFT-0","class":"QbftBesuControllerBuilder","message":"Produced #214 / 0 tx / 0 pending / 0 (0.0%) gas / (0x72ecc60dc5498b07bee6391ec64ec51f5c325751222b2c53706f73ac8e43b7bc)","throwable":""}
{"timestamp":"2025-07-18T11:51:01,019","container":"b4173de707db","level":"INFO","thread":"BftProcessorExecutor-QBFT-0","class":"QbftBesuControllerBuilder","message":"Imported #215 / 0 tx / 0 pending / 0 (0.0%) gas / (0x365edbd1e92826b5afb83a833588839fa2a4fd821c2410918f05f2df8f133f0b)","throwable":""}
{"timestamp":"2025-07-18T11:51:09,536","container":"b4173de707db","level":"INFO","thread":"BftProcessorExecutor-QBFT-0","class":"QbftBesuControllerBuilder","message":"Imported #216 / 0 tx / 0 pending / 0 (0.0%) gas / (0x6ae6f32c92bcff0c581b05442267d1df76876af8cd780936603a7a3d6c68e64a)","throwable":""}
{"timestamp":"2025-07-18T11:51:17,024","container":"b4173de707db","level":"INFO","thread":"BftProcessorExecutor-QBFT-0","class":"QbftBesuControllerBuilder","message":"Imported #217 / 0 tx / 0 pending / 0 (0.0%) gas / (0x021fed2cbfd372014ca42549e257bcfdcfaeb248d65ae6daff0bb116b1b472db)","throwable":""}
{"timestamp":"2025-07-18T11:51:25,021","container":"b4173de707db","level":"INFO","thread":"BftProcessorExecutor-QBFT-0","class":"QbftBesuControllerBuilder","message":"Produced #218 / 0 tx / 0 pending / 0 (0.0%) gas / (0xfc643a1c840481404952e7c5088138377a0dd90e32e4a22c633d75a5578b8c82)","throwable":""}
{"timestamp":"2025-07-18T11:51:33,022","container":"b4173de707db","level":"INFO","thread":"BftProcessorExecutor-QBFT-0","class":"QbftBesuControllerBuilder","message":"Imported #219 / 0 tx / 0 pending / 0 (0.0%) gas / (0x67477f29acb07adad92382b9d979d801cc6ff17ec93856a7944a1c1904f75dd7)","throwable":""}
{"timestamp":"2025-07-18T11:51:41,513","container":"b4173de707db","level":"INFO","thread":"BftProcessorExecutor-QBFT-0","class":"QbftBesuControllerBuilder","message":"Imported #220 / 0 tx / 0 pending / 0 (0.0%) gas / (0x8bef105d8a5651f146f8158e7031200ab87dd64604e49cafa36bb1de50ca1b60)","throwable":""}
{"timestamp":"2025-07-18T11:51:49,023","container":"b4173de707db","level":"INFO","thread":"BftProcessorExecutor-QBFT-0","class":"QbftBesuControllerBuilder","message":"Imported #221 / 0 tx / 0 pending / 0 (0.0%) gas / (0xe2dc9a01f8bcf3ac8065fe5b1b4d7efafee2bb67aaf397fa72f781ffd619dedc)","throwable":""}
{"timestamp":"2025-07-18T11:51:57,021","container":"b4173de707db","level":"INFO","thread":"BftProcessorExecutor-QBFT-0","class":"QbftBesuControllerBuilder","message":"Produced #222 / 0 tx / 0 pending / 0 (0.0%) gas / (0x99a840cf418fb89f9d2e5eab4de19543f1871572a1d8e6e032f0387f12f8ae1f)","throwable":""}
{"timestamp":"2025-07-18T11:52:05,020","container":"b4173de707db","level":"INFO","thread":"BftProcessorExecutor-QBFT-0","class":"QbftBesuControllerBuilder","message":"Imported #223 / 0 tx / 0 pending / 0 (0.0%) gas / (0xdf8acc39606dbfcc80660c7492509cdb2dfa67aa85e6cfd10cff6daf1ae2e90b)","throwable":""}
{"timestamp":"2025-07-18T11:52:13,497","container":"b4173de707db","level":"INFO","thread":"BftProcessorExecutor-QBFT-0","class":"QbftBesuControllerBuilder","message":"Imported #224 / 0 tx / 0 pending / 0 (0.0%) gas / (0x458de10948ec60ff5d8cb85e218239513d0633eb5ac6fcb1b515dd623fa8a03a)","throwable":""}
{"timestamp":"2025-07-18T11:52:21,016","container":"b4173de707db","level":"INFO","thread":"BftProcessorExecutor-QBFT-0","class":"QbftBesuControllerBuilder","message":"Imported #225 / 0 tx / 0 pending / 0 (0.0%) gas / (0xa4761459b0450d269824ad8605cec2a82f782d280db23034901dc8c6038e9958)","throwable":""}
{"timestamp":"2025-07-18T11:52:29,021","container":"b4173de707db","level":"INFO","thread":"BftProcessorExecutor-QBFT-0","class":"QbftBesuControllerBuilder","message":"Produced #226 / 0 tx / 0 pending / 0 (0.0%) gas / (0x9e6a534ad784f714716e853ad1ed90bd0dfddad2cc5645d3b8e53f494c7dbf0e)","throwable":""}
{"timestamp":"2025-07-18T11:52:37,025","container":"b4173de707db","level":"INFO","thread":"BftProcessorExecutor-QBFT-0","class":"QbftBesuControllerBuilder","message":"Imported #227 / 0 tx / 0 pending / 0 (0.0%) gas / (0x3597bd1b749804c2c8f564e9c77bd98d30e1c1b24ffbe6559d07641e97aa58c0)","throwable":""}
{"timestamp":"2025-07-18T11:52:45,479","container":"b4173de707db","level":"INFO","thread":"BftProcessorExecutor-QBFT-0","class":"QbftBesuControllerBuilder","message":"Imported #228 / 0 tx / 0 pending / 0 (0.0%) gas / (0x262ea4c22c6ff66757162ba60c8bec73c1de84c9ec87f1dbca3b0e559001b240)","throwable":""}
{"timestamp":"2025-07-18T11:52:53,025","container":"b4173de707db","level":"INFO","thread":"BftProcessorExecutor-QBFT-0","class":"QbftBesuControllerBuilder","message":"Imported #229 / 0 tx / 0 pending / 0 (0.0%) gas / (0x2ed2858d984b40f66fe717e5a9fe1d93f33b89a732723986a95ff8307dae3a77)","throwable":""}
{"timestamp":"2025-07-18T11:53:01,025","container":"b4173de707db","level":"INFO","thread":"BftProcessorExecutor-QBFT-0","class":"QbftBesuControllerBuilder","message":"Produced #230 / 0 tx / 0 pending / 0 (0.0%) gas / (0x2f59ca315c4a2a2d5e5716b18b8af1609179ee04d86a16ff44f35b850bde3f10)","throwable":""}
{"timestamp":"2025-07-18T11:53:09,021","container":"b4173de707db","level":"INFO","thread":"BftProcessorExecutor-QBFT-0","class":"QbftBesuControllerBuilder","message":"Imported #231 / 0 tx / 0 pending / 0 (0.0%) gas / (0x6acfee09a62640df02e3149a8246de94d75f40a7ba8e1004886c082494cc9660)","throwable":""}
{"timestamp":"2025-07-18T11:53:17,472","container":"b4173de707db","level":"INFO","thread":"BftProcessorExecutor-QBFT-0","class":"QbftBesuControllerBuilder","message":"Imported #232 / 0 tx / 0 pending / 0 (0.0%) gas / (0x45759d87dfec11b0dbd4a1cc40233e72a657d6bf833a21fa9c87698229415e41)","throwable":""}
{"timestamp":"2025-07-18T11:53:25,022","container":"b4173de707db","level":"INFO","thread":"BftProcessorExecutor-QBFT-0","class":"QbftBesuControllerBuilder","message":"Imported #233 / 0 tx / 0 pending / 0 (0.0%) gas / (0x878cb6e4076b1c36ab0b8ec41a51777b061d752bb207825730275f13c63586b2)","throwable":""}
{"timestamp":"2025-07-18T11:53:33,024","container":"b4173de707db","level":"INFO","thread":"BftProcessorExecutor-QBFT-0","class":"QbftBesuControllerBuilder","message":"Produced #234 / 0 tx / 0 pending / 0 (0.0%) gas / (0x810cad68833e6a865c85b255facbe8bec540d788b86d941aa166388574b49a90)","throwable":""}
{"timestamp":"2025-07-18T11:53:41,032","container":"b4173de707db","level":"INFO","thread":"BftProcessorExecutor-QBFT-0","class":"QbftBesuControllerBuilder","message":"Imported #235 / 0 tx / 0 pending / 0 (0.0%) gas / (0x7250b2c4d1525279a127f227303a11e6207e39509a4896c822e9d82f43552dd2)","throwable":""}
{"timestamp":"2025-07-18T11:53:49,467","container":"b4173de707db","level":"INFO","thread":"BftProcessorExecutor-QBFT-0","class":"QbftBesuControllerBuilder","message":"Imported #236 / 0 tx / 0 pending / 0 (0.0%) gas / (0x4b34b3ebb1ac502dca5dc9b823be239386ababbf81686dfb93181b65386892fc)","throwable":""}
{"timestamp":"2025-07-18T11:53:57,021","container":"b4173de707db","level":"INFO","thread":"BftProcessorExecutor-QBFT-0","class":"QbftBesuControllerBuilder","message":"Imported #237 / 0 tx / 0 pending / 0 (0.0%) gas / (0x9c476984a7b118d1ea33bcfb7f245f30da0c90f7440adda781e875897c5ad40d)","throwable":""}
{"timestamp":"2025-07-18T11:54:05,021","container":"b4173de707db","level":"INFO","thread":"BftProcessorExecutor-QBFT-0","class":"QbftBesuControllerBuilder","message":"Produced #238 / 0 tx / 0 pending / 0 (0.0%) gas / (0xdf294ec36181740e34264f339e750a8147dcff212b8c8ff9fd361580e9e358fe)","throwable":""}
{"timestamp":"2025-07-18T11:54:13,030","container":"b4173de707db","level":"INFO","thread":"BftProcessorExecutor-QBFT-0","class":"QbftBesuControllerBuilder","message":"Imported #239 / 0 tx / 0 pending / 0 (0.0%) gas / (0xe86d1f6f9da9141e5a0578ce665c1d39ae8df0e51d8c77c15d22bdcb938d112c)","throwable":""}
{"timestamp":"2025-07-18T11:54:21,438","container":"b4173de707db","level":"INFO","thread":"BftProcessorExecutor-QBFT-0","class":"QbftBesuControllerBuilder","message":"Imported #240 / 0 tx / 0 pending / 0 (0.0%) gas / (0xda424121479d4f6acd7ed6fb0e38fba8e3de7599f6b4ad949390ab93b8723ae4)","throwable":""}
{"timestamp":"2025-07-18T11:54:29,021","container":"b4173de707db","level":"INFO","thread":"BftProcessorExecutor-QBFT-0","class":"QbftBesuControllerBuilder","message":"Imported #241 / 0 tx / 0 pending / 0 (0.0%) gas / (0xa115ba5acc0ec5f043cc4e6dfbfef0b3919b318439e10163d5df47114d5a0270)","throwable":""}
{"timestamp":"2025-07-18T11:54:37,021","container":"b4173de707db","level":"INFO","thread":"BftProcessorExecutor-QBFT-0","class":"QbftBesuControllerBuilder","message":"Produced #242 / 0 tx / 0 pending / 0 (0.0%) gas / (0x826d996a77e817690e6dd0b08e88c502f054c6d56bccb620dfd56c020ae14297)","throwable":""}
{"timestamp":"2025-07-18T11:54:45,023","container":"b4173de707db","level":"INFO","thread":"BftProcessorExecutor-QBFT-0","class":"QbftBesuControllerBuilder","message":"Imported #243 / 0 tx / 0 pending / 0 (0.0%) gas / (0x72b59b8f0528728d75709746d95a3b00c2308a9a4197d2f8629370e9f4e8806c)","throwable":""}
{"timestamp":"2025-07-18T11:54:53,408","container":"b4173de707db","level":"INFO","thread":"BftProcessorExecutor-QBFT-0","class":"QbftBesuControllerBuilder","message":"Imported #244 / 0 tx / 0 pending / 0 (0.0%) gas / (0xe422258102baa484d8a86428c4884cd1f437d65c34c5e6bdfb113040065614d5)","throwable":""}
{"timestamp":"2025-07-18T11:55:01,024","container":"b4173de707db","level":"INFO","thread":"BftProcessorExecutor-QBFT-0","class":"QbftBesuControllerBuilder","message":"Imported #245 / 0 tx / 0 pending / 0 (0.0%) gas / (0xfeaa5d4e135455f5feb3b1d312287aa57f7eebca0ab770da9c1c799289429c76)","throwable":""}
{"timestamp":"2025-07-18T11:55:09,021","container":"b4173de707db","level":"INFO","thread":"BftProcessorExecutor-QBFT-0","class":"QbftBesuControllerBuilder","message":"Produced #246 / 0 tx / 0 pending / 0 (0.0%) gas / (0x4e2fb9c005d7a81140979c2b125ba54a6318a8ad871ad963283b6ad37fce51f1)","throwable":""}
{"timestamp":"2025-07-18T11:55:17,018","container":"b4173de707db","level":"INFO","thread":"BftProcessorExecutor-QBFT-0","class":"QbftBesuControllerBuilder","message":"Imported #247 / 0 tx / 0 pending / 0 (0.0%) gas / (0xbbf7090d6307a15f7ed19b61a775bd3c0e29c0ccfe91c7e3359b70d6e673021e)","throwable":""}
{"timestamp":"2025-07-18T11:55:25,404","container":"b4173de707db","level":"INFO","thread":"BftProcessorExecutor-QBFT-0","class":"QbftBesuControllerBuilder","message":"Imported #248 / 0 tx / 0 pending / 0 (0.0%) gas / (0xf79c271768338849b8529b2363e99f34524f5ab963a010b1e42592259c0d8148)","throwable":""}
{"timestamp":"2025-07-18T11:55:33,026","container":"b4173de707db","level":"INFO","thread":"BftProcessorExecutor-QBFT-0","class":"QbftBesuControllerBuilder","message":"Imported #249 / 0 tx / 0 pending / 0 (0.0%) gas / (0x4d36a6e005b13320a4cad67a681f077fdfbb355f0989610720780abe0e112091)","throwable":""}
{"timestamp":"2025-07-18T11:55:41,023","container":"b4173de707db","level":"INFO","thread":"BftProcessorExecutor-QBFT-0","class":"QbftBesuControllerBuilder","message":"Produced #250 / 0 tx / 0 pending / 0 (0.0%) gas / (0x21b2c8b5e514130f0986b9da95c0efdd0bc9b4d6c89d651bd1b540f5ba39bbe2)","throwable":""}
{"timestamp":"2025-07-18T11:55:49,020","container":"b4173de707db","level":"INFO","thread":"BftProcessorExecutor-QBFT-0","class":"QbftBesuControllerBuilder","message":"Imported #251 / 0 tx / 0 pending / 0 (0.0%) gas / (0x88bd3a59e88f6aa22658a136e5156cbbcd137d2bd17968f2cea3cc2db6c86cc0)","throwable":""}
{"timestamp":"2025-07-18T11:55:57,389","container":"b4173de707db","level":"INFO","thread":"BftProcessorExecutor-QBFT-0","class":"QbftBesuControllerBuilder","message":"Imported #252 / 0 tx / 0 pending / 0 (0.0%) gas / (0xc66697f603b8bcfebace6fff1b06bad9fd83a5ad1068bbe79d9e78cd3947aa9e)","throwable":""}
{"timestamp":"2025-07-18T11:56:05,022","container":"b4173de707db","level":"INFO","thread":"BftProcessorExecutor-QBFT-0","class":"QbftBesuControllerBuilder","message":"Imported #253 / 0 tx / 0 pending / 0 (0.0%) gas / (0x410c0a79488fa7837c26c1bb0df2133361b52f8a330c42cbe68132a1d5066a90)","throwable":""}
{"timestamp":"2025-07-18T11:56:13,021","container":"b4173de707db","level":"INFO","thread":"BftProcessorExecutor-QBFT-0","class":"QbftBesuControllerBuilder","message":"Produced #254 / 0 tx / 0 pending / 0 (0.0%) gas / (0x1fd993a73c4c0445c8f107d26e88838fd63d7d8e94852355456ec0682441d3e1)","throwable":""}
{"timestamp":"2025-07-18T11:56:21,023","container":"b4173de707db","level":"INFO","thread":"BftProcessorExecutor-QBFT-0","class":"QbftBesuControllerBuilder","message":"Imported #255 / 0 tx / 0 pending / 0 (0.0%) gas / (0xbd90f91e81edc107b9a1b5ef44901e907f9f948f7953f283099a7041459306ca)","throwable":""}
{"timestamp":"2025-07-18T11:56:29,377","container":"b4173de707db","level":"INFO","thread":"BftProcessorExecutor-QBFT-0","class":"QbftBesuControllerBuilder","message":"Imported #256 / 0 tx / 0 pending / 0 (0.0%) gas / (0x48c46b5d698b954437e569b91864f3f0d16101e4d9d3d4d6b3fb0884b9f8ad82)","throwable":""}
{"timestamp":"2025-07-18T11:56:37,038","container":"b4173de707db","level":"INFO","thread":"BftProcessorExecutor-QBFT-0","class":"QbftBesuControllerBuilder","message":"Imported #257 / 0 tx / 0 pending / 0 (0.0%) gas / (0x9f38a07fa677f7007539b11d9af4bb575381c5cfa733a75279680cd56a1c9e03)","throwable":""}
{"timestamp":"2025-07-18T11:56:45,018","container":"b4173de707db","level":"INFO","thread":"BftProcessorExecutor-QBFT-0","class":"QbftBesuControllerBuilder","message":"Produced #258 / 0 tx / 0 pending / 0 (0.0%) gas / (0x7a7dc983281060bb5b647e52403a5aa8f1e2570f503ce50a178155d9e8112375)","throwable":""}
{"timestamp":"2025-07-18T11:56:53,024","container":"b4173de707db","level":"INFO","thread":"BftProcessorExecutor-QBFT-0","class":"QbftBesuControllerBuilder","message":"Imported #259 / 0 tx / 0 pending / 0 (0.0%) gas / (0x160230f673e8127b8fe30abf483ca914be2a1e0546fe25ff2bfac3586e135b1d)","throwable":""}
{"timestamp":"2025-07-18T11:57:01,353","container":"b4173de707db","level":"INFO","thread":"BftProcessorExecutor-QBFT-0","class":"QbftBesuControllerBuilder","message":"Imported #260 / 0 tx / 0 pending / 0 (0.0%) gas / (0x2dad7b7c7cb58237f9157596765ad2544b22bbbe8b9ce7c9617e7151e6f87624)","throwable":""}
{"timestamp":"2025-07-18T11:57:09,022","container":"b4173de707db","level":"INFO","thread":"BftProcessorExecutor-QBFT-0","class":"QbftBesuControllerBuilder","message":"Imported #261 / 0 tx / 0 pending / 0 (0.0%) gas / (0x86445e310254ed630d329f8efce8b725c3dff6bc79462d1d6500358bada88b9a)","throwable":""}
{"timestamp":"2025-07-18T11:57:17,022","container":"b4173de707db","level":"INFO","thread":"BftProcessorExecutor-QBFT-0","class":"QbftBesuControllerBuilder","message":"Produced #262 / 0 tx / 0 pending / 0 (0.0%) gas / (0x97130982ad0657c4269148183dbcfcad37f6727176dd13a1698273908272592b)","throwable":""}
{"timestamp":"2025-07-18T11:57:25,022","container":"b4173de707db","level":"INFO","thread":"BftProcessorExecutor-QBFT-0","class":"QbftBesuControllerBuilder","message":"Imported #263 / 0 tx / 0 pending / 0 (0.0%) gas / (0x8e139100fa9fa048ef0fadffc5bb6b603aab247ea15749a94edb89e74a76b34a)","throwable":""}
{"timestamp":"2025-07-18T11:57:33,338","container":"b4173de707db","level":"INFO","thread":"BftProcessorExecutor-QBFT-0","class":"QbftBesuControllerBuilder","message":"Imported #264 / 0 tx / 0 pending / 0 (0.0%) gas / (0x4a61a1d355c45607bfc223a06d17540e67987650a33a8c2429a17b9b51ff824f)","throwable":""}
{"timestamp":"2025-07-18T11:57:41,027","container":"b4173de707db","level":"INFO","thread":"BftProcessorExecutor-QBFT-0","class":"QbftBesuControllerBuilder","message":"Imported #265 / 0 tx / 0 pending / 0 (0.0%) gas / (0xa57f513670311b6f1c5a1205ef3d4f1240ea611d2777eb977195c908f310013c)","throwable":""}
{"timestamp":"2025-07-18T11:57:49,019","container":"b4173de707db","level":"INFO","thread":"BftProcessorExecutor-QBFT-0","class":"QbftBesuControllerBuilder","message":"Produced #266 / 0 tx / 0 pending / 0 (0.0%) gas / (0xa95ea22ffcdb1e1f86ca1f8d123fc9a3c3c2c89b101ed5adc2879bb5665ef863)","throwable":""}
{"timestamp":"2025-07-18T11:57:57,024","container":"b4173de707db","level":"INFO","thread":"BftProcessorExecutor-QBFT-0","class":"QbftBesuControllerBuilder","message":"Imported #267 / 0 tx / 0 pending / 0 (0.0%) gas / (0x1f79e96c14c01f3a28e214a298adee3e23d36ce26496ed3cfe4320b2c6a63004)","throwable":""}
{"timestamp":"2025-07-18T11:58:05,324","container":"b4173de707db","level":"INFO","thread":"BftProcessorExecutor-QBFT-0","class":"QbftBesuControllerBuilder","message":"Imported #268 / 0 tx / 0 pending / 0 (0.0%) gas / (0x55d24f58b13f733cbc28184c6ef987735a94a1de8e9916b553179cd011560543)","throwable":""}
{"timestamp":"2025-07-18T11:58:13,039","container":"b4173de707db","level":"INFO","thread":"BftProcessorExecutor-QBFT-0","class":"QbftBesuControllerBuilder","message":"Imported #269 / 0 tx / 0 pending / 0 (0.0%) gas / (0x61f747ba89b19cfdd578f3f89e63f5650c416391dff6c19b70999fb8740ca13a)","throwable":""}
{"timestamp":"2025-07-18T11:58:21,024","container":"b4173de707db","level":"INFO","thread":"BftProcessorExecutor-QBFT-0","class":"QbftBesuControllerBuilder","message":"Produced #270 / 0 tx / 0 pending / 0 (0.0%) gas / (0xf2f0f95ddc4cf83e0a02d6fb5501453ab5b19cf0ebb18679b7d855528e4cb66f)","throwable":""}
{"timestamp":"2025-07-18T11:58:29,021","container":"b4173de707db","level":"INFO","thread":"BftProcessorExecutor-QBFT-0","class":"QbftBesuControllerBuilder","message":"Imported #271 / 0 tx / 0 pending / 0 (0.0%) gas / (0xac3e4a68b33c68c64f697ec56a866c189d12feb10e131de7128d10faa05d9de9)","throwable":""}
{"timestamp":"2025-07-18T11:58:37,304","container":"b4173de707db","level":"INFO","thread":"BftProcessorExecutor-QBFT-0","class":"QbftBesuControllerBuilder","message":"Imported #272 / 0 tx / 0 pending / 0 (0.0%) gas / (0xf82e430ba108f2d58e11db77c07810620271c2defe57d195873112733035f40f)","throwable":""}
{"timestamp":"2025-07-18T11:58:45,023","container":"b4173de707db","level":"INFO","thread":"BftProcessorExecutor-QBFT-0","class":"QbftBesuControllerBuilder","message":"Imported #273 / 0 tx / 0 pending / 0 (0.0%) gas / (0x4ee789ba2725104898365f3d0652de08c6f6bc117215aac30335a0a30dcdbc68)","throwable":""}
{"timestamp":"2025-07-18T11:58:53,018","container":"b4173de707db","level":"INFO","thread":"BftProcessorExecutor-QBFT-0","class":"QbftBesuControllerBuilder","message":"Produced #274 / 0 tx / 0 pending / 0 (0.0%) gas / (0x9f93ef6f1ce09b0b3822da1a5a5dd01269af92a05a29ab0807611f22b9ceb831)","throwable":""}
{"timestamp":"2025-07-18T11:59:01,019","container":"b4173de707db","level":"INFO","thread":"BftProcessorExecutor-QBFT-0","class":"QbftBesuControllerBuilder","message":"Imported #275 / 0 tx / 0 pending / 0 (0.0%) gas / (0x0a9f454c4019b56d0e74914219616185ea1433381379dbac5a3dc3c56fd9dff0)","throwable":""}
{"timestamp":"2025-07-18T11:59:09,290","container":"b4173de707db","level":"INFO","thread":"BftProcessorExecutor-QBFT-0","class":"QbftBesuControllerBuilder","message":"Imported #276 / 0 tx / 0 pending / 0 (0.0%) gas / (0x85b7a6e37e6223d9eeade9b0f032882ce2f130d002ee37e747ecd95cda024a00)","throwable":""}
{"timestamp":"2025-07-18T11:59:17,020","container":"b4173de707db","level":"INFO","thread":"BftProcessorExecutor-QBFT-0","class":"QbftBesuControllerBuilder","message":"Imported #277 / 0 tx / 0 pending / 0 (0.0%) gas / (0xe62de6f231e350b3e8fcbb54f80421e81e6c818df410a465b65bb296302676b3)","throwable":""}
{"timestamp":"2025-07-18T11:59:25,018","container":"b4173de707db","level":"INFO","thread":"BftProcessorExecutor-QBFT-0","class":"QbftBesuControllerBuilder","message":"Produced #278 / 0 tx / 0 pending / 0 (0.0%) gas / (0x4a62f93bd822edf0e29753efa2b162cc0b924e374ac844f56ed9d1b51989d7d3)","throwable":""}
{"timestamp":"2025-07-18T11:59:33,019","container":"b4173de707db","level":"INFO","thread":"BftProcessorExecutor-QBFT-0","class":"QbftBesuControllerBuilder","message":"Imported #279 / 0 tx / 0 pending / 0 (0.0%) gas / (0x11b3cb854526b9a851818b4a6622db71b9839511903ec02d7b863a4045c00863)","throwable":""}
{"timestamp":"2025-07-18T11:59:41,270","container":"b4173de707db","level":"INFO","thread":"BftProcessorExecutor-QBFT-0","class":"QbftBesuControllerBuilder","message":"Imported #280 / 0 tx / 0 pending / 0 (0.0%) gas / (0xa13613ee7ca6e8321cefa3ce2106168fe1399d5f42e227ef0d87ac18f3149c02)","throwable":""}
{"timestamp":"2025-07-18T11:59:49,023","container":"b4173de707db","level":"INFO","thread":"BftProcessorExecutor-QBFT-0","class":"QbftBesuControllerBuilder","message":"Imported #281 / 0 tx / 0 pending / 0 (0.0%) gas / (0xdecde9b2936a4c8de3e14d9e24dc9d03b77d9641e85194ef8eb13de144a5e911)","throwable":""}
{"timestamp":"2025-07-18T11:59:57,023","container":"b4173de707db","level":"INFO","thread":"BftProcessorExecutor-QBFT-0","class":"QbftBesuControllerBuilder","message":"Produced #282 / 0 tx / 0 pending / 0 (0.0%) gas / (0x3258d3dc04ea741c70e425d62205f4afcba00c81c5686e1ac9b8e73a6ab4f41d)","throwable":""}
{"timestamp":"2025-07-18T12:00:05,025","container":"b4173de707db","level":"INFO","thread":"BftProcessorExecutor-QBFT-0","class":"QbftBesuControllerBuilder","message":"Imported #283 / 0 tx / 0 pending / 0 (0.0%) gas / (0x89ef5140861a7e1acd5372846cb50e442a445f48326bedd2280d7e5466d4bef3)","throwable":""}
{"timestamp":"2025-07-18T12:00:13,268","container":"b4173de707db","level":"INFO","thread":"BftProcessorExecutor-QBFT-0","class":"QbftBesuControllerBuilder","message":"Imported #284 / 0 tx / 0 pending / 0 (0.0%) gas / (0x6ce0ac3ea7a12d819395abde688c0bc8eefc6de9ee4883713b4951dfc7d34594)","throwable":""}
{"timestamp":"2025-07-18T12:00:21,020","container":"b4173de707db","level":"INFO","thread":"BftProcessorExecutor-QBFT-0","class":"QbftBesuControllerBuilder","message":"Imported #285 / 0 tx / 0 pending / 0 (0.0%) gas / (0x61116743064c09d4b1e15ff0f3d256050cb908e64818a5884abfee81300091f0)","throwable":""}
{"timestamp":"2025-07-18T12:00:29,023","container":"b4173de707db","level":"INFO","thread":"BftProcessorExecutor-QBFT-0","class":"QbftBesuControllerBuilder","message":"Produced #286 / 0 tx / 0 pending / 0 (0.0%) gas / (0xa1456878a126101588c42e82458a6cda481fac526e383e0a600c78de988a1b97)","throwable":""}
{"timestamp":"2025-07-18T12:00:37,012","container":"b4173de707db","level":"INFO","thread":"BftProcessorExecutor-QBFT-0","class":"QbftBesuControllerBuilder","message":"Imported #287 / 0 tx / 0 pending / 0 (0.0%) gas / (0xd925db1a7ffcb4c47a105fde172f04cd100ba6b44eae3116f01db8b285071080)","throwable":""}
{"timestamp":"2025-07-18T12:00:45,245","container":"b4173de707db","level":"INFO","thread":"BftProcessorExecutor-QBFT-0","class":"QbftBesuControllerBuilder","message":"Imported #288 / 0 tx / 0 pending / 0 (0.0%) gas / (0xa430cbbc6486ab7f63c9216c061a9e2603b10aa562018acaf9b53e187c6a5985)","throwable":""}
{"timestamp":"2025-07-18T12:00:53,014","container":"b4173de707db","level":"INFO","thread":"BftProcessorExecutor-QBFT-0","class":"QbftBesuControllerBuilder","message":"Imported #289 / 0 tx / 0 pending / 0 (0.0%) gas / (0x6672e4bb7598de600e38e5fcaaff4b95d9e8a172fad24f682e925fa54ea1c2f9)","throwable":""}
{"timestamp":"2025-07-18T12:01:01,029","container":"b4173de707db","level":"INFO","thread":"BftProcessorExecutor-QBFT-0","class":"QbftBesuControllerBuilder","message":"Produced #290 / 0 tx / 0 pending / 0 (0.0%) gas / (0x1d4786ef52d98a46c042e529b6c96c41c1c835c576b09b5c83e90b7ed01d34b1)","throwable":""}
{"timestamp":"2025-07-18T12:01:09,022","container":"b4173de707db","level":"INFO","thread":"BftProcessorExecutor-QBFT-0","class":"QbftBesuControllerBuilder","message":"Imported #291 / 0 tx / 0 pending / 0 (0.0%) gas / (0xb333c59966031919afde645d5207c47063068d0ce06757c8b795055cf5f3bb1c)","throwable":""}
{"timestamp":"2025-07-18T12:01:17,225","container":"b4173de707db","level":"INFO","thread":"BftProcessorExecutor-QBFT-0","class":"QbftBesuControllerBuilder","message":"Imported #292 / 0 tx / 0 pending / 0 (0.0%) gas / (0x227d3f937c0a7dfe3f3db366402e63e1213a2a54d1954af6f150905ad008bf84)","throwable":""}
{"timestamp":"2025-07-18T12:01:25,021","container":"b4173de707db","level":"INFO","thread":"BftProcessorExecutor-QBFT-0","class":"QbftBesuControllerBuilder","message":"Imported #293 / 0 tx / 0 pending / 0 (0.0%) gas / (0x7473d61dd839c37bcdd28bd09facc2b9e4429c0463e863f6ff91227abec45d94)","throwable":""}
{"timestamp":"2025-07-18T12:01:33,025","container":"b4173de707db","level":"INFO","thread":"BftProcessorExecutor-QBFT-0","class":"QbftBesuControllerBuilder","message":"Produced #294 / 0 tx / 0 pending / 0 (0.0%) gas / (0x37a99d41f91c762f563fefddc2efb5d0b6857ef2cb635eb7feb924c7f60e5679)","throwable":""}
{"timestamp":"2025-07-18T12:01:41,021","container":"b4173de707db","level":"INFO","thread":"BftProcessorExecutor-QBFT-0","class":"QbftBesuControllerBuilder","message":"Imported #295 / 0 tx / 0 pending / 0 (0.0%) gas / (0xfff5870dc8b8289dbaec23b5a5eba771937ac2dd6a157dd28b58d65a8a944fc8)","throwable":""}
{"timestamp":"2025-07-18T12:01:49,210","container":"b4173de707db","level":"INFO","thread":"BftProcessorExecutor-QBFT-0","class":"QbftBesuControllerBuilder","message":"Imported #296 / 0 tx / 0 pending / 0 (0.0%) gas / (0x700604a2a52d767cc0731aa38c93d5b36c58fb536ac722778769f4b6fafd1760)","throwable":""}
{"timestamp":"2025-07-18T12:01:57,023","container":"b4173de707db","level":"INFO","thread":"BftProcessorExecutor-QBFT-0","class":"QbftBesuControllerBuilder","message":"Imported #297 / 0 tx / 0 pending / 0 (0.0%) gas / (0x0a09c95381982ddb27b7c0423e48e9c7e6d6cff0bd0bd0b49080ba8a50b6817e)","throwable":""}
{"timestamp":"2025-07-18T12:02:05,027","container":"b4173de707db","level":"INFO","thread":"BftProcessorExecutor-QBFT-0","class":"QbftBesuControllerBuilder","message":"Produced #298 / 0 tx / 0 pending / 0 (0.0%) gas / (0xf1aa6208fe12a124b2b787d21a496840b58d4b8583e6b00b82e001f5ed93d0c0)","throwable":""}
{"timestamp":"2025-07-18T12:02:13,021","container":"b4173de707db","level":"INFO","thread":"BftProcessorExecutor-QBFT-0","class":"QbftBesuControllerBuilder","message":"Imported #299 / 0 tx / 0 pending / 0 (0.0%) gas / (0xc66141e7f1e253769c1703ffd9c97f5f49a2e623bda8d81f0f8aeffccccd95a6)","throwable":""}
{"timestamp":"2025-07-18T12:02:21,184","container":"b4173de707db","level":"INFO","thread":"BftProcessorExecutor-QBFT-0","class":"QbftBesuControllerBuilder","message":"Imported #300 / 0 tx / 0 pending / 0 (0.0%) gas / (0x9a9db1ae344f6b10834127ce9e92aeb5dc2ca71b7aedd41ee06486db87fd8e23)","throwable":""}
{"timestamp":"2025-07-18T12:02:29,023","container":"b4173de707db","level":"INFO","thread":"BftProcessorExecutor-QBFT-0","class":"QbftBesuControllerBuilder","message":"Imported #301 / 0 tx / 0 pending / 0 (0.0%) gas / (0x35309551a9474790b340ead4c0299adc9a1b573813b16422a5cc42752a555bf3)","throwable":""}
{"timestamp":"2025-07-18T12:02:37,020","container":"b4173de707db","level":"INFO","thread":"BftProcessorExecutor-QBFT-0","class":"QbftBesuControllerBuilder","message":"Produced #302 / 0 tx / 0 pending / 0 (0.0%) gas / (0x8b39042b237f34b2a72b86da44261ab7ac2f8e571e3b1f43af77c02e47f33518)","throwable":""}
{"timestamp":"2025-07-18T12:02:45,020","container":"b4173de707db","level":"INFO","thread":"BftProcessorExecutor-QBFT-0","class":"QbftBesuControllerBuilder","message":"Imported #303 / 0 tx / 0 pending / 0 (0.0%) gas / (0xdb1c7e59364d31f952e4513958f85a36ca18375a14e9d97ad7ed020d7b4a2e77)","throwable":""}
{"timestamp":"2025-07-18T12:02:53,178","container":"b4173de707db","level":"INFO","thread":"BftProcessorExecutor-QBFT-0","class":"QbftBesuControllerBuilder","message":"Imported #304 / 0 tx / 0 pending / 0 (0.0%) gas / (0x8d562816f94e9a38a26ede21aaafb8cd25af2c19bb19b8d52c8d3837f12ac553)","throwable":""}
{"timestamp":"2025-07-18T12:03:01,021","container":"b4173de707db","level":"INFO","thread":"BftProcessorExecutor-QBFT-0","class":"QbftBesuControllerBuilder","message":"Imported #305 / 0 tx / 0 pending / 0 (0.0%) gas / (0x4a753291762de019b170c83d7f0087e610780b972a6e480f891f0beddd23b54e)","throwable":""}
{"timestamp":"2025-07-18T12:03:09,029","container":"b4173de707db","level":"INFO","thread":"BftProcessorExecutor-QBFT-0","class":"QbftBesuControllerBuilder","message":"Produced #306 / 0 tx / 0 pending / 0 (0.0%) gas / (0x200e72070154501704fff1d775c4743cedae89eb228e7579b15523348880fcea)","throwable":""}
{"timestamp":"2025-07-18T12:03:17,022","container":"b4173de707db","level":"INFO","thread":"BftProcessorExecutor-QBFT-0","class":"QbftBesuControllerBuilder","message":"Imported #307 / 0 tx / 0 pending / 0 (0.0%) gas / (0xe002784828a2f7c85faf9e754b6f888c8f39e173eed0ae82e15a2599a6963d93)","throwable":""}
{"timestamp":"2025-07-18T12:03:25,159","container":"b4173de707db","level":"INFO","thread":"BftProcessorExecutor-QBFT-0","class":"QbftBesuControllerBuilder","message":"Imported #308 / 0 tx / 0 pending / 0 (0.0%) gas / (0x35a96abd5608afe6c32be6a1ca2d19097b0c64548eb96b77076b5783dc3b54ef)","throwable":""}
{"timestamp":"2025-07-18T12:03:33,019","container":"b4173de707db","level":"INFO","thread":"BftProcessorExecutor-QBFT-0","class":"QbftBesuControllerBuilder","message":"Imported #309 / 0 tx / 0 pending / 0 (0.0%) gas / (0x5dc24b72ebcc52d3225dcc28588e1957cd33475e749cf8a5583bc8cacc6b53fa)","throwable":""}
{"timestamp":"2025-07-18T12:03:41,018","container":"b4173de707db","level":"INFO","thread":"BftProcessorExecutor-QBFT-0","class":"QbftBesuControllerBuilder","message":"Produced #310 / 0 tx / 0 pending / 0 (0.0%) gas / (0x994fba01bd940e2fb8ad3c48e6d69eb04f20cdbe9eb320077b09590d54240e6b)","throwable":""}
{"timestamp":"2025-07-18T12:03:49,019","container":"b4173de707db","level":"INFO","thread":"BftProcessorExecutor-QBFT-0","class":"QbftBesuControllerBuilder","message":"Imported #311 / 0 tx / 0 pending / 0 (0.0%) gas / (0xeea80f2f619216b48f37ab1e68347b226161178718331382d6f8aa04f8e72aff)","throwable":""}
{"timestamp":"2025-07-18T12:03:57,154","container":"b4173de707db","level":"INFO","thread":"BftProcessorExecutor-QBFT-0","class":"QbftBesuControllerBuilder","message":"Imported #312 / 0 tx / 0 pending / 0 (0.0%) gas / (0x56629ccbe62b6d776a0b62685dd1cfb003b3aa76b606d581aaf0f5df0e16103c)","throwable":""}
{"timestamp":"2025-07-18T12:04:05,021","container":"b4173de707db","level":"INFO","thread":"BftProcessorExecutor-QBFT-0","class":"QbftBesuControllerBuilder","message":"Imported #313 / 0 tx / 0 pending / 0 (0.0%) gas / (0xe6211e027222470a3b0b0548b106d1b95fa8a52c18d361bf18c188c19a36045e)","throwable":""}
{"timestamp":"2025-07-18T12:04:13,019","container":"b4173de707db","level":"INFO","thread":"BftProcessorExecutor-QBFT-0","class":"QbftBesuControllerBuilder","message":"Produced #314 / 0 tx / 0 pending / 0 (0.0%) gas / (0x02cd783dad8032fe36ded68b234ea20059b542f731a6c58533b2a70d554edb2c)","throwable":""}
{"timestamp":"2025-07-18T12:04:21,021","container":"b4173de707db","level":"INFO","thread":"BftProcessorExecutor-QBFT-0","class":"QbftBesuControllerBuilder","message":"Imported #315 / 0 tx / 0 pending / 0 (0.0%) gas / (0xedc0011c447109f01684416d98a41f39435de08c989404a0a1a63b4e443f9630)","throwable":""}
{"timestamp":"2025-07-18T12:04:29,127","container":"b4173de707db","level":"INFO","thread":"BftProcessorExecutor-QBFT-0","class":"QbftBesuControllerBuilder","message":"Imported #316 / 0 tx / 0 pending / 0 (0.0%) gas / (0x82b01c9ed46ff07f0b078be4f5a0b28c3d7715436416d09625c7442198ac4315)","throwable":""}
{"timestamp":"2025-07-18T12:04:37,018","container":"b4173de707db","level":"INFO","thread":"BftProcessorExecutor-QBFT-0","class":"QbftBesuControllerBuilder","message":"Imported #317 / 0 tx / 0 pending / 0 (0.0%) gas / (0x65a9dd68da1c98c36c064183c8e739f180bad4138aaeb570a7992ba7ce46aac2)","throwable":""}
{"timestamp":"2025-07-18T12:04:45,021","container":"b4173de707db","level":"INFO","thread":"BftProcessorExecutor-QBFT-0","class":"QbftBesuControllerBuilder","message":"Produced #318 / 0 tx / 0 pending / 0 (0.0%) gas / (0x8f40af94019c8839e4e4cee81adec55f50568d518b674c3f08cbd691826649bb)","throwable":""}
{"timestamp":"2025-07-18T12:04:53,021","container":"b4173de707db","level":"INFO","thread":"BftProcessorExecutor-QBFT-0","class":"QbftBesuControllerBuilder","message":"Imported #319 / 0 tx / 0 pending / 0 (0.0%) gas / (0x0255cf1b9443a04ade0038a2b731aec3cba589ba2f7b16a68dff7625e3fd302b)","throwable":""}
{"timestamp":"2025-07-18T12:05:01,116","container":"b4173de707db","level":"INFO","thread":"BftProcessorExecutor-QBFT-0","class":"QbftBesuControllerBuilder","message":"Imported #320 / 0 tx / 0 pending / 0 (0.0%) gas / (0x5221070fc5bf5595163fd2ed721cca5f5e2dff1d409f398a35f2201c45342aab)","throwable":""}
{"timestamp":"2025-07-18T12:05:09,010","container":"b4173de707db","level":"INFO","thread":"BftProcessorExecutor-QBFT-0","class":"QbftBesuControllerBuilder","message":"Imported #321 / 0 tx / 0 pending / 0 (0.0%) gas / (0x16be1fc8c72923916faec799dbed495663226313dece73aface0126e8bae4dd8)","throwable":""}
{"timestamp":"2025-07-18T12:05:17,021","container":"b4173de707db","level":"INFO","thread":"BftProcessorExecutor-QBFT-0","class":"QbftBesuControllerBuilder","message":"Produced #322 / 0 tx / 0 pending / 0 (0.0%) gas / (0xa0400086b8fc3dcd93a6b279cccf485bcf8b219fa3c7681b2c537fad05523dfe)","throwable":""}
{"timestamp":"2025-07-18T12:05:25,020","container":"b4173de707db","level":"INFO","thread":"BftProcessorExecutor-QBFT-0","class":"QbftBesuControllerBuilder","message":"Imported #323 / 0 tx / 0 pending / 0 (0.0%) gas / (0xd41f132b8f946f0623cb955a18a7d37259d5541fa7ce2e955c5734d91b92ed77)","throwable":""}
{"timestamp":"2025-07-18T12:05:33,132","container":"b4173de707db","level":"INFO","thread":"BftProcessorExecutor-QBFT-0","class":"QbftBesuControllerBuilder","message":"Imported #324 / 0 tx / 0 pending / 0 (0.0%) gas / (0xe34af267ddaea7cd54c81fc8278afffde8cad3f459aa9368438e74875e64d6d4)","throwable":""}
{"timestamp":"2025-07-18T12:05:41,023","container":"b4173de707db","level":"INFO","thread":"BftProcessorExecutor-QBFT-0","class":"QbftBesuControllerBuilder","message":"Imported #325 / 0 tx / 0 pending / 0 (0.0%) gas / (0x0cf52a085f5e74d0fd5393785f0e720b44aece171ca98ef1401bacff023498eb)","throwable":""}
{"timestamp":"2025-07-18T12:05:49,022","container":"b4173de707db","level":"INFO","thread":"BftProcessorExecutor-QBFT-0","class":"QbftBesuControllerBuilder","message":"Produced #326 / 0 tx / 0 pending / 0 (0.0%) gas / (0x2c88fed974c377bd537e9442de95498f5e8a68e6e6caf32efdcb06781ce60d56)","throwable":""}
{"timestamp":"2025-07-18T12:05:57,018","container":"b4173de707db","level":"INFO","thread":"BftProcessorExecutor-QBFT-0","class":"QbftBesuControllerBuilder","message":"Imported #327 / 0 tx / 0 pending / 0 (0.0%) gas / (0xe4f025fed540838fb80113365c148fc7534b194907b386d0d8465edc97b16721)","throwable":""}
{"timestamp":"2025-07-18T12:06:05,082","container":"b4173de707db","level":"INFO","thread":"BftProcessorExecutor-QBFT-0","class":"QbftBesuControllerBuilder","message":"Imported #328 / 0 tx / 0 pending / 0 (0.0%) gas / (0x8cfee2a94144a8223c180f84ed893cb4edac4c7cf9e9858efff92b82736f9b82)","throwable":""}
{"timestamp":"2025-07-18T12:06:13,021","container":"b4173de707db","level":"INFO","thread":"BftProcessorExecutor-QBFT-0","class":"QbftBesuControllerBuilder","message":"Imported #329 / 0 tx / 0 pending / 0 (0.0%) gas / (0x2045b13924651e75e68bed115e2e81979c4a4065459e79fc91b04e777bf54f50)","throwable":""}
{"timestamp":"2025-07-18T12:06:21,038","container":"b4173de707db","level":"INFO","thread":"BftProcessorExecutor-QBFT-0","class":"QbftBesuControllerBuilder","message":"Produced #330 / 0 tx / 0 pending / 0 (0.0%) gas / (0xb580ca7ca636461f21405171e1d3ceeef7382fdf9843fbae89ab2d36eced8183)","throwable":""}
{"timestamp":"2025-07-18T12:06:29,021","container":"b4173de707db","level":"INFO","thread":"BftProcessorExecutor-QBFT-0","class":"QbftBesuControllerBuilder","message":"Imported #331 / 0 tx / 0 pending / 0 (0.0%) gas / (0x9f9cc42dd6359c21f89d3fa0a8eb5e8ac47596af57e08a0a3e164a9b4c35bb70)","throwable":""}
{"timestamp":"2025-07-18T12:06:37,066","container":"b4173de707db","level":"INFO","thread":"BftProcessorExecutor-QBFT-0","class":"QbftBesuControllerBuilder","message":"Imported #332 / 0 tx / 0 pending / 0 (0.0%) gas / (0xf3b1ad95a276f98450727b9936deafe7d69c7f4b356fb2ded7cc261b47ce68a7)","throwable":""}
{"timestamp":"2025-07-18T12:06:45,020","container":"b4173de707db","level":"INFO","thread":"BftProcessorExecutor-QBFT-0","class":"QbftBesuControllerBuilder","message":"Imported #333 / 0 tx / 0 pending / 0 (0.0%) gas / (0x37cd6fc190eb26215e9970a48a2e11559f2f0f49a034bb67e879c484702017e8)","throwable":""}
{"timestamp":"2025-07-18T12:06:53,020","container":"b4173de707db","level":"INFO","thread":"BftProcessorExecutor-QBFT-0","class":"QbftBesuControllerBuilder","message":"Produced #334 / 0 tx / 0 pending / 0 (0.0%) gas / (0x59238ea0a8682d744e96049d86392a717665e04a67c6b37ba851432c9f41c8c4)","throwable":""}
{"timestamp":"2025-07-18T12:07:01,015","container":"b4173de707db","level":"INFO","thread":"BftProcessorExecutor-QBFT-0","class":"QbftBesuControllerBuilder","message":"Imported #335 / 0 tx / 0 pending / 0 (0.0%) gas / (0xc2911eda9f51c90b7311de9ea5a9de03a2f2718f07030e21b43ab03fef1b9734)","throwable":""}
{"timestamp":"2025-07-18T12:07:09,143","container":"b4173de707db","level":"INFO","thread":"BftProcessorExecutor-QBFT-0","class":"QbftBesuControllerBuilder","message":"Imported #336 / 0 tx / 0 pending / 0 (0.0%) gas / (0x6c37a419e4bc412277467d248eb233f8efd465f175bd6c931ee8b2e7c19ef552)","throwable":""}
{"timestamp":"2025-07-18T12:07:17,019","container":"b4173de707db","level":"INFO","thread":"BftProcessorExecutor-QBFT-0","class":"QbftBesuControllerBuilder","message":"Imported #337 / 0 tx / 0 pending / 0 (0.0%) gas / (0x7e3922075a883e28083ef8ba8a7a9a8b28dca5553c5000f5eab38b217f68ed5e)","throwable":""}
{"timestamp":"2025-07-18T12:07:25,020","container":"b4173de707db","level":"INFO","thread":"BftProcessorExecutor-QBFT-0","class":"QbftBesuControllerBuilder","message":"Produced #338 / 0 tx / 0 pending / 0 (0.0%) gas / (0x04dfdb399bf3be6ff136b69602baf3aedabc136991f32964d49c29940ee2b656)","throwable":""}
{"timestamp":"2025-07-18T12:07:33,020","container":"b4173de707db","level":"INFO","thread":"BftProcessorExecutor-QBFT-0","class":"QbftBesuControllerBuilder","message":"Imported #339 / 0 tx / 0 pending / 0 (0.0%) gas / (0x3a658a9e388d21ee6d0e221affc22bd4cae406e6f23b4fc23e8a4715b862efd4)","throwable":""}
{"timestamp":"2025-07-18T12:07:41,033","container":"b4173de707db","level":"INFO","thread":"BftProcessorExecutor-QBFT-0","class":"QbftBesuControllerBuilder","message":"Imported #340 / 0 tx / 0 pending / 0 (0.0%) gas / (0x956837daacdd779b6a8a1024a331c10bb9c901389c7d1ed0bd10b88b71691415)","throwable":""}
{"timestamp":"2025-07-18T12:07:49,017","container":"b4173de707db","level":"INFO","thread":"BftProcessorExecutor-QBFT-0","class":"QbftBesuControllerBuilder","message":"Imported #341 / 0 tx / 0 pending / 0 (0.0%) gas / (0x9ab6f11d1265cb13a33b8315d75c8c86a60b605684fdb61c199e5eeeb4d5e044)","throwable":""}
{"timestamp":"2025-07-18T12:07:57,021","container":"b4173de707db","level":"INFO","thread":"BftProcessorExecutor-QBFT-0","class":"QbftBesuControllerBuilder","message":"Produced #342 / 0 tx / 0 pending / 0 (0.0%) gas / (0x6d32bb04d55d76685e4a10178ff1940d264e5780e2e84377e26e47d01df890f4)","throwable":""}
{"timestamp":"2025-07-18T12:08:05,026","container":"b4173de707db","level":"INFO","thread":"BftProcessorExecutor-QBFT-0","class":"QbftBesuControllerBuilder","message":"Imported #343 / 0 tx / 0 pending / 0 (0.0%) gas / (0x00921bb9ad1352f5f32b8ca35c8890093c9d35152342d564dcbb1e2d8b8697e6)","throwable":""}
{"timestamp":"2025-07-18T12:08:13,032","container":"b4173de707db","level":"INFO","thread":"BftProcessorExecutor-QBFT-0","class":"QbftBesuControllerBuilder","message":"Imported #344 / 0 tx / 0 pending / 0 (0.0%) gas / (0x750923f9e1af0f2da17799c803ae6a21543c6d0c66a6fd9432611b5d4c92f7d2)","throwable":""}
{"timestamp":"2025-07-18T12:08:21,021","container":"b4173de707db","level":"INFO","thread":"BftProcessorExecutor-QBFT-0","class":"QbftBesuControllerBuilder","message":"Imported #345 / 0 tx / 0 pending / 0 (0.0%) gas / (0x0c2c26706685be33a71f50b81a2bd3c797b014f41ef594d63b4af6e2f28ec902)","throwable":""}
{"timestamp":"2025-07-18T12:08:29,021","container":"b4173de707db","level":"INFO","thread":"BftProcessorExecutor-QBFT-0","class":"QbftBesuControllerBuilder","message":"Produced #346 / 0 tx / 0 pending / 0 (0.0%) gas / (0x61b39557b5162c037c7f761ecc42440a916b05db5f72a606e53c4cc891d27339)","throwable":""}
{"timestamp":"2025-07-18T12:08:37,018","container":"b4173de707db","level":"INFO","thread":"BftProcessorExecutor-QBFT-0","class":"QbftBesuControllerBuilder","message":"Imported #347 / 0 tx / 0 pending / 0 (0.0%) gas / (0x208cc0b9f28eb214022651ec00d623326e820013a3404e3d88f34028f2c4a4e1)","throwable":""}
{"timestamp":"2025-07-18T12:08:45,020","container":"b4173de707db","level":"INFO","thread":"BftProcessorExecutor-QBFT-0","class":"QbftBesuControllerBuilder","message":"Imported #348 / 0 tx / 0 pending / 0 (0.0%) gas / (0x4d53377242f2debfdcc4d9f6b26652ba9dfd55767cbe1e8ccda0619e3ec0ab4c)","throwable":""}
{"timestamp":"2025-07-18T12:08:53,019","container":"b4173de707db","level":"INFO","thread":"BftProcessorExecutor-QBFT-0","class":"QbftBesuControllerBuilder","message":"Imported #349 / 0 tx / 0 pending / 0 (0.0%) gas / (0xe7784834b13407cfabbf5fad8977fbccf7bc0dff352052312f820909648f8e4a)","throwable":""}
{"timestamp":"2025-07-18T12:09:01,022","container":"b4173de707db","level":"INFO","thread":"BftProcessorExecutor-QBFT-0","class":"QbftBesuControllerBuilder","message":"Produced #350 / 0 tx / 0 pending / 0 (0.0%) gas / (0x504e1a54c2def337e9bb936705209cab31282f8766102c2e568f8be9d8d0cdfb)","throwable":""}
{"timestamp":"2025-07-18T12:09:09,012","container":"b4173de707db","level":"INFO","thread":"BftProcessorExecutor-QBFT-0","class":"QbftBesuControllerBuilder","message":"Imported #351 / 0 tx / 0 pending / 0 (0.0%) gas / (0x933731bcde1434d6369d53a67670fbc2b5370d4032888fd53fe7979c713e10b2)","throwable":""}
{"timestamp":"2025-07-18T12:09:17,031","container":"b4173de707db","level":"INFO","thread":"BftProcessorExecutor-QBFT-0","class":"QbftBesuControllerBuilder","message":"Imported #352 / 0 tx / 0 pending / 0 (0.0%) gas / (0xc5f749205a72ee4b9e4180942279ee79617b8ded34906a8955a8e332257af2e8)","throwable":""}
{"timestamp":"2025-07-18T12:09:25,021","container":"b4173de707db","level":"INFO","thread":"BftProcessorExecutor-QBFT-0","class":"QbftBesuControllerBuilder","message":"Imported #353 / 0 tx / 0 pending / 0 (0.0%) gas / (0x603da5a5a30358f2a4cef7f6305cc21f04c4cc3242506e49e58ffbfba8aa16c3)","throwable":""}
{"timestamp":"2025-07-18T12:09:33,020","container":"b4173de707db","level":"INFO","thread":"BftProcessorExecutor-QBFT-0","class":"QbftBesuControllerBuilder","message":"Produced #354 / 0 tx / 0 pending / 0 (0.0%) gas / (0xa11552d09427506159862d668cd9ca60a0ccbb2f030a70debfc293207ad5f350)","throwable":""}
{"timestamp":"2025-07-18T12:09:41,017","container":"b4173de707db","level":"INFO","thread":"BftProcessorExecutor-QBFT-0","class":"QbftBesuControllerBuilder","message":"Imported #355 / 0 tx / 0 pending / 0 (0.0%) gas / (0x667ded5f1833bf6b6a88599d03bcb696765f9a75c77739f5ab82736b92996ad2)","throwable":""}
{"timestamp":"2025-07-18T12:09:49,035","container":"b4173de707db","level":"INFO","thread":"BftProcessorExecutor-QBFT-0","class":"QbftBesuControllerBuilder","message":"Imported #356 / 0 tx / 0 pending / 0 (0.0%) gas / (0xa5f5f9239b37deae540490811fb3d204768c594e62f7ce14cd8fb101e6d6b6a9)","throwable":""}
{"timestamp":"2025-07-18T12:09:57,018","container":"b4173de707db","level":"INFO","thread":"BftProcessorExecutor-QBFT-0","class":"QbftBesuControllerBuilder","message":"Imported #357 / 0 tx / 0 pending / 0 (0.0%) gas / (0x5667802d0c055e50ba4c82d1166b6a4d4d0da5c557b83102f0081f52aa9304cb)","throwable":""}
{"timestamp":"2025-07-18T12:10:05,018","container":"b4173de707db","level":"INFO","thread":"BftProcessorExecutor-QBFT-0","class":"QbftBesuControllerBuilder","message":"Produced #358 / 0 tx / 0 pending / 0 (0.0%) gas / (0x875a5ee8dc98a0dcf5d0e6170bec7236ce9de39ddfba0948d39b9350b3b85ff7)","throwable":""}
{"timestamp":"2025-07-18T12:10:13,018","container":"b4173de707db","level":"INFO","thread":"BftProcessorExecutor-QBFT-0","class":"QbftBesuControllerBuilder","message":"Imported #359 / 0 tx / 0 pending / 0 (0.0%) gas / (0x276e0a87f365aec02b40f4e2acb6481f05f6393f3df57c0c69f2f13530011397)","throwable":""}
{"timestamp":"2025-07-18T12:10:21,021","container":"b4173de707db","level":"INFO","thread":"BftProcessorExecutor-QBFT-0","class":"QbftBesuControllerBuilder","message":"Imported #360 / 0 tx / 0 pending / 0 (0.0%) gas / (0x423fd52098be63821fda34503d0f8f13be8e5100c1d58d589381ad04fae4cd1e)","throwable":""}
{"timestamp":"2025-07-18T12:10:29,019","container":"b4173de707db","level":"INFO","thread":"BftProcessorExecutor-QBFT-0","class":"QbftBesuControllerBuilder","message":"Imported #361 / 0 tx / 0 pending / 0 (0.0%) gas / (0xddb7dc9fd672bf02062c8d2ae10bb8af05a75bc97f33aacc543962e5019ca14f)","throwable":""}
{"timestamp":"2025-07-18T12:10:37,024","container":"b4173de707db","level":"INFO","thread":"BftProcessorExecutor-QBFT-0","class":"QbftBesuControllerBuilder","message":"Produced #362 / 0 tx / 0 pending / 0 (0.0%) gas / (0x843847428636d1548ae92f5daf4bcda458d1631560da48a843515885e5f55faf)","throwable":""}
{"timestamp":"2025-07-18T12:10:45,020","container":"b4173de707db","level":"INFO","thread":"BftProcessorExecutor-QBFT-0","class":"QbftBesuControllerBuilder","message":"Imported #363 / 0 tx / 0 pending / 0 (0.0%) gas / (0x43814dc104db47aff4116a32e5b021b492630144200152818356b8c99db7b3a4)","throwable":""}
{"timestamp":"2025-07-18T12:10:53,023","container":"b4173de707db","level":"INFO","thread":"BftProcessorExecutor-QBFT-0","class":"QbftBesuControllerBuilder","message":"Imported #364 / 0 tx / 0 pending / 0 (0.0%) gas / (0xddae97b1403f419a4ae6ef3659614e3afccd22aafb2b7e9e41edc526bc2ca093)","throwable":""}
{"timestamp":"2025-07-18T12:11:01,023","container":"b4173de707db","level":"INFO","thread":"BftProcessorExecutor-QBFT-0","class":"QbftBesuControllerBuilder","message":"Imported #365 / 0 tx / 0 pending / 0 (0.0%) gas / (0x05add3b83eda48f199c95fafade652c3512b6582fc7a0b28fa33547a0a95a6ea)","throwable":""}
{"timestamp":"2025-07-18T12:11:09,069","container":"b4173de707db","level":"INFO","thread":"BftProcessorExecutor-QBFT-0","class":"QbftBesuControllerBuilder","message":"Produced #366 / 0 tx / 0 pending / 0 (0.0%) gas / (0xb6e8518b799e231c574115008350b9963bc628a03211c1e7d0ffe274633d0f77)","throwable":""}
{"timestamp":"2025-07-18T12:11:17,020","container":"b4173de707db","level":"INFO","thread":"BftProcessorExecutor-QBFT-0","class":"QbftBesuControllerBuilder","message":"Imported #367 / 0 tx / 0 pending / 0 (0.0%) gas / (0x454f26831f5ff1f670a769625cbf4000c407059753666cb58e9c3d7d77bd7373)","throwable":""}
{"timestamp":"2025-07-18T12:11:25,021","container":"b4173de707db","level":"INFO","thread":"BftProcessorExecutor-QBFT-0","class":"QbftBesuControllerBuilder","message":"Imported #368 / 0 tx / 0 pending / 0 (0.0%) gas / (0x3ce9ddd2efebdc9955cb5d2262dd98821050b3c45961998203aec677c8387c15)","throwable":""}
{"timestamp":"2025-07-18T12:11:33,020","container":"b4173de707db","level":"INFO","thread":"BftProcessorExecutor-QBFT-0","class":"QbftBesuControllerBuilder","message":"Imported #369 / 0 tx / 0 pending / 0 (0.0%) gas / (0x6c54953e6dbe10185501b568bbd01d50ebdf61e3aac033e74e10c731fd07f83c)","throwable":""}
{"timestamp":"2025-07-18T12:11:41,018","container":"b4173de707db","level":"INFO","thread":"BftProcessorExecutor-QBFT-0","class":"QbftBesuControllerBuilder","message":"Produced #370 / 0 tx / 0 pending / 0 (0.0%) gas / (0x240cc027dfb245a537c7da8647ddf7605ee50e984ad1aaaf9c9917680b5d46e4)","throwable":""}
{"timestamp":"2025-07-18T12:11:49,021","container":"b4173de707db","level":"INFO","thread":"BftProcessorExecutor-QBFT-0","class":"QbftBesuControllerBuilder","message":"Imported #371 / 0 tx / 0 pending / 0 (0.0%) gas / (0xf5f390f6c1e95cdf4ace611af44c050bd6705cc6727e254c89d4d7a107111bda)","throwable":""}
{"timestamp":"2025-07-18T12:11:57,022","container":"b4173de707db","level":"INFO","thread":"BftProcessorExecutor-QBFT-0","class":"QbftBesuControllerBuilder","message":"Imported #372 / 0 tx / 0 pending / 0 (0.0%) gas / (0x3f16ebb6db749e72c5ef27a58c7449b3d3f81ca73a5c926726413368e657c799)","throwable":""}
{"timestamp":"2025-07-18T12:11:57,022","container":"b4173de707db","level":"INFO","thread":"EthScheduler-Workers-0","class":"PersistBlockTask","message":"Block 372 (0x3f16ebb6db749e72c5ef27a58c7449b3d3f81ca73a5c926726413368e657c799) is already imported","throwable":""}
{"timestamp":"2025-07-18T12:12:05,024","container":"b4173de707db","level":"INFO","thread":"BftProcessorExecutor-QBFT-0","class":"QbftBesuControllerBuilder","message":"Imported #373 / 0 tx / 0 pending / 0 (0.0%) gas / (0xcaefce4114432694315fec4bd4cd6b2feba0e025061d5e34f12d747c03dcc0bf)","throwable":""}
{"timestamp":"2025-07-18T12:12:13,022","container":"b4173de707db","level":"INFO","thread":"BftProcessorExecutor-QBFT-0","class":"QbftBesuControllerBuilder","message":"Produced #374 / 0 tx / 0 pending / 0 (0.0%) gas / (0xbfbd85244447fdd974d989ef225a0ad4d909dc451afbee8fa215044a44d4b256)","throwable":""}
{"timestamp":"2025-07-18T12:12:21,028","container":"b4173de707db","level":"INFO","thread":"BftProcessorExecutor-QBFT-0","class":"QbftBesuControllerBuilder","message":"Imported #375 / 0 tx / 0 pending / 0 (0.0%) gas / (0x0493add9d913766c35b429012e0f1d8d6b982b036e1358216d1eff7dcf350b3c)","throwable":""}
{"timestamp":"2025-07-18T12:12:29,021","container":"b4173de707db","level":"INFO","thread":"BftProcessorExecutor-QBFT-0","class":"QbftBesuControllerBuilder","message":"Imported #376 / 0 tx / 0 pending / 0 (0.0%) gas / (0xc21fe692d9103537a0eccde018e1f4321bdd0e3b4f7063e79174345d9b6f5a54)","throwable":""}
{"timestamp":"2025-07-18T12:12:37,020","container":"b4173de707db","level":"INFO","thread":"BftProcessorExecutor-QBFT-0","class":"QbftBesuControllerBuilder","message":"Imported #377 / 0 tx / 0 pending / 0 (0.0%) gas / (0x9210dc83296159339acbb320db48eb833bb9b73c1438630436244e5fe7f5c145)","throwable":""}
{"timestamp":"2025-07-18T12:12:45,026","container":"b4173de707db","level":"INFO","thread":"EthScheduler-Workers-0","class":"PersistBlockTask","message":"Block 378 (0x75fb9f84347e8eba407f473f6b15cc72df66f2459fa7be04044d22fdd874dd40) is already imported","throwable":""}
{"timestamp":"2025-07-18T12:12:45,027","container":"b4173de707db","level":"INFO","thread":"BftProcessorExecutor-QBFT-0","class":"QbftBesuControllerBuilder","message":"Produced #378 / 0 tx / 0 pending / 0 (0.0%) gas / (0x75fb9f84347e8eba407f473f6b15cc72df66f2459fa7be04044d22fdd874dd40)","throwable":""}
{"timestamp":"2025-07-18T12:12:53,022","container":"b4173de707db","level":"INFO","thread":"BftProcessorExecutor-QBFT-0","class":"QbftBesuControllerBuilder","message":"Imported #379 / 0 tx / 0 pending / 0 (0.0%) gas / (0xe79d06e5453767d91b1b81b7498d753d163ec75a6768ebccfad608352186f3c2)","throwable":""}
{"timestamp":"2025-07-18T12:13:01,020","container":"b4173de707db","level":"INFO","thread":"BftProcessorExecutor-QBFT-0","class":"QbftBesuControllerBuilder","message":"Imported #380 / 0 tx / 0 pending / 0 (0.0%) gas / (0x90ca63e0e96f68093f086a9ae7ca5cee907533649ff9b6ac1f9fcc64bb0a3a1c)","throwable":""}
{"timestamp":"2025-07-18T12:13:09,017","container":"b4173de707db","level":"INFO","thread":"BftProcessorExecutor-QBFT-0","class":"QbftBesuControllerBuilder","message":"Imported #381 / 0 tx / 0 pending / 0 (0.0%) gas / (0x1e57c5e0dbf82b6a58c8b42cb78ad39bde1f95e5dfc3f89e2eea8224911678d2)","throwable":""}
{"timestamp":"2025-07-18T12:13:17,020","container":"b4173de707db","level":"INFO","thread":"BftProcessorExecutor-QBFT-0","class":"QbftBesuControllerBuilder","message":"Produced #382 / 0 tx / 0 pending / 0 (0.0%) gas / (0x11c14f13d97639dd301fed8403f9befe1dfcc9a1b80ed415d34ad2412098c92f)","throwable":""}
{"timestamp":"2025-07-18T12:13:25,029","container":"b4173de707db","level":"INFO","thread":"BftProcessorExecutor-QBFT-0","class":"QbftBesuControllerBuilder","message":"Imported #383 / 0 tx / 0 pending / 0 (0.0%) gas / (0x8d4ffa5e8aaddbe06f3f686ebcf6d46888286f40e3f9efe5c57eb9df4828c643)","throwable":""}
{"timestamp":"2025-07-18T12:13:33,019","container":"b4173de707db","level":"INFO","thread":"BftProcessorExecutor-QBFT-0","class":"QbftBesuControllerBuilder","message":"Imported #384 / 0 tx / 0 pending / 0 (0.0%) gas / (0x9968906d8122cf3e2649c1468dcc2f02e41d49d5d643e776da0c20d8c986a7bf)","throwable":""}
{"timestamp":"2025-07-18T12:13:41,015","container":"b4173de707db","level":"INFO","thread":"BftProcessorExecutor-QBFT-0","class":"QbftBesuControllerBuilder","message":"Imported #385 / 0 tx / 0 pending / 0 (0.0%) gas / (0x306ee1879e6b297e5ccc1d6106bd6e35d5bcae8b6024399d6ec97f6ebf62d067)","throwable":""}
{"timestamp":"2025-07-18T12:13:49,020","container":"b4173de707db","level":"INFO","thread":"BftProcessorExecutor-QBFT-0","class":"QbftBesuControllerBuilder","message":"Produced #386 / 0 tx / 0 pending / 0 (0.0%) gas / (0x158dbb961e48a9dc9e93742c3229a34830c15698ea6479c86968a44bc6458042)","throwable":""}
{"timestamp":"2025-07-18T12:13:57,021","container":"b4173de707db","level":"INFO","thread":"BftProcessorExecutor-QBFT-0","class":"QbftBesuControllerBuilder","message":"Imported #387 / 0 tx / 0 pending / 0 (0.0%) gas / (0x98743ff565503014934239efc2bf8e1db05b7d402b90cad2b4bdfa33ca697827)","throwable":""}
{"timestamp":"2025-07-18T12:14:05,010","container":"b4173de707db","level":"INFO","thread":"BftProcessorExecutor-QBFT-0","class":"QbftBesuControllerBuilder","message":"Imported #388 / 0 tx / 0 pending / 0 (0.0%) gas / (0xbf08d962ebc8ea723c38ddc67c8e0cd4556617dbe0de3e81c59f8283e1f55667)","throwable":""}
{"timestamp":"2025-07-18T12:14:13,019","container":"b4173de707db","level":"INFO","thread":"BftProcessorExecutor-QBFT-0","class":"QbftBesuControllerBuilder","message":"Imported #389 / 0 tx / 0 pending / 0 (0.0%) gas / (0x2cc9ede9a397b6505a06b0b94985cc0d55af09610300488d2ba078380780c774)","throwable":""}
{"timestamp":"2025-07-18T12:14:21,019","container":"b4173de707db","level":"INFO","thread":"BftProcessorExecutor-QBFT-0","class":"QbftBesuControllerBuilder","message":"Produced #390 / 0 tx / 0 pending / 0 (0.0%) gas / (0xabc1ba061154963115bfa5ee073d1ab287a34c353ca6c791afca2f1be785e691)","throwable":""}
{"timestamp":"2025-07-18T12:14:29,018","container":"b4173de707db","level":"INFO","thread":"BftProcessorExecutor-QBFT-0","class":"QbftBesuControllerBuilder","message":"Imported #391 / 0 tx / 0 pending / 0 (0.0%) gas / (0x85a27ee835ab401d8363814a5612ab5e25574a5ef7681289b153f4eb632ee40c)","throwable":""}
{"timestamp":"2025-07-18T12:14:37,020","container":"b4173de707db","level":"INFO","thread":"BftProcessorExecutor-QBFT-0","class":"QbftBesuControllerBuilder","message":"Imported #392 / 0 tx / 0 pending / 0 (0.0%) gas / (0xb5ecdcbdbc5115cee8cd59ca4a892c80262a495ee08c3b6b141de0069f46c030)","throwable":""}
{"timestamp":"2025-07-18T12:14:45,012","container":"b4173de707db","level":"INFO","thread":"BftProcessorExecutor-QBFT-0","class":"QbftBesuControllerBuilder","message":"Imported #393 / 0 tx / 0 pending / 0 (0.0%) gas / (0xb9dc61f86036a5136047dc3e56839a0fdc466785fde964322075a700c6f0e337)","throwable":""}
{"timestamp":"2025-07-18T12:14:53,017","container":"b4173de707db","level":"INFO","thread":"BftProcessorExecutor-QBFT-0","class":"QbftBesuControllerBuilder","message":"Produced #394 / 0 tx / 0 pending / 0 (0.0%) gas / (0x7c3dd71743a8d300996200d85d5eb2ff546529747872e6e80663b2ce3f85ac36)","throwable":""}
{"timestamp":"2025-07-18T12:15:01,017","container":"b4173de707db","level":"INFO","thread":"BftProcessorExecutor-QBFT-0","class":"QbftBesuControllerBuilder","message":"Imported #395 / 0 tx / 0 pending / 0 (0.0%) gas / (0xac92ffbe28ca0db5e8f7505a0da7fa335c4d6ab32174f4e5441354a842bae65a)","throwable":""}
{"timestamp":"2025-07-18T12:15:09,023","container":"b4173de707db","level":"INFO","thread":"BftProcessorExecutor-QBFT-0","class":"QbftBesuControllerBuilder","message":"Imported #396 / 0 tx / 0 pending / 0 (0.0%) gas / (0xd0363cf24c0c692ecf2547f48b058135565b76564474f6e452bedff6c2a45e81)","throwable":""}
{"timestamp":"2025-07-18T12:15:17,020","container":"b4173de707db","level":"INFO","thread":"BftProcessorExecutor-QBFT-0","class":"QbftBesuControllerBuilder","message":"Imported #397 / 0 tx / 0 pending / 0 (0.0%) gas / (0xf5fa4341531c461ec6775ef2df959f44861d385999ec4c6d5110a2e8134dde03)","throwable":""}
{"timestamp":"2025-07-18T12:15:25,023","container":"b4173de707db","level":"INFO","thread":"BftProcessorExecutor-QBFT-0","class":"QbftBesuControllerBuilder","message":"Produced #398 / 0 tx / 0 pending / 0 (0.0%) gas / (0x275fab145ad35c728672fb9ff123ab30da328f3e9eb2fa7edec55cd4e02d345e)","throwable":""}
{"timestamp":"2025-07-18T12:15:33,019","container":"b4173de707db","level":"INFO","thread":"BftProcessorExecutor-QBFT-0","class":"QbftBesuControllerBuilder","message":"Imported #399 / 0 tx / 0 pending / 0 (0.0%) gas / (0x1be1e3277221e44ed9667d3308beb58b4bf34753d021ec820694571f71aa160c)","throwable":""}
{"timestamp":"2025-07-18T12:15:41,019","container":"b4173de707db","level":"INFO","thread":"BftProcessorExecutor-QBFT-0","class":"QbftBesuControllerBuilder","message":"Imported #400 / 0 tx / 0 pending / 0 (0.0%) gas / (0xfb4fab08af570b677e94d7c6c3e44ed9f2fc553d5d5d060a5a3e46d53d349232)","throwable":""}
{"timestamp":"2025-07-18T12:15:49,019","container":"b4173de707db","level":"INFO","thread":"BftProcessorExecutor-QBFT-0","class":"QbftBesuControllerBuilder","message":"Imported #401 / 0 tx / 0 pending / 0 (0.0%) gas / (0x53d288b5c4044f38841bbf3e2c8a951582cdd70e4ae8cb8aa10527443818192a)","throwable":""}
{"timestamp":"2025-07-18T12:15:57,020","container":"b4173de707db","level":"INFO","thread":"BftProcessorExecutor-QBFT-0","class":"QbftBesuControllerBuilder","message":"Produced #402 / 0 tx / 0 pending / 0 (0.0%) gas / (0xde5013561fca4a17eed12ade9a169d91664de67316e69189c4f31cb5557a1fb7)","throwable":""}
{"timestamp":"2025-07-18T12:16:05,021","container":"b4173de707db","level":"INFO","thread":"BftProcessorExecutor-QBFT-0","class":"QbftBesuControllerBuilder","message":"Imported #403 / 0 tx / 0 pending / 0 (0.0%) gas / (0xe76a4508ea812c0b9cb5ea5cb366c3fb63d411fbd3528c43e5939456c712e56e)","throwable":""}
{"timestamp":"2025-07-18T12:16:13,019","container":"b4173de707db","level":"INFO","thread":"BftProcessorExecutor-QBFT-0","class":"QbftBesuControllerBuilder","message":"Imported #404 / 0 tx / 0 pending / 0 (0.0%) gas / (0x7c904135c095b4dd0feb020dcbaecb3684d65d1ff4b670725199f8d5de764252)","throwable":""}
{"timestamp":"2025-07-18T12:16:21,022","container":"b4173de707db","level":"INFO","thread":"BftProcessorExecutor-QBFT-0","class":"QbftBesuControllerBuilder","message":"Imported #405 / 0 tx / 0 pending / 0 (0.0%) gas / (0x52174f469ea1309e2136296f62f2b3f9d845b1ebc14777e1e70947d13edf70ab)","throwable":""}
{"timestamp":"2025-07-18T12:16:29,017","container":"b4173de707db","level":"INFO","thread":"BftProcessorExecutor-QBFT-0","class":"QbftBesuControllerBuilder","message":"Produced #406 / 0 tx / 0 pending / 0 (0.0%) gas / (0x4c0b3c04269c335b74c561bb78a6e15bc84f115de75feed90934f98ba14d19a8)","throwable":""}
{"timestamp":"2025-07-18T12:16:37,023","container":"b4173de707db","level":"INFO","thread":"BftProcessorExecutor-QBFT-0","class":"QbftBesuControllerBuilder","message":"Imported #407 / 0 tx / 0 pending / 0 (0.0%) gas / (0x3e2777259ea95a7a765112a2b5c7b05324241ebe03d278d27eebe1b3c8b89cba)","throwable":""}
{"timestamp":"2025-07-18T12:16:45,017","container":"b4173de707db","level":"INFO","thread":"BftProcessorExecutor-QBFT-0","class":"QbftBesuControllerBuilder","message":"Imported #408 / 0 tx / 0 pending / 0 (0.0%) gas / (0xf7027dff19e245f064c7787b5d0e4a4be483c797f0fd2b494bf8e54c0386fddc)","throwable":""}
{"timestamp":"2025-07-18T12:16:53,020","container":"b4173de707db","level":"INFO","thread":"BftProcessorExecutor-QBFT-0","class":"QbftBesuControllerBuilder","message":"Imported #409 / 0 tx / 0 pending / 0 (0.0%) gas / (0x46bf71a68e849a2267ba2d8acabbe558540a2d3664eebdae9eee2ac5b8e8a00f)","throwable":""}
{"timestamp":"2025-07-18T12:17:01,024","container":"b4173de707db","level":"INFO","thread":"BftProcessorExecutor-QBFT-0","class":"QbftBesuControllerBuilder","message":"Produced #410 / 0 tx / 0 pending / 0 (0.0%) gas / (0xb03393290882b2987767d690939f89ca4ec8ff73b66daaa1b2932bc16f799f77)","throwable":""}
{"timestamp":"2025-07-18T12:17:09,021","container":"b4173de707db","level":"INFO","thread":"BftProcessorExecutor-QBFT-0","class":"QbftBesuControllerBuilder","message":"Imported #411 / 0 tx / 0 pending / 0 (0.0%) gas / (0x6e050305f9753b74776b6768cb53fd0c7e5f7d06c0ebbc09c666c8a64900ad46)","throwable":""}
{"timestamp":"2025-07-18T12:17:17,024","container":"b4173de707db","level":"INFO","thread":"BftProcessorExecutor-QBFT-0","class":"QbftBesuControllerBuilder","message":"Imported #412 / 0 tx / 0 pending / 0 (0.0%) gas / (0xe00022e48569875e7497b90a19bb1ef35710c9619e092f7cde2499771b733b4b)","throwable":""}
{"timestamp":"2025-07-18T12:17:25,020","container":"b4173de707db","level":"INFO","thread":"BftProcessorExecutor-QBFT-0","class":"QbftBesuControllerBuilder","message":"Imported #413 / 0 tx / 0 pending / 0 (0.0%) gas / (0x3cdbc15725ab75dfce7cc4f4a2f03022f2ae8c57d01baca715a5e2c1574dbb04)","throwable":""}
{"timestamp":"2025-07-18T12:17:33,014","container":"b4173de707db","level":"INFO","thread":"BftProcessorExecutor-QBFT-0","class":"QbftBesuControllerBuilder","message":"Produced #414 / 0 tx / 0 pending / 0 (0.0%) gas / (0xe0c3d4ad845fb985b866739d27e6565fc7c944785cc6cc7db409122791943074)","throwable":""}
{"timestamp":"2025-07-18T12:17:41,018","container":"b4173de707db","level":"INFO","thread":"BftProcessorExecutor-QBFT-0","class":"QbftBesuControllerBuilder","message":"Imported #415 / 0 tx / 0 pending / 0 (0.0%) gas / (0x1b0ba11a730ff09517eb0851a7a964b9c4cc1e54f0589a1022237376ec113e61)","throwable":""}
{"timestamp":"2025-07-18T12:17:49,031","container":"b4173de707db","level":"INFO","thread":"BftProcessorExecutor-QBFT-0","class":"QbftBesuControllerBuilder","message":"Imported #416 / 0 tx / 0 pending / 0 (0.0%) gas / (0x2d5c4a55edc423fb9557a3e225c7eb08f35c64ac3ab0f9628ee2f4cd411f68cf)","throwable":""}
{"timestamp":"2025-07-18T12:17:57,021","container":"b4173de707db","level":"INFO","thread":"BftProcessorExecutor-QBFT-0","class":"QbftBesuControllerBuilder","message":"Imported #417 / 0 tx / 0 pending / 0 (0.0%) gas / (0xeaeeae5a06f1c25d197e4887b4741e6772f14ac0f0936fafca4b4622209d6942)","throwable":""}
{"timestamp":"2025-07-18T12:18:05,019","container":"b4173de707db","level":"INFO","thread":"BftProcessorExecutor-QBFT-0","class":"QbftBesuControllerBuilder","message":"Produced #418 / 0 tx / 0 pending / 0 (0.0%) gas / (0x3127be18c4b0c6dd71707ce8a672cdf18ad5ab400c9bb6355ecf93c5609cea23)","throwable":""}
{"timestamp":"2025-07-18T12:18:13,020","container":"b4173de707db","level":"INFO","thread":"BftProcessorExecutor-QBFT-0","class":"QbftBesuControllerBuilder","message":"Imported #419 / 0 tx / 0 pending / 0 (0.0%) gas / (0xe4f32c46571075aeb401095d29f20740d2d26ecfeb39d6242edefb7c8559c7a8)","throwable":""}
{"timestamp":"2025-07-18T12:18:21,028","container":"b4173de707db","level":"INFO","thread":"BftProcessorExecutor-QBFT-0","class":"QbftBesuControllerBuilder","message":"Imported #420 / 0 tx / 0 pending / 0 (0.0%) gas / (0xc4ba664744530a0fa50b5f5f49e22a92857a759f041c8b778a6e742b1f65ecfe)","throwable":""}
{"timestamp":"2025-07-18T12:18:29,020","container":"b4173de707db","level":"INFO","thread":"BftProcessorExecutor-QBFT-0","class":"QbftBesuControllerBuilder","message":"Imported #421 / 0 tx / 0 pending / 0 (0.0%) gas / (0x7f835eac6e6dfcc62e8a013e77942ffa54b0f15a47f3c624c7becb4f21fd68df)","throwable":""}
{"timestamp":"2025-07-18T12:18:37,018","container":"b4173de707db","level":"INFO","thread":"BftProcessorExecutor-QBFT-0","class":"QbftBesuControllerBuilder","message":"Produced #422 / 0 tx / 0 pending / 0 (0.0%) gas / (0xd9326941b18d5a2659e062b9918ab49bcbe72a0b5836f31d5a7b0b9a8dcf2ea2)","throwable":""}
{"timestamp":"2025-07-18T12:18:45,021","container":"b4173de707db","level":"INFO","thread":"BftProcessorExecutor-QBFT-0","class":"QbftBesuControllerBuilder","message":"Imported #423 / 0 tx / 0 pending / 0 (0.0%) gas / (0xc35680ef94d402a8dd96442f6f086e05879dd1e63acd2df9a78552a8efc8c9d0)","throwable":""}
{"timestamp":"2025-07-18T12:18:53,025","container":"b4173de707db","level":"INFO","thread":"BftProcessorExecutor-QBFT-0","class":"QbftBesuControllerBuilder","message":"Imported #424 / 0 tx / 0 pending / 0 (0.0%) gas / (0xaac4997d0e2d5c8b711b38a2ca32a95349154c757c7ac4dfd873d5e6f1e4ed40)","throwable":""}
{"timestamp":"2025-07-18T12:19:01,020","container":"b4173de707db","level":"INFO","thread":"BftProcessorExecutor-QBFT-0","class":"QbftBesuControllerBuilder","message":"Imported #425 / 0 tx / 0 pending / 0 (0.0%) gas / (0x1e0c258da137c26c8421cab75958530fbee23fb199631ab7f2b6cb36f1bfabaa)","throwable":""}
{"timestamp":"2025-07-18T12:19:09,019","container":"b4173de707db","level":"INFO","thread":"BftProcessorExecutor-QBFT-0","class":"QbftBesuControllerBuilder","message":"Produced #426 / 0 tx / 0 pending / 0 (0.0%) gas / (0x022762274bed04bf5967db1d99183834bca6d87e624054a6edeaf0a8ca2566b5)","throwable":""}
{"timestamp":"2025-07-18T12:19:17,044","container":"b4173de707db","level":"INFO","thread":"BftProcessorExecutor-QBFT-0","class":"QbftBesuControllerBuilder","message":"Imported #427 / 0 tx / 0 pending / 0 (0.0%) gas / (0x530d5f28d83dcf134c64910520d472bd3247a09874d3f08b5749adb35bfbf5e8)","throwable":""}
{"timestamp":"2025-07-18T12:19:25,018","container":"b4173de707db","level":"INFO","thread":"BftProcessorExecutor-QBFT-0","class":"QbftBesuControllerBuilder","message":"Imported #428 / 0 tx / 0 pending / 0 (0.0%) gas / (0xf61b2b954b24b24bca2b8116bd6a66a5615bb13c9c79a04dd3ed0434e5f3b78e)","throwable":""}
{"timestamp":"2025-07-18T12:19:33,019","container":"b4173de707db","level":"INFO","thread":"BftProcessorExecutor-QBFT-0","class":"QbftBesuControllerBuilder","message":"Imported #429 / 0 tx / 0 pending / 0 (0.0%) gas / (0xa0b563589123c49cb9d663dfa77468732b062e5690cbddcbb5f56207b25733e7)","throwable":""}
{"timestamp":"2025-07-18T12:19:41,009","container":"b4173de707db","level":"INFO","thread":"BftProcessorExecutor-QBFT-0","class":"QbftBesuControllerBuilder","message":"Produced #430 / 0 tx / 0 pending / 0 (0.0%) gas / (0x46c9e9973068083d8b21a8463970d79af1449d62c39f13da768600de79163f84)","throwable":""}
{"timestamp":"2025-07-18T12:19:49,023","container":"b4173de707db","level":"INFO","thread":"BftProcessorExecutor-QBFT-0","class":"QbftBesuControllerBuilder","message":"Imported #431 / 0 tx / 0 pending / 0 (0.0%) gas / (0x714df744a72b56e98876f9bdcebb914cf06fb717d88cb06fe4fba4c77aa27120)","throwable":""}
{"timestamp":"2025-07-18T12:19:57,020","container":"b4173de707db","level":"INFO","thread":"BftProcessorExecutor-QBFT-0","class":"QbftBesuControllerBuilder","message":"Imported #432 / 0 tx / 0 pending / 0 (0.0%) gas / (0xcbffb6be5ddaa5c130d1832d1066ea0c85a56000382a7c3b1c0148939bc1b502)","throwable":""}
{"timestamp":"2025-07-18T12:20:05,019","container":"b4173de707db","level":"INFO","thread":"BftProcessorExecutor-QBFT-0","class":"QbftBesuControllerBuilder","message":"Imported #433 / 0 tx / 0 pending / 0 (0.0%) gas / (0xf78025f994f8167b1bb78e2b25db6c86265a0b86ac65a0eceb8427152bc6f9fd)","throwable":""}
{"timestamp":"2025-07-18T12:20:13,018","container":"b4173de707db","level":"INFO","thread":"BftProcessorExecutor-QBFT-0","class":"QbftBesuControllerBuilder","message":"Produced #434 / 0 tx / 0 pending / 0 (0.0%) gas / (0x23356b0882221959da7b5ee3fa570df8bea0f1cce3bde2ce99427740f107ab91)","throwable":""}
{"timestamp":"2025-07-18T12:20:21,019","container":"b4173de707db","level":"INFO","thread":"BftProcessorExecutor-QBFT-0","class":"QbftBesuControllerBuilder","message":"Imported #435 / 0 tx / 0 pending / 0 (0.0%) gas / (0x7c8b948326864adb56192cee86e20f3aea32c8168f48357bf4a45076ace0c7a3)","throwable":""}
{"timestamp":"2025-07-18T12:20:29,017","container":"b4173de707db","level":"INFO","thread":"BftProcessorExecutor-QBFT-0","class":"QbftBesuControllerBuilder","message":"Imported #436 / 0 tx / 0 pending / 0 (0.0%) gas / (0x396873a575e30295a5a37e68c216029cfea621d71f26a4c8ffbeb399b8d60e37)","throwable":""}
{"timestamp":"2025-07-18T12:20:37,012","container":"b4173de707db","level":"INFO","thread":"EthScheduler-Workers-0","class":"PersistBlockTask","message":"Block 437 (0x0b7b8fd000d1b061ee61430de93d6ef1a5396334d861f37a3e00422323f2a800) is already imported","throwable":""}
{"timestamp":"2025-07-18T12:20:37,013","container":"b4173de707db","level":"INFO","thread":"BftProcessorExecutor-QBFT-0","class":"QbftBesuControllerBuilder","message":"Imported #437 / 0 tx / 0 pending / 0 (0.0%) gas / (0x0b7b8fd000d1b061ee61430de93d6ef1a5396334d861f37a3e00422323f2a800)","throwable":""}
{"timestamp":"2025-07-18T12:20:45,009","container":"b4173de707db","level":"INFO","thread":"BftProcessorExecutor-QBFT-0","class":"QbftBesuControllerBuilder","message":"Produced #438 / 0 tx / 0 pending / 0 (0.0%) gas / (0x359bce9ca31ea762924f3c07491d7d133db522198b39ff4966386ad5ddcceb1c)","throwable":""}
{"timestamp":"2025-07-18T12:20:53,010","container":"b4173de707db","level":"INFO","thread":"BftProcessorExecutor-QBFT-0","class":"QbftBesuControllerBuilder","message":"Imported #439 / 0 tx / 0 pending / 0 (0.0%) gas / (0xe5b54a99f8883c28e6f5eaced85b23bf87577c9e9b0312a218b50374a129a15d)","throwable":""}
{"timestamp":"2025-07-18T12:21:01,022","container":"b4173de707db","level":"INFO","thread":"BftProcessorExecutor-QBFT-0","class":"QbftBesuControllerBuilder","message":"Imported #440 / 0 tx / 0 pending / 0 (0.0%) gas / (0x0628fb2a31b60332fcee1f7f55c95b67a94f3d9b4f17598dbfc311ff07165ae9)","throwable":""}
{"timestamp":"2025-07-18T12:21:09,020","container":"b4173de707db","level":"INFO","thread":"BftProcessorExecutor-QBFT-0","class":"QbftBesuControllerBuilder","message":"Imported #441 / 0 tx / 0 pending / 0 (0.0%) gas / (0x485649e976e406f899343535f394bf7c36c365e659e8820eb9033267a46ab03e)","throwable":""}
{"timestamp":"2025-07-18T12:21:17,022","container":"b4173de707db","level":"INFO","thread":"BftProcessorExecutor-QBFT-0","class":"QbftBesuControllerBuilder","message":"Produced #442 / 0 tx / 0 pending / 0 (0.0%) gas / (0x3ef4053d996dacd8e48630a557414dd87a0c3a5d3c3e5503f9bde8ce3f3d66cc)","throwable":""}
{"timestamp":"2025-07-18T12:21:25,019","container":"b4173de707db","level":"INFO","thread":"BftProcessorExecutor-QBFT-0","class":"QbftBesuControllerBuilder","message":"Imported #443 / 0 tx / 0 pending / 0 (0.0%) gas / (0x8a0802562e35cf11b6414a13c33c347323c63e13adcd7d37f600691ff5879ff1)","throwable":""}
{"timestamp":"2025-07-18T12:21:33,017","container":"b4173de707db","level":"INFO","thread":"BftProcessorExecutor-QBFT-0","class":"QbftBesuControllerBuilder","message":"Imported #444 / 0 tx / 0 pending / 0 (0.0%) gas / (0x50b4359cd96ad72cc5de7096b6f714f54cecb1163426662effcbdca388c81392)","throwable":""}
{"timestamp":"2025-07-18T12:21:41,017","container":"b4173de707db","level":"INFO","thread":"BftProcessorExecutor-QBFT-0","class":"QbftBesuControllerBuilder","message":"Imported #445 / 0 tx / 0 pending / 0 (0.0%) gas / (0x163c5cf087c38d75405617b9ae35793043f53a84c8aca1f2723cdff642cfdee4)","throwable":""}
{"timestamp":"2025-07-18T12:21:49,018","container":"b4173de707db","level":"INFO","thread":"BftProcessorExecutor-QBFT-0","class":"QbftBesuControllerBuilder","message":"Produced #446 / 0 tx / 0 pending / 0 (0.0%) gas / (0x2ef652191ca2adfb5a752bf588be8cafb378dc5588934aa60b853de6ec8f6cfe)","throwable":""}
{"timestamp":"2025-07-18T12:21:57,023","container":"b4173de707db","level":"INFO","thread":"BftProcessorExecutor-QBFT-0","class":"QbftBesuControllerBuilder","message":"Imported #447 / 0 tx / 0 pending / 0 (0.0%) gas / (0x4672dc5f8533afdd62611b6c3bbe940961ce6e724714232b96cf37e2d69f99cf)","throwable":""}
{"timestamp":"2025-07-18T12:22:05,030","container":"b4173de707db","level":"INFO","thread":"BftProcessorExecutor-QBFT-0","class":"QbftBesuControllerBuilder","message":"Imported #448 / 0 tx / 0 pending / 0 (0.0%) gas / (0x048594f9f6f2bb4bf816fae204c7cdc0ac05901d6c0b4aa7010f5cf5cc6cad09)","throwable":""}
{"timestamp":"2025-07-18T12:22:13,022","container":"b4173de707db","level":"INFO","thread":"BftProcessorExecutor-QBFT-0","class":"QbftBesuControllerBuilder","message":"Imported #449 / 0 tx / 0 pending / 0 (0.0%) gas / (0x08a17f18deb3da1d6ed5a5dffa199d43db5eccb41ede34ad47c5eb615d43089a)","throwable":""}
{"timestamp":"2025-07-18T12:22:21,025","container":"b4173de707db","level":"INFO","thread":"BftProcessorExecutor-QBFT-0","class":"QbftBesuControllerBuilder","message":"Produced #450 / 0 tx / 0 pending / 0 (0.0%) gas / (0xf24fa96ed44e59854bcb97cd94addb89fc175236123e0bad997afa065a1e3092)","throwable":""}
{"timestamp":"2025-07-18T12:22:29,027","container":"b4173de707db","level":"INFO","thread":"BftProcessorExecutor-QBFT-0","class":"QbftBesuControllerBuilder","message":"Imported #451 / 0 tx / 0 pending / 0 (0.0%) gas / (0x230597001741bd8b8af8c34295f9f6cc4637748a2f98f3034c35aac767d322be)","throwable":""}
{"timestamp":"2025-07-18T12:22:37,060","container":"b4173de707db","level":"INFO","thread":"EthScheduler-Workers-0","class":"PersistBlockTask","message":"Block 452 (0x623cf7ea10593f24159ef29f881bcbbf2c6ab90a09942f4fd8b1b9f59e46bf5d) is already imported","throwable":""}
{"timestamp":"2025-07-18T12:22:37,061","container":"b4173de707db","level":"INFO","thread":"BftProcessorExecutor-QBFT-0","class":"QbftBesuControllerBuilder","message":"Imported #452 / 0 tx / 0 pending / 0 (0.0%) gas / (0x623cf7ea10593f24159ef29f881bcbbf2c6ab90a09942f4fd8b1b9f59e46bf5d)","throwable":""}
{"timestamp":"2025-07-18T12:22:45,011","container":"b4173de707db","level":"INFO","thread":"BftProcessorExecutor-QBFT-0","class":"QbftBesuControllerBuilder","message":"Imported #453 / 0 tx / 0 pending / 0 (0.0%) gas / (0x823491c84ea8a038df43d5cc16739652b05cf31857255e11280c44598b044051)","throwable":""}
{"timestamp":"2025-07-18T12:22:53,045","container":"b4173de707db","level":"INFO","thread":"EthScheduler-Workers-0","class":"PersistBlockTask","message":"Block 454 (0x04ad7db564845f98dd6482155d63deefc915d05a7e497a9cc498ec42a1cedae7) is already imported","throwable":""}
{"timestamp":"2025-07-18T12:22:53,047","container":"b4173de707db","level":"INFO","thread":"BftProcessorExecutor-QBFT-0","class":"QbftBesuControllerBuilder","message":"Produced #454 / 0 tx / 0 pending / 0 (0.0%) gas / (0x04ad7db564845f98dd6482155d63deefc915d05a7e497a9cc498ec42a1cedae7)","throwable":""}
{"timestamp":"2025-07-18T12:23:01,016","container":"b4173de707db","level":"INFO","thread":"BftProcessorExecutor-QBFT-0","class":"QbftBesuControllerBuilder","message":"Imported #455 / 0 tx / 0 pending / 0 (0.0%) gas / (0xcf6c5d9508473b16951f41cef930eaaf1ea2595da7f4c086f77c494e035e9d33)","throwable":""}
{"timestamp":"2025-07-18T12:23:09,107","container":"b4173de707db","level":"INFO","thread":"BftProcessorExecutor-QBFT-0","class":"QbftBesuControllerBuilder","message":"Imported #456 / 0 tx / 0 pending / 0 (0.0%) gas / (0xe5491f4d390963f437bcd1b68a212469b9f30e98e1e905ba5635d1bbb6e9a2d2)","throwable":""}
{"timestamp":"2025-07-18T12:23:09,110","container":"b4173de707db","level":"INFO","thread":"EthScheduler-Workers-0","class":"PersistBlockTask","message":"Block 456 (0xe5491f4d390963f437bcd1b68a212469b9f30e98e1e905ba5635d1bbb6e9a2d2) is already imported","throwable":""}
{"timestamp":"2025-07-18T12:25:40,536","container":"b4173de707db","level":"INFO","thread":"EthScheduler-Timer-0","class":"FullSyncTargetManager","message":"Unable to find sync target. Currently checking 0 peers for usefulness","throwable":""}
{"timestamp":"2025-07-18T12:25:40,527","container":"b4173de707db","level":"WARN","thread":"vertx-blocked-thread-checker","class":"BlockedThreadChecker","message":"Thread Thread[vert.x-eventloop-thread-1,5,main] has been blocked for 4267 ms, time limit is 2000 ms","throwable":""}
{"timestamp":"2025-07-18T12:25:45,584","container":"b4173de707db","level":"INFO","thread":"EthScheduler-Timer-0","class":"FullSyncTargetManager","message":"Unable to find sync target. Currently checking 0 peers for usefulness","throwable":""}
{"timestamp":"2025-07-18T12:25:50,584","container":"b4173de707db","level":"INFO","thread":"EthScheduler-Timer-0","class":"FullSyncTargetManager","message":"Unable to find sync target. Currently checking 0 peers for usefulness","throwable":""}
{"timestamp":"2025-07-18T12:25:55,585","container":"b4173de707db","level":"INFO","thread":"EthScheduler-Timer-0","class":"FullSyncTargetManager","message":"Unable to find sync target. Currently checking 0 peers for usefulness","throwable":""}
{"timestamp":"2025-07-18T12:26:00,585","container":"b4173de707db","level":"INFO","thread":"EthScheduler-Timer-0","class":"FullSyncTargetManager","message":"Unable to find sync target. Currently checking 0 peers for usefulness","throwable":""}
{"timestamp":"2025-07-18T12:26:05,585","container":"b4173de707db","level":"INFO","thread":"EthScheduler-Timer-0","class":"FullSyncTargetManager","message":"Unable to find sync target. Currently checking 0 peers for usefulness","throwable":""}
{"timestamp":"2025-07-18T12:26:10,588","container":"b4173de707db","level":"INFO","thread":"EthScheduler-Timer-0","class":"FullSyncTargetManager","message":"Unable to find sync target. Currently checking 0 peers for usefulness","throwable":""}
{"timestamp":"2025-07-18T12:26:15,589","container":"b4173de707db","level":"INFO","thread":"EthScheduler-Timer-0","class":"FullSyncTargetManager","message":"Unable to find sync target. Currently checking 0 peers for usefulness","throwable":""}
{"timestamp":"2025-07-18T12:26:20,594","container":"b4173de707db","level":"INFO","thread":"EthScheduler-Timer-0","class":"FullSyncTargetManager","message":"Unable to find sync target. Currently checking 0 peers for usefulness","throwable":""}
{"timestamp":"2025-07-18T12:26:25,595","container":"b4173de707db","level":"INFO","thread":"EthScheduler-Timer-0","class":"FullSyncTargetManager","message":"Unable to find sync target. Currently checking 0 peers for usefulness","throwable":""}
{"timestamp":"2025-07-18T12:26:30,595","container":"b4173de707db","level":"INFO","thread":"EthScheduler-Timer-0","class":"FullSyncTargetManager","message":"Unable to find sync target. Currently checking 0 peers for usefulness","throwable":""}
{"timestamp":"2025-07-18T12:26:34,609","container":"b4173de707db","level":"INFO","thread":"nioEventLoopGroup-3-9","class":"FullSyncTargetManager","message":"Unable to find sync target. Currently checking 1 peers for usefulness","throwable":""}
{"timestamp":"2025-07-18T12:26:44,675","container":"b4173de707db","level":"INFO","thread":"BftProcessorExecutor-QBFT-0","class":"QbftRound","message":"Importing proposed block to chain. round=ConsensusRoundIdentifier{Sequence=457, Round=3}, hash=0xb16168322bccb3c729898201810ddf6486e725ba6e97649df868bbdff4600996","throwable":""}
{"timestamp":"2025-07-18T12:26:44,685","container":"b4173de707db","level":"INFO","thread":"EthScheduler-Workers-0","class":"PersistBlockTask","message":"Block 457 (0xb16168322bccb3c729898201810ddf6486e725ba6e97649df868bbdff4600996) is already imported","throwable":""}
{"timestamp":"2025-07-18T12:26:44,686","container":"b4173de707db","level":"INFO","thread":"BftProcessorExecutor-QBFT-0","class":"QbftBesuControllerBuilder","message":"Imported #457 / 0 tx / 0 pending / 0 (0.0%) gas / (0xb16168322bccb3c729898201810ddf6486e725ba6e97649df868bbdff4600996)","throwable":""}
{"timestamp":"2025-07-18T12:26:52,022","container":"b4173de707db","level":"INFO","thread":"BftProcessorExecutor-QBFT-0","class":"QbftBesuControllerBuilder","message":"Imported #458 / 0 tx / 0 pending / 0 (0.0%) gas / (0xfcacb24cdc2354def427701688797cd93c1bc426ab2958f6b3121420344dec37)","throwable":""}
{"timestamp":"2025-07-18T12:27:00,020","container":"b4173de707db","level":"INFO","thread":"BftProcessorExecutor-QBFT-0","class":"QbftBesuControllerBuilder","message":"Produced #459 / 0 tx / 0 pending / 0 (0.0%) gas / (0x43f0e2680e188ea38ba970a1da418a4b7991a0ff84d00b455184e7a72dddbff5)","throwable":""}
{"timestamp":"2025-07-18T12:27:08,020","container":"b4173de707db","level":"INFO","thread":"BftProcessorExecutor-QBFT-0","class":"QbftBesuControllerBuilder","message":"Imported #460 / 0 tx / 0 pending / 0 (0.0%) gas / (0x4f1bd37f973d85be141030104e5f6bbf221dbd59b2f78fce402a15621bef14c4)","throwable":""}
{"timestamp":"2025-07-18T12:27:16,079","container":"b4173de707db","level":"INFO","thread":"BftProcessorExecutor-QBFT-0","class":"QbftBesuControllerBuilder","message":"Imported #461 / 0 tx / 0 pending / 0 (0.0%) gas / (0x41c7fc803c93bc779956a1e2c753811f9900922ea56ddc92eb64ca199b68fce4)","throwable":""}
{"timestamp":"2025-07-18T12:27:24,022","container":"b4173de707db","level":"INFO","thread":"BftProcessorExecutor-QBFT-0","class":"QbftBesuControllerBuilder","message":"Imported #462 / 0 tx / 0 pending / 0 (0.0%) gas / (0x81baf751466a8c4b6dbe768dfd8e956ad2d13676f139876d07a42a521e7b2dd4)","throwable":""}
{"timestamp":"2025-07-18T12:27:32,019","container":"b4173de707db","level":"INFO","thread":"BftProcessorExecutor-QBFT-0","class":"QbftBesuControllerBuilder","message":"Produced #463 / 0 tx / 0 pending / 0 (0.0%) gas / (0x769c5d17bd33328dec9193e0210b47325aa85ef44bf9b500f55f1df874e7f063)","throwable":""}
{"timestamp":"2025-07-18T12:27:40,011","container":"b4173de707db","level":"INFO","thread":"BftProcessorExecutor-QBFT-0","class":"QbftBesuControllerBuilder","message":"Imported #464 / 0 tx / 0 pending / 0 (0.0%) gas / (0x14f58355d900864a02118f3d36d6f948f4e644e0d9c2d09c20759fc147da394d)","throwable":""}
{"timestamp":"2025-07-18T12:27:48,084","container":"b4173de707db","level":"INFO","thread":"BftProcessorExecutor-QBFT-0","class":"QbftBesuControllerBuilder","message":"Imported #465 / 0 tx / 0 pending / 0 (0.0%) gas / (0xc221c080f04d19c1d633bd89b7cb074d5eac4b315a70405b6d8ee8ddf09c95ee)","throwable":""}
{"timestamp":"2025-07-18T12:27:56,029","container":"b4173de707db","level":"INFO","thread":"BftProcessorExecutor-QBFT-0","class":"QbftBesuControllerBuilder","message":"Imported #466 / 0 tx / 0 pending / 0 (0.0%) gas / (0xce8155500a4a7c35b94302b74ce5be365ef57d2c165c809c9b82212061f33beb)","throwable":""}
{"timestamp":"2025-07-18T12:28:04,030","container":"b4173de707db","level":"INFO","thread":"BftProcessorExecutor-QBFT-0","class":"QbftBesuControllerBuilder","message":"Produced #467 / 0 tx / 0 pending / 0 (0.0%) gas / (0x29be08cdd466a41151c7b26261f3921b29760c26f55b091c7f2bd627126b4bc6)","throwable":""}
{"timestamp":"2025-07-18T12:28:12,020","container":"b4173de707db","level":"INFO","thread":"BftProcessorExecutor-QBFT-0","class":"QbftBesuControllerBuilder","message":"Imported #468 / 0 tx / 0 pending / 0 (0.0%) gas / (0x7016557060e50dcb5614c7109bd95e92eaeaa458695087b30682337730956d6c)","throwable":""}
{"timestamp":"2025-07-18T12:28:20,109","container":"b4173de707db","level":"INFO","thread":"BftProcessorExecutor-QBFT-0","class":"QbftBesuControllerBuilder","message":"Imported #469 / 0 tx / 0 pending / 0 (0.0%) gas / (0xe92da52856638f8e04e37b216732dd368d04546396e5dc7b1f92e1cff8ec8c4d)","throwable":""}
{"timestamp":"2025-07-18T12:28:28,070","container":"b4173de707db","level":"INFO","thread":"BftProcessorExecutor-QBFT-0","class":"QbftBesuControllerBuilder","message":"Imported #470 / 0 tx / 0 pending / 0 (0.0%) gas / (0xf2177e41575a548a708edb7fbf0be98ae59420ba0f11997bf14a83bd9a9c0309)","throwable":""}
{"timestamp":"2025-07-18T12:28:36,026","container":"b4173de707db","level":"INFO","thread":"BftProcessorExecutor-QBFT-0","class":"QbftBesuControllerBuilder","message":"Produced #471 / 0 tx / 0 pending / 0 (0.0%) gas / (0x592f38bdd8b3dcaed0f6d089320623d865d39dad16d023040359e3992d5baf98)","throwable":""}
{"timestamp":"2025-07-18T12:28:44,129","container":"b4173de707db","level":"INFO","thread":"BftProcessorExecutor-QBFT-0","class":"QbftBesuControllerBuilder","message":"Imported #472 / 0 tx / 0 pending / 0 (0.0%) gas / (0x73cd51bca479b2b9f9bb7d52c7736a083de0efaa343a7e1e357fdbda7d7cb1a4)","throwable":""}
{"timestamp":"2025-07-18T12:28:44,132","container":"b4173de707db","level":"INFO","thread":"EthScheduler-Workers-0","class":"PersistBlockTask","message":"Block 472 (0x73cd51bca479b2b9f9bb7d52c7736a083de0efaa343a7e1e357fdbda7d7cb1a4) is already imported","throwable":""}
{"timestamp":"2025-07-18T12:28:55,826","container":"b4173de707db","level":"INFO","thread":"BftProcessorExecutor-QBFT-0","class":"QbftBesuControllerBuilder","message":"Imported #473 / 0 tx / 0 pending / 0 (0.0%) gas / (0x44889fe88b7d2a51a98d49d137c77a3e6661370399ef6324ab05d42084153edb)","throwable":""}
{"timestamp":"2025-07-18T12:28:55,830","container":"b4173de707db","level":"INFO","thread":"EthScheduler-Workers-0","class":"PersistBlockTask","message":"Block 473 (0x44889fe88b7d2a51a98d49d137c77a3e6661370399ef6324ab05d42084153edb) is already imported","throwable":""}
{"timestamp":"2025-07-18T12:29:01,787","container":"b4173de707db","level":"INFO","thread":"EthScheduler-Workers-0","class":"PersistBlockTask","message":"Block 474 (0x2ab95835088d389beb1972dfd244770a98ec13608377d92ccd36c20f737d5df9) is already imported","throwable":""}
{"timestamp":"2025-07-18T12:29:01,800","container":"b4173de707db","level":"INFO","thread":"BftProcessorExecutor-QBFT-0","class":"QbftBesuControllerBuilder","message":"Imported #474 / 0 tx / 0 pending / 0 (0.0%) gas / (0x2ab95835088d389beb1972dfd244770a98ec13608377d92ccd36c20f737d5df9)","throwable":""}
{"timestamp":"2025-07-18T12:29:12,686","container":"b4173de707db","level":"INFO","thread":"EthScheduler-Workers-0","class":"PersistBlockTask","message":"Imported #475 / 0 tx / 0 om / 0 (0.0%) gas / (0xf08199893ca7faf8de13b261b9f3c957a6c451d701ac9af25e85b62ed6b5d484) in 3.029s. Peers: 3","throwable":""}
{"timestamp":"2025-07-18T12:29:12,985","container":"b4173de707db","level":"INFO","thread":"BftProcessorExecutor-QBFT-0","class":"QbftBesuControllerBuilder","message":"Produced #475 / 0 tx / 0 pending / 0 (0.0%) gas / (0xf08199893ca7faf8de13b261b9f3c957a6c451d701ac9af25e85b62ed6b5d484)","throwable":""}
{"timestamp":"2025-07-18T12:29:23,846","container":"b4173de707db","level":"INFO","thread":"EthScheduler-Workers-0","class":"PersistBlockTask","message":"Block 476 (0x09c1985911c959ab000922c0a329b20fd19af5c9af88b1b58c6b8a290d2f5046) is already imported","throwable":""}
{"timestamp":"2025-07-18T12:29:23,869","container":"b4173de707db","level":"INFO","thread":"BftProcessorExecutor-QBFT-0","class":"QbftBesuControllerBuilder","message":"Imported #476 / 0 tx / 0 pending / 0 (0.0%) gas / (0x09c1985911c959ab000922c0a329b20fd19af5c9af88b1b58c6b8a290d2f5046)","throwable":""}
{"timestamp":"2025-07-18T12:29:33,492","container":"b4173de707db","level":"INFO","thread":"BftProcessorExecutor-QBFT-0","class":"QbftBesuControllerBuilder","message":"Imported #477 / 0 tx / 0 pending / 0 (0.0%) gas / (0x9b5c255a86f720d6bc1aea36b6165dfc3a891f055435b45a1ab105da795a8cd9)","throwable":""}
{"timestamp":"2025-07-18T12:29:33,514","container":"b4173de707db","level":"INFO","thread":"EthScheduler-Workers-0","class":"PersistBlockTask","message":"Block 477 (0x9b5c255a86f720d6bc1aea36b6165dfc3a891f055435b45a1ab105da795a8cd9) is already imported","throwable":""}
{"timestamp":"2025-07-18T12:30:48,197","container":"b4173de707db","level":"INFO","thread":"EthScheduler-Timer-0","class":"FullSyncTargetManager","message":"Unable to find sync target. Currently checking 0 peers for usefulness","throwable":""}
{"timestamp":"2025-07-18T12:34:24,770","container":"b4173de707db","level":"INFO","thread":"main","class":"Besu","message":"Starting Besu","throwable":""}
{"timestamp":"2025-07-18T12:34:25,335","container":"b4173de707db","level":"WARN","thread":"main","class":"Besu","message":"--min-gas-price has been ignored because --miner-enabled was not defined on the command line.","throwable":""}
{"timestamp":"2025-07-18T12:34:26,360","container":"b4173de707db","level":"INFO","thread":"main","class":"Besu","message":"
####################################################################################################
#                                                                                                  #
# Besu version 23.4.1                                                                              #
#                                                                                                  #
# Configuration:                                                                                   #
# Network: Custom genesis file specified                                                           #
# Network Id: 1337                                                                                 #
# Data storage: Forest                                                                             #
# Sync mode: Full                                                                                  #
# RPC HTTP APIs: EEA,WEB3,ETH,NET,TRACE,DEBUG,ADMIN,TXPOOL,PRIV,PERM,QBFT                          #
# RPC HTTP port: 8545                                                                              #
#                                                                                                  #
# Host:                                                                                            #
# Java: openjdk-java-17                                                                            #
# Maximum heap size: 3.84 GB                                                                       #
# OS: linux-x86_64                                                                                 #
# glibc: 2.35                                                                                      #
# jemalloc: 5.2.1-0-gea6b3e973b477b8061e0076bb257dbd7f3faa756                                      #
# Total memory: 15.35 GB                                                                           #
# CPU cores: 8                                                                                     #
#                                                                                                  #
####################################################################################################","throwable":""}
{"timestamp":"2025-07-18T12:34:26,361","container":"b4173de707db","level":"INFO","thread":"main","class":"Besu","message":"Connecting to 8 static nodes.","throwable":""}
{"timestamp":"2025-07-18T12:34:26,361","container":"b4173de707db","level":"INFO","thread":"main","class":"Besu","message":"Security Module: localfile","throwable":""}
{"timestamp":"2025-07-18T12:34:26,467","container":"b4173de707db","level":"INFO","thread":"main","class":"Besu","message":"Using the native implementation of alt bn128","throwable":""}
{"timestamp":"2025-07-18T12:34:26,761","container":"b4173de707db","level":"INFO","thread":"main","class":"Besu","message":"Using the native implementation of modexp","throwable":""}
{"timestamp":"2025-07-18T12:34:26,761","container":"b4173de707db","level":"INFO","thread":"main","class":"Besu","message":"Using the native implementation of the signature algorithm","throwable":""}
{"timestamp":"2025-07-18T12:34:26,773","container":"b4173de707db","level":"INFO","thread":"main","class":"Besu","message":"Using the native implementation of the blake2bf algorithm","throwable":""}
{"timestamp":"2025-07-18T12:34:26,808","container":"b4173de707db","level":"INFO","thread":"main","class":"DatabaseMetadata","message":"Lookup database metadata file in data directory: /opt/besu/data","throwable":""}
{"timestamp":"2025-07-18T12:34:26,877","container":"b4173de707db","level":"INFO","thread":"main","class":"RocksDBKeyValueStorageFactory","message":"Existing database detected at /opt/besu/data. Version 1. Compacting database...","throwable":""}
{"timestamp":"2025-07-18T12:34:27,901","container":"b4173de707db","level":"INFO","thread":"main","class":"KeyPairUtil","message":"Loaded public key 0x59cf0c623c582fa9b19bdf70fb6bade07f4ae32218dd4d1c7e2c7e65acf87da45cf2ab55d16d27360aafef17622c37c09db60d7680ebcc17b78867f4c05bcaa4 from /opt/besu/keys/nodekey","throwable":""}
{"timestamp":"2025-07-18T12:34:27,908","container":"b4173de707db","level":"WARN","thread":"main","class":"Besu","message":"Privacy is disabled. Cannot use EEA/PRIV API methods when not using Privacy.","throwable":""}
{"timestamp":"2025-07-18T12:34:28,344","container":"b4173de707db","level":"INFO","thread":"main","class":"ProtocolScheduleBuilder","message":"Protocol schedule created with milestones: [GrayGlacier: 0]","throwable":""}
{"timestamp":"2025-07-18T12:34:28,593","container":"b4173de707db","level":"INFO","thread":"main","class":"TransactionPoolFactory","message":"Enabling transaction pool","throwable":""}
{"timestamp":"2025-07-18T12:34:28,622","container":"b4173de707db","level":"INFO","thread":"main","class":"BesuControllerBuilder","message":"TTD difficulty is not present, creating initial sync phase for PoW","throwable":""}
{"timestamp":"2025-07-18T12:34:28,739","container":"b4173de707db","level":"INFO","thread":"main","class":"RunnerBuilder","message":"Detecting NAT service.","throwable":""}
{"timestamp":"2025-07-18T12:34:30,255","container":"b4173de707db","level":"INFO","thread":"main","class":"Runner","message":"Starting external services ... ","throwable":""}
{"timestamp":"2025-07-18T12:34:30,256","container":"b4173de707db","level":"INFO","thread":"main","class":"MetricsHttpService","message":"Starting metrics http service on 0.0.0.0:9545","throwable":""}
{"timestamp":"2025-07-18T12:34:30,493","container":"b4173de707db","level":"INFO","thread":"main","class":"JsonRpcHttpService","message":"Starting JSON-RPC service on 0.0.0.0:8545","throwable":""}
{"timestamp":"2025-07-18T12:34:30,493","container":"b4173de707db","level":"INFO","thread":"vert.x-eventloop-thread-1","class":"MetricsHttpService","message":"Metrics service started and listening on 0.0.0.0:9545","throwable":""}
{"timestamp":"2025-07-18T12:34:30,582","container":"b4173de707db","level":"INFO","thread":"vert.x-eventloop-thread-1","class":"JsonRpcHttpService","message":"JSON-RPC service started and listening on 0.0.0.0:8545","throwable":""}
{"timestamp":"2025-07-18T12:34:30,589","container":"b4173de707db","level":"INFO","thread":"main","class":"GraphQLHttpService","message":"Starting GraphQL HTTP service on 0.0.0.0:8547","throwable":""}
{"timestamp":"2025-07-18T12:34:30,601","container":"b4173de707db","level":"INFO","thread":"vert.x-eventloop-thread-1","class":"GraphQLHttpService","message":"GraphQL HTTP service started and listening on 0.0.0.0:8547","throwable":""}
{"timestamp":"2025-07-18T12:34:30,604","container":"b4173de707db","level":"INFO","thread":"main","class":"WebSocketService","message":"Starting Websocket service on 0.0.0.0:8546","throwable":""}
{"timestamp":"2025-07-18T12:34:30,618","container":"b4173de707db","level":"INFO","thread":"vert.x-eventloop-thread-1","class":"WebSocketService","message":"Websocket service started and listening on 0.0.0.0:8546","throwable":""}
{"timestamp":"2025-07-18T12:34:30,628","container":"b4173de707db","level":"INFO","thread":"main","class":"AutoTransactionLogBloomCachingService","message":"Starting auto transaction log bloom caching service.","throwable":""}
{"timestamp":"2025-07-18T12:34:30,629","container":"b4173de707db","level":"INFO","thread":"main","class":"LogBloomCacheMetadata","message":"Lookup cache metadata file in data directory: /opt/besu/data/caches","throwable":""}
{"timestamp":"2025-07-18T12:34:30,689","container":"b4173de707db","level":"INFO","thread":"main","class":"Runner","message":"Starting Ethereum main loop ... ","throwable":""}
{"timestamp":"2025-07-18T12:34:30,689","container":"b4173de707db","level":"INFO","thread":"main","class":"DockerNatManager","message":"Starting docker NAT manager.","throwable":""}
{"timestamp":"2025-07-18T12:34:30,853","container":"b4173de707db","level":"INFO","thread":"main","class":"NetworkRunner","message":"Starting Network.","throwable":""}
{"timestamp":"2025-07-18T12:34:30,879","container":"b4173de707db","level":"INFO","thread":"nioEventLoopGroup-2-1","class":"RlpxAgent","message":"P2P RLPx agent started and listening on /[0:0:0:0:0:0:0:0]:30303.","throwable":""}
{"timestamp":"2025-07-18T12:34:30,880","container":"b4173de707db","level":"INFO","thread":"main","class":"PeerDiscoveryAgent","message":"Starting peer discovery agent on host=0.0.0.0, port=30303","throwable":""}
{"timestamp":"2025-07-18T12:34:30,901","container":"b4173de707db","level":"INFO","thread":"vert.x-eventloop-thread-1","class":"VertxPeerDiscoveryAgent","message":"Started peer discovery agent successfully, on effective host=0:0:0:0:0:0:0:0%0 and port=30303","throwable":""}
{"timestamp":"2025-07-18T12:34:30,902","container":"b4173de707db","level":"INFO","thread":"vert.x-eventloop-thread-1","class":"PeerDiscoveryAgent","message":"P2P peer discovery agent started and listening on /[0:0:0:0:0:0:0:0%0]:30303","throwable":""}
{"timestamp":"2025-07-18T12:34:31,040","container":"b4173de707db","level":"INFO","thread":"vert.x-eventloop-thread-1","class":"PeerDiscoveryAgent","message":"Writing node record to disk. NodeRecord{seq=2, publicKey=0x0259cf0c623c582fa9b19bdf70fb6bade07f4ae32218dd4d1c7e2c7e65acf87da4, udpAddress=Optional[/10.26.106.46:30303], tcpAddress=Optional[/10.26.106.46:30303], asBase64=-Je4QPYDl0y-mwNZdVjF-60GPeqROXcGL1l1BBiVcSYSKfIRD4OizOc3C5kIjQ_h7N_mIcY4T8WRztVES3Ze4sgT2IwCg2V0aMfGhGpSrW2AgmlkgnY0gmlwhAoaai6Jc2VjcDI1NmsxoQJZzwxiPFgvqbGb33D7a63gf0rjIhjdTRx-LH5lrPh9pIN0Y3CCdl-DdWRwgnZf, nodeId=0x2a2fe7f9e880372cfd2bda0cce412f988377e31f4d0ff12d74df73b51c42d0ca, customFields={tcp=30303, udp=30303, ip=0x0a1a6a2e, eth=[[0x6a52ad6d, 0x]], id=V4, secp256k1=0x0259cf0c623c582fa9b19bdf70fb6bade07f4ae32218dd4d1c7e2c7e65acf87da4}}","throwable":""}
{"timestamp":"2025-07-18T12:34:31,110","container":"b4173de707db","level":"INFO","thread":"main","class":"DefaultP2PNetwork","message":"Enode URL enode://59cf0c623c582fa9b19bdf70fb6bade07f4ae32218dd4d1c7e2c7e65acf87da45cf2ab55d16d27360aafef17622c37c09db60d7680ebcc17b78867f4c05bcaa4@10.26.106.46:30303","throwable":""}
{"timestamp":"2025-07-18T12:34:31,110","container":"b4173de707db","level":"INFO","thread":"main","class":"DefaultP2PNetwork","message":"Node address 0xce412f988377e31f4d0ff12d74df73b51c42d0ca","throwable":""}
{"timestamp":"2025-07-18T12:34:31,220","container":"b4173de707db","level":"INFO","thread":"main","class":"NetworkRunner","message":"Supported capabilities: [eth/62, eth/63, eth/64, eth/65, eth/66, eth/67, eth/68], [istanbul/100], [snap/1]","throwable":""}
{"timestamp":"2025-07-18T12:34:31,221","container":"b4173de707db","level":"INFO","thread":"main","class":"DefaultSynchronizer","message":"Starting synchronizer.","throwable":""}
{"timestamp":"2025-07-18T12:34:31,222","container":"b4173de707db","level":"INFO","thread":"main","class":"TransactionPoolFactory","message":"Enabling transaction handling following initial sync","throwable":""}
{"timestamp":"2025-07-18T12:34:31,223","container":"b4173de707db","level":"INFO","thread":"main","class":"FullSyncDownloader","message":"Starting full sync.","throwable":""}
{"timestamp":"2025-07-18T12:34:31,235","container":"b4173de707db","level":"INFO","thread":"main","class":"FullSyncTargetManager","message":"Unable to find sync target. Currently checking 0 peers for usefulness","throwable":""}
{"timestamp":"2025-07-18T12:34:31,798","container":"b4173de707db","level":"INFO","thread":"main","class":"Runner","message":"Ethereum main loop is up.","throwable":""}
{"timestamp":"2025-07-18T12:34:36,313","container":"b4173de707db","level":"INFO","thread":"EthScheduler-Timer-0","class":"FullSyncTargetManager","message":"Unable to find sync target. Currently checking 0 peers for usefulness","throwable":""}
{"timestamp":"2025-07-18T12:34:41,315","container":"b4173de707db","level":"INFO","thread":"EthScheduler-Timer-0","class":"FullSyncTargetManager","message":"Unable to find sync target. Currently checking 0 peers for usefulness","throwable":""}
{"timestamp":"2025-07-18T12:34:46,315","container":"b4173de707db","level":"INFO","thread":"EthScheduler-Timer-0","class":"FullSyncTargetManager","message":"Unable to find sync target. Currently checking 0 peers for usefulness","throwable":""}
{"timestamp":"2025-07-18T12:34:51,316","container":"b4173de707db","level":"INFO","thread":"EthScheduler-Timer-0","class":"FullSyncTargetManager","message":"Unable to find sync target. Currently checking 0 peers for usefulness","throwable":""}
{"timestamp":"2025-07-18T12:34:56,317","container":"b4173de707db","level":"INFO","thread":"EthScheduler-Timer-0","class":"FullSyncTargetManager","message":"Unable to find sync target. Currently checking 0 peers for usefulness","throwable":""}
{"timestamp":"2025-07-18T12:35:01,318","container":"b4173de707db","level":"INFO","thread":"EthScheduler-Timer-0","class":"FullSyncTargetManager","message":"Unable to find sync target. Currently checking 0 peers for usefulness","throwable":""}
{"timestamp":"2025-07-18T12:35:06,318","container":"b4173de707db","level":"INFO","thread":"EthScheduler-Timer-0","class":"FullSyncTargetManager","message":"Unable to find sync target. Currently checking 0 peers for usefulness","throwable":""}
{"timestamp":"2025-07-18T12:35:11,319","container":"b4173de707db","level":"INFO","thread":"EthScheduler-Timer-0","class":"FullSyncTargetManager","message":"Unable to find sync target. Currently checking 0 peers for usefulness","throwable":""}
{"timestamp":"2025-07-18T12:35:16,320","container":"b4173de707db","level":"INFO","thread":"EthScheduler-Timer-0","class":"FullSyncTargetManager","message":"Unable to find sync target. Currently checking 0 peers for usefulness","throwable":""}
{"timestamp":"2025-07-18T12:35:21,321","container":"b4173de707db","level":"INFO","thread":"EthScheduler-Timer-0","class":"FullSyncTargetManager","message":"Unable to find sync target. Currently checking 0 peers for usefulness","throwable":""}
{"timestamp":"2025-07-18T12:35:26,322","container":"b4173de707db","level":"INFO","thread":"EthScheduler-Timer-0","class":"FullSyncTargetManager","message":"Unable to find sync target. Currently checking 0 peers for usefulness","throwable":""}
{"timestamp":"2025-07-18T12:35:31,322","container":"b4173de707db","level":"INFO","thread":"EthScheduler-Timer-0","class":"FullSyncTargetManager","message":"Unable to find sync target. Currently checking 0 peers for usefulness","throwable":""}
{"timestamp":"2025-07-18T12:35:36,323","container":"b4173de707db","level":"INFO","thread":"EthScheduler-Timer-0","class":"FullSyncTargetManager","message":"Unable to find sync target. Currently checking 0 peers for usefulness","throwable":""}
{"timestamp":"2025-07-18T12:35:41,324","container":"b4173de707db","level":"INFO","thread":"EthScheduler-Timer-0","class":"FullSyncTargetManager","message":"Unable to find sync target. Currently checking 0 peers for usefulness","throwable":""}
{"timestamp":"2025-07-18T12:35:46,324","container":"b4173de707db","level":"INFO","thread":"EthScheduler-Timer-0","class":"FullSyncTargetManager","message":"Unable to find sync target. Currently checking 0 peers for usefulness","throwable":""}
{"timestamp":"2025-07-18T12:35:51,325","container":"b4173de707db","level":"INFO","thread":"EthScheduler-Timer-0","class":"FullSyncTargetManager","message":"Unable to find sync target. Currently checking 0 peers for usefulness","throwable":""}
{"timestamp":"2025-07-18T12:35:56,326","container":"b4173de707db","level":"INFO","thread":"EthScheduler-Timer-0","class":"FullSyncTargetManager","message":"Unable to find sync target. Currently checking 0 peers for usefulness","throwable":""}
{"timestamp":"2025-07-18T12:36:01,327","container":"b4173de707db","level":"INFO","thread":"EthScheduler-Timer-0","class":"FullSyncTargetManager","message":"Unable to find sync target. Currently checking 0 peers for usefulness","throwable":""}
{"timestamp":"2025-07-18T12:36:06,327","container":"b4173de707db","level":"INFO","thread":"EthScheduler-Timer-0","class":"FullSyncTargetManager","message":"Unable to find sync target. Currently checking 0 peers for usefulness","throwable":""}
{"timestamp":"2025-07-18T12:36:11,328","container":"b4173de707db","level":"INFO","thread":"EthScheduler-Timer-0","class":"FullSyncTargetManager","message":"Unable to find sync target. Currently checking 0 peers for usefulness","throwable":""}
{"timestamp":"2025-07-18T12:36:16,329","container":"b4173de707db","level":"INFO","thread":"EthScheduler-Timer-0","class":"FullSyncTargetManager","message":"Unable to find sync target. Currently checking 0 peers for usefulness","throwable":""}
{"timestamp":"2025-07-18T12:36:21,329","container":"b4173de707db","level":"INFO","thread":"EthScheduler-Timer-0","class":"FullSyncTargetManager","message":"Unable to find sync target. Currently checking 0 peers for usefulness","throwable":""}
{"timestamp":"2025-07-18T12:36:26,330","container":"b4173de707db","level":"INFO","thread":"EthScheduler-Timer-0","class":"FullSyncTargetManager","message":"Unable to find sync target. Currently checking 0 peers for usefulness","throwable":""}
{"timestamp":"2025-07-18T12:36:31,331","container":"b4173de707db","level":"INFO","thread":"EthScheduler-Timer-0","class":"FullSyncTargetManager","message":"Unable to find sync target. Currently checking 0 peers for usefulness","throwable":""}
{"timestamp":"2025-07-18T12:36:36,332","container":"b4173de707db","level":"INFO","thread":"EthScheduler-Timer-0","class":"FullSyncTargetManager","message":"Unable to find sync target. Currently checking 0 peers for usefulness","throwable":""}
{"timestamp":"2025-07-18T12:36:41,332","container":"b4173de707db","level":"INFO","thread":"EthScheduler-Timer-0","class":"FullSyncTargetManager","message":"Unable to find sync target. Currently checking 0 peers for usefulness","throwable":""}
{"timestamp":"2025-07-18T12:36:46,333","container":"b4173de707db","level":"INFO","thread":"EthScheduler-Timer-0","class":"FullSyncTargetManager","message":"Unable to find sync target. Currently checking 0 peers for usefulness","throwable":""}
{"timestamp":"2025-07-18T12:36:51,334","container":"b4173de707db","level":"INFO","thread":"EthScheduler-Timer-0","class":"FullSyncTargetManager","message":"Unable to find sync target. Currently checking 0 peers for usefulness","throwable":""}
{"timestamp":"2025-07-18T12:36:56,335","container":"b4173de707db","level":"INFO","thread":"EthScheduler-Timer-0","class":"FullSyncTargetManager","message":"Unable to find sync target. Currently checking 0 peers for usefulness","throwable":""}
{"timestamp":"2025-07-18T12:37:01,336","container":"b4173de707db","level":"INFO","thread":"EthScheduler-Timer-0","class":"FullSyncTargetManager","message":"Unable to find sync target. Currently checking 0 peers for usefulness","throwable":""}
{"timestamp":"2025-07-18T12:37:06,336","container":"b4173de707db","level":"INFO","thread":"EthScheduler-Timer-0","class":"FullSyncTargetManager","message":"Unable to find sync target. Currently checking 0 peers for usefulness","throwable":""}
{"timestamp":"2025-07-18T12:37:11,337","container":"b4173de707db","level":"INFO","thread":"EthScheduler-Timer-0","class":"FullSyncTargetManager","message":"Unable to find sync target. Currently checking 0 peers for usefulness","throwable":""}
{"timestamp":"2025-07-18T12:37:16,338","container":"b4173de707db","level":"INFO","thread":"EthScheduler-Timer-0","class":"FullSyncTargetManager","message":"Unable to find sync target. Currently checking 0 peers for usefulness","throwable":""}
{"timestamp":"2025-07-18T12:37:21,339","container":"b4173de707db","level":"INFO","thread":"EthScheduler-Timer-0","class":"FullSyncTargetManager","message":"Unable to find sync target. Currently checking 0 peers for usefulness","throwable":""}
{"timestamp":"2025-07-18T12:37:26,339","container":"b4173de707db","level":"INFO","thread":"EthScheduler-Timer-0","class":"FullSyncTargetManager","message":"Unable to find sync target. Currently checking 0 peers for usefulness","throwable":""}
{"timestamp":"2025-07-18T12:37:31,340","container":"b4173de707db","level":"INFO","thread":"EthScheduler-Timer-0","class":"FullSyncTargetManager","message":"Unable to find sync target. Currently checking 0 peers for usefulness","throwable":""}
{"timestamp":"2025-07-18T12:37:36,341","container":"b4173de707db","level":"INFO","thread":"EthScheduler-Timer-0","class":"FullSyncTargetManager","message":"Unable to find sync target. Currently checking 0 peers for usefulness","throwable":""}
{"timestamp":"2025-07-18T12:37:41,342","container":"b4173de707db","level":"INFO","thread":"EthScheduler-Timer-0","class":"FullSyncTargetManager","message":"Unable to find sync target. Currently checking 0 peers for usefulness","throwable":""}
{"timestamp":"2025-07-18T12:37:46,342","container":"b4173de707db","level":"INFO","thread":"EthScheduler-Timer-0","class":"FullSyncTargetManager","message":"Unable to find sync target. Currently checking 0 peers for usefulness","throwable":""}
{"timestamp":"2025-07-18T12:37:51,343","container":"b4173de707db","level":"INFO","thread":"EthScheduler-Timer-0","class":"FullSyncTargetManager","message":"Unable to find sync target. Currently checking 0 peers for usefulness","throwable":""}
{"timestamp":"2025-07-18T12:37:56,344","container":"b4173de707db","level":"INFO","thread":"EthScheduler-Timer-0","class":"FullSyncTargetManager","message":"Unable to find sync target. Currently checking 0 peers for usefulness","throwable":""}
{"timestamp":"2025-07-18T12:38:01,345","container":"b4173de707db","level":"INFO","thread":"EthScheduler-Timer-0","class":"FullSyncTargetManager","message":"Unable to find sync target. Currently checking 0 peers for usefulness","throwable":""}
{"timestamp":"2025-07-18T12:38:06,346","container":"b4173de707db","level":"INFO","thread":"EthScheduler-Timer-0","class":"FullSyncTargetManager","message":"Unable to find sync target. Currently checking 0 peers for usefulness","throwable":""}
{"timestamp":"2025-07-18T12:38:11,346","container":"b4173de707db","level":"INFO","thread":"EthScheduler-Timer-0","class":"FullSyncTargetManager","message":"Unable to find sync target. Currently checking 0 peers for usefulness","throwable":""}
{"timestamp":"2025-07-18T12:38:16,347","container":"b4173de707db","level":"INFO","thread":"EthScheduler-Timer-0","class":"FullSyncTargetManager","message":"Unable to find sync target. Currently checking 0 peers for usefulness","throwable":""}
{"timestamp":"2025-07-18T12:38:21,348","container":"b4173de707db","level":"INFO","thread":"EthScheduler-Timer-0","class":"FullSyncTargetManager","message":"Unable to find sync target. Currently checking 0 peers for usefulness","throwable":""}
{"timestamp":"2025-07-18T12:38:26,348","container":"b4173de707db","level":"INFO","thread":"EthScheduler-Timer-0","class":"FullSyncTargetManager","message":"Unable to find sync target. Currently checking 0 peers for usefulness","throwable":""}
{"timestamp":"2025-07-18T12:38:31,349","container":"b4173de707db","level":"INFO","thread":"EthScheduler-Timer-0","class":"FullSyncTargetManager","message":"Unable to find sync target. Currently checking 0 peers for usefulness","throwable":""}
{"timestamp":"2025-07-18T12:38:36,350","container":"b4173de707db","level":"INFO","thread":"EthScheduler-Timer-0","class":"FullSyncTargetManager","message":"Unable to find sync target. Currently checking 0 peers for usefulness","throwable":""}
{"timestamp":"2025-07-18T12:38:41,350","container":"b4173de707db","level":"INFO","thread":"EthScheduler-Timer-0","class":"FullSyncTargetManager","message":"Unable to find sync target. Currently checking 0 peers for usefulness","throwable":""}
{"timestamp":"2025-07-18T12:38:46,351","container":"b4173de707db","level":"INFO","thread":"EthScheduler-Timer-0","class":"FullSyncTargetManager","message":"Unable to find sync target. Currently checking 0 peers for usefulness","throwable":""}
{"timestamp":"2025-07-18T12:38:51,352","container":"b4173de707db","level":"INFO","thread":"EthScheduler-Timer-0","class":"FullSyncTargetManager","message":"Unable to find sync target. Currently checking 0 peers for usefulness","throwable":""}
{"timestamp":"2025-07-18T12:38:56,352","container":"b4173de707db","level":"INFO","thread":"EthScheduler-Timer-0","class":"FullSyncTargetManager","message":"Unable to find sync target. Currently checking 0 peers for usefulness","throwable":""}
{"timestamp":"2025-07-18T12:39:01,353","container":"b4173de707db","level":"INFO","thread":"EthScheduler-Timer-0","class":"FullSyncTargetManager","message":"Unable to find sync target. Currently checking 0 peers for usefulness","throwable":""}
{"timestamp":"2025-07-18T12:39:06,354","container":"b4173de707db","level":"INFO","thread":"EthScheduler-Timer-0","class":"FullSyncTargetManager","message":"Unable to find sync target. Currently checking 0 peers for usefulness","throwable":""}
{"timestamp":"2025-07-18T12:39:11,354","container":"b4173de707db","level":"INFO","thread":"EthScheduler-Timer-0","class":"FullSyncTargetManager","message":"Unable to find sync target. Currently checking 0 peers for usefulness","throwable":""}
{"timestamp":"2025-07-18T12:39:16,355","container":"b4173de707db","level":"INFO","thread":"EthScheduler-Timer-0","class":"FullSyncTargetManager","message":"Unable to find sync target. Currently checking 0 peers for usefulness","throwable":""}
{"timestamp":"2025-07-18T12:39:21,356","container":"b4173de707db","level":"INFO","thread":"EthScheduler-Timer-0","class":"FullSyncTargetManager","message":"Unable to find sync target. Currently checking 0 peers for usefulness","throwable":""}
{"timestamp":"2025-07-18T12:39:26,356","container":"b4173de707db","level":"INFO","thread":"EthScheduler-Timer-0","class":"FullSyncTargetManager","message":"Unable to find sync target. Currently checking 0 peers for usefulness","throwable":""}
{"timestamp":"2025-07-18T12:39:31,357","container":"b4173de707db","level":"INFO","thread":"EthScheduler-Timer-0","class":"FullSyncTargetManager","message":"Unable to find sync target. Currently checking 0 peers for usefulness","throwable":""}
{"timestamp":"2025-07-18T12:39:36,357","container":"b4173de707db","level":"INFO","thread":"EthScheduler-Timer-0","class":"FullSyncTargetManager","message":"Unable to find sync target. Currently checking 0 peers for usefulness","throwable":""}
{"timestamp":"2025-07-18T12:39:41,358","container":"b4173de707db","level":"INFO","thread":"EthScheduler-Timer-0","class":"FullSyncTargetManager","message":"Unable to find sync target. Currently checking 0 peers for usefulness","throwable":""}
{"timestamp":"2025-07-18T12:39:46,358","container":"b4173de707db","level":"INFO","thread":"EthScheduler-Timer-0","class":"FullSyncTargetManager","message":"Unable to find sync target. Currently checking 0 peers for usefulness","throwable":""}
{"timestamp":"2025-07-18T12:39:51,359","container":"b4173de707db","level":"INFO","thread":"EthScheduler-Timer-0","class":"FullSyncTargetManager","message":"Unable to find sync target. Currently checking 0 peers for usefulness","throwable":""}
{"timestamp":"2025-07-18T12:39:56,360","container":"b4173de707db","level":"INFO","thread":"EthScheduler-Timer-0","class":"FullSyncTargetManager","message":"Unable to find sync target. Currently checking 0 peers for usefulness","throwable":""}
{"timestamp":"2025-07-18T12:40:01,361","container":"b4173de707db","level":"INFO","thread":"EthScheduler-Timer-0","class":"FullSyncTargetManager","message":"Unable to find sync target. Currently checking 0 peers for usefulness","throwable":""}
{"timestamp":"2025-07-18T12:40:06,361","container":"b4173de707db","level":"INFO","thread":"EthScheduler-Timer-0","class":"FullSyncTargetManager","message":"Unable to find sync target. Currently checking 0 peers for usefulness","throwable":""}
{"timestamp":"2025-07-18T12:40:11,362","container":"b4173de707db","level":"INFO","thread":"EthScheduler-Timer-0","class":"FullSyncTargetManager","message":"Unable to find sync target. Currently checking 0 peers for usefulness","throwable":""}
{"timestamp":"2025-07-18T12:40:16,363","container":"b4173de707db","level":"INFO","thread":"EthScheduler-Timer-0","class":"FullSyncTargetManager","message":"Unable to find sync target. Currently checking 0 peers for usefulness","throwable":""}
{"timestamp":"2025-07-18T12:40:21,363","container":"b4173de707db","level":"INFO","thread":"EthScheduler-Timer-0","class":"FullSyncTargetManager","message":"Unable to find sync target. Currently checking 0 peers for usefulness","throwable":""}
{"timestamp":"2025-07-18T12:40:26,364","container":"b4173de707db","level":"INFO","thread":"EthScheduler-Timer-0","class":"FullSyncTargetManager","message":"Unable to find sync target. Currently checking 0 peers for usefulness","throwable":""}
{"timestamp":"2025-07-18T12:40:31,365","container":"b4173de707db","level":"INFO","thread":"EthScheduler-Timer-0","class":"FullSyncTargetManager","message":"Unable to find sync target. Currently checking 0 peers for usefulness","throwable":""}
{"timestamp":"2025-07-18T12:40:36,366","container":"b4173de707db","level":"INFO","thread":"EthScheduler-Timer-0","class":"FullSyncTargetManager","message":"Unable to find sync target. Currently checking 0 peers for usefulness","throwable":""}
{"timestamp":"2025-07-18T12:40:41,367","container":"b4173de707db","level":"INFO","thread":"EthScheduler-Timer-0","class":"FullSyncTargetManager","message":"Unable to find sync target. Currently checking 0 peers for usefulness","throwable":""}
{"timestamp":"2025-07-18T12:40:46,367","container":"b4173de707db","level":"INFO","thread":"EthScheduler-Timer-0","class":"FullSyncTargetManager","message":"Unable to find sync target. Currently checking 0 peers for usefulness","throwable":""}
{"timestamp":"2025-07-18T12:40:51,368","container":"b4173de707db","level":"INFO","thread":"EthScheduler-Timer-0","class":"FullSyncTargetManager","message":"Unable to find sync target. Currently checking 0 peers for usefulness","throwable":""}
{"timestamp":"2025-07-18T12:40:56,369","container":"b4173de707db","level":"INFO","thread":"EthScheduler-Timer-0","class":"FullSyncTargetManager","message":"Unable to find sync target. Currently checking 0 peers for usefulness","throwable":""}
{"timestamp":"2025-07-18T12:41:01,370","container":"b4173de707db","level":"INFO","thread":"EthScheduler-Timer-0","class":"FullSyncTargetManager","message":"Unable to find sync target. Currently checking 0 peers for usefulness","throwable":""}
{"timestamp":"2025-07-18T12:41:06,370","container":"b4173de707db","level":"INFO","thread":"EthScheduler-Timer-0","class":"FullSyncTargetManager","message":"Unable to find sync target. Currently checking 0 peers for usefulness","throwable":""}
{"timestamp":"2025-07-18T12:41:11,371","container":"b4173de707db","level":"INFO","thread":"EthScheduler-Timer-0","class":"FullSyncTargetManager","message":"Unable to find sync target. Currently checking 0 peers for usefulness","throwable":""}
{"timestamp":"2025-07-18T12:41:16,372","container":"b4173de707db","level":"INFO","thread":"EthScheduler-Timer-0","class":"FullSyncTargetManager","message":"Unable to find sync target. Currently checking 0 peers for usefulness","throwable":""}
{"timestamp":"2025-07-18T12:41:21,373","container":"b4173de707db","level":"INFO","thread":"EthScheduler-Timer-0","class":"FullSyncTargetManager","message":"Unable to find sync target. Currently checking 0 peers for usefulness","throwable":""}
{"timestamp":"2025-07-18T12:41:26,373","container":"b4173de707db","level":"INFO","thread":"EthScheduler-Timer-0","class":"FullSyncTargetManager","message":"Unable to find sync target. Currently checking 0 peers for usefulness","throwable":""}
{"timestamp":"2025-07-18T12:41:31,374","container":"b4173de707db","level":"INFO","thread":"EthScheduler-Timer-0","class":"FullSyncTargetManager","message":"Unable to find sync target. Currently checking 0 peers for usefulness","throwable":""}
{"timestamp":"2025-07-18T12:41:36,375","container":"b4173de707db","level":"INFO","thread":"EthScheduler-Timer-0","class":"FullSyncTargetManager","message":"Unable to find sync target. Currently checking 0 peers for usefulness","throwable":""}
{"timestamp":"2025-07-18T12:41:41,376","container":"b4173de707db","level":"INFO","thread":"EthScheduler-Timer-0","class":"FullSyncTargetManager","message":"Unable to find sync target. Currently checking 0 peers for usefulness","throwable":""}
{"timestamp":"2025-07-18T12:41:46,377","container":"b4173de707db","level":"INFO","thread":"EthScheduler-Timer-0","class":"FullSyncTargetManager","message":"Unable to find sync target. Currently checking 0 peers for usefulness","throwable":""}
{"timestamp":"2025-07-18T12:41:51,377","container":"b4173de707db","level":"INFO","thread":"EthScheduler-Timer-0","class":"FullSyncTargetManager","message":"Unable to find sync target. Currently checking 0 peers for usefulness","throwable":""}
{"timestamp":"2025-07-18T12:41:56,378","container":"b4173de707db","level":"INFO","thread":"EthScheduler-Timer-0","class":"FullSyncTargetManager","message":"Unable to find sync target. Currently checking 0 peers for usefulness","throwable":""}
{"timestamp":"2025-07-18T12:42:01,379","container":"b4173de707db","level":"INFO","thread":"EthScheduler-Timer-0","class":"FullSyncTargetManager","message":"Unable to find sync target. Currently checking 0 peers for usefulness","throwable":""}
{"timestamp":"2025-07-18T12:42:06,380","container":"b4173de707db","level":"INFO","thread":"EthScheduler-Timer-0","class":"FullSyncTargetManager","message":"Unable to find sync target. Currently checking 0 peers for usefulness","throwable":""}
{"timestamp":"2025-07-18T12:42:11,380","container":"b4173de707db","level":"INFO","thread":"EthScheduler-Timer-0","class":"FullSyncTargetManager","message":"Unable to find sync target. Currently checking 0 peers for usefulness","throwable":""}
{"timestamp":"2025-07-18T12:42:16,381","container":"b4173de707db","level":"INFO","thread":"EthScheduler-Timer-0","class":"FullSyncTargetManager","message":"Unable to find sync target. Currently checking 0 peers for usefulness","throwable":""}
{"timestamp":"2025-07-18T12:42:21,382","container":"b4173de707db","level":"INFO","thread":"EthScheduler-Timer-0","class":"FullSyncTargetManager","message":"Unable to find sync target. Currently checking 0 peers for usefulness","throwable":""}
{"timestamp":"2025-07-18T12:42:26,382","container":"b4173de707db","level":"INFO","thread":"EthScheduler-Timer-0","class":"FullSyncTargetManager","message":"Unable to find sync target. Currently checking 0 peers for usefulness","throwable":""}
{"timestamp":"2025-07-18T12:42:31,383","container":"b4173de707db","level":"INFO","thread":"EthScheduler-Timer-0","class":"FullSyncTargetManager","message":"Unable to find sync target. Currently checking 0 peers for usefulness","throwable":""}
{"timestamp":"2025-07-18T12:42:36,384","container":"b4173de707db","level":"INFO","thread":"EthScheduler-Timer-0","class":"FullSyncTargetManager","message":"Unable to find sync target. Currently checking 0 peers for usefulness","throwable":""}
{"timestamp":"2025-07-18T12:42:41,385","container":"b4173de707db","level":"INFO","thread":"EthScheduler-Timer-0","class":"FullSyncTargetManager","message":"Unable to find sync target. Currently checking 0 peers for usefulness","throwable":""}
{"timestamp":"2025-07-18T12:42:46,385","container":"b4173de707db","level":"INFO","thread":"EthScheduler-Timer-0","class":"FullSyncTargetManager","message":"Unable to find sync target. Currently checking 0 peers for usefulness","throwable":""}
{"timestamp":"2025-07-18T12:42:51,386","container":"b4173de707db","level":"INFO","thread":"EthScheduler-Timer-0","class":"FullSyncTargetManager","message":"Unable to find sync target. Currently checking 0 peers for usefulness","throwable":""}
{"timestamp":"2025-07-18T12:42:56,387","container":"b4173de707db","level":"INFO","thread":"EthScheduler-Timer-0","class":"FullSyncTargetManager","message":"Unable to find sync target. Currently checking 0 peers for usefulness","throwable":""}
{"timestamp":"2025-07-18T12:43:01,388","container":"b4173de707db","level":"INFO","thread":"EthScheduler-Timer-0","class":"FullSyncTargetManager","message":"Unable to find sync target. Currently checking 0 peers for usefulness","throwable":""}
{"timestamp":"2025-07-18T12:43:06,388","container":"b4173de707db","level":"INFO","thread":"EthScheduler-Timer-0","class":"FullSyncTargetManager","message":"Unable to find sync target. Currently checking 0 peers for usefulness","throwable":""}
{"timestamp":"2025-07-18T12:43:11,389","container":"b4173de707db","level":"INFO","thread":"EthScheduler-Timer-0","class":"FullSyncTargetManager","message":"Unable to find sync target. Currently checking 0 peers for usefulness","throwable":""}
{"timestamp":"2025-07-18T12:43:16,390","container":"b4173de707db","level":"INFO","thread":"EthScheduler-Timer-0","class":"FullSyncTargetManager","message":"Unable to find sync target. Currently checking 0 peers for usefulness","throwable":""}
{"timestamp":"2025-07-18T12:43:21,391","container":"b4173de707db","level":"INFO","thread":"EthScheduler-Timer-0","class":"FullSyncTargetManager","message":"Unable to find sync target. Currently checking 0 peers for usefulness","throwable":""}
{"timestamp":"2025-07-18T12:43:26,391","container":"b4173de707db","level":"INFO","thread":"EthScheduler-Timer-0","class":"FullSyncTargetManager","message":"Unable to find sync target. Currently checking 0 peers for usefulness","throwable":""}
{"timestamp":"2025-07-18T12:43:31,392","container":"b4173de707db","level":"INFO","thread":"EthScheduler-Timer-0","class":"FullSyncTargetManager","message":"Unable to find sync target. Currently checking 0 peers for usefulness","throwable":""}
{"timestamp":"2025-07-18T12:43:36,393","container":"b4173de707db","level":"INFO","thread":"EthScheduler-Timer-0","class":"FullSyncTargetManager","message":"Unable to find sync target. Currently checking 0 peers for usefulness","throwable":""}
{"timestamp":"2025-07-18T12:43:41,394","container":"b4173de707db","level":"INFO","thread":"EthScheduler-Timer-0","class":"FullSyncTargetManager","message":"Unable to find sync target. Currently checking 0 peers for usefulness","throwable":""}
{"timestamp":"2025-07-18T12:43:46,399","container":"b4173de707db","level":"INFO","thread":"EthScheduler-Timer-0","class":"FullSyncTargetManager","message":"Unable to find sync target. Currently checking 0 peers for usefulness","throwable":""}
{"timestamp":"2025-07-18T12:43:51,400","container":"b4173de707db","level":"INFO","thread":"EthScheduler-Timer-0","class":"FullSyncTargetManager","message":"Unable to find sync target. Currently checking 0 peers for usefulness","throwable":""}
{"timestamp":"2025-07-18T12:43:56,401","container":"b4173de707db","level":"INFO","thread":"EthScheduler-Timer-0","class":"FullSyncTargetManager","message":"Unable to find sync target. Currently checking 0 peers for usefulness","throwable":""}
{"timestamp":"2025-07-18T12:44:01,401","container":"b4173de707db","level":"INFO","thread":"EthScheduler-Timer-0","class":"FullSyncTargetManager","message":"Unable to find sync target. Currently checking 0 peers for usefulness","throwable":""}
{"timestamp":"2025-07-18T12:44:06,402","container":"b4173de707db","level":"INFO","thread":"EthScheduler-Timer-0","class":"FullSyncTargetManager","message":"Unable to find sync target. Currently checking 0 peers for usefulness","throwable":""}
{"timestamp":"2025-07-18T12:44:11,403","container":"b4173de707db","level":"INFO","thread":"EthScheduler-Timer-0","class":"FullSyncTargetManager","message":"Unable to find sync target. Currently checking 0 peers for usefulness","throwable":""}
{"timestamp":"2025-07-18T12:44:16,403","container":"b4173de707db","level":"INFO","thread":"EthScheduler-Timer-0","class":"FullSyncTargetManager","message":"Unable to find sync target. Currently checking 0 peers for usefulness","throwable":""}
{"timestamp":"2025-07-18T12:44:21,404","container":"b4173de707db","level":"INFO","thread":"EthScheduler-Timer-0","class":"FullSyncTargetManager","message":"Unable to find sync target. Currently checking 0 peers for usefulness","throwable":""}
{"timestamp":"2025-07-18T12:44:26,405","container":"b4173de707db","level":"INFO","thread":"EthScheduler-Timer-0","class":"FullSyncTargetManager","message":"Unable to find sync target. Currently checking 0 peers for usefulness","throwable":""}
{"timestamp":"2025-07-18T12:44:31,405","container":"b4173de707db","level":"INFO","thread":"EthScheduler-Timer-0","class":"FullSyncTargetManager","message":"Unable to find sync target. Currently checking 0 peers for usefulness","throwable":""}
{"timestamp":"2025-07-18T12:44:36,406","container":"b4173de707db","level":"INFO","thread":"EthScheduler-Timer-0","class":"FullSyncTargetManager","message":"Unable to find sync target. Currently checking 0 peers for usefulness","throwable":""}
{"timestamp":"2025-07-18T12:44:41,407","container":"b4173de707db","level":"INFO","thread":"EthScheduler-Timer-0","class":"FullSyncTargetManager","message":"Unable to find sync target. Currently checking 0 peers for usefulness","throwable":""}
{"timestamp":"2025-07-18T12:44:46,408","container":"b4173de707db","level":"INFO","thread":"EthScheduler-Timer-0","class":"FullSyncTargetManager","message":"Unable to find sync target. Currently checking 0 peers for usefulness","throwable":""}
{"timestamp":"2025-07-18T12:44:51,408","container":"b4173de707db","level":"INFO","thread":"EthScheduler-Timer-0","class":"FullSyncTargetManager","message":"Unable to find sync target. Currently checking 0 peers for usefulness","throwable":""}
{"timestamp":"2025-07-18T12:44:56,409","container":"b4173de707db","level":"INFO","thread":"EthScheduler-Timer-0","class":"FullSyncTargetManager","message":"Unable to find sync target. Currently checking 0 peers for usefulness","throwable":""}
{"timestamp":"2025-07-18T12:45:01,410","container":"b4173de707db","level":"INFO","thread":"EthScheduler-Timer-0","class":"FullSyncTargetManager","message":"Unable to find sync target. Currently checking 0 peers for usefulness","throwable":""}
{"timestamp":"2025-07-18T12:45:06,410","container":"b4173de707db","level":"INFO","thread":"EthScheduler-Timer-0","class":"FullSyncTargetManager","message":"Unable to find sync target. Currently checking 0 peers for usefulness","throwable":""}
{"timestamp":"2025-07-18T12:45:11,411","container":"b4173de707db","level":"INFO","thread":"EthScheduler-Timer-0","class":"FullSyncTargetManager","message":"Unable to find sync target. Currently checking 0 peers for usefulness","throwable":""}
{"timestamp":"2025-07-18T12:45:16,412","container":"b4173de707db","level":"INFO","thread":"EthScheduler-Timer-0","class":"FullSyncTargetManager","message":"Unable to find sync target. Currently checking 0 peers for usefulness","throwable":""}
{"timestamp":"2025-07-18T12:45:21,412","container":"b4173de707db","level":"INFO","thread":"EthScheduler-Timer-0","class":"FullSyncTargetManager","message":"Unable to find sync target. Currently checking 0 peers for usefulness","throwable":""}
{"timestamp":"2025-07-18T12:45:26,413","container":"b4173de707db","level":"INFO","thread":"EthScheduler-Timer-0","class":"FullSyncTargetManager","message":"Unable to find sync target. Currently checking 0 peers for usefulness","throwable":""}
{"timestamp":"2025-07-18T12:45:31,414","container":"b4173de707db","level":"INFO","thread":"EthScheduler-Timer-0","class":"FullSyncTargetManager","message":"Unable to find sync target. Currently checking 0 peers for usefulness","throwable":""}
{"timestamp":"2025-07-18T12:45:36,415","container":"b4173de707db","level":"INFO","thread":"EthScheduler-Timer-0","class":"FullSyncTargetManager","message":"Unable to find sync target. Currently checking 0 peers for usefulness","throwable":""}
{"timestamp":"2025-07-18T12:45:41,415","container":"b4173de707db","level":"INFO","thread":"EthScheduler-Timer-0","class":"FullSyncTargetManager","message":"Unable to find sync target. Currently checking 0 peers for usefulness","throwable":""}
{"timestamp":"2025-07-18T12:45:46,416","container":"b4173de707db","level":"INFO","thread":"EthScheduler-Timer-0","class":"FullSyncTargetManager","message":"Unable to find sync target. Currently checking 0 peers for usefulness","throwable":""}
{"timestamp":"2025-07-18T12:45:51,417","container":"b4173de707db","level":"INFO","thread":"EthScheduler-Timer-0","class":"FullSyncTargetManager","message":"Unable to find sync target. Currently checking 0 peers for usefulness","throwable":""}
{"timestamp":"2025-07-18T12:45:56,417","container":"b4173de707db","level":"INFO","thread":"EthScheduler-Timer-0","class":"FullSyncTargetManager","message":"Unable to find sync target. Currently checking 0 peers for usefulness","throwable":""}
{"timestamp":"2025-07-18T12:46:01,418","container":"b4173de707db","level":"INFO","thread":"EthScheduler-Timer-0","class":"FullSyncTargetManager","message":"Unable to find sync target. Currently checking 0 peers for usefulness","throwable":""}
{"timestamp":"2025-07-18T12:46:06,418","container":"b4173de707db","level":"INFO","thread":"EthScheduler-Timer-0","class":"FullSyncTargetManager","message":"Unable to find sync target. Currently checking 0 peers for usefulness","throwable":""}
{"timestamp":"2025-07-18T12:46:11,419","container":"b4173de707db","level":"INFO","thread":"EthScheduler-Timer-0","class":"FullSyncTargetManager","message":"Unable to find sync target. Currently checking 0 peers for usefulness","throwable":""}
{"timestamp":"2025-07-18T12:46:16,420","container":"b4173de707db","level":"INFO","thread":"EthScheduler-Timer-0","class":"FullSyncTargetManager","message":"Unable to find sync target. Currently checking 0 peers for usefulness","throwable":""}
{"timestamp":"2025-07-18T12:46:21,420","container":"b4173de707db","level":"INFO","thread":"EthScheduler-Timer-0","class":"FullSyncTargetManager","message":"Unable to find sync target. Currently checking 0 peers for usefulness","throwable":""}
{"timestamp":"2025-07-18T12:46:26,421","container":"b4173de707db","level":"INFO","thread":"EthScheduler-Timer-0","class":"FullSyncTargetManager","message":"Unable to find sync target. Currently checking 0 peers for usefulness","throwable":""}
{"timestamp":"2025-07-18T12:46:31,422","container":"b4173de707db","level":"INFO","thread":"EthScheduler-Timer-0","class":"FullSyncTargetManager","message":"Unable to find sync target. Currently checking 0 peers for usefulness","throwable":""}
{"timestamp":"2025-07-18T12:46:36,422","container":"b4173de707db","level":"INFO","thread":"EthScheduler-Timer-0","class":"FullSyncTargetManager","message":"Unable to find sync target. Currently checking 0 peers for usefulness","throwable":""}
{"timestamp":"2025-07-18T12:46:41,423","container":"b4173de707db","level":"INFO","thread":"EthScheduler-Timer-0","class":"FullSyncTargetManager","message":"Unable to find sync target. Currently checking 0 peers for usefulness","throwable":""}
{"timestamp":"2025-07-18T12:46:46,423","container":"b4173de707db","level":"INFO","thread":"EthScheduler-Timer-0","class":"FullSyncTargetManager","message":"Unable to find sync target. Currently checking 0 peers for usefulness","throwable":""}
{"timestamp":"2025-07-18T12:46:51,424","container":"b4173de707db","level":"INFO","thread":"EthScheduler-Timer-0","class":"FullSyncTargetManager","message":"Unable to find sync target. Currently checking 0 peers for usefulness","throwable":""}
{"timestamp":"2025-07-18T12:46:56,425","container":"b4173de707db","level":"INFO","thread":"EthScheduler-Timer-0","class":"FullSyncTargetManager","message":"Unable to find sync target. Currently checking 0 peers for usefulness","throwable":""}
{"timestamp":"2025-07-18T12:47:01,426","container":"b4173de707db","level":"INFO","thread":"EthScheduler-Timer-0","class":"FullSyncTargetManager","message":"Unable to find sync target. Currently checking 0 peers for usefulness","throwable":""}
{"timestamp":"2025-07-18T12:47:06,426","container":"b4173de707db","level":"INFO","thread":"EthScheduler-Timer-0","class":"FullSyncTargetManager","message":"Unable to find sync target. Currently checking 0 peers for usefulness","throwable":""}
{"timestamp":"2025-07-18T12:47:11,427","container":"b4173de707db","level":"INFO","thread":"EthScheduler-Timer-0","class":"FullSyncTargetManager","message":"Unable to find sync target. Currently checking 0 peers for usefulness","throwable":""}
{"timestamp":"2025-07-18T12:47:16,428","container":"b4173de707db","level":"INFO","thread":"EthScheduler-Timer-0","class":"FullSyncTargetManager","message":"Unable to find sync target. Currently checking 0 peers for usefulness","throwable":""}
{"timestamp":"2025-07-18T12:47:21,428","container":"b4173de707db","level":"INFO","thread":"EthScheduler-Timer-0","class":"FullSyncTargetManager","message":"Unable to find sync target. Currently checking 0 peers for usefulness","throwable":""}
{"timestamp":"2025-07-18T12:47:26,429","container":"b4173de707db","level":"INFO","thread":"EthScheduler-Timer-0","class":"FullSyncTargetManager","message":"Unable to find sync target. Currently checking 0 peers for usefulness","throwable":""}
{"timestamp":"2025-07-18T12:47:31,430","container":"b4173de707db","level":"INFO","thread":"EthScheduler-Timer-0","class":"FullSyncTargetManager","message":"Unable to find sync target. Currently checking 0 peers for usefulness","throwable":""}
{"timestamp":"2025-07-18T12:47:36,430","container":"b4173de707db","level":"INFO","thread":"EthScheduler-Timer-0","class":"FullSyncTargetManager","message":"Unable to find sync target. Currently checking 0 peers for usefulness","throwable":""}
{"timestamp":"2025-07-18T12:47:41,431","container":"b4173de707db","level":"INFO","thread":"EthScheduler-Timer-0","class":"FullSyncTargetManager","message":"Unable to find sync target. Currently checking 0 peers for usefulness","throwable":""}
{"timestamp":"2025-07-18T12:47:46,431","container":"b4173de707db","level":"INFO","thread":"EthScheduler-Timer-0","class":"FullSyncTargetManager","message":"Unable to find sync target. Currently checking 0 peers for usefulness","throwable":""}
{"timestamp":"2025-07-18T12:47:51,432","container":"b4173de707db","level":"INFO","thread":"EthScheduler-Timer-0","class":"FullSyncTargetManager","message":"Unable to find sync target. Currently checking 0 peers for usefulness","throwable":""}
{"timestamp":"2025-07-18T12:47:56,432","container":"b4173de707db","level":"INFO","thread":"EthScheduler-Timer-0","class":"FullSyncTargetManager","message":"Unable to find sync target. Currently checking 0 peers for usefulness","throwable":""}
{"timestamp":"2025-07-18T12:48:01,433","container":"b4173de707db","level":"INFO","thread":"EthScheduler-Timer-0","class":"FullSyncTargetManager","message":"Unable to find sync target. Currently checking 0 peers for usefulness","throwable":""}
{"timestamp":"2025-07-18T12:48:06,433","container":"b4173de707db","level":"INFO","thread":"EthScheduler-Timer-0","class":"FullSyncTargetManager","message":"Unable to find sync target. Currently checking 0 peers for usefulness","throwable":""}
{"timestamp":"2025-07-18T12:48:11,434","container":"b4173de707db","level":"INFO","thread":"EthScheduler-Timer-0","class":"FullSyncTargetManager","message":"Unable to find sync target. Currently checking 0 peers for usefulness","throwable":""}
{"timestamp":"2025-07-18T12:48:16,435","container":"b4173de707db","level":"INFO","thread":"EthScheduler-Timer-0","class":"FullSyncTargetManager","message":"Unable to find sync target. Currently checking 0 peers for usefulness","throwable":""}
{"timestamp":"2025-07-18T12:48:21,435","container":"b4173de707db","level":"INFO","thread":"EthScheduler-Timer-0","class":"FullSyncTargetManager","message":"Unable to find sync target. Currently checking 0 peers for usefulness","throwable":""}
{"timestamp":"2025-07-18T12:48:26,436","container":"b4173de707db","level":"INFO","thread":"EthScheduler-Timer-0","class":"FullSyncTargetManager","message":"Unable to find sync target. Currently checking 0 peers for usefulness","throwable":""}
{"timestamp":"2025-07-18T12:48:31,436","container":"b4173de707db","level":"INFO","thread":"EthScheduler-Timer-0","class":"FullSyncTargetManager","message":"Unable to find sync target. Currently checking 0 peers for usefulness","throwable":""}
{"timestamp":"2025-07-18T12:48:36,437","container":"b4173de707db","level":"INFO","thread":"EthScheduler-Timer-0","class":"FullSyncTargetManager","message":"Unable to find sync target. Currently checking 0 peers for usefulness","throwable":""}
{"timestamp":"2025-07-18T12:48:41,437","container":"b4173de707db","level":"INFO","thread":"EthScheduler-Timer-0","class":"FullSyncTargetManager","message":"Unable to find sync target. Currently checking 0 peers for usefulness","throwable":""}
{"timestamp":"2025-07-18T12:48:46,438","container":"b4173de707db","level":"INFO","thread":"EthScheduler-Timer-0","class":"FullSyncTargetManager","message":"Unable to find sync target. Currently checking 0 peers for usefulness","throwable":""}
{"timestamp":"2025-07-18T12:48:51,439","container":"b4173de707db","level":"INFO","thread":"EthScheduler-Timer-0","class":"FullSyncTargetManager","message":"Unable to find sync target. Currently checking 0 peers for usefulness","throwable":""}
{"timestamp":"2025-07-18T12:48:56,440","container":"b4173de707db","level":"INFO","thread":"EthScheduler-Timer-0","class":"FullSyncTargetManager","message":"Unable to find sync target. Currently checking 0 peers for usefulness","throwable":""}
{"timestamp":"2025-07-18T12:49:01,440","container":"b4173de707db","level":"INFO","thread":"EthScheduler-Timer-0","class":"FullSyncTargetManager","message":"Unable to find sync target. Currently checking 0 peers for usefulness","throwable":""}
{"timestamp":"2025-07-18T12:49:06,441","container":"b4173de707db","level":"INFO","thread":"EthScheduler-Timer-0","class":"FullSyncTargetManager","message":"Unable to find sync target. Currently checking 0 peers for usefulness","throwable":""}
{"timestamp":"2025-07-18T12:49:11,441","container":"b4173de707db","level":"INFO","thread":"EthScheduler-Timer-0","class":"FullSyncTargetManager","message":"Unable to find sync target. Currently checking 0 peers for usefulness","throwable":""}
{"timestamp":"2025-07-18T12:49:16,442","container":"b4173de707db","level":"INFO","thread":"EthScheduler-Timer-0","class":"FullSyncTargetManager","message":"Unable to find sync target. Currently checking 0 peers for usefulness","throwable":""}
{"timestamp":"2025-07-18T12:49:21,442","container":"b4173de707db","level":"INFO","thread":"EthScheduler-Timer-0","class":"FullSyncTargetManager","message":"Unable to find sync target. Currently checking 0 peers for usefulness","throwable":""}
{"timestamp":"2025-07-18T12:49:26,443","container":"b4173de707db","level":"INFO","thread":"EthScheduler-Timer-0","class":"FullSyncTargetManager","message":"Unable to find sync target. Currently checking 0 peers for usefulness","throwable":""}
{"timestamp":"2025-07-18T12:49:31,443","container":"b4173de707db","level":"INFO","thread":"EthScheduler-Timer-0","class":"FullSyncTargetManager","message":"Unable to find sync target. Currently checking 0 peers for usefulness","throwable":""}
{"timestamp":"2025-07-18T12:49:36,444","container":"b4173de707db","level":"INFO","thread":"EthScheduler-Timer-0","class":"FullSyncTargetManager","message":"Unable to find sync target. Currently checking 0 peers for usefulness","throwable":""}
{"timestamp":"2025-07-18T12:49:41,444","container":"b4173de707db","level":"INFO","thread":"EthScheduler-Timer-0","class":"FullSyncTargetManager","message":"Unable to find sync target. Currently checking 0 peers for usefulness","throwable":""}
{"timestamp":"2025-07-18T12:49:46,445","container":"b4173de707db","level":"INFO","thread":"EthScheduler-Timer-0","class":"FullSyncTargetManager","message":"Unable to find sync target. Currently checking 0 peers for usefulness","throwable":""}
{"timestamp":"2025-07-18T12:49:51,445","container":"b4173de707db","level":"INFO","thread":"EthScheduler-Timer-0","class":"FullSyncTargetManager","message":"Unable to find sync target. Currently checking 0 peers for usefulness","throwable":""}
{"timestamp":"2025-07-18T12:49:56,446","container":"b4173de707db","level":"INFO","thread":"EthScheduler-Timer-0","class":"FullSyncTargetManager","message":"Unable to find sync target. Currently checking 0 peers for usefulness","throwable":""}
{"timestamp":"2025-07-18T12:50:01,447","container":"b4173de707db","level":"INFO","thread":"EthScheduler-Timer-0","class":"FullSyncTargetManager","message":"Unable to find sync target. Currently checking 0 peers for usefulness","throwable":""}
{"timestamp":"2025-07-18T12:50:06,447","container":"b4173de707db","level":"INFO","thread":"EthScheduler-Timer-0","class":"FullSyncTargetManager","message":"Unable to find sync target. Currently checking 0 peers for usefulness","throwable":""}
{"timestamp":"2025-07-18T12:50:11,448","container":"b4173de707db","level":"INFO","thread":"EthScheduler-Timer-0","class":"FullSyncTargetManager","message":"Unable to find sync target. Currently checking 0 peers for usefulness","throwable":""}
{"timestamp":"2025-07-18T12:50:16,449","container":"b4173de707db","level":"INFO","thread":"EthScheduler-Timer-0","class":"FullSyncTargetManager","message":"Unable to find sync target. Currently checking 0 peers for usefulness","throwable":""}
{"timestamp":"2025-07-18T12:50:21,449","container":"b4173de707db","level":"INFO","thread":"EthScheduler-Timer-0","class":"FullSyncTargetManager","message":"Unable to find sync target. Currently checking 0 peers for usefulness","throwable":""}
{"timestamp":"2025-07-18T12:50:26,450","container":"b4173de707db","level":"INFO","thread":"EthScheduler-Timer-0","class":"FullSyncTargetManager","message":"Unable to find sync target. Currently checking 0 peers for usefulness","throwable":""}
{"timestamp":"2025-07-18T12:50:31,451","container":"b4173de707db","level":"INFO","thread":"EthScheduler-Timer-0","class":"FullSyncTargetManager","message":"Unable to find sync target. Currently checking 0 peers for usefulness","throwable":""}
{"timestamp":"2025-07-18T12:50:36,451","container":"b4173de707db","level":"INFO","thread":"EthScheduler-Timer-0","class":"FullSyncTargetManager","message":"Unable to find sync target. Currently checking 0 peers for usefulness","throwable":""}
{"timestamp":"2025-07-18T12:50:41,452","container":"b4173de707db","level":"INFO","thread":"EthScheduler-Timer-0","class":"FullSyncTargetManager","message":"Unable to find sync target. Currently checking 0 peers for usefulness","throwable":""}
{"timestamp":"2025-07-18T12:50:46,452","container":"b4173de707db","level":"INFO","thread":"EthScheduler-Timer-0","class":"FullSyncTargetManager","message":"Unable to find sync target. Currently checking 0 peers for usefulness","throwable":""}
{"timestamp":"2025-07-18T12:50:51,453","container":"b4173de707db","level":"INFO","thread":"EthScheduler-Timer-0","class":"FullSyncTargetManager","message":"Unable to find sync target. Currently checking 0 peers for usefulness","throwable":""}
{"timestamp":"2025-07-18T12:50:56,453","container":"b4173de707db","level":"INFO","thread":"EthScheduler-Timer-0","class":"FullSyncTargetManager","message":"Unable to find sync target. Currently checking 0 peers for usefulness","throwable":""}
{"timestamp":"2025-07-18T12:51:01,454","container":"b4173de707db","level":"INFO","thread":"EthScheduler-Timer-0","class":"FullSyncTargetManager","message":"Unable to find sync target. Currently checking 0 peers for usefulness","throwable":""}
{"timestamp":"2025-07-18T12:51:06,455","container":"b4173de707db","level":"INFO","thread":"EthScheduler-Timer-0","class":"FullSyncTargetManager","message":"Unable to find sync target. Currently checking 0 peers for usefulness","throwable":""}
{"timestamp":"2025-07-18T12:51:11,455","container":"b4173de707db","level":"INFO","thread":"EthScheduler-Timer-0","class":"FullSyncTargetManager","message":"Unable to find sync target. Currently checking 0 peers for usefulness","throwable":""}
{"timestamp":"2025-07-18T12:51:16,456","container":"b4173de707db","level":"INFO","thread":"EthScheduler-Timer-0","class":"FullSyncTargetManager","message":"Unable to find sync target. Currently checking 0 peers for usefulness","throwable":""}
{"timestamp":"2025-07-18T12:51:21,456","container":"b4173de707db","level":"INFO","thread":"EthScheduler-Timer-0","class":"FullSyncTargetManager","message":"Unable to find sync target. Currently checking 0 peers for usefulness","throwable":""}
{"timestamp":"2025-07-18T12:51:26,457","container":"b4173de707db","level":"INFO","thread":"EthScheduler-Timer-0","class":"FullSyncTargetManager","message":"Unable to find sync target. Currently checking 0 peers for usefulness","throwable":""}
{"timestamp":"2025-07-18T12:51:31,458","container":"b4173de707db","level":"INFO","thread":"EthScheduler-Timer-0","class":"FullSyncTargetManager","message":"Unable to find sync target. Currently checking 0 peers for usefulness","throwable":""}
{"timestamp":"2025-07-18T12:51:36,458","container":"b4173de707db","level":"INFO","thread":"EthScheduler-Timer-0","class":"FullSyncTargetManager","message":"Unable to find sync target. Currently checking 0 peers for usefulness","throwable":""}
{"timestamp":"2025-07-18T12:51:41,459","container":"b4173de707db","level":"INFO","thread":"EthScheduler-Timer-0","class":"FullSyncTargetManager","message":"Unable to find sync target. Currently checking 0 peers for usefulness","throwable":""}
{"timestamp":"2025-07-18T12:51:46,460","container":"b4173de707db","level":"INFO","thread":"EthScheduler-Timer-0","class":"FullSyncTargetManager","message":"Unable to find sync target. Currently checking 0 peers for usefulness","throwable":""}
{"timestamp":"2025-07-18T12:51:51,460","container":"b4173de707db","level":"INFO","thread":"EthScheduler-Timer-0","class":"FullSyncTargetManager","message":"Unable to find sync target. Currently checking 0 peers for usefulness","throwable":""}
{"timestamp":"2025-07-18T12:51:56,461","container":"b4173de707db","level":"INFO","thread":"EthScheduler-Timer-0","class":"FullSyncTargetManager","message":"Unable to find sync target. Currently checking 0 peers for usefulness","throwable":""}
{"timestamp":"2025-07-18T12:52:01,462","container":"b4173de707db","level":"INFO","thread":"EthScheduler-Timer-0","class":"FullSyncTargetManager","message":"Unable to find sync target. Currently checking 0 peers for usefulness","throwable":""}
{"timestamp":"2025-07-18T12:52:06,462","container":"b4173de707db","level":"INFO","thread":"EthScheduler-Timer-0","class":"FullSyncTargetManager","message":"Unable to find sync target. Currently checking 0 peers for usefulness","throwable":""}
{"timestamp":"2025-07-18T12:52:11,463","container":"b4173de707db","level":"INFO","thread":"EthScheduler-Timer-0","class":"FullSyncTargetManager","message":"Unable to find sync target. Currently checking 0 peers for usefulness","throwable":""}
{"timestamp":"2025-07-18T12:52:16,464","container":"b4173de707db","level":"INFO","thread":"EthScheduler-Timer-0","class":"FullSyncTargetManager","message":"Unable to find sync target. Currently checking 0 peers for usefulness","throwable":""}
{"timestamp":"2025-07-18T12:52:21,465","container":"b4173de707db","level":"INFO","thread":"EthScheduler-Timer-0","class":"FullSyncTargetManager","message":"Unable to find sync target. Currently checking 0 peers for usefulness","throwable":""}
{"timestamp":"2025-07-18T12:52:26,465","container":"b4173de707db","level":"INFO","thread":"EthScheduler-Timer-0","class":"FullSyncTargetManager","message":"Unable to find sync target. Currently checking 0 peers for usefulness","throwable":""}
{"timestamp":"2025-07-18T12:52:31,466","container":"b4173de707db","level":"INFO","thread":"EthScheduler-Timer-0","class":"FullSyncTargetManager","message":"Unable to find sync target. Currently checking 0 peers for usefulness","throwable":""}
{"timestamp":"2025-07-18T12:52:36,466","container":"b4173de707db","level":"INFO","thread":"EthScheduler-Timer-0","class":"FullSyncTargetManager","message":"Unable to find sync target. Currently checking 0 peers for usefulness","throwable":""}
{"timestamp":"2025-07-18T12:52:41,467","container":"b4173de707db","level":"INFO","thread":"EthScheduler-Timer-0","class":"FullSyncTargetManager","message":"Unable to find sync target. Currently checking 0 peers for usefulness","throwable":""}
{"timestamp":"2025-07-18T12:52:46,468","container":"b4173de707db","level":"INFO","thread":"EthScheduler-Timer-0","class":"FullSyncTargetManager","message":"Unable to find sync target. Currently checking 0 peers for usefulness","throwable":""}
{"timestamp":"2025-07-18T12:52:51,468","container":"b4173de707db","level":"INFO","thread":"EthScheduler-Timer-0","class":"FullSyncTargetManager","message":"Unable to find sync target. Currently checking 0 peers for usefulness","throwable":""}
{"timestamp":"2025-07-18T12:52:56,469","container":"b4173de707db","level":"INFO","thread":"EthScheduler-Timer-0","class":"FullSyncTargetManager","message":"Unable to find sync target. Currently checking 0 peers for usefulness","throwable":""}
{"timestamp":"2025-07-18T12:53:01,470","container":"b4173de707db","level":"INFO","thread":"EthScheduler-Timer-0","class":"FullSyncTargetManager","message":"Unable to find sync target. Currently checking 0 peers for usefulness","throwable":""}
{"timestamp":"2025-07-18T12:53:06,470","container":"b4173de707db","level":"INFO","thread":"EthScheduler-Timer-0","class":"FullSyncTargetManager","message":"Unable to find sync target. Currently checking 0 peers for usefulness","throwable":""}
{"timestamp":"2025-07-18T12:53:11,471","container":"b4173de707db","level":"INFO","thread":"EthScheduler-Timer-0","class":"FullSyncTargetManager","message":"Unable to find sync target. Currently checking 0 peers for usefulness","throwable":""}
{"timestamp":"2025-07-18T12:53:16,471","container":"b4173de707db","level":"INFO","thread":"EthScheduler-Timer-0","class":"FullSyncTargetManager","message":"Unable to find sync target. Currently checking 0 peers for usefulness","throwable":""}
{"timestamp":"2025-07-18T12:53:21,472","container":"b4173de707db","level":"INFO","thread":"EthScheduler-Timer-0","class":"FullSyncTargetManager","message":"Unable to find sync target. Currently checking 0 peers for usefulness","throwable":""}
{"timestamp":"2025-07-18T12:53:26,472","container":"b4173de707db","level":"INFO","thread":"EthScheduler-Timer-0","class":"FullSyncTargetManager","message":"Unable to find sync target. Currently checking 0 peers for usefulness","throwable":""}
{"timestamp":"2025-07-18T12:53:31,473","container":"b4173de707db","level":"INFO","thread":"EthScheduler-Timer-0","class":"FullSyncTargetManager","message":"Unable to find sync target. Currently checking 0 peers for usefulness","throwable":""}
{"timestamp":"2025-07-18T12:53:36,474","container":"b4173de707db","level":"INFO","thread":"EthScheduler-Timer-0","class":"FullSyncTargetManager","message":"Unable to find sync target. Currently checking 0 peers for usefulness","throwable":""}
{"timestamp":"2025-07-18T12:53:41,474","container":"b4173de707db","level":"INFO","thread":"EthScheduler-Timer-0","class":"FullSyncTargetManager","message":"Unable to find sync target. Currently checking 0 peers for usefulness","throwable":""}
{"timestamp":"2025-07-18T12:53:46,475","container":"b4173de707db","level":"INFO","thread":"EthScheduler-Timer-0","class":"FullSyncTargetManager","message":"Unable to find sync target. Currently checking 0 peers for usefulness","throwable":""}
{"timestamp":"2025-07-18T12:53:51,476","container":"b4173de707db","level":"INFO","thread":"EthScheduler-Timer-0","class":"FullSyncTargetManager","message":"Unable to find sync target. Currently checking 0 peers for usefulness","throwable":""}
{"timestamp":"2025-07-18T12:53:56,476","container":"b4173de707db","level":"INFO","thread":"EthScheduler-Timer-0","class":"FullSyncTargetManager","message":"Unable to find sync target. Currently checking 0 peers for usefulness","throwable":""}
{"timestamp":"2025-07-18T12:54:01,477","container":"b4173de707db","level":"INFO","thread":"EthScheduler-Timer-0","class":"FullSyncTargetManager","message":"Unable to find sync target. Currently checking 0 peers for usefulness","throwable":""}
{"timestamp":"2025-07-18T12:54:06,477","container":"b4173de707db","level":"INFO","thread":"EthScheduler-Timer-0","class":"FullSyncTargetManager","message":"Unable to find sync target. Currently checking 0 peers for usefulness","throwable":""}
{"timestamp":"2025-07-18T12:54:11,478","container":"b4173de707db","level":"INFO","thread":"EthScheduler-Timer-0","class":"FullSyncTargetManager","message":"Unable to find sync target. Currently checking 0 peers for usefulness","throwable":""}
{"timestamp":"2025-07-18T12:54:16,478","container":"b4173de707db","level":"INFO","thread":"EthScheduler-Timer-0","class":"FullSyncTargetManager","message":"Unable to find sync target. Currently checking 0 peers for usefulness","throwable":""}
{"timestamp":"2025-07-18T12:54:21,479","container":"b4173de707db","level":"INFO","thread":"EthScheduler-Timer-0","class":"FullSyncTargetManager","message":"Unable to find sync target. Currently checking 0 peers for usefulness","throwable":""}
{"timestamp":"2025-07-18T12:54:26,480","container":"b4173de707db","level":"INFO","thread":"EthScheduler-Timer-0","class":"FullSyncTargetManager","message":"Unable to find sync target. Currently checking 0 peers for usefulness","throwable":""}
{"timestamp":"2025-07-18T12:54:31,480","container":"b4173de707db","level":"INFO","thread":"EthScheduler-Timer-0","class":"FullSyncTargetManager","message":"Unable to find sync target. Currently checking 0 peers for usefulness","throwable":""}
{"timestamp":"2025-07-18T12:54:36,481","container":"b4173de707db","level":"INFO","thread":"EthScheduler-Timer-0","class":"FullSyncTargetManager","message":"Unable to find sync target. Currently checking 0 peers for usefulness","throwable":""}
{"timestamp":"2025-07-18T12:54:41,481","container":"b4173de707db","level":"INFO","thread":"EthScheduler-Timer-0","class":"FullSyncTargetManager","message":"Unable to find sync target. Currently checking 0 peers for usefulness","throwable":""}
{"timestamp":"2025-07-18T12:54:46,482","container":"b4173de707db","level":"INFO","thread":"EthScheduler-Timer-0","class":"FullSyncTargetManager","message":"Unable to find sync target. Currently checking 0 peers for usefulness","throwable":""}
{"timestamp":"2025-07-18T12:54:51,483","container":"b4173de707db","level":"INFO","thread":"EthScheduler-Timer-0","class":"FullSyncTargetManager","message":"Unable to find sync target. Currently checking 0 peers for usefulness","throwable":""}
{"timestamp":"2025-07-18T12:54:56,483","container":"b4173de707db","level":"INFO","thread":"EthScheduler-Timer-0","class":"FullSyncTargetManager","message":"Unable to find sync target. Currently checking 0 peers for usefulness","throwable":""}
{"timestamp":"2025-07-18T12:55:01,484","container":"b4173de707db","level":"INFO","thread":"EthScheduler-Timer-0","class":"FullSyncTargetManager","message":"Unable to find sync target. Currently checking 0 peers for usefulness","throwable":""}
{"timestamp":"2025-07-18T12:55:06,484","container":"b4173de707db","level":"INFO","thread":"EthScheduler-Timer-0","class":"FullSyncTargetManager","message":"Unable to find sync target. Currently checking 0 peers for usefulness","throwable":""}
{"timestamp":"2025-07-18T12:55:11,485","container":"b4173de707db","level":"INFO","thread":"EthScheduler-Timer-0","class":"FullSyncTargetManager","message":"Unable to find sync target. Currently checking 0 peers for usefulness","throwable":""}
{"timestamp":"2025-07-18T12:55:16,485","container":"b4173de707db","level":"INFO","thread":"EthScheduler-Timer-0","class":"FullSyncTargetManager","message":"Unable to find sync target. Currently checking 0 peers for usefulness","throwable":""}
{"timestamp":"2025-07-18T12:55:21,486","container":"b4173de707db","level":"INFO","thread":"EthScheduler-Timer-0","class":"FullSyncTargetManager","message":"Unable to find sync target. Currently checking 0 peers for usefulness","throwable":""}
{"timestamp":"2025-07-18T12:55:26,487","container":"b4173de707db","level":"INFO","thread":"EthScheduler-Timer-0","class":"FullSyncTargetManager","message":"Unable to find sync target. Currently checking 0 peers for usefulness","throwable":""}
{"timestamp":"2025-07-18T12:55:31,487","container":"b4173de707db","level":"INFO","thread":"EthScheduler-Timer-0","class":"FullSyncTargetManager","message":"Unable to find sync target. Currently checking 0 peers for usefulness","throwable":""}
{"timestamp":"2025-07-18T12:55:36,488","container":"b4173de707db","level":"INFO","thread":"EthScheduler-Timer-0","class":"FullSyncTargetManager","message":"Unable to find sync target. Currently checking 0 peers for usefulness","throwable":""}
{"timestamp":"2025-07-18T12:55:41,488","container":"b4173de707db","level":"INFO","thread":"EthScheduler-Timer-0","class":"FullSyncTargetManager","message":"Unable to find sync target. Currently checking 0 peers for usefulness","throwable":""}
{"timestamp":"2025-07-18T12:55:46,489","container":"b4173de707db","level":"INFO","thread":"EthScheduler-Timer-0","class":"FullSyncTargetManager","message":"Unable to find sync target. Currently checking 0 peers for usefulness","throwable":""}
{"timestamp":"2025-07-18T12:55:51,490","container":"b4173de707db","level":"INFO","thread":"EthScheduler-Timer-0","class":"FullSyncTargetManager","message":"Unable to find sync target. Currently checking 0 peers for usefulness","throwable":""}
{"timestamp":"2025-07-18T12:55:56,491","container":"b4173de707db","level":"INFO","thread":"EthScheduler-Timer-0","class":"FullSyncTargetManager","message":"Unable to find sync target. Currently checking 0 peers for usefulness","throwable":""}
{"timestamp":"2025-07-18T12:56:01,491","container":"b4173de707db","level":"INFO","thread":"EthScheduler-Timer-0","class":"FullSyncTargetManager","message":"Unable to find sync target. Currently checking 0 peers for usefulness","throwable":""}
{"timestamp":"2025-07-18T12:56:06,492","container":"b4173de707db","level":"INFO","thread":"EthScheduler-Timer-0","class":"FullSyncTargetManager","message":"Unable to find sync target. Currently checking 0 peers for usefulness","throwable":""}
{"timestamp":"2025-07-18T12:56:11,492","container":"b4173de707db","level":"INFO","thread":"EthScheduler-Timer-0","class":"FullSyncTargetManager","message":"Unable to find sync target. Currently checking 0 peers for usefulness","throwable":""}
{"timestamp":"2025-07-18T12:56:16,492","container":"b4173de707db","level":"INFO","thread":"EthScheduler-Timer-0","class":"FullSyncTargetManager","message":"Unable to find sync target. Currently checking 0 peers for usefulness","throwable":""}
{"timestamp":"2025-07-18T12:56:21,493","container":"b4173de707db","level":"INFO","thread":"EthScheduler-Timer-0","class":"FullSyncTargetManager","message":"Unable to find sync target. Currently checking 0 peers for usefulness","throwable":""}
{"timestamp":"2025-07-18T12:56:26,494","container":"b4173de707db","level":"INFO","thread":"EthScheduler-Timer-0","class":"FullSyncTargetManager","message":"Unable to find sync target. Currently checking 0 peers for usefulness","throwable":""}
{"timestamp":"2025-07-18T12:56:31,494","container":"b4173de707db","level":"INFO","thread":"EthScheduler-Timer-0","class":"FullSyncTargetManager","message":"Unable to find sync target. Currently checking 0 peers for usefulness","throwable":""}
{"timestamp":"2025-07-18T12:56:36,495","container":"b4173de707db","level":"INFO","thread":"EthScheduler-Timer-0","class":"FullSyncTargetManager","message":"Unable to find sync target. Currently checking 0 peers for usefulness","throwable":""}
{"timestamp":"2025-07-18T12:56:41,495","container":"b4173de707db","level":"INFO","thread":"EthScheduler-Timer-0","class":"FullSyncTargetManager","message":"Unable to find sync target. Currently checking 0 peers for usefulness","throwable":""}
{"timestamp":"2025-07-18T12:56:46,496","container":"b4173de707db","level":"INFO","thread":"EthScheduler-Timer-0","class":"FullSyncTargetManager","message":"Unable to find sync target. Currently checking 0 peers for usefulness","throwable":""}
{"timestamp":"2025-07-18T12:56:51,496","container":"b4173de707db","level":"INFO","thread":"EthScheduler-Timer-0","class":"FullSyncTargetManager","message":"Unable to find sync target. Currently checking 0 peers for usefulness","throwable":""}
{"timestamp":"2025-07-18T12:56:56,497","container":"b4173de707db","level":"INFO","thread":"EthScheduler-Timer-0","class":"FullSyncTargetManager","message":"Unable to find sync target. Currently checking 0 peers for usefulness","throwable":""}
{"timestamp":"2025-07-18T12:57:01,498","container":"b4173de707db","level":"INFO","thread":"EthScheduler-Timer-0","class":"FullSyncTargetManager","message":"Unable to find sync target. Currently checking 0 peers for usefulness","throwable":""}
{"timestamp":"2025-07-18T12:57:06,498","container":"b4173de707db","level":"INFO","thread":"EthScheduler-Timer-0","class":"FullSyncTargetManager","message":"Unable to find sync target. Currently checking 0 peers for usefulness","throwable":""}
{"timestamp":"2025-07-18T12:57:11,498","container":"b4173de707db","level":"INFO","thread":"EthScheduler-Timer-0","class":"FullSyncTargetManager","message":"Unable to find sync target. Currently checking 0 peers for usefulness","throwable":""}
{"timestamp":"2025-07-18T12:57:16,499","container":"b4173de707db","level":"INFO","thread":"EthScheduler-Timer-0","class":"FullSyncTargetManager","message":"Unable to find sync target. Currently checking 0 peers for usefulness","throwable":""}
{"timestamp":"2025-07-18T12:57:21,499","container":"b4173de707db","level":"INFO","thread":"EthScheduler-Timer-0","class":"FullSyncTargetManager","message":"Unable to find sync target. Currently checking 0 peers for usefulness","throwable":""}
{"timestamp":"2025-07-18T12:57:26,500","container":"b4173de707db","level":"INFO","thread":"EthScheduler-Timer-0","class":"FullSyncTargetManager","message":"Unable to find sync target. Currently checking 0 peers for usefulness","throwable":""}
{"timestamp":"2025-07-18T12:57:31,500","container":"b4173de707db","level":"INFO","thread":"EthScheduler-Timer-0","class":"FullSyncTargetManager","message":"Unable to find sync target. Currently checking 0 peers for usefulness","throwable":""}
{"timestamp":"2025-07-18T12:57:36,501","container":"b4173de707db","level":"INFO","thread":"EthScheduler-Timer-0","class":"FullSyncTargetManager","message":"Unable to find sync target. Currently checking 0 peers for usefulness","throwable":""}
{"timestamp":"2025-07-18T12:57:41,501","container":"b4173de707db","level":"INFO","thread":"EthScheduler-Timer-0","class":"FullSyncTargetManager","message":"Unable to find sync target. Currently checking 0 peers for usefulness","throwable":""}
{"timestamp":"2025-07-18T12:57:46,502","container":"b4173de707db","level":"INFO","thread":"EthScheduler-Timer-0","class":"FullSyncTargetManager","message":"Unable to find sync target. Currently checking 0 peers for usefulness","throwable":""}
{"timestamp":"2025-07-18T12:57:51,503","container":"b4173de707db","level":"INFO","thread":"EthScheduler-Timer-0","class":"FullSyncTargetManager","message":"Unable to find sync target. Currently checking 0 peers for usefulness","throwable":""}
{"timestamp":"2025-07-18T12:57:56,503","container":"b4173de707db","level":"INFO","thread":"EthScheduler-Timer-0","class":"FullSyncTargetManager","message":"Unable to find sync target. Currently checking 0 peers for usefulness","throwable":""}
{"timestamp":"2025-07-18T12:58:01,504","container":"b4173de707db","level":"INFO","thread":"EthScheduler-Timer-0","class":"FullSyncTargetManager","message":"Unable to find sync target. Currently checking 0 peers for usefulness","throwable":""}
{"timestamp":"2025-07-18T12:58:06,504","container":"b4173de707db","level":"INFO","thread":"EthScheduler-Timer-0","class":"FullSyncTargetManager","message":"Unable to find sync target. Currently checking 0 peers for usefulness","throwable":""}
{"timestamp":"2025-07-18T12:58:11,505","container":"b4173de707db","level":"INFO","thread":"EthScheduler-Timer-0","class":"FullSyncTargetManager","message":"Unable to find sync target. Currently checking 0 peers for usefulness","throwable":""}
{"timestamp":"2025-07-18T12:58:16,506","container":"b4173de707db","level":"INFO","thread":"EthScheduler-Timer-0","class":"FullSyncTargetManager","message":"Unable to find sync target. Currently checking 0 peers for usefulness","throwable":""}
{"timestamp":"2025-07-18T12:58:21,506","container":"b4173de707db","level":"INFO","thread":"EthScheduler-Timer-0","class":"FullSyncTargetManager","message":"Unable to find sync target. Currently checking 0 peers for usefulness","throwable":""}
{"timestamp":"2025-07-18T12:58:26,507","container":"b4173de707db","level":"INFO","thread":"EthScheduler-Timer-0","class":"FullSyncTargetManager","message":"Unable to find sync target. Currently checking 0 peers for usefulness","throwable":""}
{"timestamp":"2025-07-18T12:58:31,507","container":"b4173de707db","level":"INFO","thread":"EthScheduler-Timer-0","class":"FullSyncTargetManager","message":"Unable to find sync target. Currently checking 0 peers for usefulness","throwable":""}
{"timestamp":"2025-07-18T12:58:36,508","container":"b4173de707db","level":"INFO","thread":"EthScheduler-Timer-0","class":"FullSyncTargetManager","message":"Unable to find sync target. Currently checking 0 peers for usefulness","throwable":""}
{"timestamp":"2025-07-18T12:58:41,509","container":"b4173de707db","level":"INFO","thread":"EthScheduler-Timer-0","class":"FullSyncTargetManager","message":"Unable to find sync target. Currently checking 0 peers for usefulness","throwable":""}
{"timestamp":"2025-07-18T12:58:46,509","container":"b4173de707db","level":"INFO","thread":"EthScheduler-Timer-0","class":"FullSyncTargetManager","message":"Unable to find sync target. Currently checking 0 peers for usefulness","throwable":""}
{"timestamp":"2025-07-18T12:58:51,510","container":"b4173de707db","level":"INFO","thread":"EthScheduler-Timer-0","class":"FullSyncTargetManager","message":"Unable to find sync target. Currently checking 0 peers for usefulness","throwable":""}
{"timestamp":"2025-07-18T12:58:56,511","container":"b4173de707db","level":"INFO","thread":"EthScheduler-Timer-0","class":"FullSyncTargetManager","message":"Unable to find sync target. Currently checking 0 peers for usefulness","throwable":""}
{"timestamp":"2025-07-18T12:59:01,511","container":"b4173de707db","level":"INFO","thread":"EthScheduler-Timer-0","class":"FullSyncTargetManager","message":"Unable to find sync target. Currently checking 0 peers for usefulness","throwable":""}
{"timestamp":"2025-07-18T12:59:06,511","container":"b4173de707db","level":"INFO","thread":"EthScheduler-Timer-0","class":"FullSyncTargetManager","message":"Unable to find sync target. Currently checking 0 peers for usefulness","throwable":""}
{"timestamp":"2025-07-18T12:59:11,512","container":"b4173de707db","level":"INFO","thread":"EthScheduler-Timer-0","class":"FullSyncTargetManager","message":"Unable to find sync target. Currently checking 0 peers for usefulness","throwable":""}
{"timestamp":"2025-07-18T12:59:16,512","container":"b4173de707db","level":"INFO","thread":"EthScheduler-Timer-0","class":"FullSyncTargetManager","message":"Unable to find sync target. Currently checking 0 peers for usefulness","throwable":""}
{"timestamp":"2025-07-18T12:59:21,513","container":"b4173de707db","level":"INFO","thread":"EthScheduler-Timer-0","class":"FullSyncTargetManager","message":"Unable to find sync target. Currently checking 0 peers for usefulness","throwable":""}
{"timestamp":"2025-07-18T12:59:26,513","container":"b4173de707db","level":"INFO","thread":"EthScheduler-Timer-0","class":"FullSyncTargetManager","message":"Unable to find sync target. Currently checking 0 peers for usefulness","throwable":""}
{"timestamp":"2025-07-18T12:59:31,514","container":"b4173de707db","level":"INFO","thread":"EthScheduler-Timer-0","class":"FullSyncTargetManager","message":"Unable to find sync target. Currently checking 0 peers for usefulness","throwable":""}
{"timestamp":"2025-07-18T12:59:36,515","container":"b4173de707db","level":"INFO","thread":"EthScheduler-Timer-0","class":"FullSyncTargetManager","message":"Unable to find sync target. Currently checking 0 peers for usefulness","throwable":""}
{"timestamp":"2025-07-18T12:59:41,515","container":"b4173de707db","level":"INFO","thread":"EthScheduler-Timer-0","class":"FullSyncTargetManager","message":"Unable to find sync target. Currently checking 0 peers for usefulness","throwable":""}
{"timestamp":"2025-07-18T12:59:46,516","container":"b4173de707db","level":"INFO","thread":"EthScheduler-Timer-0","class":"FullSyncTargetManager","message":"Unable to find sync target. Currently checking 0 peers for usefulness","throwable":""}
{"timestamp":"2025-07-18T12:59:51,516","container":"b4173de707db","level":"INFO","thread":"EthScheduler-Timer-0","class":"FullSyncTargetManager","message":"Unable to find sync target. Currently checking 0 peers for usefulness","throwable":""}
{"timestamp":"2025-07-18T12:59:56,517","container":"b4173de707db","level":"INFO","thread":"EthScheduler-Timer-0","class":"FullSyncTargetManager","message":"Unable to find sync target. Currently checking 0 peers for usefulness","throwable":""}
{"timestamp":"2025-07-18T13:00:01,517","container":"b4173de707db","level":"INFO","thread":"EthScheduler-Timer-0","class":"FullSyncTargetManager","message":"Unable to find sync target. Currently checking 0 peers for usefulness","throwable":""}
{"timestamp":"2025-07-18T13:00:06,518","container":"b4173de707db","level":"INFO","thread":"EthScheduler-Timer-0","class":"FullSyncTargetManager","message":"Unable to find sync target. Currently checking 0 peers for usefulness","throwable":""}
{"timestamp":"2025-07-18T13:00:11,518","container":"b4173de707db","level":"INFO","thread":"EthScheduler-Timer-0","class":"FullSyncTargetManager","message":"Unable to find sync target. Currently checking 0 peers for usefulness","throwable":""}
{"timestamp":"2025-07-18T13:00:16,518","container":"b4173de707db","level":"INFO","thread":"EthScheduler-Timer-0","class":"FullSyncTargetManager","message":"Unable to find sync target. Currently checking 0 peers for usefulness","throwable":""}
{"timestamp":"2025-07-18T13:00:21,519","container":"b4173de707db","level":"INFO","thread":"EthScheduler-Timer-0","class":"FullSyncTargetManager","message":"Unable to find sync target. Currently checking 0 peers for usefulness","throwable":""}
{"timestamp":"2025-07-18T13:00:26,519","container":"b4173de707db","level":"INFO","thread":"EthScheduler-Timer-0","class":"FullSyncTargetManager","message":"Unable to find sync target. Currently checking 0 peers for usefulness","throwable":""}
{"timestamp":"2025-07-18T13:00:31,520","container":"b4173de707db","level":"INFO","thread":"EthScheduler-Timer-0","class":"FullSyncTargetManager","message":"Unable to find sync target. Currently checking 0 peers for usefulness","throwable":""}
{"timestamp":"2025-07-18T13:00:36,520","container":"b4173de707db","level":"INFO","thread":"EthScheduler-Timer-0","class":"FullSyncTargetManager","message":"Unable to find sync target. Currently checking 0 peers for usefulness","throwable":""}
{"timestamp":"2025-07-18T13:00:41,521","container":"b4173de707db","level":"INFO","thread":"EthScheduler-Timer-0","class":"FullSyncTargetManager","message":"Unable to find sync target. Currently checking 0 peers for usefulness","throwable":""}
{"timestamp":"2025-07-18T13:00:46,521","container":"b4173de707db","level":"INFO","thread":"EthScheduler-Timer-0","class":"FullSyncTargetManager","message":"Unable to find sync target. Currently checking 0 peers for usefulness","throwable":""}
{"timestamp":"2025-07-18T13:00:51,522","container":"b4173de707db","level":"INFO","thread":"EthScheduler-Timer-0","class":"FullSyncTargetManager","message":"Unable to find sync target. Currently checking 0 peers for usefulness","throwable":""}
{"timestamp":"2025-07-18T13:00:56,522","container":"b4173de707db","level":"INFO","thread":"EthScheduler-Timer-0","class":"FullSyncTargetManager","message":"Unable to find sync target. Currently checking 0 peers for usefulness","throwable":""}
{"timestamp":"2025-07-18T13:01:01,523","container":"b4173de707db","level":"INFO","thread":"EthScheduler-Timer-0","class":"FullSyncTargetManager","message":"Unable to find sync target. Currently checking 0 peers for usefulness","throwable":""}
{"timestamp":"2025-07-18T13:01:06,523","container":"b4173de707db","level":"INFO","thread":"EthScheduler-Timer-0","class":"FullSyncTargetManager","message":"Unable to find sync target. Currently checking 0 peers for usefulness","throwable":""}
{"timestamp":"2025-07-18T13:01:11,524","container":"b4173de707db","level":"INFO","thread":"EthScheduler-Timer-0","class":"FullSyncTargetManager","message":"Unable to find sync target. Currently checking 0 peers for usefulness","throwable":""}
{"timestamp":"2025-07-18T13:01:16,524","container":"b4173de707db","level":"INFO","thread":"EthScheduler-Timer-0","class":"FullSyncTargetManager","message":"Unable to find sync target. Currently checking 0 peers for usefulness","throwable":""}
{"timestamp":"2025-07-18T13:01:21,525","container":"b4173de707db","level":"INFO","thread":"EthScheduler-Timer-0","class":"FullSyncTargetManager","message":"Unable to find sync target. Currently checking 0 peers for usefulness","throwable":""}
{"timestamp":"2025-07-18T13:01:26,525","container":"b4173de707db","level":"INFO","thread":"EthScheduler-Timer-0","class":"FullSyncTargetManager","message":"Unable to find sync target. Currently checking 0 peers for usefulness","throwable":""}
{"timestamp":"2025-07-18T13:01:31,526","container":"b4173de707db","level":"INFO","thread":"EthScheduler-Timer-0","class":"FullSyncTargetManager","message":"Unable to find sync target. Currently checking 0 peers for usefulness","throwable":""}
{"timestamp":"2025-07-18T13:01:36,526","container":"b4173de707db","level":"INFO","thread":"EthScheduler-Timer-0","class":"FullSyncTargetManager","message":"Unable to find sync target. Currently checking 0 peers for usefulness","throwable":""}
{"timestamp":"2025-07-18T13:01:41,527","container":"b4173de707db","level":"INFO","thread":"EthScheduler-Timer-0","class":"FullSyncTargetManager","message":"Unable to find sync target. Currently checking 0 peers for usefulness","throwable":""}
{"timestamp":"2025-07-18T13:01:46,527","container":"b4173de707db","level":"INFO","thread":"EthScheduler-Timer-0","class":"FullSyncTargetManager","message":"Unable to find sync target. Currently checking 0 peers for usefulness","throwable":""}
{"timestamp":"2025-07-18T13:01:51,528","container":"b4173de707db","level":"INFO","thread":"EthScheduler-Timer-0","class":"FullSyncTargetManager","message":"Unable to find sync target. Currently checking 0 peers for usefulness","throwable":""}
{"timestamp":"2025-07-18T13:01:56,528","container":"b4173de707db","level":"INFO","thread":"EthScheduler-Timer-0","class":"FullSyncTargetManager","message":"Unable to find sync target. Currently checking 0 peers for usefulness","throwable":""}
{"timestamp":"2025-07-18T13:02:01,529","container":"b4173de707db","level":"INFO","thread":"EthScheduler-Timer-0","class":"FullSyncTargetManager","message":"Unable to find sync target. Currently checking 0 peers for usefulness","throwable":""}
{"timestamp":"2025-07-18T13:02:06,529","container":"b4173de707db","level":"INFO","thread":"EthScheduler-Timer-0","class":"FullSyncTargetManager","message":"Unable to find sync target. Currently checking 0 peers for usefulness","throwable":""}
{"timestamp":"2025-07-18T13:02:11,530","container":"b4173de707db","level":"INFO","thread":"EthScheduler-Timer-0","class":"FullSyncTargetManager","message":"Unable to find sync target. Currently checking 0 peers for usefulness","throwable":""}
{"timestamp":"2025-07-18T13:02:16,530","container":"b4173de707db","level":"INFO","thread":"EthScheduler-Timer-0","class":"FullSyncTargetManager","message":"Unable to find sync target. Currently checking 0 peers for usefulness","throwable":""}
{"timestamp":"2025-07-18T13:02:21,531","container":"b4173de707db","level":"INFO","thread":"EthScheduler-Timer-0","class":"FullSyncTargetManager","message":"Unable to find sync target. Currently checking 0 peers for usefulness","throwable":""}
{"timestamp":"2025-07-18T13:02:26,531","container":"b4173de707db","level":"INFO","thread":"EthScheduler-Timer-0","class":"FullSyncTargetManager","message":"Unable to find sync target. Currently checking 0 peers for usefulness","throwable":""}
{"timestamp":"2025-07-18T13:02:31,531","container":"b4173de707db","level":"INFO","thread":"EthScheduler-Timer-0","class":"FullSyncTargetManager","message":"Unable to find sync target. Currently checking 0 peers for usefulness","throwable":""}
{"timestamp":"2025-07-18T13:02:36,532","container":"b4173de707db","level":"INFO","thread":"EthScheduler-Timer-0","class":"FullSyncTargetManager","message":"Unable to find sync target. Currently checking 0 peers for usefulness","throwable":""}
{"timestamp":"2025-07-18T13:02:41,532","container":"b4173de707db","level":"INFO","thread":"EthScheduler-Timer-0","class":"FullSyncTargetManager","message":"Unable to find sync target. Currently checking 0 peers for usefulness","throwable":""}
{"timestamp":"2025-07-18T13:02:46,533","container":"b4173de707db","level":"INFO","thread":"EthScheduler-Timer-0","class":"FullSyncTargetManager","message":"Unable to find sync target. Currently checking 0 peers for usefulness","throwable":""}
{"timestamp":"2025-07-18T13:02:51,534","container":"b4173de707db","level":"INFO","thread":"EthScheduler-Timer-0","class":"FullSyncTargetManager","message":"Unable to find sync target. Currently checking 0 peers for usefulness","throwable":""}
{"timestamp":"2025-07-18T13:02:56,534","container":"b4173de707db","level":"INFO","thread":"EthScheduler-Timer-0","class":"FullSyncTargetManager","message":"Unable to find sync target. Currently checking 0 peers for usefulness","throwable":""}
{"timestamp":"2025-07-18T13:03:01,535","container":"b4173de707db","level":"INFO","thread":"EthScheduler-Timer-0","class":"FullSyncTargetManager","message":"Unable to find sync target. Currently checking 0 peers for usefulness","throwable":""}
{"timestamp":"2025-07-18T13:03:06,535","container":"b4173de707db","level":"INFO","thread":"EthScheduler-Timer-0","class":"FullSyncTargetManager","message":"Unable to find sync target. Currently checking 0 peers for usefulness","throwable":""}
{"timestamp":"2025-07-18T13:03:11,536","container":"b4173de707db","level":"INFO","thread":"EthScheduler-Timer-0","class":"FullSyncTargetManager","message":"Unable to find sync target. Currently checking 0 peers for usefulness","throwable":""}
{"timestamp":"2025-07-18T13:03:16,536","container":"b4173de707db","level":"INFO","thread":"EthScheduler-Timer-0","class":"FullSyncTargetManager","message":"Unable to find sync target. Currently checking 0 peers for usefulness","throwable":""}
{"timestamp":"2025-07-18T13:03:21,537","container":"b4173de707db","level":"INFO","thread":"EthScheduler-Timer-0","class":"FullSyncTargetManager","message":"Unable to find sync target. Currently checking 0 peers for usefulness","throwable":""}
{"timestamp":"2025-07-18T13:03:26,537","container":"b4173de707db","level":"INFO","thread":"EthScheduler-Timer-0","class":"FullSyncTargetManager","message":"Unable to find sync target. Currently checking 0 peers for usefulness","throwable":""}
{"timestamp":"2025-07-18T13:03:31,538","container":"b4173de707db","level":"INFO","thread":"EthScheduler-Timer-0","class":"FullSyncTargetManager","message":"Unable to find sync target. Currently checking 0 peers for usefulness","throwable":""}
{"timestamp":"2025-07-18T13:03:36,539","container":"b4173de707db","level":"INFO","thread":"EthScheduler-Timer-0","class":"FullSyncTargetManager","message":"Unable to find sync target. Currently checking 0 peers for usefulness","throwable":""}
{"timestamp":"2025-07-18T13:03:41,539","container":"b4173de707db","level":"INFO","thread":"EthScheduler-Timer-0","class":"FullSyncTargetManager","message":"Unable to find sync target. Currently checking 0 peers for usefulness","throwable":""}
{"timestamp":"2025-07-18T13:03:46,540","container":"b4173de707db","level":"INFO","thread":"EthScheduler-Timer-0","class":"FullSyncTargetManager","message":"Unable to find sync target. Currently checking 0 peers for usefulness","throwable":""}
{"timestamp":"2025-07-18T13:03:51,540","container":"b4173de707db","level":"INFO","thread":"EthScheduler-Timer-0","class":"FullSyncTargetManager","message":"Unable to find sync target. Currently checking 0 peers for usefulness","throwable":""}
{"timestamp":"2025-07-18T13:03:56,541","container":"b4173de707db","level":"INFO","thread":"EthScheduler-Timer-0","class":"FullSyncTargetManager","message":"Unable to find sync target. Currently checking 0 peers for usefulness","throwable":""}
{"timestamp":"2025-07-18T13:04:01,542","container":"b4173de707db","level":"INFO","thread":"EthScheduler-Timer-0","class":"FullSyncTargetManager","message":"Unable to find sync target. Currently checking 0 peers for usefulness","throwable":""}
{"timestamp":"2025-07-18T13:04:06,542","container":"b4173de707db","level":"INFO","thread":"EthScheduler-Timer-0","class":"FullSyncTargetManager","message":"Unable to find sync target. Currently checking 0 peers for usefulness","throwable":""}
{"timestamp":"2025-07-18T13:04:11,543","container":"b4173de707db","level":"INFO","thread":"EthScheduler-Timer-0","class":"FullSyncTargetManager","message":"Unable to find sync target. Currently checking 0 peers for usefulness","throwable":""}
{"timestamp":"2025-07-18T13:04:16,543","container":"b4173de707db","level":"INFO","thread":"EthScheduler-Timer-0","class":"FullSyncTargetManager","message":"Unable to find sync target. Currently checking 0 peers for usefulness","throwable":""}
{"timestamp":"2025-07-18T13:04:21,544","container":"b4173de707db","level":"INFO","thread":"EthScheduler-Timer-0","class":"FullSyncTargetManager","message":"Unable to find sync target. Currently checking 0 peers for usefulness","throwable":""}
{"timestamp":"2025-07-18T13:04:26,544","container":"b4173de707db","level":"INFO","thread":"EthScheduler-Timer-0","class":"FullSyncTargetManager","message":"Unable to find sync target. Currently checking 0 peers for usefulness","throwable":""}
{"timestamp":"2025-07-18T13:04:31,545","container":"b4173de707db","level":"INFO","thread":"EthScheduler-Timer-0","class":"FullSyncTargetManager","message":"Unable to find sync target. Currently checking 0 peers for usefulness","throwable":""}
{"timestamp":"2025-07-18T13:04:36,545","container":"b4173de707db","level":"INFO","thread":"EthScheduler-Timer-0","class":"FullSyncTargetManager","message":"Unable to find sync target. Currently checking 0 peers for usefulness","throwable":""}
{"timestamp":"2025-07-18T13:04:41,546","container":"b4173de707db","level":"INFO","thread":"EthScheduler-Timer-0","class":"FullSyncTargetManager","message":"Unable to find sync target. Currently checking 0 peers for usefulness","throwable":""}
{"timestamp":"2025-07-18T13:04:46,546","container":"b4173de707db","level":"INFO","thread":"EthScheduler-Timer-0","class":"FullSyncTargetManager","message":"Unable to find sync target. Currently checking 0 peers for usefulness","throwable":""}
{"timestamp":"2025-07-18T13:04:51,547","container":"b4173de707db","level":"INFO","thread":"EthScheduler-Timer-0","class":"FullSyncTargetManager","message":"Unable to find sync target. Currently checking 0 peers for usefulness","throwable":""}
{"timestamp":"2025-07-18T13:04:56,547","container":"b4173de707db","level":"INFO","thread":"EthScheduler-Timer-0","class":"FullSyncTargetManager","message":"Unable to find sync target. Currently checking 0 peers for usefulness","throwable":""}
{"timestamp":"2025-07-18T13:05:01,548","container":"b4173de707db","level":"INFO","thread":"EthScheduler-Timer-0","class":"FullSyncTargetManager","message":"Unable to find sync target. Currently checking 0 peers for usefulness","throwable":""}
{"timestamp":"2025-07-18T13:05:06,548","container":"b4173de707db","level":"INFO","thread":"EthScheduler-Timer-0","class":"FullSyncTargetManager","message":"Unable to find sync target. Currently checking 0 peers for usefulness","throwable":""}
{"timestamp":"2025-07-18T13:05:11,549","container":"b4173de707db","level":"INFO","thread":"EthScheduler-Timer-0","class":"FullSyncTargetManager","message":"Unable to find sync target. Currently checking 0 peers for usefulness","throwable":""}
{"timestamp":"2025-07-18T13:05:16,549","container":"b4173de707db","level":"INFO","thread":"EthScheduler-Timer-0","class":"FullSyncTargetManager","message":"Unable to find sync target. Currently checking 0 peers for usefulness","throwable":""}
{"timestamp":"2025-07-18T13:05:21,550","container":"b4173de707db","level":"INFO","thread":"EthScheduler-Timer-0","class":"FullSyncTargetManager","message":"Unable to find sync target. Currently checking 0 peers for usefulness","throwable":""}
{"timestamp":"2025-07-18T13:05:26,550","container":"b4173de707db","level":"INFO","thread":"EthScheduler-Timer-0","class":"FullSyncTargetManager","message":"Unable to find sync target. Currently checking 0 peers for usefulness","throwable":""}
{"timestamp":"2025-07-18T13:05:31,551","container":"b4173de707db","level":"INFO","thread":"EthScheduler-Timer-0","class":"FullSyncTargetManager","message":"Unable to find sync target. Currently checking 0 peers for usefulness","throwable":""}
{"timestamp":"2025-07-18T13:05:36,551","container":"b4173de707db","level":"INFO","thread":"EthScheduler-Timer-0","class":"FullSyncTargetManager","message":"Unable to find sync target. Currently checking 0 peers for usefulness","throwable":""}
{"timestamp":"2025-07-18T13:05:41,552","container":"b4173de707db","level":"INFO","thread":"EthScheduler-Timer-0","class":"FullSyncTargetManager","message":"Unable to find sync target. Currently checking 0 peers for usefulness","throwable":""}
{"timestamp":"2025-07-18T13:05:46,552","container":"b4173de707db","level":"INFO","thread":"EthScheduler-Timer-0","class":"FullSyncTargetManager","message":"Unable to find sync target. Currently checking 0 peers for usefulness","throwable":""}
{"timestamp":"2025-07-18T13:05:51,553","container":"b4173de707db","level":"INFO","thread":"EthScheduler-Timer-0","class":"FullSyncTargetManager","message":"Unable to find sync target. Currently checking 0 peers for usefulness","throwable":""}
{"timestamp":"2025-07-18T13:05:56,553","container":"b4173de707db","level":"INFO","thread":"EthScheduler-Timer-0","class":"FullSyncTargetManager","message":"Unable to find sync target. Currently checking 0 peers for usefulness","throwable":""}
{"timestamp":"2025-07-18T13:06:01,554","container":"b4173de707db","level":"INFO","thread":"EthScheduler-Timer-0","class":"FullSyncTargetManager","message":"Unable to find sync target. Currently checking 0 peers for usefulness","throwable":""}
{"timestamp":"2025-07-18T13:06:06,554","container":"b4173de707db","level":"INFO","thread":"EthScheduler-Timer-0","class":"FullSyncTargetManager","message":"Unable to find sync target. Currently checking 0 peers for usefulness","throwable":""}
{"timestamp":"2025-07-18T13:06:11,555","container":"b4173de707db","level":"INFO","thread":"EthScheduler-Timer-0","class":"FullSyncTargetManager","message":"Unable to find sync target. Currently checking 0 peers for usefulness","throwable":""}
{"timestamp":"2025-07-18T13:06:16,555","container":"b4173de707db","level":"INFO","thread":"EthScheduler-Timer-0","class":"FullSyncTargetManager","message":"Unable to find sync target. Currently checking 0 peers for usefulness","throwable":""}
{"timestamp":"2025-07-18T13:06:21,556","container":"b4173de707db","level":"INFO","thread":"EthScheduler-Timer-0","class":"FullSyncTargetManager","message":"Unable to find sync target. Currently checking 0 peers for usefulness","throwable":""}
{"timestamp":"2025-07-18T13:06:26,556","container":"b4173de707db","level":"INFO","thread":"EthScheduler-Timer-0","class":"FullSyncTargetManager","message":"Unable to find sync target. Currently checking 0 peers for usefulness","throwable":""}
{"timestamp":"2025-07-18T13:06:31,557","container":"b4173de707db","level":"INFO","thread":"EthScheduler-Timer-0","class":"FullSyncTargetManager","message":"Unable to find sync target. Currently checking 0 peers for usefulness","throwable":""}
{"timestamp":"2025-07-18T13:06:36,558","container":"b4173de707db","level":"INFO","thread":"EthScheduler-Timer-0","class":"FullSyncTargetManager","message":"Unable to find sync target. Currently checking 0 peers for usefulness","throwable":""}
{"timestamp":"2025-07-18T13:06:41,558","container":"b4173de707db","level":"INFO","thread":"EthScheduler-Timer-0","class":"FullSyncTargetManager","message":"Unable to find sync target. Currently checking 0 peers for usefulness","throwable":""}
{"timestamp":"2025-07-18T13:06:46,559","container":"b4173de707db","level":"INFO","thread":"EthScheduler-Timer-0","class":"FullSyncTargetManager","message":"Unable to find sync target. Currently checking 0 peers for usefulness","throwable":""}
{"timestamp":"2025-07-18T13:06:51,559","container":"b4173de707db","level":"INFO","thread":"EthScheduler-Timer-0","class":"FullSyncTargetManager","message":"Unable to find sync target. Currently checking 0 peers for usefulness","throwable":""}
{"timestamp":"2025-07-18T13:06:56,560","container":"b4173de707db","level":"INFO","thread":"EthScheduler-Timer-0","class":"FullSyncTargetManager","message":"Unable to find sync target. Currently checking 0 peers for usefulness","throwable":""}
{"timestamp":"2025-07-18T13:07:01,560","container":"b4173de707db","level":"INFO","thread":"EthScheduler-Timer-0","class":"FullSyncTargetManager","message":"Unable to find sync target. Currently checking 0 peers for usefulness","throwable":""}
{"timestamp":"2025-07-18T13:07:06,561","container":"b4173de707db","level":"INFO","thread":"EthScheduler-Timer-0","class":"FullSyncTargetManager","message":"Unable to find sync target. Currently checking 0 peers for usefulness","throwable":""}
{"timestamp":"2025-07-18T13:07:11,561","container":"b4173de707db","level":"INFO","thread":"EthScheduler-Timer-0","class":"FullSyncTargetManager","message":"Unable to find sync target. Currently checking 0 peers for usefulness","throwable":""}
{"timestamp":"2025-07-18T13:07:16,562","container":"b4173de707db","level":"INFO","thread":"EthScheduler-Timer-0","class":"FullSyncTargetManager","message":"Unable to find sync target. Currently checking 0 peers for usefulness","throwable":""}
{"timestamp":"2025-07-18T13:07:21,562","container":"b4173de707db","level":"INFO","thread":"EthScheduler-Timer-0","class":"FullSyncTargetManager","message":"Unable to find sync target. Currently checking 0 peers for usefulness","throwable":""}
{"timestamp":"2025-07-18T13:07:26,563","container":"b4173de707db","level":"INFO","thread":"EthScheduler-Timer-0","class":"FullSyncTargetManager","message":"Unable to find sync target. Currently checking 0 peers for usefulness","throwable":""}
{"timestamp":"2025-07-18T13:07:31,563","container":"b4173de707db","level":"INFO","thread":"EthScheduler-Timer-0","class":"FullSyncTargetManager","message":"Unable to find sync target. Currently checking 0 peers for usefulness","throwable":""}
{"timestamp":"2025-07-18T13:07:36,564","container":"b4173de707db","level":"INFO","thread":"EthScheduler-Timer-0","class":"FullSyncTargetManager","message":"Unable to find sync target. Currently checking 0 peers for usefulness","throwable":""}
{"timestamp":"2025-07-18T13:07:41,564","container":"b4173de707db","level":"INFO","thread":"EthScheduler-Timer-0","class":"FullSyncTargetManager","message":"Unable to find sync target. Currently checking 0 peers for usefulness","throwable":""}
{"timestamp":"2025-07-18T13:07:46,565","container":"b4173de707db","level":"INFO","thread":"EthScheduler-Timer-0","class":"FullSyncTargetManager","message":"Unable to find sync target. Currently checking 0 peers for usefulness","throwable":""}
{"timestamp":"2025-07-18T13:07:51,566","container":"b4173de707db","level":"INFO","thread":"EthScheduler-Timer-0","class":"FullSyncTargetManager","message":"Unable to find sync target. Currently checking 0 peers for usefulness","throwable":""}
{"timestamp":"2025-07-18T13:07:56,566","container":"b4173de707db","level":"INFO","thread":"EthScheduler-Timer-0","class":"FullSyncTargetManager","message":"Unable to find sync target. Currently checking 0 peers for usefulness","throwable":""}
{"timestamp":"2025-07-18T13:08:01,566","container":"b4173de707db","level":"INFO","thread":"EthScheduler-Timer-0","class":"FullSyncTargetManager","message":"Unable to find sync target. Currently checking 0 peers for usefulness","throwable":""}
{"timestamp":"2025-07-18T13:08:06,567","container":"b4173de707db","level":"INFO","thread":"EthScheduler-Timer-0","class":"FullSyncTargetManager","message":"Unable to find sync target. Currently checking 0 peers for usefulness","throwable":""}
{"timestamp":"2025-07-18T13:08:11,567","container":"b4173de707db","level":"INFO","thread":"EthScheduler-Timer-0","class":"FullSyncTargetManager","message":"Unable to find sync target. Currently checking 0 peers for usefulness","throwable":""}
{"timestamp":"2025-07-18T13:08:16,568","container":"b4173de707db","level":"INFO","thread":"EthScheduler-Timer-0","class":"FullSyncTargetManager","message":"Unable to find sync target. Currently checking 0 peers for usefulness","throwable":""}
{"timestamp":"2025-07-18T13:08:21,569","container":"b4173de707db","level":"INFO","thread":"EthScheduler-Timer-0","class":"FullSyncTargetManager","message":"Unable to find sync target. Currently checking 0 peers for usefulness","throwable":""}
{"timestamp":"2025-07-18T13:08:26,569","container":"b4173de707db","level":"INFO","thread":"EthScheduler-Timer-0","class":"FullSyncTargetManager","message":"Unable to find sync target. Currently checking 0 peers for usefulness","throwable":""}
{"timestamp":"2025-07-18T13:08:31,570","container":"b4173de707db","level":"INFO","thread":"EthScheduler-Timer-0","class":"FullSyncTargetManager","message":"Unable to find sync target. Currently checking 0 peers for usefulness","throwable":""}
{"timestamp":"2025-07-18T13:08:36,570","container":"b4173de707db","level":"INFO","thread":"EthScheduler-Timer-0","class":"FullSyncTargetManager","message":"Unable to find sync target. Currently checking 0 peers for usefulness","throwable":""}
{"timestamp":"2025-07-18T13:08:41,571","container":"b4173de707db","level":"INFO","thread":"EthScheduler-Timer-0","class":"FullSyncTargetManager","message":"Unable to find sync target. Currently checking 0 peers for usefulness","throwable":""}
{"timestamp":"2025-07-18T13:08:46,571","container":"b4173de707db","level":"INFO","thread":"EthScheduler-Timer-0","class":"FullSyncTargetManager","message":"Unable to find sync target. Currently checking 0 peers for usefulness","throwable":""}
{"timestamp":"2025-07-18T13:08:51,572","container":"b4173de707db","level":"INFO","thread":"EthScheduler-Timer-0","class":"FullSyncTargetManager","message":"Unable to find sync target. Currently checking 0 peers for usefulness","throwable":""}
{"timestamp":"2025-07-18T13:08:56,572","container":"b4173de707db","level":"INFO","thread":"EthScheduler-Timer-0","class":"FullSyncTargetManager","message":"Unable to find sync target. Currently checking 0 peers for usefulness","throwable":""}
{"timestamp":"2025-07-18T13:09:01,573","container":"b4173de707db","level":"INFO","thread":"EthScheduler-Timer-0","class":"FullSyncTargetManager","message":"Unable to find sync target. Currently checking 0 peers for usefulness","throwable":""}
{"timestamp":"2025-07-18T13:09:06,574","container":"b4173de707db","level":"INFO","thread":"EthScheduler-Timer-0","class":"FullSyncTargetManager","message":"Unable to find sync target. Currently checking 0 peers for usefulness","throwable":""}
{"timestamp":"2025-07-18T13:09:11,574","container":"b4173de707db","level":"INFO","thread":"EthScheduler-Timer-0","class":"FullSyncTargetManager","message":"Unable to find sync target. Currently checking 0 peers for usefulness","throwable":""}
{"timestamp":"2025-07-18T13:09:16,575","container":"b4173de707db","level":"INFO","thread":"EthScheduler-Timer-0","class":"FullSyncTargetManager","message":"Unable to find sync target. Currently checking 0 peers for usefulness","throwable":""}
{"timestamp":"2025-07-18T13:09:21,575","container":"b4173de707db","level":"INFO","thread":"EthScheduler-Timer-0","class":"FullSyncTargetManager","message":"Unable to find sync target. Currently checking 0 peers for usefulness","throwable":""}
{"timestamp":"2025-07-18T13:09:26,576","container":"b4173de707db","level":"INFO","thread":"EthScheduler-Timer-0","class":"FullSyncTargetManager","message":"Unable to find sync target. Currently checking 0 peers for usefulness","throwable":""}
{"timestamp":"2025-07-18T13:09:31,576","container":"b4173de707db","level":"INFO","thread":"EthScheduler-Timer-0","class":"FullSyncTargetManager","message":"Unable to find sync target. Currently checking 0 peers for usefulness","throwable":""}
{"timestamp":"2025-07-18T13:09:36,576","container":"b4173de707db","level":"INFO","thread":"EthScheduler-Timer-0","class":"FullSyncTargetManager","message":"Unable to find sync target. Currently checking 0 peers for usefulness","throwable":""}
{"timestamp":"2025-07-18T13:09:41,577","container":"b4173de707db","level":"INFO","thread":"EthScheduler-Timer-0","class":"FullSyncTargetManager","message":"Unable to find sync target. Currently checking 0 peers for usefulness","throwable":""}
{"timestamp":"2025-07-18T13:09:46,578","container":"b4173de707db","level":"INFO","thread":"EthScheduler-Timer-0","class":"FullSyncTargetManager","message":"Unable to find sync target. Currently checking 0 peers for usefulness","throwable":""}
{"timestamp":"2025-07-18T13:09:51,578","container":"b4173de707db","level":"INFO","thread":"EthScheduler-Timer-0","class":"FullSyncTargetManager","message":"Unable to find sync target. Currently checking 0 peers for usefulness","throwable":""}
{"timestamp":"2025-07-18T13:09:56,578","container":"b4173de707db","level":"INFO","thread":"EthScheduler-Timer-0","class":"FullSyncTargetManager","message":"Unable to find sync target. Currently checking 0 peers for usefulness","throwable":""}
{"timestamp":"2025-07-18T13:10:01,579","container":"b4173de707db","level":"INFO","thread":"EthScheduler-Timer-0","class":"FullSyncTargetManager","message":"Unable to find sync target. Currently checking 0 peers for usefulness","throwable":""}
{"timestamp":"2025-07-18T13:10:06,579","container":"b4173de707db","level":"INFO","thread":"EthScheduler-Timer-0","class":"FullSyncTargetManager","message":"Unable to find sync target. Currently checking 0 peers for usefulness","throwable":""}
{"timestamp":"2025-07-18T13:10:11,580","container":"b4173de707db","level":"INFO","thread":"EthScheduler-Timer-0","class":"FullSyncTargetManager","message":"Unable to find sync target. Currently checking 0 peers for usefulness","throwable":""}
{"timestamp":"2025-07-18T13:10:16,580","container":"b4173de707db","level":"INFO","thread":"EthScheduler-Timer-0","class":"FullSyncTargetManager","message":"Unable to find sync target. Currently checking 0 peers for usefulness","throwable":""}
{"timestamp":"2025-07-18T13:10:21,581","container":"b4173de707db","level":"INFO","thread":"EthScheduler-Timer-0","class":"FullSyncTargetManager","message":"Unable to find sync target. Currently checking 0 peers for usefulness","throwable":""}
{"timestamp":"2025-07-18T13:10:26,581","container":"b4173de707db","level":"INFO","thread":"EthScheduler-Timer-0","class":"FullSyncTargetManager","message":"Unable to find sync target. Currently checking 0 peers for usefulness","throwable":""}
{"timestamp":"2025-07-18T13:10:31,582","container":"b4173de707db","level":"INFO","thread":"EthScheduler-Timer-0","class":"FullSyncTargetManager","message":"Unable to find sync target. Currently checking 0 peers for usefulness","throwable":""}
{"timestamp":"2025-07-18T13:10:36,582","container":"b4173de707db","level":"INFO","thread":"EthScheduler-Timer-0","class":"FullSyncTargetManager","message":"Unable to find sync target. Currently checking 0 peers for usefulness","throwable":""}
{"timestamp":"2025-07-18T13:10:41,583","container":"b4173de707db","level":"INFO","thread":"EthScheduler-Timer-0","class":"FullSyncTargetManager","message":"Unable to find sync target. Currently checking 0 peers for usefulness","throwable":""}
{"timestamp":"2025-07-18T13:10:46,583","container":"b4173de707db","level":"INFO","thread":"EthScheduler-Timer-0","class":"FullSyncTargetManager","message":"Unable to find sync target. Currently checking 0 peers for usefulness","throwable":""}
{"timestamp":"2025-07-18T13:10:51,583","container":"b4173de707db","level":"INFO","thread":"EthScheduler-Timer-0","class":"FullSyncTargetManager","message":"Unable to find sync target. Currently checking 0 peers for usefulness","throwable":""}
{"timestamp":"2025-07-18T13:10:56,584","container":"b4173de707db","level":"INFO","thread":"EthScheduler-Timer-0","class":"FullSyncTargetManager","message":"Unable to find sync target. Currently checking 0 peers for usefulness","throwable":""}
{"timestamp":"2025-07-18T13:11:01,584","container":"b4173de707db","level":"INFO","thread":"EthScheduler-Timer-0","class":"FullSyncTargetManager","message":"Unable to find sync target. Currently checking 0 peers for usefulness","throwable":""}
{"timestamp":"2025-07-18T13:11:06,585","container":"b4173de707db","level":"INFO","thread":"EthScheduler-Timer-0","class":"FullSyncTargetManager","message":"Unable to find sync target. Currently checking 0 peers for usefulness","throwable":""}
{"timestamp":"2025-07-18T13:11:11,585","container":"b4173de707db","level":"INFO","thread":"EthScheduler-Timer-0","class":"FullSyncTargetManager","message":"Unable to find sync target. Currently checking 0 peers for usefulness","throwable":""}
{"timestamp":"2025-07-18T13:11:16,586","container":"b4173de707db","level":"INFO","thread":"EthScheduler-Timer-0","class":"FullSyncTargetManager","message":"Unable to find sync target. Currently checking 0 peers for usefulness","throwable":""}
{"timestamp":"2025-07-18T13:11:21,586","container":"b4173de707db","level":"INFO","thread":"EthScheduler-Timer-0","class":"FullSyncTargetManager","message":"Unable to find sync target. Currently checking 0 peers for usefulness","throwable":""}
{"timestamp":"2025-07-18T13:11:26,586","container":"b4173de707db","level":"INFO","thread":"EthScheduler-Timer-0","class":"FullSyncTargetManager","message":"Unable to find sync target. Currently checking 0 peers for usefulness","throwable":""}
{"timestamp":"2025-07-18T13:11:31,587","container":"b4173de707db","level":"INFO","thread":"EthScheduler-Timer-0","class":"FullSyncTargetManager","message":"Unable to find sync target. Currently checking 0 peers for usefulness","throwable":""}
{"timestamp":"2025-07-18T13:11:36,588","container":"b4173de707db","level":"INFO","thread":"EthScheduler-Timer-0","class":"FullSyncTargetManager","message":"Unable to find sync target. Currently checking 0 peers for usefulness","throwable":""}
{"timestamp":"2025-07-18T13:11:41,588","container":"b4173de707db","level":"INFO","thread":"EthScheduler-Timer-0","class":"FullSyncTargetManager","message":"Unable to find sync target. Currently checking 0 peers for usefulness","throwable":""}
{"timestamp":"2025-07-18T13:11:46,589","container":"b4173de707db","level":"INFO","thread":"EthScheduler-Timer-0","class":"FullSyncTargetManager","message":"Unable to find sync target. Currently checking 0 peers for usefulness","throwable":""}
{"timestamp":"2025-07-18T13:11:51,589","container":"b4173de707db","level":"INFO","thread":"EthScheduler-Timer-0","class":"FullSyncTargetManager","message":"Unable to find sync target. Currently checking 0 peers for usefulness","throwable":""}
{"timestamp":"2025-07-18T13:11:56,590","container":"b4173de707db","level":"INFO","thread":"EthScheduler-Timer-0","class":"FullSyncTargetManager","message":"Unable to find sync target. Currently checking 0 peers for usefulness","throwable":""}
{"timestamp":"2025-07-18T13:12:01,590","container":"b4173de707db","level":"INFO","thread":"EthScheduler-Timer-0","class":"FullSyncTargetManager","message":"Unable to find sync target. Currently checking 0 peers for usefulness","throwable":""}
{"timestamp":"2025-07-18T13:12:06,591","container":"b4173de707db","level":"INFO","thread":"EthScheduler-Timer-0","class":"FullSyncTargetManager","message":"Unable to find sync target. Currently checking 0 peers for usefulness","throwable":""}
{"timestamp":"2025-07-18T13:12:11,591","container":"b4173de707db","level":"INFO","thread":"EthScheduler-Timer-0","class":"FullSyncTargetManager","message":"Unable to find sync target. Currently checking 0 peers for usefulness","throwable":""}
{"timestamp":"2025-07-18T13:12:16,592","container":"b4173de707db","level":"INFO","thread":"EthScheduler-Timer-0","class":"FullSyncTargetManager","message":"Unable to find sync target. Currently checking 0 peers for usefulness","throwable":""}
{"timestamp":"2025-07-18T13:12:21,592","container":"b4173de707db","level":"INFO","thread":"EthScheduler-Timer-0","class":"FullSyncTargetManager","message":"Unable to find sync target. Currently checking 0 peers for usefulness","throwable":""}
{"timestamp":"2025-07-18T13:12:26,593","container":"b4173de707db","level":"INFO","thread":"EthScheduler-Timer-0","class":"FullSyncTargetManager","message":"Unable to find sync target. Currently checking 0 peers for usefulness","throwable":""}
{"timestamp":"2025-07-18T13:12:31,593","container":"b4173de707db","level":"INFO","thread":"EthScheduler-Timer-0","class":"FullSyncTargetManager","message":"Unable to find sync target. Currently checking 0 peers for usefulness","throwable":""}
{"timestamp":"2025-07-18T13:12:36,594","container":"b4173de707db","level":"INFO","thread":"EthScheduler-Timer-0","class":"FullSyncTargetManager","message":"Unable to find sync target. Currently checking 0 peers for usefulness","throwable":""}
{"timestamp":"2025-07-18T13:12:41,594","container":"b4173de707db","level":"INFO","thread":"EthScheduler-Timer-0","class":"FullSyncTargetManager","message":"Unable to find sync target. Currently checking 0 peers for usefulness","throwable":""}
{"timestamp":"2025-07-18T13:12:46,595","container":"b4173de707db","level":"INFO","thread":"EthScheduler-Timer-0","class":"FullSyncTargetManager","message":"Unable to find sync target. Currently checking 0 peers for usefulness","throwable":""}
{"timestamp":"2025-07-18T13:12:51,595","container":"b4173de707db","level":"INFO","thread":"EthScheduler-Timer-0","class":"FullSyncTargetManager","message":"Unable to find sync target. Currently checking 0 peers for usefulness","throwable":""}
{"timestamp":"2025-07-18T13:12:56,596","container":"b4173de707db","level":"INFO","thread":"EthScheduler-Timer-0","class":"FullSyncTargetManager","message":"Unable to find sync target. Currently checking 0 peers for usefulness","throwable":""}
{"timestamp":"2025-07-18T13:13:01,596","container":"b4173de707db","level":"INFO","thread":"EthScheduler-Timer-0","class":"FullSyncTargetManager","message":"Unable to find sync target. Currently checking 0 peers for usefulness","throwable":""}
{"timestamp":"2025-07-18T13:13:06,596","container":"b4173de707db","level":"INFO","thread":"EthScheduler-Timer-0","class":"FullSyncTargetManager","message":"Unable to find sync target. Currently checking 0 peers for usefulness","throwable":""}
{"timestamp":"2025-07-18T13:13:11,597","container":"b4173de707db","level":"INFO","thread":"EthScheduler-Timer-0","class":"FullSyncTargetManager","message":"Unable to find sync target. Currently checking 0 peers for usefulness","throwable":""}
{"timestamp":"2025-07-18T13:13:16,597","container":"b4173de707db","level":"INFO","thread":"EthScheduler-Timer-0","class":"FullSyncTargetManager","message":"Unable to find sync target. Currently checking 0 peers for usefulness","throwable":""}
{"timestamp":"2025-07-18T13:13:21,598","container":"b4173de707db","level":"INFO","thread":"EthScheduler-Timer-0","class":"FullSyncTargetManager","message":"Unable to find sync target. Currently checking 0 peers for usefulness","throwable":""}
{"timestamp":"2025-07-18T13:13:26,598","container":"b4173de707db","level":"INFO","thread":"EthScheduler-Timer-0","class":"FullSyncTargetManager","message":"Unable to find sync target. Currently checking 0 peers for usefulness","throwable":""}
{"timestamp":"2025-07-18T13:13:31,599","container":"b4173de707db","level":"INFO","thread":"EthScheduler-Timer-0","class":"FullSyncTargetManager","message":"Unable to find sync target. Currently checking 0 peers for usefulness","throwable":""}
{"timestamp":"2025-07-18T13:13:36,600","container":"b4173de707db","level":"INFO","thread":"EthScheduler-Timer-0","class":"FullSyncTargetManager","message":"Unable to find sync target. Currently checking 0 peers for usefulness","throwable":""}
{"timestamp":"2025-07-18T13:13:41,600","container":"b4173de707db","level":"INFO","thread":"EthScheduler-Timer-0","class":"FullSyncTargetManager","message":"Unable to find sync target. Currently checking 0 peers for usefulness","throwable":""}
{"timestamp":"2025-07-18T13:13:46,601","container":"b4173de707db","level":"INFO","thread":"EthScheduler-Timer-0","class":"FullSyncTargetManager","message":"Unable to find sync target. Currently checking 0 peers for usefulness","throwable":""}
{"timestamp":"2025-07-18T13:13:51,601","container":"b4173de707db","level":"INFO","thread":"EthScheduler-Timer-0","class":"FullSyncTargetManager","message":"Unable to find sync target. Currently checking 0 peers for usefulness","throwable":""}
{"timestamp":"2025-07-18T13:13:56,602","container":"b4173de707db","level":"INFO","thread":"EthScheduler-Timer-0","class":"FullSyncTargetManager","message":"Unable to find sync target. Currently checking 0 peers for usefulness","throwable":""}
{"timestamp":"2025-07-18T13:14:01,602","container":"b4173de707db","level":"INFO","thread":"EthScheduler-Timer-0","class":"FullSyncTargetManager","message":"Unable to find sync target. Currently checking 0 peers for usefulness","throwable":""}
{"timestamp":"2025-07-18T13:14:06,603","container":"b4173de707db","level":"INFO","thread":"EthScheduler-Timer-0","class":"FullSyncTargetManager","message":"Unable to find sync target. Currently checking 0 peers for usefulness","throwable":""}
{"timestamp":"2025-07-18T13:14:11,603","container":"b4173de707db","level":"INFO","thread":"EthScheduler-Timer-0","class":"FullSyncTargetManager","message":"Unable to find sync target. Currently checking 0 peers for usefulness","throwable":""}
{"timestamp":"2025-07-18T13:14:16,604","container":"b4173de707db","level":"INFO","thread":"EthScheduler-Timer-0","class":"FullSyncTargetManager","message":"Unable to find sync target. Currently checking 0 peers for usefulness","throwable":""}
{"timestamp":"2025-07-18T13:14:21,604","container":"b4173de707db","level":"INFO","thread":"EthScheduler-Timer-0","class":"FullSyncTargetManager","message":"Unable to find sync target. Currently checking 0 peers for usefulness","throwable":""}
{"timestamp":"2025-07-18T13:14:26,605","container":"b4173de707db","level":"INFO","thread":"EthScheduler-Timer-0","class":"FullSyncTargetManager","message":"Unable to find sync target. Currently checking 0 peers for usefulness","throwable":""}
{"timestamp":"2025-07-18T13:14:31,605","container":"b4173de707db","level":"INFO","thread":"EthScheduler-Timer-0","class":"FullSyncTargetManager","message":"Unable to find sync target. Currently checking 0 peers for usefulness","throwable":""}
{"timestamp":"2025-07-18T13:14:36,606","container":"b4173de707db","level":"INFO","thread":"EthScheduler-Timer-0","class":"FullSyncTargetManager","message":"Unable to find sync target. Currently checking 0 peers for usefulness","throwable":""}
{"timestamp":"2025-07-18T13:14:41,606","container":"b4173de707db","level":"INFO","thread":"EthScheduler-Timer-0","class":"FullSyncTargetManager","message":"Unable to find sync target. Currently checking 0 peers for usefulness","throwable":""}
{"timestamp":"2025-07-18T13:14:46,607","container":"b4173de707db","level":"INFO","thread":"EthScheduler-Timer-0","class":"FullSyncTargetManager","message":"Unable to find sync target. Currently checking 0 peers for usefulness","throwable":""}
{"timestamp":"2025-07-18T13:14:51,607","container":"b4173de707db","level":"INFO","thread":"EthScheduler-Timer-0","class":"FullSyncTargetManager","message":"Unable to find sync target. Currently checking 0 peers for usefulness","throwable":""}
{"timestamp":"2025-07-18T13:14:56,607","container":"b4173de707db","level":"INFO","thread":"EthScheduler-Timer-0","class":"FullSyncTargetManager","message":"Unable to find sync target. Currently checking 0 peers for usefulness","throwable":""}
{"timestamp":"2025-07-18T13:15:01,608","container":"b4173de707db","level":"INFO","thread":"EthScheduler-Timer-0","class":"FullSyncTargetManager","message":"Unable to find sync target. Currently checking 0 peers for usefulness","throwable":""}
{"timestamp":"2025-07-18T13:15:06,608","container":"b4173de707db","level":"INFO","thread":"EthScheduler-Timer-0","class":"FullSyncTargetManager","message":"Unable to find sync target. Currently checking 0 peers for usefulness","throwable":""}
{"timestamp":"2025-07-18T13:15:11,609","container":"b4173de707db","level":"INFO","thread":"EthScheduler-Timer-0","class":"FullSyncTargetManager","message":"Unable to find sync target. Currently checking 0 peers for usefulness","throwable":""}
{"timestamp":"2025-07-18T13:15:16,609","container":"b4173de707db","level":"INFO","thread":"EthScheduler-Timer-0","class":"FullSyncTargetManager","message":"Unable to find sync target. Currently checking 0 peers for usefulness","throwable":""}
{"timestamp":"2025-07-18T13:15:21,610","container":"b4173de707db","level":"INFO","thread":"EthScheduler-Timer-0","class":"FullSyncTargetManager","message":"Unable to find sync target. Currently checking 0 peers for usefulness","throwable":""}
{"timestamp":"2025-07-18T13:15:26,610","container":"b4173de707db","level":"INFO","thread":"EthScheduler-Timer-0","class":"FullSyncTargetManager","message":"Unable to find sync target. Currently checking 0 peers for usefulness","throwable":""}
{"timestamp":"2025-07-18T13:15:31,611","container":"b4173de707db","level":"INFO","thread":"EthScheduler-Timer-0","class":"FullSyncTargetManager","message":"Unable to find sync target. Currently checking 0 peers for usefulness","throwable":""}
{"timestamp":"2025-07-18T13:15:36,611","container":"b4173de707db","level":"INFO","thread":"EthScheduler-Timer-0","class":"FullSyncTargetManager","message":"Unable to find sync target. Currently checking 0 peers for usefulness","throwable":""}
{"timestamp":"2025-07-18T13:15:41,612","container":"b4173de707db","level":"INFO","thread":"EthScheduler-Timer-0","class":"FullSyncTargetManager","message":"Unable to find sync target. Currently checking 0 peers for usefulness","throwable":""}
{"timestamp":"2025-07-18T13:15:46,612","container":"b4173de707db","level":"INFO","thread":"EthScheduler-Timer-0","class":"FullSyncTargetManager","message":"Unable to find sync target. Currently checking 0 peers for usefulness","throwable":""}
{"timestamp":"2025-07-18T13:15:51,612","container":"b4173de707db","level":"INFO","thread":"EthScheduler-Timer-0","class":"FullSyncTargetManager","message":"Unable to find sync target. Currently checking 0 peers for usefulness","throwable":""}
{"timestamp":"2025-07-18T13:15:56,613","container":"b4173de707db","level":"INFO","thread":"EthScheduler-Timer-0","class":"FullSyncTargetManager","message":"Unable to find sync target. Currently checking 0 peers for usefulness","throwable":""}
{"timestamp":"2025-07-18T13:16:01,613","container":"b4173de707db","level":"INFO","thread":"EthScheduler-Timer-0","class":"FullSyncTargetManager","message":"Unable to find sync target. Currently checking 0 peers for usefulness","throwable":""}
{"timestamp":"2025-07-18T13:16:06,614","container":"b4173de707db","level":"INFO","thread":"EthScheduler-Timer-0","class":"FullSyncTargetManager","message":"Unable to find sync target. Currently checking 0 peers for usefulness","throwable":""}
{"timestamp":"2025-07-18T13:16:11,614","container":"b4173de707db","level":"INFO","thread":"EthScheduler-Timer-0","class":"FullSyncTargetManager","message":"Unable to find sync target. Currently checking 0 peers for usefulness","throwable":""}
{"timestamp":"2025-07-18T13:16:16,615","container":"b4173de707db","level":"INFO","thread":"EthScheduler-Timer-0","class":"FullSyncTargetManager","message":"Unable to find sync target. Currently checking 0 peers for usefulness","throwable":""}
{"timestamp":"2025-07-18T13:16:21,615","container":"b4173de707db","level":"INFO","thread":"EthScheduler-Timer-0","class":"FullSyncTargetManager","message":"Unable to find sync target. Currently checking 0 peers for usefulness","throwable":""}
{"timestamp":"2025-07-18T13:16:26,616","container":"b4173de707db","level":"INFO","thread":"EthScheduler-Timer-0","class":"FullSyncTargetManager","message":"Unable to find sync target. Currently checking 0 peers for usefulness","throwable":""}
{"timestamp":"2025-07-18T13:16:31,616","container":"b4173de707db","level":"INFO","thread":"EthScheduler-Timer-0","class":"FullSyncTargetManager","message":"Unable to find sync target. Currently checking 0 peers for usefulness","throwable":""}
{"timestamp":"2025-07-18T13:16:36,617","container":"b4173de707db","level":"INFO","thread":"EthScheduler-Timer-0","class":"FullSyncTargetManager","message":"Unable to find sync target. Currently checking 0 peers for usefulness","throwable":""}
{"timestamp":"2025-07-18T13:16:41,617","container":"b4173de707db","level":"INFO","thread":"EthScheduler-Timer-0","class":"FullSyncTargetManager","message":"Unable to find sync target. Currently checking 0 peers for usefulness","throwable":""}
{"timestamp":"2025-07-18T13:16:46,618","container":"b4173de707db","level":"INFO","thread":"EthScheduler-Timer-0","class":"FullSyncTargetManager","message":"Unable to find sync target. Currently checking 0 peers for usefulness","throwable":""}
{"timestamp":"2025-07-18T13:16:51,618","container":"b4173de707db","level":"INFO","thread":"EthScheduler-Timer-0","class":"FullSyncTargetManager","message":"Unable to find sync target. Currently checking 0 peers for usefulness","throwable":""}
{"timestamp":"2025-07-18T13:16:56,618","container":"b4173de707db","level":"INFO","thread":"EthScheduler-Timer-0","class":"FullSyncTargetManager","message":"Unable to find sync target. Currently checking 0 peers for usefulness","throwable":""}
{"timestamp":"2025-07-18T13:17:01,619","container":"b4173de707db","level":"INFO","thread":"EthScheduler-Timer-0","class":"FullSyncTargetManager","message":"Unable to find sync target. Currently checking 0 peers for usefulness","throwable":""}
{"timestamp":"2025-07-18T13:17:06,619","container":"b4173de707db","level":"INFO","thread":"EthScheduler-Timer-0","class":"FullSyncTargetManager","message":"Unable to find sync target. Currently checking 0 peers for usefulness","throwable":""}
{"timestamp":"2025-07-18T13:17:11,620","container":"b4173de707db","level":"INFO","thread":"EthScheduler-Timer-0","class":"FullSyncTargetManager","message":"Unable to find sync target. Currently checking 0 peers for usefulness","throwable":""}
{"timestamp":"2025-07-18T13:17:16,621","container":"b4173de707db","level":"INFO","thread":"EthScheduler-Timer-0","class":"FullSyncTargetManager","message":"Unable to find sync target. Currently checking 0 peers for usefulness","throwable":""}
{"timestamp":"2025-07-18T13:17:21,621","container":"b4173de707db","level":"INFO","thread":"EthScheduler-Timer-0","class":"FullSyncTargetManager","message":"Unable to find sync target. Currently checking 0 peers for usefulness","throwable":""}
{"timestamp":"2025-07-18T13:17:26,622","container":"b4173de707db","level":"INFO","thread":"EthScheduler-Timer-0","class":"FullSyncTargetManager","message":"Unable to find sync target. Currently checking 0 peers for usefulness","throwable":""}
{"timestamp":"2025-07-18T13:17:31,622","container":"b4173de707db","level":"INFO","thread":"EthScheduler-Timer-0","class":"FullSyncTargetManager","message":"Unable to find sync target. Currently checking 0 peers for usefulness","throwable":""}
{"timestamp":"2025-07-18T13:17:36,622","container":"b4173de707db","level":"INFO","thread":"EthScheduler-Timer-0","class":"FullSyncTargetManager","message":"Unable to find sync target. Currently checking 0 peers for usefulness","throwable":""}
{"timestamp":"2025-07-18T13:17:41,623","container":"b4173de707db","level":"INFO","thread":"EthScheduler-Timer-0","class":"FullSyncTargetManager","message":"Unable to find sync target. Currently checking 0 peers for usefulness","throwable":""}
{"timestamp":"2025-07-18T13:17:46,623","container":"b4173de707db","level":"INFO","thread":"EthScheduler-Timer-0","class":"FullSyncTargetManager","message":"Unable to find sync target. Currently checking 0 peers for usefulness","throwable":""}
{"timestamp":"2025-07-18T13:17:51,624","container":"b4173de707db","level":"INFO","thread":"EthScheduler-Timer-0","class":"FullSyncTargetManager","message":"Unable to find sync target. Currently checking 0 peers for usefulness","throwable":""}
{"timestamp":"2025-07-18T13:17:56,624","container":"b4173de707db","level":"INFO","thread":"EthScheduler-Timer-0","class":"FullSyncTargetManager","message":"Unable to find sync target. Currently checking 0 peers for usefulness","throwable":""}
{"timestamp":"2025-07-18T13:18:01,624","container":"b4173de707db","level":"INFO","thread":"EthScheduler-Timer-0","class":"FullSyncTargetManager","message":"Unable to find sync target. Currently checking 0 peers for usefulness","throwable":""}
{"timestamp":"2025-07-18T13:18:06,625","container":"b4173de707db","level":"INFO","thread":"EthScheduler-Timer-0","class":"FullSyncTargetManager","message":"Unable to find sync target. Currently checking 0 peers for usefulness","throwable":""}
{"timestamp":"2025-07-18T13:18:11,625","container":"b4173de707db","level":"INFO","thread":"EthScheduler-Timer-0","class":"FullSyncTargetManager","message":"Unable to find sync target. Currently checking 0 peers for usefulness","throwable":""}
{"timestamp":"2025-07-18T13:18:16,625","container":"b4173de707db","level":"INFO","thread":"EthScheduler-Timer-0","class":"FullSyncTargetManager","message":"Unable to find sync target. Currently checking 0 peers for usefulness","throwable":""}
{"timestamp":"2025-07-18T13:18:21,626","container":"b4173de707db","level":"INFO","thread":"EthScheduler-Timer-0","class":"FullSyncTargetManager","message":"Unable to find sync target. Currently checking 0 peers for usefulness","throwable":""}
{"timestamp":"2025-07-18T13:18:26,626","container":"b4173de707db","level":"INFO","thread":"EthScheduler-Timer-0","class":"FullSyncTargetManager","message":"Unable to find sync target. Currently checking 0 peers for usefulness","throwable":""}
{"timestamp":"2025-07-18T13:18:31,627","container":"b4173de707db","level":"INFO","thread":"EthScheduler-Timer-0","class":"FullSyncTargetManager","message":"Unable to find sync target. Currently checking 0 peers for usefulness","throwable":""}
{"timestamp":"2025-07-18T13:18:36,627","container":"b4173de707db","level":"INFO","thread":"EthScheduler-Timer-0","class":"FullSyncTargetManager","message":"Unable to find sync target. Currently checking 0 peers for usefulness","throwable":""}
{"timestamp":"2025-07-18T13:18:41,628","container":"b4173de707db","level":"INFO","thread":"EthScheduler-Timer-0","class":"FullSyncTargetManager","message":"Unable to find sync target. Currently checking 0 peers for usefulness","throwable":""}
{"timestamp":"2025-07-18T13:18:46,628","container":"b4173de707db","level":"INFO","thread":"EthScheduler-Timer-0","class":"FullSyncTargetManager","message":"Unable to find sync target. Currently checking 0 peers for usefulness","throwable":""}
{"timestamp":"2025-07-18T13:18:51,628","container":"b4173de707db","level":"INFO","thread":"EthScheduler-Timer-0","class":"FullSyncTargetManager","message":"Unable to find sync target. Currently checking 0 peers for usefulness","throwable":""}
{"timestamp":"2025-07-18T13:18:56,629","container":"b4173de707db","level":"INFO","thread":"EthScheduler-Timer-0","class":"FullSyncTargetManager","message":"Unable to find sync target. Currently checking 0 peers for usefulness","throwable":""}
{"timestamp":"2025-07-18T13:19:01,629","container":"b4173de707db","level":"INFO","thread":"EthScheduler-Timer-0","class":"FullSyncTargetManager","message":"Unable to find sync target. Currently checking 0 peers for usefulness","throwable":""}
{"timestamp":"2025-07-18T13:19:06,630","container":"b4173de707db","level":"INFO","thread":"EthScheduler-Timer-0","class":"FullSyncTargetManager","message":"Unable to find sync target. Currently checking 0 peers for usefulness","throwable":""}
{"timestamp":"2025-07-18T13:19:11,630","container":"b4173de707db","level":"INFO","thread":"EthScheduler-Timer-0","class":"FullSyncTargetManager","message":"Unable to find sync target. Currently checking 0 peers for usefulness","throwable":""}
{"timestamp":"2025-07-18T13:19:16,630","container":"b4173de707db","level":"INFO","thread":"EthScheduler-Timer-0","class":"FullSyncTargetManager","message":"Unable to find sync target. Currently checking 0 peers for usefulness","throwable":""}
{"timestamp":"2025-07-18T13:19:21,631","container":"b4173de707db","level":"INFO","thread":"EthScheduler-Timer-0","class":"FullSyncTargetManager","message":"Unable to find sync target. Currently checking 0 peers for usefulness","throwable":""}
{"timestamp":"2025-07-18T13:19:26,631","container":"b4173de707db","level":"INFO","thread":"EthScheduler-Timer-0","class":"FullSyncTargetManager","message":"Unable to find sync target. Currently checking 0 peers for usefulness","throwable":""}
{"timestamp":"2025-07-18T13:19:31,631","container":"b4173de707db","level":"INFO","thread":"EthScheduler-Timer-0","class":"FullSyncTargetManager","message":"Unable to find sync target. Currently checking 0 peers for usefulness","throwable":""}
{"timestamp":"2025-07-18T13:19:36,632","container":"b4173de707db","level":"INFO","thread":"EthScheduler-Timer-0","class":"FullSyncTargetManager","message":"Unable to find sync target. Currently checking 0 peers for usefulness","throwable":""}
{"timestamp":"2025-07-18T13:19:41,632","container":"b4173de707db","level":"INFO","thread":"EthScheduler-Timer-0","class":"FullSyncTargetManager","message":"Unable to find sync target. Currently checking 0 peers for usefulness","throwable":""}
{"timestamp":"2025-07-18T13:19:46,633","container":"b4173de707db","level":"INFO","thread":"EthScheduler-Timer-0","class":"FullSyncTargetManager","message":"Unable to find sync target. Currently checking 0 peers for usefulness","throwable":""}
{"timestamp":"2025-07-18T13:19:51,633","container":"b4173de707db","level":"INFO","thread":"EthScheduler-Timer-0","class":"FullSyncTargetManager","message":"Unable to find sync target. Currently checking 0 peers for usefulness","throwable":""}
{"timestamp":"2025-07-18T13:19:56,634","container":"b4173de707db","level":"INFO","thread":"EthScheduler-Timer-0","class":"FullSyncTargetManager","message":"Unable to find sync target. Currently checking 0 peers for usefulness","throwable":""}
{"timestamp":"2025-07-18T13:20:01,634","container":"b4173de707db","level":"INFO","thread":"EthScheduler-Timer-0","class":"FullSyncTargetManager","message":"Unable to find sync target. Currently checking 0 peers for usefulness","throwable":""}
{"timestamp":"2025-07-18T13:20:06,635","container":"b4173de707db","level":"INFO","thread":"EthScheduler-Timer-0","class":"FullSyncTargetManager","message":"Unable to find sync target. Currently checking 0 peers for usefulness","throwable":""}
{"timestamp":"2025-07-18T13:20:11,635","container":"b4173de707db","level":"INFO","thread":"EthScheduler-Timer-0","class":"FullSyncTargetManager","message":"Unable to find sync target. Currently checking 0 peers for usefulness","throwable":""}
{"timestamp":"2025-07-18T13:20:16,636","container":"b4173de707db","level":"INFO","thread":"EthScheduler-Timer-0","class":"FullSyncTargetManager","message":"Unable to find sync target. Currently checking 0 peers for usefulness","throwable":""}
{"timestamp":"2025-07-18T13:20:21,636","container":"b4173de707db","level":"INFO","thread":"EthScheduler-Timer-0","class":"FullSyncTargetManager","message":"Unable to find sync target. Currently checking 0 peers for usefulness","throwable":""}
{"timestamp":"2025-07-18T13:20:26,636","container":"b4173de707db","level":"INFO","thread":"EthScheduler-Timer-0","class":"FullSyncTargetManager","message":"Unable to find sync target. Currently checking 0 peers for usefulness","throwable":""}
{"timestamp":"2025-07-18T13:20:31,637","container":"b4173de707db","level":"INFO","thread":"EthScheduler-Timer-0","class":"FullSyncTargetManager","message":"Unable to find sync target. Currently checking 0 peers for usefulness","throwable":""}
{"timestamp":"2025-07-18T13:20:36,637","container":"b4173de707db","level":"INFO","thread":"EthScheduler-Timer-0","class":"FullSyncTargetManager","message":"Unable to find sync target. Currently checking 0 peers for usefulness","throwable":""}
{"timestamp":"2025-07-18T13:20:41,638","container":"b4173de707db","level":"INFO","thread":"EthScheduler-Timer-0","class":"FullSyncTargetManager","message":"Unable to find sync target. Currently checking 0 peers for usefulness","throwable":""}
{"timestamp":"2025-07-18T13:20:46,638","container":"b4173de707db","level":"INFO","thread":"EthScheduler-Timer-0","class":"FullSyncTargetManager","message":"Unable to find sync target. Currently checking 0 peers for usefulness","throwable":""}
{"timestamp":"2025-07-18T13:20:51,639","container":"b4173de707db","level":"INFO","thread":"EthScheduler-Timer-0","class":"FullSyncTargetManager","message":"Unable to find sync target. Currently checking 0 peers for usefulness","throwable":""}
{"timestamp":"2025-07-18T13:20:56,639","container":"b4173de707db","level":"INFO","thread":"EthScheduler-Timer-0","class":"FullSyncTargetManager","message":"Unable to find sync target. Currently checking 0 peers for usefulness","throwable":""}
{"timestamp":"2025-07-18T13:21:01,639","container":"b4173de707db","level":"INFO","thread":"EthScheduler-Timer-0","class":"FullSyncTargetManager","message":"Unable to find sync target. Currently checking 0 peers for usefulness","throwable":""}
{"timestamp":"2025-07-18T13:21:06,640","container":"b4173de707db","level":"INFO","thread":"EthScheduler-Timer-0","class":"FullSyncTargetManager","message":"Unable to find sync target. Currently checking 0 peers for usefulness","throwable":""}
{"timestamp":"2025-07-18T13:21:11,640","container":"b4173de707db","level":"INFO","thread":"EthScheduler-Timer-0","class":"FullSyncTargetManager","message":"Unable to find sync target. Currently checking 0 peers for usefulness","throwable":""}
{"timestamp":"2025-07-18T13:21:16,641","container":"b4173de707db","level":"INFO","thread":"EthScheduler-Timer-0","class":"FullSyncTargetManager","message":"Unable to find sync target. Currently checking 0 peers for usefulness","throwable":""}
{"timestamp":"2025-07-18T13:21:21,641","container":"b4173de707db","level":"INFO","thread":"EthScheduler-Timer-0","class":"FullSyncTargetManager","message":"Unable to find sync target. Currently checking 0 peers for usefulness","throwable":""}
{"timestamp":"2025-07-18T13:21:26,641","container":"b4173de707db","level":"INFO","thread":"EthScheduler-Timer-0","class":"FullSyncTargetManager","message":"Unable to find sync target. Currently checking 0 peers for usefulness","throwable":""}
{"timestamp":"2025-07-18T13:21:31,642","container":"b4173de707db","level":"INFO","thread":"EthScheduler-Timer-0","class":"FullSyncTargetManager","message":"Unable to find sync target. Currently checking 0 peers for usefulness","throwable":""}
{"timestamp":"2025-07-18T13:21:36,642","container":"b4173de707db","level":"INFO","thread":"EthScheduler-Timer-0","class":"FullSyncTargetManager","message":"Unable to find sync target. Currently checking 0 peers for usefulness","throwable":""}
{"timestamp":"2025-07-18T13:21:41,643","container":"b4173de707db","level":"INFO","thread":"EthScheduler-Timer-0","class":"FullSyncTargetManager","message":"Unable to find sync target. Currently checking 0 peers for usefulness","throwable":""}
{"timestamp":"2025-07-18T13:21:46,643","container":"b4173de707db","level":"INFO","thread":"EthScheduler-Timer-0","class":"FullSyncTargetManager","message":"Unable to find sync target. Currently checking 0 peers for usefulness","throwable":""}
{"timestamp":"2025-07-18T13:21:51,643","container":"b4173de707db","level":"INFO","thread":"EthScheduler-Timer-0","class":"FullSyncTargetManager","message":"Unable to find sync target. Currently checking 0 peers for usefulness","throwable":""}
{"timestamp":"2025-07-18T13:21:56,644","container":"b4173de707db","level":"INFO","thread":"EthScheduler-Timer-0","class":"FullSyncTargetManager","message":"Unable to find sync target. Currently checking 0 peers for usefulness","throwable":""}
{"timestamp":"2025-07-18T13:22:01,644","container":"b4173de707db","level":"INFO","thread":"EthScheduler-Timer-0","class":"FullSyncTargetManager","message":"Unable to find sync target. Currently checking 0 peers for usefulness","throwable":""}
{"timestamp":"2025-07-18T13:22:06,645","container":"b4173de707db","level":"INFO","thread":"EthScheduler-Timer-0","class":"FullSyncTargetManager","message":"Unable to find sync target. Currently checking 0 peers for usefulness","throwable":""}
{"timestamp":"2025-07-18T13:22:11,645","container":"b4173de707db","level":"INFO","thread":"EthScheduler-Timer-0","class":"FullSyncTargetManager","message":"Unable to find sync target. Currently checking 0 peers for usefulness","throwable":""}
{"timestamp":"2025-07-18T13:22:16,645","container":"b4173de707db","level":"INFO","thread":"EthScheduler-Timer-0","class":"FullSyncTargetManager","message":"Unable to find sync target. Currently checking 0 peers for usefulness","throwable":""}
{"timestamp":"2025-07-18T13:22:21,646","container":"b4173de707db","level":"INFO","thread":"EthScheduler-Timer-0","class":"FullSyncTargetManager","message":"Unable to find sync target. Currently checking 0 peers for usefulness","throwable":""}
{"timestamp":"2025-07-18T13:22:26,646","container":"b4173de707db","level":"INFO","thread":"EthScheduler-Timer-0","class":"FullSyncTargetManager","message":"Unable to find sync target. Currently checking 0 peers for usefulness","throwable":""}
{"timestamp":"2025-07-18T13:22:31,647","container":"b4173de707db","level":"INFO","thread":"EthScheduler-Timer-0","class":"FullSyncTargetManager","message":"Unable to find sync target. Currently checking 0 peers for usefulness","throwable":""}
{"timestamp":"2025-07-18T13:22:36,647","container":"b4173de707db","level":"INFO","thread":"EthScheduler-Timer-0","class":"FullSyncTargetManager","message":"Unable to find sync target. Currently checking 0 peers for usefulness","throwable":""}
{"timestamp":"2025-07-18T13:22:41,647","container":"b4173de707db","level":"INFO","thread":"EthScheduler-Timer-0","class":"FullSyncTargetManager","message":"Unable to find sync target. Currently checking 0 peers for usefulness","throwable":""}
{"timestamp":"2025-07-18T13:22:46,648","container":"b4173de707db","level":"INFO","thread":"EthScheduler-Timer-0","class":"FullSyncTargetManager","message":"Unable to find sync target. Currently checking 0 peers for usefulness","throwable":""}
{"timestamp":"2025-07-18T13:22:51,648","container":"b4173de707db","level":"INFO","thread":"EthScheduler-Timer-0","class":"FullSyncTargetManager","message":"Unable to find sync target. Currently checking 0 peers for usefulness","throwable":""}
{"timestamp":"2025-07-18T13:22:56,649","container":"b4173de707db","level":"INFO","thread":"EthScheduler-Timer-0","class":"FullSyncTargetManager","message":"Unable to find sync target. Currently checking 0 peers for usefulness","throwable":""}
{"timestamp":"2025-07-18T13:23:01,649","container":"b4173de707db","level":"INFO","thread":"EthScheduler-Timer-0","class":"FullSyncTargetManager","message":"Unable to find sync target. Currently checking 0 peers for usefulness","throwable":""}
{"timestamp":"2025-07-18T13:23:06,650","container":"b4173de707db","level":"INFO","thread":"EthScheduler-Timer-0","class":"FullSyncTargetManager","message":"Unable to find sync target. Currently checking 0 peers for usefulness","throwable":""}
{"timestamp":"2025-07-18T13:23:11,650","container":"b4173de707db","level":"INFO","thread":"EthScheduler-Timer-0","class":"FullSyncTargetManager","message":"Unable to find sync target. Currently checking 0 peers for usefulness","throwable":""}
{"timestamp":"2025-07-18T13:23:16,651","container":"b4173de707db","level":"INFO","thread":"EthScheduler-Timer-0","class":"FullSyncTargetManager","message":"Unable to find sync target. Currently checking 0 peers for usefulness","throwable":""}
{"timestamp":"2025-07-18T13:23:21,651","container":"b4173de707db","level":"INFO","thread":"EthScheduler-Timer-0","class":"FullSyncTargetManager","message":"Unable to find sync target. Currently checking 0 peers for usefulness","throwable":""}
{"timestamp":"2025-07-18T13:23:26,652","container":"b4173de707db","level":"INFO","thread":"EthScheduler-Timer-0","class":"FullSyncTargetManager","message":"Unable to find sync target. Currently checking 0 peers for usefulness","throwable":""}
{"timestamp":"2025-07-18T13:23:31,652","container":"b4173de707db","level":"INFO","thread":"EthScheduler-Timer-0","class":"FullSyncTargetManager","message":"Unable to find sync target. Currently checking 0 peers for usefulness","throwable":""}
{"timestamp":"2025-07-18T13:23:36,653","container":"b4173de707db","level":"INFO","thread":"EthScheduler-Timer-0","class":"FullSyncTargetManager","message":"Unable to find sync target. Currently checking 0 peers for usefulness","throwable":""}
{"timestamp":"2025-07-18T13:23:41,653","container":"b4173de707db","level":"INFO","thread":"EthScheduler-Timer-0","class":"FullSyncTargetManager","message":"Unable to find sync target. Currently checking 0 peers for usefulness","throwable":""}
{"timestamp":"2025-07-18T13:23:46,653","container":"b4173de707db","level":"INFO","thread":"EthScheduler-Timer-0","class":"FullSyncTargetManager","message":"Unable to find sync target. Currently checking 0 peers for usefulness","throwable":""}
{"timestamp":"2025-07-18T13:23:51,654","container":"b4173de707db","level":"INFO","thread":"EthScheduler-Timer-0","class":"FullSyncTargetManager","message":"Unable to find sync target. Currently checking 0 peers for usefulness","throwable":""}
{"timestamp":"2025-07-18T13:23:56,654","container":"b4173de707db","level":"INFO","thread":"EthScheduler-Timer-0","class":"FullSyncTargetManager","message":"Unable to find sync target. Currently checking 0 peers for usefulness","throwable":""}
{"timestamp":"2025-07-18T13:24:01,654","container":"b4173de707db","level":"INFO","thread":"EthScheduler-Timer-0","class":"FullSyncTargetManager","message":"Unable to find sync target. Currently checking 0 peers for usefulness","throwable":""}
{"timestamp":"2025-07-18T13:24:06,655","container":"b4173de707db","level":"INFO","thread":"EthScheduler-Timer-0","class":"FullSyncTargetManager","message":"Unable to find sync target. Currently checking 0 peers for usefulness","throwable":""}
{"timestamp":"2025-07-18T13:24:11,655","container":"b4173de707db","level":"INFO","thread":"EthScheduler-Timer-0","class":"FullSyncTargetManager","message":"Unable to find sync target. Currently checking 0 peers for usefulness","throwable":""}
{"timestamp":"2025-07-18T13:24:16,655","container":"b4173de707db","level":"INFO","thread":"EthScheduler-Timer-0","class":"FullSyncTargetManager","message":"Unable to find sync target. Currently checking 0 peers for usefulness","throwable":""}
{"timestamp":"2025-07-18T13:24:21,656","container":"b4173de707db","level":"INFO","thread":"EthScheduler-Timer-0","class":"FullSyncTargetManager","message":"Unable to find sync target. Currently checking 0 peers for usefulness","throwable":""}
{"timestamp":"2025-07-18T13:24:26,657","container":"b4173de707db","level":"INFO","thread":"EthScheduler-Timer-0","class":"FullSyncTargetManager","message":"Unable to find sync target. Currently checking 0 peers for usefulness","throwable":""}
{"timestamp":"2025-07-18T13:24:31,657","container":"b4173de707db","level":"INFO","thread":"EthScheduler-Timer-0","class":"FullSyncTargetManager","message":"Unable to find sync target. Currently checking 0 peers for usefulness","throwable":""}
{"timestamp":"2025-07-18T13:24:36,657","container":"b4173de707db","level":"INFO","thread":"EthScheduler-Timer-0","class":"FullSyncTargetManager","message":"Unable to find sync target. Currently checking 0 peers for usefulness","throwable":""}
{"timestamp":"2025-07-18T13:24:41,658","container":"b4173de707db","level":"INFO","thread":"EthScheduler-Timer-0","class":"FullSyncTargetManager","message":"Unable to find sync target. Currently checking 0 peers for usefulness","throwable":""}
{"timestamp":"2025-07-18T13:24:46,658","container":"b4173de707db","level":"INFO","thread":"EthScheduler-Timer-0","class":"FullSyncTargetManager","message":"Unable to find sync target. Currently checking 0 peers for usefulness","throwable":""}
{"timestamp":"2025-07-18T13:24:51,659","container":"b4173de707db","level":"INFO","thread":"EthScheduler-Timer-0","class":"FullSyncTargetManager","message":"Unable to find sync target. Currently checking 0 peers for usefulness","throwable":""}
{"timestamp":"2025-07-18T13:24:56,659","container":"b4173de707db","level":"INFO","thread":"EthScheduler-Timer-0","class":"FullSyncTargetManager","message":"Unable to find sync target. Currently checking 0 peers for usefulness","throwable":""}
{"timestamp":"2025-07-18T13:25:01,660","container":"b4173de707db","level":"INFO","thread":"EthScheduler-Timer-0","class":"FullSyncTargetManager","message":"Unable to find sync target. Currently checking 0 peers for usefulness","throwable":""}
{"timestamp":"2025-07-18T13:25:06,660","container":"b4173de707db","level":"INFO","thread":"EthScheduler-Timer-0","class":"FullSyncTargetManager","message":"Unable to find sync target. Currently checking 0 peers for usefulness","throwable":""}
{"timestamp":"2025-07-18T13:25:11,660","container":"b4173de707db","level":"INFO","thread":"EthScheduler-Timer-0","class":"FullSyncTargetManager","message":"Unable to find sync target. Currently checking 0 peers for usefulness","throwable":""}
{"timestamp":"2025-07-18T13:25:16,661","container":"b4173de707db","level":"INFO","thread":"EthScheduler-Timer-0","class":"FullSyncTargetManager","message":"Unable to find sync target. Currently checking 0 peers for usefulness","throwable":""}
{"timestamp":"2025-07-18T13:25:21,661","container":"b4173de707db","level":"INFO","thread":"EthScheduler-Timer-0","class":"FullSyncTargetManager","message":"Unable to find sync target. Currently checking 0 peers for usefulness","throwable":""}
{"timestamp":"2025-07-18T13:25:26,662","container":"b4173de707db","level":"INFO","thread":"EthScheduler-Timer-0","class":"FullSyncTargetManager","message":"Unable to find sync target. Currently checking 0 peers for usefulness","throwable":""}
{"timestamp":"2025-07-18T13:25:31,662","container":"b4173de707db","level":"INFO","thread":"EthScheduler-Timer-0","class":"FullSyncTargetManager","message":"Unable to find sync target. Currently checking 0 peers for usefulness","throwable":""}
{"timestamp":"2025-07-18T13:25:36,663","container":"b4173de707db","level":"INFO","thread":"EthScheduler-Timer-0","class":"FullSyncTargetManager","message":"Unable to find sync target. Currently checking 0 peers for usefulness","throwable":""}
{"timestamp":"2025-07-18T13:25:41,663","container":"b4173de707db","level":"INFO","thread":"EthScheduler-Timer-0","class":"FullSyncTargetManager","message":"Unable to find sync target. Currently checking 0 peers for usefulness","throwable":""}
{"timestamp":"2025-07-18T13:25:46,663","container":"b4173de707db","level":"INFO","thread":"EthScheduler-Timer-0","class":"FullSyncTargetManager","message":"Unable to find sync target. Currently checking 0 peers for usefulness","throwable":""}
{"timestamp":"2025-07-18T13:25:51,664","container":"b4173de707db","level":"INFO","thread":"EthScheduler-Timer-0","class":"FullSyncTargetManager","message":"Unable to find sync target. Currently checking 0 peers for usefulness","throwable":""}
{"timestamp":"2025-07-18T13:25:56,664","container":"b4173de707db","level":"INFO","thread":"EthScheduler-Timer-0","class":"FullSyncTargetManager","message":"Unable to find sync target. Currently checking 0 peers for usefulness","throwable":""}
{"timestamp":"2025-07-18T13:26:01,664","container":"b4173de707db","level":"INFO","thread":"EthScheduler-Timer-0","class":"FullSyncTargetManager","message":"Unable to find sync target. Currently checking 0 peers for usefulness","throwable":""}
{"timestamp":"2025-07-18T13:26:06,665","container":"b4173de707db","level":"INFO","thread":"EthScheduler-Timer-0","class":"FullSyncTargetManager","message":"Unable to find sync target. Currently checking 0 peers for usefulness","throwable":""}
{"timestamp":"2025-07-18T13:26:11,665","container":"b4173de707db","level":"INFO","thread":"EthScheduler-Timer-0","class":"FullSyncTargetManager","message":"Unable to find sync target. Currently checking 0 peers for usefulness","throwable":""}
{"timestamp":"2025-07-18T13:26:16,666","container":"b4173de707db","level":"INFO","thread":"EthScheduler-Timer-0","class":"FullSyncTargetManager","message":"Unable to find sync target. Currently checking 0 peers for usefulness","throwable":""}
{"timestamp":"2025-07-18T13:26:21,666","container":"b4173de707db","level":"INFO","thread":"EthScheduler-Timer-0","class":"FullSyncTargetManager","message":"Unable to find sync target. Currently checking 0 peers for usefulness","throwable":""}
{"timestamp":"2025-07-18T13:26:26,667","container":"b4173de707db","level":"INFO","thread":"EthScheduler-Timer-0","class":"FullSyncTargetManager","message":"Unable to find sync target. Currently checking 0 peers for usefulness","throwable":""}
{"timestamp":"2025-07-18T13:26:31,667","container":"b4173de707db","level":"INFO","thread":"EthScheduler-Timer-0","class":"FullSyncTargetManager","message":"Unable to find sync target. Currently checking 0 peers for usefulness","throwable":""}
{"timestamp":"2025-07-18T13:26:36,668","container":"b4173de707db","level":"INFO","thread":"EthScheduler-Timer-0","class":"FullSyncTargetManager","message":"Unable to find sync target. Currently checking 0 peers for usefulness","throwable":""}
{"timestamp":"2025-07-18T13:26:41,668","container":"b4173de707db","level":"INFO","thread":"EthScheduler-Timer-0","class":"FullSyncTargetManager","message":"Unable to find sync target. Currently checking 0 peers for usefulness","throwable":""}
{"timestamp":"2025-07-18T13:26:46,669","container":"b4173de707db","level":"INFO","thread":"EthScheduler-Timer-0","class":"FullSyncTargetManager","message":"Unable to find sync target. Currently checking 0 peers for usefulness","throwable":""}
{"timestamp":"2025-07-18T13:26:51,669","container":"b4173de707db","level":"INFO","thread":"EthScheduler-Timer-0","class":"FullSyncTargetManager","message":"Unable to find sync target. Currently checking 0 peers for usefulness","throwable":""}
{"timestamp":"2025-07-18T13:26:56,669","container":"b4173de707db","level":"INFO","thread":"EthScheduler-Timer-0","class":"FullSyncTargetManager","message":"Unable to find sync target. Currently checking 0 peers for usefulness","throwable":""}
{"timestamp":"2025-07-18T13:27:01,670","container":"b4173de707db","level":"INFO","thread":"EthScheduler-Timer-0","class":"FullSyncTargetManager","message":"Unable to find sync target. Currently checking 0 peers for usefulness","throwable":""}
{"timestamp":"2025-07-18T13:27:06,670","container":"b4173de707db","level":"INFO","thread":"EthScheduler-Timer-0","class":"FullSyncTargetManager","message":"Unable to find sync target. Currently checking 0 peers for usefulness","throwable":""}
{"timestamp":"2025-07-18T13:27:11,671","container":"b4173de707db","level":"INFO","thread":"EthScheduler-Timer-0","class":"FullSyncTargetManager","message":"Unable to find sync target. Currently checking 0 peers for usefulness","throwable":""}
{"timestamp":"2025-07-18T13:27:16,671","container":"b4173de707db","level":"INFO","thread":"EthScheduler-Timer-0","class":"FullSyncTargetManager","message":"Unable to find sync target. Currently checking 0 peers for usefulness","throwable":""}
{"timestamp":"2025-07-18T13:27:21,672","container":"b4173de707db","level":"INFO","thread":"EthScheduler-Timer-0","class":"FullSyncTargetManager","message":"Unable to find sync target. Currently checking 0 peers for usefulness","throwable":""}
{"timestamp":"2025-07-18T13:27:26,672","container":"b4173de707db","level":"INFO","thread":"EthScheduler-Timer-0","class":"FullSyncTargetManager","message":"Unable to find sync target. Currently checking 0 peers for usefulness","throwable":""}
{"timestamp":"2025-07-18T13:27:31,672","container":"b4173de707db","level":"INFO","thread":"EthScheduler-Timer-0","class":"FullSyncTargetManager","message":"Unable to find sync target. Currently checking 0 peers for usefulness","throwable":""}
{"timestamp":"2025-07-18T13:27:36,673","container":"b4173de707db","level":"INFO","thread":"EthScheduler-Timer-0","class":"FullSyncTargetManager","message":"Unable to find sync target. Currently checking 0 peers for usefulness","throwable":""}
{"timestamp":"2025-07-18T13:27:41,673","container":"b4173de707db","level":"INFO","thread":"EthScheduler-Timer-0","class":"FullSyncTargetManager","message":"Unable to find sync target. Currently checking 0 peers for usefulness","throwable":""}
{"timestamp":"2025-07-18T13:27:46,674","container":"b4173de707db","level":"INFO","thread":"EthScheduler-Timer-0","class":"FullSyncTargetManager","message":"Unable to find sync target. Currently checking 0 peers for usefulness","throwable":""}
{"timestamp":"2025-07-18T13:27:51,674","container":"b4173de707db","level":"INFO","thread":"EthScheduler-Timer-0","class":"FullSyncTargetManager","message":"Unable to find sync target. Currently checking 0 peers for usefulness","throwable":""}
{"timestamp":"2025-07-18T13:27:56,675","container":"b4173de707db","level":"INFO","thread":"EthScheduler-Timer-0","class":"FullSyncTargetManager","message":"Unable to find sync target. Currently checking 0 peers for usefulness","throwable":""}
{"timestamp":"2025-07-18T13:28:01,675","container":"b4173de707db","level":"INFO","thread":"EthScheduler-Timer-0","class":"FullSyncTargetManager","message":"Unable to find sync target. Currently checking 0 peers for usefulness","throwable":""}
{"timestamp":"2025-07-18T13:28:06,676","container":"b4173de707db","level":"INFO","thread":"EthScheduler-Timer-0","class":"FullSyncTargetManager","message":"Unable to find sync target. Currently checking 0 peers for usefulness","throwable":""}
{"timestamp":"2025-07-18T13:28:11,676","container":"b4173de707db","level":"INFO","thread":"EthScheduler-Timer-0","class":"FullSyncTargetManager","message":"Unable to find sync target. Currently checking 0 peers for usefulness","throwable":""}
{"timestamp":"2025-07-18T13:28:16,677","container":"b4173de707db","level":"INFO","thread":"EthScheduler-Timer-0","class":"FullSyncTargetManager","message":"Unable to find sync target. Currently checking 0 peers for usefulness","throwable":""}
{"timestamp":"2025-07-18T13:28:21,677","container":"b4173de707db","level":"INFO","thread":"EthScheduler-Timer-0","class":"FullSyncTargetManager","message":"Unable to find sync target. Currently checking 0 peers for usefulness","throwable":""}
{"timestamp":"2025-07-18T13:28:26,677","container":"b4173de707db","level":"INFO","thread":"EthScheduler-Timer-0","class":"FullSyncTargetManager","message":"Unable to find sync target. Currently checking 0 peers for usefulness","throwable":""}
{"timestamp":"2025-07-18T13:28:31,678","container":"b4173de707db","level":"INFO","thread":"EthScheduler-Timer-0","class":"FullSyncTargetManager","message":"Unable to find sync target. Currently checking 0 peers for usefulness","throwable":""}
{"timestamp":"2025-07-18T13:28:36,678","container":"b4173de707db","level":"INFO","thread":"EthScheduler-Timer-0","class":"FullSyncTargetManager","message":"Unable to find sync target. Currently checking 0 peers for usefulness","throwable":""}
{"timestamp":"2025-07-18T13:28:41,679","container":"b4173de707db","level":"INFO","thread":"EthScheduler-Timer-0","class":"FullSyncTargetManager","message":"Unable to find sync target. Currently checking 0 peers for usefulness","throwable":""}
{"timestamp":"2025-07-18T13:28:46,679","container":"b4173de707db","level":"INFO","thread":"EthScheduler-Timer-0","class":"FullSyncTargetManager","message":"Unable to find sync target. Currently checking 0 peers for usefulness","throwable":""}
{"timestamp":"2025-07-18T13:28:51,679","container":"b4173de707db","level":"INFO","thread":"EthScheduler-Timer-0","class":"FullSyncTargetManager","message":"Unable to find sync target. Currently checking 0 peers for usefulness","throwable":""}
{"timestamp":"2025-07-18T13:28:56,680","container":"b4173de707db","level":"INFO","thread":"EthScheduler-Timer-0","class":"FullSyncTargetManager","message":"Unable to find sync target. Currently checking 0 peers for usefulness","throwable":""}
{"timestamp":"2025-07-18T13:29:01,680","container":"b4173de707db","level":"INFO","thread":"EthScheduler-Timer-0","class":"FullSyncTargetManager","message":"Unable to find sync target. Currently checking 0 peers for usefulness","throwable":""}
{"timestamp":"2025-07-18T13:29:06,681","container":"b4173de707db","level":"INFO","thread":"EthScheduler-Timer-0","class":"FullSyncTargetManager","message":"Unable to find sync target. Currently checking 0 peers for usefulness","throwable":""}
{"timestamp":"2025-07-18T13:29:11,681","container":"b4173de707db","level":"INFO","thread":"EthScheduler-Timer-0","class":"FullSyncTargetManager","message":"Unable to find sync target. Currently checking 0 peers for usefulness","throwable":""}
{"timestamp":"2025-07-18T13:29:16,681","container":"b4173de707db","level":"INFO","thread":"EthScheduler-Timer-0","class":"FullSyncTargetManager","message":"Unable to find sync target. Currently checking 0 peers for usefulness","throwable":""}
{"timestamp":"2025-07-18T13:29:21,682","container":"b4173de707db","level":"INFO","thread":"EthScheduler-Timer-0","class":"FullSyncTargetManager","message":"Unable to find sync target. Currently checking 0 peers for usefulness","throwable":""}
{"timestamp":"2025-07-18T13:29:26,682","container":"b4173de707db","level":"INFO","thread":"EthScheduler-Timer-0","class":"FullSyncTargetManager","message":"Unable to find sync target. Currently checking 0 peers for usefulness","throwable":""}
{"timestamp":"2025-07-18T13:29:31,682","container":"b4173de707db","level":"INFO","thread":"EthScheduler-Timer-0","class":"FullSyncTargetManager","message":"Unable to find sync target. Currently checking 0 peers for usefulness","throwable":""}
{"timestamp":"2025-07-18T13:29:36,683","container":"b4173de707db","level":"INFO","thread":"EthScheduler-Timer-0","class":"FullSyncTargetManager","message":"Unable to find sync target. Currently checking 0 peers for usefulness","throwable":""}
{"timestamp":"2025-07-18T13:29:41,683","container":"b4173de707db","level":"INFO","thread":"EthScheduler-Timer-0","class":"FullSyncTargetManager","message":"Unable to find sync target. Currently checking 0 peers for usefulness","throwable":""}
{"timestamp":"2025-07-18T13:29:46,684","container":"b4173de707db","level":"INFO","thread":"EthScheduler-Timer-0","class":"FullSyncTargetManager","message":"Unable to find sync target. Currently checking 0 peers for usefulness","throwable":""}
{"timestamp":"2025-07-18T13:29:51,684","container":"b4173de707db","level":"INFO","thread":"EthScheduler-Timer-0","class":"FullSyncTargetManager","message":"Unable to find sync target. Currently checking 0 peers for usefulness","throwable":""}
{"timestamp":"2025-07-18T13:29:56,684","container":"b4173de707db","level":"INFO","thread":"EthScheduler-Timer-0","class":"FullSyncTargetManager","message":"Unable to find sync target. Currently checking 0 peers for usefulness","throwable":""}
{"timestamp":"2025-07-18T13:30:01,685","container":"b4173de707db","level":"INFO","thread":"EthScheduler-Timer-0","class":"FullSyncTargetManager","message":"Unable to find sync target. Currently checking 0 peers for usefulness","throwable":""}
{"timestamp":"2025-07-18T13:30:06,685","container":"b4173de707db","level":"INFO","thread":"EthScheduler-Timer-0","class":"FullSyncTargetManager","message":"Unable to find sync target. Currently checking 0 peers for usefulness","throwable":""}
{"timestamp":"2025-07-18T13:30:11,685","container":"b4173de707db","level":"INFO","thread":"EthScheduler-Timer-0","class":"FullSyncTargetManager","message":"Unable to find sync target. Currently checking 0 peers for usefulness","throwable":""}
{"timestamp":"2025-07-18T13:30:16,686","container":"b4173de707db","level":"INFO","thread":"EthScheduler-Timer-0","class":"FullSyncTargetManager","message":"Unable to find sync target. Currently checking 0 peers for usefulness","throwable":""}
{"timestamp":"2025-07-18T13:30:21,686","container":"b4173de707db","level":"INFO","thread":"EthScheduler-Timer-0","class":"FullSyncTargetManager","message":"Unable to find sync target. Currently checking 0 peers for usefulness","throwable":""}
{"timestamp":"2025-07-18T13:30:26,686","container":"b4173de707db","level":"INFO","thread":"EthScheduler-Timer-0","class":"FullSyncTargetManager","message":"Unable to find sync target. Currently checking 0 peers for usefulness","throwable":""}
{"timestamp":"2025-07-18T13:30:31,687","container":"b4173de707db","level":"INFO","thread":"EthScheduler-Timer-0","class":"FullSyncTargetManager","message":"Unable to find sync target. Currently checking 0 peers for usefulness","throwable":""}
{"timestamp":"2025-07-18T13:30:36,687","container":"b4173de707db","level":"INFO","thread":"EthScheduler-Timer-0","class":"FullSyncTargetManager","message":"Unable to find sync target. Currently checking 0 peers for usefulness","throwable":""}
{"timestamp":"2025-07-18T13:30:41,688","container":"b4173de707db","level":"INFO","thread":"EthScheduler-Timer-0","class":"FullSyncTargetManager","message":"Unable to find sync target. Currently checking 0 peers for usefulness","throwable":""}
{"timestamp":"2025-07-18T13:30:46,688","container":"b4173de707db","level":"INFO","thread":"EthScheduler-Timer-0","class":"FullSyncTargetManager","message":"Unable to find sync target. Currently checking 0 peers for usefulness","throwable":""}
{"timestamp":"2025-07-18T13:30:51,688","container":"b4173de707db","level":"INFO","thread":"EthScheduler-Timer-0","class":"FullSyncTargetManager","message":"Unable to find sync target. Currently checking 0 peers for usefulness","throwable":""}
{"timestamp":"2025-07-18T13:30:56,689","container":"b4173de707db","level":"INFO","thread":"EthScheduler-Timer-0","class":"FullSyncTargetManager","message":"Unable to find sync target. Currently checking 0 peers for usefulness","throwable":""}
{"timestamp":"2025-07-18T13:31:01,689","container":"b4173de707db","level":"INFO","thread":"EthScheduler-Timer-0","class":"FullSyncTargetManager","message":"Unable to find sync target. Currently checking 0 peers for usefulness","throwable":""}
{"timestamp":"2025-07-18T13:31:06,690","container":"b4173de707db","level":"INFO","thread":"EthScheduler-Timer-0","class":"FullSyncTargetManager","message":"Unable to find sync target. Currently checking 0 peers for usefulness","throwable":""}
{"timestamp":"2025-07-18T13:31:11,690","container":"b4173de707db","level":"INFO","thread":"EthScheduler-Timer-0","class":"FullSyncTargetManager","message":"Unable to find sync target. Currently checking 0 peers for usefulness","throwable":""}
{"timestamp":"2025-07-18T13:31:16,690","container":"b4173de707db","level":"INFO","thread":"EthScheduler-Timer-0","class":"FullSyncTargetManager","message":"Unable to find sync target. Currently checking 0 peers for usefulness","throwable":""}
{"timestamp":"2025-07-18T13:31:21,691","container":"b4173de707db","level":"INFO","thread":"EthScheduler-Timer-0","class":"FullSyncTargetManager","message":"Unable to find sync target. Currently checking 0 peers for usefulness","throwable":""}
{"timestamp":"2025-07-18T13:31:26,691","container":"b4173de707db","level":"INFO","thread":"EthScheduler-Timer-0","class":"FullSyncTargetManager","message":"Unable to find sync target. Currently checking 0 peers for usefulness","throwable":""}
{"timestamp":"2025-07-18T13:31:31,692","container":"b4173de707db","level":"INFO","thread":"EthScheduler-Timer-0","class":"FullSyncTargetManager","message":"Unable to find sync target. Currently checking 0 peers for usefulness","throwable":""}
{"timestamp":"2025-07-18T13:31:36,692","container":"b4173de707db","level":"INFO","thread":"EthScheduler-Timer-0","class":"FullSyncTargetManager","message":"Unable to find sync target. Currently checking 0 peers for usefulness","throwable":""}
{"timestamp":"2025-07-18T13:31:41,692","container":"b4173de707db","level":"INFO","thread":"EthScheduler-Timer-0","class":"FullSyncTargetManager","message":"Unable to find sync target. Currently checking 0 peers for usefulness","throwable":""}
{"timestamp":"2025-07-18T13:31:46,693","container":"b4173de707db","level":"INFO","thread":"EthScheduler-Timer-0","class":"FullSyncTargetManager","message":"Unable to find sync target. Currently checking 0 peers for usefulness","throwable":""}
{"timestamp":"2025-07-18T13:31:51,693","container":"b4173de707db","level":"INFO","thread":"EthScheduler-Timer-0","class":"FullSyncTargetManager","message":"Unable to find sync target. Currently checking 0 peers for usefulness","throwable":""}
{"timestamp":"2025-07-18T13:31:56,693","container":"b4173de707db","level":"INFO","thread":"EthScheduler-Timer-0","class":"FullSyncTargetManager","message":"Unable to find sync target. Currently checking 0 peers for usefulness","throwable":""}
{"timestamp":"2025-07-18T13:32:01,694","container":"b4173de707db","level":"INFO","thread":"EthScheduler-Timer-0","class":"FullSyncTargetManager","message":"Unable to find sync target. Currently checking 0 peers for usefulness","throwable":""}
{"timestamp":"2025-07-18T13:32:06,694","container":"b4173de707db","level":"INFO","thread":"EthScheduler-Timer-0","class":"FullSyncTargetManager","message":"Unable to find sync target. Currently checking 0 peers for usefulness","throwable":""}
{"timestamp":"2025-07-18T13:32:11,694","container":"b4173de707db","level":"INFO","thread":"EthScheduler-Timer-0","class":"FullSyncTargetManager","message":"Unable to find sync target. Currently checking 0 peers for usefulness","throwable":""}
{"timestamp":"2025-07-18T13:32:16,695","container":"b4173de707db","level":"INFO","thread":"EthScheduler-Timer-0","class":"FullSyncTargetManager","message":"Unable to find sync target. Currently checking 0 peers for usefulness","throwable":""}
{"timestamp":"2025-07-18T13:32:21,695","container":"b4173de707db","level":"INFO","thread":"EthScheduler-Timer-0","class":"FullSyncTargetManager","message":"Unable to find sync target. Currently checking 0 peers for usefulness","throwable":""}
{"timestamp":"2025-07-18T13:32:26,695","container":"b4173de707db","level":"INFO","thread":"EthScheduler-Timer-0","class":"FullSyncTargetManager","message":"Unable to find sync target. Currently checking 0 peers for usefulness","throwable":""}
{"timestamp":"2025-07-18T13:32:31,696","container":"b4173de707db","level":"INFO","thread":"EthScheduler-Timer-0","class":"FullSyncTargetManager","message":"Unable to find sync target. Currently checking 0 peers for usefulness","throwable":""}
{"timestamp":"2025-07-18T13:32:36,696","container":"b4173de707db","level":"INFO","thread":"EthScheduler-Timer-0","class":"FullSyncTargetManager","message":"Unable to find sync target. Currently checking 0 peers for usefulness","throwable":""}
{"timestamp":"2025-07-18T13:32:41,697","container":"b4173de707db","level":"INFO","thread":"EthScheduler-Timer-0","class":"FullSyncTargetManager","message":"Unable to find sync target. Currently checking 0 peers for usefulness","throwable":""}
{"timestamp":"2025-07-18T13:32:46,697","container":"b4173de707db","level":"INFO","thread":"EthScheduler-Timer-0","class":"FullSyncTargetManager","message":"Unable to find sync target. Currently checking 0 peers for usefulness","throwable":""}
{"timestamp":"2025-07-18T13:32:51,697","container":"b4173de707db","level":"INFO","thread":"EthScheduler-Timer-0","class":"FullSyncTargetManager","message":"Unable to find sync target. Currently checking 0 peers for usefulness","throwable":""}
{"timestamp":"2025-07-18T13:32:56,698","container":"b4173de707db","level":"INFO","thread":"EthScheduler-Timer-0","class":"FullSyncTargetManager","message":"Unable to find sync target. Currently checking 0 peers for usefulness","throwable":""}
{"timestamp":"2025-07-18T13:33:01,698","container":"b4173de707db","level":"INFO","thread":"EthScheduler-Timer-0","class":"FullSyncTargetManager","message":"Unable to find sync target. Currently checking 0 peers for usefulness","throwable":""}
{"timestamp":"2025-07-18T13:33:06,699","container":"b4173de707db","level":"INFO","thread":"EthScheduler-Timer-0","class":"FullSyncTargetManager","message":"Unable to find sync target. Currently checking 0 peers for usefulness","throwable":""}
{"timestamp":"2025-07-18T13:33:11,699","container":"b4173de707db","level":"INFO","thread":"EthScheduler-Timer-0","class":"FullSyncTargetManager","message":"Unable to find sync target. Currently checking 0 peers for usefulness","throwable":""}
{"timestamp":"2025-07-18T13:33:16,699","container":"b4173de707db","level":"INFO","thread":"EthScheduler-Timer-0","class":"FullSyncTargetManager","message":"Unable to find sync target. Currently checking 0 peers for usefulness","throwable":""}
{"timestamp":"2025-07-18T13:33:21,700","container":"b4173de707db","level":"INFO","thread":"EthScheduler-Timer-0","class":"FullSyncTargetManager","message":"Unable to find sync target. Currently checking 0 peers for usefulness","throwable":""}
{"timestamp":"2025-07-18T13:33:26,700","container":"b4173de707db","level":"INFO","thread":"EthScheduler-Timer-0","class":"FullSyncTargetManager","message":"Unable to find sync target. Currently checking 0 peers for usefulness","throwable":""}
{"timestamp":"2025-07-18T13:33:31,701","container":"b4173de707db","level":"INFO","thread":"EthScheduler-Timer-0","class":"FullSyncTargetManager","message":"Unable to find sync target. Currently checking 0 peers for usefulness","throwable":""}
{"timestamp":"2025-07-18T13:33:36,701","container":"b4173de707db","level":"INFO","thread":"EthScheduler-Timer-0","class":"FullSyncTargetManager","message":"Unable to find sync target. Currently checking 0 peers for usefulness","throwable":""}
{"timestamp":"2025-07-18T13:33:41,701","container":"b4173de707db","level":"INFO","thread":"EthScheduler-Timer-0","class":"FullSyncTargetManager","message":"Unable to find sync target. Currently checking 0 peers for usefulness","throwable":""}
{"timestamp":"2025-07-18T13:33:46,702","container":"b4173de707db","level":"INFO","thread":"EthScheduler-Timer-0","class":"FullSyncTargetManager","message":"Unable to find sync target. Currently checking 0 peers for usefulness","throwable":""}
{"timestamp":"2025-07-18T13:33:51,702","container":"b4173de707db","level":"INFO","thread":"EthScheduler-Timer-0","class":"FullSyncTargetManager","message":"Unable to find sync target. Currently checking 0 peers for usefulness","throwable":""}
{"timestamp":"2025-07-18T13:33:56,702","container":"b4173de707db","level":"INFO","thread":"EthScheduler-Timer-0","class":"FullSyncTargetManager","message":"Unable to find sync target. Currently checking 0 peers for usefulness","throwable":""}
{"timestamp":"2025-07-18T13:34:01,703","container":"b4173de707db","level":"INFO","thread":"EthScheduler-Timer-0","class":"FullSyncTargetManager","message":"Unable to find sync target. Currently checking 0 peers for usefulness","throwable":""}
{"timestamp":"2025-07-18T13:34:06,703","container":"b4173de707db","level":"INFO","thread":"EthScheduler-Timer-0","class":"FullSyncTargetManager","message":"Unable to find sync target. Currently checking 0 peers for usefulness","throwable":""}
{"timestamp":"2025-07-18T13:34:11,704","container":"b4173de707db","level":"INFO","thread":"EthScheduler-Timer-0","class":"FullSyncTargetManager","message":"Unable to find sync target. Currently checking 0 peers for usefulness","throwable":""}
{"timestamp":"2025-07-18T13:34:16,704","container":"b4173de707db","level":"INFO","thread":"EthScheduler-Timer-0","class":"FullSyncTargetManager","message":"Unable to find sync target. Currently checking 0 peers for usefulness","throwable":""}
{"timestamp":"2025-07-18T13:34:21,704","container":"b4173de707db","level":"INFO","thread":"EthScheduler-Timer-0","class":"FullSyncTargetManager","message":"Unable to find sync target. Currently checking 0 peers for usefulness","throwable":""}
{"timestamp":"2025-07-18T13:34:26,705","container":"b4173de707db","level":"INFO","thread":"EthScheduler-Timer-0","class":"FullSyncTargetManager","message":"Unable to find sync target. Currently checking 0 peers for usefulness","throwable":""}
{"timestamp":"2025-07-18T13:34:31,705","container":"b4173de707db","level":"INFO","thread":"EthScheduler-Timer-0","class":"FullSyncTargetManager","message":"Unable to find sync target. Currently checking 0 peers for usefulness","throwable":""}
{"timestamp":"2025-07-18T13:34:36,706","container":"b4173de707db","level":"INFO","thread":"EthScheduler-Timer-0","class":"FullSyncTargetManager","message":"Unable to find sync target. Currently checking 0 peers for usefulness","throwable":""}
{"timestamp":"2025-07-18T13:34:41,706","container":"b4173de707db","level":"INFO","thread":"EthScheduler-Timer-0","class":"FullSyncTargetManager","message":"Unable to find sync target. Currently checking 0 peers for usefulness","throwable":""}
{"timestamp":"2025-07-18T13:34:46,706","container":"b4173de707db","level":"INFO","thread":"EthScheduler-Timer-0","class":"FullSyncTargetManager","message":"Unable to find sync target. Currently checking 0 peers for usefulness","throwable":""}
{"timestamp":"2025-07-18T13:34:51,707","container":"b4173de707db","level":"INFO","thread":"EthScheduler-Timer-0","class":"FullSyncTargetManager","message":"Unable to find sync target. Currently checking 0 peers for usefulness","throwable":""}
{"timestamp":"2025-07-18T13:34:56,707","container":"b4173de707db","level":"INFO","thread":"EthScheduler-Timer-0","class":"FullSyncTargetManager","message":"Unable to find sync target. Currently checking 0 peers for usefulness","throwable":""}
{"timestamp":"2025-07-18T13:35:01,707","container":"b4173de707db","level":"INFO","thread":"EthScheduler-Timer-0","class":"FullSyncTargetManager","message":"Unable to find sync target. Currently checking 0 peers for usefulness","throwable":""}
{"timestamp":"2025-07-18T13:35:06,708","container":"b4173de707db","level":"INFO","thread":"EthScheduler-Timer-0","class":"FullSyncTargetManager","message":"Unable to find sync target. Currently checking 0 peers for usefulness","throwable":""}
{"timestamp":"2025-07-18T13:35:11,708","container":"b4173de707db","level":"INFO","thread":"EthScheduler-Timer-0","class":"FullSyncTargetManager","message":"Unable to find sync target. Currently checking 0 peers for usefulness","throwable":""}
{"timestamp":"2025-07-18T13:35:16,709","container":"b4173de707db","level":"INFO","thread":"EthScheduler-Timer-0","class":"FullSyncTargetManager","message":"Unable to find sync target. Currently checking 0 peers for usefulness","throwable":""}
{"timestamp":"2025-07-18T13:35:21,709","container":"b4173de707db","level":"INFO","thread":"EthScheduler-Timer-0","class":"FullSyncTargetManager","message":"Unable to find sync target. Currently checking 0 peers for usefulness","throwable":""}
{"timestamp":"2025-07-18T13:35:26,709","container":"b4173de707db","level":"INFO","thread":"EthScheduler-Timer-0","class":"FullSyncTargetManager","message":"Unable to find sync target. Currently checking 0 peers for usefulness","throwable":""}
{"timestamp":"2025-07-18T13:35:31,710","container":"b4173de707db","level":"INFO","thread":"EthScheduler-Timer-0","class":"FullSyncTargetManager","message":"Unable to find sync target. Currently checking 0 peers for usefulness","throwable":""}
{"timestamp":"2025-07-18T13:35:36,710","container":"b4173de707db","level":"INFO","thread":"EthScheduler-Timer-0","class":"FullSyncTargetManager","message":"Unable to find sync target. Currently checking 0 peers for usefulness","throwable":""}
{"timestamp":"2025-07-18T13:35:41,710","container":"b4173de707db","level":"INFO","thread":"EthScheduler-Timer-0","class":"FullSyncTargetManager","message":"Unable to find sync target. Currently checking 0 peers for usefulness","throwable":""}
{"timestamp":"2025-07-18T13:35:46,711","container":"b4173de707db","level":"INFO","thread":"EthScheduler-Timer-0","class":"FullSyncTargetManager","message":"Unable to find sync target. Currently checking 0 peers for usefulness","throwable":""}
{"timestamp":"2025-07-18T13:35:51,711","container":"b4173de707db","level":"INFO","thread":"EthScheduler-Timer-0","class":"FullSyncTargetManager","message":"Unable to find sync target. Currently checking 0 peers for usefulness","throwable":""}
{"timestamp":"2025-07-18T13:35:56,711","container":"b4173de707db","level":"INFO","thread":"EthScheduler-Timer-0","class":"FullSyncTargetManager","message":"Unable to find sync target. Currently checking 0 peers for usefulness","throwable":""}
{"timestamp":"2025-07-18T13:36:01,712","container":"b4173de707db","level":"INFO","thread":"EthScheduler-Timer-0","class":"FullSyncTargetManager","message":"Unable to find sync target. Currently checking 0 peers for usefulness","throwable":""}
{"timestamp":"2025-07-18T13:36:06,712","container":"b4173de707db","level":"INFO","thread":"EthScheduler-Timer-0","class":"FullSyncTargetManager","message":"Unable to find sync target. Currently checking 0 peers for usefulness","throwable":""}
{"timestamp":"2025-07-18T13:36:11,712","container":"b4173de707db","level":"INFO","thread":"EthScheduler-Timer-0","class":"FullSyncTargetManager","message":"Unable to find sync target. Currently checking 0 peers for usefulness","throwable":""}
{"timestamp":"2025-07-18T13:36:16,713","container":"b4173de707db","level":"INFO","thread":"EthScheduler-Timer-0","class":"FullSyncTargetManager","message":"Unable to find sync target. Currently checking 0 peers for usefulness","throwable":""}
{"timestamp":"2025-07-18T13:36:21,713","container":"b4173de707db","level":"INFO","thread":"EthScheduler-Timer-0","class":"FullSyncTargetManager","message":"Unable to find sync target. Currently checking 0 peers for usefulness","throwable":""}
{"timestamp":"2025-07-18T13:36:26,714","container":"b4173de707db","level":"INFO","thread":"EthScheduler-Timer-0","class":"FullSyncTargetManager","message":"Unable to find sync target. Currently checking 0 peers for usefulness","throwable":""}
{"timestamp":"2025-07-18T13:36:31,714","container":"b4173de707db","level":"INFO","thread":"EthScheduler-Timer-0","class":"FullSyncTargetManager","message":"Unable to find sync target. Currently checking 0 peers for usefulness","throwable":""}
{"timestamp":"2025-07-18T13:36:36,714","container":"b4173de707db","level":"INFO","thread":"EthScheduler-Timer-0","class":"FullSyncTargetManager","message":"Unable to find sync target. Currently checking 0 peers for usefulness","throwable":""}
{"timestamp":"2025-07-18T13:36:41,715","container":"b4173de707db","level":"INFO","thread":"EthScheduler-Timer-0","class":"FullSyncTargetManager","message":"Unable to find sync target. Currently checking 0 peers for usefulness","throwable":""}
{"timestamp":"2025-07-18T13:36:46,715","container":"b4173de707db","level":"INFO","thread":"EthScheduler-Timer-0","class":"FullSyncTargetManager","message":"Unable to find sync target. Currently checking 0 peers for usefulness","throwable":""}
{"timestamp":"2025-07-18T13:36:51,715","container":"b4173de707db","level":"INFO","thread":"EthScheduler-Timer-0","class":"FullSyncTargetManager","message":"Unable to find sync target. Currently checking 0 peers for usefulness","throwable":""}
{"timestamp":"2025-07-18T13:36:56,716","container":"b4173de707db","level":"INFO","thread":"EthScheduler-Timer-0","class":"FullSyncTargetManager","message":"Unable to find sync target. Currently checking 0 peers for usefulness","throwable":""}
{"timestamp":"2025-07-18T13:37:01,716","container":"b4173de707db","level":"INFO","thread":"EthScheduler-Timer-0","class":"FullSyncTargetManager","message":"Unable to find sync target. Currently checking 0 peers for usefulness","throwable":""}
{"timestamp":"2025-07-18T13:37:06,717","container":"b4173de707db","level":"INFO","thread":"EthScheduler-Timer-0","class":"FullSyncTargetManager","message":"Unable to find sync target. Currently checking 0 peers for usefulness","throwable":""}
{"timestamp":"2025-07-18T13:37:11,717","container":"b4173de707db","level":"INFO","thread":"EthScheduler-Timer-0","class":"FullSyncTargetManager","message":"Unable to find sync target. Currently checking 0 peers for usefulness","throwable":""}
{"timestamp":"2025-07-18T13:37:16,718","container":"b4173de707db","level":"INFO","thread":"EthScheduler-Timer-0","class":"FullSyncTargetManager","message":"Unable to find sync target. Currently checking 0 peers for usefulness","throwable":""}
{"timestamp":"2025-07-18T13:37:21,718","container":"b4173de707db","level":"INFO","thread":"EthScheduler-Timer-0","class":"FullSyncTargetManager","message":"Unable to find sync target. Currently checking 0 peers for usefulness","throwable":""}
{"timestamp":"2025-07-18T13:37:26,718","container":"b4173de707db","level":"INFO","thread":"EthScheduler-Timer-0","class":"FullSyncTargetManager","message":"Unable to find sync target. Currently checking 0 peers for usefulness","throwable":""}
{"timestamp":"2025-07-18T13:37:31,719","container":"b4173de707db","level":"INFO","thread":"EthScheduler-Timer-0","class":"FullSyncTargetManager","message":"Unable to find sync target. Currently checking 0 peers for usefulness","throwable":""}
{"timestamp":"2025-07-18T13:37:36,719","container":"b4173de707db","level":"INFO","thread":"EthScheduler-Timer-0","class":"FullSyncTargetManager","message":"Unable to find sync target. Currently checking 0 peers for usefulness","throwable":""}
{"timestamp":"2025-07-18T13:37:41,720","container":"b4173de707db","level":"INFO","thread":"EthScheduler-Timer-0","class":"FullSyncTargetManager","message":"Unable to find sync target. Currently checking 0 peers for usefulness","throwable":""}
{"timestamp":"2025-07-18T13:37:46,720","container":"b4173de707db","level":"INFO","thread":"EthScheduler-Timer-0","class":"FullSyncTargetManager","message":"Unable to find sync target. Currently checking 0 peers for usefulness","throwable":""}
{"timestamp":"2025-07-18T13:37:51,721","container":"b4173de707db","level":"INFO","thread":"EthScheduler-Timer-0","class":"FullSyncTargetManager","message":"Unable to find sync target. Currently checking 0 peers for usefulness","throwable":""}
{"timestamp":"2025-07-18T13:37:56,721","container":"b4173de707db","level":"INFO","thread":"EthScheduler-Timer-0","class":"FullSyncTargetManager","message":"Unable to find sync target. Currently checking 0 peers for usefulness","throwable":""}
{"timestamp":"2025-07-18T13:38:01,722","container":"b4173de707db","level":"INFO","thread":"EthScheduler-Timer-0","class":"FullSyncTargetManager","message":"Unable to find sync target. Currently checking 0 peers for usefulness","throwable":""}
{"timestamp":"2025-07-18T13:38:06,722","container":"b4173de707db","level":"INFO","thread":"EthScheduler-Timer-0","class":"FullSyncTargetManager","message":"Unable to find sync target. Currently checking 0 peers for usefulness","throwable":""}
{"timestamp":"2025-07-18T13:38:11,723","container":"b4173de707db","level":"INFO","thread":"EthScheduler-Timer-0","class":"FullSyncTargetManager","message":"Unable to find sync target. Currently checking 0 peers for usefulness","throwable":""}
{"timestamp":"2025-07-18T13:38:16,723","container":"b4173de707db","level":"INFO","thread":"EthScheduler-Timer-0","class":"FullSyncTargetManager","message":"Unable to find sync target. Currently checking 0 peers for usefulness","throwable":""}
{"timestamp":"2025-07-18T13:38:21,723","container":"b4173de707db","level":"INFO","thread":"EthScheduler-Timer-0","class":"FullSyncTargetManager","message":"Unable to find sync target. Currently checking 0 peers for usefulness","throwable":""}
{"timestamp":"2025-07-18T13:38:26,724","container":"b4173de707db","level":"INFO","thread":"EthScheduler-Timer-0","class":"FullSyncTargetManager","message":"Unable to find sync target. Currently checking 0 peers for usefulness","throwable":""}
{"timestamp":"2025-07-18T13:38:31,724","container":"b4173de707db","level":"INFO","thread":"EthScheduler-Timer-0","class":"FullSyncTargetManager","message":"Unable to find sync target. Currently checking 0 peers for usefulness","throwable":""}
{"timestamp":"2025-07-18T13:38:36,724","container":"b4173de707db","level":"INFO","thread":"EthScheduler-Timer-0","class":"FullSyncTargetManager","message":"Unable to find sync target. Currently checking 0 peers for usefulness","throwable":""}
{"timestamp":"2025-07-18T13:38:41,725","container":"b4173de707db","level":"INFO","thread":"EthScheduler-Timer-0","class":"FullSyncTargetManager","message":"Unable to find sync target. Currently checking 0 peers for usefulness","throwable":""}
{"timestamp":"2025-07-18T13:38:46,725","container":"b4173de707db","level":"INFO","thread":"EthScheduler-Timer-0","class":"FullSyncTargetManager","message":"Unable to find sync target. Currently checking 0 peers for usefulness","throwable":""}
{"timestamp":"2025-07-18T13:38:51,726","container":"b4173de707db","level":"INFO","thread":"EthScheduler-Timer-0","class":"FullSyncTargetManager","message":"Unable to find sync target. Currently checking 0 peers for usefulness","throwable":""}
{"timestamp":"2025-07-18T13:38:56,726","container":"b4173de707db","level":"INFO","thread":"EthScheduler-Timer-0","class":"FullSyncTargetManager","message":"Unable to find sync target. Currently checking 0 peers for usefulness","throwable":""}
{"timestamp":"2025-07-18T13:39:01,726","container":"b4173de707db","level":"INFO","thread":"EthScheduler-Timer-0","class":"FullSyncTargetManager","message":"Unable to find sync target. Currently checking 0 peers for usefulness","throwable":""}
{"timestamp":"2025-07-18T13:39:06,727","container":"b4173de707db","level":"INFO","thread":"EthScheduler-Timer-0","class":"FullSyncTargetManager","message":"Unable to find sync target. Currently checking 0 peers for usefulness","throwable":""}
{"timestamp":"2025-07-18T13:39:11,727","container":"b4173de707db","level":"INFO","thread":"EthScheduler-Timer-0","class":"FullSyncTargetManager","message":"Unable to find sync target. Currently checking 0 peers for usefulness","throwable":""}
{"timestamp":"2025-07-18T13:39:16,727","container":"b4173de707db","level":"INFO","thread":"EthScheduler-Timer-0","class":"FullSyncTargetManager","message":"Unable to find sync target. Currently checking 0 peers for usefulness","throwable":""}
{"timestamp":"2025-07-18T13:39:21,727","container":"b4173de707db","level":"INFO","thread":"EthScheduler-Timer-0","class":"FullSyncTargetManager","message":"Unable to find sync target. Currently checking 0 peers for usefulness","throwable":""}
{"timestamp":"2025-07-18T13:39:26,728","container":"b4173de707db","level":"INFO","thread":"EthScheduler-Timer-0","class":"FullSyncTargetManager","message":"Unable to find sync target. Currently checking 0 peers for usefulness","throwable":""}
{"timestamp":"2025-07-18T13:39:31,728","container":"b4173de707db","level":"INFO","thread":"EthScheduler-Timer-0","class":"FullSyncTargetManager","message":"Unable to find sync target. Currently checking 0 peers for usefulness","throwable":""}
{"timestamp":"2025-07-18T13:39:36,729","container":"b4173de707db","level":"INFO","thread":"EthScheduler-Timer-0","class":"FullSyncTargetManager","message":"Unable to find sync target. Currently checking 0 peers for usefulness","throwable":""}
{"timestamp":"2025-07-18T13:39:41,729","container":"b4173de707db","level":"INFO","thread":"EthScheduler-Timer-0","class":"FullSyncTargetManager","message":"Unable to find sync target. Currently checking 0 peers for usefulness","throwable":""}
{"timestamp":"2025-07-18T13:39:46,729","container":"b4173de707db","level":"INFO","thread":"EthScheduler-Timer-0","class":"FullSyncTargetManager","message":"Unable to find sync target. Currently checking 0 peers for usefulness","throwable":""}
{"timestamp":"2025-07-18T13:39:51,730","container":"b4173de707db","level":"INFO","thread":"EthScheduler-Timer-0","class":"FullSyncTargetManager","message":"Unable to find sync target. Currently checking 0 peers for usefulness","throwable":""}
{"timestamp":"2025-07-18T13:39:56,730","container":"b4173de707db","level":"INFO","thread":"EthScheduler-Timer-0","class":"FullSyncTargetManager","message":"Unable to find sync target. Currently checking 0 peers for usefulness","throwable":""}
{"timestamp":"2025-07-18T13:40:01,731","container":"b4173de707db","level":"INFO","thread":"EthScheduler-Timer-0","class":"FullSyncTargetManager","message":"Unable to find sync target. Currently checking 0 peers for usefulness","throwable":""}
{"timestamp":"2025-07-18T13:40:06,731","container":"b4173de707db","level":"INFO","thread":"EthScheduler-Timer-0","class":"FullSyncTargetManager","message":"Unable to find sync target. Currently checking 0 peers for usefulness","throwable":""}
{"timestamp":"2025-07-18T13:40:11,732","container":"b4173de707db","level":"INFO","thread":"EthScheduler-Timer-0","class":"FullSyncTargetManager","message":"Unable to find sync target. Currently checking 0 peers for usefulness","throwable":""}
{"timestamp":"2025-07-18T13:40:16,732","container":"b4173de707db","level":"INFO","thread":"EthScheduler-Timer-0","class":"FullSyncTargetManager","message":"Unable to find sync target. Currently checking 0 peers for usefulness","throwable":""}
{"timestamp":"2025-07-18T13:40:21,732","container":"b4173de707db","level":"INFO","thread":"EthScheduler-Timer-0","class":"FullSyncTargetManager","message":"Unable to find sync target. Currently checking 0 peers for usefulness","throwable":""}
{"timestamp":"2025-07-18T13:40:26,733","container":"b4173de707db","level":"INFO","thread":"EthScheduler-Timer-0","class":"FullSyncTargetManager","message":"Unable to find sync target. Currently checking 0 peers for usefulness","throwable":""}
{"timestamp":"2025-07-18T13:40:31,733","container":"b4173de707db","level":"INFO","thread":"EthScheduler-Timer-0","class":"FullSyncTargetManager","message":"Unable to find sync target. Currently checking 0 peers for usefulness","throwable":""}
{"timestamp":"2025-07-18T13:40:36,734","container":"b4173de707db","level":"INFO","thread":"EthScheduler-Timer-0","class":"FullSyncTargetManager","message":"Unable to find sync target. Currently checking 0 peers for usefulness","throwable":""}
{"timestamp":"2025-07-18T13:40:41,734","container":"b4173de707db","level":"INFO","thread":"EthScheduler-Timer-0","class":"FullSyncTargetManager","message":"Unable to find sync target. Currently checking 0 peers for usefulness","throwable":""}
{"timestamp":"2025-07-18T13:40:46,734","container":"b4173de707db","level":"INFO","thread":"EthScheduler-Timer-0","class":"FullSyncTargetManager","message":"Unable to find sync target. Currently checking 0 peers for usefulness","throwable":""}
{"timestamp":"2025-07-18T13:40:51,735","container":"b4173de707db","level":"INFO","thread":"EthScheduler-Timer-0","class":"FullSyncTargetManager","message":"Unable to find sync target. Currently checking 0 peers for usefulness","throwable":""}
{"timestamp":"2025-07-18T13:40:56,735","container":"b4173de707db","level":"INFO","thread":"EthScheduler-Timer-0","class":"FullSyncTargetManager","message":"Unable to find sync target. Currently checking 0 peers for usefulness","throwable":""}
{"timestamp":"2025-07-18T13:41:01,735","container":"b4173de707db","level":"INFO","thread":"EthScheduler-Timer-0","class":"FullSyncTargetManager","message":"Unable to find sync target. Currently checking 0 peers for usefulness","throwable":""}
{"timestamp":"2025-07-18T13:41:06,736","container":"b4173de707db","level":"INFO","thread":"EthScheduler-Timer-0","class":"FullSyncTargetManager","message":"Unable to find sync target. Currently checking 0 peers for usefulness","throwable":""}
{"timestamp":"2025-07-18T13:41:11,736","container":"b4173de707db","level":"INFO","thread":"EthScheduler-Timer-0","class":"FullSyncTargetManager","message":"Unable to find sync target. Currently checking 0 peers for usefulness","throwable":""}
{"timestamp":"2025-07-18T13:41:16,737","container":"b4173de707db","level":"INFO","thread":"EthScheduler-Timer-0","class":"FullSyncTargetManager","message":"Unable to find sync target. Currently checking 0 peers for usefulness","throwable":""}
{"timestamp":"2025-07-18T13:41:21,737","container":"b4173de707db","level":"INFO","thread":"EthScheduler-Timer-0","class":"FullSyncTargetManager","message":"Unable to find sync target. Currently checking 0 peers for usefulness","throwable":""}
{"timestamp":"2025-07-18T13:41:26,737","container":"b4173de707db","level":"INFO","thread":"EthScheduler-Timer-0","class":"FullSyncTargetManager","message":"Unable to find sync target. Currently checking 0 peers for usefulness","throwable":""}
{"timestamp":"2025-07-18T13:41:31,738","container":"b4173de707db","level":"INFO","thread":"EthScheduler-Timer-0","class":"FullSyncTargetManager","message":"Unable to find sync target. Currently checking 0 peers for usefulness","throwable":""}
{"timestamp":"2025-07-18T13:41:36,738","container":"b4173de707db","level":"INFO","thread":"EthScheduler-Timer-0","class":"FullSyncTargetManager","message":"Unable to find sync target. Currently checking 0 peers for usefulness","throwable":""}
{"timestamp":"2025-07-18T13:41:41,739","container":"b4173de707db","level":"INFO","thread":"EthScheduler-Timer-0","class":"FullSyncTargetManager","message":"Unable to find sync target. Currently checking 0 peers for usefulness","throwable":""}
{"timestamp":"2025-07-18T13:41:46,739","container":"b4173de707db","level":"INFO","thread":"EthScheduler-Timer-0","class":"FullSyncTargetManager","message":"Unable to find sync target. Currently checking 0 peers for usefulness","throwable":""}
{"timestamp":"2025-07-18T13:41:51,739","container":"b4173de707db","level":"INFO","thread":"EthScheduler-Timer-0","class":"FullSyncTargetManager","message":"Unable to find sync target. Currently checking 0 peers for usefulness","throwable":""}
{"timestamp":"2025-07-18T13:41:56,740","container":"b4173de707db","level":"INFO","thread":"EthScheduler-Timer-0","class":"FullSyncTargetManager","message":"Unable to find sync target. Currently checking 0 peers for usefulness","throwable":""}
{"timestamp":"2025-07-18T13:42:01,740","container":"b4173de707db","level":"INFO","thread":"EthScheduler-Timer-0","class":"FullSyncTargetManager","message":"Unable to find sync target. Currently checking 0 peers for usefulness","throwable":""}
{"timestamp":"2025-07-18T13:42:06,740","container":"b4173de707db","level":"INFO","thread":"EthScheduler-Timer-0","class":"FullSyncTargetManager","message":"Unable to find sync target. Currently checking 0 peers for usefulness","throwable":""}
{"timestamp":"2025-07-18T13:42:11,741","container":"b4173de707db","level":"INFO","thread":"EthScheduler-Timer-0","class":"FullSyncTargetManager","message":"Unable to find sync target. Currently checking 0 peers for usefulness","throwable":""}
{"timestamp":"2025-07-18T13:42:16,741","container":"b4173de707db","level":"INFO","thread":"EthScheduler-Timer-0","class":"FullSyncTargetManager","message":"Unable to find sync target. Currently checking 0 peers for usefulness","throwable":""}
{"timestamp":"2025-07-18T13:42:21,741","container":"b4173de707db","level":"INFO","thread":"EthScheduler-Timer-0","class":"FullSyncTargetManager","message":"Unable to find sync target. Currently checking 0 peers for usefulness","throwable":""}
{"timestamp":"2025-07-18T13:42:26,742","container":"b4173de707db","level":"INFO","thread":"EthScheduler-Timer-0","class":"FullSyncTargetManager","message":"Unable to find sync target. Currently checking 0 peers for usefulness","throwable":""}
{"timestamp":"2025-07-18T13:42:31,742","container":"b4173de707db","level":"INFO","thread":"EthScheduler-Timer-0","class":"FullSyncTargetManager","message":"Unable to find sync target. Currently checking 0 peers for usefulness","throwable":""}
{"timestamp":"2025-07-18T13:42:36,743","container":"b4173de707db","level":"INFO","thread":"EthScheduler-Timer-0","class":"FullSyncTargetManager","message":"Unable to find sync target. Currently checking 0 peers for usefulness","throwable":""}
{"timestamp":"2025-07-18T13:42:41,743","container":"b4173de707db","level":"INFO","thread":"EthScheduler-Timer-0","class":"FullSyncTargetManager","message":"Unable to find sync target. Currently checking 0 peers for usefulness","throwable":""}
{"timestamp":"2025-07-18T13:42:46,743","container":"b4173de707db","level":"INFO","thread":"EthScheduler-Timer-0","class":"FullSyncTargetManager","message":"Unable to find sync target. Currently checking 0 peers for usefulness","throwable":""}
{"timestamp":"2025-07-18T13:42:51,744","container":"b4173de707db","level":"INFO","thread":"EthScheduler-Timer-0","class":"FullSyncTargetManager","message":"Unable to find sync target. Currently checking 0 peers for usefulness","throwable":""}
{"timestamp":"2025-07-18T13:42:56,744","container":"b4173de707db","level":"INFO","thread":"EthScheduler-Timer-0","class":"FullSyncTargetManager","message":"Unable to find sync target. Currently checking 0 peers for usefulness","throwable":""}
{"timestamp":"2025-07-18T13:43:01,744","container":"b4173de707db","level":"INFO","thread":"EthScheduler-Timer-0","class":"FullSyncTargetManager","message":"Unable to find sync target. Currently checking 0 peers for usefulness","throwable":""}
{"timestamp":"2025-07-18T13:43:06,745","container":"b4173de707db","level":"INFO","thread":"EthScheduler-Timer-0","class":"FullSyncTargetManager","message":"Unable to find sync target. Currently checking 0 peers for usefulness","throwable":""}
{"timestamp":"2025-07-18T13:43:11,745","container":"b4173de707db","level":"INFO","thread":"EthScheduler-Timer-0","class":"FullSyncTargetManager","message":"Unable to find sync target. Currently checking 0 peers for usefulness","throwable":""}
{"timestamp":"2025-07-18T13:43:16,746","container":"b4173de707db","level":"INFO","thread":"EthScheduler-Timer-0","class":"FullSyncTargetManager","message":"Unable to find sync target. Currently checking 0 peers for usefulness","throwable":""}
{"timestamp":"2025-07-18T13:43:21,746","container":"b4173de707db","level":"INFO","thread":"EthScheduler-Timer-0","class":"FullSyncTargetManager","message":"Unable to find sync target. Currently checking 0 peers for usefulness","throwable":""}
{"timestamp":"2025-07-18T13:43:26,746","container":"b4173de707db","level":"INFO","thread":"EthScheduler-Timer-0","class":"FullSyncTargetManager","message":"Unable to find sync target. Currently checking 0 peers for usefulness","throwable":""}
{"timestamp":"2025-07-18T13:43:31,747","container":"b4173de707db","level":"INFO","thread":"EthScheduler-Timer-0","class":"FullSyncTargetManager","message":"Unable to find sync target. Currently checking 0 peers for usefulness","throwable":""}
{"timestamp":"2025-07-18T13:43:36,747","container":"b4173de707db","level":"INFO","thread":"EthScheduler-Timer-0","class":"FullSyncTargetManager","message":"Unable to find sync target. Currently checking 0 peers for usefulness","throwable":""}
{"timestamp":"2025-07-18T13:43:41,747","container":"b4173de707db","level":"INFO","thread":"EthScheduler-Timer-0","class":"FullSyncTargetManager","message":"Unable to find sync target. Currently checking 0 peers for usefulness","throwable":""}
{"timestamp":"2025-07-18T13:43:46,748","container":"b4173de707db","level":"INFO","thread":"EthScheduler-Timer-0","class":"FullSyncTargetManager","message":"Unable to find sync target. Currently checking 0 peers for usefulness","throwable":""}
{"timestamp":"2025-07-18T13:43:51,748","container":"b4173de707db","level":"INFO","thread":"EthScheduler-Timer-0","class":"FullSyncTargetManager","message":"Unable to find sync target. Currently checking 0 peers for usefulness","throwable":""}
{"timestamp":"2025-07-18T13:43:56,748","container":"b4173de707db","level":"INFO","thread":"EthScheduler-Timer-0","class":"FullSyncTargetManager","message":"Unable to find sync target. Currently checking 0 peers for usefulness","throwable":""}
{"timestamp":"2025-07-18T13:44:01,749","container":"b4173de707db","level":"INFO","thread":"EthScheduler-Timer-0","class":"FullSyncTargetManager","message":"Unable to find sync target. Currently checking 0 peers for usefulness","throwable":""}
{"timestamp":"2025-07-18T13:44:06,749","container":"b4173de707db","level":"INFO","thread":"EthScheduler-Timer-0","class":"FullSyncTargetManager","message":"Unable to find sync target. Currently checking 0 peers for usefulness","throwable":""}
{"timestamp":"2025-07-18T13:44:11,749","container":"b4173de707db","level":"INFO","thread":"EthScheduler-Timer-0","class":"FullSyncTargetManager","message":"Unable to find sync target. Currently checking 0 peers for usefulness","throwable":""}
{"timestamp":"2025-07-18T13:44:16,750","container":"b4173de707db","level":"INFO","thread":"EthScheduler-Timer-0","class":"FullSyncTargetManager","message":"Unable to find sync target. Currently checking 0 peers for usefulness","throwable":""}
{"timestamp":"2025-07-18T13:44:21,750","container":"b4173de707db","level":"INFO","thread":"EthScheduler-Timer-0","class":"FullSyncTargetManager","message":"Unable to find sync target. Currently checking 0 peers for usefulness","throwable":""}
{"timestamp":"2025-07-18T13:44:26,751","container":"b4173de707db","level":"INFO","thread":"EthScheduler-Timer-0","class":"FullSyncTargetManager","message":"Unable to find sync target. Currently checking 0 peers for usefulness","throwable":""}
{"timestamp":"2025-07-18T13:44:31,751","container":"b4173de707db","level":"INFO","thread":"EthScheduler-Timer-0","class":"FullSyncTargetManager","message":"Unable to find sync target. Currently checking 0 peers for usefulness","throwable":""}
{"timestamp":"2025-07-18T13:44:36,751","container":"b4173de707db","level":"INFO","thread":"EthScheduler-Timer-0","class":"FullSyncTargetManager","message":"Unable to find sync target. Currently checking 0 peers for usefulness","throwable":""}
{"timestamp":"2025-07-18T13:44:41,752","container":"b4173de707db","level":"INFO","thread":"EthScheduler-Timer-0","class":"FullSyncTargetManager","message":"Unable to find sync target. Currently checking 0 peers for usefulness","throwable":""}
{"timestamp":"2025-07-18T13:44:46,752","container":"b4173de707db","level":"INFO","thread":"EthScheduler-Timer-0","class":"FullSyncTargetManager","message":"Unable to find sync target. Currently checking 0 peers for usefulness","throwable":""}
{"timestamp":"2025-07-18T13:44:51,752","container":"b4173de707db","level":"INFO","thread":"EthScheduler-Timer-0","class":"FullSyncTargetManager","message":"Unable to find sync target. Currently checking 0 peers for usefulness","throwable":""}
{"timestamp":"2025-07-18T13:44:56,753","container":"b4173de707db","level":"INFO","thread":"EthScheduler-Timer-0","class":"FullSyncTargetManager","message":"Unable to find sync target. Currently checking 0 peers for usefulness","throwable":""}
{"timestamp":"2025-07-18T13:45:01,753","container":"b4173de707db","level":"INFO","thread":"EthScheduler-Timer-0","class":"FullSyncTargetManager","message":"Unable to find sync target. Currently checking 0 peers for usefulness","throwable":""}
{"timestamp":"2025-07-18T13:45:06,753","container":"b4173de707db","level":"INFO","thread":"EthScheduler-Timer-0","class":"FullSyncTargetManager","message":"Unable to find sync target. Currently checking 0 peers for usefulness","throwable":""}
{"timestamp":"2025-07-18T13:45:11,754","container":"b4173de707db","level":"INFO","thread":"EthScheduler-Timer-0","class":"FullSyncTargetManager","message":"Unable to find sync target. Currently checking 0 peers for usefulness","throwable":""}
{"timestamp":"2025-07-18T13:45:16,754","container":"b4173de707db","level":"INFO","thread":"EthScheduler-Timer-0","class":"FullSyncTargetManager","message":"Unable to find sync target. Currently checking 0 peers for usefulness","throwable":""}
{"timestamp":"2025-07-18T13:45:21,755","container":"b4173de707db","level":"INFO","thread":"EthScheduler-Timer-0","class":"FullSyncTargetManager","message":"Unable to find sync target. Currently checking 0 peers for usefulness","throwable":""}
{"timestamp":"2025-07-18T13:45:26,755","container":"b4173de707db","level":"INFO","thread":"EthScheduler-Timer-0","class":"FullSyncTargetManager","message":"Unable to find sync target. Currently checking 0 peers for usefulness","throwable":""}
{"timestamp":"2025-07-18T13:45:31,755","container":"b4173de707db","level":"INFO","thread":"EthScheduler-Timer-0","class":"FullSyncTargetManager","message":"Unable to find sync target. Currently checking 0 peers for usefulness","throwable":""}
{"timestamp":"2025-07-18T13:45:36,756","container":"b4173de707db","level":"INFO","thread":"EthScheduler-Timer-0","class":"FullSyncTargetManager","message":"Unable to find sync target. Currently checking 0 peers for usefulness","throwable":""}
{"timestamp":"2025-07-18T13:45:41,756","container":"b4173de707db","level":"INFO","thread":"EthScheduler-Timer-0","class":"FullSyncTargetManager","message":"Unable to find sync target. Currently checking 0 peers for usefulness","throwable":""}
{"timestamp":"2025-07-18T13:45:46,757","container":"b4173de707db","level":"INFO","thread":"EthScheduler-Timer-0","class":"FullSyncTargetManager","message":"Unable to find sync target. Currently checking 0 peers for usefulness","throwable":""}
{"timestamp":"2025-07-18T13:45:51,757","container":"b4173de707db","level":"INFO","thread":"EthScheduler-Timer-0","class":"FullSyncTargetManager","message":"Unable to find sync target. Currently checking 0 peers for usefulness","throwable":""}
{"timestamp":"2025-07-18T13:45:56,757","container":"b4173de707db","level":"INFO","thread":"EthScheduler-Timer-0","class":"FullSyncTargetManager","message":"Unable to find sync target. Currently checking 0 peers for usefulness","throwable":""}
{"timestamp":"2025-07-18T13:46:01,758","container":"b4173de707db","level":"INFO","thread":"EthScheduler-Timer-0","class":"FullSyncTargetManager","message":"Unable to find sync target. Currently checking 0 peers for usefulness","throwable":""}
{"timestamp":"2025-07-18T13:46:06,758","container":"b4173de707db","level":"INFO","thread":"EthScheduler-Timer-0","class":"FullSyncTargetManager","message":"Unable to find sync target. Currently checking 0 peers for usefulness","throwable":""}
{"timestamp":"2025-07-18T13:46:11,758","container":"b4173de707db","level":"INFO","thread":"EthScheduler-Timer-0","class":"FullSyncTargetManager","message":"Unable to find sync target. Currently checking 0 peers for usefulness","throwable":""}
{"timestamp":"2025-07-18T13:46:16,759","container":"b4173de707db","level":"INFO","thread":"EthScheduler-Timer-0","class":"FullSyncTargetManager","message":"Unable to find sync target. Currently checking 0 peers for usefulness","throwable":""}
{"timestamp":"2025-07-18T13:46:21,759","container":"b4173de707db","level":"INFO","thread":"EthScheduler-Timer-0","class":"FullSyncTargetManager","message":"Unable to find sync target. Currently checking 0 peers for usefulness","throwable":""}
{"timestamp":"2025-07-18T13:46:26,759","container":"b4173de707db","level":"INFO","thread":"EthScheduler-Timer-0","class":"FullSyncTargetManager","message":"Unable to find sync target. Currently checking 0 peers for usefulness","throwable":""}
{"timestamp":"2025-07-18T13:46:31,760","container":"b4173de707db","level":"INFO","thread":"EthScheduler-Timer-0","class":"FullSyncTargetManager","message":"Unable to find sync target. Currently checking 0 peers for usefulness","throwable":""}
{"timestamp":"2025-07-18T13:46:36,760","container":"b4173de707db","level":"INFO","thread":"EthScheduler-Timer-0","class":"FullSyncTargetManager","message":"Unable to find sync target. Currently checking 0 peers for usefulness","throwable":""}
{"timestamp":"2025-07-18T13:46:41,761","container":"b4173de707db","level":"INFO","thread":"EthScheduler-Timer-0","class":"FullSyncTargetManager","message":"Unable to find sync target. Currently checking 0 peers for usefulness","throwable":""}
{"timestamp":"2025-07-18T13:46:46,761","container":"b4173de707db","level":"INFO","thread":"EthScheduler-Timer-0","class":"FullSyncTargetManager","message":"Unable to find sync target. Currently checking 0 peers for usefulness","throwable":""}
{"timestamp":"2025-07-18T13:46:51,761","container":"b4173de707db","level":"INFO","thread":"EthScheduler-Timer-0","class":"FullSyncTargetManager","message":"Unable to find sync target. Currently checking 0 peers for usefulness","throwable":""}
{"timestamp":"2025-07-18T13:46:56,762","container":"b4173de707db","level":"INFO","thread":"EthScheduler-Timer-0","class":"FullSyncTargetManager","message":"Unable to find sync target. Currently checking 0 peers for usefulness","throwable":""}
{"timestamp":"2025-07-18T13:47:01,762","container":"b4173de707db","level":"INFO","thread":"EthScheduler-Timer-0","class":"FullSyncTargetManager","message":"Unable to find sync target. Currently checking 0 peers for usefulness","throwable":""}
{"timestamp":"2025-07-18T13:47:06,763","container":"b4173de707db","level":"INFO","thread":"EthScheduler-Timer-0","class":"FullSyncTargetManager","message":"Unable to find sync target. Currently checking 0 peers for usefulness","throwable":""}
{"timestamp":"2025-07-18T13:47:11,763","container":"b4173de707db","level":"INFO","thread":"EthScheduler-Timer-0","class":"FullSyncTargetManager","message":"Unable to find sync target. Currently checking 0 peers for usefulness","throwable":""}
{"timestamp":"2025-07-18T13:47:16,763","container":"b4173de707db","level":"INFO","thread":"EthScheduler-Timer-0","class":"FullSyncTargetManager","message":"Unable to find sync target. Currently checking 0 peers for usefulness","throwable":""}
{"timestamp":"2025-07-18T13:47:21,764","container":"b4173de707db","level":"INFO","thread":"EthScheduler-Timer-0","class":"FullSyncTargetManager","message":"Unable to find sync target. Currently checking 0 peers for usefulness","throwable":""}
{"timestamp":"2025-07-18T13:47:26,764","container":"b4173de707db","level":"INFO","thread":"EthScheduler-Timer-0","class":"FullSyncTargetManager","message":"Unable to find sync target. Currently checking 0 peers for usefulness","throwable":""}
{"timestamp":"2025-07-18T13:47:31,764","container":"b4173de707db","level":"INFO","thread":"EthScheduler-Timer-0","class":"FullSyncTargetManager","message":"Unable to find sync target. Currently checking 0 peers for usefulness","throwable":""}
{"timestamp":"2025-07-18T13:47:36,765","container":"b4173de707db","level":"INFO","thread":"EthScheduler-Timer-0","class":"FullSyncTargetManager","message":"Unable to find sync target. Currently checking 0 peers for usefulness","throwable":""}
{"timestamp":"2025-07-18T13:47:41,765","container":"b4173de707db","level":"INFO","thread":"EthScheduler-Timer-0","class":"FullSyncTargetManager","message":"Unable to find sync target. Currently checking 0 peers for usefulness","throwable":""}
{"timestamp":"2025-07-18T13:47:46,766","container":"b4173de707db","level":"INFO","thread":"EthScheduler-Timer-0","class":"FullSyncTargetManager","message":"Unable to find sync target. Currently checking 0 peers for usefulness","throwable":""}
{"timestamp":"2025-07-18T13:47:51,766","container":"b4173de707db","level":"INFO","thread":"EthScheduler-Timer-0","class":"FullSyncTargetManager","message":"Unable to find sync target. Currently checking 0 peers for usefulness","throwable":""}
{"timestamp":"2025-07-18T13:47:56,766","container":"b4173de707db","level":"INFO","thread":"EthScheduler-Timer-0","class":"FullSyncTargetManager","message":"Unable to find sync target. Currently checking 0 peers for usefulness","throwable":""}
{"timestamp":"2025-07-18T13:48:01,767","container":"b4173de707db","level":"INFO","thread":"EthScheduler-Timer-0","class":"FullSyncTargetManager","message":"Unable to find sync target. Currently checking 0 peers for usefulness","throwable":""}
{"timestamp":"2025-07-18T13:48:06,767","container":"b4173de707db","level":"INFO","thread":"EthScheduler-Timer-0","class":"FullSyncTargetManager","message":"Unable to find sync target. Currently checking 0 peers for usefulness","throwable":""}
{"timestamp":"2025-07-18T13:48:11,767","container":"b4173de707db","level":"INFO","thread":"EthScheduler-Timer-0","class":"FullSyncTargetManager","message":"Unable to find sync target. Currently checking 0 peers for usefulness","throwable":""}
{"timestamp":"2025-07-18T13:48:16,768","container":"b4173de707db","level":"INFO","thread":"EthScheduler-Timer-0","class":"FullSyncTargetManager","message":"Unable to find sync target. Currently checking 0 peers for usefulness","throwable":""}
{"timestamp":"2025-07-18T13:48:21,768","container":"b4173de707db","level":"INFO","thread":"EthScheduler-Timer-0","class":"FullSyncTargetManager","message":"Unable to find sync target. Currently checking 0 peers for usefulness","throwable":""}
{"timestamp":"2025-07-18T13:48:26,768","container":"b4173de707db","level":"INFO","thread":"EthScheduler-Timer-0","class":"FullSyncTargetManager","message":"Unable to find sync target. Currently checking 0 peers for usefulness","throwable":""}
{"timestamp":"2025-07-18T13:48:31,769","container":"b4173de707db","level":"INFO","thread":"EthScheduler-Timer-0","class":"FullSyncTargetManager","message":"Unable to find sync target. Currently checking 0 peers for usefulness","throwable":""}
{"timestamp":"2025-07-18T13:48:36,769","container":"b4173de707db","level":"INFO","thread":"EthScheduler-Timer-0","class":"FullSyncTargetManager","message":"Unable to find sync target. Currently checking 0 peers for usefulness","throwable":""}
{"timestamp":"2025-07-18T13:48:41,769","container":"b4173de707db","level":"INFO","thread":"EthScheduler-Timer-0","class":"FullSyncTargetManager","message":"Unable to find sync target. Currently checking 0 peers for usefulness","throwable":""}
{"timestamp":"2025-07-18T13:48:46,770","container":"b4173de707db","level":"INFO","thread":"EthScheduler-Timer-0","class":"FullSyncTargetManager","message":"Unable to find sync target. Currently checking 0 peers for usefulness","throwable":""}
{"timestamp":"2025-07-18T13:48:51,770","container":"b4173de707db","level":"INFO","thread":"EthScheduler-Timer-0","class":"FullSyncTargetManager","message":"Unable to find sync target. Currently checking 0 peers for usefulness","throwable":""}
{"timestamp":"2025-07-18T13:48:56,771","container":"b4173de707db","level":"INFO","thread":"EthScheduler-Timer-0","class":"FullSyncTargetManager","message":"Unable to find sync target. Currently checking 0 peers for usefulness","throwable":""}
{"timestamp":"2025-07-18T13:49:01,771","container":"b4173de707db","level":"INFO","thread":"EthScheduler-Timer-0","class":"FullSyncTargetManager","message":"Unable to find sync target. Currently checking 0 peers for usefulness","throwable":""}
{"timestamp":"2025-07-18T13:49:06,772","container":"b4173de707db","level":"INFO","thread":"EthScheduler-Timer-0","class":"FullSyncTargetManager","message":"Unable to find sync target. Currently checking 0 peers for usefulness","throwable":""}
{"timestamp":"2025-07-18T13:49:11,772","container":"b4173de707db","level":"INFO","thread":"EthScheduler-Timer-0","class":"FullSyncTargetManager","message":"Unable to find sync target. Currently checking 0 peers for usefulness","throwable":""}
{"timestamp":"2025-07-18T13:49:16,772","container":"b4173de707db","level":"INFO","thread":"EthScheduler-Timer-0","class":"FullSyncTargetManager","message":"Unable to find sync target. Currently checking 0 peers for usefulness","throwable":""}
{"timestamp":"2025-07-18T13:49:21,773","container":"b4173de707db","level":"INFO","thread":"EthScheduler-Timer-0","class":"FullSyncTargetManager","message":"Unable to find sync target. Currently checking 0 peers for usefulness","throwable":""}
{"timestamp":"2025-07-18T13:49:26,773","container":"b4173de707db","level":"INFO","thread":"EthScheduler-Timer-0","class":"FullSyncTargetManager","message":"Unable to find sync target. Currently checking 0 peers for usefulness","throwable":""}
{"timestamp":"2025-07-18T13:49:31,774","container":"b4173de707db","level":"INFO","thread":"EthScheduler-Timer-0","class":"FullSyncTargetManager","message":"Unable to find sync target. Currently checking 0 peers for usefulness","throwable":""}
{"timestamp":"2025-07-18T13:49:36,774","container":"b4173de707db","level":"INFO","thread":"EthScheduler-Timer-0","class":"FullSyncTargetManager","message":"Unable to find sync target. Currently checking 0 peers for usefulness","throwable":""}
{"timestamp":"2025-07-18T13:49:41,775","container":"b4173de707db","level":"INFO","thread":"EthScheduler-Timer-0","class":"FullSyncTargetManager","message":"Unable to find sync target. Currently checking 0 peers for usefulness","throwable":""}
{"timestamp":"2025-07-18T13:49:46,775","container":"b4173de707db","level":"INFO","thread":"EthScheduler-Timer-0","class":"FullSyncTargetManager","message":"Unable to find sync target. Currently checking 0 peers for usefulness","throwable":""}
{"timestamp":"2025-07-18T13:49:51,776","container":"b4173de707db","level":"INFO","thread":"EthScheduler-Timer-0","class":"FullSyncTargetManager","message":"Unable to find sync target. Currently checking 0 peers for usefulness","throwable":""}
{"timestamp":"2025-07-18T13:49:56,776","container":"b4173de707db","level":"INFO","thread":"EthScheduler-Timer-0","class":"FullSyncTargetManager","message":"Unable to find sync target. Currently checking 0 peers for usefulness","throwable":""}
{"timestamp":"2025-07-18T13:50:01,776","container":"b4173de707db","level":"INFO","thread":"EthScheduler-Timer-0","class":"FullSyncTargetManager","message":"Unable to find sync target. Currently checking 0 peers for usefulness","throwable":""}
{"timestamp":"2025-07-18T13:50:06,777","container":"b4173de707db","level":"INFO","thread":"EthScheduler-Timer-0","class":"FullSyncTargetManager","message":"Unable to find sync target. Currently checking 0 peers for usefulness","throwable":""}
{"timestamp":"2025-07-18T13:50:11,777","container":"b4173de707db","level":"INFO","thread":"EthScheduler-Timer-0","class":"FullSyncTargetManager","message":"Unable to find sync target. Currently checking 0 peers for usefulness","throwable":""}
{"timestamp":"2025-07-18T13:50:16,777","container":"b4173de707db","level":"INFO","thread":"EthScheduler-Timer-0","class":"FullSyncTargetManager","message":"Unable to find sync target. Currently checking 0 peers for usefulness","throwable":""}
{"timestamp":"2025-07-18T13:50:21,778","container":"b4173de707db","level":"INFO","thread":"EthScheduler-Timer-0","class":"FullSyncTargetManager","message":"Unable to find sync target. Currently checking 0 peers for usefulness","throwable":""}
{"timestamp":"2025-07-18T13:50:26,778","container":"b4173de707db","level":"INFO","thread":"EthScheduler-Timer-0","class":"FullSyncTargetManager","message":"Unable to find sync target. Currently checking 0 peers for usefulness","throwable":""}
{"timestamp":"2025-07-18T13:50:31,779","container":"b4173de707db","level":"INFO","thread":"EthScheduler-Timer-0","class":"FullSyncTargetManager","message":"Unable to find sync target. Currently checking 0 peers for usefulness","throwable":""}
{"timestamp":"2025-07-18T13:50:36,779","container":"b4173de707db","level":"INFO","thread":"EthScheduler-Timer-0","class":"FullSyncTargetManager","message":"Unable to find sync target. Currently checking 0 peers for usefulness","throwable":""}
{"timestamp":"2025-07-18T13:50:41,779","container":"b4173de707db","level":"INFO","thread":"EthScheduler-Timer-0","class":"FullSyncTargetManager","message":"Unable to find sync target. Currently checking 0 peers for usefulness","throwable":""}
{"timestamp":"2025-07-18T13:50:46,780","container":"b4173de707db","level":"INFO","thread":"EthScheduler-Timer-0","class":"FullSyncTargetManager","message":"Unable to find sync target. Currently checking 0 peers for usefulness","throwable":""}
{"timestamp":"2025-07-18T13:50:51,780","container":"b4173de707db","level":"INFO","thread":"EthScheduler-Timer-0","class":"FullSyncTargetManager","message":"Unable to find sync target. Currently checking 0 peers for usefulness","throwable":""}
{"timestamp":"2025-07-18T13:50:56,781","container":"b4173de707db","level":"INFO","thread":"EthScheduler-Timer-0","class":"FullSyncTargetManager","message":"Unable to find sync target. Currently checking 0 peers for usefulness","throwable":""}
{"timestamp":"2025-07-18T13:51:01,781","container":"b4173de707db","level":"INFO","thread":"EthScheduler-Timer-0","class":"FullSyncTargetManager","message":"Unable to find sync target. Currently checking 0 peers for usefulness","throwable":""}
{"timestamp":"2025-07-18T13:51:06,782","container":"b4173de707db","level":"INFO","thread":"EthScheduler-Timer-0","class":"FullSyncTargetManager","message":"Unable to find sync target. Currently checking 0 peers for usefulness","throwable":""}
{"timestamp":"2025-07-18T13:51:11,782","container":"b4173de707db","level":"INFO","thread":"EthScheduler-Timer-0","class":"FullSyncTargetManager","message":"Unable to find sync target. Currently checking 0 peers for usefulness","throwable":""}
{"timestamp":"2025-07-18T13:51:16,783","container":"b4173de707db","level":"INFO","thread":"EthScheduler-Timer-0","class":"FullSyncTargetManager","message":"Unable to find sync target. Currently checking 0 peers for usefulness","throwable":""}
{"timestamp":"2025-07-18T13:51:21,783","container":"b4173de707db","level":"INFO","thread":"EthScheduler-Timer-0","class":"FullSyncTargetManager","message":"Unable to find sync target. Currently checking 0 peers for usefulness","throwable":""}
{"timestamp":"2025-07-18T13:51:26,784","container":"b4173de707db","level":"INFO","thread":"EthScheduler-Timer-0","class":"FullSyncTargetManager","message":"Unable to find sync target. Currently checking 0 peers for usefulness","throwable":""}
{"timestamp":"2025-07-18T13:51:31,784","container":"b4173de707db","level":"INFO","thread":"EthScheduler-Timer-0","class":"FullSyncTargetManager","message":"Unable to find sync target. Currently checking 0 peers for usefulness","throwable":""}
{"timestamp":"2025-07-18T13:51:36,785","container":"b4173de707db","level":"INFO","thread":"EthScheduler-Timer-0","class":"FullSyncTargetManager","message":"Unable to find sync target. Currently checking 0 peers for usefulness","throwable":""}
{"timestamp":"2025-07-18T13:51:41,785","container":"b4173de707db","level":"INFO","thread":"EthScheduler-Timer-0","class":"FullSyncTargetManager","message":"Unable to find sync target. Currently checking 0 peers for usefulness","throwable":""}
{"timestamp":"2025-07-18T13:51:46,786","container":"b4173de707db","level":"INFO","thread":"EthScheduler-Timer-0","class":"FullSyncTargetManager","message":"Unable to find sync target. Currently checking 0 peers for usefulness","throwable":""}
{"timestamp":"2025-07-18T13:51:51,786","container":"b4173de707db","level":"INFO","thread":"EthScheduler-Timer-0","class":"FullSyncTargetManager","message":"Unable to find sync target. Currently checking 0 peers for usefulness","throwable":""}
{"timestamp":"2025-07-18T13:51:56,787","container":"b4173de707db","level":"INFO","thread":"EthScheduler-Timer-0","class":"FullSyncTargetManager","message":"Unable to find sync target. Currently checking 0 peers for usefulness","throwable":""}
{"timestamp":"2025-07-18T13:52:01,787","container":"b4173de707db","level":"INFO","thread":"EthScheduler-Timer-0","class":"FullSyncTargetManager","message":"Unable to find sync target. Currently checking 0 peers for usefulness","throwable":""}
{"timestamp":"2025-07-18T13:52:06,788","container":"b4173de707db","level":"INFO","thread":"EthScheduler-Timer-0","class":"FullSyncTargetManager","message":"Unable to find sync target. Currently checking 0 peers for usefulness","throwable":""}
{"timestamp":"2025-07-18T13:52:11,788","container":"b4173de707db","level":"INFO","thread":"EthScheduler-Timer-0","class":"FullSyncTargetManager","message":"Unable to find sync target. Currently checking 0 peers for usefulness","throwable":""}
{"timestamp":"2025-07-18T13:52:16,789","container":"b4173de707db","level":"INFO","thread":"EthScheduler-Timer-0","class":"FullSyncTargetManager","message":"Unable to find sync target. Currently checking 0 peers for usefulness","throwable":""}
{"timestamp":"2025-07-18T13:52:21,789","container":"b4173de707db","level":"INFO","thread":"EthScheduler-Timer-0","class":"FullSyncTargetManager","message":"Unable to find sync target. Currently checking 0 peers for usefulness","throwable":""}
{"timestamp":"2025-07-18T13:52:26,790","container":"b4173de707db","level":"INFO","thread":"EthScheduler-Timer-0","class":"FullSyncTargetManager","message":"Unable to find sync target. Currently checking 0 peers for usefulness","throwable":""}
{"timestamp":"2025-07-18T13:52:31,790","container":"b4173de707db","level":"INFO","thread":"EthScheduler-Timer-0","class":"FullSyncTargetManager","message":"Unable to find sync target. Currently checking 0 peers for usefulness","throwable":""}
{"timestamp":"2025-07-18T13:52:36,790","container":"b4173de707db","level":"INFO","thread":"EthScheduler-Timer-0","class":"FullSyncTargetManager","message":"Unable to find sync target. Currently checking 0 peers for usefulness","throwable":""}
{"timestamp":"2025-07-18T13:52:41,791","container":"b4173de707db","level":"INFO","thread":"EthScheduler-Timer-0","class":"FullSyncTargetManager","message":"Unable to find sync target. Currently checking 0 peers for usefulness","throwable":""}
{"timestamp":"2025-07-18T13:52:46,791","container":"b4173de707db","level":"INFO","thread":"EthScheduler-Timer-0","class":"FullSyncTargetManager","message":"Unable to find sync target. Currently checking 0 peers for usefulness","throwable":""}
{"timestamp":"2025-07-18T13:52:51,792","container":"b4173de707db","level":"INFO","thread":"EthScheduler-Timer-0","class":"FullSyncTargetManager","message":"Unable to find sync target. Currently checking 0 peers for usefulness","throwable":""}
{"timestamp":"2025-07-18T13:52:56,792","container":"b4173de707db","level":"INFO","thread":"EthScheduler-Timer-0","class":"FullSyncTargetManager","message":"Unable to find sync target. Currently checking 0 peers for usefulness","throwable":""}
{"timestamp":"2025-07-18T13:53:01,793","container":"b4173de707db","level":"INFO","thread":"EthScheduler-Timer-0","class":"FullSyncTargetManager","message":"Unable to find sync target. Currently checking 0 peers for usefulness","throwable":""}
{"timestamp":"2025-07-18T13:53:06,793","container":"b4173de707db","level":"INFO","thread":"EthScheduler-Timer-0","class":"FullSyncTargetManager","message":"Unable to find sync target. Currently checking 0 peers for usefulness","throwable":""}
{"timestamp":"2025-07-18T13:53:11,793","container":"b4173de707db","level":"INFO","thread":"EthScheduler-Timer-0","class":"FullSyncTargetManager","message":"Unable to find sync target. Currently checking 0 peers for usefulness","throwable":""}
{"timestamp":"2025-07-18T13:53:16,794","container":"b4173de707db","level":"INFO","thread":"EthScheduler-Timer-0","class":"FullSyncTargetManager","message":"Unable to find sync target. Currently checking 0 peers for usefulness","throwable":""}
{"timestamp":"2025-07-18T13:53:21,794","container":"b4173de707db","level":"INFO","thread":"EthScheduler-Timer-0","class":"FullSyncTargetManager","message":"Unable to find sync target. Currently checking 0 peers for usefulness","throwable":""}
{"timestamp":"2025-07-18T13:53:26,795","container":"b4173de707db","level":"INFO","thread":"EthScheduler-Timer-0","class":"FullSyncTargetManager","message":"Unable to find sync target. Currently checking 0 peers for usefulness","throwable":""}
{"timestamp":"2025-07-18T13:53:31,795","container":"b4173de707db","level":"INFO","thread":"EthScheduler-Timer-0","class":"FullSyncTargetManager","message":"Unable to find sync target. Currently checking 0 peers for usefulness","throwable":""}
{"timestamp":"2025-07-18T13:53:36,796","container":"b4173de707db","level":"INFO","thread":"EthScheduler-Timer-0","class":"FullSyncTargetManager","message":"Unable to find sync target. Currently checking 0 peers for usefulness","throwable":""}
{"timestamp":"2025-07-18T13:53:41,796","container":"b4173de707db","level":"INFO","thread":"EthScheduler-Timer-0","class":"FullSyncTargetManager","message":"Unable to find sync target. Currently checking 0 peers for usefulness","throwable":""}
{"timestamp":"2025-07-18T13:53:46,797","container":"b4173de707db","level":"INFO","thread":"EthScheduler-Timer-0","class":"FullSyncTargetManager","message":"Unable to find sync target. Currently checking 0 peers for usefulness","throwable":""}
{"timestamp":"2025-07-18T13:53:51,797","container":"b4173de707db","level":"INFO","thread":"EthScheduler-Timer-0","class":"FullSyncTargetManager","message":"Unable to find sync target. Currently checking 0 peers for usefulness","throwable":""}
{"timestamp":"2025-07-18T13:53:56,798","container":"b4173de707db","level":"INFO","thread":"EthScheduler-Timer-0","class":"FullSyncTargetManager","message":"Unable to find sync target. Currently checking 0 peers for usefulness","throwable":""}
{"timestamp":"2025-07-18T13:54:01,798","container":"b4173de707db","level":"INFO","thread":"EthScheduler-Timer-0","class":"FullSyncTargetManager","message":"Unable to find sync target. Currently checking 0 peers for usefulness","throwable":""}
{"timestamp":"2025-07-18T13:54:06,798","container":"b4173de707db","level":"INFO","thread":"EthScheduler-Timer-0","class":"FullSyncTargetManager","message":"Unable to find sync target. Currently checking 0 peers for usefulness","throwable":""}
{"timestamp":"2025-07-18T13:54:11,799","container":"b4173de707db","level":"INFO","thread":"EthScheduler-Timer-0","class":"FullSyncTargetManager","message":"Unable to find sync target. Currently checking 0 peers for usefulness","throwable":""}
{"timestamp":"2025-07-18T13:54:16,799","container":"b4173de707db","level":"INFO","thread":"EthScheduler-Timer-0","class":"FullSyncTargetManager","message":"Unable to find sync target. Currently checking 0 peers for usefulness","throwable":""}
{"timestamp":"2025-07-18T13:54:21,800","container":"b4173de707db","level":"INFO","thread":"EthScheduler-Timer-0","class":"FullSyncTargetManager","message":"Unable to find sync target. Currently checking 0 peers for usefulness","throwable":""}
{"timestamp":"2025-07-18T13:54:26,800","container":"b4173de707db","level":"INFO","thread":"EthScheduler-Timer-0","class":"FullSyncTargetManager","message":"Unable to find sync target. Currently checking 0 peers for usefulness","throwable":""}
{"timestamp":"2025-07-18T13:54:31,800","container":"b4173de707db","level":"INFO","thread":"EthScheduler-Timer-0","class":"FullSyncTargetManager","message":"Unable to find sync target. Currently checking 0 peers for usefulness","throwable":""}
{"timestamp":"2025-07-18T13:54:36,801","container":"b4173de707db","level":"INFO","thread":"EthScheduler-Timer-0","class":"FullSyncTargetManager","message":"Unable to find sync target. Currently checking 0 peers for usefulness","throwable":""}
{"timestamp":"2025-07-18T13:54:41,801","container":"b4173de707db","level":"INFO","thread":"EthScheduler-Timer-0","class":"FullSyncTargetManager","message":"Unable to find sync target. Currently checking 0 peers for usefulness","throwable":""}
{"timestamp":"2025-07-18T13:54:46,801","container":"b4173de707db","level":"INFO","thread":"EthScheduler-Timer-0","class":"FullSyncTargetManager","message":"Unable to find sync target. Currently checking 0 peers for usefulness","throwable":""}
{"timestamp":"2025-07-18T13:54:51,802","container":"b4173de707db","level":"INFO","thread":"EthScheduler-Timer-0","class":"FullSyncTargetManager","message":"Unable to find sync target. Currently checking 0 peers for usefulness","throwable":""}
{"timestamp":"2025-07-18T13:54:56,802","container":"b4173de707db","level":"INFO","thread":"EthScheduler-Timer-0","class":"FullSyncTargetManager","message":"Unable to find sync target. Currently checking 0 peers for usefulness","throwable":""}
{"timestamp":"2025-07-18T13:55:01,803","container":"b4173de707db","level":"INFO","thread":"EthScheduler-Timer-0","class":"FullSyncTargetManager","message":"Unable to find sync target. Currently checking 0 peers for usefulness","throwable":""}
{"timestamp":"2025-07-18T13:55:06,803","container":"b4173de707db","level":"INFO","thread":"EthScheduler-Timer-0","class":"FullSyncTargetManager","message":"Unable to find sync target. Currently checking 0 peers for usefulness","throwable":""}
{"timestamp":"2025-07-18T13:55:11,803","container":"b4173de707db","level":"INFO","thread":"EthScheduler-Timer-0","class":"FullSyncTargetManager","message":"Unable to find sync target. Currently checking 0 peers for usefulness","throwable":""}
{"timestamp":"2025-07-18T13:55:16,804","container":"b4173de707db","level":"INFO","thread":"EthScheduler-Timer-0","class":"FullSyncTargetManager","message":"Unable to find sync target. Currently checking 0 peers for usefulness","throwable":""}
{"timestamp":"2025-07-18T13:55:21,804","container":"b4173de707db","level":"INFO","thread":"EthScheduler-Timer-0","class":"FullSyncTargetManager","message":"Unable to find sync target. Currently checking 0 peers for usefulness","throwable":""}
{"timestamp":"2025-07-18T13:55:26,805","container":"b4173de707db","level":"INFO","thread":"EthScheduler-Timer-0","class":"FullSyncTargetManager","message":"Unable to find sync target. Currently checking 0 peers for usefulness","throwable":""}
{"timestamp":"2025-07-18T13:55:31,805","container":"b4173de707db","level":"INFO","thread":"EthScheduler-Timer-0","class":"FullSyncTargetManager","message":"Unable to find sync target. Currently checking 0 peers for usefulness","throwable":""}
{"timestamp":"2025-07-18T13:55:36,806","container":"b4173de707db","level":"INFO","thread":"EthScheduler-Timer-0","class":"FullSyncTargetManager","message":"Unable to find sync target. Currently checking 0 peers for usefulness","throwable":""}
{"timestamp":"2025-07-18T13:55:41,806","container":"b4173de707db","level":"INFO","thread":"EthScheduler-Timer-0","class":"FullSyncTargetManager","message":"Unable to find sync target. Currently checking 0 peers for usefulness","throwable":""}
{"timestamp":"2025-07-18T13:55:46,807","container":"b4173de707db","level":"INFO","thread":"EthScheduler-Timer-0","class":"FullSyncTargetManager","message":"Unable to find sync target. Currently checking 0 peers for usefulness","throwable":""}
{"timestamp":"2025-07-18T13:55:51,807","container":"b4173de707db","level":"INFO","thread":"EthScheduler-Timer-0","class":"FullSyncTargetManager","message":"Unable to find sync target. Currently checking 0 peers for usefulness","throwable":""}
{"timestamp":"2025-07-18T13:55:56,808","container":"b4173de707db","level":"INFO","thread":"EthScheduler-Timer-0","class":"FullSyncTargetManager","message":"Unable to find sync target. Currently checking 0 peers for usefulness","throwable":""}
{"timestamp":"2025-07-18T13:56:01,808","container":"b4173de707db","level":"INFO","thread":"EthScheduler-Timer-0","class":"FullSyncTargetManager","message":"Unable to find sync target. Currently checking 0 peers for usefulness","throwable":""}
{"timestamp":"2025-07-18T13:56:06,808","container":"b4173de707db","level":"INFO","thread":"EthScheduler-Timer-0","class":"FullSyncTargetManager","message":"Unable to find sync target. Currently checking 0 peers for usefulness","throwable":""}
{"timestamp":"2025-07-18T13:56:11,809","container":"b4173de707db","level":"INFO","thread":"EthScheduler-Timer-0","class":"FullSyncTargetManager","message":"Unable to find sync target. Currently checking 0 peers for usefulness","throwable":""}
{"timestamp":"2025-07-18T13:56:16,809","container":"b4173de707db","level":"INFO","thread":"EthScheduler-Timer-0","class":"FullSyncTargetManager","message":"Unable to find sync target. Currently checking 0 peers for usefulness","throwable":""}
{"timestamp":"2025-07-18T13:56:21,809","container":"b4173de707db","level":"INFO","thread":"EthScheduler-Timer-0","class":"FullSyncTargetManager","message":"Unable to find sync target. Currently checking 0 peers for usefulness","throwable":""}
{"timestamp":"2025-07-18T13:56:26,810","container":"b4173de707db","level":"INFO","thread":"EthScheduler-Timer-0","class":"FullSyncTargetManager","message":"Unable to find sync target. Currently checking 0 peers for usefulness","throwable":""}
{"timestamp":"2025-07-18T13:56:31,810","container":"b4173de707db","level":"INFO","thread":"EthScheduler-Timer-0","class":"FullSyncTargetManager","message":"Unable to find sync target. Currently checking 0 peers for usefulness","throwable":""}
{"timestamp":"2025-07-18T13:56:36,811","container":"b4173de707db","level":"INFO","thread":"EthScheduler-Timer-0","class":"FullSyncTargetManager","message":"Unable to find sync target. Currently checking 0 peers for usefulness","throwable":""}
{"timestamp":"2025-07-18T13:56:41,811","container":"b4173de707db","level":"INFO","thread":"EthScheduler-Timer-0","class":"FullSyncTargetManager","message":"Unable to find sync target. Currently checking 0 peers for usefulness","throwable":""}
{"timestamp":"2025-07-18T13:56:46,812","container":"b4173de707db","level":"INFO","thread":"EthScheduler-Timer-0","class":"FullSyncTargetManager","message":"Unable to find sync target. Currently checking 0 peers for usefulness","throwable":""}
{"timestamp":"2025-07-18T13:56:51,812","container":"b4173de707db","level":"INFO","thread":"EthScheduler-Timer-0","class":"FullSyncTargetManager","message":"Unable to find sync target. Currently checking 0 peers for usefulness","throwable":""}
{"timestamp":"2025-07-18T13:56:56,812","container":"b4173de707db","level":"INFO","thread":"EthScheduler-Timer-0","class":"FullSyncTargetManager","message":"Unable to find sync target. Currently checking 0 peers for usefulness","throwable":""}
{"timestamp":"2025-07-18T13:57:01,813","container":"b4173de707db","level":"INFO","thread":"EthScheduler-Timer-0","class":"FullSyncTargetManager","message":"Unable to find sync target. Currently checking 0 peers for usefulness","throwable":""}
{"timestamp":"2025-07-18T13:57:06,813","container":"b4173de707db","level":"INFO","thread":"EthScheduler-Timer-0","class":"FullSyncTargetManager","message":"Unable to find sync target. Currently checking 0 peers for usefulness","throwable":""}
{"timestamp":"2025-07-18T13:57:11,814","container":"b4173de707db","level":"INFO","thread":"EthScheduler-Timer-0","class":"FullSyncTargetManager","message":"Unable to find sync target. Currently checking 0 peers for usefulness","throwable":""}
{"timestamp":"2025-07-18T13:57:16,814","container":"b4173de707db","level":"INFO","thread":"EthScheduler-Timer-0","class":"FullSyncTargetManager","message":"Unable to find sync target. Currently checking 0 peers for usefulness","throwable":""}
{"timestamp":"2025-07-18T13:57:21,814","container":"b4173de707db","level":"INFO","thread":"EthScheduler-Timer-0","class":"FullSyncTargetManager","message":"Unable to find sync target. Currently checking 0 peers for usefulness","throwable":""}
{"timestamp":"2025-07-18T13:57:26,815","container":"b4173de707db","level":"INFO","thread":"EthScheduler-Timer-0","class":"FullSyncTargetManager","message":"Unable to find sync target. Currently checking 0 peers for usefulness","throwable":""}
{"timestamp":"2025-07-18T13:57:31,816","container":"b4173de707db","level":"INFO","thread":"EthScheduler-Timer-0","class":"FullSyncTargetManager","message":"Unable to find sync target. Currently checking 0 peers for usefulness","throwable":""}
{"timestamp":"2025-07-18T13:57:36,816","container":"b4173de707db","level":"INFO","thread":"EthScheduler-Timer-0","class":"FullSyncTargetManager","message":"Unable to find sync target. Currently checking 0 peers for usefulness","throwable":""}
{"timestamp":"2025-07-18T13:57:41,817","container":"b4173de707db","level":"INFO","thread":"EthScheduler-Timer-0","class":"FullSyncTargetManager","message":"Unable to find sync target. Currently checking 0 peers for usefulness","throwable":""}
{"timestamp":"2025-07-18T13:57:46,817","container":"b4173de707db","level":"INFO","thread":"EthScheduler-Timer-0","class":"FullSyncTargetManager","message":"Unable to find sync target. Currently checking 0 peers for usefulness","throwable":""}
{"timestamp":"2025-07-18T13:57:51,818","container":"b4173de707db","level":"INFO","thread":"EthScheduler-Timer-0","class":"FullSyncTargetManager","message":"Unable to find sync target. Currently checking 0 peers for usefulness","throwable":""}
{"timestamp":"2025-07-18T13:57:56,818","container":"b4173de707db","level":"INFO","thread":"EthScheduler-Timer-0","class":"FullSyncTargetManager","message":"Unable to find sync target. Currently checking 0 peers for usefulness","throwable":""}
{"timestamp":"2025-07-18T13:58:01,819","container":"b4173de707db","level":"INFO","thread":"EthScheduler-Timer-0","class":"FullSyncTargetManager","message":"Unable to find sync target. Currently checking 0 peers for usefulness","throwable":""}
{"timestamp":"2025-07-18T13:58:06,819","container":"b4173de707db","level":"INFO","thread":"EthScheduler-Timer-0","class":"FullSyncTargetManager","message":"Unable to find sync target. Currently checking 0 peers for usefulness","throwable":""}
{"timestamp":"2025-07-18T13:58:11,820","container":"b4173de707db","level":"INFO","thread":"EthScheduler-Timer-0","class":"FullSyncTargetManager","message":"Unable to find sync target. Currently checking 0 peers for usefulness","throwable":""}
{"timestamp":"2025-07-18T13:58:16,820","container":"b4173de707db","level":"INFO","thread":"EthScheduler-Timer-0","class":"FullSyncTargetManager","message":"Unable to find sync target. Currently checking 0 peers for usefulness","throwable":""}
{"timestamp":"2025-07-18T13:58:21,821","container":"b4173de707db","level":"INFO","thread":"EthScheduler-Timer-0","class":"FullSyncTargetManager","message":"Unable to find sync target. Currently checking 0 peers for usefulness","throwable":""}
{"timestamp":"2025-07-18T13:58:26,821","container":"b4173de707db","level":"INFO","thread":"EthScheduler-Timer-0","class":"FullSyncTargetManager","message":"Unable to find sync target. Currently checking 0 peers for usefulness","throwable":""}
{"timestamp":"2025-07-18T13:58:31,822","container":"b4173de707db","level":"INFO","thread":"EthScheduler-Timer-0","class":"FullSyncTargetManager","message":"Unable to find sync target. Currently checking 0 peers for usefulness","throwable":""}
{"timestamp":"2025-07-18T13:58:36,822","container":"b4173de707db","level":"INFO","thread":"EthScheduler-Timer-0","class":"FullSyncTargetManager","message":"Unable to find sync target. Currently checking 0 peers for usefulness","throwable":""}
{"timestamp":"2025-07-18T13:58:41,823","container":"b4173de707db","level":"INFO","thread":"EthScheduler-Timer-0","class":"FullSyncTargetManager","message":"Unable to find sync target. Currently checking 0 peers for usefulness","throwable":""}
{"timestamp":"2025-07-18T13:58:46,823","container":"b4173de707db","level":"INFO","thread":"EthScheduler-Timer-0","class":"FullSyncTargetManager","message":"Unable to find sync target. Currently checking 0 peers for usefulness","throwable":""}
{"timestamp":"2025-07-18T13:58:51,824","container":"b4173de707db","level":"INFO","thread":"EthScheduler-Timer-0","class":"FullSyncTargetManager","message":"Unable to find sync target. Currently checking 0 peers for usefulness","throwable":""}
{"timestamp":"2025-07-18T13:58:56,824","container":"b4173de707db","level":"INFO","thread":"EthScheduler-Timer-0","class":"FullSyncTargetManager","message":"Unable to find sync target. Currently checking 0 peers for usefulness","throwable":""}
{"timestamp":"2025-07-18T13:59:01,825","container":"b4173de707db","level":"INFO","thread":"EthScheduler-Timer-0","class":"FullSyncTargetManager","message":"Unable to find sync target. Currently checking 0 peers for usefulness","throwable":""}
{"timestamp":"2025-07-18T13:59:06,825","container":"b4173de707db","level":"INFO","thread":"EthScheduler-Timer-0","class":"FullSyncTargetManager","message":"Unable to find sync target. Currently checking 0 peers for usefulness","throwable":""}
{"timestamp":"2025-07-18T13:59:11,825","container":"b4173de707db","level":"INFO","thread":"EthScheduler-Timer-0","class":"FullSyncTargetManager","message":"Unable to find sync target. Currently checking 0 peers for usefulness","throwable":""}
{"timestamp":"2025-07-18T13:59:16,826","container":"b4173de707db","level":"INFO","thread":"EthScheduler-Timer-0","class":"FullSyncTargetManager","message":"Unable to find sync target. Currently checking 0 peers for usefulness","throwable":""}
{"timestamp":"2025-07-18T13:59:21,826","container":"b4173de707db","level":"INFO","thread":"EthScheduler-Timer-0","class":"FullSyncTargetManager","message":"Unable to find sync target. Currently checking 0 peers for usefulness","throwable":""}
{"timestamp":"2025-07-18T13:59:26,827","container":"b4173de707db","level":"INFO","thread":"EthScheduler-Timer-0","class":"FullSyncTargetManager","message":"Unable to find sync target. Currently checking 0 peers for usefulness","throwable":""}
{"timestamp":"2025-07-18T13:59:31,827","container":"b4173de707db","level":"INFO","thread":"EthScheduler-Timer-0","class":"FullSyncTargetManager","message":"Unable to find sync target. Currently checking 0 peers for usefulness","throwable":""}
{"timestamp":"2025-07-18T13:59:36,828","container":"b4173de707db","level":"INFO","thread":"EthScheduler-Timer-0","class":"FullSyncTargetManager","message":"Unable to find sync target. Currently checking 0 peers for usefulness","throwable":""}
{"timestamp":"2025-07-18T13:59:41,828","container":"b4173de707db","level":"INFO","thread":"EthScheduler-Timer-0","class":"FullSyncTargetManager","message":"Unable to find sync target. Currently checking 0 peers for usefulness","throwable":""}
{"timestamp":"2025-07-18T13:59:46,829","container":"b4173de707db","level":"INFO","thread":"EthScheduler-Timer-0","class":"FullSyncTargetManager","message":"Unable to find sync target. Currently checking 0 peers for usefulness","throwable":""}
{"timestamp":"2025-07-18T13:59:51,829","container":"b4173de707db","level":"INFO","thread":"EthScheduler-Timer-0","class":"FullSyncTargetManager","message":"Unable to find sync target. Currently checking 0 peers for usefulness","throwable":""}
{"timestamp":"2025-07-18T13:59:56,830","container":"b4173de707db","level":"INFO","thread":"EthScheduler-Timer-0","class":"FullSyncTargetManager","message":"Unable to find sync target. Currently checking 0 peers for usefulness","throwable":""}
{"timestamp":"2025-07-18T13:59:59,333","container":"b4173de707db","level":"INFO","thread":"BftProcessorExecutor-QBFT-0","class":"BftProcessor","message":"Shutting down BFT event processor","throwable":""}
{"timestamp":"2025-07-18T13:59:59,335","container":"b4173de707db","level":"INFO","thread":"BesuCommand-Shutdown-Hook","class":"DefaultSynchronizer","message":"Stopping synchronizer","throwable":""}
{"timestamp":"2025-07-18T13:59:59,338","container":"b4173de707db","level":"INFO","thread":"BesuCommand-Shutdown-Hook","class":"NetworkRunner","message":"Stopping Network.","throwable":""}
{"timestamp":"2025-07-18T13:59:59,343","container":"b4173de707db","level":"INFO","thread":"BesuCommand-Shutdown-Hook","class":"EthProtocolManager","message":"Stopping eth Subprotocol.","throwable":""}
{"timestamp":"2025-07-18T13:59:59,349","container":"b4173de707db","level":"INFO","thread":"BesuCommand-Shutdown-Hook","class":"EthProtocolManager","message":"eth Subprotocol stopped.","throwable":""}
{"timestamp":"2025-07-18T13:59:59,349","container":"b4173de707db","level":"INFO","thread":"BesuCommand-Shutdown-Hook","class":"NetworkRunner","message":"Network stopped.","throwable":""}
{"timestamp":"2025-07-18T13:59:59,349","container":"b4173de707db","level":"INFO","thread":"BesuCommand-Shutdown-Hook","class":"AutoTransactionLogBloomCachingService","message":"Shutting down Auto transaction logs caching service.","throwable":""}
{"timestamp":"2025-07-18T13:59:59,350","container":"b4173de707db","level":"INFO","thread":"BesuCommand-Shutdown-Hook","class":"DockerNatManager","message":"Stopping docker NAT manager.","throwable":""}
