{"timestamp":"2025-07-02T17:17:49,977","container":"fd1bd7073234","level":"INFO","thread":"main","class":"Besu","message":"Starting Besu","throwable":""}
{"timestamp":"2025-07-02T17:17:50,851","container":"fd1bd7073234","level":"WARN","thread":"main","class":"Besu","message":"--min-gas-price has been ignored because --miner-enabled was not defined on the command line.","throwable":""}
{"timestamp":"2025-07-02T17:17:52,328","container":"fd1bd7073234","level":"INFO","thread":"main","class":"Besu","message":"
####################################################################################################
#                                                                                                  #
# Besu version 23.4.1                                                                              #
#                                                                                                  #
# Configuration:                                                                                   #
# Network: Custom genesis file specified                                                           #
# Network Id: 1337                                                                                 #
# Data storage: Forest                                                                             #
# Sync mode: Full                                                                                  #
# RPC HTTP APIs: EEA,WEB3,ETH,NET,TRACE,DEBUG,ADMIN,TXPOOL,PRIV,PERM,QBFT                          #
# RPC HTTP port: 8545                                                                              #
#                                                                                                  #
# Host:                                                                                            #
# Java: openjdk-java-17                                                                            #
# Maximum heap size: 3.84 GB                                                                       #
# OS: linux-x86_64                                                                                 #
# glibc: 2.35                                                                                      #
# jemalloc: 5.2.1-0-gea6b3e973b477b8061e0076bb257dbd7f3faa756                                      #
# Total memory: 15.35 GB                                                                           #
# CPU cores: 8                                                                                     #
#                                                                                                  #
####################################################################################################","throwable":""}
{"timestamp":"2025-07-02T17:17:52,328","container":"fd1bd7073234","level":"INFO","thread":"main","class":"Besu","message":"Connecting to 8 static nodes.","throwable":""}
{"timestamp":"2025-07-02T17:17:52,328","container":"fd1bd7073234","level":"INFO","thread":"main","class":"Besu","message":"Security Module: localfile","throwable":""}
{"timestamp":"2025-07-02T17:17:52,480","container":"fd1bd7073234","level":"INFO","thread":"main","class":"Besu","message":"Using the native implementation of alt bn128","throwable":""}
{"timestamp":"2025-07-02T17:17:52,547","container":"fd1bd7073234","level":"INFO","thread":"main","class":"Besu","message":"Using the native implementation of modexp","throwable":""}
{"timestamp":"2025-07-02T17:17:52,557","container":"fd1bd7073234","level":"INFO","thread":"main","class":"Besu","message":"Using the native implementation of the signature algorithm","throwable":""}
{"timestamp":"2025-07-02T17:17:52,562","container":"fd1bd7073234","level":"INFO","thread":"main","class":"Besu","message":"Using the native implementation of the blake2bf algorithm","throwable":""}
{"timestamp":"2025-07-02T17:17:52,609","container":"fd1bd7073234","level":"INFO","thread":"main","class":"RocksDBKeyValueStorageFactory","message":"No existing database detected at /opt/besu/data. Using version 1","throwable":""}
{"timestamp":"2025-07-02T17:17:54,211","container":"fd1bd7073234","level":"INFO","thread":"main","class":"KeyPairUtil","message":"Loaded public key 0x2fd5b5b6ad529f55b71602026d1849d0036f06482368b5812fa793014195d3571b0840dbc4175617de2a12db8f1222c012420d471ae5c0d982118625cae58868 from /opt/besu/keys/nodekey","throwable":""}
{"timestamp":"2025-07-02T17:17:54,219","container":"fd1bd7073234","level":"WARN","thread":"main","class":"Besu","message":"Privacy is disabled. Cannot use EEA/PRIV API methods when not using Privacy.","throwable":""}
{"timestamp":"2025-07-02T17:17:54,564","container":"fd1bd7073234","level":"INFO","thread":"main","class":"ProtocolScheduleBuilder","message":"Protocol schedule created with milestones: [GrayGlacier: 0]","throwable":""}
{"timestamp":"2025-07-02T17:17:55,008","container":"fd1bd7073234","level":"INFO","thread":"main","class":"TransactionPoolFactory","message":"Enabling transaction pool","throwable":""}
{"timestamp":"2025-07-02T17:17:55,051","container":"fd1bd7073234","level":"INFO","thread":"main","class":"BesuControllerBuilder","message":"TTD difficulty is not present, creating initial sync phase for PoW","throwable":""}
{"timestamp":"2025-07-02T17:17:55,218","container":"fd1bd7073234","level":"INFO","thread":"main","class":"RunnerBuilder","message":"Detecting NAT service.","throwable":""}
{"timestamp":"2025-07-02T17:17:56,811","container":"fd1bd7073234","level":"INFO","thread":"main","class":"Runner","message":"Starting external services ... ","throwable":""}
{"timestamp":"2025-07-02T17:17:56,825","container":"fd1bd7073234","level":"INFO","thread":"main","class":"MetricsHttpService","message":"Starting metrics http service on 0.0.0.0:9545","throwable":""}
{"timestamp":"2025-07-02T17:17:57,152","container":"fd1bd7073234","level":"INFO","thread":"vert.x-eventloop-thread-1","class":"MetricsHttpService","message":"Metrics service started and listening on 0.0.0.0:9545","throwable":""}
{"timestamp":"2025-07-02T17:17:57,154","container":"fd1bd7073234","level":"INFO","thread":"main","class":"JsonRpcHttpService","message":"Starting JSON-RPC service on 0.0.0.0:8545","throwable":""}
{"timestamp":"2025-07-02T17:17:57,197","container":"fd1bd7073234","level":"INFO","thread":"vert.x-eventloop-thread-1","class":"JsonRpcHttpService","message":"JSON-RPC service started and listening on 0.0.0.0:8545","throwable":""}
{"timestamp":"2025-07-02T17:17:57,200","container":"fd1bd7073234","level":"INFO","thread":"main","class":"GraphQLHttpService","message":"Starting GraphQL HTTP service on 0.0.0.0:8547","throwable":""}
{"timestamp":"2025-07-02T17:17:57,217","container":"fd1bd7073234","level":"INFO","thread":"vert.x-eventloop-thread-1","class":"GraphQLHttpService","message":"GraphQL HTTP service started and listening on 0.0.0.0:8547","throwable":""}
{"timestamp":"2025-07-02T17:17:57,217","container":"fd1bd7073234","level":"INFO","thread":"main","class":"WebSocketService","message":"Starting Websocket service on 0.0.0.0:8546","throwable":""}
{"timestamp":"2025-07-02T17:17:57,222","container":"fd1bd7073234","level":"INFO","thread":"vert.x-eventloop-thread-1","class":"WebSocketService","message":"Websocket service started and listening on 0.0.0.0:8546","throwable":""}
{"timestamp":"2025-07-02T17:17:57,235","container":"fd1bd7073234","level":"INFO","thread":"main","class":"AutoTransactionLogBloomCachingService","message":"Starting auto transaction log bloom caching service.","throwable":""}
{"timestamp":"2025-07-02T17:17:57,241","container":"fd1bd7073234","level":"INFO","thread":"main","class":"LogBloomCacheMetadata","message":"Lookup cache metadata file in data directory: /opt/besu/data/caches","throwable":""}
{"timestamp":"2025-07-02T17:17:57,280","container":"fd1bd7073234","level":"INFO","thread":"main","class":"Runner","message":"Starting Ethereum main loop ... ","throwable":""}
{"timestamp":"2025-07-02T17:17:57,281","container":"fd1bd7073234","level":"INFO","thread":"main","class":"DockerNatManager","message":"Starting docker NAT manager.","throwable":""}
{"timestamp":"2025-07-02T17:18:02,541","container":"fd1bd7073234","level":"INFO","thread":"main","class":"NetworkRunner","message":"Starting Network.","throwable":""}
{"timestamp":"2025-07-02T17:18:02,555","container":"fd1bd7073234","level":"INFO","thread":"nioEventLoopGroup-2-1","class":"RlpxAgent","message":"P2P RLPx agent started and listening on /[0:0:0:0:0:0:0:0]:30303.","throwable":""}
{"timestamp":"2025-07-02T17:18:02,556","container":"fd1bd7073234","level":"INFO","thread":"main","class":"PeerDiscoveryAgent","message":"Starting peer discovery agent on host=0.0.0.0, port=30303","throwable":""}
{"timestamp":"2025-07-02T17:18:02,576","container":"fd1bd7073234","level":"INFO","thread":"vert.x-eventloop-thread-1","class":"VertxPeerDiscoveryAgent","message":"Started peer discovery agent successfully, on effective host=0:0:0:0:0:0:0:0%0 and port=30303","throwable":""}
{"timestamp":"2025-07-02T17:18:02,579","container":"fd1bd7073234","level":"INFO","thread":"vert.x-eventloop-thread-1","class":"PeerDiscoveryAgent","message":"P2P peer discovery agent started and listening on /[0:0:0:0:0:0:0:0%0]:30303","throwable":""}
{"timestamp":"2025-07-02T17:18:02,622","container":"fd1bd7073234","level":"INFO","thread":"vert.x-eventloop-thread-1","class":"PeerDiscoveryAgent","message":"Writing node record to disk. NodeRecord{seq=1, publicKey=0x022fd5b5b6ad529f55b71602026d1849d0036f06482368b5812fa793014195d357, udpAddress=Optional[/10.0.0.203:30303], tcpAddress=Optional[/10.0.0.203:30303], asBase64=-Je4QIKwddfyQYZgexpK1UV6GP3u75yjpkrNR6rldUPQAIxnUrC1DgGnQWaP8p8SPLvqsi4zXl9BccvAUOYTmyQC_VgBg2V0aMfGhGpSrW2AgmlkgnY0gmlwhAoAAMuJc2VjcDI1NmsxoQIv1bW2rVKfVbcWAgJtGEnQA28GSCNotYEvp5MBQZXTV4N0Y3CCdl-DdWRwgnZf, nodeId=0xc8f776c1d83d4fddd02782c698c1334496614aed49d2e81526d089f7264fed9c, customFields={tcp=30303, udp=30303, ip=0x0a0000cb, eth=[[0x6a52ad6d, 0x]], id=V4, secp256k1=0x022fd5b5b6ad529f55b71602026d1849d0036f06482368b5812fa793014195d357}}","throwable":""}
{"timestamp":"2025-07-02T17:18:02,675","container":"fd1bd7073234","level":"INFO","thread":"main","class":"DefaultP2PNetwork","message":"Enode URL enode://2fd5b5b6ad529f55b71602026d1849d0036f06482368b5812fa793014195d3571b0840dbc4175617de2a12db8f1222c012420d471ae5c0d982118625cae58868@10.0.0.203:30303","throwable":""}
{"timestamp":"2025-07-02T17:18:02,676","container":"fd1bd7073234","level":"INFO","thread":"main","class":"DefaultP2PNetwork","message":"Node address 0x98c1334496614aed49d2e81526d089f7264fed9c","throwable":""}
{"timestamp":"2025-07-02T17:18:02,779","container":"fd1bd7073234","level":"INFO","thread":"main","class":"NetworkRunner","message":"Supported capabilities: [eth/62, eth/63, eth/64, eth/65, eth/66, eth/67, eth/68], [istanbul/100], [snap/1]","throwable":""}
{"timestamp":"2025-07-02T17:18:02,780","container":"fd1bd7073234","level":"INFO","thread":"main","class":"DefaultSynchronizer","message":"Starting synchronizer.","throwable":""}
{"timestamp":"2025-07-02T17:18:02,793","container":"fd1bd7073234","level":"INFO","thread":"main","class":"TransactionPoolFactory","message":"Enabling transaction handling following initial sync","throwable":""}
{"timestamp":"2025-07-02T17:18:02,795","container":"fd1bd7073234","level":"INFO","thread":"main","class":"FullSyncDownloader","message":"Starting full sync.","throwable":""}
{"timestamp":"2025-07-02T17:18:02,795","container":"fd1bd7073234","level":"INFO","thread":"main","class":"FullSyncTargetManager","message":"Unable to find sync target. Currently checking 0 peers for usefulness","throwable":""}
{"timestamp":"2025-07-02T17:18:02,933","container":"fd1bd7073234","level":"INFO","thread":"main","class":"Runner","message":"Ethereum main loop is up.","throwable":""}
{"timestamp":"2025-07-02T17:18:07,807","container":"fd1bd7073234","level":"INFO","thread":"EthScheduler-Timer-0","class":"FullSyncTargetManager","message":"Unable to find sync target. Currently checking 0 peers for usefulness","throwable":""}
{"timestamp":"2025-07-02T17:18:12,809","container":"fd1bd7073234","level":"INFO","thread":"EthScheduler-Timer-0","class":"FullSyncTargetManager","message":"Unable to find sync target. Currently checking 0 peers for usefulness","throwable":""}
{"timestamp":"2025-07-02T17:18:17,810","container":"fd1bd7073234","level":"INFO","thread":"EthScheduler-Timer-0","class":"FullSyncTargetManager","message":"Unable to find sync target. Currently checking 0 peers for usefulness","throwable":""}
{"timestamp":"2025-07-02T17:18:22,811","container":"fd1bd7073234","level":"INFO","thread":"EthScheduler-Timer-0","class":"FullSyncTargetManager","message":"Unable to find sync target. Currently checking 0 peers for usefulness","throwable":""}
{"timestamp":"2025-07-02T17:18:27,812","container":"fd1bd7073234","level":"INFO","thread":"EthScheduler-Timer-0","class":"FullSyncTargetManager","message":"Unable to find sync target. Currently checking 0 peers for usefulness","throwable":""}
{"timestamp":"2025-07-02T17:18:32,813","container":"fd1bd7073234","level":"INFO","thread":"EthScheduler-Timer-0","class":"FullSyncTargetManager","message":"Unable to find sync target. Currently checking 0 peers for usefulness","throwable":""}
{"timestamp":"2025-07-02T17:18:37,814","container":"fd1bd7073234","level":"INFO","thread":"EthScheduler-Timer-0","class":"FullSyncTargetManager","message":"Unable to find sync target. Currently checking 0 peers for usefulness","throwable":""}
{"timestamp":"2025-07-02T17:18:42,815","container":"fd1bd7073234","level":"INFO","thread":"EthScheduler-Timer-0","class":"FullSyncTargetManager","message":"Unable to find sync target. Currently checking 0 peers for usefulness","throwable":""}
{"timestamp":"2025-07-02T17:18:47,816","container":"fd1bd7073234","level":"INFO","thread":"EthScheduler-Timer-0","class":"FullSyncTargetManager","message":"Unable to find sync target. Currently checking 0 peers for usefulness","throwable":""}
{"timestamp":"2025-07-02T17:18:52,817","container":"fd1bd7073234","level":"INFO","thread":"EthScheduler-Timer-0","class":"FullSyncTargetManager","message":"Unable to find sync target. Currently checking 0 peers for usefulness","throwable":""}
{"timestamp":"2025-07-02T17:18:54,938","container":"fd1bd7073234","level":"INFO","thread":"nioEventLoopGroup-3-10","class":"FullSyncTargetManager","message":"Unable to find sync target. Currently checking 1 peers for usefulness","throwable":""}
{"timestamp":"2025-07-02T17:18:58,151","container":"fd1bd7073234","level":"INFO","thread":"nioEventLoopGroup-3-1","class":"FullSyncTargetManager","message":"Unable to find sync target. Currently checking 2 peers for usefulness","throwable":""}
{"timestamp":"2025-07-02T17:18:58,286","container":"fd1bd7073234","level":"INFO","thread":"nioEventLoopGroup-3-2","class":"FullSyncTargetManager","message":"Unable to find sync target. Currently checking 3 peers for usefulness","throwable":""}
{"timestamp":"2025-07-02T17:19:03,287","container":"fd1bd7073234","level":"INFO","thread":"EthScheduler-Timer-0","class":"FullSyncTargetManager","message":"Unable to find sync target. Currently checking 3 peers for usefulness","throwable":""}
{"timestamp":"2025-07-02T17:19:08,288","container":"fd1bd7073234","level":"INFO","thread":"EthScheduler-Timer-0","class":"FullSyncTargetManager","message":"Unable to find sync target. Currently checking 3 peers for usefulness","throwable":""}
{"timestamp":"2025-07-02T17:19:13,127","container":"fd1bd7073234","level":"INFO","thread":"BftProcessorExecutor-QBFT-0","class":"QbftRound","message":"Importing proposed block to chain. round=ConsensusRoundIdentifier{Sequence=1, Round=3}, hash=0xa3a46b59e5001b80843fb38c33fe210f62cf5a52b4dfef16643f5e689bc7e4dc","throwable":""}
{"timestamp":"2025-07-02T17:19:13,166","container":"fd1bd7073234","level":"INFO","thread":"BftProcessorExecutor-QBFT-0","class":"QbftBesuControllerBuilder","message":"Imported #1 / 0 tx / 0 pending / 0 (0.0%) gas / (0xa3a46b59e5001b80843fb38c33fe210f62cf5a52b4dfef16643f5e689bc7e4dc)","throwable":""}
{"timestamp":"2025-07-02T17:19:13,289","container":"fd1bd7073234","level":"INFO","thread":"EthScheduler-Timer-0","class":"FullSyncTargetManager","message":"Unable to find sync target. Currently checking 3 peers for usefulness","throwable":""}
{"timestamp":"2025-07-02T17:19:18,290","container":"fd1bd7073234","level":"INFO","thread":"EthScheduler-Timer-0","class":"FullSyncTargetManager","message":"Unable to find sync target. Currently checking 3 peers for usefulness","throwable":""}
{"timestamp":"2025-07-02T17:19:20,085","container":"fd1bd7073234","level":"INFO","thread":"BftProcessorExecutor-QBFT-0","class":"QbftBesuControllerBuilder","message":"Imported #2 / 0 tx / 0 pending / 0 (0.0%) gas / (0xe90bc66759464774a30b555bd110263fe201523084adfe88070172c2e433c8e7)","throwable":""}
{"timestamp":"2025-07-02T17:19:28,097","container":"fd1bd7073234","level":"INFO","thread":"EthScheduler-Workers-0","class":"PersistBlockTask","message":"Block 3 (0x27e294a9937636abd3675b8f8599db0207128beabefb2dbc0a28db6aa81d3df2) is already imported","throwable":""}
{"timestamp":"2025-07-02T17:19:28,098","container":"fd1bd7073234","level":"INFO","thread":"BftProcessorExecutor-QBFT-0","class":"QbftBesuControllerBuilder","message":"Imported #3 / 0 tx / 0 pending / 0 (0.0%) gas / (0x27e294a9937636abd3675b8f8599db0207128beabefb2dbc0a28db6aa81d3df2)","throwable":""}
{"timestamp":"2025-07-02T17:19:36,088","container":"fd1bd7073234","level":"INFO","thread":"BftProcessorExecutor-QBFT-0","class":"QbftBesuControllerBuilder","message":"Produced #4 / 0 tx / 0 pending / 0 (0.0%) gas / (0xff0a567daff98bab2c04dc016a7fbec9ce95d967159e3585dac92e92ec142d21)","throwable":""}
{"timestamp":"2025-07-02T17:19:36,092","container":"fd1bd7073234","level":"INFO","thread":"EthScheduler-Workers-0","class":"PersistBlockTask","message":"Block 4 (0xff0a567daff98bab2c04dc016a7fbec9ce95d967159e3585dac92e92ec142d21) is already imported","throwable":""}
{"timestamp":"2025-07-02T17:19:44,065","container":"fd1bd7073234","level":"INFO","thread":"BftProcessorExecutor-QBFT-0","class":"QbftBesuControllerBuilder","message":"Imported #5 / 0 tx / 0 pending / 0 (0.0%) gas / (0xb483c5e65b26f571185acaf274a0477a6c95be4deafefed4440e7701e797269f)","throwable":""}
{"timestamp":"2025-07-02T17:19:52,060","container":"fd1bd7073234","level":"INFO","thread":"BftProcessorExecutor-QBFT-0","class":"QbftBesuControllerBuilder","message":"Imported #6 / 0 tx / 0 pending / 0 (0.0%) gas / (0xa1a41d7a08af29006df64a323af31d2f3ff597fc80766297d4a63410b3ff60ce)","throwable":""}
{"timestamp":"2025-07-02T17:20:00,080","container":"fd1bd7073234","level":"INFO","thread":"EthScheduler-Workers-0","class":"PersistBlockTask","message":"Block 7 (0x558d5dc51ee1b346bd34785216e7136a45a1b74de916cb06890c209a9528d743) is already imported","throwable":""}
{"timestamp":"2025-07-02T17:20:00,084","container":"fd1bd7073234","level":"INFO","thread":"BftProcessorExecutor-QBFT-0","class":"QbftBesuControllerBuilder","message":"Imported #7 / 0 tx / 0 pending / 0 (0.0%) gas / (0x558d5dc51ee1b346bd34785216e7136a45a1b74de916cb06890c209a9528d743)","throwable":""}
{"timestamp":"2025-07-02T17:20:08,037","container":"fd1bd7073234","level":"INFO","thread":"EthScheduler-Workers-0","class":"PersistBlockTask","message":"Imported #8 / 0 tx / 0 om / 0 (0.0%) gas / (0xf70d41158eb10bc16f64096b03bbadcdfb0435af9c0ea26a278f3f7cd7e7fea9) in 0.002s. Peers: 3","throwable":""}
{"timestamp":"2025-07-02T17:20:08,040","container":"fd1bd7073234","level":"INFO","thread":"BftProcessorExecutor-QBFT-0","class":"QbftBesuControllerBuilder","message":"Produced #8 / 0 tx / 0 pending / 0 (0.0%) gas / (0xf70d41158eb10bc16f64096b03bbadcdfb0435af9c0ea26a278f3f7cd7e7fea9)","throwable":""}
{"timestamp":"2025-07-02T17:20:16,119","container":"fd1bd7073234","level":"INFO","thread":"BftProcessorExecutor-QBFT-0","class":"QbftBesuControllerBuilder","message":"Imported #9 / 1 tx / 0 pending / 1,535,924 (0.0%) gas / (0xc150cfb9744592d40ce225f1780d69a2d40ba1af064600b055c77ecf8fb4a778)","throwable":""}
{"timestamp":"2025-07-02T17:20:24,063","container":"fd1bd7073234","level":"INFO","thread":"BftProcessorExecutor-QBFT-0","class":"QbftBesuControllerBuilder","message":"Imported #10 / 0 tx / 0 pending / 0 (0.0%) gas / (0x11c2be742a1fd21ecd7d248dd051ffec9c5b9e4a3819d1f15500b4dca341c992)","throwable":""}
{"timestamp":"2025-07-02T17:20:32,054","container":"fd1bd7073234","level":"INFO","thread":"BftProcessorExecutor-QBFT-0","class":"QbftBesuControllerBuilder","message":"Imported #11 / 0 tx / 0 pending / 0 (0.0%) gas / (0x99316bb9275557a755c026ee7f9a59a50c75bc759ef3b0aede3acd5d0080c2d7)","throwable":""}
{"timestamp":"2025-07-02T17:20:40,049","container":"fd1bd7073234","level":"INFO","thread":"BftProcessorExecutor-QBFT-0","class":"QbftBesuControllerBuilder","message":"Produced #12 / 0 tx / 0 pending / 0 (0.0%) gas / (0x481466fb55b9a2815acc8d93195bd9d5561d82d6fa26b8104feac81d74b37e3f)","throwable":""}
{"timestamp":"2025-07-02T17:20:48,055","container":"fd1bd7073234","level":"INFO","thread":"BftProcessorExecutor-QBFT-0","class":"QbftBesuControllerBuilder","message":"Imported #13 / 0 tx / 0 pending / 0 (0.0%) gas / (0x1e75d41835e7f587242580d92f2d13f791cfdc6239ce27b9f0a7bf5320fe08e4)","throwable":""}
{"timestamp":"2025-07-02T17:20:56,066","container":"fd1bd7073234","level":"INFO","thread":"EthScheduler-Workers-0","class":"PersistBlockTask","message":"Block 14 (0xd9d70c8ebf4b8dab010d63b71b7f134169cb905abfe70f31947356f7637918b9) is already imported","throwable":""}
{"timestamp":"2025-07-02T17:20:56,069","container":"fd1bd7073234","level":"INFO","thread":"BftProcessorExecutor-QBFT-0","class":"QbftBesuControllerBuilder","message":"Imported #14 / 0 tx / 0 pending / 0 (0.0%) gas / (0xd9d70c8ebf4b8dab010d63b71b7f134169cb905abfe70f31947356f7637918b9)","throwable":""}
{"timestamp":"2025-07-02T17:21:04,044","container":"fd1bd7073234","level":"INFO","thread":"BftProcessorExecutor-QBFT-0","class":"QbftBesuControllerBuilder","message":"Imported #15 / 0 tx / 0 pending / 0 (0.0%) gas / (0xaacff276cf6063dd75ce1d71e46af0ef558602eb6f91a70884af0bc77be87808)","throwable":""}
{"timestamp":"2025-07-02T17:21:12,058","container":"fd1bd7073234","level":"INFO","thread":"BftProcessorExecutor-QBFT-0","class":"QbftBesuControllerBuilder","message":"Produced #16 / 0 tx / 0 pending / 0 (0.0%) gas / (0x112ccea1fb991a2b21b5f1455f755b4c31c6f28b7793015821b7ba4cd9dd9b35)","throwable":""}
{"timestamp":"2025-07-02T17:21:20,081","container":"fd1bd7073234","level":"INFO","thread":"BftProcessorExecutor-QBFT-0","class":"QbftBesuControllerBuilder","message":"Imported #17 / 1 tx / 0 pending / 2,000,000 (0.0%) gas / (0x71fcbd334b91308ac82944fc99a1203f3821229dbcebc9ca41fc49b23356f5cd)","throwable":""}
{"timestamp":"2025-07-02T17:21:28,057","container":"fd1bd7073234","level":"INFO","thread":"BftProcessorExecutor-QBFT-0","class":"QbftBesuControllerBuilder","message":"Imported #18 / 1 tx / 0 pending / 2,000,000 (0.0%) gas / (0xdadc6802e21cc653471604cbcf7d8ed634fdebed7f6dc11e4629d7235a88c56d)","throwable":""}
{"timestamp":"2025-07-02T17:21:36,047","container":"fd1bd7073234","level":"INFO","thread":"BftProcessorExecutor-QBFT-0","class":"QbftBesuControllerBuilder","message":"Imported #19 / 0 tx / 0 pending / 0 (0.0%) gas / (0x80039b3a1057c2e2f08c713cc10b34ed288591ad7e726483529967192a165e99)","throwable":""}
{"timestamp":"2025-07-02T17:21:44,045","container":"fd1bd7073234","level":"INFO","thread":"BftProcessorExecutor-QBFT-0","class":"QbftBesuControllerBuilder","message":"Produced #20 / 0 tx / 0 pending / 0 (0.0%) gas / (0xd117cfda7eb26d780a6e55f077717e36429c1001367a2e729f85d559656dbdbb)","throwable":""}
{"timestamp":"2025-07-02T17:21:52,060","container":"fd1bd7073234","level":"INFO","thread":"BftProcessorExecutor-QBFT-0","class":"QbftBesuControllerBuilder","message":"Imported #21 / 0 tx / 0 pending / 0 (0.0%) gas / (0x663cc352ae3704d1c5e0e86bf6d590be1e2fd00201d0cd0c13d6da2a69d0d4a9)","throwable":""}
{"timestamp":"2025-07-02T17:22:00,058","container":"fd1bd7073234","level":"INFO","thread":"EthScheduler-Workers-0","class":"PersistBlockTask","message":"Block 22 (0x8ccab5db320320bf51c0dfdddfe35b4a3ce518d9c326b1846044b3639270170c) is already imported","throwable":""}
{"timestamp":"2025-07-02T17:22:00,062","container":"fd1bd7073234","level":"INFO","thread":"BftProcessorExecutor-QBFT-0","class":"QbftBesuControllerBuilder","message":"Imported #22 / 0 tx / 0 pending / 0 (0.0%) gas / (0x8ccab5db320320bf51c0dfdddfe35b4a3ce518d9c326b1846044b3639270170c)","throwable":""}
{"timestamp":"2025-07-02T17:22:08,038","container":"fd1bd7073234","level":"INFO","thread":"BftProcessorExecutor-QBFT-0","class":"QbftBesuControllerBuilder","message":"Imported #23 / 0 tx / 0 pending / 0 (0.0%) gas / (0xad0778021f89285bcc29bee38407ad4bac140f4b17e1ae78b0ce74579352a685)","throwable":""}
{"timestamp":"2025-07-02T17:22:16,042","container":"fd1bd7073234","level":"INFO","thread":"BftProcessorExecutor-QBFT-0","class":"QbftBesuControllerBuilder","message":"Produced #24 / 0 tx / 0 pending / 0 (0.0%) gas / (0x34d50d133486b5d173b33cc933c853843d54552b5013776d34402d23517cdab1)","throwable":""}
{"timestamp":"2025-07-02T17:22:24,051","container":"fd1bd7073234","level":"INFO","thread":"BftProcessorExecutor-QBFT-0","class":"QbftBesuControllerBuilder","message":"Imported #25 / 0 tx / 0 pending / 0 (0.0%) gas / (0x42ceaf790515e22519640490ef6b5fdbb1449d5cbb8c24cc461a282c306e7175)","throwable":""}
{"timestamp":"2025-07-02T17:22:32,040","container":"fd1bd7073234","level":"INFO","thread":"BftProcessorExecutor-QBFT-0","class":"QbftBesuControllerBuilder","message":"Imported #26 / 0 tx / 0 pending / 0 (0.0%) gas / (0x4b12074dffcdb80dfae2dcf35b5cde08f9dde8e280fa32cce0eda98ceba6eaed)","throwable":""}
{"timestamp":"2025-07-02T17:22:40,034","container":"fd1bd7073234","level":"INFO","thread":"BftProcessorExecutor-QBFT-0","class":"QbftBesuControllerBuilder","message":"Imported #27 / 0 tx / 0 pending / 0 (0.0%) gas / (0xe38134a23d15daec375d7acd4b400d85d4dcdd30dc5c21e450011a9cbdc0c8bb)","throwable":""}
{"timestamp":"2025-07-02T17:22:48,042","container":"fd1bd7073234","level":"INFO","thread":"BftProcessorExecutor-QBFT-0","class":"QbftBesuControllerBuilder","message":"Produced #28 / 0 tx / 0 pending / 0 (0.0%) gas / (0x2ebc7a318c9b237c69708e533e142e1849e9d9203612a5793e8cb53e6556f457)","throwable":""}
{"timestamp":"2025-07-02T17:22:56,044","container":"fd1bd7073234","level":"INFO","thread":"BftProcessorExecutor-QBFT-0","class":"QbftBesuControllerBuilder","message":"Imported #29 / 0 tx / 0 pending / 0 (0.0%) gas / (0xe47e3018435ad18d684eae08771a882e81b4b28d070a3340086b9e503c06da0c)","throwable":""}
{"timestamp":"2025-07-02T17:23:04,154","container":"fd1bd7073234","level":"INFO","thread":"BftProcessorExecutor-QBFT-0","class":"QbftBesuControllerBuilder","message":"Imported #30 / 0 tx / 0 pending / 0 (0.0%) gas / (0xaae01fcc947a3bb2c39f827426c7beb93ae8139a21b0aec988c360685f9d9505)","throwable":""}
{"timestamp":"2025-07-02T17:23:12,078","container":"fd1bd7073234","level":"INFO","thread":"BftProcessorExecutor-QBFT-0","class":"QbftBesuControllerBuilder","message":"Imported #31 / 0 tx / 0 pending / 0 (0.0%) gas / (0x3780694b022e48da06b5c2e5b2846a7666f4b7a64ecc93f5e4be0a26884b7f22)","throwable":""}
{"timestamp":"2025-07-02T17:23:20,048","container":"fd1bd7073234","level":"INFO","thread":"BftProcessorExecutor-QBFT-0","class":"QbftBesuControllerBuilder","message":"Produced #32 / 0 tx / 0 pending / 0 (0.0%) gas / (0x32c514901cf63f6fa46f658a9006531f952d3ceef8ffb4def7a99e70c628996d)","throwable":""}
{"timestamp":"2025-07-02T17:23:28,040","container":"fd1bd7073234","level":"INFO","thread":"BftProcessorExecutor-QBFT-0","class":"QbftBesuControllerBuilder","message":"Imported #33 / 0 tx / 0 pending / 0 (0.0%) gas / (0x507a8025ddf5e6394e844526c1b29b47797d8e18cf09f0f78a9cbf2c0239fa91)","throwable":""}
{"timestamp":"2025-07-02T17:23:36,049","container":"fd1bd7073234","level":"INFO","thread":"BftProcessorExecutor-QBFT-0","class":"QbftBesuControllerBuilder","message":"Imported #34 / 0 tx / 0 pending / 0 (0.0%) gas / (0xd7c61db0de409999a10658e9be20a465a2dc0e51da3d09c43f600371f66b0764)","throwable":""}
{"timestamp":"2025-07-02T17:23:44,036","container":"fd1bd7073234","level":"INFO","thread":"BftProcessorExecutor-QBFT-0","class":"QbftBesuControllerBuilder","message":"Imported #35 / 0 tx / 0 pending / 0 (0.0%) gas / (0x0e290a8319482250af2ede7719f546cb95f7f9b6b6ecf07f74487c6de8ac5c8d)","throwable":""}
{"timestamp":"2025-07-02T17:23:52,043","container":"fd1bd7073234","level":"INFO","thread":"BftProcessorExecutor-QBFT-0","class":"QbftBesuControllerBuilder","message":"Produced #36 / 0 tx / 0 pending / 0 (0.0%) gas / (0x8a1128919c56caa2bad555400b2c021b4f26764cf4cad7cde09ead45dc82b3ec)","throwable":""}
{"timestamp":"2025-07-02T17:24:00,049","container":"fd1bd7073234","level":"INFO","thread":"BftProcessorExecutor-QBFT-0","class":"QbftBesuControllerBuilder","message":"Imported #37 / 0 tx / 0 pending / 0 (0.0%) gas / (0x554467633399fa6b12eff5fbc4469c6f4063df5bc768f9851a87ad1cea65e84c)","throwable":""}
{"timestamp":"2025-07-02T17:24:08,057","container":"fd1bd7073234","level":"INFO","thread":"EthScheduler-Workers-0","class":"PersistBlockTask","message":"Block 38 (0x56c4441e3b0c1cf34403361cca0f2ed9c8dc2af153f1d91242c4a8764ee35f6d) is already imported","throwable":""}
{"timestamp":"2025-07-02T17:24:08,058","container":"fd1bd7073234","level":"INFO","thread":"BftProcessorExecutor-QBFT-0","class":"QbftBesuControllerBuilder","message":"Imported #38 / 0 tx / 0 pending / 0 (0.0%) gas / (0x56c4441e3b0c1cf34403361cca0f2ed9c8dc2af153f1d91242c4a8764ee35f6d)","throwable":""}
{"timestamp":"2025-07-02T17:24:16,039","container":"fd1bd7073234","level":"INFO","thread":"BftProcessorExecutor-QBFT-0","class":"QbftBesuControllerBuilder","message":"Imported #39 / 0 tx / 0 pending / 0 (0.0%) gas / (0x7c783f558ae399b147a5575016b7860b47bb25cfd4da67fdfe3aff7e86fc5272)","throwable":""}
{"timestamp":"2025-07-02T17:24:24,041","container":"fd1bd7073234","level":"INFO","thread":"BftProcessorExecutor-QBFT-0","class":"QbftBesuControllerBuilder","message":"Produced #40 / 0 tx / 0 pending / 0 (0.0%) gas / (0xa77fd30806ce38bb85b11788e5c36a335c5079ef81a2d6c6bd25664ec8ccf6c8)","throwable":""}
{"timestamp":"2025-07-02T17:24:32,033","container":"fd1bd7073234","level":"INFO","thread":"BftProcessorExecutor-QBFT-0","class":"QbftBesuControllerBuilder","message":"Imported #41 / 0 tx / 0 pending / 0 (0.0%) gas / (0xc2e8ce9be114c30b26bded5161f50383b726ce1cc83e7d41870f1a4c47101b5b)","throwable":""}
{"timestamp":"2025-07-02T17:24:40,026","container":"fd1bd7073234","level":"INFO","thread":"BftProcessorExecutor-QBFT-0","class":"QbftBesuControllerBuilder","message":"Imported #42 / 0 tx / 0 pending / 0 (0.0%) gas / (0xcdc07ac35b3fd83d21028d47aa036ba105eb10bce7922892f954626bc42cd39e)","throwable":""}
{"timestamp":"2025-07-02T17:24:48,033","container":"fd1bd7073234","level":"INFO","thread":"BftProcessorExecutor-QBFT-0","class":"QbftBesuControllerBuilder","message":"Imported #43 / 0 tx / 0 pending / 0 (0.0%) gas / (0xdc2e116754662dc779c330044b11c461df6ee7839f448c194e00a0a5d53447e5)","throwable":""}
{"timestamp":"2025-07-02T17:24:56,048","container":"fd1bd7073234","level":"INFO","thread":"BftProcessorExecutor-QBFT-0","class":"QbftBesuControllerBuilder","message":"Produced #44 / 0 tx / 0 pending / 0 (0.0%) gas / (0xce96ac85ef32d1eb47130c3e928af132fd20f08ca1e2681a85cad91d06721fb2)","throwable":""}
{"timestamp":"2025-07-02T17:25:04,017","container":"fd1bd7073234","level":"INFO","thread":"BftProcessorExecutor-QBFT-0","class":"QbftBesuControllerBuilder","message":"Imported #45 / 0 tx / 0 pending / 0 (0.0%) gas / (0x049c030f84ef07f996dffb651e66e55bb2ce73043040f00b2e9c75e2d225a2de)","throwable":""}
{"timestamp":"2025-07-02T17:25:12,035","container":"fd1bd7073234","level":"INFO","thread":"BftProcessorExecutor-QBFT-0","class":"QbftBesuControllerBuilder","message":"Imported #46 / 0 tx / 0 pending / 0 (0.0%) gas / (0x5444652649108e053ecbe3a9a97d2e038d8d6c83f2260324aa8da89ddca0a439)","throwable":""}
{"timestamp":"2025-07-02T17:25:20,024","container":"fd1bd7073234","level":"INFO","thread":"BftProcessorExecutor-QBFT-0","class":"QbftBesuControllerBuilder","message":"Imported #47 / 0 tx / 0 pending / 0 (0.0%) gas / (0xac7c3c654fd8f952ccece5bbe5728bb5f85a2491f2b83f9eceec37e742ec28b6)","throwable":""}
{"timestamp":"2025-07-02T17:25:28,045","container":"fd1bd7073234","level":"INFO","thread":"EthScheduler-Workers-0","class":"PersistBlockTask","message":"Imported #48 / 0 tx / 0 om / 0 (0.0%) gas / (0xaeb12fff2739bcaa948129c3e50fd7b6c93a5ce180dfd3bcf0a8677bc70a1d51) in 0.012s. Peers: 3","throwable":""}
{"timestamp":"2025-07-02T17:25:36,027","container":"fd1bd7073234","level":"INFO","thread":"BftProcessorExecutor-QBFT-0","class":"QbftBesuControllerBuilder","message":"Imported #49 / 0 tx / 0 pending / 0 (0.0%) gas / (0xb2f0b4dd7f6e30d30eda16be0e3b800846f6b9edb0b59e9a8b881466177170dc)","throwable":""}
{"timestamp":"2025-07-02T17:25:44,026","container":"fd1bd7073234","level":"INFO","thread":"BftProcessorExecutor-QBFT-0","class":"QbftBesuControllerBuilder","message":"Imported #50 / 0 tx / 0 pending / 0 (0.0%) gas / (0x7543348d0a94ec5ff14aff22e6f13c02d431aceefe1896420efa304534ca699f)","throwable":""}
{"timestamp":"2025-07-02T17:25:52,035","container":"fd1bd7073234","level":"INFO","thread":"BftProcessorExecutor-QBFT-0","class":"QbftBesuControllerBuilder","message":"Imported #51 / 0 tx / 0 pending / 0 (0.0%) gas / (0xbf08806b28ec8178bb72efb5c4dbb3347c2124c47c826a5efb8d3ea2616ca8cb)","throwable":""}
{"timestamp":"2025-07-02T17:26:00,025","container":"fd1bd7073234","level":"INFO","thread":"BftProcessorExecutor-QBFT-0","class":"QbftBesuControllerBuilder","message":"Produced #52 / 0 tx / 0 pending / 0 (0.0%) gas / (0x7e83ae409cba6c36cdd3e39f7854733525206aef91112346e24ade708317a755)","throwable":""}
{"timestamp":"2025-07-02T17:26:08,027","container":"fd1bd7073234","level":"INFO","thread":"BftProcessorExecutor-QBFT-0","class":"QbftBesuControllerBuilder","message":"Imported #53 / 0 tx / 0 pending / 0 (0.0%) gas / (0xe291b087179f630908618cbbb908a88c84ad6b2686b1ffe6ae4aa047f6296486)","throwable":""}
{"timestamp":"2025-07-02T17:26:16,027","container":"fd1bd7073234","level":"INFO","thread":"BftProcessorExecutor-QBFT-0","class":"QbftBesuControllerBuilder","message":"Imported #54 / 0 tx / 0 pending / 0 (0.0%) gas / (0xdd8fa4501385f5daa6ff5d4017a8b2c8d61753b462a056a636bfae7f4677104b)","throwable":""}
{"timestamp":"2025-07-02T17:26:24,030","container":"fd1bd7073234","level":"INFO","thread":"BftProcessorExecutor-QBFT-0","class":"QbftBesuControllerBuilder","message":"Imported #55 / 0 tx / 0 pending / 0 (0.0%) gas / (0x98556d1774d6bb08c61ee889ebb381f65bdb2fce711ab25454f3f873790a8528)","throwable":""}
{"timestamp":"2025-07-02T17:26:32,025","container":"fd1bd7073234","level":"INFO","thread":"BftProcessorExecutor-QBFT-0","class":"QbftBesuControllerBuilder","message":"Produced #56 / 0 tx / 0 pending / 0 (0.0%) gas / (0xc6fbff1cf887bf31a1e29d67867f66593f3f77e9df955fc18f1e01fbfb229a51)","throwable":""}
{"timestamp":"2025-07-02T17:26:40,029","container":"fd1bd7073234","level":"INFO","thread":"BftProcessorExecutor-QBFT-0","class":"QbftBesuControllerBuilder","message":"Imported #57 / 0 tx / 0 pending / 0 (0.0%) gas / (0x3dd63551cec479c41d67ee7908d04e5b3bae499fd54cd8997c531d32b41c79fa)","throwable":""}
{"timestamp":"2025-07-02T17:26:48,027","container":"fd1bd7073234","level":"INFO","thread":"BftProcessorExecutor-QBFT-0","class":"QbftBesuControllerBuilder","message":"Imported #58 / 0 tx / 0 pending / 0 (0.0%) gas / (0x4dde6fb7dfd8bdc449f8d8626b84d2c2b50d2b904b9101bbfc21b48e12fbed1c)","throwable":""}
{"timestamp":"2025-07-02T17:26:56,037","container":"fd1bd7073234","level":"INFO","thread":"BftProcessorExecutor-QBFT-0","class":"QbftBesuControllerBuilder","message":"Imported #59 / 0 tx / 0 pending / 0 (0.0%) gas / (0x53bfd21a850d7f109e5d83292f1ffea9d568766e527eb4b961a603729803a249)","throwable":""}
{"timestamp":"2025-07-02T17:27:04,015","container":"fd1bd7073234","level":"INFO","thread":"BftProcessorExecutor-QBFT-0","class":"QbftBesuControllerBuilder","message":"Produced #60 / 0 tx / 0 pending / 0 (0.0%) gas / (0x1e558da53b309190c03d4f599b5ae338e4e484d0367265b405a153d5fe62a9e9)","throwable":""}
{"timestamp":"2025-07-02T17:27:12,027","container":"fd1bd7073234","level":"INFO","thread":"BftProcessorExecutor-QBFT-0","class":"QbftBesuControllerBuilder","message":"Imported #61 / 0 tx / 0 pending / 0 (0.0%) gas / (0x71ebcadebda6ecdac3d02a190497307e1fb794ecb628622f4961a9cf98712699)","throwable":""}
{"timestamp":"2025-07-02T17:27:20,033","container":"fd1bd7073234","level":"INFO","thread":"BftProcessorExecutor-QBFT-0","class":"QbftBesuControllerBuilder","message":"Imported #62 / 0 tx / 0 pending / 0 (0.0%) gas / (0x3012292d54a16f696f0ab96e579e38869b306dc868f6cec5eadc5e31653424f6)","throwable":""}
{"timestamp":"2025-07-02T17:27:28,039","container":"fd1bd7073234","level":"INFO","thread":"BftProcessorExecutor-QBFT-0","class":"QbftBesuControllerBuilder","message":"Imported #63 / 0 tx / 0 pending / 0 (0.0%) gas / (0xd5227a13126fb6e4b9ffc3df9e94472427b21f733835cfb5301bd1271ee44c22)","throwable":""}
{"timestamp":"2025-07-02T17:27:36,040","container":"fd1bd7073234","level":"INFO","thread":"BftProcessorExecutor-QBFT-0","class":"QbftBesuControllerBuilder","message":"Produced #64 / 0 tx / 0 pending / 0 (0.0%) gas / (0xeef150b48af77ab1ba2e13761a10feb9789dab526496c54819dbb9a0f1a3315c)","throwable":""}
{"timestamp":"2025-07-02T17:27:44,027","container":"fd1bd7073234","level":"INFO","thread":"BftProcessorExecutor-QBFT-0","class":"QbftBesuControllerBuilder","message":"Imported #65 / 0 tx / 0 pending / 0 (0.0%) gas / (0xb53b1dce24ec00f9a3fe29bf185e75022a29a16a237fdc93f25082a73aa0c899)","throwable":""}
{"timestamp":"2025-07-02T17:27:52,026","container":"fd1bd7073234","level":"INFO","thread":"BftProcessorExecutor-QBFT-0","class":"QbftBesuControllerBuilder","message":"Imported #66 / 0 tx / 0 pending / 0 (0.0%) gas / (0x2bad461648ad119daac8feff2619cc7b8c095e8f63d1f1324e6c1a2b2242b68e)","throwable":""}
{"timestamp":"2025-07-02T17:28:00,069","container":"fd1bd7073234","level":"INFO","thread":"BftProcessorExecutor-QBFT-0","class":"QbftBesuControllerBuilder","message":"Imported #67 / 0 tx / 0 pending / 0 (0.0%) gas / (0xc6ad19f274cb179a95ce994e3e4710f9943f7d8f07b558a32255f74a795efa38)","throwable":""}
{"timestamp":"2025-07-02T17:28:08,034","container":"fd1bd7073234","level":"INFO","thread":"BftProcessorExecutor-QBFT-0","class":"QbftBesuControllerBuilder","message":"Produced #68 / 0 tx / 0 pending / 0 (0.0%) gas / (0x6fa268cb984fda4ef756d77460584b742162a4829032a3c5fc5ea3db8144db7f)","throwable":""}
{"timestamp":"2025-07-02T17:28:16,029","container":"fd1bd7073234","level":"INFO","thread":"BftProcessorExecutor-QBFT-0","class":"QbftBesuControllerBuilder","message":"Imported #69 / 0 tx / 0 pending / 0 (0.0%) gas / (0x18c64f1905f1f64080ff6c7013912e4b2ea0114dff8535b0216cbce08e63e851)","throwable":""}
{"timestamp":"2025-07-02T17:28:24,028","container":"fd1bd7073234","level":"INFO","thread":"BftProcessorExecutor-QBFT-0","class":"QbftBesuControllerBuilder","message":"Imported #70 / 0 tx / 0 pending / 0 (0.0%) gas / (0xe16d065e40201c57acbb6e3d7b930fe8438f6c3420bb827b54a29b81230cf0b0)","throwable":""}
{"timestamp":"2025-07-02T17:28:32,022","container":"fd1bd7073234","level":"INFO","thread":"BftProcessorExecutor-QBFT-0","class":"QbftBesuControllerBuilder","message":"Imported #71 / 0 tx / 0 pending / 0 (0.0%) gas / (0x1a435cc2e5b485dd8a0eec3706bd572e727c43565308aaaed5b829a5f8b2aafe)","throwable":""}
{"timestamp":"2025-07-02T17:28:40,052","container":"fd1bd7073234","level":"INFO","thread":"BftProcessorExecutor-QBFT-0","class":"QbftBesuControllerBuilder","message":"Produced #72 / 1 tx / 0 pending / 1,534,844 (0.0%) gas / (0xc1f00ea5395f66bdfc3d3b39aff9ac398822a33d8177e1eb787cd2e794d5186c)","throwable":""}
{"timestamp":"2025-07-02T17:28:48,026","container":"fd1bd7073234","level":"INFO","thread":"BftProcessorExecutor-QBFT-0","class":"QbftBesuControllerBuilder","message":"Imported #73 / 0 tx / 0 pending / 0 (0.0%) gas / (0x419861656548ec012afa3965784b2073b86632c6c225d94c769209b7bbea56d4)","throwable":""}
{"timestamp":"2025-07-02T17:28:56,030","container":"fd1bd7073234","level":"INFO","thread":"BftProcessorExecutor-QBFT-0","class":"QbftBesuControllerBuilder","message":"Imported #74 / 0 tx / 0 pending / 0 (0.0%) gas / (0x5839260fbe0598c16974fe50fa5b69a2c83820ca5b5cf65581cc86f88f9d253d)","throwable":""}
{"timestamp":"2025-07-02T17:29:04,043","container":"fd1bd7073234","level":"INFO","thread":"BftProcessorExecutor-QBFT-0","class":"QbftBesuControllerBuilder","message":"Imported #75 / 1 tx / 0 pending / 2,000,000 (0.0%) gas / (0xaf1e1cda79511d8dd3f82a8c6ae94bc641d635e64ef014aea88fe6495eeb9541)","throwable":""}
{"timestamp":"2025-07-02T17:29:12,036","container":"fd1bd7073234","level":"INFO","thread":"BftProcessorExecutor-QBFT-0","class":"QbftBesuControllerBuilder","message":"Produced #76 / 1 tx / 0 pending / 2,000,000 (0.0%) gas / (0x4ea937f96acb1dd12eaba67931f81ea4fb854cacf90478b0679787da0c0bb873)","throwable":""}
{"timestamp":"2025-07-02T17:29:20,042","container":"fd1bd7073234","level":"INFO","thread":"BftProcessorExecutor-QBFT-0","class":"QbftBesuControllerBuilder","message":"Imported #77 / 0 tx / 0 pending / 0 (0.0%) gas / (0x99977bc12360cdc1603b7b1bccc12fadda1c7ff0c6806f5602c39a2a4fa54f6f)","throwable":""}
{"timestamp":"2025-07-02T17:29:28,023","container":"fd1bd7073234","level":"INFO","thread":"BftProcessorExecutor-QBFT-0","class":"QbftBesuControllerBuilder","message":"Imported #78 / 0 tx / 0 pending / 0 (0.0%) gas / (0xe814c62e01ca0372a1aab401d62b3faa9824ff83f077960c95b948851d3025b2)","throwable":""}
{"timestamp":"2025-07-02T17:29:36,032","container":"fd1bd7073234","level":"INFO","thread":"BftProcessorExecutor-QBFT-0","class":"QbftBesuControllerBuilder","message":"Imported #79 / 0 tx / 0 pending / 0 (0.0%) gas / (0x93af6f03843e3ab84e83dc34cd969c1944329e37faa6f11fcd888f3552c76aaf)","throwable":""}
{"timestamp":"2025-07-02T17:29:44,026","container":"fd1bd7073234","level":"INFO","thread":"BftProcessorExecutor-QBFT-0","class":"QbftBesuControllerBuilder","message":"Produced #80 / 0 tx / 0 pending / 0 (0.0%) gas / (0xff57f0b915d1382887a0329b5ae4577860228efcdce6bd48a84e7209e2462c59)","throwable":""}
{"timestamp":"2025-07-02T17:29:52,029","container":"fd1bd7073234","level":"INFO","thread":"BftProcessorExecutor-QBFT-0","class":"QbftBesuControllerBuilder","message":"Imported #81 / 0 tx / 0 pending / 0 (0.0%) gas / (0x9116b4bb7690f2bdc9e3afd1153b0bf8174657c5c637799007196b1ca71bbf9f)","throwable":""}
{"timestamp":"2025-07-02T17:30:00,033","container":"fd1bd7073234","level":"INFO","thread":"BftProcessorExecutor-QBFT-0","class":"QbftBesuControllerBuilder","message":"Imported #82 / 0 tx / 0 pending / 0 (0.0%) gas / (0x46924c3c4fcec7502928df4c837369008d92d3dee2d116d48850d98914560a96)","throwable":""}
{"timestamp":"2025-07-02T17:30:08,036","container":"fd1bd7073234","level":"INFO","thread":"BftProcessorExecutor-QBFT-0","class":"QbftBesuControllerBuilder","message":"Imported #83 / 0 tx / 0 pending / 0 (0.0%) gas / (0x997fa02929babdec1d16d24327eaec8c94d6fe71f87f8c6812b62bcbbc5f5f0f)","throwable":""}
{"timestamp":"2025-07-02T17:30:16,029","container":"fd1bd7073234","level":"INFO","thread":"BftProcessorExecutor-QBFT-0","class":"QbftBesuControllerBuilder","message":"Produced #84 / 0 tx / 0 pending / 0 (0.0%) gas / (0x0730f2d5698779f18929241853951cdbfd502eb99bf11e0b3b09cbe2de06a9fc)","throwable":""}
{"timestamp":"2025-07-02T17:30:24,031","container":"fd1bd7073234","level":"INFO","thread":"BftProcessorExecutor-QBFT-0","class":"QbftBesuControllerBuilder","message":"Imported #85 / 0 tx / 0 pending / 0 (0.0%) gas / (0xb488810bdaf4796a3510031371355d8c0608cb9b83ce16117bc29c57d937a70c)","throwable":""}
{"timestamp":"2025-07-02T17:30:32,029","container":"fd1bd7073234","level":"INFO","thread":"BftProcessorExecutor-QBFT-0","class":"QbftBesuControllerBuilder","message":"Imported #86 / 0 tx / 0 pending / 0 (0.0%) gas / (0x85dff0b291d850cc4bc77a27da42794172a96518f0c6da82f79ca2ad688020c5)","throwable":""}
{"timestamp":"2025-07-02T17:30:40,023","container":"fd1bd7073234","level":"INFO","thread":"BftProcessorExecutor-QBFT-0","class":"QbftBesuControllerBuilder","message":"Imported #87 / 0 tx / 0 pending / 0 (0.0%) gas / (0x9456c1d3b7bb1d0ab33d95955e41fedb03970b7c97bccfbaa0a21eea42fb7127)","throwable":""}
{"timestamp":"2025-07-02T17:30:48,023","container":"fd1bd7073234","level":"INFO","thread":"BftProcessorExecutor-QBFT-0","class":"QbftBesuControllerBuilder","message":"Produced #88 / 0 tx / 0 pending / 0 (0.0%) gas / (0xb8214a4b2ec3ad48388c86df4144980471f7b9dc40095c2795ba1c2a211452f1)","throwable":""}
{"timestamp":"2025-07-02T17:30:56,028","container":"fd1bd7073234","level":"INFO","thread":"BftProcessorExecutor-QBFT-0","class":"QbftBesuControllerBuilder","message":"Imported #89 / 0 tx / 0 pending / 0 (0.0%) gas / (0x6e3982482050a4b3cd17fc9e452c033ede9d00f3c3ef1520ebe5c089cafecd81)","throwable":""}
{"timestamp":"2025-07-02T17:31:04,025","container":"fd1bd7073234","level":"INFO","thread":"BftProcessorExecutor-QBFT-0","class":"QbftBesuControllerBuilder","message":"Imported #90 / 0 tx / 0 pending / 0 (0.0%) gas / (0xb50116a70b0091c30b6f59a737bfcc2704a525e8dffacba500530ea04dbd6e2f)","throwable":""}
{"timestamp":"2025-07-02T17:31:12,011","container":"fd1bd7073234","level":"INFO","thread":"BftProcessorExecutor-QBFT-0","class":"QbftBesuControllerBuilder","message":"Imported #91 / 0 tx / 0 pending / 0 (0.0%) gas / (0x75f206fd786a0bd34fb12c55e8d8dd96daa2061e7f9f1946046851712627c9e5)","throwable":""}
{"timestamp":"2025-07-02T17:31:20,029","container":"fd1bd7073234","level":"INFO","thread":"BftProcessorExecutor-QBFT-0","class":"QbftBesuControllerBuilder","message":"Produced #92 / 0 tx / 0 pending / 0 (0.0%) gas / (0x878dbd805aa1a71d36c978fa9342efdad3dbed0732b175a16cc2ba019ad6818a)","throwable":""}
{"timestamp":"2025-07-02T17:31:28,019","container":"fd1bd7073234","level":"INFO","thread":"BftProcessorExecutor-QBFT-0","class":"QbftBesuControllerBuilder","message":"Imported #93 / 0 tx / 0 pending / 0 (0.0%) gas / (0x47bdc02526d734c830c83c72824d35e7bc6a222573aaca6ae5d541f2b3976bd4)","throwable":""}
{"timestamp":"2025-07-02T17:31:36,035","container":"fd1bd7073234","level":"INFO","thread":"BftProcessorExecutor-QBFT-0","class":"QbftBesuControllerBuilder","message":"Imported #94 / 0 tx / 0 pending / 0 (0.0%) gas / (0x05e5b2d872e7aa821770e0b709fd851007541e878bfd71769052b043a67cd6dc)","throwable":""}
{"timestamp":"2025-07-02T17:31:44,027","container":"fd1bd7073234","level":"INFO","thread":"BftProcessorExecutor-QBFT-0","class":"QbftBesuControllerBuilder","message":"Imported #95 / 0 tx / 0 pending / 0 (0.0%) gas / (0xc516b49a916002de0a984b4651fd7ae590cc88a736944bc0c5adcd9bdce16e62)","throwable":""}
{"timestamp":"2025-07-02T17:31:52,031","container":"fd1bd7073234","level":"INFO","thread":"BftProcessorExecutor-QBFT-0","class":"QbftBesuControllerBuilder","message":"Produced #96 / 0 tx / 0 pending / 0 (0.0%) gas / (0x52c861a9edbbdcc4a8a02679b91869f3a56b9da9baadbb07b7e760ace746ebf0)","throwable":""}
{"timestamp":"2025-07-02T17:32:00,027","container":"fd1bd7073234","level":"INFO","thread":"BftProcessorExecutor-QBFT-0","class":"QbftBesuControllerBuilder","message":"Imported #97 / 0 tx / 0 pending / 0 (0.0%) gas / (0x04915e725ee987bc1e040c75738fa8fa6d33cef90f13c3779a38817effafc15c)","throwable":""}
{"timestamp":"2025-07-02T17:32:08,028","container":"fd1bd7073234","level":"INFO","thread":"BftProcessorExecutor-QBFT-0","class":"QbftBesuControllerBuilder","message":"Imported #98 / 0 tx / 0 pending / 0 (0.0%) gas / (0x0726a9de01c3789bb350e2c747b95ad95b8aecb075e9580f691f2bd2485285fa)","throwable":""}
{"timestamp":"2025-07-02T17:32:16,024","container":"fd1bd7073234","level":"INFO","thread":"BftProcessorExecutor-QBFT-0","class":"QbftBesuControllerBuilder","message":"Imported #99 / 0 tx / 0 pending / 0 (0.0%) gas / (0x058234b0e35238d3b778e27cdc7b6d65301b7c98b9a2e43907925459f94f46e2)","throwable":""}
{"timestamp":"2025-07-02T17:32:24,024","container":"fd1bd7073234","level":"INFO","thread":"BftProcessorExecutor-QBFT-0","class":"QbftBesuControllerBuilder","message":"Produced #100 / 0 tx / 0 pending / 0 (0.0%) gas / (0x4b8cea6be26be60b51fa3a11d5ea2b64183218eab6f310962d8e4f6229ba57b3)","throwable":""}
{"timestamp":"2025-07-02T17:32:32,029","container":"fd1bd7073234","level":"INFO","thread":"BftProcessorExecutor-QBFT-0","class":"QbftBesuControllerBuilder","message":"Imported #101 / 0 tx / 0 pending / 0 (0.0%) gas / (0x1a8190783e44ea2ebdc8829673d188b20e9959e15156c3088f3b6683d8111e78)","throwable":""}
{"timestamp":"2025-07-02T17:32:40,024","container":"fd1bd7073234","level":"INFO","thread":"BftProcessorExecutor-QBFT-0","class":"QbftBesuControllerBuilder","message":"Imported #102 / 0 tx / 0 pending / 0 (0.0%) gas / (0x532deed67f201218848770cd062b4d9357db5590f28cf4ec75a7e85ee5ec57be)","throwable":""}
{"timestamp":"2025-07-02T17:32:48,020","container":"fd1bd7073234","level":"INFO","thread":"BftProcessorExecutor-QBFT-0","class":"QbftBesuControllerBuilder","message":"Imported #103 / 0 tx / 0 pending / 0 (0.0%) gas / (0xf9511a26bc482cd805203bb6c9e32879bc59f09f66a74dd21911de1ab90ccbb0)","throwable":""}
{"timestamp":"2025-07-02T17:32:56,014","container":"fd1bd7073234","level":"INFO","thread":"BftProcessorExecutor-QBFT-0","class":"QbftBesuControllerBuilder","message":"Produced #104 / 0 tx / 0 pending / 0 (0.0%) gas / (0x763492dd130e2fd857af0bbf0b054e26a7faa73194b71ba60c9b6e23e06dfaf7)","throwable":""}
{"timestamp":"2025-07-02T17:33:04,038","container":"fd1bd7073234","level":"INFO","thread":"BftProcessorExecutor-QBFT-0","class":"QbftBesuControllerBuilder","message":"Imported #105 / 1 tx / 0 pending / 1,465,644 (0.0%) gas / (0x860d49f3f1c50175c721783f55feaf51fed23f66b8efdfe871d8b3ff904daf9a)","throwable":""}
{"timestamp":"2025-07-02T17:33:12,041","container":"fd1bd7073234","level":"INFO","thread":"EthScheduler-Workers-0","class":"PersistBlockTask","message":"Imported #106 / 0 tx / 0 om / 0 (0.0%) gas / (0x819293e0652f0803fc25509c02efd51030ad98c7d134ffb7f9aafd02e68d433e) in 0.002s. Peers: 3","throwable":""}
{"timestamp":"2025-07-02T17:33:20,026","container":"fd1bd7073234","level":"INFO","thread":"BftProcessorExecutor-QBFT-0","class":"QbftBesuControllerBuilder","message":"Imported #107 / 0 tx / 0 pending / 0 (0.0%) gas / (0x6784a7fd806ec5ab2b6699bcf3563336c03ae3feab9d39db0fcbb34e40feae7a)","throwable":""}
{"timestamp":"2025-07-02T17:33:28,024","container":"fd1bd7073234","level":"INFO","thread":"BftProcessorExecutor-QBFT-0","class":"QbftBesuControllerBuilder","message":"Produced #108 / 0 tx / 0 pending / 0 (0.0%) gas / (0xdd2f68e313da5f815e9ae0a9ddfab4c028b4d5abd5a7a5deb545061da209c1fe)","throwable":""}
{"timestamp":"2025-07-02T17:33:36,039","container":"fd1bd7073234","level":"INFO","thread":"EthScheduler-Workers-0","class":"PersistBlockTask","message":"Block 109 (0x3c9a937421838bc8b896b2f4bf52763a97a7b155f908474df413ef72fffc204e) is already imported","throwable":""}
{"timestamp":"2025-07-02T17:33:36,040","container":"fd1bd7073234","level":"INFO","thread":"BftProcessorExecutor-QBFT-0","class":"QbftBesuControllerBuilder","message":"Imported #109 / 1 tx / 0 pending / 2,000,000 (0.0%) gas / (0x3c9a937421838bc8b896b2f4bf52763a97a7b155f908474df413ef72fffc204e)","throwable":""}
{"timestamp":"2025-07-02T17:33:44,034","container":"fd1bd7073234","level":"INFO","thread":"BftProcessorExecutor-QBFT-0","class":"QbftBesuControllerBuilder","message":"Imported #110 / 1 tx / 0 pending / 2,000,000 (0.0%) gas / (0x8ff276463c526fe8bd76a17eb1084f9865a6b579826ec4d6a853d5b721f30562)","throwable":""}
{"timestamp":"2025-07-02T17:33:52,019","container":"fd1bd7073234","level":"INFO","thread":"BftProcessorExecutor-QBFT-0","class":"QbftBesuControllerBuilder","message":"Imported #111 / 0 tx / 0 pending / 0 (0.0%) gas / (0x1d383b144b331b16a1f72a8a414a84c9b50840da1bd64eb22c60e0b097c60fca)","throwable":""}
{"timestamp":"2025-07-02T17:34:00,030","container":"fd1bd7073234","level":"INFO","thread":"BftProcessorExecutor-QBFT-0","class":"QbftBesuControllerBuilder","message":"Produced #112 / 0 tx / 0 pending / 0 (0.0%) gas / (0x3adce5d66a102bee8f46509ee10e92e640b4c191a2b85383efefa2aa04990783)","throwable":""}
{"timestamp":"2025-07-02T17:34:08,030","container":"fd1bd7073234","level":"INFO","thread":"BftProcessorExecutor-QBFT-0","class":"QbftBesuControllerBuilder","message":"Imported #113 / 0 tx / 0 pending / 0 (0.0%) gas / (0x48489508c8737574a4a6738ed679755c9630897e36d62d08b46d7df266e4540b)","throwable":""}
{"timestamp":"2025-07-02T17:34:16,027","container":"fd1bd7073234","level":"INFO","thread":"BftProcessorExecutor-QBFT-0","class":"QbftBesuControllerBuilder","message":"Imported #114 / 0 tx / 0 pending / 0 (0.0%) gas / (0x629d15019231ac33db60ca23b28e68b2f4df1e79ccee921103434519a8f2d272)","throwable":""}
{"timestamp":"2025-07-02T17:34:24,020","container":"fd1bd7073234","level":"INFO","thread":"BftProcessorExecutor-QBFT-0","class":"QbftBesuControllerBuilder","message":"Imported #115 / 0 tx / 0 pending / 0 (0.0%) gas / (0xc469874e39767451ec2a821342050e58e4f7ac8c46bca343a00445017a47fc99)","throwable":""}
{"timestamp":"2025-07-02T17:34:32,024","container":"fd1bd7073234","level":"INFO","thread":"BftProcessorExecutor-QBFT-0","class":"QbftBesuControllerBuilder","message":"Produced #116 / 0 tx / 0 pending / 0 (0.0%) gas / (0x24825dbdd8538c19f9978c885171a7dca6af838be14c8759821732cca926fc11)","throwable":""}
{"timestamp":"2025-07-02T17:34:40,028","container":"fd1bd7073234","level":"INFO","thread":"BftProcessorExecutor-QBFT-0","class":"QbftBesuControllerBuilder","message":"Imported #117 / 0 tx / 0 pending / 0 (0.0%) gas / (0x95926065d0e5eb459476cf793c8cb288ab77a566a34aee0fdfd958377eec809f)","throwable":""}
{"timestamp":"2025-07-02T17:34:48,011","container":"fd1bd7073234","level":"INFO","thread":"BftProcessorExecutor-QBFT-0","class":"QbftBesuControllerBuilder","message":"Imported #118 / 0 tx / 0 pending / 0 (0.0%) gas / (0x3062cd7df1f1dee15d90f0f86ee969359a5135e9fc29afdb16d3c4a52b74bc83)","throwable":""}
{"timestamp":"2025-07-02T17:34:56,019","container":"fd1bd7073234","level":"INFO","thread":"BftProcessorExecutor-QBFT-0","class":"QbftBesuControllerBuilder","message":"Imported #119 / 0 tx / 0 pending / 0 (0.0%) gas / (0x249bf29b1072da4d1cd2d3e97b9e373ba3eac6195e3efd20b588c78e156dccb0)","throwable":""}
{"timestamp":"2025-07-02T17:35:04,026","container":"fd1bd7073234","level":"INFO","thread":"BftProcessorExecutor-QBFT-0","class":"QbftBesuControllerBuilder","message":"Produced #120 / 0 tx / 0 pending / 0 (0.0%) gas / (0x92c49081cd3d68e109e72cfb48dc98ce68b6aeee44b202685979b5afa53cb79e)","throwable":""}
{"timestamp":"2025-07-02T17:35:12,026","container":"fd1bd7073234","level":"INFO","thread":"BftProcessorExecutor-QBFT-0","class":"QbftBesuControllerBuilder","message":"Imported #121 / 0 tx / 0 pending / 0 (0.0%) gas / (0x0c8ec9985fa710b7b02dc03933f272385627730a92ac8417a3a5574f1e8fd54f)","throwable":""}
{"timestamp":"2025-07-02T17:35:20,025","container":"fd1bd7073234","level":"INFO","thread":"BftProcessorExecutor-QBFT-0","class":"QbftBesuControllerBuilder","message":"Imported #122 / 0 tx / 0 pending / 0 (0.0%) gas / (0x4000c7f4ea94d0a3da0c86fa8a0e8f24ce1dc045da95c5bf4715751b90a6e277)","throwable":""}
{"timestamp":"2025-07-02T17:35:28,016","container":"fd1bd7073234","level":"INFO","thread":"BftProcessorExecutor-QBFT-0","class":"QbftBesuControllerBuilder","message":"Imported #123 / 0 tx / 0 pending / 0 (0.0%) gas / (0xed5d618554d778e99ea5d969ecef07545cf528068a0482a09e7730227961c6c8)","throwable":""}
{"timestamp":"2025-07-02T17:35:36,025","container":"fd1bd7073234","level":"INFO","thread":"BftProcessorExecutor-QBFT-0","class":"QbftBesuControllerBuilder","message":"Produced #124 / 0 tx / 0 pending / 0 (0.0%) gas / (0x6b81b4194ada8dee5ca45fc17ddbd674d801b09bf9c522300d9e78f549ce59a3)","throwable":""}
{"timestamp":"2025-07-02T17:35:44,028","container":"fd1bd7073234","level":"INFO","thread":"BftProcessorExecutor-QBFT-0","class":"QbftBesuControllerBuilder","message":"Imported #125 / 0 tx / 0 pending / 0 (0.0%) gas / (0x35d2ad7898586b609a7746e1c0e5fba0a1c625c256633724c521447df2dd616d)","throwable":""}
{"timestamp":"2025-07-02T17:35:52,023","container":"fd1bd7073234","level":"INFO","thread":"BftProcessorExecutor-QBFT-0","class":"QbftBesuControllerBuilder","message":"Imported #126 / 0 tx / 0 pending / 0 (0.0%) gas / (0x89691266704ac290a8ba6da00b95df38d1e3bd5a2cfc3bfdfa6ff9f106496e6a)","throwable":""}
{"timestamp":"2025-07-02T17:36:00,040","container":"fd1bd7073234","level":"INFO","thread":"BftProcessorExecutor-QBFT-0","class":"QbftBesuControllerBuilder","message":"Imported #127 / 0 tx / 0 pending / 0 (0.0%) gas / (0xca356d4795c853aeda4aa7c6e1d1d7683d9802a42a9b8810ca7daf3b1a6162f9)","throwable":""}
{"timestamp":"2025-07-02T17:36:08,030","container":"fd1bd7073234","level":"INFO","thread":"BftProcessorExecutor-QBFT-0","class":"QbftBesuControllerBuilder","message":"Produced #128 / 0 tx / 0 pending / 0 (0.0%) gas / (0x66dc6c47c1039c12e704983572ce56ed5bcdbbb69437661199da26e554cc6fc8)","throwable":""}
{"timestamp":"2025-07-02T17:36:16,027","container":"fd1bd7073234","level":"INFO","thread":"BftProcessorExecutor-QBFT-0","class":"QbftBesuControllerBuilder","message":"Imported #129 / 0 tx / 0 pending / 0 (0.0%) gas / (0xf9e4db27c82391412806074c2913223e75725f2c77ce3a34bee1a82acc00ddaf)","throwable":""}
{"timestamp":"2025-07-02T17:36:24,024","container":"fd1bd7073234","level":"INFO","thread":"BftProcessorExecutor-QBFT-0","class":"QbftBesuControllerBuilder","message":"Imported #130 / 0 tx / 0 pending / 0 (0.0%) gas / (0x4413594e8b0d951b51d1c14d278671b11c60f36bf4fa8c334f07c7e418d578e0)","throwable":""}
{"timestamp":"2025-07-02T17:36:32,023","container":"fd1bd7073234","level":"INFO","thread":"BftProcessorExecutor-QBFT-0","class":"QbftBesuControllerBuilder","message":"Imported #131 / 0 tx / 0 pending / 0 (0.0%) gas / (0xa3573fabd1eaec4e57c7524722dd0e88c0e3b6c05d09575cf62ba56a8ecc6939)","throwable":""}
{"timestamp":"2025-07-02T17:36:40,031","container":"fd1bd7073234","level":"INFO","thread":"BftProcessorExecutor-QBFT-0","class":"QbftBesuControllerBuilder","message":"Produced #132 / 1 tx / 0 pending / 2,000,000 (0.0%) gas / (0xcca72dbf6bfe6503ca56017a859fa0f3acba09cb68528764219cc5a433d486b3)","throwable":""}
{"timestamp":"2025-07-02T17:36:48,033","container":"fd1bd7073234","level":"INFO","thread":"BftProcessorExecutor-QBFT-0","class":"QbftBesuControllerBuilder","message":"Imported #133 / 1 tx / 0 pending / 2,000,000 (0.0%) gas / (0xc4c41d1453b16b9f234bf001a161f16d8f99ad916d13099efa1f8bfbc2a99790)","throwable":""}
{"timestamp":"2025-07-02T17:36:56,028","container":"fd1bd7073234","level":"INFO","thread":"BftProcessorExecutor-QBFT-0","class":"QbftBesuControllerBuilder","message":"Imported #134 / 0 tx / 0 pending / 0 (0.0%) gas / (0x384b7687f0c9fd134a64fec95103c6116e243f750e0cd184efedc2627ca0d5df)","throwable":""}
{"timestamp":"2025-07-02T17:37:04,024","container":"fd1bd7073234","level":"INFO","thread":"BftProcessorExecutor-QBFT-0","class":"QbftBesuControllerBuilder","message":"Imported #135 / 0 tx / 0 pending / 0 (0.0%) gas / (0x7e5bafde2b47f65d2e8345b84d70041bfb87bc8f0beae894fa673e0cf021ef00)","throwable":""}
{"timestamp":"2025-07-02T17:37:12,021","container":"fd1bd7073234","level":"INFO","thread":"BftProcessorExecutor-QBFT-0","class":"QbftBesuControllerBuilder","message":"Produced #136 / 0 tx / 0 pending / 0 (0.0%) gas / (0x27e1b4eacebe87c65b18dc701e6ac3f18a4e89626a01783fa4c9ac2c895a83a5)","throwable":""}
{"timestamp":"2025-07-02T17:37:20,043","container":"fd1bd7073234","level":"INFO","thread":"BftProcessorExecutor-QBFT-0","class":"QbftBesuControllerBuilder","message":"Imported #137 / 0 tx / 0 pending / 0 (0.0%) gas / (0xf9b7cfb2b220224e9b0d0d709ca9af406371bbef5332fa6f08b57da12ac5fce0)","throwable":""}
{"timestamp":"2025-07-02T17:37:28,040","container":"fd1bd7073234","level":"INFO","thread":"BftProcessorExecutor-QBFT-0","class":"QbftBesuControllerBuilder","message":"Imported #138 / 0 tx / 0 pending / 0 (0.0%) gas / (0x0b6396c9b33c0d9e0f674f80497c5395d46f28192fb541a725cdb385dc3becc4)","throwable":""}
{"timestamp":"2025-07-02T17:37:36,028","container":"fd1bd7073234","level":"INFO","thread":"BftProcessorExecutor-QBFT-0","class":"QbftBesuControllerBuilder","message":"Imported #139 / 0 tx / 0 pending / 0 (0.0%) gas / (0xd28ec97deb0fcd93f368e83bc0f8a3743a3f71cafa8579f29f71f7501eff6b3c)","throwable":""}
{"timestamp":"2025-07-02T17:37:44,017","container":"fd1bd7073234","level":"INFO","thread":"BftProcessorExecutor-QBFT-0","class":"QbftBesuControllerBuilder","message":"Produced #140 / 0 tx / 0 pending / 0 (0.0%) gas / (0xd4bc83fec9d3c7fd9c1c545f9d304a28ceb2b66bdad9de11d2848617be5f7cc3)","throwable":""}
{"timestamp":"2025-07-02T17:37:52,023","container":"fd1bd7073234","level":"INFO","thread":"BftProcessorExecutor-QBFT-0","class":"QbftBesuControllerBuilder","message":"Imported #141 / 0 tx / 0 pending / 0 (0.0%) gas / (0x1d3dddd663434d2f89d7acfb7a2ec9eec7fb876f1fd48eb9d1aef4cab2655af2)","throwable":""}
{"timestamp":"2025-07-02T17:38:00,027","container":"fd1bd7073234","level":"INFO","thread":"BftProcessorExecutor-QBFT-0","class":"QbftBesuControllerBuilder","message":"Imported #142 / 0 tx / 0 pending / 0 (0.0%) gas / (0x3a13f5b2912310cd3bef16bb2b8ebc97c76de937aa4b2d171383727ded1d9d17)","throwable":""}
{"timestamp":"2025-07-02T17:38:08,036","container":"fd1bd7073234","level":"INFO","thread":"BftProcessorExecutor-QBFT-0","class":"QbftBesuControllerBuilder","message":"Imported #143 / 0 tx / 0 pending / 0 (0.0%) gas / (0xe15c3984ecb56c1f5e1ec8f07422fb77d3a54fb6b17d311673197ce26a4df2ca)","throwable":""}
{"timestamp":"2025-07-02T17:38:16,025","container":"fd1bd7073234","level":"INFO","thread":"BftProcessorExecutor-QBFT-0","class":"QbftBesuControllerBuilder","message":"Produced #144 / 0 tx / 0 pending / 0 (0.0%) gas / (0x7e66465075a84b5bb200fab0afe2a0a4f9bc6250c451db9e03e79e0bd8104c7f)","throwable":""}
{"timestamp":"2025-07-02T17:38:24,023","container":"fd1bd7073234","level":"INFO","thread":"BftProcessorExecutor-QBFT-0","class":"QbftBesuControllerBuilder","message":"Imported #145 / 0 tx / 0 pending / 0 (0.0%) gas / (0x979d7c8378e6ca633ca66ba12b410968cd3c3953c104a8f85d1149589428d125)","throwable":""}
{"timestamp":"2025-07-02T17:38:32,024","container":"fd1bd7073234","level":"INFO","thread":"BftProcessorExecutor-QBFT-0","class":"QbftBesuControllerBuilder","message":"Imported #146 / 0 tx / 0 pending / 0 (0.0%) gas / (0x41b8c9b7dfb3b6ff6ec9e0430987885bc703b9fd3673be0b50e19dd43bde20be)","throwable":""}
{"timestamp":"2025-07-02T17:38:40,029","container":"fd1bd7073234","level":"INFO","thread":"BftProcessorExecutor-QBFT-0","class":"QbftBesuControllerBuilder","message":"Imported #147 / 0 tx / 0 pending / 0 (0.0%) gas / (0xde283062fca7e0960f976fd3bdb758c489fe752897171b59bb02d87ab693977c)","throwable":""}
{"timestamp":"2025-07-02T17:38:48,028","container":"fd1bd7073234","level":"INFO","thread":"BftProcessorExecutor-QBFT-0","class":"QbftBesuControllerBuilder","message":"Produced #148 / 0 tx / 0 pending / 0 (0.0%) gas / (0x3eb6dd15b2c2b5f2a170ea1fd1c55bb702ae92e06e2c6d93e265d98dabacbd3c)","throwable":""}
{"timestamp":"2025-07-02T17:38:56,047","container":"fd1bd7073234","level":"INFO","thread":"BftProcessorExecutor-QBFT-0","class":"QbftBesuControllerBuilder","message":"Imported #149 / 0 tx / 0 pending / 0 (0.0%) gas / (0x1b7af971283cf7682e796344a65a1b847b77f072a5e79a84389ae63a0ff6a67e)","throwable":""}
{"timestamp":"2025-07-02T17:39:04,020","container":"fd1bd7073234","level":"INFO","thread":"BftProcessorExecutor-QBFT-0","class":"QbftBesuControllerBuilder","message":"Imported #150 / 0 tx / 0 pending / 0 (0.0%) gas / (0x834ab1efa762f82191ceb9b6db9ec941675331edbaf1eab3c09d509e8c095d3f)","throwable":""}
{"timestamp":"2025-07-02T17:39:12,021","container":"fd1bd7073234","level":"INFO","thread":"BftProcessorExecutor-QBFT-0","class":"QbftBesuControllerBuilder","message":"Imported #151 / 0 tx / 0 pending / 0 (0.0%) gas / (0x52294bb656373b20c4b5d9992ae71a4ba022d34d71a8e065dd33e2197f88b830)","throwable":""}
{"timestamp":"2025-07-02T17:39:20,012","container":"fd1bd7073234","level":"INFO","thread":"BftProcessorExecutor-QBFT-0","class":"QbftBesuControllerBuilder","message":"Produced #152 / 0 tx / 0 pending / 0 (0.0%) gas / (0x998cf0f842297583b63726f2a5aadca99d10606e58f5f857896869a68ec80429)","throwable":""}
{"timestamp":"2025-07-02T17:39:28,022","container":"fd1bd7073234","level":"INFO","thread":"BftProcessorExecutor-QBFT-0","class":"QbftBesuControllerBuilder","message":"Imported #153 / 0 tx / 0 pending / 0 (0.0%) gas / (0x0d9c1de07c1083d575e18a3f231293b013c0c542680b9dd6e85a91a6e0853e76)","throwable":""}
{"timestamp":"2025-07-02T17:39:36,024","container":"fd1bd7073234","level":"INFO","thread":"BftProcessorExecutor-QBFT-0","class":"QbftBesuControllerBuilder","message":"Imported #154 / 0 tx / 0 pending / 0 (0.0%) gas / (0x95c0eb9383f0dd68ac96a8ba719b5386190b6f6a6b3ae2dd9be353702496f90f)","throwable":""}
{"timestamp":"2025-07-02T17:39:44,022","container":"fd1bd7073234","level":"INFO","thread":"BftProcessorExecutor-QBFT-0","class":"QbftBesuControllerBuilder","message":"Imported #155 / 0 tx / 0 pending / 0 (0.0%) gas / (0xfb70c5e2ff082651d5ee2b11fbf75826281bbb5befb161873a9ad47dab132ce2)","throwable":""}
{"timestamp":"2025-07-02T17:39:52,021","container":"fd1bd7073234","level":"INFO","thread":"BftProcessorExecutor-QBFT-0","class":"QbftBesuControllerBuilder","message":"Produced #156 / 0 tx / 0 pending / 0 (0.0%) gas / (0x2c208899644542c233f6b9fa4e0206a3b9538c3d89c6d2ae3241ed03b440c9f7)","throwable":""}
{"timestamp":"2025-07-02T17:40:00,030","container":"fd1bd7073234","level":"INFO","thread":"BftProcessorExecutor-QBFT-0","class":"QbftBesuControllerBuilder","message":"Imported #157 / 0 tx / 0 pending / 0 (0.0%) gas / (0x8514802a246b32363d9f53b1527517ff530b17f43a647baa422b5cff932031fc)","throwable":""}
{"timestamp":"2025-07-02T17:40:08,031","container":"fd1bd7073234","level":"INFO","thread":"BftProcessorExecutor-QBFT-0","class":"QbftBesuControllerBuilder","message":"Imported #158 / 0 tx / 0 pending / 0 (0.0%) gas / (0x45234547c2ccdc8be228f3792851844a15a5e78e02ffeea350d7163619cbaab6)","throwable":""}
{"timestamp":"2025-07-02T17:40:16,026","container":"fd1bd7073234","level":"INFO","thread":"BftProcessorExecutor-QBFT-0","class":"QbftBesuControllerBuilder","message":"Imported #159 / 0 tx / 0 pending / 0 (0.0%) gas / (0xcd3cf618091286795f9479496890988d8fa33cee49472b5b39d8e81c8c5f95ca)","throwable":""}
{"timestamp":"2025-07-02T17:40:24,027","container":"fd1bd7073234","level":"INFO","thread":"BftProcessorExecutor-QBFT-0","class":"QbftBesuControllerBuilder","message":"Produced #160 / 0 tx / 0 pending / 0 (0.0%) gas / (0x5530898d26b2ad53ec4bc152d822f076b60bf06f11b3207cca60f5555d7ed1f4)","throwable":""}
{"timestamp":"2025-07-02T17:40:32,022","container":"fd1bd7073234","level":"INFO","thread":"BftProcessorExecutor-QBFT-0","class":"QbftBesuControllerBuilder","message":"Imported #161 / 0 tx / 0 pending / 0 (0.0%) gas / (0xc27b0e8d0da69354e06f0c44f8f851c19014c58b12ab584f133b39e7c384c900)","throwable":""}
{"timestamp":"2025-07-02T17:40:40,020","container":"fd1bd7073234","level":"INFO","thread":"BftProcessorExecutor-QBFT-0","class":"QbftBesuControllerBuilder","message":"Imported #162 / 0 tx / 0 pending / 0 (0.0%) gas / (0x9d3cfaff3bbfd15c0ef46ff6faaf21a32e7bbff302727b569dc66e6311793cb0)","throwable":""}
{"timestamp":"2025-07-02T17:40:48,017","container":"fd1bd7073234","level":"INFO","thread":"BftProcessorExecutor-QBFT-0","class":"QbftBesuControllerBuilder","message":"Imported #163 / 0 tx / 0 pending / 0 (0.0%) gas / (0xede4bc56e44c8645f8c4acd91e30ab6c1d51b26e2c1ae215e2bde88beb4ee76e)","throwable":""}
{"timestamp":"2025-07-02T17:40:56,015","container":"fd1bd7073234","level":"INFO","thread":"BftProcessorExecutor-QBFT-0","class":"QbftBesuControllerBuilder","message":"Produced #164 / 1 tx / 0 pending / 20,000,000 (0.0%) gas / (0x57abef6724ce3456b58b7d21a6dabe6761f3eab348d30d5222be43c7ba9a2c59)","throwable":""}
{"timestamp":"2025-07-02T17:41:04,031","container":"fd1bd7073234","level":"INFO","thread":"BftProcessorExecutor-QBFT-0","class":"QbftBesuControllerBuilder","message":"Imported #165 / 1 tx / 0 pending / 20,000,000 (0.0%) gas / (0x65a52fb18db4e0bde3500dd5b57bccd12934114eec6e83856ed6ba7e2eac9478)","throwable":""}
{"timestamp":"2025-07-02T17:41:12,022","container":"fd1bd7073234","level":"INFO","thread":"BftProcessorExecutor-QBFT-0","class":"QbftBesuControllerBuilder","message":"Imported #166 / 0 tx / 0 pending / 0 (0.0%) gas / (0xa2bdef204e6aa94a72b9de37e4690d6811c771ab33c433c741193bab275df6e5)","throwable":""}
{"timestamp":"2025-07-02T17:41:20,030","container":"fd1bd7073234","level":"INFO","thread":"BftProcessorExecutor-QBFT-0","class":"QbftBesuControllerBuilder","message":"Imported #167 / 1 tx / 0 pending / 999,000,000 (0.0%) gas / (0x84891a7e5bc095b28e764f300ef8b31faea97d2af8f532fbc089e8f1414d0829)","throwable":""}
{"timestamp":"2025-07-02T17:41:28,036","container":"fd1bd7073234","level":"INFO","thread":"BftProcessorExecutor-QBFT-0","class":"QbftBesuControllerBuilder","message":"Produced #168 / 1 tx / 0 pending / 999,000,000 (0.0%) gas / (0x76543e45380f06c820bd5dd840d80b72e872f4f9b40eddfe8faebcce82e5d636)","throwable":""}
{"timestamp":"2025-07-02T17:41:36,023","container":"fd1bd7073234","level":"INFO","thread":"BftProcessorExecutor-QBFT-0","class":"QbftBesuControllerBuilder","message":"Imported #169 / 0 tx / 0 pending / 0 (0.0%) gas / (0x8c7260a876d62fea55100e6720be0bdc71b8e0d9fc4be1c00415337c0796d882)","throwable":""}
{"timestamp":"2025-07-02T17:41:44,020","container":"fd1bd7073234","level":"INFO","thread":"BftProcessorExecutor-QBFT-0","class":"QbftBesuControllerBuilder","message":"Imported #170 / 0 tx / 0 pending / 0 (0.0%) gas / (0x90fe72ed795ab223156627b452e7b1518efba8d8bb57e15e8583dbad80fa3d69)","throwable":""}
{"timestamp":"2025-07-02T17:41:52,023","container":"fd1bd7073234","level":"INFO","thread":"BftProcessorExecutor-QBFT-0","class":"QbftBesuControllerBuilder","message":"Imported #171 / 0 tx / 0 pending / 0 (0.0%) gas / (0x573be07bf590f54a08b35a932bfd082a8e0bfb9644faffa73b332e892e62bf27)","throwable":""}
{"timestamp":"2025-07-02T17:42:00,035","container":"fd1bd7073234","level":"INFO","thread":"BftProcessorExecutor-QBFT-0","class":"QbftBesuControllerBuilder","message":"Produced #172 / 1 tx / 0 pending / 999,000,000 (0.0%) gas / (0x52ea2bf388de52ac9241e573b32b2328eb7bbc4e9bedf387be598e01ffdb5f68)","throwable":""}
{"timestamp":"2025-07-02T17:42:08,031","container":"fd1bd7073234","level":"INFO","thread":"BftProcessorExecutor-QBFT-0","class":"QbftBesuControllerBuilder","message":"Imported #173 / 1 tx / 0 pending / 999,000,000 (0.0%) gas / (0xf849e12536362dea4ab772eb3e24d961b10db86e531a175f05db1f152875ccb0)","throwable":""}
{"timestamp":"2025-07-02T17:42:16,023","container":"fd1bd7073234","level":"INFO","thread":"BftProcessorExecutor-QBFT-0","class":"QbftBesuControllerBuilder","message":"Imported #174 / 0 tx / 0 pending / 0 (0.0%) gas / (0x487c957af73915d7e8e239ff9e0e339b6573aae840138ed0f4915d1c2be9d053)","throwable":""}
{"timestamp":"2025-07-02T17:42:24,027","container":"fd1bd7073234","level":"INFO","thread":"BftProcessorExecutor-QBFT-0","class":"QbftBesuControllerBuilder","message":"Imported #175 / 0 tx / 0 pending / 0 (0.0%) gas / (0xca28044a631715e980180b015471585c94f3e9269c3cfb6271cff11d40708dd2)","throwable":""}
{"timestamp":"2025-07-02T17:42:32,026","container":"fd1bd7073234","level":"INFO","thread":"BftProcessorExecutor-QBFT-0","class":"QbftBesuControllerBuilder","message":"Produced #176 / 1 tx / 0 pending / 999,000,000 (0.0%) gas / (0xa3cdf057df9e61f44758aeceeb9062fb25cf566a50d6b6df61149ac588b43e0e)","throwable":""}
{"timestamp":"2025-07-02T17:42:40,025","container":"fd1bd7073234","level":"INFO","thread":"BftProcessorExecutor-QBFT-0","class":"QbftBesuControllerBuilder","message":"Imported #177 / 1 tx / 0 pending / 999,000,000 (0.0%) gas / (0x8c24837b084a6f198943ac21baee4ca9b1d94e83a5659bacf5171f877846796a)","throwable":""}
{"timestamp":"2025-07-02T17:42:48,020","container":"fd1bd7073234","level":"INFO","thread":"BftProcessorExecutor-QBFT-0","class":"QbftBesuControllerBuilder","message":"Imported #178 / 0 tx / 0 pending / 0 (0.0%) gas / (0x2f7129cf6d406d5961b760458c737c7d3b9cc1c8c64276acf2a149ad00bd27db)","throwable":""}
{"timestamp":"2025-07-02T17:42:56,039","container":"fd1bd7073234","level":"INFO","thread":"BftProcessorExecutor-QBFT-0","class":"QbftBesuControllerBuilder","message":"Imported #179 / 0 tx / 0 pending / 0 (0.0%) gas / (0x5d747ba4b27fc6897a8750aef65a28f59c9fd56884514e5fc046447a2c2dafb2)","throwable":""}
{"timestamp":"2025-07-02T17:43:04,026","container":"fd1bd7073234","level":"INFO","thread":"BftProcessorExecutor-QBFT-0","class":"QbftBesuControllerBuilder","message":"Produced #180 / 1 tx / 0 pending / 999,000,000 (0.0%) gas / (0xf212a33f8207f1dd75c2e66411d4488a35c686c76a6ee8e215304b47bc6283e4)","throwable":""}
{"timestamp":"2025-07-02T17:43:12,028","container":"fd1bd7073234","level":"INFO","thread":"BftProcessorExecutor-QBFT-0","class":"QbftBesuControllerBuilder","message":"Imported #181 / 1 tx / 0 pending / 999,000,000 (0.0%) gas / (0xee2ea1a88d4e878a2ca1997c84aff47504093b8e2545cd24bc6e48b8ae6b2db4)","throwable":""}
{"timestamp":"2025-07-02T17:43:20,026","container":"fd1bd7073234","level":"INFO","thread":"BftProcessorExecutor-QBFT-0","class":"QbftBesuControllerBuilder","message":"Imported #182 / 0 tx / 0 pending / 0 (0.0%) gas / (0xec74f64f742d6cea30ea600ff83191e328bfbba79597cc7a7785cae173f8d93d)","throwable":""}
{"timestamp":"2025-07-02T17:43:28,022","container":"fd1bd7073234","level":"INFO","thread":"BftProcessorExecutor-QBFT-0","class":"QbftBesuControllerBuilder","message":"Imported #183 / 0 tx / 0 pending / 0 (0.0%) gas / (0xe18547baf48ebe6e9d8897c86a0bd44f04b935245fdb3c68a56cc3a6751b8484)","throwable":""}
{"timestamp":"2025-07-02T17:43:36,037","container":"fd1bd7073234","level":"INFO","thread":"BftProcessorExecutor-QBFT-0","class":"QbftBesuControllerBuilder","message":"Produced #184 / 1 tx / 0 pending / 999,000,000 (0.0%) gas / (0x29064894bac694b32bfa4bca9e5c44984ac61ff386b012bc9476166595dd74f2)","throwable":""}
{"timestamp":"2025-07-02T17:43:44,030","container":"fd1bd7073234","level":"INFO","thread":"BftProcessorExecutor-QBFT-0","class":"QbftBesuControllerBuilder","message":"Imported #185 / 1 tx / 0 pending / 999,000,000 (0.0%) gas / (0x5abffa616bb16b00c2ce7a6fab9b97ecc4c0169377c8f32d61cf5a5ceef01a13)","throwable":""}
{"timestamp":"2025-07-02T17:43:52,022","container":"fd1bd7073234","level":"INFO","thread":"BftProcessorExecutor-QBFT-0","class":"QbftBesuControllerBuilder","message":"Imported #186 / 0 tx / 0 pending / 0 (0.0%) gas / (0x4f431e13d93d9cc6a0bbcb55d741c631976b78005b2443aaf23d14ccd425e09c)","throwable":""}
{"timestamp":"2025-07-02T17:44:00,025","container":"fd1bd7073234","level":"INFO","thread":"BftProcessorExecutor-QBFT-0","class":"QbftBesuControllerBuilder","message":"Imported #187 / 0 tx / 0 pending / 0 (0.0%) gas / (0x065caf2f5d42799a5fe490fbe0df1d99f389636d2a39206b27954f3f56f16f88)","throwable":""}
{"timestamp":"2025-07-02T17:44:08,019","container":"fd1bd7073234","level":"INFO","thread":"BftProcessorExecutor-QBFT-0","class":"QbftBesuControllerBuilder","message":"Produced #188 / 0 tx / 0 pending / 0 (0.0%) gas / (0xe1b4f2dc6766414549551b75cbd4462a6c191f3876eb312c055b6fecdfac7964)","throwable":""}
{"timestamp":"2025-07-02T17:44:16,021","container":"fd1bd7073234","level":"INFO","thread":"BftProcessorExecutor-QBFT-0","class":"QbftBesuControllerBuilder","message":"Imported #189 / 0 tx / 0 pending / 0 (0.0%) gas / (0xd9cf3b5a28f8ada7dc07f98daecf5a55076ea562356fa75f00d6fab79cbfcf16)","throwable":""}
{"timestamp":"2025-07-02T17:44:24,012","container":"fd1bd7073234","level":"INFO","thread":"BftProcessorExecutor-QBFT-0","class":"QbftBesuControllerBuilder","message":"Imported #190 / 0 tx / 0 pending / 0 (0.0%) gas / (0x93de3c532f5ff6ed8c62936445555d990ae34d452fffd191d929b816a530f818)","throwable":""}
{"timestamp":"2025-07-02T17:44:32,020","container":"fd1bd7073234","level":"INFO","thread":"BftProcessorExecutor-QBFT-0","class":"QbftBesuControllerBuilder","message":"Imported #191 / 0 tx / 0 pending / 0 (0.0%) gas / (0x54e899b04a8205088032302530e7602576634283187d080d3b01a81a7e7b557f)","throwable":""}
{"timestamp":"2025-07-02T17:44:40,026","container":"fd1bd7073234","level":"INFO","thread":"BftProcessorExecutor-QBFT-0","class":"QbftBesuControllerBuilder","message":"Produced #192 / 0 tx / 0 pending / 0 (0.0%) gas / (0xdd8df95405890631d770f8676bcbb9d8888e03e43e916a65a5a833289ea2a744)","throwable":""}
{"timestamp":"2025-07-02T17:44:48,023","container":"fd1bd7073234","level":"INFO","thread":"BftProcessorExecutor-QBFT-0","class":"QbftBesuControllerBuilder","message":"Imported #193 / 0 tx / 0 pending / 0 (0.0%) gas / (0x26fc82c9b2f58101aa0a9d18e17a3195b980baaa16feea01db97b7e443d5ea5d)","throwable":""}
{"timestamp":"2025-07-02T17:44:56,020","container":"fd1bd7073234","level":"INFO","thread":"BftProcessorExecutor-QBFT-0","class":"QbftBesuControllerBuilder","message":"Imported #194 / 0 tx / 0 pending / 0 (0.0%) gas / (0x73c605086bb1ed600497f29175a06a015cf1b4682871735b0f526098353fa542)","throwable":""}
{"timestamp":"2025-07-02T17:45:04,022","container":"fd1bd7073234","level":"INFO","thread":"BftProcessorExecutor-QBFT-0","class":"QbftBesuControllerBuilder","message":"Imported #195 / 0 tx / 0 pending / 0 (0.0%) gas / (0xd050e83cdfe4cf86e194947dadb52aa326889424467772bf5d13644cf529cd60)","throwable":""}
{"timestamp":"2025-07-02T17:45:12,022","container":"fd1bd7073234","level":"INFO","thread":"BftProcessorExecutor-QBFT-0","class":"QbftBesuControllerBuilder","message":"Produced #196 / 0 tx / 0 pending / 0 (0.0%) gas / (0x4f47a5fd7c356f4cbb43f37cc7c010146c1715265d841597b7c86212dc73969b)","throwable":""}
{"timestamp":"2025-07-02T17:45:20,032","container":"fd1bd7073234","level":"INFO","thread":"BftProcessorExecutor-QBFT-0","class":"QbftBesuControllerBuilder","message":"Imported #197 / 1 tx / 0 pending / 999,000,000 (0.0%) gas / (0xe0c4b3cdc409971c323a435d1a3de604553fa7db5f3e99ce5adbfc1a8aef34bc)","throwable":""}
{"timestamp":"2025-07-02T17:45:28,032","container":"fd1bd7073234","level":"INFO","thread":"BftProcessorExecutor-QBFT-0","class":"QbftBesuControllerBuilder","message":"Imported #198 / 1 tx / 0 pending / 999,000,000 (0.0%) gas / (0xf9d7cd1b9e97958ff9eb48c3aae0ed63dd793a9f821a3b19ee84fa59ae48efa2)","throwable":""}
{"timestamp":"2025-07-02T17:45:36,019","container":"fd1bd7073234","level":"INFO","thread":"BftProcessorExecutor-QBFT-0","class":"QbftBesuControllerBuilder","message":"Imported #199 / 0 tx / 0 pending / 0 (0.0%) gas / (0x23f71ea16aa6f34fce3e2b1669218defb402c02071ddbc72ae90c6950ccb608c)","throwable":""}
{"timestamp":"2025-07-02T17:45:44,021","container":"fd1bd7073234","level":"INFO","thread":"BftProcessorExecutor-QBFT-0","class":"QbftBesuControllerBuilder","message":"Produced #200 / 0 tx / 0 pending / 0 (0.0%) gas / (0x365a349c4914a656862a9f777de3d71afe7362d960b8c65fefc7951786803958)","throwable":""}
{"timestamp":"2025-07-02T17:45:52,028","container":"fd1bd7073234","level":"INFO","thread":"BftProcessorExecutor-QBFT-0","class":"QbftBesuControllerBuilder","message":"Imported #201 / 0 tx / 0 pending / 0 (0.0%) gas / (0x0ef3cc68eaf6e36a34fe22c6dd16ea3f471fe87b653349ffa22bd5eb95951b22)","throwable":""}
{"timestamp":"2025-07-02T17:46:00,036","container":"fd1bd7073234","level":"INFO","thread":"EthScheduler-Workers-0","class":"PersistBlockTask","message":"Block 202 (0x1ef674da90ab3af3e73ecbd1f78f9755c1dcd27548eac933fa9c96311bb395bc) is already imported","throwable":""}
{"timestamp":"2025-07-02T17:46:00,037","container":"fd1bd7073234","level":"INFO","thread":"BftProcessorExecutor-QBFT-0","class":"QbftBesuControllerBuilder","message":"Imported #202 / 0 tx / 0 pending / 0 (0.0%) gas / (0x1ef674da90ab3af3e73ecbd1f78f9755c1dcd27548eac933fa9c96311bb395bc)","throwable":""}
{"timestamp":"2025-07-02T17:46:08,016","container":"fd1bd7073234","level":"INFO","thread":"BftProcessorExecutor-QBFT-0","class":"QbftBesuControllerBuilder","message":"Imported #203 / 0 tx / 0 pending / 0 (0.0%) gas / (0x78aaaf8d51e8efe10d02f951e56e11d9ccc3a0a8f73191a689d7936c021a3d8b)","throwable":""}
{"timestamp":"2025-07-02T17:46:16,017","container":"fd1bd7073234","level":"INFO","thread":"BftProcessorExecutor-QBFT-0","class":"QbftBesuControllerBuilder","message":"Produced #204 / 1 tx / 0 pending / 999,000,000 (0.0%) gas / (0xcc13fd7cd3c8759634f20985967729283c1389c496dfe8f221e2c54f11860b5b)","throwable":""}
{"timestamp":"2025-07-02T17:46:24,019","container":"fd1bd7073234","level":"INFO","thread":"BftProcessorExecutor-QBFT-0","class":"QbftBesuControllerBuilder","message":"Imported #205 / 1 tx / 0 pending / 999,000,000 (0.0%) gas / (0x20f3fae143c397f02d2a6d650576407ea840d6255fa61c3b4d0f36a5836c7a04)","throwable":""}
{"timestamp":"2025-07-02T17:46:32,019","container":"fd1bd7073234","level":"INFO","thread":"BftProcessorExecutor-QBFT-0","class":"QbftBesuControllerBuilder","message":"Imported #206 / 0 tx / 0 pending / 0 (0.0%) gas / (0x468254d7e8f8973037c052e389527a614d81fb86cf414740dd2b59b4e5383bc6)","throwable":""}
{"timestamp":"2025-07-02T17:46:40,021","container":"fd1bd7073234","level":"INFO","thread":"BftProcessorExecutor-QBFT-0","class":"QbftBesuControllerBuilder","message":"Imported #207 / 0 tx / 0 pending / 0 (0.0%) gas / (0x6fd52470c3110d25bb8092fefca643d561f947ae7b3043c253aa7ffa79d2c0c3)","throwable":""}
{"timestamp":"2025-07-02T17:46:48,020","container":"fd1bd7073234","level":"INFO","thread":"BftProcessorExecutor-QBFT-0","class":"QbftBesuControllerBuilder","message":"Produced #208 / 0 tx / 0 pending / 0 (0.0%) gas / (0xb9a1a3162ab08bfa30840ae5001088276d9db25a1de9743c36964b99f7e696e2)","throwable":""}
{"timestamp":"2025-07-02T17:46:56,021","container":"fd1bd7073234","level":"INFO","thread":"BftProcessorExecutor-QBFT-0","class":"QbftBesuControllerBuilder","message":"Imported #209 / 0 tx / 0 pending / 0 (0.0%) gas / (0x9be45b5df0e82efc096ba3275cb99d5f5bb0bd505d664c434605327491e29608)","throwable":""}
{"timestamp":"2025-07-02T17:47:04,055","container":"fd1bd7073234","level":"INFO","thread":"BftProcessorExecutor-QBFT-0","class":"QbftBesuControllerBuilder","message":"Imported #210 / 0 tx / 0 pending / 0 (0.0%) gas / (0x28a89a3da8760af68dc74a40eebd1221c479417601c39efcca516a89613c29cb)","throwable":""}
{"timestamp":"2025-07-02T17:47:12,034","container":"fd1bd7073234","level":"INFO","thread":"BftProcessorExecutor-QBFT-0","class":"QbftBesuControllerBuilder","message":"Imported #211 / 0 tx / 0 pending / 0 (0.0%) gas / (0xf610c16a2deae1ec2ce05e06619319b853ff9e26de136a6953d81a1e11613ca7)","throwable":""}
{"timestamp":"2025-07-02T17:47:20,022","container":"fd1bd7073234","level":"INFO","thread":"BftProcessorExecutor-QBFT-0","class":"QbftBesuControllerBuilder","message":"Produced #212 / 0 tx / 0 pending / 0 (0.0%) gas / (0x217be01590fc8c85568667cdd596f17b5ce3f5ef3bfd12be580d292fc29aa80d)","throwable":""}
{"timestamp":"2025-07-02T17:47:28,019","container":"fd1bd7073234","level":"INFO","thread":"BftProcessorExecutor-QBFT-0","class":"QbftBesuControllerBuilder","message":"Imported #213 / 0 tx / 0 pending / 0 (0.0%) gas / (0xc8db441b6d4f84d76c0e16d50c3a954d12703b9414cd4c67cca1826b076bfde7)","throwable":""}
{"timestamp":"2025-07-02T17:47:36,022","container":"fd1bd7073234","level":"INFO","thread":"BftProcessorExecutor-QBFT-0","class":"QbftBesuControllerBuilder","message":"Imported #214 / 0 tx / 0 pending / 0 (0.0%) gas / (0x562e3926e87a343fa11919874579871dc28652eaa0a31c1758d08ff4a471ae7b)","throwable":""}
{"timestamp":"2025-07-02T17:47:44,020","container":"fd1bd7073234","level":"INFO","thread":"BftProcessorExecutor-QBFT-0","class":"QbftBesuControllerBuilder","message":"Imported #215 / 0 tx / 0 pending / 0 (0.0%) gas / (0x2a832744e6e983015b8beaa28cae12521dff5e215945208d09f3b07f7c98c957)","throwable":""}
{"timestamp":"2025-07-02T17:47:52,021","container":"fd1bd7073234","level":"INFO","thread":"BftProcessorExecutor-QBFT-0","class":"QbftBesuControllerBuilder","message":"Produced #216 / 0 tx / 0 pending / 0 (0.0%) gas / (0x3d7e3f306fa2e0680e914c111481fa6995daa393aee35eacfda7dfbcbe897c71)","throwable":""}
{"timestamp":"2025-07-02T17:48:00,032","container":"fd1bd7073234","level":"INFO","thread":"EthScheduler-Workers-0","class":"PersistBlockTask","message":"Block 217 (0x6f13c17f3e4cabcd16ed9c2f7f8a5e6134a3d45ef7a1d20a71f4ed156a1825cb) is already imported","throwable":""}
{"timestamp":"2025-07-02T17:48:00,033","container":"fd1bd7073234","level":"INFO","thread":"BftProcessorExecutor-QBFT-0","class":"QbftBesuControllerBuilder","message":"Imported #217 / 0 tx / 0 pending / 0 (0.0%) gas / (0x6f13c17f3e4cabcd16ed9c2f7f8a5e6134a3d45ef7a1d20a71f4ed156a1825cb)","throwable":""}
{"timestamp":"2025-07-02T17:48:08,022","container":"fd1bd7073234","level":"INFO","thread":"BftProcessorExecutor-QBFT-0","class":"QbftBesuControllerBuilder","message":"Imported #218 / 0 tx / 0 pending / 0 (0.0%) gas / (0xd314e4e3374b989975a1261d6272633b5218964051b025313057ead344b8ba82)","throwable":""}
{"timestamp":"2025-07-02T17:48:16,024","container":"fd1bd7073234","level":"INFO","thread":"BftProcessorExecutor-QBFT-0","class":"QbftBesuControllerBuilder","message":"Imported #219 / 0 tx / 0 pending / 0 (0.0%) gas / (0x2e396d40bfb54e92f4218dfe4343e42a6f9d0ca27f7ffd2282f56a5605224e12)","throwable":""}
{"timestamp":"2025-07-02T17:48:24,021","container":"fd1bd7073234","level":"INFO","thread":"BftProcessorExecutor-QBFT-0","class":"QbftBesuControllerBuilder","message":"Produced #220 / 0 tx / 0 pending / 0 (0.0%) gas / (0x8f1011efb1c2227669ec9ef927e7659dc10740b9b6f81fad701081d067c24f6c)","throwable":""}
{"timestamp":"2025-07-02T17:48:32,017","container":"fd1bd7073234","level":"INFO","thread":"BftProcessorExecutor-QBFT-0","class":"QbftBesuControllerBuilder","message":"Imported #221 / 0 tx / 0 pending / 0 (0.0%) gas / (0xafa206770158904b60d67d2c13fc450ae7098018345abf51170764db88143ca3)","throwable":""}
{"timestamp":"2025-07-02T17:48:40,022","container":"fd1bd7073234","level":"INFO","thread":"BftProcessorExecutor-QBFT-0","class":"QbftBesuControllerBuilder","message":"Imported #222 / 0 tx / 0 pending / 0 (0.0%) gas / (0x56f8b96159d2659ff3b9b022f4864cfeacc039a5a692ba1967476b7c5e57389e)","throwable":""}
{"timestamp":"2025-07-02T17:48:48,019","container":"fd1bd7073234","level":"INFO","thread":"BftProcessorExecutor-QBFT-0","class":"QbftBesuControllerBuilder","message":"Imported #223 / 0 tx / 0 pending / 0 (0.0%) gas / (0x48367129c0e58621ec9fb5f38c07eb7e304619dc8f78f0f1ed3a805deb480dff)","throwable":""}
{"timestamp":"2025-07-02T17:48:56,020","container":"fd1bd7073234","level":"INFO","thread":"BftProcessorExecutor-QBFT-0","class":"QbftBesuControllerBuilder","message":"Produced #224 / 0 tx / 0 pending / 0 (0.0%) gas / (0xca3fce891729ad1d845048de559ffbdacd490a15af7fdd00fed4dfeffe3c725c)","throwable":""}
{"timestamp":"2025-07-02T17:49:04,022","container":"fd1bd7073234","level":"INFO","thread":"BftProcessorExecutor-QBFT-0","class":"QbftBesuControllerBuilder","message":"Imported #225 / 0 tx / 0 pending / 0 (0.0%) gas / (0xeec4f74bc9e2bc0c9095bd8b981fffe7afda2f22987146fd9ac49f808dea82f5)","throwable":""}
{"timestamp":"2025-07-02T17:49:12,023","container":"fd1bd7073234","level":"INFO","thread":"BftProcessorExecutor-QBFT-0","class":"QbftBesuControllerBuilder","message":"Imported #226 / 0 tx / 0 pending / 0 (0.0%) gas / (0xb54978eb73f6fc2c7363444003b9791cdcb559ff42ae97e29ae51bbc30c225b7)","throwable":""}
{"timestamp":"2025-07-02T17:49:20,021","container":"fd1bd7073234","level":"INFO","thread":"BftProcessorExecutor-QBFT-0","class":"QbftBesuControllerBuilder","message":"Imported #227 / 0 tx / 0 pending / 0 (0.0%) gas / (0x78ebbeaf713946e0190ac6cc5af10f9b31d6ca34c1b2d3a0d7e8bcff299d450c)","throwable":""}
{"timestamp":"2025-07-02T17:49:28,022","container":"fd1bd7073234","level":"INFO","thread":"BftProcessorExecutor-QBFT-0","class":"QbftBesuControllerBuilder","message":"Produced #228 / 0 tx / 0 pending / 0 (0.0%) gas / (0x14f7f7de387f52e2a7cd5c7cb6ff88828fe7593dd6293380a854fe74043b08a8)","throwable":""}
{"timestamp":"2025-07-02T17:49:36,024","container":"fd1bd7073234","level":"INFO","thread":"BftProcessorExecutor-QBFT-0","class":"QbftBesuControllerBuilder","message":"Imported #229 / 0 tx / 0 pending / 0 (0.0%) gas / (0x7283db7ec28f54eb3155ee122fa24b69eb2d8e1b81e19279d9f46729be7ad4cd)","throwable":""}
{"timestamp":"2025-07-02T17:49:44,023","container":"fd1bd7073234","level":"INFO","thread":"BftProcessorExecutor-QBFT-0","class":"QbftBesuControllerBuilder","message":"Imported #230 / 0 tx / 0 pending / 0 (0.0%) gas / (0x2a365b0c7c7e27eaa9aa1d8db8ef899021e27de8d36caf38d1367c7efb813f01)","throwable":""}
{"timestamp":"2025-07-02T17:49:52,018","container":"fd1bd7073234","level":"INFO","thread":"BftProcessorExecutor-QBFT-0","class":"QbftBesuControllerBuilder","message":"Imported #231 / 0 tx / 0 pending / 0 (0.0%) gas / (0xda004b3cd93f65a661ce5c7bba8351717ce553c895bbb2448cba46c401b32efb)","throwable":""}
{"timestamp":"2025-07-02T17:50:00,025","container":"fd1bd7073234","level":"INFO","thread":"BftProcessorExecutor-QBFT-0","class":"QbftBesuControllerBuilder","message":"Produced #232 / 0 tx / 0 pending / 0 (0.0%) gas / (0x82cffb71130cfecc0f85efcfbf6ec0eabecb973efa9ef200f743fa3ce66f2cee)","throwable":""}
{"timestamp":"2025-07-02T17:50:08,016","container":"fd1bd7073234","level":"INFO","thread":"BftProcessorExecutor-QBFT-0","class":"QbftBesuControllerBuilder","message":"Imported #233 / 0 tx / 0 pending / 0 (0.0%) gas / (0x0ffbb7b5893e3dba8ea75363ace9f7207370eed5c58c294cb7be32ede3e5f21b)","throwable":""}
{"timestamp":"2025-07-02T17:50:16,023","container":"fd1bd7073234","level":"INFO","thread":"BftProcessorExecutor-QBFT-0","class":"QbftBesuControllerBuilder","message":"Imported #234 / 0 tx / 0 pending / 0 (0.0%) gas / (0xfed902b0b23dd96ab663145cc66e997f8bc71f837ba78d2e0314c8f2308c11c4)","throwable":""}
{"timestamp":"2025-07-02T17:50:24,017","container":"fd1bd7073234","level":"INFO","thread":"BftProcessorExecutor-QBFT-0","class":"QbftBesuControllerBuilder","message":"Imported #235 / 0 tx / 0 pending / 0 (0.0%) gas / (0x0b37a25c1e31175e64e1b7f8a60521ab27e592139032f006926ceeafd3de02ca)","throwable":""}
{"timestamp":"2025-07-02T17:50:32,023","container":"fd1bd7073234","level":"INFO","thread":"BftProcessorExecutor-QBFT-0","class":"QbftBesuControllerBuilder","message":"Produced #236 / 0 tx / 0 pending / 0 (0.0%) gas / (0xc3918f3f2cb4c6bff257fe62146a78ad7912d17acdad5da3432459520a1dbd42)","throwable":""}
{"timestamp":"2025-07-02T17:50:40,015","container":"fd1bd7073234","level":"INFO","thread":"BftProcessorExecutor-QBFT-0","class":"QbftBesuControllerBuilder","message":"Imported #237 / 0 tx / 0 pending / 0 (0.0%) gas / (0x8223f9aee710ee4e8452d527efc16fb97167c74decadc850caa3b620e7bb1466)","throwable":""}
{"timestamp":"2025-07-02T17:50:48,025","container":"fd1bd7073234","level":"INFO","thread":"BftProcessorExecutor-QBFT-0","class":"QbftBesuControllerBuilder","message":"Imported #238 / 0 tx / 0 pending / 0 (0.0%) gas / (0x3ac25eac740437fff75353d05ea5ce358e6a67f330940f5d80029c19859bd358)","throwable":""}
{"timestamp":"2025-07-02T17:50:56,019","container":"fd1bd7073234","level":"INFO","thread":"BftProcessorExecutor-QBFT-0","class":"QbftBesuControllerBuilder","message":"Imported #239 / 0 tx / 0 pending / 0 (0.0%) gas / (0xa2a6fafe977ac7b3a37c305ab747b87b5b6e4ef8fa39c6f850aaf4e5f1768258)","throwable":""}
{"timestamp":"2025-07-02T17:51:04,022","container":"fd1bd7073234","level":"INFO","thread":"BftProcessorExecutor-QBFT-0","class":"QbftBesuControllerBuilder","message":"Produced #240 / 0 tx / 0 pending / 0 (0.0%) gas / (0xfbf0724a5910dd7806975acc9b6598c4a858592b47bc069b661e1269847c91ec)","throwable":""}
{"timestamp":"2025-07-02T17:51:12,032","container":"fd1bd7073234","level":"INFO","thread":"BftProcessorExecutor-QBFT-0","class":"QbftBesuControllerBuilder","message":"Imported #241 / 1 tx / 0 pending / 999,000,000 (0.0%) gas / (0xae4e7af85ecdd7db05f70f6bb0bc67309dd3aeb7942d3327970360768b6c6117)","throwable":""}
{"timestamp":"2025-07-02T17:51:20,032","container":"fd1bd7073234","level":"INFO","thread":"BftProcessorExecutor-QBFT-0","class":"QbftBesuControllerBuilder","message":"Imported #242 / 1 tx / 0 pending / 999,000,000 (0.0%) gas / (0xedc116929b0734e7b7c06fe5785821ed86b562861e7edf72dd3fa96bacdf9f95)","throwable":""}
{"timestamp":"2025-07-02T17:51:28,017","container":"fd1bd7073234","level":"INFO","thread":"BftProcessorExecutor-QBFT-0","class":"QbftBesuControllerBuilder","message":"Imported #243 / 0 tx / 0 pending / 0 (0.0%) gas / (0xb40778dd999dbdcd88d236cbd72a77002278ac39553db28b53175cdf327c5b77)","throwable":""}
{"timestamp":"2025-07-02T17:51:36,016","container":"fd1bd7073234","level":"INFO","thread":"BftProcessorExecutor-QBFT-0","class":"QbftBesuControllerBuilder","message":"Produced #244 / 0 tx / 0 pending / 0 (0.0%) gas / (0x3712c09a822219d08f3bfe05a64cfdf9fc29c456e4a1ebb0a989ba5840a11848)","throwable":""}
{"timestamp":"2025-07-02T17:51:44,020","container":"fd1bd7073234","level":"INFO","thread":"BftProcessorExecutor-QBFT-0","class":"QbftBesuControllerBuilder","message":"Imported #245 / 0 tx / 0 pending / 0 (0.0%) gas / (0xed422df5052ac8cb136c141bcb3c11fbfbb6c139795ffabbc3824010267cc550)","throwable":""}
{"timestamp":"2025-07-02T17:51:52,023","container":"fd1bd7073234","level":"INFO","thread":"BftProcessorExecutor-QBFT-0","class":"QbftBesuControllerBuilder","message":"Imported #246 / 0 tx / 0 pending / 0 (0.0%) gas / (0x0894161768cfe5905466da1a814c160694fd02c22a15477b00993c27ae5dc826)","throwable":""}
{"timestamp":"2025-07-02T17:52:00,026","container":"fd1bd7073234","level":"INFO","thread":"BftProcessorExecutor-QBFT-0","class":"QbftBesuControllerBuilder","message":"Imported #247 / 0 tx / 0 pending / 0 (0.0%) gas / (0x52dd2c43cceb5980bd563e59c21e778a7c5409891b030c1ea0b026c5a3e3e5ca)","throwable":""}
{"timestamp":"2025-07-02T17:52:08,020","container":"fd1bd7073234","level":"INFO","thread":"BftProcessorExecutor-QBFT-0","class":"QbftBesuControllerBuilder","message":"Produced #248 / 0 tx / 0 pending / 0 (0.0%) gas / (0x186507d14e30b396a7335ebfb8209c81121d1773aa7dcf7d4e960171b4fa8029)","throwable":""}
{"timestamp":"2025-07-02T17:52:16,022","container":"fd1bd7073234","level":"INFO","thread":"BftProcessorExecutor-QBFT-0","class":"QbftBesuControllerBuilder","message":"Imported #249 / 0 tx / 0 pending / 0 (0.0%) gas / (0x40bc332d94784ce13e73e43641fd225bb0716c6a04e2e82a7ee94c4eff54969b)","throwable":""}
{"timestamp":"2025-07-02T17:52:24,012","container":"fd1bd7073234","level":"INFO","thread":"BftProcessorExecutor-QBFT-0","class":"QbftBesuControllerBuilder","message":"Imported #250 / 0 tx / 0 pending / 0 (0.0%) gas / (0xe8723cfb640b34027ac4b47f604c84f500a8fdd2b59cd5b220702aac2f7e045b)","throwable":""}
{"timestamp":"2025-07-02T17:52:32,028","container":"fd1bd7073234","level":"INFO","thread":"BftProcessorExecutor-QBFT-0","class":"QbftBesuControllerBuilder","message":"Imported #251 / 0 tx / 0 pending / 0 (0.0%) gas / (0xdc44dbeb88a504145a1ad4df1b4b2ed183dcc4ec25a23dad754aec3031d375b6)","throwable":""}
{"timestamp":"2025-07-02T17:52:40,016","container":"fd1bd7073234","level":"INFO","thread":"BftProcessorExecutor-QBFT-0","class":"QbftBesuControllerBuilder","message":"Produced #252 / 0 tx / 0 pending / 0 (0.0%) gas / (0xac008ec55c799cf058718ef7973ca9082bfdc19a59e09b225182fbe3e749ac57)","throwable":""}
{"timestamp":"2025-07-02T17:52:48,020","container":"fd1bd7073234","level":"INFO","thread":"BftProcessorExecutor-QBFT-0","class":"QbftBesuControllerBuilder","message":"Imported #253 / 0 tx / 0 pending / 0 (0.0%) gas / (0x00117b14ddddd169663b82f528826d94be64b3856da634489d18f1e86036b711)","throwable":""}
{"timestamp":"2025-07-02T17:52:56,024","container":"fd1bd7073234","level":"INFO","thread":"BftProcessorExecutor-QBFT-0","class":"QbftBesuControllerBuilder","message":"Imported #254 / 0 tx / 0 pending / 0 (0.0%) gas / (0xee3d74d31841eafe565cc192864ba1479e8a639c1bad423ed33cf63a679918f7)","throwable":""}
{"timestamp":"2025-07-02T17:53:04,017","container":"fd1bd7073234","level":"INFO","thread":"BftProcessorExecutor-QBFT-0","class":"QbftBesuControllerBuilder","message":"Imported #255 / 0 tx / 0 pending / 0 (0.0%) gas / (0x8b323da85cc6ca922776179434a46515e6b230b5d465f8f3c82657e5cbd67081)","throwable":""}
{"timestamp":"2025-07-02T17:53:12,015","container":"fd1bd7073234","level":"INFO","thread":"BftProcessorExecutor-QBFT-0","class":"QbftBesuControllerBuilder","message":"Produced #256 / 0 tx / 0 pending / 0 (0.0%) gas / (0xf6d3fcb58defc1d3d60ba8a98c58dbb2520a65f2a6468cc28b5a842f812b73b8)","throwable":""}
{"timestamp":"2025-07-02T17:53:20,030","container":"fd1bd7073234","level":"INFO","thread":"BftProcessorExecutor-QBFT-0","class":"QbftBesuControllerBuilder","message":"Imported #257 / 1 tx / 0 pending / 999,000,000 (0.0%) gas / (0xafbd0e97ca54bc112013a09354bb2403812069964f4fc68639bb5f6dda7019bf)","throwable":""}
{"timestamp":"2025-07-02T17:53:28,029","container":"fd1bd7073234","level":"INFO","thread":"BftProcessorExecutor-QBFT-0","class":"QbftBesuControllerBuilder","message":"Imported #258 / 1 tx / 0 pending / 999,000,000 (0.0%) gas / (0x2aec0f3d3067364b4d0d342e24e062b8f05c56acc41d9531fb8f927838c31787)","throwable":""}
{"timestamp":"2025-07-02T17:53:36,009","container":"fd1bd7073234","level":"INFO","thread":"BftProcessorExecutor-QBFT-0","class":"QbftBesuControllerBuilder","message":"Imported #259 / 0 tx / 0 pending / 0 (0.0%) gas / (0x3bbb635a90c3e97ebfc3f794cc71dd7b32a7f8a9771ca552f536a1ac50193437)","throwable":""}
{"timestamp":"2025-07-02T17:53:44,020","container":"fd1bd7073234","level":"INFO","thread":"BftProcessorExecutor-QBFT-0","class":"QbftBesuControllerBuilder","message":"Produced #260 / 0 tx / 0 pending / 0 (0.0%) gas / (0xdf69fd2749d333894b40afc97622862a0c0a0d39b1e3837fdb1c34965c09dc1f)","throwable":""}
{"timestamp":"2025-07-02T17:53:52,022","container":"fd1bd7073234","level":"INFO","thread":"BftProcessorExecutor-QBFT-0","class":"QbftBesuControllerBuilder","message":"Imported #261 / 0 tx / 0 pending / 0 (0.0%) gas / (0x527b5fc629a085f16b76434a3c9344610530f39d19be4d4ee2e9201e9d44fcd9)","throwable":""}
{"timestamp":"2025-07-02T17:54:00,025","container":"fd1bd7073234","level":"INFO","thread":"BftProcessorExecutor-QBFT-0","class":"QbftBesuControllerBuilder","message":"Imported #262 / 0 tx / 0 pending / 0 (0.0%) gas / (0x350ad9c842b336878634e11ac2c215d0d32f2eedd62790b94eb51d527db7e523)","throwable":""}
{"timestamp":"2025-07-02T17:54:08,016","container":"fd1bd7073234","level":"INFO","thread":"BftProcessorExecutor-QBFT-0","class":"QbftBesuControllerBuilder","message":"Imported #263 / 0 tx / 0 pending / 0 (0.0%) gas / (0xf6fd7a6f8b603780a4bacfaa358d8a8c8aa3da2260b404f5b7dc4ace138f965b)","throwable":""}
{"timestamp":"2025-07-02T17:54:16,010","container":"fd1bd7073234","level":"INFO","thread":"BftProcessorExecutor-QBFT-0","class":"QbftBesuControllerBuilder","message":"Produced #264 / 0 tx / 0 pending / 0 (0.0%) gas / (0xa53d018388f1a0626ed9564892310ef3dac24f7617eb4e466b102b12d8c1efd3)","throwable":""}
{"timestamp":"2025-07-02T17:54:24,020","container":"fd1bd7073234","level":"INFO","thread":"BftProcessorExecutor-QBFT-0","class":"QbftBesuControllerBuilder","message":"Imported #265 / 0 tx / 0 pending / 0 (0.0%) gas / (0x90d6632c98388a1ab397cc99f39d6c46d00bd5060f41fa033ddf1863423d1ede)","throwable":""}
{"timestamp":"2025-07-02T17:54:32,020","container":"fd1bd7073234","level":"INFO","thread":"BftProcessorExecutor-QBFT-0","class":"QbftBesuControllerBuilder","message":"Imported #266 / 0 tx / 0 pending / 0 (0.0%) gas / (0x2a7289707e5f8f068f0b5d5ee41de3f9e824f9c41450d1d752bf6ecde8f65f5d)","throwable":""}
{"timestamp":"2025-07-02T17:54:40,021","container":"fd1bd7073234","level":"INFO","thread":"BftProcessorExecutor-QBFT-0","class":"QbftBesuControllerBuilder","message":"Imported #267 / 1 tx / 0 pending / 999,000,000 (0.0%) gas / (0x1ec3f29c60b6c427a160fe8d6d7207a446bdf2ce8cfed839aa60953f73df256f)","throwable":""}
{"timestamp":"2025-07-02T17:54:48,023","container":"fd1bd7073234","level":"INFO","thread":"BftProcessorExecutor-QBFT-0","class":"QbftBesuControllerBuilder","message":"Produced #268 / 1 tx / 0 pending / 999,000,000 (0.0%) gas / (0x300f70a1acf3443ae0ea0226e01bc571201e43da0504d67e7cfc18567afb7690)","throwable":""}
{"timestamp":"2025-07-02T17:54:56,028","container":"fd1bd7073234","level":"INFO","thread":"BftProcessorExecutor-QBFT-0","class":"QbftBesuControllerBuilder","message":"Imported #269 / 0 tx / 0 pending / 0 (0.0%) gas / (0x66988f706616f9efd9a4ab5ff4e2d89dc7b9e3c669d72214d0e6a33694cb4fb9)","throwable":""}
{"timestamp":"2025-07-02T17:55:04,021","container":"fd1bd7073234","level":"INFO","thread":"BftProcessorExecutor-QBFT-0","class":"QbftBesuControllerBuilder","message":"Imported #270 / 0 tx / 0 pending / 0 (0.0%) gas / (0xa2d43194c931e222a9b56c55ae13bbf454c1fa2dcc8609016daef02cee846eb6)","throwable":""}
{"timestamp":"2025-07-02T17:55:12,007","container":"fd1bd7073234","level":"INFO","thread":"BftProcessorExecutor-QBFT-0","class":"QbftBesuControllerBuilder","message":"Imported #271 / 0 tx / 0 pending / 0 (0.0%) gas / (0x50b17da39805aac46e02777806b654b8c83f3082077340757f49ef03adf84d70)","throwable":""}
{"timestamp":"2025-07-02T17:55:20,025","container":"fd1bd7073234","level":"INFO","thread":"BftProcessorExecutor-QBFT-0","class":"QbftBesuControllerBuilder","message":"Produced #272 / 0 tx / 0 pending / 0 (0.0%) gas / (0xe6b9f85d95c883b4cb6baeb71c02c9fb965ebabddc9bcccac1772a04d79c2f48)","throwable":""}
{"timestamp":"2025-07-02T17:55:28,014","container":"fd1bd7073234","level":"INFO","thread":"BftProcessorExecutor-QBFT-0","class":"QbftBesuControllerBuilder","message":"Imported #273 / 0 tx / 0 pending / 0 (0.0%) gas / (0xbd860cb9107a6c891ed8dbcb70b7a1bae3bf8c575ef196d5ea505c0bfed2964d)","throwable":""}
{"timestamp":"2025-07-02T17:55:36,021","container":"fd1bd7073234","level":"INFO","thread":"BftProcessorExecutor-QBFT-0","class":"QbftBesuControllerBuilder","message":"Imported #274 / 0 tx / 0 pending / 0 (0.0%) gas / (0x25f591abfefa5e294c8bb1bae8177ae85a7b3ea2bb78b2147b6b351830b5bc6e)","throwable":""}
{"timestamp":"2025-07-02T17:55:44,016","container":"fd1bd7073234","level":"INFO","thread":"BftProcessorExecutor-QBFT-0","class":"QbftBesuControllerBuilder","message":"Imported #275 / 0 tx / 0 pending / 0 (0.0%) gas / (0x2600e2d0e2048057db1457273a1f4441979c3deaf6c12d7351a72bba28728cdf)","throwable":""}
{"timestamp":"2025-07-02T17:55:52,021","container":"fd1bd7073234","level":"INFO","thread":"BftProcessorExecutor-QBFT-0","class":"QbftBesuControllerBuilder","message":"Produced #276 / 0 tx / 0 pending / 0 (0.0%) gas / (0xca2195ad35402dd7406fd0995c7d8e3b64c9bd0833ffbe55fbcd192630ca1799)","throwable":""}
{"timestamp":"2025-07-02T17:56:00,021","container":"fd1bd7073234","level":"INFO","thread":"BftProcessorExecutor-QBFT-0","class":"QbftBesuControllerBuilder","message":"Imported #277 / 0 tx / 0 pending / 0 (0.0%) gas / (0x009070a8dca0cdf506e555bed23580f387bd2bf3912fe542cfeaf0186474f3ca)","throwable":""}
{"timestamp":"2025-07-02T17:56:08,024","container":"fd1bd7073234","level":"INFO","thread":"BftProcessorExecutor-QBFT-0","class":"QbftBesuControllerBuilder","message":"Imported #278 / 0 tx / 0 pending / 0 (0.0%) gas / (0x6916185af3f5b2ed08d890cfd230a4e6e56371df60122bfcb45fad9daeed2bbb)","throwable":""}
{"timestamp":"2025-07-02T17:56:16,018","container":"fd1bd7073234","level":"INFO","thread":"BftProcessorExecutor-QBFT-0","class":"QbftBesuControllerBuilder","message":"Imported #279 / 0 tx / 0 pending / 0 (0.0%) gas / (0x668ba202e0cc8f7fcbc2bb559cada4c92c0646f40495560e35e8861ce4edb49f)","throwable":""}
{"timestamp":"2025-07-02T17:56:24,020","container":"fd1bd7073234","level":"INFO","thread":"BftProcessorExecutor-QBFT-0","class":"QbftBesuControllerBuilder","message":"Produced #280 / 0 tx / 0 pending / 0 (0.0%) gas / (0x10c521e5c71f8aa02404ed484d45750a01c0aaf20513a946ac775be90bc3d527)","throwable":""}
{"timestamp":"2025-07-02T17:56:32,024","container":"fd1bd7073234","level":"INFO","thread":"BftProcessorExecutor-QBFT-0","class":"QbftBesuControllerBuilder","message":"Imported #281 / 0 tx / 0 pending / 0 (0.0%) gas / (0x99fca141a13824aa241d58426b8f1dd993b9a6d06762504c7db9804ed811a23f)","throwable":""}
{"timestamp":"2025-07-02T17:56:40,025","container":"fd1bd7073234","level":"INFO","thread":"BftProcessorExecutor-QBFT-0","class":"QbftBesuControllerBuilder","message":"Imported #282 / 0 tx / 0 pending / 0 (0.0%) gas / (0xa101847e0dbd22de81860fb82da390aaa57bcc491cbd092f4fd6ce44b6387526)","throwable":""}
{"timestamp":"2025-07-02T17:56:48,015","container":"fd1bd7073234","level":"INFO","thread":"BftProcessorExecutor-QBFT-0","class":"QbftBesuControllerBuilder","message":"Imported #283 / 0 tx / 0 pending / 0 (0.0%) gas / (0x5375c086472722f4cf574d89a872937d3c0f79e95781ba6257fb6b02b3b48ed0)","throwable":""}
{"timestamp":"2025-07-02T17:56:56,018","container":"fd1bd7073234","level":"INFO","thread":"BftProcessorExecutor-QBFT-0","class":"QbftBesuControllerBuilder","message":"Produced #284 / 0 tx / 0 pending / 0 (0.0%) gas / (0x93f9575ac9c39f05daedff20d1dc97fe38b4f1c05475dd2a41c7dcd345ff8d29)","throwable":""}
{"timestamp":"2025-07-02T17:57:04,012","container":"fd1bd7073234","level":"INFO","thread":"BftProcessorExecutor-QBFT-0","class":"QbftBesuControllerBuilder","message":"Imported #285 / 0 tx / 0 pending / 0 (0.0%) gas / (0x3067064b33dfb193b9629b7492637af9c42169e93cbe872bbf15c6a04bc8ad0e)","throwable":""}
{"timestamp":"2025-07-02T17:57:12,019","container":"fd1bd7073234","level":"INFO","thread":"BftProcessorExecutor-QBFT-0","class":"QbftBesuControllerBuilder","message":"Imported #286 / 0 tx / 0 pending / 0 (0.0%) gas / (0xcffdbd05eeefc99c3ec72bf981efa807a8952b610b75d07cf1b013001b288583)","throwable":""}
{"timestamp":"2025-07-02T17:57:20,019","container":"fd1bd7073234","level":"INFO","thread":"BftProcessorExecutor-QBFT-0","class":"QbftBesuControllerBuilder","message":"Imported #287 / 0 tx / 0 pending / 0 (0.0%) gas / (0x65d48b9feb695b0e16c1988a73613b46fcbbd294dd578f19fc00bbace40d8626)","throwable":""}
{"timestamp":"2025-07-02T17:57:28,019","container":"fd1bd7073234","level":"INFO","thread":"BftProcessorExecutor-QBFT-0","class":"QbftBesuControllerBuilder","message":"Produced #288 / 0 tx / 0 pending / 0 (0.0%) gas / (0x5c33b310fdd7fb4c39738f052037ccbb8a5f3a55e578c8f1b0321b4b24f25348)","throwable":""}
{"timestamp":"2025-07-02T17:57:36,039","container":"fd1bd7073234","level":"INFO","thread":"EthScheduler-Workers-0","class":"PersistBlockTask","message":"Imported #289 / 0 tx / 0 om / 0 (0.0%) gas / (0x655fdf00a67b0871b9f46a7ea6abf1a105568533ddbf1411c80e9c497dceabeb) in 0.002s. Peers: 3","throwable":""}
{"timestamp":"2025-07-02T17:57:36,040","container":"fd1bd7073234","level":"INFO","thread":"BftProcessorExecutor-QBFT-0","class":"QbftBesuControllerBuilder","message":"Imported #289 / 0 tx / 0 pending / 0 (0.0%) gas / (0x655fdf00a67b0871b9f46a7ea6abf1a105568533ddbf1411c80e9c497dceabeb)","throwable":""}
{"timestamp":"2025-07-02T17:57:44,028","container":"fd1bd7073234","level":"INFO","thread":"BftProcessorExecutor-QBFT-0","class":"QbftBesuControllerBuilder","message":"Imported #290 / 0 tx / 0 pending / 0 (0.0%) gas / (0x42a05acb71e32bea335ed9854c8a6a2ae284802736fb9b126d309aebb0f603f6)","throwable":""}
{"timestamp":"2025-07-02T17:57:52,009","container":"fd1bd7073234","level":"INFO","thread":"BftProcessorExecutor-QBFT-0","class":"QbftBesuControllerBuilder","message":"Imported #291 / 0 tx / 0 pending / 0 (0.0%) gas / (0xde0ab8e0372128430f35adc514eb48e936af867e8c7bf6e6a048d309e68c99b1)","throwable":""}
{"timestamp":"2025-07-02T17:58:00,025","container":"fd1bd7073234","level":"INFO","thread":"BftProcessorExecutor-QBFT-0","class":"QbftBesuControllerBuilder","message":"Produced #292 / 0 tx / 0 pending / 0 (0.0%) gas / (0x6e9015a840153e4d73186596f03404124a5a1c80c219cba879a9d8ff622219b6)","throwable":""}
{"timestamp":"2025-07-02T17:58:08,021","container":"fd1bd7073234","level":"INFO","thread":"BftProcessorExecutor-QBFT-0","class":"QbftBesuControllerBuilder","message":"Imported #293 / 0 tx / 0 pending / 0 (0.0%) gas / (0x77f9527ffc49db6b997cf7ecacdec525bd157755f7724b908ce99249adbf937d)","throwable":""}
{"timestamp":"2025-07-02T17:58:16,019","container":"fd1bd7073234","level":"INFO","thread":"BftProcessorExecutor-QBFT-0","class":"QbftBesuControllerBuilder","message":"Imported #294 / 0 tx / 0 pending / 0 (0.0%) gas / (0x489566536d08f3a4a91e2a4e5cd52e69ff596c41a06d0570ee24cdad86cc6b49)","throwable":""}
{"timestamp":"2025-07-02T17:58:24,016","container":"fd1bd7073234","level":"INFO","thread":"BftProcessorExecutor-QBFT-0","class":"QbftBesuControllerBuilder","message":"Imported #295 / 0 tx / 0 pending / 0 (0.0%) gas / (0x4df02ff0252ad1e57331432d645b1ede477b854b9345fc5187bb150fbee3e76e)","throwable":""}
{"timestamp":"2025-07-02T17:58:32,021","container":"fd1bd7073234","level":"INFO","thread":"BftProcessorExecutor-QBFT-0","class":"QbftBesuControllerBuilder","message":"Produced #296 / 0 tx / 0 pending / 0 (0.0%) gas / (0x16922c9260245ef3706912cbe67e1e3fead9ba17f0402cb09e40d609efdcf0d3)","throwable":""}
{"timestamp":"2025-07-02T17:58:40,021","container":"fd1bd7073234","level":"INFO","thread":"BftProcessorExecutor-QBFT-0","class":"QbftBesuControllerBuilder","message":"Imported #297 / 0 tx / 0 pending / 0 (0.0%) gas / (0x69a409bd77c735085fe48840ffd459b558cb38c246fa296dfa1de9f9938ac197)","throwable":""}
{"timestamp":"2025-07-02T17:58:48,022","container":"fd1bd7073234","level":"INFO","thread":"BftProcessorExecutor-QBFT-0","class":"QbftBesuControllerBuilder","message":"Imported #298 / 0 tx / 0 pending / 0 (0.0%) gas / (0xd9dbfb4df5386d79ddaa86ca7abe1f8b2f96532f7d5ff117d10815f0ef24c7a6)","throwable":""}
{"timestamp":"2025-07-02T17:58:56,017","container":"fd1bd7073234","level":"INFO","thread":"BftProcessorExecutor-QBFT-0","class":"QbftBesuControllerBuilder","message":"Imported #299 / 0 tx / 0 pending / 0 (0.0%) gas / (0xe74c30f6a39acd89b70081ebaebb5d174cf70d3b899f898b5bb6d6330b2b6fcc)","throwable":""}
{"timestamp":"2025-07-02T17:59:04,020","container":"fd1bd7073234","level":"INFO","thread":"BftProcessorExecutor-QBFT-0","class":"QbftBesuControllerBuilder","message":"Produced #300 / 0 tx / 0 pending / 0 (0.0%) gas / (0x5399881af3981b753e733ae61ccde17b1289470861346f3196208a3f0220d812)","throwable":""}
{"timestamp":"2025-07-02T17:59:12,017","container":"fd1bd7073234","level":"INFO","thread":"BftProcessorExecutor-QBFT-0","class":"QbftBesuControllerBuilder","message":"Imported #301 / 0 tx / 0 pending / 0 (0.0%) gas / (0x41b5930aadfcafe58bdb654cfa34c3c5002e491e79ec9ce84acc674e57da89b0)","throwable":""}
{"timestamp":"2025-07-02T17:59:20,020","container":"fd1bd7073234","level":"INFO","thread":"BftProcessorExecutor-QBFT-0","class":"QbftBesuControllerBuilder","message":"Imported #302 / 0 tx / 0 pending / 0 (0.0%) gas / (0xf6c805baba2d8c528773bb2a326b474f22025f1600aeed89d4d1ac93fbdacf7c)","throwable":""}
{"timestamp":"2025-07-02T17:59:28,013","container":"fd1bd7073234","level":"INFO","thread":"BftProcessorExecutor-QBFT-0","class":"QbftBesuControllerBuilder","message":"Imported #303 / 0 tx / 0 pending / 0 (0.0%) gas / (0x38b58050e9568d99203bffaac84744abaa8ed2b0063758168bc1b442d6636441)","throwable":""}
{"timestamp":"2025-07-02T17:59:36,020","container":"fd1bd7073234","level":"INFO","thread":"BftProcessorExecutor-QBFT-0","class":"QbftBesuControllerBuilder","message":"Produced #304 / 0 tx / 0 pending / 0 (0.0%) gas / (0x4cd454ca2e0c9d9c0d23813b8ab15517f095419fbebac48278587086067b758d)","throwable":""}
{"timestamp":"2025-07-02T17:59:44,020","container":"fd1bd7073234","level":"INFO","thread":"BftProcessorExecutor-QBFT-0","class":"QbftBesuControllerBuilder","message":"Imported #305 / 0 tx / 0 pending / 0 (0.0%) gas / (0x0cc96ba686b2a213c9d547ea38748c819dda4b5994f9772d94e3b272baa41b90)","throwable":""}
{"timestamp":"2025-07-02T17:59:52,020","container":"fd1bd7073234","level":"INFO","thread":"BftProcessorExecutor-QBFT-0","class":"QbftBesuControllerBuilder","message":"Imported #306 / 0 tx / 0 pending / 0 (0.0%) gas / (0x4b5665dabff3c013fee44958fcaccefb72ea59e5c844b8861e7fe1b98e1cff11)","throwable":""}
{"timestamp":"2025-07-02T18:00:00,020","container":"fd1bd7073234","level":"INFO","thread":"BftProcessorExecutor-QBFT-0","class":"QbftBesuControllerBuilder","message":"Imported #307 / 0 tx / 0 pending / 0 (0.0%) gas / (0x19fd3a14e6bb9667cda296c38b4581ebf6a499823619e85f8b98ae00abe41862)","throwable":""}
{"timestamp":"2025-07-02T18:00:08,022","container":"fd1bd7073234","level":"INFO","thread":"BftProcessorExecutor-QBFT-0","class":"QbftBesuControllerBuilder","message":"Produced #308 / 0 tx / 0 pending / 0 (0.0%) gas / (0x3b13089aa63f405a5aded2e192c3005742ce81363c744ab5d891b8c57fd9c6c0)","throwable":""}
{"timestamp":"2025-07-02T18:00:16,018","container":"fd1bd7073234","level":"INFO","thread":"BftProcessorExecutor-QBFT-0","class":"QbftBesuControllerBuilder","message":"Imported #309 / 0 tx / 0 pending / 0 (0.0%) gas / (0x07850231ec9524b8911243460f2b517faa21afc31d4dcb4b5977e82068ec979d)","throwable":""}
{"timestamp":"2025-07-02T18:00:24,031","container":"fd1bd7073234","level":"INFO","thread":"EthScheduler-Workers-0","class":"PersistBlockTask","message":"Imported #310 / 0 tx / 0 om / 0 (0.0%) gas / (0xb1481ad63112d823820c98ca1151607932be31633510f57f2ee421311a361bcc) in 0.001s. Peers: 3","throwable":""}
{"timestamp":"2025-07-02T18:00:32,016","container":"fd1bd7073234","level":"INFO","thread":"BftProcessorExecutor-QBFT-0","class":"QbftBesuControllerBuilder","message":"Imported #311 / 0 tx / 0 pending / 0 (0.0%) gas / (0x9856f910f54ee095e9fbc9cc8966d834d64af7a1c6717aac69a73da94fac7906)","throwable":""}
{"timestamp":"2025-07-02T18:00:40,022","container":"fd1bd7073234","level":"INFO","thread":"EthScheduler-Workers-0","class":"PersistBlockTask","message":"Block 312 (0x75b207a0bfcefff705c8c4835cdbb904788069231c7841ba37b7759cc5d88066) is already imported","throwable":""}
{"timestamp":"2025-07-02T18:00:40,022","container":"fd1bd7073234","level":"INFO","thread":"BftProcessorExecutor-QBFT-0","class":"QbftBesuControllerBuilder","message":"Produced #312 / 0 tx / 0 pending / 0 (0.0%) gas / (0x75b207a0bfcefff705c8c4835cdbb904788069231c7841ba37b7759cc5d88066)","throwable":""}
{"timestamp":"2025-07-02T18:00:48,022","container":"fd1bd7073234","level":"INFO","thread":"BftProcessorExecutor-QBFT-0","class":"QbftBesuControllerBuilder","message":"Imported #313 / 0 tx / 0 pending / 0 (0.0%) gas / (0xfe8e58be46950ff444f458ef0b6c7d7c6650d85be5fae44107d935feeef04973)","throwable":""}
{"timestamp":"2025-07-02T18:00:56,020","container":"fd1bd7073234","level":"INFO","thread":"BftProcessorExecutor-QBFT-0","class":"QbftBesuControllerBuilder","message":"Imported #314 / 0 tx / 0 pending / 0 (0.0%) gas / (0xcaecb14b6fd1d66c93e85727354a7af5cecfef25b1d16753500516fb54224424)","throwable":""}
{"timestamp":"2025-07-02T18:01:04,013","container":"fd1bd7073234","level":"INFO","thread":"EthScheduler-Workers-0","class":"PersistBlockTask","message":"Block 315 (0x32b5febfea0c69a493eb13bbb065fef0813affb8f1d10573afb639fbce0f54de) is already imported","throwable":""}
{"timestamp":"2025-07-02T18:01:04,014","container":"fd1bd7073234","level":"INFO","thread":"BftProcessorExecutor-QBFT-0","class":"QbftBesuControllerBuilder","message":"Imported #315 / 0 tx / 0 pending / 0 (0.0%) gas / (0x32b5febfea0c69a493eb13bbb065fef0813affb8f1d10573afb639fbce0f54de)","throwable":""}
{"timestamp":"2025-07-02T18:01:12,020","container":"fd1bd7073234","level":"INFO","thread":"BftProcessorExecutor-QBFT-0","class":"QbftBesuControllerBuilder","message":"Produced #316 / 0 tx / 0 pending / 0 (0.0%) gas / (0x3de24f5d1dadeb77c68a66f4478abebe1ca0a4f2fe11b5a7dc244708640de9cc)","throwable":""}
{"timestamp":"2025-07-02T18:01:20,025","container":"fd1bd7073234","level":"INFO","thread":"BftProcessorExecutor-QBFT-0","class":"QbftBesuControllerBuilder","message":"Imported #317 / 0 tx / 0 pending / 0 (0.0%) gas / (0x5617cd9b75183e226eaa676eaff9e5bbba4ec723fee32f51db40833db4618dfc)","throwable":""}
{"timestamp":"2025-07-02T18:01:28,020","container":"fd1bd7073234","level":"INFO","thread":"BftProcessorExecutor-QBFT-0","class":"QbftBesuControllerBuilder","message":"Imported #318 / 0 tx / 0 pending / 0 (0.0%) gas / (0x8cd905a142ce1231c89a338d206c99396c42eab33e504abaf83b740c633076cb)","throwable":""}
{"timestamp":"2025-07-02T18:01:36,020","container":"fd1bd7073234","level":"INFO","thread":"BftProcessorExecutor-QBFT-0","class":"QbftBesuControllerBuilder","message":"Imported #319 / 0 tx / 0 pending / 0 (0.0%) gas / (0x75b531e42dba289056c3584f7c843e1d907e119b47fca217e60372296f8a4ef4)","throwable":""}
{"timestamp":"2025-07-02T18:01:44,019","container":"fd1bd7073234","level":"INFO","thread":"BftProcessorExecutor-QBFT-0","class":"QbftBesuControllerBuilder","message":"Produced #320 / 0 tx / 0 pending / 0 (0.0%) gas / (0xe9a7746b5ea0ee0f778c15169d99405f3d0c185bf6124e71dcd908515eb54b78)","throwable":""}
{"timestamp":"2025-07-02T18:01:52,019","container":"fd1bd7073234","level":"INFO","thread":"BftProcessorExecutor-QBFT-0","class":"QbftBesuControllerBuilder","message":"Imported #321 / 0 tx / 0 pending / 0 (0.0%) gas / (0xceae1e7f22461bb6cd44a5d3b7a0f78377b3f8e9af4375ebe38646ce1537e3d3)","throwable":""}
{"timestamp":"2025-07-02T18:02:00,033","container":"fd1bd7073234","level":"INFO","thread":"EthScheduler-Workers-0","class":"PersistBlockTask","message":"Block 322 (0x9fb519b9c699b7ecdaadaaed19e8e624cc77bec01ce72838997266247b00e7f5) is already imported","throwable":""}
{"timestamp":"2025-07-02T18:02:00,033","container":"fd1bd7073234","level":"INFO","thread":"BftProcessorExecutor-QBFT-0","class":"QbftBesuControllerBuilder","message":"Imported #322 / 0 tx / 0 pending / 0 (0.0%) gas / (0x9fb519b9c699b7ecdaadaaed19e8e624cc77bec01ce72838997266247b00e7f5)","throwable":""}
{"timestamp":"2025-07-02T18:02:08,029","container":"fd1bd7073234","level":"INFO","thread":"BftProcessorExecutor-QBFT-0","class":"QbftBesuControllerBuilder","message":"Imported #323 / 0 tx / 0 pending / 0 (0.0%) gas / (0x68211b8842d336d3dfe79f333e5f301580b58785788bc075f8cc5411ee49c63c)","throwable":""}
{"timestamp":"2025-07-02T18:02:16,019","container":"fd1bd7073234","level":"INFO","thread":"BftProcessorExecutor-QBFT-0","class":"QbftBesuControllerBuilder","message":"Produced #324 / 0 tx / 0 pending / 0 (0.0%) gas / (0xde68e8e93bad98b38d410f1b32ca58316bd6efa57053ff2f3f398ad33661470b)","throwable":""}
{"timestamp":"2025-07-02T18:02:24,022","container":"fd1bd7073234","level":"INFO","thread":"BftProcessorExecutor-QBFT-0","class":"QbftBesuControllerBuilder","message":"Imported #325 / 0 tx / 0 pending / 0 (0.0%) gas / (0xf35555132595b71165fa0fd5766fde76435b257808ec7cf1473104d553a66c8b)","throwable":""}
{"timestamp":"2025-07-02T18:02:32,019","container":"fd1bd7073234","level":"INFO","thread":"BftProcessorExecutor-QBFT-0","class":"QbftBesuControllerBuilder","message":"Imported #326 / 0 tx / 0 pending / 0 (0.0%) gas / (0x770f2279e6743dfbe7f7264ed0e457a49e4cc9245d244bc338011335163939d2)","throwable":""}
{"timestamp":"2025-07-02T18:02:40,019","container":"fd1bd7073234","level":"INFO","thread":"BftProcessorExecutor-QBFT-0","class":"QbftBesuControllerBuilder","message":"Imported #327 / 0 tx / 0 pending / 0 (0.0%) gas / (0xa76cb9ec883e7ea1c8cdf026db05a2e3048204fe94bfa51c4feb2103fae0fbde)","throwable":""}
{"timestamp":"2025-07-02T18:02:48,022","container":"fd1bd7073234","level":"INFO","thread":"BftProcessorExecutor-QBFT-0","class":"QbftBesuControllerBuilder","message":"Produced #328 / 0 tx / 0 pending / 0 (0.0%) gas / (0xee4872d39d5ca792049450f5d4dba14d8b746bf72df05d2334daaa48acbdf335)","throwable":""}
{"timestamp":"2025-07-02T18:02:56,020","container":"fd1bd7073234","level":"INFO","thread":"BftProcessorExecutor-QBFT-0","class":"QbftBesuControllerBuilder","message":"Imported #329 / 0 tx / 0 pending / 0 (0.0%) gas / (0x7fbe49b4c79f15c4d073e8efc98ebd525fca2490218b3b50d0dbd3fcf661bb43)","throwable":""}
{"timestamp":"2025-07-02T18:03:04,021","container":"fd1bd7073234","level":"INFO","thread":"BftProcessorExecutor-QBFT-0","class":"QbftBesuControllerBuilder","message":"Imported #330 / 0 tx / 0 pending / 0 (0.0%) gas / (0xe73609d4e301b006443a312ecebe36b1aa2f20f38bd9887ffbc70997a008f4e8)","throwable":""}
{"timestamp":"2025-07-02T18:03:12,014","container":"fd1bd7073234","level":"INFO","thread":"BftProcessorExecutor-QBFT-0","class":"QbftBesuControllerBuilder","message":"Imported #331 / 0 tx / 0 pending / 0 (0.0%) gas / (0x5453a4eef668402d0465100ccf866834d847a8e2e954f81033c340f608694082)","throwable":""}
{"timestamp":"2025-07-02T18:03:20,023","container":"fd1bd7073234","level":"INFO","thread":"BftProcessorExecutor-QBFT-0","class":"QbftBesuControllerBuilder","message":"Produced #332 / 0 tx / 0 pending / 0 (0.0%) gas / (0x61e8d729919dbb03a6b85fcba8e37bcaa0432ca30e28f7e8d59c3fca81625b21)","throwable":""}
{"timestamp":"2025-07-02T18:03:28,020","container":"fd1bd7073234","level":"INFO","thread":"BftProcessorExecutor-QBFT-0","class":"QbftBesuControllerBuilder","message":"Imported #333 / 0 tx / 0 pending / 0 (0.0%) gas / (0xdbf584b9d9b3f58a0793b0f1f932adce80e5bfe335ce38884fb14764d1a46703)","throwable":""}
{"timestamp":"2025-07-02T18:03:36,021","container":"fd1bd7073234","level":"INFO","thread":"BftProcessorExecutor-QBFT-0","class":"QbftBesuControllerBuilder","message":"Imported #334 / 0 tx / 0 pending / 0 (0.0%) gas / (0xcfdc4ba594c561fef87b1b72ba90277baebad57a3d5eb6de0a1b31c4e3941d26)","throwable":""}
{"timestamp":"2025-07-02T18:03:44,043","container":"fd1bd7073234","level":"INFO","thread":"EthScheduler-Workers-0","class":"PersistBlockTask","message":"Block 335 (0xbbbff8b92a60cd35b1ea4700ffc9e098c1f5c95bd780251fa6ba8a245e666cfe) is already imported","throwable":""}
{"timestamp":"2025-07-02T18:03:44,043","container":"fd1bd7073234","level":"INFO","thread":"BftProcessorExecutor-QBFT-0","class":"QbftBesuControllerBuilder","message":"Imported #335 / 0 tx / 0 pending / 0 (0.0%) gas / (0xbbbff8b92a60cd35b1ea4700ffc9e098c1f5c95bd780251fa6ba8a245e666cfe)","throwable":""}
{"timestamp":"2025-07-02T18:03:52,021","container":"fd1bd7073234","level":"INFO","thread":"BftProcessorExecutor-QBFT-0","class":"QbftBesuControllerBuilder","message":"Produced #336 / 0 tx / 0 pending / 0 (0.0%) gas / (0x775ae9a6596358598f387d8c12da7240f2b98bc9f5d16efb17a1022418a9a2af)","throwable":""}
{"timestamp":"2025-07-02T18:04:00,024","container":"fd1bd7073234","level":"INFO","thread":"BftProcessorExecutor-QBFT-0","class":"QbftBesuControllerBuilder","message":"Imported #337 / 0 tx / 0 pending / 0 (0.0%) gas / (0x8cb2fda96277e85eb1cbc547a2749a2c44ef210c8ef94e7013fc374fb6938474)","throwable":""}
{"timestamp":"2025-07-02T18:04:08,017","container":"fd1bd7073234","level":"INFO","thread":"BftProcessorExecutor-QBFT-0","class":"QbftBesuControllerBuilder","message":"Imported #338 / 0 tx / 0 pending / 0 (0.0%) gas / (0x2ba9fad904a50c41741007ab686c46d4ab357e1c508c4d5bbd7693dc7146db75)","throwable":""}
{"timestamp":"2025-07-02T18:04:16,014","container":"fd1bd7073234","level":"INFO","thread":"BftProcessorExecutor-QBFT-0","class":"QbftBesuControllerBuilder","message":"Imported #339 / 0 tx / 0 pending / 0 (0.0%) gas / (0xd40fa96c2f1dc6406eb452c436040c883e9123bddce43a5d4abace6b4b372b62)","throwable":""}
{"timestamp":"2025-07-02T18:04:24,033","container":"fd1bd7073234","level":"INFO","thread":"BftProcessorExecutor-QBFT-0","class":"QbftBesuControllerBuilder","message":"Produced #340 / 0 tx / 0 pending / 0 (0.0%) gas / (0x5ab445f6dfef6e02fa0a157ab0889425c6a39b0f0bfc7510bd8f58e60404ef65)","throwable":""}
{"timestamp":"2025-07-02T18:04:32,022","container":"fd1bd7073234","level":"INFO","thread":"BftProcessorExecutor-QBFT-0","class":"QbftBesuControllerBuilder","message":"Imported #341 / 0 tx / 0 pending / 0 (0.0%) gas / (0x1aa99dc3dac834abcbee95d2bf08523c72de722f7a9e98b069dd32250b2e6d16)","throwable":""}
{"timestamp":"2025-07-02T18:04:40,022","container":"fd1bd7073234","level":"INFO","thread":"BftProcessorExecutor-QBFT-0","class":"QbftBesuControllerBuilder","message":"Imported #342 / 0 tx / 0 pending / 0 (0.0%) gas / (0x85ac9e59a4c578bedb6c3bb17462dcec62bc9d8f2b1566c9d229dc0bac0d1685)","throwable":""}
{"timestamp":"2025-07-02T18:04:48,016","container":"fd1bd7073234","level":"INFO","thread":"BftProcessorExecutor-QBFT-0","class":"QbftBesuControllerBuilder","message":"Imported #343 / 0 tx / 0 pending / 0 (0.0%) gas / (0x1459eeab508105ecf144e0d3781586bff9fa1c2becaa37fb2ad5e1426981ca27)","throwable":""}
{"timestamp":"2025-07-02T18:04:56,017","container":"fd1bd7073234","level":"INFO","thread":"BftProcessorExecutor-QBFT-0","class":"QbftBesuControllerBuilder","message":"Produced #344 / 0 tx / 0 pending / 0 (0.0%) gas / (0x813c1c40fa98aac2d425fe1d7cca4ced0776d47efeb885ccf372d00bfcc0f8dc)","throwable":""}
{"timestamp":"2025-07-02T18:05:04,019","container":"fd1bd7073234","level":"INFO","thread":"BftProcessorExecutor-QBFT-0","class":"QbftBesuControllerBuilder","message":"Imported #345 / 0 tx / 0 pending / 0 (0.0%) gas / (0x9f63ace73836802f19897f6c7fa4b04b5fff816d65cc60b95765a84c214090d5)","throwable":""}
{"timestamp":"2025-07-02T18:05:12,011","container":"fd1bd7073234","level":"INFO","thread":"BftProcessorExecutor-QBFT-0","class":"QbftBesuControllerBuilder","message":"Imported #346 / 0 tx / 0 pending / 0 (0.0%) gas / (0xc6ebb5439db30fe8f300308ee6f5441a7780e26da2598290517cce7422f83e37)","throwable":""}
{"timestamp":"2025-07-02T18:05:20,020","container":"fd1bd7073234","level":"INFO","thread":"BftProcessorExecutor-QBFT-0","class":"QbftBesuControllerBuilder","message":"Imported #347 / 0 tx / 0 pending / 0 (0.0%) gas / (0xd481c50bff8dbf342e201c9428291716f931099023ecb810826e22995f55631b)","throwable":""}
{"timestamp":"2025-07-02T18:05:28,017","container":"fd1bd7073234","level":"INFO","thread":"BftProcessorExecutor-QBFT-0","class":"QbftBesuControllerBuilder","message":"Produced #348 / 0 tx / 0 pending / 0 (0.0%) gas / (0x3f998a28a7a03efd37c1e00f39d80792408f1e8349a440681dacf249433f8ffc)","throwable":""}
{"timestamp":"2025-07-02T18:05:36,025","container":"fd1bd7073234","level":"INFO","thread":"BftProcessorExecutor-QBFT-0","class":"QbftBesuControllerBuilder","message":"Imported #349 / 0 tx / 0 pending / 0 (0.0%) gas / (0x06cdba3c9fd984b261968981a20cfc565171ee2c117bf923f2e3ac7f39247b25)","throwable":""}
{"timestamp":"2025-07-02T18:05:44,018","container":"fd1bd7073234","level":"INFO","thread":"BftProcessorExecutor-QBFT-0","class":"QbftBesuControllerBuilder","message":"Imported #350 / 0 tx / 0 pending / 0 (0.0%) gas / (0x4401b1f4f27c61c622ec27eadbb45c3df33ed0d90f965f811ca676011768b356)","throwable":""}
{"timestamp":"2025-07-02T18:05:52,009","container":"fd1bd7073234","level":"INFO","thread":"BftProcessorExecutor-QBFT-0","class":"QbftBesuControllerBuilder","message":"Imported #351 / 0 tx / 0 pending / 0 (0.0%) gas / (0xc8e35bd7432ed06cfbe87369abd7b62cd3cda6763d415c00fe728df30641bf6b)","throwable":""}
{"timestamp":"2025-07-02T18:06:00,023","container":"fd1bd7073234","level":"INFO","thread":"BftProcessorExecutor-QBFT-0","class":"QbftBesuControllerBuilder","message":"Produced #352 / 0 tx / 0 pending / 0 (0.0%) gas / (0xae0b449772cb8e87b0ceec03c760d8eb8bfa227a7ae82d32a34a797fb0b8c321)","throwable":""}
{"timestamp":"2025-07-02T18:06:08,022","container":"fd1bd7073234","level":"INFO","thread":"BftProcessorExecutor-QBFT-0","class":"QbftBesuControllerBuilder","message":"Imported #353 / 0 tx / 0 pending / 0 (0.0%) gas / (0xf44ceeb05d19bc568a0c2e8954705381518eca7f49cf246b0ce0527a270bbe37)","throwable":""}
{"timestamp":"2025-07-02T18:06:08,022","container":"fd1bd7073234","level":"INFO","thread":"EthScheduler-Workers-0","class":"PersistBlockTask","message":"Block 353 (0xf44ceeb05d19bc568a0c2e8954705381518eca7f49cf246b0ce0527a270bbe37) is already imported","throwable":""}
{"timestamp":"2025-07-02T18:06:16,025","container":"fd1bd7073234","level":"INFO","thread":"BftProcessorExecutor-QBFT-0","class":"QbftBesuControllerBuilder","message":"Imported #354 / 0 tx / 0 pending / 0 (0.0%) gas / (0x10489706d2f4c2fb6a03819b13b3b93cca418ffc9d51241a55fc4bb6e09eb6d3)","throwable":""}
{"timestamp":"2025-07-02T18:06:24,019","container":"fd1bd7073234","level":"INFO","thread":"BftProcessorExecutor-QBFT-0","class":"QbftBesuControllerBuilder","message":"Imported #355 / 0 tx / 0 pending / 0 (0.0%) gas / (0x5b6ef9dfc98eef921ab88b608f6dbaf95cd7b7440b24bf179c5ca5df14ee887e)","throwable":""}
{"timestamp":"2025-07-02T18:06:32,023","container":"fd1bd7073234","level":"INFO","thread":"BftProcessorExecutor-QBFT-0","class":"QbftBesuControllerBuilder","message":"Produced #356 / 0 tx / 0 pending / 0 (0.0%) gas / (0x47038979ded5eae95760ea8b8fb4e54a79a8db44aca200139b89c9f7a819511c)","throwable":""}
{"timestamp":"2025-07-02T18:06:40,017","container":"fd1bd7073234","level":"INFO","thread":"BftProcessorExecutor-QBFT-0","class":"QbftBesuControllerBuilder","message":"Imported #357 / 0 tx / 0 pending / 0 (0.0%) gas / (0x4f7bcfeb9de5cb5ab13f98abfd81a6adaaa666ebe30c9f352c82fdc2ae737cb1)","throwable":""}
{"timestamp":"2025-07-02T18:06:48,019","container":"fd1bd7073234","level":"INFO","thread":"BftProcessorExecutor-QBFT-0","class":"QbftBesuControllerBuilder","message":"Imported #358 / 0 tx / 0 pending / 0 (0.0%) gas / (0x185f7db8a116a4b7e98d5e7c538f70f41708b6844ccbd0d8d199ff431d66aaa8)","throwable":""}
{"timestamp":"2025-07-02T18:06:56,007","container":"fd1bd7073234","level":"INFO","thread":"BftProcessorExecutor-QBFT-0","class":"QbftBesuControllerBuilder","message":"Imported #359 / 0 tx / 0 pending / 0 (0.0%) gas / (0x85dac7964fc9796de62970402137eb0093646552339606b7999b784f1a6beabe)","throwable":""}
{"timestamp":"2025-07-02T18:07:04,026","container":"fd1bd7073234","level":"INFO","thread":"BftProcessorExecutor-QBFT-0","class":"QbftBesuControllerBuilder","message":"Produced #360 / 0 tx / 0 pending / 0 (0.0%) gas / (0xcf66a5dc9a30e331dd7f60114dbbed05a819f2607afee92fb8723f459ce7f4c4)","throwable":""}
{"timestamp":"2025-07-02T18:07:12,020","container":"fd1bd7073234","level":"INFO","thread":"BftProcessorExecutor-QBFT-0","class":"QbftBesuControllerBuilder","message":"Imported #361 / 0 tx / 0 pending / 0 (0.0%) gas / (0x25da762682c59dce9354029f4cc1df80719bbaf47c72fca27b63d4bbec49b41c)","throwable":""}
{"timestamp":"2025-07-02T18:07:20,024","container":"fd1bd7073234","level":"INFO","thread":"BftProcessorExecutor-QBFT-0","class":"QbftBesuControllerBuilder","message":"Imported #362 / 0 tx / 0 pending / 0 (0.0%) gas / (0x85465afbe30aae7e6f232217a6be191ec970cb7cfaba70966ce2cf063f4d4da1)","throwable":""}
{"timestamp":"2025-07-02T18:07:28,016","container":"fd1bd7073234","level":"INFO","thread":"BftProcessorExecutor-QBFT-0","class":"QbftBesuControllerBuilder","message":"Imported #363 / 0 tx / 0 pending / 0 (0.0%) gas / (0x24b0d3bce5840df20644873c1bd2cecfcb907632488402e8bfdf85802bdbfb47)","throwable":""}
{"timestamp":"2025-07-02T18:07:36,019","container":"fd1bd7073234","level":"INFO","thread":"BftProcessorExecutor-QBFT-0","class":"QbftBesuControllerBuilder","message":"Produced #364 / 0 tx / 0 pending / 0 (0.0%) gas / (0x2e7ec0f70edfa44bffa6be7ff1d1847414a72693634f50ee9356659d758caa39)","throwable":""}
{"timestamp":"2025-07-02T18:07:44,020","container":"fd1bd7073234","level":"INFO","thread":"BftProcessorExecutor-QBFT-0","class":"QbftBesuControllerBuilder","message":"Imported #365 / 0 tx / 0 pending / 0 (0.0%) gas / (0x99242334ea01c21cd9137607591f69b28ec19b30a12a97e310e82a4ad0bf5425)","throwable":""}
{"timestamp":"2025-07-02T18:07:52,020","container":"fd1bd7073234","level":"INFO","thread":"BftProcessorExecutor-QBFT-0","class":"QbftBesuControllerBuilder","message":"Imported #366 / 0 tx / 0 pending / 0 (0.0%) gas / (0xcdb14d74744cb6eb5cfcf481aed1e4e1e570607f0f528122948e1cb8a4854179)","throwable":""}
{"timestamp":"2025-07-02T18:08:00,025","container":"fd1bd7073234","level":"INFO","thread":"BftProcessorExecutor-QBFT-0","class":"QbftBesuControllerBuilder","message":"Imported #367 / 0 tx / 0 pending / 0 (0.0%) gas / (0xca4484756c6b06d96e86be3a46265bbd95525aefae6370b79bd4f865ab996b83)","throwable":""}
{"timestamp":"2025-07-02T18:08:08,021","container":"fd1bd7073234","level":"INFO","thread":"BftProcessorExecutor-QBFT-0","class":"QbftBesuControllerBuilder","message":"Produced #368 / 0 tx / 0 pending / 0 (0.0%) gas / (0x5cb8485bc3c2321ed4e8382b2882cbcaed7da482da8440ad45d85972121d9a69)","throwable":""}
{"timestamp":"2025-07-02T18:08:16,017","container":"fd1bd7073234","level":"INFO","thread":"BftProcessorExecutor-QBFT-0","class":"QbftBesuControllerBuilder","message":"Imported #369 / 0 tx / 0 pending / 0 (0.0%) gas / (0xb685dc2018e378049cfaf041558c6f91a897688f884ce536b005e813d3a42799)","throwable":""}
{"timestamp":"2025-07-02T18:08:24,019","container":"fd1bd7073234","level":"INFO","thread":"BftProcessorExecutor-QBFT-0","class":"QbftBesuControllerBuilder","message":"Imported #370 / 0 tx / 0 pending / 0 (0.0%) gas / (0x834ad2d895acd52da81eca0fa2c32d579c241eaaffb6c5b4a3af037caf67d35e)","throwable":""}
{"timestamp":"2025-07-02T18:08:32,015","container":"fd1bd7073234","level":"INFO","thread":"BftProcessorExecutor-QBFT-0","class":"QbftBesuControllerBuilder","message":"Imported #371 / 0 tx / 0 pending / 0 (0.0%) gas / (0xd168e713aca63f5cfdcd2856e8caee4bb81b8fef242d738a9b38d3f51fcc7f83)","throwable":""}
{"timestamp":"2025-07-02T18:08:40,019","container":"fd1bd7073234","level":"INFO","thread":"BftProcessorExecutor-QBFT-0","class":"QbftBesuControllerBuilder","message":"Produced #372 / 0 tx / 0 pending / 0 (0.0%) gas / (0xc6a990dd4468eece1e31e3e22408616cd5f3a884222c4e437b65e1614882822b)","throwable":""}
{"timestamp":"2025-07-02T18:08:48,016","container":"fd1bd7073234","level":"INFO","thread":"BftProcessorExecutor-QBFT-0","class":"QbftBesuControllerBuilder","message":"Imported #373 / 0 tx / 0 pending / 0 (0.0%) gas / (0xf1d6bb592c32db8f9cd608ffac0c0d39d37aa18a965d9aeabe2745b26e0c5d98)","throwable":""}
{"timestamp":"2025-07-02T18:08:56,018","container":"fd1bd7073234","level":"INFO","thread":"BftProcessorExecutor-QBFT-0","class":"QbftBesuControllerBuilder","message":"Imported #374 / 0 tx / 0 pending / 0 (0.0%) gas / (0xd4d685d8429cc9cb4b7b9ddf81aac266b99bd070e3ae419d2200cf3130fef6d5)","throwable":""}
{"timestamp":"2025-07-02T18:09:04,015","container":"fd1bd7073234","level":"INFO","thread":"BftProcessorExecutor-QBFT-0","class":"QbftBesuControllerBuilder","message":"Imported #375 / 0 tx / 0 pending / 0 (0.0%) gas / (0x5d8350ee133dec02c562f819a166d875c0d81ef645f84836cada32b0bdf224aa)","throwable":""}
{"timestamp":"2025-07-02T18:09:12,020","container":"fd1bd7073234","level":"INFO","thread":"BftProcessorExecutor-QBFT-0","class":"QbftBesuControllerBuilder","message":"Produced #376 / 0 tx / 0 pending / 0 (0.0%) gas / (0x29f315ce3eb6a925894b2548f80a54c06cadefbd8fdab6969d06c9c3f27c319e)","throwable":""}
{"timestamp":"2025-07-02T18:09:20,017","container":"fd1bd7073234","level":"INFO","thread":"BftProcessorExecutor-QBFT-0","class":"QbftBesuControllerBuilder","message":"Imported #377 / 0 tx / 0 pending / 0 (0.0%) gas / (0x334020b7ec763fc215866db169e38c374036f01205aaa72dd920d087f9ffa893)","throwable":""}
{"timestamp":"2025-07-02T18:09:28,017","container":"fd1bd7073234","level":"INFO","thread":"BftProcessorExecutor-QBFT-0","class":"QbftBesuControllerBuilder","message":"Imported #378 / 0 tx / 0 pending / 0 (0.0%) gas / (0x7d138b94a6746d756daff6ec8694d47ed44a21d2b5f8941811dd77d54629fdc8)","throwable":""}
{"timestamp":"2025-07-02T18:09:36,014","container":"fd1bd7073234","level":"INFO","thread":"BftProcessorExecutor-QBFT-0","class":"QbftBesuControllerBuilder","message":"Imported #379 / 0 tx / 0 pending / 0 (0.0%) gas / (0x568d29e697cf17d93e1e1db50efec06695f112976d3b3bd8a0fdbcea212161bf)","throwable":""}
{"timestamp":"2025-07-02T18:09:44,017","container":"fd1bd7073234","level":"INFO","thread":"BftProcessorExecutor-QBFT-0","class":"QbftBesuControllerBuilder","message":"Produced #380 / 0 tx / 0 pending / 0 (0.0%) gas / (0xeeae4466ab1353315a4c6542e4363f0b1486f1b0f3fa438daa4e72dc3dd03721)","throwable":""}
{"timestamp":"2025-07-02T18:09:52,022","container":"fd1bd7073234","level":"INFO","thread":"BftProcessorExecutor-QBFT-0","class":"QbftBesuControllerBuilder","message":"Imported #381 / 0 tx / 0 pending / 0 (0.0%) gas / (0xb0146fafd5dda972224cc373e5558e0ffbfbeccd4d513be2fd71779653f59783)","throwable":""}
{"timestamp":"2025-07-02T18:10:00,023","container":"fd1bd7073234","level":"INFO","thread":"BftProcessorExecutor-QBFT-0","class":"QbftBesuControllerBuilder","message":"Imported #382 / 0 tx / 0 pending / 0 (0.0%) gas / (0x43521f2da487c1c6c04755ddf7c6acd7e5b6cb05197e6dc73fd443aed854f8a4)","throwable":""}
{"timestamp":"2025-07-02T18:10:08,016","container":"fd1bd7073234","level":"INFO","thread":"BftProcessorExecutor-QBFT-0","class":"QbftBesuControllerBuilder","message":"Imported #383 / 0 tx / 0 pending / 0 (0.0%) gas / (0x5635f4974edea604af02603e236b6b8aa662f273230e9508efa450e24078993e)","throwable":""}
{"timestamp":"2025-07-02T18:10:16,019","container":"fd1bd7073234","level":"INFO","thread":"BftProcessorExecutor-QBFT-0","class":"QbftBesuControllerBuilder","message":"Produced #384 / 0 tx / 0 pending / 0 (0.0%) gas / (0xb60b23001608952e018b01aa0836c016c28fec16c683ca5eb050b54b6c0ea83e)","throwable":""}
{"timestamp":"2025-07-02T18:10:24,018","container":"fd1bd7073234","level":"INFO","thread":"BftProcessorExecutor-QBFT-0","class":"QbftBesuControllerBuilder","message":"Imported #385 / 0 tx / 0 pending / 0 (0.0%) gas / (0xcceedcc51b1bccbf76bb2ac9edbfeb22ee6069e9f5f2cf9f4e7f35da1dd20bd5)","throwable":""}
{"timestamp":"2025-07-02T18:10:32,019","container":"fd1bd7073234","level":"INFO","thread":"BftProcessorExecutor-QBFT-0","class":"QbftBesuControllerBuilder","message":"Imported #386 / 0 tx / 0 pending / 0 (0.0%) gas / (0x65ef8795d806d5e1fd02337d9ed767880596bcc074f5f75ff013dd58ea94147c)","throwable":""}
{"timestamp":"2025-07-02T18:10:40,020","container":"fd1bd7073234","level":"INFO","thread":"BftProcessorExecutor-QBFT-0","class":"QbftBesuControllerBuilder","message":"Imported #387 / 0 tx / 0 pending / 0 (0.0%) gas / (0x454176eb7bcf191a55e8575178db596c08244d0663c399c75bfc696f3cf9dc02)","throwable":""}
{"timestamp":"2025-07-02T18:10:48,018","container":"fd1bd7073234","level":"INFO","thread":"BftProcessorExecutor-QBFT-0","class":"QbftBesuControllerBuilder","message":"Produced #388 / 0 tx / 0 pending / 0 (0.0%) gas / (0x4d9106063b0f3d4ae2e7e897aea8b956ed6b65d840a4c490beddb38c4b796dc8)","throwable":""}
{"timestamp":"2025-07-02T18:10:56,019","container":"fd1bd7073234","level":"INFO","thread":"BftProcessorExecutor-QBFT-0","class":"QbftBesuControllerBuilder","message":"Imported #389 / 0 tx / 0 pending / 0 (0.0%) gas / (0x3520298e59499ea2ffab232fb3d298442015288c1ed0371298526a316ca6c98f)","throwable":""}
{"timestamp":"2025-07-02T18:11:04,020","container":"fd1bd7073234","level":"INFO","thread":"BftProcessorExecutor-QBFT-0","class":"QbftBesuControllerBuilder","message":"Imported #390 / 0 tx / 0 pending / 0 (0.0%) gas / (0xb15a10922616b662db50ebaade0308bc37e1c0126699e0a54c1394e4b9830986)","throwable":""}
{"timestamp":"2025-07-02T18:11:12,018","container":"fd1bd7073234","level":"INFO","thread":"BftProcessorExecutor-QBFT-0","class":"QbftBesuControllerBuilder","message":"Imported #391 / 0 tx / 0 pending / 0 (0.0%) gas / (0xdfd26b2e0276a1c60160bf230030eb99a27b21f988e5be8c4661559280fb4960)","throwable":""}
{"timestamp":"2025-07-02T18:11:20,020","container":"fd1bd7073234","level":"INFO","thread":"BftProcessorExecutor-QBFT-0","class":"QbftBesuControllerBuilder","message":"Produced #392 / 0 tx / 0 pending / 0 (0.0%) gas / (0x3768cec4da1a3cc81d08e974d8f74bb36717f00751e61e96373e7d9fe3718f2d)","throwable":""}
{"timestamp":"2025-07-02T18:11:28,020","container":"fd1bd7073234","level":"INFO","thread":"BftProcessorExecutor-QBFT-0","class":"QbftBesuControllerBuilder","message":"Imported #393 / 0 tx / 0 pending / 0 (0.0%) gas / (0xa019910086e6d62254ac37edd04acd2aa314b6fdabcfefbe4254e78b8029e7ca)","throwable":""}
{"timestamp":"2025-07-02T18:11:36,019","container":"fd1bd7073234","level":"INFO","thread":"BftProcessorExecutor-QBFT-0","class":"QbftBesuControllerBuilder","message":"Imported #394 / 0 tx / 0 pending / 0 (0.0%) gas / (0xf78a07b9905efe58680fa62378d06df2783ca9465cc0042d4357766f11c44807)","throwable":""}
{"timestamp":"2025-07-02T18:11:44,016","container":"fd1bd7073234","level":"INFO","thread":"BftProcessorExecutor-QBFT-0","class":"QbftBesuControllerBuilder","message":"Imported #395 / 0 tx / 0 pending / 0 (0.0%) gas / (0x7be13649046c63fa9877d062ee720bee4f2c42c5028db32c008c76fb9c2c2c1b)","throwable":""}
{"timestamp":"2025-07-02T18:11:52,021","container":"fd1bd7073234","level":"INFO","thread":"BftProcessorExecutor-QBFT-0","class":"QbftBesuControllerBuilder","message":"Produced #396 / 0 tx / 0 pending / 0 (0.0%) gas / (0x66ca6175ac421485cc7dd2aca032223277128ee4e5340758952ddfdf02894833)","throwable":""}
{"timestamp":"2025-07-02T18:12:00,023","container":"fd1bd7073234","level":"INFO","thread":"BftProcessorExecutor-QBFT-0","class":"QbftBesuControllerBuilder","message":"Imported #397 / 0 tx / 0 pending / 0 (0.0%) gas / (0x320644b42ab685f02e187c1181d2304eec5f59c8d1d880dc327bf957e97e46a6)","throwable":""}
{"timestamp":"2025-07-02T18:12:08,020","container":"fd1bd7073234","level":"INFO","thread":"BftProcessorExecutor-QBFT-0","class":"QbftBesuControllerBuilder","message":"Imported #398 / 0 tx / 0 pending / 0 (0.0%) gas / (0x0865dc9b4cedfba2ea2a82960a86767ddf6d33a08a95ff4f1e09b76b7f8e34b4)","throwable":""}
{"timestamp":"2025-07-02T18:12:16,013","container":"fd1bd7073234","level":"INFO","thread":"BftProcessorExecutor-QBFT-0","class":"QbftBesuControllerBuilder","message":"Imported #399 / 0 tx / 0 pending / 0 (0.0%) gas / (0x8493860d559f526b41d791d119a20ee651d82e57efea4aaf0f286379af94f760)","throwable":""}
{"timestamp":"2025-07-02T18:12:24,022","container":"fd1bd7073234","level":"INFO","thread":"BftProcessorExecutor-QBFT-0","class":"QbftBesuControllerBuilder","message":"Produced #400 / 0 tx / 0 pending / 0 (0.0%) gas / (0xb351e7b222cdc817e9c7c325057ceaf2d6e8f2c9f76bd313f0b6bea3424e63fe)","throwable":""}
{"timestamp":"2025-07-02T18:12:32,031","container":"fd1bd7073234","level":"INFO","thread":"BftProcessorExecutor-QBFT-0","class":"QbftBesuControllerBuilder","message":"Imported #401 / 0 tx / 0 pending / 0 (0.0%) gas / (0xf1d15526ba6d8f8aaadd7a9ec9bc9816d009cf3b4822eac099bb18f6d8e53d0d)","throwable":""}
{"timestamp":"2025-07-02T18:12:40,018","container":"fd1bd7073234","level":"INFO","thread":"BftProcessorExecutor-QBFT-0","class":"QbftBesuControllerBuilder","message":"Imported #402 / 0 tx / 0 pending / 0 (0.0%) gas / (0xbfd359eaba10d4b479f5bc12146c702dfe3134af326f6f5eb0355d6db100e7fe)","throwable":""}
{"timestamp":"2025-07-02T18:12:48,014","container":"fd1bd7073234","level":"INFO","thread":"BftProcessorExecutor-QBFT-0","class":"QbftBesuControllerBuilder","message":"Imported #403 / 0 tx / 0 pending / 0 (0.0%) gas / (0x2ce8cece0ce14af9449936b961f75f057196c4f960c8805f5c4bd6cc029feb8f)","throwable":""}
{"timestamp":"2025-07-02T18:12:56,018","container":"fd1bd7073234","level":"INFO","thread":"BftProcessorExecutor-QBFT-0","class":"QbftBesuControllerBuilder","message":"Produced #404 / 0 tx / 0 pending / 0 (0.0%) gas / (0xc8b2bee7db31f96d5e5ce315c439b82b43dbacd0938657d97c0c31a416714732)","throwable":""}
{"timestamp":"2025-07-02T18:13:04,021","container":"fd1bd7073234","level":"INFO","thread":"BftProcessorExecutor-QBFT-0","class":"QbftBesuControllerBuilder","message":"Imported #405 / 0 tx / 0 pending / 0 (0.0%) gas / (0x5cd824c5511576e149537ed410167c11a137fe894e3ada6d4bc26703ed29e8f4)","throwable":""}
{"timestamp":"2025-07-02T18:13:12,021","container":"fd1bd7073234","level":"INFO","thread":"BftProcessorExecutor-QBFT-0","class":"QbftBesuControllerBuilder","message":"Imported #406 / 0 tx / 0 pending / 0 (0.0%) gas / (0x3d198dc8843987acc41a80379ebe990aa496693e9b97d2cf150c0f4bd5de6aae)","throwable":""}
{"timestamp":"2025-07-02T18:13:20,028","container":"fd1bd7073234","level":"INFO","thread":"BftProcessorExecutor-QBFT-0","class":"QbftBesuControllerBuilder","message":"Imported #407 / 0 tx / 0 pending / 0 (0.0%) gas / (0x00d4b49d136f4e15840271b0d218bc8b7933b7a12b18f720d529d2cd6de9278b)","throwable":""}
{"timestamp":"2025-07-02T18:13:28,025","container":"fd1bd7073234","level":"INFO","thread":"BftProcessorExecutor-QBFT-0","class":"QbftBesuControllerBuilder","message":"Produced #408 / 0 tx / 0 pending / 0 (0.0%) gas / (0x3bb89b0546cd3b3a60dc5131cd89677b573af4781cd0a0e8949b1b7ce971c510)","throwable":""}
{"timestamp":"2025-07-02T18:13:36,012","container":"fd1bd7073234","level":"INFO","thread":"BftProcessorExecutor-QBFT-0","class":"QbftBesuControllerBuilder","message":"Imported #409 / 0 tx / 0 pending / 0 (0.0%) gas / (0x88b24d057280a4aaf05e50ccf1186875d5aa958f9bc7fb36de1cb021e15ae7ee)","throwable":""}
{"timestamp":"2025-07-02T18:13:44,016","container":"fd1bd7073234","level":"INFO","thread":"BftProcessorExecutor-QBFT-0","class":"QbftBesuControllerBuilder","message":"Imported #410 / 0 tx / 0 pending / 0 (0.0%) gas / (0x91f106531e9e0894da400ca2cfdbe3e1d8a728e8dbb3f6c85524592c4af248c0)","throwable":""}
{"timestamp":"2025-07-02T18:13:52,013","container":"fd1bd7073234","level":"INFO","thread":"BftProcessorExecutor-QBFT-0","class":"QbftBesuControllerBuilder","message":"Imported #411 / 1 tx / 0 pending / 2,000,000 (0.0%) gas / (0x607a45a1c43d29ee9dac8739b385fc572bb39679c8c8fbc82a6345d4a850afef)","throwable":""}
{"timestamp":"2025-07-02T18:14:00,023","container":"fd1bd7073234","level":"INFO","thread":"BftProcessorExecutor-QBFT-0","class":"QbftBesuControllerBuilder","message":"Produced #412 / 0 tx / 0 pending / 0 (0.0%) gas / (0x0f67e0678b8d000c75ad222b3ef9fa2f41f253bf36ade6403f1ad3b3e9e4506e)","throwable":""}
{"timestamp":"2025-07-02T18:14:08,018","container":"fd1bd7073234","level":"INFO","thread":"BftProcessorExecutor-QBFT-0","class":"QbftBesuControllerBuilder","message":"Imported #413 / 0 tx / 0 pending / 0 (0.0%) gas / (0x443de30df3b6d421b27334f6085c0201b5aaf913f123485c7b4f5ef01370dc66)","throwable":""}
{"timestamp":"2025-07-02T18:14:16,019","container":"fd1bd7073234","level":"INFO","thread":"BftProcessorExecutor-QBFT-0","class":"QbftBesuControllerBuilder","message":"Imported #414 / 0 tx / 0 pending / 0 (0.0%) gas / (0x1b5a0ca251a226772b4402ada41cecf798e6480e46562e471543e29123d9dd0c)","throwable":""}
{"timestamp":"2025-07-02T18:14:24,042","container":"fd1bd7073234","level":"INFO","thread":"BftProcessorExecutor-QBFT-0","class":"QbftBesuControllerBuilder","message":"Imported #415 / 0 tx / 0 pending / 0 (0.0%) gas / (0x5ab664e2e5953b9a01492e07a2023aee5353eb08e412ff7b8970121f83a61330)","throwable":""}
{"timestamp":"2025-07-02T18:14:32,026","container":"fd1bd7073234","level":"INFO","thread":"BftProcessorExecutor-QBFT-0","class":"QbftBesuControllerBuilder","message":"Produced #416 / 1 tx / 0 pending / 2,000,000 (0.0%) gas / (0x297e5f2bfd9bfdb13ae411f2fd923bcdbc3e10958b7379a24d8bf325000630ea)","throwable":""}
{"timestamp":"2025-07-02T18:14:40,019","container":"fd1bd7073234","level":"INFO","thread":"BftProcessorExecutor-QBFT-0","class":"QbftBesuControllerBuilder","message":"Imported #417 / 0 tx / 0 pending / 0 (0.0%) gas / (0x3b7aa51408cd7a6557a3b6714e08e100aa36aceb94fc69a6460dfa4b812a839d)","throwable":""}
{"timestamp":"2025-07-02T18:14:48,021","container":"fd1bd7073234","level":"INFO","thread":"BftProcessorExecutor-QBFT-0","class":"QbftBesuControllerBuilder","message":"Imported #418 / 0 tx / 0 pending / 0 (0.0%) gas / (0xce8d6105c4eda2e7a39d1d78418c88e1fd450a8a686cc8afc945da10e5bbaa03)","throwable":""}
{"timestamp":"2025-07-02T18:14:56,024","container":"fd1bd7073234","level":"INFO","thread":"BftProcessorExecutor-QBFT-0","class":"QbftBesuControllerBuilder","message":"Imported #419 / 0 tx / 0 pending / 0 (0.0%) gas / (0x43ffdbb95ec64de8927a51ca49b3f99b981901c9ad457c0fb119af9838a7130f)","throwable":""}
{"timestamp":"2025-07-02T18:15:04,019","container":"fd1bd7073234","level":"INFO","thread":"BftProcessorExecutor-QBFT-0","class":"QbftBesuControllerBuilder","message":"Produced #420 / 0 tx / 0 pending / 0 (0.0%) gas / (0x543db87da138dbe6f06db5989c8b2692a8056a3c17e828cd1626555668ede35e)","throwable":""}
{"timestamp":"2025-07-02T18:15:12,028","container":"fd1bd7073234","level":"INFO","thread":"BftProcessorExecutor-QBFT-0","class":"QbftBesuControllerBuilder","message":"Imported #421 / 1 tx / 0 pending / 2,000,000 (0.0%) gas / (0x8226ea69a57119467d4b074cbb1aef7247fec32df1eb0b79b5883941b0f68b1a)","throwable":""}
{"timestamp":"2025-07-02T18:15:20,020","container":"fd1bd7073234","level":"INFO","thread":"BftProcessorExecutor-QBFT-0","class":"QbftBesuControllerBuilder","message":"Imported #422 / 0 tx / 0 pending / 0 (0.0%) gas / (0x586bd3e9e40c403c1e373f101eedff289bdb180f7ac1f8537efabde79b2207b1)","throwable":""}
{"timestamp":"2025-07-02T18:15:28,013","container":"fd1bd7073234","level":"INFO","thread":"BftProcessorExecutor-QBFT-0","class":"QbftBesuControllerBuilder","message":"Imported #423 / 0 tx / 0 pending / 0 (0.0%) gas / (0xdc73c367b9cd2128d1b14ba25632ffa4d00d0868ef2309d2410cb65676f3b947)","throwable":""}
{"timestamp":"2025-07-02T18:15:36,017","container":"fd1bd7073234","level":"INFO","thread":"BftProcessorExecutor-QBFT-0","class":"QbftBesuControllerBuilder","message":"Produced #424 / 0 tx / 0 pending / 0 (0.0%) gas / (0x9843dc37ea0c7d4d2690189c194fdd8f1ee7b4d9ad27897dd3a2b63044ae6754)","throwable":""}
{"timestamp":"2025-07-02T18:15:44,020","container":"fd1bd7073234","level":"INFO","thread":"BftProcessorExecutor-QBFT-0","class":"QbftBesuControllerBuilder","message":"Imported #425 / 0 tx / 0 pending / 0 (0.0%) gas / (0x13f4ad7bb3d59c9df9a5144f10a688d0e290de8a3479563c5cf07abd13edbbef)","throwable":""}
{"timestamp":"2025-07-02T18:15:52,013","container":"fd1bd7073234","level":"INFO","thread":"BftProcessorExecutor-QBFT-0","class":"QbftBesuControllerBuilder","message":"Imported #426 / 0 tx / 0 pending / 0 (0.0%) gas / (0x7cbc5baf3542f5aab07bb77a46a44d9e6a59bfbcb6d62d7296e2b5a796744bc3)","throwable":""}
{"timestamp":"2025-07-02T18:16:00,025","container":"fd1bd7073234","level":"INFO","thread":"BftProcessorExecutor-QBFT-0","class":"QbftBesuControllerBuilder","message":"Imported #427 / 1 tx / 0 pending / 2,000,000 (0.0%) gas / (0x01450acac00a7bee04eedd76af2eb688b1a6f2553d438f16a8551b8ea85cedbd)","throwable":""}
{"timestamp":"2025-07-02T18:16:08,024","container":"fd1bd7073234","level":"INFO","thread":"BftProcessorExecutor-QBFT-0","class":"QbftBesuControllerBuilder","message":"Produced #428 / 1 tx / 0 pending / 23,604 (0.0%) gas / (0x01fcaf037f81b89575e57e477003b81afb9583e1d02086221158c906eac1a00a)","throwable":""}
{"timestamp":"2025-07-02T18:16:16,020","container":"fd1bd7073234","level":"INFO","thread":"BftProcessorExecutor-QBFT-0","class":"QbftBesuControllerBuilder","message":"Imported #429 / 0 tx / 0 pending / 0 (0.0%) gas / (0x3c19fd2d12fffa9f568af8ef0491e8a28cb3276dad70f7c1fb41695bd4671279)","throwable":""}
{"timestamp":"2025-07-02T18:16:24,014","container":"fd1bd7073234","level":"INFO","thread":"BftProcessorExecutor-QBFT-0","class":"QbftBesuControllerBuilder","message":"Imported #430 / 0 tx / 0 pending / 0 (0.0%) gas / (0x2b89785491a58c659ba7fea998390fe909d3b97eec3d91455370bb4c0dd86d1f)","throwable":""}
{"timestamp":"2025-07-02T18:16:32,019","container":"fd1bd7073234","level":"INFO","thread":"BftProcessorExecutor-QBFT-0","class":"QbftBesuControllerBuilder","message":"Imported #431 / 0 tx / 0 pending / 0 (0.0%) gas / (0x60870cae47740766dafaf1cca8c7bc90ebfc85ef3309180ba1874dbbba8a3154)","throwable":""}
{"timestamp":"2025-07-02T18:16:40,020","container":"fd1bd7073234","level":"INFO","thread":"BftProcessorExecutor-QBFT-0","class":"QbftBesuControllerBuilder","message":"Produced #432 / 0 tx / 0 pending / 0 (0.0%) gas / (0x885f59cf99ee478d2753c69bb9530d0d0a329b2ab44713faa196842f9555f4df)","throwable":""}
{"timestamp":"2025-07-02T18:16:48,016","container":"fd1bd7073234","level":"INFO","thread":"BftProcessorExecutor-QBFT-0","class":"QbftBesuControllerBuilder","message":"Imported #433 / 0 tx / 0 pending / 0 (0.0%) gas / (0x42db1e8c7e64937a64d4e904a7faeba81b54e6a23893a4f59e2997d4f8e36ec8)","throwable":""}
{"timestamp":"2025-07-02T18:16:56,020","container":"fd1bd7073234","level":"INFO","thread":"BftProcessorExecutor-QBFT-0","class":"QbftBesuControllerBuilder","message":"Imported #434 / 0 tx / 0 pending / 0 (0.0%) gas / (0xfd4b125294c6dac487f6cf8013c752cafe40819b77cf89da328bb9ba8eb9dece)","throwable":""}
{"timestamp":"2025-07-02T18:17:04,015","container":"fd1bd7073234","level":"INFO","thread":"BftProcessorExecutor-QBFT-0","class":"QbftBesuControllerBuilder","message":"Imported #435 / 0 tx / 0 pending / 0 (0.0%) gas / (0x371e525ce56d9c2180e152545af52b7c6f63b46c36ee76f3a697e2c4d2f39bf9)","throwable":""}
{"timestamp":"2025-07-02T18:17:12,011","container":"fd1bd7073234","level":"INFO","thread":"BftProcessorExecutor-QBFT-0","class":"QbftBesuControllerBuilder","message":"Produced #436 / 0 tx / 0 pending / 0 (0.0%) gas / (0x6ca55610bbf3c9015f88375e18250fb529156de740977b9b7941a6ad91d261b0)","throwable":""}
{"timestamp":"2025-07-02T18:17:20,029","container":"fd1bd7073234","level":"INFO","thread":"BftProcessorExecutor-QBFT-0","class":"QbftBesuControllerBuilder","message":"Imported #437 / 0 tx / 0 pending / 0 (0.0%) gas / (0x1eb3baa25759e17b75f6970392166d9930c74f2aa094996210601c0b4918fc6b)","throwable":""}
{"timestamp":"2025-07-02T18:17:28,011","container":"fd1bd7073234","level":"INFO","thread":"BftProcessorExecutor-QBFT-0","class":"QbftBesuControllerBuilder","message":"Imported #438 / 0 tx / 0 pending / 0 (0.0%) gas / (0xa866eb67eeee8dc153ec501e6ca8bee2e426d3a47ae0ebd954c454b023cb7779)","throwable":""}
{"timestamp":"2025-07-02T18:17:36,006","container":"fd1bd7073234","level":"INFO","thread":"BftProcessorExecutor-QBFT-0","class":"QbftBesuControllerBuilder","message":"Imported #439 / 0 tx / 0 pending / 0 (0.0%) gas / (0x06c3779209d4eff650a16f6a9f392c221a39fbedc5907d6d56f000d13493ec2d)","throwable":""}
{"timestamp":"2025-07-02T18:17:44,015","container":"fd1bd7073234","level":"INFO","thread":"BftProcessorExecutor-QBFT-0","class":"QbftBesuControllerBuilder","message":"Produced #440 / 0 tx / 0 pending / 0 (0.0%) gas / (0x2e5b18b0b6e1ff661606953204ba2ee75d2e02eacd257af21089198e9386d2b9)","throwable":""}
{"timestamp":"2025-07-02T18:17:52,020","container":"fd1bd7073234","level":"INFO","thread":"BftProcessorExecutor-QBFT-0","class":"QbftBesuControllerBuilder","message":"Imported #441 / 0 tx / 0 pending / 0 (0.0%) gas / (0xf2f85cbdaa7b0ff97126916c1decc45f6116ac78314117807a17a8a6a60c2a8a)","throwable":""}
{"timestamp":"2025-07-02T18:18:00,024","container":"fd1bd7073234","level":"INFO","thread":"BftProcessorExecutor-QBFT-0","class":"QbftBesuControllerBuilder","message":"Imported #442 / 0 tx / 0 pending / 0 (0.0%) gas / (0x134aab409a8b8a42080a4d592173096155195182353bd46624f5fae5be38deb9)","throwable":""}
{"timestamp":"2025-07-02T18:18:08,032","container":"fd1bd7073234","level":"INFO","thread":"BftProcessorExecutor-QBFT-0","class":"QbftBesuControllerBuilder","message":"Imported #443 / 0 tx / 0 pending / 0 (0.0%) gas / (0xcce8d33d04bdb62694ad4dc13c2af509b22c4411c29f2c647d610c87eb69523c)","throwable":""}
{"timestamp":"2025-07-02T18:18:16,019","container":"fd1bd7073234","level":"INFO","thread":"BftProcessorExecutor-QBFT-0","class":"QbftBesuControllerBuilder","message":"Produced #444 / 0 tx / 0 pending / 0 (0.0%) gas / (0x4680b73a616e208cd12c9678ac1b68df3578b4e3dc0d4868ce5ef0176b300531)","throwable":""}
{"timestamp":"2025-07-02T18:18:24,018","container":"fd1bd7073234","level":"INFO","thread":"BftProcessorExecutor-QBFT-0","class":"QbftBesuControllerBuilder","message":"Imported #445 / 0 tx / 0 pending / 0 (0.0%) gas / (0xf432fb7ce90204dbcfdfbc64d5af0ce41fa5326b10ae0a575f5bc7e76395203f)","throwable":""}
{"timestamp":"2025-07-02T18:18:32,021","container":"fd1bd7073234","level":"INFO","thread":"BftProcessorExecutor-QBFT-0","class":"QbftBesuControllerBuilder","message":"Imported #446 / 0 tx / 0 pending / 0 (0.0%) gas / (0x5e494351c1e4c85dee956cb601ca09872b5d38e0435036e869255d976cadd8b1)","throwable":""}
{"timestamp":"2025-07-02T18:18:40,032","container":"fd1bd7073234","level":"INFO","thread":"BftProcessorExecutor-QBFT-0","class":"QbftBesuControllerBuilder","message":"Imported #447 / 0 tx / 0 pending / 0 (0.0%) gas / (0x807264ba6df712245d55dd634d14bf74a669d85f3363ff096bf3c85899e710e9)","throwable":""}
{"timestamp":"2025-07-02T18:18:48,013","container":"fd1bd7073234","level":"INFO","thread":"BftProcessorExecutor-QBFT-0","class":"QbftBesuControllerBuilder","message":"Produced #448 / 0 tx / 0 pending / 0 (0.0%) gas / (0xbd0241bec17102ea80d344a85f08a9d20f052527aeae74d9c4f7a6ec979d132e)","throwable":""}
{"timestamp":"2025-07-02T18:18:56,016","container":"fd1bd7073234","level":"INFO","thread":"BftProcessorExecutor-QBFT-0","class":"QbftBesuControllerBuilder","message":"Imported #449 / 0 tx / 0 pending / 0 (0.0%) gas / (0x63db954515b9c3e838bceff154602a503f3d464d587f6c50347f17a3a00debf8)","throwable":""}
{"timestamp":"2025-07-02T18:19:04,019","container":"fd1bd7073234","level":"INFO","thread":"BftProcessorExecutor-QBFT-0","class":"QbftBesuControllerBuilder","message":"Imported #450 / 0 tx / 0 pending / 0 (0.0%) gas / (0x521b3a40be4d614e199fe98fcee0c6883d5460589491f3d258b4268054060610)","throwable":""}
{"timestamp":"2025-07-02T18:19:12,037","container":"fd1bd7073234","level":"INFO","thread":"BftProcessorExecutor-QBFT-0","class":"QbftBesuControllerBuilder","message":"Imported #451 / 0 tx / 0 pending / 0 (0.0%) gas / (0x1a309377fd3eb1698d56f6c1695a2c71daabf0e7934fcf5bf32e7dd9582b18c1)","throwable":""}
{"timestamp":"2025-07-02T18:19:20,021","container":"fd1bd7073234","level":"INFO","thread":"BftProcessorExecutor-QBFT-0","class":"QbftBesuControllerBuilder","message":"Produced #452 / 0 tx / 0 pending / 0 (0.0%) gas / (0x947b58626419e3d94347d16d2676e6e6fd92ecc4708c265bc6123b1018c4c4c9)","throwable":""}
{"timestamp":"2025-07-02T18:19:28,024","container":"fd1bd7073234","level":"INFO","thread":"EthScheduler-Workers-0","class":"PersistBlockTask","message":"Block 453 (0x103fe88cab5fed4156997ce10e995eb335d2fe87cff95ca897e4b83b2647c91b) is already imported","throwable":""}
{"timestamp":"2025-07-02T18:19:28,025","container":"fd1bd7073234","level":"INFO","thread":"BftProcessorExecutor-QBFT-0","class":"QbftBesuControllerBuilder","message":"Imported #453 / 0 tx / 0 pending / 0 (0.0%) gas / (0x103fe88cab5fed4156997ce10e995eb335d2fe87cff95ca897e4b83b2647c91b)","throwable":""}
{"timestamp":"2025-07-02T18:19:36,014","container":"fd1bd7073234","level":"INFO","thread":"BftProcessorExecutor-QBFT-0","class":"QbftBesuControllerBuilder","message":"Imported #454 / 0 tx / 0 pending / 0 (0.0%) gas / (0x80a6ab85e93b95f5cd2efeb06d34378fce6c9406a8889c9381cb5ef2488a4097)","throwable":""}
{"timestamp":"2025-07-02T18:19:44,018","container":"fd1bd7073234","level":"INFO","thread":"BftProcessorExecutor-QBFT-0","class":"QbftBesuControllerBuilder","message":"Imported #455 / 0 tx / 0 pending / 0 (0.0%) gas / (0x6994f8b5d705edb557e4fea7ff81a32ada7e99b9037a8cc35de7f22b498ed6a9)","throwable":""}
{"timestamp":"2025-07-02T18:19:52,010","container":"fd1bd7073234","level":"INFO","thread":"BftProcessorExecutor-QBFT-0","class":"QbftBesuControllerBuilder","message":"Produced #456 / 0 tx / 0 pending / 0 (0.0%) gas / (0x7da7b6ff6dfb199bf9ad9d26981a610330e9b22e237d79d6042db40965c5d80d)","throwable":""}
{"timestamp":"2025-07-02T18:20:00,022","container":"fd1bd7073234","level":"INFO","thread":"BftProcessorExecutor-QBFT-0","class":"QbftBesuControllerBuilder","message":"Imported #457 / 0 tx / 0 pending / 0 (0.0%) gas / (0x1466cb03021699e3c8baa866f1130a2e7a9fe6573429277f58d4a832c5ca7f4e)","throwable":""}
{"timestamp":"2025-07-02T18:20:08,020","container":"fd1bd7073234","level":"INFO","thread":"BftProcessorExecutor-QBFT-0","class":"QbftBesuControllerBuilder","message":"Imported #458 / 0 tx / 0 pending / 0 (0.0%) gas / (0xc4409dbc877accef51a14d04e441976d14f619f374a8ac60e7ba4694f7c2acf6)","throwable":""}
{"timestamp":"2025-07-02T18:20:16,011","container":"fd1bd7073234","level":"INFO","thread":"BftProcessorExecutor-QBFT-0","class":"QbftBesuControllerBuilder","message":"Imported #459 / 0 tx / 0 pending / 0 (0.0%) gas / (0xd1dba5c09b2eca0f718d6d7d5d231b8edc0bd3ff9a3fb2eaa3562562c7048880)","throwable":""}
{"timestamp":"2025-07-02T18:20:24,015","container":"fd1bd7073234","level":"INFO","thread":"BftProcessorExecutor-QBFT-0","class":"QbftBesuControllerBuilder","message":"Produced #460 / 0 tx / 0 pending / 0 (0.0%) gas / (0x89619725d23080af1d02efe8a3d1324aa1ae7018c7f5dca67de953889a840174)","throwable":""}
{"timestamp":"2025-07-02T18:20:32,018","container":"fd1bd7073234","level":"INFO","thread":"BftProcessorExecutor-QBFT-0","class":"QbftBesuControllerBuilder","message":"Imported #461 / 0 tx / 0 pending / 0 (0.0%) gas / (0xebb6676316bb08d3ae1b4615856202e89e367d6887d25f2ae5befcc3888dbd80)","throwable":""}
{"timestamp":"2025-07-02T18:20:40,010","container":"fd1bd7073234","level":"INFO","thread":"BftProcessorExecutor-QBFT-0","class":"QbftBesuControllerBuilder","message":"Imported #462 / 0 tx / 0 pending / 0 (0.0%) gas / (0xb116d7f8e09680d6c911ed9ccb6578b8194df75e9f3fda6f1dbd1c461cd3d44b)","throwable":""}
{"timestamp":"2025-07-02T18:20:48,018","container":"fd1bd7073234","level":"INFO","thread":"BftProcessorExecutor-QBFT-0","class":"QbftBesuControllerBuilder","message":"Imported #463 / 0 tx / 0 pending / 0 (0.0%) gas / (0xc52f4b2ccb34878fe2416befd49e6aab35ed15f664d08a2f7e9c2ec35d5ac731)","throwable":""}
{"timestamp":"2025-07-02T18:20:56,032","container":"fd1bd7073234","level":"INFO","thread":"BftProcessorExecutor-QBFT-0","class":"QbftBesuControllerBuilder","message":"Produced #464 / 0 tx / 0 pending / 0 (0.0%) gas / (0x80aaa09b1f24fd2c40136f01315e8d384f459f3bb63b1a13915faf4f516b8329)","throwable":""}
{"timestamp":"2025-07-02T18:21:04,018","container":"fd1bd7073234","level":"INFO","thread":"BftProcessorExecutor-QBFT-0","class":"QbftBesuControllerBuilder","message":"Imported #465 / 0 tx / 0 pending / 0 (0.0%) gas / (0x24ac9001713c320479a054205ec90c74aede9ea02a5885d2065f524d8bf71376)","throwable":""}
{"timestamp":"2025-07-02T18:21:12,025","container":"fd1bd7073234","level":"INFO","thread":"BftProcessorExecutor-QBFT-0","class":"QbftBesuControllerBuilder","message":"Imported #466 / 1 tx / 0 pending / 9,007,199,254,740,991 (100.0%) gas / (0xbf6e2ef3e77d8c1e7648ea60ab84d4f50e9539e0d695ef173bea9471e9ca5b34)","throwable":""}
{"timestamp":"2025-07-02T18:21:20,022","container":"fd1bd7073234","level":"INFO","thread":"BftProcessorExecutor-QBFT-0","class":"QbftBesuControllerBuilder","message":"Imported #467 / 0 tx / 0 pending / 0 (0.0%) gas / (0x2ab38a5a3199c51259698ee82042f978d547b29c0ce63158ba05aec89cb7df3e)","throwable":""}
{"timestamp":"2025-07-02T18:21:28,019","container":"fd1bd7073234","level":"INFO","thread":"BftProcessorExecutor-QBFT-0","class":"QbftBesuControllerBuilder","message":"Produced #468 / 0 tx / 0 pending / 0 (0.0%) gas / (0x0b439e7b43fba576ea89011332806ee22a29e2df10cd437733f8d45b515fb959)","throwable":""}
{"timestamp":"2025-07-02T18:21:36,021","container":"fd1bd7073234","level":"INFO","thread":"BftProcessorExecutor-QBFT-0","class":"QbftBesuControllerBuilder","message":"Imported #469 / 0 tx / 0 pending / 0 (0.0%) gas / (0x11ebb9d5e173dd8e65a5af6cf41968a4bf382e3f02f3e4caf29c05dcb9761643)","throwable":""}
{"timestamp":"2025-07-02T18:21:44,016","container":"fd1bd7073234","level":"INFO","thread":"BftProcessorExecutor-QBFT-0","class":"QbftBesuControllerBuilder","message":"Imported #470 / 0 tx / 0 pending / 0 (0.0%) gas / (0xc4fb498936d976d7ef15c1fefc1f0bb1c3b805e6131a33234a309c97aa95fafe)","throwable":""}
{"timestamp":"2025-07-02T18:21:52,014","container":"fd1bd7073234","level":"INFO","thread":"BftProcessorExecutor-QBFT-0","class":"QbftBesuControllerBuilder","message":"Imported #471 / 0 tx / 0 pending / 0 (0.0%) gas / (0x678c18529da1787ccbdb2ed2785d43007ea7221ca86f3d8f45dcc39fe8751eb5)","throwable":""}
{"timestamp":"2025-07-02T18:22:00,019","container":"fd1bd7073234","level":"INFO","thread":"BftProcessorExecutor-QBFT-0","class":"QbftBesuControllerBuilder","message":"Produced #472 / 0 tx / 0 pending / 0 (0.0%) gas / (0x66914087240e3b2bd059e1079a4c4e52b31403b274f529b01fb658b9044fb7d7)","throwable":""}
{"timestamp":"2025-07-02T18:22:08,009","container":"fd1bd7073234","level":"INFO","thread":"BftProcessorExecutor-QBFT-0","class":"QbftBesuControllerBuilder","message":"Imported #473 / 0 tx / 0 pending / 0 (0.0%) gas / (0x5615084ad62e4b39c80f801008f56b4e1ef714c9adabf831d8a25e59d58510de)","throwable":""}
{"timestamp":"2025-07-02T18:22:16,026","container":"fd1bd7073234","level":"INFO","thread":"BftProcessorExecutor-QBFT-0","class":"QbftBesuControllerBuilder","message":"Imported #474 / 0 tx / 0 pending / 0 (0.0%) gas / (0xd3483d3d5c7c3fc380b97d2b1563be5627acfc59fcf5aae63545704f5f832d44)","throwable":""}
{"timestamp":"2025-07-02T18:22:24,015","container":"fd1bd7073234","level":"INFO","thread":"BftProcessorExecutor-QBFT-0","class":"QbftBesuControllerBuilder","message":"Imported #475 / 0 tx / 0 pending / 0 (0.0%) gas / (0xb4aea456c423c54c893ca25286de210246f1073db3c68eb85dba33e961913620)","throwable":""}
{"timestamp":"2025-07-02T18:22:32,025","container":"fd1bd7073234","level":"INFO","thread":"EthScheduler-Workers-0","class":"PersistBlockTask","message":"Block 476 (0x51d235a698ff1959e959adb7ff8db7ee15783fbf41a11d4fe898b66e71cd1279) is already imported","throwable":""}
{"timestamp":"2025-07-02T18:22:32,025","container":"fd1bd7073234","level":"INFO","thread":"BftProcessorExecutor-QBFT-0","class":"QbftBesuControllerBuilder","message":"Produced #476 / 0 tx / 0 pending / 0 (0.0%) gas / (0x51d235a698ff1959e959adb7ff8db7ee15783fbf41a11d4fe898b66e71cd1279)","throwable":""}
{"timestamp":"2025-07-02T18:22:40,017","container":"fd1bd7073234","level":"INFO","thread":"BftProcessorExecutor-QBFT-0","class":"QbftBesuControllerBuilder","message":"Imported #477 / 0 tx / 0 pending / 0 (0.0%) gas / (0x7d2ce9f0e298af5b11a020aac018916a026c89c9fe6560ce8cd59db06505ddf6)","throwable":""}
{"timestamp":"2025-07-02T18:22:48,018","container":"fd1bd7073234","level":"INFO","thread":"BftProcessorExecutor-QBFT-0","class":"QbftBesuControllerBuilder","message":"Imported #478 / 0 tx / 0 pending / 0 (0.0%) gas / (0x810fac4fe96fb171d045072f402f37d48fdf7137785bd7faebf1a7384978ccfd)","throwable":""}
{"timestamp":"2025-07-02T18:22:56,016","container":"fd1bd7073234","level":"INFO","thread":"BftProcessorExecutor-QBFT-0","class":"QbftBesuControllerBuilder","message":"Imported #479 / 0 tx / 0 pending / 0 (0.0%) gas / (0x29ed86d1da3eef222c140d124983a6d2066caca2a0bca0ab4612992344137080)","throwable":""}
{"timestamp":"2025-07-02T18:23:04,017","container":"fd1bd7073234","level":"INFO","thread":"BftProcessorExecutor-QBFT-0","class":"QbftBesuControllerBuilder","message":"Produced #480 / 0 tx / 0 pending / 0 (0.0%) gas / (0x0f8cc85d48328db77dbb06abc029e3613cfdefe9c0e569103988eacab7b5d802)","throwable":""}
{"timestamp":"2025-07-02T18:23:12,020","container":"fd1bd7073234","level":"INFO","thread":"BftProcessorExecutor-QBFT-0","class":"QbftBesuControllerBuilder","message":"Imported #481 / 0 tx / 0 pending / 0 (0.0%) gas / (0xc9a3c59a742463c2fb15552d6f1de221b7e4b18146d179d782c10601745babfc)","throwable":""}
{"timestamp":"2025-07-02T18:23:20,032","container":"fd1bd7073234","level":"INFO","thread":"BftProcessorExecutor-QBFT-0","class":"QbftBesuControllerBuilder","message":"Imported #482 / 1 tx / 0 pending / 2,000,000 (0.0%) gas / (0xeab03b17273b0df12b96b41e8a93152aead6ee298787a7b38170194bd38fa469)","throwable":""}
{"timestamp":"2025-07-02T18:23:28,019","container":"fd1bd7073234","level":"INFO","thread":"BftProcessorExecutor-QBFT-0","class":"QbftBesuControllerBuilder","message":"Imported #483 / 1 tx / 0 pending / 23,604 (0.0%) gas / (0x8d5408eb949c977a327fca9cd94bfc042759afc76466f752908694a739c6582d)","throwable":""}
{"timestamp":"2025-07-02T18:23:36,018","container":"fd1bd7073234","level":"INFO","thread":"BftProcessorExecutor-QBFT-0","class":"QbftBesuControllerBuilder","message":"Produced #484 / 0 tx / 0 pending / 0 (0.0%) gas / (0xc3e4fdf0a273b07e51b6adeee7c7158a6db896bd0523ff561cb422d8fc8629c0)","throwable":""}
{"timestamp":"2025-07-02T18:23:44,019","container":"fd1bd7073234","level":"INFO","thread":"BftProcessorExecutor-QBFT-0","class":"QbftBesuControllerBuilder","message":"Imported #485 / 0 tx / 0 pending / 0 (0.0%) gas / (0x2763cf21ba509a792741c32f35ab9b614261e878674f3fd4b7ba271a2f1e433c)","throwable":""}
{"timestamp":"2025-07-02T18:23:52,016","container":"fd1bd7073234","level":"INFO","thread":"BftProcessorExecutor-QBFT-0","class":"QbftBesuControllerBuilder","message":"Imported #486 / 0 tx / 0 pending / 0 (0.0%) gas / (0xfdf8bf25f23220a31231e93d235660c8c69d5d415b10fac3b2570f3e39593c50)","throwable":""}
{"timestamp":"2025-07-02T18:24:00,021","container":"fd1bd7073234","level":"INFO","thread":"BftProcessorExecutor-QBFT-0","class":"QbftBesuControllerBuilder","message":"Imported #487 / 0 tx / 0 pending / 0 (0.0%) gas / (0xffa48a100f02baf2c1da106e31a7c82f0acb970a83221079da5d6cb11dd2d5bf)","throwable":""}
{"timestamp":"2025-07-02T18:24:08,019","container":"fd1bd7073234","level":"INFO","thread":"BftProcessorExecutor-QBFT-0","class":"QbftBesuControllerBuilder","message":"Produced #488 / 0 tx / 0 pending / 0 (0.0%) gas / (0x354ce936c317402b0595f8a16db35f11484a23febabe55dbdb5327aa0983a1e3)","throwable":""}
{"timestamp":"2025-07-02T18:24:16,014","container":"fd1bd7073234","level":"INFO","thread":"BftProcessorExecutor-QBFT-0","class":"QbftBesuControllerBuilder","message":"Imported #489 / 0 tx / 0 pending / 0 (0.0%) gas / (0xd7bf87ad7aae1f43c3d3576cf7ce017be6c91479e94952058ef957943654916b)","throwable":""}
{"timestamp":"2025-07-02T18:24:24,024","container":"fd1bd7073234","level":"INFO","thread":"BftProcessorExecutor-QBFT-0","class":"QbftBesuControllerBuilder","message":"Imported #490 / 0 tx / 0 pending / 0 (0.0%) gas / (0x8c037f11aca4ab912cddf5738ffcf56529f8901f772c76ef274a4965c86fa495)","throwable":""}
{"timestamp":"2025-07-02T18:24:32,020","container":"fd1bd7073234","level":"INFO","thread":"BftProcessorExecutor-QBFT-0","class":"QbftBesuControllerBuilder","message":"Imported #491 / 0 tx / 0 pending / 0 (0.0%) gas / (0x15e4401aeaabe16fd06f4d63c9b30cbcde8132a89eb995db5a10da8bbcf1a1f9)","throwable":""}
{"timestamp":"2025-07-02T18:24:40,017","container":"fd1bd7073234","level":"INFO","thread":"BftProcessorExecutor-QBFT-0","class":"QbftBesuControllerBuilder","message":"Produced #492 / 0 tx / 0 pending / 0 (0.0%) gas / (0x2891ba8a869008b69de699dbf02165f607c2ac19df39213f9dd387adcda74aea)","throwable":""}
{"timestamp":"2025-07-02T18:24:48,018","container":"fd1bd7073234","level":"INFO","thread":"BftProcessorExecutor-QBFT-0","class":"QbftBesuControllerBuilder","message":"Imported #493 / 0 tx / 0 pending / 0 (0.0%) gas / (0x213a9937745182ce6f26796f35ab500413eedafbaad7504d433c374b6ca616bd)","throwable":""}
{"timestamp":"2025-07-02T18:24:56,017","container":"fd1bd7073234","level":"INFO","thread":"BftProcessorExecutor-QBFT-0","class":"QbftBesuControllerBuilder","message":"Imported #494 / 0 tx / 0 pending / 0 (0.0%) gas / (0x5ebb8d5fd3912f3800076b75e02786c41231034e6e42c98fa4e6fe731d525be6)","throwable":""}
{"timestamp":"2025-07-02T18:25:04,021","container":"fd1bd7073234","level":"INFO","thread":"BftProcessorExecutor-QBFT-0","class":"QbftBesuControllerBuilder","message":"Imported #495 / 0 tx / 0 pending / 0 (0.0%) gas / (0x73a7c60754679fdf7ab09f489b89d06e21e380291f0cca1ce93ec11df73aff88)","throwable":""}
{"timestamp":"2025-07-02T18:25:12,018","container":"fd1bd7073234","level":"INFO","thread":"BftProcessorExecutor-QBFT-0","class":"QbftBesuControllerBuilder","message":"Produced #496 / 0 tx / 0 pending / 0 (0.0%) gas / (0x92635c06b2463d4758087372ac5dec8e00cd9fa2e45ea67f499b9bab46bba3b2)","throwable":""}
{"timestamp":"2025-07-02T18:25:20,020","container":"fd1bd7073234","level":"INFO","thread":"BftProcessorExecutor-QBFT-0","class":"QbftBesuControllerBuilder","message":"Imported #497 / 0 tx / 0 pending / 0 (0.0%) gas / (0xe66a7d85cb4e3d588d5fbfb67edcba7ef616219cb9d174feae602d38e1658aa4)","throwable":""}
{"timestamp":"2025-07-02T18:25:28,021","container":"fd1bd7073234","level":"INFO","thread":"BftProcessorExecutor-QBFT-0","class":"QbftBesuControllerBuilder","message":"Imported #498 / 0 tx / 0 pending / 0 (0.0%) gas / (0xaad6d2b689254c62db9fbd0f20b7d98b41d3c0ad59bbec2e743421315a7dd5f5)","throwable":""}
{"timestamp":"2025-07-02T18:25:36,016","container":"fd1bd7073234","level":"INFO","thread":"BftProcessorExecutor-QBFT-0","class":"QbftBesuControllerBuilder","message":"Imported #499 / 0 tx / 0 pending / 0 (0.0%) gas / (0x48d249e00704c2bf8a8818e09e875855e5f6e64a1b1b41c631a413db0be8bfd8)","throwable":""}
{"timestamp":"2025-07-02T18:25:44,019","container":"fd1bd7073234","level":"INFO","thread":"BftProcessorExecutor-QBFT-0","class":"QbftBesuControllerBuilder","message":"Produced #500 / 0 tx / 0 pending / 0 (0.0%) gas / (0x3fc28243dff0682685d1e526c05504f744339f68ef24ebe47ecdccbefd697eb6)","throwable":""}
{"timestamp":"2025-07-02T18:25:52,018","container":"fd1bd7073234","level":"INFO","thread":"BftProcessorExecutor-QBFT-0","class":"QbftBesuControllerBuilder","message":"Imported #501 / 0 tx / 0 pending / 0 (0.0%) gas / (0x83a75653db44d8a0920a65265fa74c4e81810e395b80444bcaf486cb3986a933)","throwable":""}
{"timestamp":"2025-07-02T18:26:00,022","container":"fd1bd7073234","level":"INFO","thread":"BftProcessorExecutor-QBFT-0","class":"QbftBesuControllerBuilder","message":"Imported #502 / 0 tx / 0 pending / 0 (0.0%) gas / (0x20e36194a0028c54096d365d3a033d28fc4f9325d97de099db3f8353c7a56bdb)","throwable":""}
{"timestamp":"2025-07-02T18:26:08,011","container":"fd1bd7073234","level":"INFO","thread":"BftProcessorExecutor-QBFT-0","class":"QbftBesuControllerBuilder","message":"Imported #503 / 0 tx / 0 pending / 0 (0.0%) gas / (0xbc5acb0f8a3d0a9089006b355f5ba8190ae1e9e1a27ced4489ddcf413a6d39fc)","throwable":""}
{"timestamp":"2025-07-02T18:26:16,019","container":"fd1bd7073234","level":"INFO","thread":"BftProcessorExecutor-QBFT-0","class":"QbftBesuControllerBuilder","message":"Produced #504 / 0 tx / 0 pending / 0 (0.0%) gas / (0xfc69b9130d5b90fd5dca5001b7c3de78e019c1afe5493152b8a0eb05a4f95b72)","throwable":""}
{"timestamp":"2025-07-02T18:26:24,017","container":"fd1bd7073234","level":"INFO","thread":"BftProcessorExecutor-QBFT-0","class":"QbftBesuControllerBuilder","message":"Imported #505 / 0 tx / 0 pending / 0 (0.0%) gas / (0x9d0e8573501ae3eb26befb86ab52d21612dd55e784a81cbe4d1bc20b6def3d6e)","throwable":""}
{"timestamp":"2025-07-02T18:26:32,031","container":"fd1bd7073234","level":"INFO","thread":"BftProcessorExecutor-QBFT-0","class":"QbftBesuControllerBuilder","message":"Imported #506 / 0 tx / 0 pending / 0 (0.0%) gas / (0xef843d3c1fc698a5520b53b2e5550a5473a1fb9db0c5cf8d71f34caf18888ce6)","throwable":""}
{"timestamp":"2025-07-02T18:26:32,032","container":"fd1bd7073234","level":"INFO","thread":"EthScheduler-Workers-0","class":"PersistBlockTask","message":"Block 506 (0xef843d3c1fc698a5520b53b2e5550a5473a1fb9db0c5cf8d71f34caf18888ce6) is already imported","throwable":""}
{"timestamp":"2025-07-02T18:26:40,015","container":"fd1bd7073234","level":"INFO","thread":"BftProcessorExecutor-QBFT-0","class":"QbftBesuControllerBuilder","message":"Imported #507 / 0 tx / 0 pending / 0 (0.0%) gas / (0x7af24c61c6d899740427fda513819dd7e639c06374fc2a1483a04e811d068ad7)","throwable":""}
{"timestamp":"2025-07-02T18:26:48,018","container":"fd1bd7073234","level":"INFO","thread":"BftProcessorExecutor-QBFT-0","class":"QbftBesuControllerBuilder","message":"Produced #508 / 0 tx / 0 pending / 0 (0.0%) gas / (0xcac92f3341372807fce337a056ae9e0331ea65e8bdee90377e181454acb3eb4b)","throwable":""}
{"timestamp":"2025-07-02T18:26:56,020","container":"fd1bd7073234","level":"INFO","thread":"BftProcessorExecutor-QBFT-0","class":"QbftBesuControllerBuilder","message":"Imported #509 / 0 tx / 0 pending / 0 (0.0%) gas / (0xca20df4811e215badc3dcc9a7bb83decca9508af819ffa4247997d15ddb18bac)","throwable":""}
{"timestamp":"2025-07-02T18:27:04,018","container":"fd1bd7073234","level":"INFO","thread":"BftProcessorExecutor-QBFT-0","class":"QbftBesuControllerBuilder","message":"Imported #510 / 0 tx / 0 pending / 0 (0.0%) gas / (0x7431229493c9830fd230c9fd64e42abc053b09f0bc86c7fe73792470dbeab01c)","throwable":""}
{"timestamp":"2025-07-02T18:27:12,019","container":"fd1bd7073234","level":"INFO","thread":"BftProcessorExecutor-QBFT-0","class":"QbftBesuControllerBuilder","message":"Imported #511 / 0 tx / 0 pending / 0 (0.0%) gas / (0x84968c3a925b81762a750619b44fd8ab736532122edca10e19a951dedc47eecf)","throwable":""}
{"timestamp":"2025-07-02T18:27:20,020","container":"fd1bd7073234","level":"INFO","thread":"BftProcessorExecutor-QBFT-0","class":"QbftBesuControllerBuilder","message":"Produced #512 / 0 tx / 0 pending / 0 (0.0%) gas / (0x69ab4eef7ebaf23649a9a529ba3facc05f07c16215ea5f20ecb728ca8e09efde)","throwable":""}
{"timestamp":"2025-07-02T18:27:28,017","container":"fd1bd7073234","level":"INFO","thread":"BftProcessorExecutor-QBFT-0","class":"QbftBesuControllerBuilder","message":"Imported #513 / 0 tx / 0 pending / 0 (0.0%) gas / (0x2bcccfb7e353a21d9d8957f42054e3c040154d3138c078e45a784398cf4ce792)","throwable":""}
{"timestamp":"2025-07-02T18:27:36,024","container":"fd1bd7073234","level":"INFO","thread":"BftProcessorExecutor-QBFT-0","class":"QbftBesuControllerBuilder","message":"Imported #514 / 0 tx / 0 pending / 0 (0.0%) gas / (0xb6d7f66e633af2b5db817d1bfb4a2819548f725f46087cb010d6cc90cda41b24)","throwable":""}
{"timestamp":"2025-07-02T18:27:44,012","container":"fd1bd7073234","level":"INFO","thread":"BftProcessorExecutor-QBFT-0","class":"QbftBesuControllerBuilder","message":"Imported #515 / 0 tx / 0 pending / 0 (0.0%) gas / (0x1eebf04672522b4d785758a82ee33220b0dcf008298b0cfddb9a90a5440531a4)","throwable":""}
{"timestamp":"2025-07-02T18:27:52,017","container":"fd1bd7073234","level":"INFO","thread":"BftProcessorExecutor-QBFT-0","class":"QbftBesuControllerBuilder","message":"Produced #516 / 0 tx / 0 pending / 0 (0.0%) gas / (0x6d5f0be2dafe58de0901291a629918c4a9c7909a51e08f4b93f19695080b0a23)","throwable":""}
{"timestamp":"2025-07-02T18:28:00,020","container":"fd1bd7073234","level":"INFO","thread":"BftProcessorExecutor-QBFT-0","class":"QbftBesuControllerBuilder","message":"Imported #517 / 0 tx / 0 pending / 0 (0.0%) gas / (0xfcde1a9d17d0f49873d25597482cdbc39f956fcb0c38e4d1fa82dca78f6e3235)","throwable":""}
{"timestamp":"2025-07-02T18:28:08,015","container":"fd1bd7073234","level":"INFO","thread":"BftProcessorExecutor-QBFT-0","class":"QbftBesuControllerBuilder","message":"Imported #518 / 0 tx / 0 pending / 0 (0.0%) gas / (0x2c7fe606ab174b56a09f2e6b17c232f6a8ab21827a773a0c17ab7cf3a2607d0e)","throwable":""}
{"timestamp":"2025-07-02T18:28:16,014","container":"fd1bd7073234","level":"INFO","thread":"BftProcessorExecutor-QBFT-0","class":"QbftBesuControllerBuilder","message":"Imported #519 / 0 tx / 0 pending / 0 (0.0%) gas / (0xcec3d62b7350be0cd3abeac588cda0c71a38c77b3a32875537f4d44abf85e173)","throwable":""}
{"timestamp":"2025-07-02T18:28:24,010","container":"fd1bd7073234","level":"INFO","thread":"BftProcessorExecutor-QBFT-0","class":"QbftBesuControllerBuilder","message":"Produced #520 / 0 tx / 0 pending / 0 (0.0%) gas / (0xa8ebccaf1469d05550403edc6d5fe3308ebc185563929d42c73a6d4e4bcd71c5)","throwable":""}
{"timestamp":"2025-07-02T18:28:32,021","container":"fd1bd7073234","level":"INFO","thread":"BftProcessorExecutor-QBFT-0","class":"QbftBesuControllerBuilder","message":"Imported #521 / 0 tx / 0 pending / 0 (0.0%) gas / (0x47a3cd7cdd7d145244dec2c6e2e3eb82da392beb241a64f306f09a88b36bb459)","throwable":""}
{"timestamp":"2025-07-02T18:28:40,020","container":"fd1bd7073234","level":"INFO","thread":"BftProcessorExecutor-QBFT-0","class":"QbftBesuControllerBuilder","message":"Imported #522 / 0 tx / 0 pending / 0 (0.0%) gas / (0x2f91119ce2fbb995b3c842932af7c1cb14c5918a79d1460531fbabdb1f5530bf)","throwable":""}
{"timestamp":"2025-07-02T18:28:48,016","container":"fd1bd7073234","level":"INFO","thread":"BftProcessorExecutor-QBFT-0","class":"QbftBesuControllerBuilder","message":"Imported #523 / 0 tx / 0 pending / 0 (0.0%) gas / (0x1b84688fb5e3bd9470fb4d86c7a4be4f7e8885372a545fb49ede7fcec33ee3f3)","throwable":""}
{"timestamp":"2025-07-02T18:28:56,019","container":"fd1bd7073234","level":"INFO","thread":"BftProcessorExecutor-QBFT-0","class":"QbftBesuControllerBuilder","message":"Produced #524 / 0 tx / 0 pending / 0 (0.0%) gas / (0xe2b1c4a4ed7903904fd4264445b84b57ca431385a8866e17e385b95a2eda36d4)","throwable":""}
{"timestamp":"2025-07-02T18:29:04,019","container":"fd1bd7073234","level":"INFO","thread":"BftProcessorExecutor-QBFT-0","class":"QbftBesuControllerBuilder","message":"Imported #525 / 0 tx / 0 pending / 0 (0.0%) gas / (0x324e566b169ffcffb5640221a88a76c1baccbd87e4686aa80d59d4d11d5afbdb)","throwable":""}
{"timestamp":"2025-07-02T18:29:12,019","container":"fd1bd7073234","level":"INFO","thread":"BftProcessorExecutor-QBFT-0","class":"QbftBesuControllerBuilder","message":"Imported #526 / 0 tx / 0 pending / 0 (0.0%) gas / (0x6c2af2a37a7533c8efab8402ee72c9ea946dbc80a4607d765611f1c67710df6d)","throwable":""}
{"timestamp":"2025-07-02T18:29:20,016","container":"fd1bd7073234","level":"INFO","thread":"BftProcessorExecutor-QBFT-0","class":"QbftBesuControllerBuilder","message":"Imported #527 / 0 tx / 0 pending / 0 (0.0%) gas / (0xea002f9ddadf5d5d401d0c5380ecfda871a3692e838aa8abbb3d6716dbae8f43)","throwable":""}
{"timestamp":"2025-07-02T18:29:28,018","container":"fd1bd7073234","level":"INFO","thread":"BftProcessorExecutor-QBFT-0","class":"QbftBesuControllerBuilder","message":"Produced #528 / 0 tx / 0 pending / 0 (0.0%) gas / (0x9c9fef3e42c55dc9a82715f0ae4cb08dc49eaa39bea7c5a2165ea4779ad8f9b7)","throwable":""}
{"timestamp":"2025-07-02T18:29:36,020","container":"fd1bd7073234","level":"INFO","thread":"BftProcessorExecutor-QBFT-0","class":"QbftBesuControllerBuilder","message":"Imported #529 / 0 tx / 0 pending / 0 (0.0%) gas / (0xfb9f1247b0ad75182a62e29f0945c129f5e4ef5adc3f8cff869ec0be9ae0e491)","throwable":""}
{"timestamp":"2025-07-02T18:29:44,023","container":"fd1bd7073234","level":"INFO","thread":"BftProcessorExecutor-QBFT-0","class":"QbftBesuControllerBuilder","message":"Imported #530 / 0 tx / 0 pending / 0 (0.0%) gas / (0xe352915715bbed26d18a3d2929bb274da0774476040e1ea368fe15fa50c6fbfe)","throwable":""}
{"timestamp":"2025-07-02T18:29:52,014","container":"fd1bd7073234","level":"INFO","thread":"BftProcessorExecutor-QBFT-0","class":"QbftBesuControllerBuilder","message":"Imported #531 / 0 tx / 0 pending / 0 (0.0%) gas / (0x5b552baa56080eb8be8c737fc9388035385b345935e4336caa2157cb4c1d4c82)","throwable":""}
{"timestamp":"2025-07-02T18:30:00,024","container":"fd1bd7073234","level":"INFO","thread":"BftProcessorExecutor-QBFT-0","class":"QbftBesuControllerBuilder","message":"Produced #532 / 0 tx / 0 pending / 0 (0.0%) gas / (0x9688974959c944a1f03bad76e81372979a56c8606b4bb7502a6311afe872b615)","throwable":""}
{"timestamp":"2025-07-02T18:30:08,016","container":"fd1bd7073234","level":"INFO","thread":"BftProcessorExecutor-QBFT-0","class":"QbftBesuControllerBuilder","message":"Imported #533 / 0 tx / 0 pending / 0 (0.0%) gas / (0x7f1217bbea7a831b78e289cde6c3c676d2eff073faed23017e504d4731c80860)","throwable":""}
{"timestamp":"2025-07-02T18:30:16,009","container":"fd1bd7073234","level":"INFO","thread":"BftProcessorExecutor-QBFT-0","class":"QbftBesuControllerBuilder","message":"Imported #534 / 0 tx / 0 pending / 0 (0.0%) gas / (0x6b9ad9d34a170f09da6932a1fd888d99011cde69335ee2e957f3fb1044772b81)","throwable":""}
{"timestamp":"2025-07-02T18:30:24,014","container":"fd1bd7073234","level":"INFO","thread":"BftProcessorExecutor-QBFT-0","class":"QbftBesuControllerBuilder","message":"Imported #535 / 0 tx / 0 pending / 0 (0.0%) gas / (0xfca8a2f86db37170ae25cf2f1b795eefc113364a733897500604cf7cf637b1ea)","throwable":""}
{"timestamp":"2025-07-02T18:30:32,015","container":"fd1bd7073234","level":"INFO","thread":"BftProcessorExecutor-QBFT-0","class":"QbftBesuControllerBuilder","message":"Produced #536 / 0 tx / 0 pending / 0 (0.0%) gas / (0xd72a18eafaaec47b3ad6df9411207c03cf1d546d01fd6cadc3689c9655aab6cd)","throwable":""}
{"timestamp":"2025-07-02T18:30:40,017","container":"fd1bd7073234","level":"INFO","thread":"BftProcessorExecutor-QBFT-0","class":"QbftBesuControllerBuilder","message":"Imported #537 / 0 tx / 0 pending / 0 (0.0%) gas / (0x5ea091ebaca93f0dbbcf4343728792ee72ac2ffee39a63dd517d1631ffcc8567)","throwable":""}
{"timestamp":"2025-07-02T18:30:48,019","container":"fd1bd7073234","level":"INFO","thread":"BftProcessorExecutor-QBFT-0","class":"QbftBesuControllerBuilder","message":"Imported #538 / 0 tx / 0 pending / 0 (0.0%) gas / (0xb4a3a52e6466f3d4088af5b47aefa68aab696e6fc9f7282826c476d136497fd7)","throwable":""}
{"timestamp":"2025-07-02T18:30:56,015","container":"fd1bd7073234","level":"INFO","thread":"BftProcessorExecutor-QBFT-0","class":"QbftBesuControllerBuilder","message":"Imported #539 / 0 tx / 0 pending / 0 (0.0%) gas / (0xeea91c2d6c338b186d0b76cac0d81735f2521176b5d0a0faa30003b1cf39d3d9)","throwable":""}
{"timestamp":"2025-07-02T18:31:04,017","container":"fd1bd7073234","level":"INFO","thread":"BftProcessorExecutor-QBFT-0","class":"QbftBesuControllerBuilder","message":"Produced #540 / 0 tx / 0 pending / 0 (0.0%) gas / (0xf47967638a5ffe827e680d40335380f13c456359aecd88734cc84335519f9e36)","throwable":""}
{"timestamp":"2025-07-02T18:31:12,018","container":"fd1bd7073234","level":"INFO","thread":"BftProcessorExecutor-QBFT-0","class":"QbftBesuControllerBuilder","message":"Imported #541 / 0 tx / 0 pending / 0 (0.0%) gas / (0x0158d874f2e6e081426bbea45a33302e311e8bd75bd2820dcf6203545ffe9a53)","throwable":""}
{"timestamp":"2025-07-02T18:31:20,021","container":"fd1bd7073234","level":"INFO","thread":"BftProcessorExecutor-QBFT-0","class":"QbftBesuControllerBuilder","message":"Imported #542 / 0 tx / 0 pending / 0 (0.0%) gas / (0xeb63a84d9fa47b1460890236e9da9bfc85c6b845077849bac41ae6077c72e57d)","throwable":""}
{"timestamp":"2025-07-02T18:31:28,017","container":"fd1bd7073234","level":"INFO","thread":"BftProcessorExecutor-QBFT-0","class":"QbftBesuControllerBuilder","message":"Imported #543 / 0 tx / 0 pending / 0 (0.0%) gas / (0x834591191d8fce50625214728622ba7ee9baf250316d8dc46b57dc23bb25342f)","throwable":""}
{"timestamp":"2025-07-02T18:31:36,009","container":"fd1bd7073234","level":"INFO","thread":"BftProcessorExecutor-QBFT-0","class":"QbftBesuControllerBuilder","message":"Produced #544 / 0 tx / 0 pending / 0 (0.0%) gas / (0xd42633db310a4f70bcf418bb5eb3055aaa71f0c4c91dc93dcd42385dfe1c07e4)","throwable":""}
{"timestamp":"2025-07-02T18:31:44,018","container":"fd1bd7073234","level":"INFO","thread":"BftProcessorExecutor-QBFT-0","class":"QbftBesuControllerBuilder","message":"Imported #545 / 0 tx / 0 pending / 0 (0.0%) gas / (0x86a7ec8ff7b988b0312b8af8c83aeeef6d802008a62baf21373c250272f32ba6)","throwable":""}
{"timestamp":"2025-07-02T18:31:52,018","container":"fd1bd7073234","level":"INFO","thread":"BftProcessorExecutor-QBFT-0","class":"QbftBesuControllerBuilder","message":"Imported #546 / 0 tx / 0 pending / 0 (0.0%) gas / (0xd0f4aaadc26a6e1009b2c6ebeafe9df98d4dc4bf9f17d87e7bdc8d5b2f16bfa4)","throwable":""}
{"timestamp":"2025-07-02T18:32:00,015","container":"fd1bd7073234","level":"INFO","thread":"BftProcessorExecutor-QBFT-0","class":"QbftBesuControllerBuilder","message":"Imported #547 / 0 tx / 0 pending / 0 (0.0%) gas / (0xcfb36ce5b66b8e9a3c931aa0f18c979c8348303c59e5e9eb6b50e8e345357249)","throwable":""}
{"timestamp":"2025-07-02T18:32:08,018","container":"fd1bd7073234","level":"INFO","thread":"BftProcessorExecutor-QBFT-0","class":"QbftBesuControllerBuilder","message":"Produced #548 / 0 tx / 0 pending / 0 (0.0%) gas / (0xa75d7b04c1a4a6ed4d6765cc32b3764c1c79faf52f81889bb796570ec6a92746)","throwable":""}
{"timestamp":"2025-07-02T18:32:16,017","container":"fd1bd7073234","level":"INFO","thread":"BftProcessorExecutor-QBFT-0","class":"QbftBesuControllerBuilder","message":"Imported #549 / 0 tx / 0 pending / 0 (0.0%) gas / (0x410404faabcc7c627ec2f123e711a1a0ad9cbb83f01814eac693080728326939)","throwable":""}
{"timestamp":"2025-07-02T18:32:24,019","container":"fd1bd7073234","level":"INFO","thread":"BftProcessorExecutor-QBFT-0","class":"QbftBesuControllerBuilder","message":"Imported #550 / 0 tx / 0 pending / 0 (0.0%) gas / (0xdc667d365b8e145b2533aef45efd016f15820cef8f759f090a8abb198879df87)","throwable":""}
{"timestamp":"2025-07-02T18:32:32,004","container":"fd1bd7073234","level":"INFO","thread":"BftProcessorExecutor-QBFT-0","class":"QbftBesuControllerBuilder","message":"Imported #551 / 0 tx / 0 pending / 0 (0.0%) gas / (0xcf241a0663559cffe846e3ccfefaf8e91390e8d43374fed492ba17160b5ba669)","throwable":""}
{"timestamp":"2025-07-02T18:32:40,018","container":"fd1bd7073234","level":"INFO","thread":"BftProcessorExecutor-QBFT-0","class":"QbftBesuControllerBuilder","message":"Produced #552 / 0 tx / 0 pending / 0 (0.0%) gas / (0x44460269e145adbd59650352d34df8ae7fbe44c366f426b92e9de8f1d84b66a6)","throwable":""}
{"timestamp":"2025-07-02T18:32:48,010","container":"fd1bd7073234","level":"INFO","thread":"BftProcessorExecutor-QBFT-0","class":"QbftBesuControllerBuilder","message":"Imported #553 / 0 tx / 0 pending / 0 (0.0%) gas / (0x8999f3f2829acd802cd76ff88758ed9d31d6a71d6a2a794250b9890cf9657eef)","throwable":""}
{"timestamp":"2025-07-02T18:32:56,018","container":"fd1bd7073234","level":"INFO","thread":"BftProcessorExecutor-QBFT-0","class":"QbftBesuControllerBuilder","message":"Imported #554 / 0 tx / 0 pending / 0 (0.0%) gas / (0x5b24000301b7476a3bd7560eaec12c64bd9856e875b2a8a23350508082b431ea)","throwable":""}
{"timestamp":"2025-07-02T18:33:04,004","container":"fd1bd7073234","level":"INFO","thread":"BftProcessorExecutor-QBFT-0","class":"QbftBesuControllerBuilder","message":"Imported #555 / 0 tx / 0 pending / 0 (0.0%) gas / (0xd1fb917bd0df2dd32b3744911aa1ebb2c66b5e87d1f92a93f6ebf1f2fa762ba3)","throwable":""}
{"timestamp":"2025-07-02T18:33:12,019","container":"fd1bd7073234","level":"INFO","thread":"BftProcessorExecutor-QBFT-0","class":"QbftBesuControllerBuilder","message":"Produced #556 / 0 tx / 0 pending / 0 (0.0%) gas / (0x1c3fc26fd2ec66f2c026f85f95735eb1759365b7d8385d9f1e4c7b1a729354ab)","throwable":""}
{"timestamp":"2025-07-02T18:33:20,020","container":"fd1bd7073234","level":"INFO","thread":"BftProcessorExecutor-QBFT-0","class":"QbftBesuControllerBuilder","message":"Imported #557 / 0 tx / 0 pending / 0 (0.0%) gas / (0xc3d6dfdcc07f7c1ad6ffad1c5b1ca9638cb001065d15ccccb5516b4f354b6f40)","throwable":""}
{"timestamp":"2025-07-02T18:33:28,020","container":"fd1bd7073234","level":"INFO","thread":"BftProcessorExecutor-QBFT-0","class":"QbftBesuControllerBuilder","message":"Imported #558 / 0 tx / 0 pending / 0 (0.0%) gas / (0x37e01226b1a2ee2dbfaa8482271a03838230f8a80862ca5399c0e14714e24a5b)","throwable":""}
{"timestamp":"2025-07-02T18:33:36,019","container":"fd1bd7073234","level":"INFO","thread":"BftProcessorExecutor-QBFT-0","class":"QbftBesuControllerBuilder","message":"Imported #559 / 0 tx / 0 pending / 0 (0.0%) gas / (0x4e42c4c549296871e7cfb4fa7118fc486a25f57b29c189cc31727d6476f714a2)","throwable":""}
{"timestamp":"2025-07-02T18:33:44,021","container":"fd1bd7073234","level":"INFO","thread":"BftProcessorExecutor-QBFT-0","class":"QbftBesuControllerBuilder","message":"Produced #560 / 0 tx / 0 pending / 0 (0.0%) gas / (0x9cc9329255b4a2c934e640232d56c330bfb5b38534672947c6464480f2b38452)","throwable":""}
{"timestamp":"2025-07-02T18:33:52,014","container":"fd1bd7073234","level":"INFO","thread":"BftProcessorExecutor-QBFT-0","class":"QbftBesuControllerBuilder","message":"Imported #561 / 0 tx / 0 pending / 0 (0.0%) gas / (0x47e88f00d8500808298c8b233ea68367d549c8bd906599be2b7542ee917f4948)","throwable":""}
{"timestamp":"2025-07-02T18:34:00,019","container":"fd1bd7073234","level":"INFO","thread":"BftProcessorExecutor-QBFT-0","class":"QbftBesuControllerBuilder","message":"Imported #562 / 0 tx / 0 pending / 0 (0.0%) gas / (0x4edfe2b419ee52bdd4f71603f7e0b00bc8341e19576e9e6cce43bf16f3ca8f88)","throwable":""}
{"timestamp":"2025-07-02T18:34:08,016","container":"fd1bd7073234","level":"INFO","thread":"BftProcessorExecutor-QBFT-0","class":"QbftBesuControllerBuilder","message":"Imported #563 / 0 tx / 0 pending / 0 (0.0%) gas / (0x3e6892bf250031a9b18bf0eed25c0377eea0e5bcfbf3278927f7081297b4b8e5)","throwable":""}
{"timestamp":"2025-07-02T18:34:16,014","container":"fd1bd7073234","level":"INFO","thread":"BftProcessorExecutor-QBFT-0","class":"QbftBesuControllerBuilder","message":"Produced #564 / 0 tx / 0 pending / 0 (0.0%) gas / (0x1abb3476c291be7f2e279e2766f13ec2eecac96902ab0f36ea78ab39ee039a08)","throwable":""}
{"timestamp":"2025-07-02T18:34:24,022","container":"fd1bd7073234","level":"INFO","thread":"BftProcessorExecutor-QBFT-0","class":"QbftBesuControllerBuilder","message":"Imported #565 / 0 tx / 0 pending / 0 (0.0%) gas / (0x606f783eab5419d8b297939be9fc162932cdc67b56f02597d1386a96371f4b85)","throwable":""}
{"timestamp":"2025-07-02T18:34:32,018","container":"fd1bd7073234","level":"INFO","thread":"BftProcessorExecutor-QBFT-0","class":"QbftBesuControllerBuilder","message":"Imported #566 / 0 tx / 0 pending / 0 (0.0%) gas / (0xe9b67b010606a6ea4aa739028db2c6b7148772e1c42ef0a9987ecd5d6a9b1d69)","throwable":""}
{"timestamp":"2025-07-02T18:34:40,014","container":"fd1bd7073234","level":"INFO","thread":"BftProcessorExecutor-QBFT-0","class":"QbftBesuControllerBuilder","message":"Imported #567 / 0 tx / 0 pending / 0 (0.0%) gas / (0xefd3d2feb3a771bc0202fdb56a223849b646009c9a7c2fbf3493d42b497d0f53)","throwable":""}
{"timestamp":"2025-07-02T18:34:48,018","container":"fd1bd7073234","level":"INFO","thread":"BftProcessorExecutor-QBFT-0","class":"QbftBesuControllerBuilder","message":"Produced #568 / 0 tx / 0 pending / 0 (0.0%) gas / (0x676fc0ba385813f430ee571410d71d5ee672595177201893265724d40342ddb4)","throwable":""}
{"timestamp":"2025-07-02T18:34:56,018","container":"fd1bd7073234","level":"INFO","thread":"BftProcessorExecutor-QBFT-0","class":"QbftBesuControllerBuilder","message":"Imported #569 / 0 tx / 0 pending / 0 (0.0%) gas / (0x8115812a22ab86a12d74fdee931df795110386d8dbcfed01f0fa477bd4ab4ee8)","throwable":""}
{"timestamp":"2025-07-02T18:35:04,022","container":"fd1bd7073234","level":"INFO","thread":"BftProcessorExecutor-QBFT-0","class":"QbftBesuControllerBuilder","message":"Imported #570 / 0 tx / 0 pending / 0 (0.0%) gas / (0xf6c0505ed8a69e124b8e2746ecd5f5082c5cc181a8bc718123df790a0e9956c5)","throwable":""}
{"timestamp":"2025-07-02T18:35:12,009","container":"fd1bd7073234","level":"INFO","thread":"BftProcessorExecutor-QBFT-0","class":"QbftBesuControllerBuilder","message":"Imported #571 / 0 tx / 0 pending / 0 (0.0%) gas / (0x79fb8589b5b364266f08fb663165a5e2f6b4353e6713b2048d0db2445468aec1)","throwable":""}
{"timestamp":"2025-07-02T18:35:12,009","container":"fd1bd7073234","level":"INFO","thread":"EthScheduler-Workers-0","class":"PersistBlockTask","message":"Block 571 (0x79fb8589b5b364266f08fb663165a5e2f6b4353e6713b2048d0db2445468aec1) is already imported","throwable":""}
{"timestamp":"2025-07-02T18:35:20,018","container":"fd1bd7073234","level":"INFO","thread":"BftProcessorExecutor-QBFT-0","class":"QbftBesuControllerBuilder","message":"Produced #572 / 0 tx / 0 pending / 0 (0.0%) gas / (0x112fd08119ac78920f894e10abec8d84805544f8aace17546deacff53a4d5cc1)","throwable":""}
{"timestamp":"2025-07-02T18:35:28,010","container":"fd1bd7073234","level":"INFO","thread":"BftProcessorExecutor-QBFT-0","class":"QbftBesuControllerBuilder","message":"Imported #573 / 0 tx / 0 pending / 0 (0.0%) gas / (0xacaf6efe92900af43939c1845fb22c180c9af61d25b01e6cdf742a8b92a8f4c2)","throwable":""}
{"timestamp":"2025-07-02T18:35:36,022","container":"fd1bd7073234","level":"INFO","thread":"BftProcessorExecutor-QBFT-0","class":"QbftBesuControllerBuilder","message":"Imported #574 / 0 tx / 0 pending / 0 (0.0%) gas / (0x7713bc2a0f5fc26ae54417c15581640d989ce3caab54f7ea55c1f8aac7e74b63)","throwable":""}
{"timestamp":"2025-07-02T18:35:44,019","container":"fd1bd7073234","level":"INFO","thread":"BftProcessorExecutor-QBFT-0","class":"QbftBesuControllerBuilder","message":"Imported #575 / 0 tx / 0 pending / 0 (0.0%) gas / (0x57c7438bb4ec0bf8b67540cf0953aded542df3a50178cefc8fdfa4c3b9dde3fb)","throwable":""}
{"timestamp":"2025-07-02T18:35:52,023","container":"fd1bd7073234","level":"INFO","thread":"BftProcessorExecutor-QBFT-0","class":"QbftBesuControllerBuilder","message":"Produced #576 / 0 tx / 0 pending / 0 (0.0%) gas / (0x2a1e65954c9e720f492b22710dd1f49cde67936ca01f7d85f07fbbc2ee9e92a6)","throwable":""}
{"timestamp":"2025-07-02T18:36:00,023","container":"fd1bd7073234","level":"INFO","thread":"BftProcessorExecutor-QBFT-0","class":"QbftBesuControllerBuilder","message":"Imported #577 / 0 tx / 0 pending / 0 (0.0%) gas / (0x78dc6df53f8737a432228afe928d39ea40715c3dcc5e72e9c03ce4f8f0cc7e1f)","throwable":""}
{"timestamp":"2025-07-02T18:36:08,017","container":"fd1bd7073234","level":"INFO","thread":"BftProcessorExecutor-QBFT-0","class":"QbftBesuControllerBuilder","message":"Imported #578 / 0 tx / 0 pending / 0 (0.0%) gas / (0x35530d887fcc504dc5e4f69867743b285d666352913a4cd2ed8a81074f94d4c2)","throwable":""}
{"timestamp":"2025-07-02T18:36:16,008","container":"fd1bd7073234","level":"INFO","thread":"BftProcessorExecutor-QBFT-0","class":"QbftBesuControllerBuilder","message":"Imported #579 / 0 tx / 0 pending / 0 (0.0%) gas / (0xd99dca141265ab7008d163b5a1be4b865413936c1f0da72220bc29b3f51ccb10)","throwable":""}
{"timestamp":"2025-07-02T18:36:24,022","container":"fd1bd7073234","level":"INFO","thread":"BftProcessorExecutor-QBFT-0","class":"QbftBesuControllerBuilder","message":"Produced #580 / 0 tx / 0 pending / 0 (0.0%) gas / (0xed3c370e0ded21696a8b8c5e99318c623d01e1224c09ed44546506eda79b368e)","throwable":""}
{"timestamp":"2025-07-02T18:36:32,018","container":"fd1bd7073234","level":"INFO","thread":"BftProcessorExecutor-QBFT-0","class":"QbftBesuControllerBuilder","message":"Imported #581 / 0 tx / 0 pending / 0 (0.0%) gas / (0x93c0cd47c7206c7efaf23b8ab33f98d20efa66ee2e5b19a066c6db53c5c1f9d2)","throwable":""}
{"timestamp":"2025-07-02T18:36:40,019","container":"fd1bd7073234","level":"INFO","thread":"BftProcessorExecutor-QBFT-0","class":"QbftBesuControllerBuilder","message":"Imported #582 / 0 tx / 0 pending / 0 (0.0%) gas / (0x2a5e8725f7697bd52efc45b700c3e87225a26f22f9269d79fbff4ff087929a6c)","throwable":""}
{"timestamp":"2025-07-02T18:36:48,015","container":"fd1bd7073234","level":"INFO","thread":"BftProcessorExecutor-QBFT-0","class":"QbftBesuControllerBuilder","message":"Imported #583 / 0 tx / 0 pending / 0 (0.0%) gas / (0x0e5a357b4adddf6caeeb89fbcbd5aa8014edbae7db3be36f37ce5a7be64dcc1b)","throwable":""}
{"timestamp":"2025-07-02T18:36:56,019","container":"fd1bd7073234","level":"INFO","thread":"BftProcessorExecutor-QBFT-0","class":"QbftBesuControllerBuilder","message":"Produced #584 / 0 tx / 0 pending / 0 (0.0%) gas / (0x0aa369f12cc75f1872eea52cf3fc7db74c12b33d01fd650a2c36aae7dcdf92f9)","throwable":""}
{"timestamp":"2025-07-02T18:37:04,011","container":"fd1bd7073234","level":"INFO","thread":"BftProcessorExecutor-QBFT-0","class":"QbftBesuControllerBuilder","message":"Imported #585 / 0 tx / 0 pending / 0 (0.0%) gas / (0x50294cdefd4379513af1c3cc12d8c4b6ef8864f9f91f6913b0fbf9146442fd86)","throwable":""}
{"timestamp":"2025-07-02T18:37:12,016","container":"fd1bd7073234","level":"INFO","thread":"BftProcessorExecutor-QBFT-0","class":"QbftBesuControllerBuilder","message":"Imported #586 / 0 tx / 0 pending / 0 (0.0%) gas / (0x03c5a3155aebf9c557ac00a9846a3b0d5650715f17a5386427492cbf4c66431c)","throwable":""}
{"timestamp":"2025-07-02T18:37:20,052","container":"fd1bd7073234","level":"INFO","thread":"BftProcessorExecutor-QBFT-0","class":"QbftBesuControllerBuilder","message":"Imported #587 / 0 tx / 0 pending / 0 (0.0%) gas / (0x8f71d2090e42b3068e3c668540771df8340eba687cad3225be4313eff6c161d0)","throwable":""}
{"timestamp":"2025-07-02T18:37:28,010","container":"fd1bd7073234","level":"INFO","thread":"BftProcessorExecutor-QBFT-0","class":"QbftBesuControllerBuilder","message":"Produced #588 / 0 tx / 0 pending / 0 (0.0%) gas / (0x325a4076be9d88fe8cdd002e6d1b1dbcbfd616a37679dfe7639aa6ef9392c914)","throwable":""}
{"timestamp":"2025-07-02T18:37:36,012","container":"fd1bd7073234","level":"INFO","thread":"BftProcessorExecutor-QBFT-0","class":"QbftBesuControllerBuilder","message":"Imported #589 / 0 tx / 0 pending / 0 (0.0%) gas / (0x044be7c240ca664b5cd881c1c2422278a81c390ad173aa385c6bd43eaebe8eb9)","throwable":""}
{"timestamp":"2025-07-02T18:37:44,023","container":"fd1bd7073234","level":"INFO","thread":"BftProcessorExecutor-QBFT-0","class":"QbftBesuControllerBuilder","message":"Imported #590 / 1 tx / 0 pending / 2,000,000 (0.0%) gas / (0x8db3c0459481600dae275132c4a82c5c34d54ac101b9d2ff471f017455d9406d)","throwable":""}
{"timestamp":"2025-07-02T18:37:52,023","container":"fd1bd7073234","level":"INFO","thread":"BftProcessorExecutor-QBFT-0","class":"QbftBesuControllerBuilder","message":"Imported #591 / 1 tx / 0 pending / 62,208 (0.0%) gas / (0x4bce0b37d14ae5489dc6c7c3fc8076dd5016ccfa1f15f0cf4b879d8ab07adf29)","throwable":""}
{"timestamp":"2025-07-02T18:38:00,021","container":"fd1bd7073234","level":"INFO","thread":"BftProcessorExecutor-QBFT-0","class":"QbftBesuControllerBuilder","message":"Produced #592 / 0 tx / 0 pending / 0 (0.0%) gas / (0x5325dc8b9d3ad81fd608741f8cfb8f93446204f951e8411e0fff42620d307ac9)","throwable":""}
{"timestamp":"2025-07-02T18:38:08,017","container":"fd1bd7073234","level":"INFO","thread":"BftProcessorExecutor-QBFT-0","class":"QbftBesuControllerBuilder","message":"Imported #593 / 0 tx / 0 pending / 0 (0.0%) gas / (0xf1e3c6aea4ba47566a8ac26edc4149ae6271c464167eb2303a0405d19833255f)","throwable":""}
{"timestamp":"2025-07-02T18:38:16,014","container":"fd1bd7073234","level":"INFO","thread":"BftProcessorExecutor-QBFT-0","class":"QbftBesuControllerBuilder","message":"Imported #594 / 0 tx / 0 pending / 0 (0.0%) gas / (0xec37432ef9ffa87bb1db1193a26c226fa8519b4772afaf849690885eedbb2f04)","throwable":""}
{"timestamp":"2025-07-02T18:38:24,012","container":"fd1bd7073234","level":"INFO","thread":"BftProcessorExecutor-QBFT-0","class":"QbftBesuControllerBuilder","message":"Imported #595 / 0 tx / 0 pending / 0 (0.0%) gas / (0x114dfe1cbb914d0a70cc66c507231d865318498d84111e324732ecda3cbc637b)","throwable":""}
{"timestamp":"2025-07-02T18:38:32,016","container":"fd1bd7073234","level":"INFO","thread":"BftProcessorExecutor-QBFT-0","class":"QbftBesuControllerBuilder","message":"Produced #596 / 0 tx / 0 pending / 0 (0.0%) gas / (0x7c64774f322b422ceaed640f58a7e05429d129c6ad3b96524f027b707ae41fcc)","throwable":""}
{"timestamp":"2025-07-02T18:38:40,015","container":"fd1bd7073234","level":"INFO","thread":"BftProcessorExecutor-QBFT-0","class":"QbftBesuControllerBuilder","message":"Imported #597 / 0 tx / 0 pending / 0 (0.0%) gas / (0x0f1d0afb3751611ea1f87c82ea194fff38c5460c81276d5204ce16ae48b3d69c)","throwable":""}
{"timestamp":"2025-07-02T18:38:48,026","container":"fd1bd7073234","level":"INFO","thread":"BftProcessorExecutor-QBFT-0","class":"QbftBesuControllerBuilder","message":"Imported #598 / 1 tx / 0 pending / 2,000,000 (0.0%) gas / (0x9246c4d6d69a989b5eafbbe0abec1c421775bd9a7d02f4d7fef7a97d80ca946f)","throwable":""}
{"timestamp":"2025-07-02T18:38:56,032","container":"fd1bd7073234","level":"INFO","thread":"BftProcessorExecutor-QBFT-0","class":"QbftBesuControllerBuilder","message":"Imported #599 / 0 tx / 0 pending / 0 (0.0%) gas / (0x0eb3fd6dceb8500c49a3bd2fbbf1767ba33951b411d33ea577d02833cbd5ca9a)","throwable":""}
{"timestamp":"2025-07-02T18:39:04,019","container":"fd1bd7073234","level":"INFO","thread":"BftProcessorExecutor-QBFT-0","class":"QbftBesuControllerBuilder","message":"Produced #600 / 0 tx / 0 pending / 0 (0.0%) gas / (0x7d5916c89d559ce868dbcb0eecd541554ff7cf4432fcbe3e5bd5d90f1f6a72ca)","throwable":""}
{"timestamp":"2025-07-02T18:39:12,028","container":"fd1bd7073234","level":"INFO","thread":"BftProcessorExecutor-QBFT-0","class":"QbftBesuControllerBuilder","message":"Imported #601 / 1 tx / 0 pending / 2,000,000 (0.0%) gas / (0x9489b0ba1f81d7d1a164fe9d3a41fdbcf812c94d3c8ac2ff3fc6e3441ac3810a)","throwable":""}
{"timestamp":"2025-07-02T18:39:20,036","container":"fd1bd7073234","level":"INFO","thread":"BftProcessorExecutor-QBFT-0","class":"QbftBesuControllerBuilder","message":"Imported #602 / 1 tx / 0 pending / 606,640 (0.0%) gas / (0xfd400a51ebb00724967b39db2e85d014bc5c86e65a2790645451adece5485f0f)","throwable":""}
{"timestamp":"2025-07-02T18:39:28,016","container":"fd1bd7073234","level":"INFO","thread":"BftProcessorExecutor-QBFT-0","class":"QbftBesuControllerBuilder","message":"Imported #603 / 0 tx / 0 pending / 0 (0.0%) gas / (0x2d1931ea9a759c23310f631bb4a34e80e1a0e52c64be987db25966ba4ec0963b)","throwable":""}
{"timestamp":"2025-07-02T18:39:36,023","container":"fd1bd7073234","level":"INFO","thread":"BftProcessorExecutor-QBFT-0","class":"QbftBesuControllerBuilder","message":"Produced #604 / 0 tx / 0 pending / 0 (0.0%) gas / (0x16e253a5447818fc4ab907680bf8502c492f308014304021151a228fee0fb2dd)","throwable":""}
{"timestamp":"2025-07-02T18:39:44,015","container":"fd1bd7073234","level":"INFO","thread":"BftProcessorExecutor-QBFT-0","class":"QbftBesuControllerBuilder","message":"Imported #605 / 0 tx / 0 pending / 0 (0.0%) gas / (0xd104951fd084c6ffa06275a626e0a4b736de7b305cc8b4f62336014613f65ec9)","throwable":""}
{"timestamp":"2025-07-02T18:39:52,020","container":"fd1bd7073234","level":"INFO","thread":"BftProcessorExecutor-QBFT-0","class":"QbftBesuControllerBuilder","message":"Imported #606 / 0 tx / 0 pending / 0 (0.0%) gas / (0x39b83298709307baf2b631878c95554062b4438d5258ab7f1ef13be3d42fabec)","throwable":""}
{"timestamp":"2025-07-02T18:40:00,015","container":"fd1bd7073234","level":"INFO","thread":"BftProcessorExecutor-QBFT-0","class":"QbftBesuControllerBuilder","message":"Imported #607 / 0 tx / 0 pending / 0 (0.0%) gas / (0xedd1bab8740f083c4fc0526c8709aafcae1cffd3e0fa4ca78e3691ea7458ac00)","throwable":""}
{"timestamp":"2025-07-02T18:40:08,018","container":"fd1bd7073234","level":"INFO","thread":"BftProcessorExecutor-QBFT-0","class":"QbftBesuControllerBuilder","message":"Produced #608 / 0 tx / 0 pending / 0 (0.0%) gas / (0x10dce93b6d22ef70f6c744978f1c3cb6e50e0f6e0256a8aeadc10c25c3d48379)","throwable":""}
{"timestamp":"2025-07-02T18:40:16,017","container":"fd1bd7073234","level":"INFO","thread":"BftProcessorExecutor-QBFT-0","class":"QbftBesuControllerBuilder","message":"Imported #609 / 0 tx / 0 pending / 0 (0.0%) gas / (0x9c97c636098c06866a281fe148cc479511242b15b66675c8dc5d626213c762ab)","throwable":""}
{"timestamp":"2025-07-02T18:40:24,021","container":"fd1bd7073234","level":"INFO","thread":"BftProcessorExecutor-QBFT-0","class":"QbftBesuControllerBuilder","message":"Imported #610 / 0 tx / 0 pending / 0 (0.0%) gas / (0x2f2d5bee41957395e7be9935c63a9273cdfe0f18beb3c27c7b51f2a23a42fbca)","throwable":""}
{"timestamp":"2025-07-02T18:40:32,014","container":"fd1bd7073234","level":"INFO","thread":"BftProcessorExecutor-QBFT-0","class":"QbftBesuControllerBuilder","message":"Imported #611 / 0 tx / 0 pending / 0 (0.0%) gas / (0x4a9c34c40fda6a5a56fcca771d3ae70d3a1d666c5b62d6f7940241b4af7b8f8d)","throwable":""}
{"timestamp":"2025-07-02T18:40:40,024","container":"fd1bd7073234","level":"INFO","thread":"BftProcessorExecutor-QBFT-0","class":"QbftBesuControllerBuilder","message":"Produced #612 / 0 tx / 0 pending / 0 (0.0%) gas / (0x4383ddc5bc088065501623dbafab34c7b1a613c664879a2fb0fca9f11ee0ed7d)","throwable":""}
{"timestamp":"2025-07-02T18:40:48,024","container":"fd1bd7073234","level":"INFO","thread":"BftProcessorExecutor-QBFT-0","class":"QbftBesuControllerBuilder","message":"Imported #613 / 1 tx / 0 pending / 2,000,000 (0.0%) gas / (0xc0577046ab8bca3168564a535add8cde6c1d194b872e3c46d5c365082fa9c9bd)","throwable":""}
{"timestamp":"2025-07-02T18:40:56,024","container":"fd1bd7073234","level":"INFO","thread":"BftProcessorExecutor-QBFT-0","class":"QbftBesuControllerBuilder","message":"Imported #614 / 1 tx / 0 pending / 23,592 (0.0%) gas / (0xc01d2308d3c4e7bec0f1015a82132528c174e3624ff0056883326825ce68ca63)","throwable":""}
{"timestamp":"2025-07-02T18:41:04,014","container":"fd1bd7073234","level":"INFO","thread":"BftProcessorExecutor-QBFT-0","class":"QbftBesuControllerBuilder","message":"Imported #615 / 0 tx / 0 pending / 0 (0.0%) gas / (0x0c6a029e4377171b00ad315fe7d42a76419f90753807f37aecc3c668a63ca609)","throwable":""}
{"timestamp":"2025-07-02T18:41:12,020","container":"fd1bd7073234","level":"INFO","thread":"BftProcessorExecutor-QBFT-0","class":"QbftBesuControllerBuilder","message":"Produced #616 / 0 tx / 0 pending / 0 (0.0%) gas / (0xe5b3c944e5b727fb186e56727622ad9c789708ccadefad6adc92033bbdc2850a)","throwable":""}
{"timestamp":"2025-07-02T18:41:20,019","container":"fd1bd7073234","level":"INFO","thread":"BftProcessorExecutor-QBFT-0","class":"QbftBesuControllerBuilder","message":"Imported #617 / 0 tx / 0 pending / 0 (0.0%) gas / (0x18da93d18d990805223b1775ac40f7cb890156fd6933647e8c221a5c5e060cf2)","throwable":""}
{"timestamp":"2025-07-02T18:41:28,019","container":"fd1bd7073234","level":"INFO","thread":"BftProcessorExecutor-QBFT-0","class":"QbftBesuControllerBuilder","message":"Imported #618 / 0 tx / 0 pending / 0 (0.0%) gas / (0xda6a92031ffc9bc9e284ecea57be34c5527f069af3ad00296a3feb3e21b22b8f)","throwable":""}
{"timestamp":"2025-07-02T18:41:36,017","container":"fd1bd7073234","level":"INFO","thread":"BftProcessorExecutor-QBFT-0","class":"QbftBesuControllerBuilder","message":"Imported #619 / 0 tx / 0 pending / 0 (0.0%) gas / (0x1a6c762ae8193e6746bc9d6b211fff86118bd376f84439068b0003c5b3775f49)","throwable":""}
{"timestamp":"2025-07-02T18:41:44,020","container":"fd1bd7073234","level":"INFO","thread":"BftProcessorExecutor-QBFT-0","class":"QbftBesuControllerBuilder","message":"Produced #620 / 0 tx / 0 pending / 0 (0.0%) gas / (0x19a801a5ecfba1ad56de62acaf52007cb755d351a7a42ee1b6c8002dde69b24b)","throwable":""}
{"timestamp":"2025-07-02T18:41:52,025","container":"fd1bd7073234","level":"INFO","thread":"BftProcessorExecutor-QBFT-0","class":"QbftBesuControllerBuilder","message":"Imported #621 / 1 tx / 0 pending / 2,000,000 (0.0%) gas / (0x1d58e15abcf7eaf40d2e3bc13268b09129d5e5f1b87b6d52e8ec6bc2b63d2ba6)","throwable":""}
{"timestamp":"2025-07-02T18:42:00,023","container":"fd1bd7073234","level":"INFO","thread":"BftProcessorExecutor-QBFT-0","class":"QbftBesuControllerBuilder","message":"Imported #622 / 1 tx / 0 pending / 23,604 (0.0%) gas / (0xbbbea6c3c066b0a37191ce43099a8efce7909ad63568251267b6d3a846d0879e)","throwable":""}
{"timestamp":"2025-07-02T18:42:08,015","container":"fd1bd7073234","level":"INFO","thread":"BftProcessorExecutor-QBFT-0","class":"QbftBesuControllerBuilder","message":"Imported #623 / 0 tx / 0 pending / 0 (0.0%) gas / (0x9fb7227b7e6e682e467146363d7542b56e5fa6f4d5a161b85c4f721d0c39a1a2)","throwable":""}
{"timestamp":"2025-07-02T18:42:16,019","container":"fd1bd7073234","level":"INFO","thread":"BftProcessorExecutor-QBFT-0","class":"QbftBesuControllerBuilder","message":"Produced #624 / 0 tx / 0 pending / 0 (0.0%) gas / (0x15f3facf3cbe2a6095da5c0395c0dc0d42b758b0276ce77e6b55096afe6aa192)","throwable":""}
{"timestamp":"2025-07-02T18:42:24,020","container":"fd1bd7073234","level":"INFO","thread":"BftProcessorExecutor-QBFT-0","class":"QbftBesuControllerBuilder","message":"Imported #625 / 0 tx / 0 pending / 0 (0.0%) gas / (0xc7e05bfc852610a1de248a961c3ad1b1a19571fe1a40e87a5111224b342bb3d5)","throwable":""}
{"timestamp":"2025-07-02T18:42:32,018","container":"fd1bd7073234","level":"INFO","thread":"BftProcessorExecutor-QBFT-0","class":"QbftBesuControllerBuilder","message":"Imported #626 / 0 tx / 0 pending / 0 (0.0%) gas / (0x4cb5308c98b3f08a5a5cecbd2404258e5f26822c053f8eaeede16e805c0bed4a)","throwable":""}
{"timestamp":"2025-07-02T18:42:40,011","container":"fd1bd7073234","level":"INFO","thread":"BftProcessorExecutor-QBFT-0","class":"QbftBesuControllerBuilder","message":"Imported #627 / 0 tx / 0 pending / 0 (0.0%) gas / (0x0c83a223c2886fdec10ebf9afbbee2f3bbea80dc1de0020ea28b4b2becf3fe41)","throwable":""}
{"timestamp":"2025-07-02T18:42:48,017","container":"fd1bd7073234","level":"INFO","thread":"BftProcessorExecutor-QBFT-0","class":"QbftBesuControllerBuilder","message":"Produced #628 / 0 tx / 0 pending / 0 (0.0%) gas / (0x98a51fe028afaff67204dd77412b4a286198c871879f6e2104dd13a17e0a07a2)","throwable":""}
{"timestamp":"2025-07-02T18:42:56,021","container":"fd1bd7073234","level":"INFO","thread":"BftProcessorExecutor-QBFT-0","class":"QbftBesuControllerBuilder","message":"Imported #629 / 0 tx / 0 pending / 0 (0.0%) gas / (0x9a35b87a900a478a55ca738569dfbe94d82e7ba9e03e57c5c422df189971487c)","throwable":""}
{"timestamp":"2025-07-02T18:43:04,018","container":"fd1bd7073234","level":"INFO","thread":"BftProcessorExecutor-QBFT-0","class":"QbftBesuControllerBuilder","message":"Imported #630 / 0 tx / 0 pending / 0 (0.0%) gas / (0xeaa9e09eefa88d9cb00bbc5446e9277d496fc62b8070da57573dd14f7961c6e4)","throwable":""}
{"timestamp":"2025-07-02T18:43:12,016","container":"fd1bd7073234","level":"INFO","thread":"BftProcessorExecutor-QBFT-0","class":"QbftBesuControllerBuilder","message":"Imported #631 / 0 tx / 0 pending / 0 (0.0%) gas / (0xa4d439813b7d6c1a81740c0f4fe50dab7c110ccba953187e28decb5339fd8619)","throwable":""}
{"timestamp":"2025-07-02T18:43:20,022","container":"fd1bd7073234","level":"INFO","thread":"BftProcessorExecutor-QBFT-0","class":"QbftBesuControllerBuilder","message":"Produced #632 / 0 tx / 0 pending / 0 (0.0%) gas / (0xdeba471d6311502f99fa574c2da9a99f3adf0da65e416b3e5b443362559752e1)","throwable":""}
{"timestamp":"2025-07-02T18:43:28,014","container":"fd1bd7073234","level":"INFO","thread":"BftProcessorExecutor-QBFT-0","class":"QbftBesuControllerBuilder","message":"Imported #633 / 0 tx / 0 pending / 0 (0.0%) gas / (0x0081675684948511f410594af32aa0a6e837ec722e10912b2d856cbbeedcc787)","throwable":""}
{"timestamp":"2025-07-02T18:43:36,019","container":"fd1bd7073234","level":"INFO","thread":"BftProcessorExecutor-QBFT-0","class":"QbftBesuControllerBuilder","message":"Imported #634 / 0 tx / 0 pending / 0 (0.0%) gas / (0xd0f024741027e8e5e7da15a5e65d04fae1f956ede28b0c48d065c52dd6cb86d2)","throwable":""}
{"timestamp":"2025-07-02T18:43:44,014","container":"fd1bd7073234","level":"INFO","thread":"BftProcessorExecutor-QBFT-0","class":"QbftBesuControllerBuilder","message":"Imported #635 / 0 tx / 0 pending / 0 (0.0%) gas / (0x4f023acc16373a5d21aabf9a613890b12402c7d0c540c624cf8fa63d35d1361a)","throwable":""}
{"timestamp":"2025-07-02T18:43:52,018","container":"fd1bd7073234","level":"INFO","thread":"BftProcessorExecutor-QBFT-0","class":"QbftBesuControllerBuilder","message":"Produced #636 / 0 tx / 0 pending / 0 (0.0%) gas / (0x95a6640862e6314bad51f00a0ae556f7b3f795cdf7e9c695e11eba29a59197f8)","throwable":""}
{"timestamp":"2025-07-02T18:44:00,020","container":"fd1bd7073234","level":"INFO","thread":"BftProcessorExecutor-QBFT-0","class":"QbftBesuControllerBuilder","message":"Imported #637 / 0 tx / 0 pending / 0 (0.0%) gas / (0x7790e33879ae73a343ff712c5aeba1d5087296b4ae7807d61d9a60dfc4883b7b)","throwable":""}
{"timestamp":"2025-07-02T18:44:08,024","container":"fd1bd7073234","level":"INFO","thread":"EthScheduler-Workers-0","class":"PersistBlockTask","message":"Block 638 (0x33daa8ca944e9242051dbc4a53c9a354072bff01ab92066ca6ed555fd54a2244) is already imported","throwable":""}
{"timestamp":"2025-07-02T18:44:08,025","container":"fd1bd7073234","level":"INFO","thread":"BftProcessorExecutor-QBFT-0","class":"QbftBesuControllerBuilder","message":"Imported #638 / 0 tx / 0 pending / 0 (0.0%) gas / (0x33daa8ca944e9242051dbc4a53c9a354072bff01ab92066ca6ed555fd54a2244)","throwable":""}
{"timestamp":"2025-07-02T18:44:16,023","container":"fd1bd7073234","level":"INFO","thread":"BftProcessorExecutor-QBFT-0","class":"QbftBesuControllerBuilder","message":"Imported #639 / 0 tx / 0 pending / 0 (0.0%) gas / (0x577514086032a30f9e49e8f476c73a6dbf7ec81e12b7cdb83a348c59177f5480)","throwable":""}
{"timestamp":"2025-07-02T18:44:24,019","container":"fd1bd7073234","level":"INFO","thread":"BftProcessorExecutor-QBFT-0","class":"QbftBesuControllerBuilder","message":"Produced #640 / 0 tx / 0 pending / 0 (0.0%) gas / (0x9480d1fd5d8ac3d6635274454eb56cf2fce079488275b7950815757ffb1b928c)","throwable":""}
{"timestamp":"2025-07-02T18:44:32,017","container":"fd1bd7073234","level":"INFO","thread":"BftProcessorExecutor-QBFT-0","class":"QbftBesuControllerBuilder","message":"Imported #641 / 0 tx / 0 pending / 0 (0.0%) gas / (0x49b501fc03517770f0d6cdbca18eaa8618d4b4fb6a9b1df39560ee23978237bc)","throwable":""}
{"timestamp":"2025-07-02T18:44:40,018","container":"fd1bd7073234","level":"INFO","thread":"BftProcessorExecutor-QBFT-0","class":"QbftBesuControllerBuilder","message":"Imported #642 / 0 tx / 0 pending / 0 (0.0%) gas / (0x9d1f72e37ec2883c4c114681800e2aac5aad3a93ff4f18ebbef14b584e31dd58)","throwable":""}
{"timestamp":"2025-07-02T18:44:48,012","container":"fd1bd7073234","level":"INFO","thread":"BftProcessorExecutor-QBFT-0","class":"QbftBesuControllerBuilder","message":"Imported #643 / 0 tx / 0 pending / 0 (0.0%) gas / (0x39080363002e3d53d1aa5d42254261ebe4d14d90bef662b2839b559288e07a23)","throwable":""}
{"timestamp":"2025-07-02T18:44:56,014","container":"fd1bd7073234","level":"INFO","thread":"BftProcessorExecutor-QBFT-0","class":"QbftBesuControllerBuilder","message":"Produced #644 / 0 tx / 0 pending / 0 (0.0%) gas / (0x496c1d795c555d40881219a4c2b913fe130230085978056d13d331bb592a396b)","throwable":""}
{"timestamp":"2025-07-02T18:45:04,018","container":"fd1bd7073234","level":"INFO","thread":"BftProcessorExecutor-QBFT-0","class":"QbftBesuControllerBuilder","message":"Imported #645 / 0 tx / 0 pending / 0 (0.0%) gas / (0x68ee96036d58f009218d911f70bb4dcb4f2941257af87b78fefa4c2e3461be28)","throwable":""}
{"timestamp":"2025-07-02T18:45:12,020","container":"fd1bd7073234","level":"INFO","thread":"BftProcessorExecutor-QBFT-0","class":"QbftBesuControllerBuilder","message":"Imported #646 / 0 tx / 0 pending / 0 (0.0%) gas / (0xc82995d3aac1bf8efc6d2242ca3687afc63e1108a203310534235649a09416b5)","throwable":""}
{"timestamp":"2025-07-02T18:45:20,013","container":"fd1bd7073234","level":"INFO","thread":"BftProcessorExecutor-QBFT-0","class":"QbftBesuControllerBuilder","message":"Imported #647 / 0 tx / 0 pending / 0 (0.0%) gas / (0xe432104acfb682431c9e64b3ee7f38c2e49a543981985d2490d5a446e94cbf98)","throwable":""}
{"timestamp":"2025-07-02T18:45:28,020","container":"fd1bd7073234","level":"INFO","thread":"BftProcessorExecutor-QBFT-0","class":"QbftBesuControllerBuilder","message":"Produced #648 / 0 tx / 0 pending / 0 (0.0%) gas / (0xc275d3328b8b9cfe5f6c056e50b2275a134b2c0ff4166c0c6cd44cea7059c38c)","throwable":""}
{"timestamp":"2025-07-02T18:45:36,016","container":"fd1bd7073234","level":"INFO","thread":"BftProcessorExecutor-QBFT-0","class":"QbftBesuControllerBuilder","message":"Imported #649 / 0 tx / 0 pending / 0 (0.0%) gas / (0x2b3d491ae7f9e0c657d06fc63697cec745d9b338b3f817bb79a533ada5a8cc0f)","throwable":""}
{"timestamp":"2025-07-02T18:45:44,016","container":"fd1bd7073234","level":"INFO","thread":"BftProcessorExecutor-QBFT-0","class":"QbftBesuControllerBuilder","message":"Imported #650 / 0 tx / 0 pending / 0 (0.0%) gas / (0xd49067095150bfe3c5d050da58fc8c2ba8bbbc6c00faff461d779d00d0d8febc)","throwable":""}
{"timestamp":"2025-07-02T18:45:52,005","container":"fd1bd7073234","level":"INFO","thread":"BftProcessorExecutor-QBFT-0","class":"QbftBesuControllerBuilder","message":"Imported #651 / 0 tx / 0 pending / 0 (0.0%) gas / (0xd7970d573d7357c78735b4b30a3635011285e045492ffc96282aa3d1ca56f61f)","throwable":""}
{"timestamp":"2025-07-02T18:46:00,019","container":"fd1bd7073234","level":"INFO","thread":"BftProcessorExecutor-QBFT-0","class":"QbftBesuControllerBuilder","message":"Produced #652 / 0 tx / 0 pending / 0 (0.0%) gas / (0x1c6fe996a892e8f8beae5ff9ecc3a65ad5045fa0eaa36a3d1cf23e71bad9c39c)","throwable":""}
{"timestamp":"2025-07-02T18:46:08,019","container":"fd1bd7073234","level":"INFO","thread":"BftProcessorExecutor-QBFT-0","class":"QbftBesuControllerBuilder","message":"Imported #653 / 0 tx / 0 pending / 0 (0.0%) gas / (0xa98204ef684e4ce6adb262ac497caebadcad816aedb3313d660543e03b526c50)","throwable":""}
{"timestamp":"2025-07-02T18:46:16,022","container":"fd1bd7073234","level":"INFO","thread":"BftProcessorExecutor-QBFT-0","class":"QbftBesuControllerBuilder","message":"Imported #654 / 0 tx / 0 pending / 0 (0.0%) gas / (0xdf45955709eeb153c0c669e254f7da9b2d8125799356e4245d046867630e28e5)","throwable":""}
{"timestamp":"2025-07-02T18:46:24,019","container":"fd1bd7073234","level":"INFO","thread":"BftProcessorExecutor-QBFT-0","class":"QbftBesuControllerBuilder","message":"Imported #655 / 0 tx / 0 pending / 0 (0.0%) gas / (0xcb72258c3bf647971ab78f1de25021af863b295531a1b00e43ff91af96732c6d)","throwable":""}
{"timestamp":"2025-07-02T18:46:32,018","container":"fd1bd7073234","level":"INFO","thread":"BftProcessorExecutor-QBFT-0","class":"QbftBesuControllerBuilder","message":"Produced #656 / 0 tx / 0 pending / 0 (0.0%) gas / (0xd7518467cc86639339fc410ea7edeec921de557483649ac28eede13872acd2f6)","throwable":""}
{"timestamp":"2025-07-02T18:46:40,018","container":"fd1bd7073234","level":"INFO","thread":"BftProcessorExecutor-QBFT-0","class":"QbftBesuControllerBuilder","message":"Imported #657 / 0 tx / 0 pending / 0 (0.0%) gas / (0x29491f83aa4d30c7651daf714db55310eb76c5b131d2eca19cbd0b7a79555464)","throwable":""}
{"timestamp":"2025-07-02T18:46:48,019","container":"fd1bd7073234","level":"INFO","thread":"BftProcessorExecutor-QBFT-0","class":"QbftBesuControllerBuilder","message":"Imported #658 / 0 tx / 0 pending / 0 (0.0%) gas / (0xf518cec762d1f71c705c2f9a70a8b8096239e8d976160d2bea683d8482e7cf0a)","throwable":""}
{"timestamp":"2025-07-02T18:46:56,013","container":"fd1bd7073234","level":"INFO","thread":"BftProcessorExecutor-QBFT-0","class":"QbftBesuControllerBuilder","message":"Imported #659 / 0 tx / 0 pending / 0 (0.0%) gas / (0x0c3aafd936b427b7a6f7103fccca5109334c19ccbee988645e130152fea381b2)","throwable":""}
{"timestamp":"2025-07-02T18:47:04,018","container":"fd1bd7073234","level":"INFO","thread":"BftProcessorExecutor-QBFT-0","class":"QbftBesuControllerBuilder","message":"Produced #660 / 0 tx / 0 pending / 0 (0.0%) gas / (0xf91fed3daae3889f3ac6dcc95a4d8b8a35416a81560c8e0f72f42f3b33aab6e2)","throwable":""}
{"timestamp":"2025-07-02T18:47:12,019","container":"fd1bd7073234","level":"INFO","thread":"BftProcessorExecutor-QBFT-0","class":"QbftBesuControllerBuilder","message":"Imported #661 / 0 tx / 0 pending / 0 (0.0%) gas / (0xea659720ecb2d1fcf4a53274333a3b6dd8a0ee817fcd1f5006f93877e792e29a)","throwable":""}
{"timestamp":"2025-07-02T18:47:20,019","container":"fd1bd7073234","level":"INFO","thread":"BftProcessorExecutor-QBFT-0","class":"QbftBesuControllerBuilder","message":"Imported #662 / 0 tx / 0 pending / 0 (0.0%) gas / (0xb6219e2e5ca87bbf71e01f2c2a94f087ac9d8322d975c74a68dca8c4047d09a6)","throwable":""}
{"timestamp":"2025-07-02T18:47:28,016","container":"fd1bd7073234","level":"INFO","thread":"BftProcessorExecutor-QBFT-0","class":"QbftBesuControllerBuilder","message":"Imported #663 / 0 tx / 0 pending / 0 (0.0%) gas / (0x340dba6b22e64aea5b70d8746a16adce7f993dc0c1dcb66d54d14e4443fafb2a)","throwable":""}
{"timestamp":"2025-07-02T18:47:36,017","container":"fd1bd7073234","level":"INFO","thread":"BftProcessorExecutor-QBFT-0","class":"QbftBesuControllerBuilder","message":"Produced #664 / 0 tx / 0 pending / 0 (0.0%) gas / (0xcbb4ea6b44653597927b865b5cabfed63d7624d7db1d70aaa7a7c757255764a5)","throwable":""}
{"timestamp":"2025-07-02T18:47:44,020","container":"fd1bd7073234","level":"INFO","thread":"BftProcessorExecutor-QBFT-0","class":"QbftBesuControllerBuilder","message":"Imported #665 / 0 tx / 0 pending / 0 (0.0%) gas / (0xe7707560a98d5da5f7482f1d82ebf30e3ac1b303792d0e836b353f7ffaad96d2)","throwable":""}
{"timestamp":"2025-07-02T18:47:52,019","container":"fd1bd7073234","level":"INFO","thread":"BftProcessorExecutor-QBFT-0","class":"QbftBesuControllerBuilder","message":"Imported #666 / 0 tx / 0 pending / 0 (0.0%) gas / (0xc1c3616b0a68a1a817efc6186d0d641bbe4c40e976c94253c4635c32f89cf63e)","throwable":""}
{"timestamp":"2025-07-02T18:48:00,017","container":"fd1bd7073234","level":"INFO","thread":"BftProcessorExecutor-QBFT-0","class":"QbftBesuControllerBuilder","message":"Imported #667 / 0 tx / 0 pending / 0 (0.0%) gas / (0x9a1c2a2af63d8ca83c417d237458c6614aad8daf70f08089d6b2ce2d1ca8ad78)","throwable":""}
{"timestamp":"2025-07-02T18:48:08,009","container":"fd1bd7073234","level":"INFO","thread":"BftProcessorExecutor-QBFT-0","class":"QbftBesuControllerBuilder","message":"Produced #668 / 0 tx / 0 pending / 0 (0.0%) gas / (0x891d4aa5975f25e0e08e7d7169f0f2e4611ee34bcff1adb42448751ce81bef44)","throwable":""}
{"timestamp":"2025-07-02T18:48:16,020","container":"fd1bd7073234","level":"INFO","thread":"BftProcessorExecutor-QBFT-0","class":"QbftBesuControllerBuilder","message":"Imported #669 / 0 tx / 0 pending / 0 (0.0%) gas / (0x8e54cee4bc3a299709d91a956d80c3eb9058b26d5a9cd56f23e6ad6fccd9b81f)","throwable":""}
{"timestamp":"2025-07-02T18:48:24,016","container":"fd1bd7073234","level":"INFO","thread":"BftProcessorExecutor-QBFT-0","class":"QbftBesuControllerBuilder","message":"Imported #670 / 0 tx / 0 pending / 0 (0.0%) gas / (0x52def91c695ae47bbf17326eecf33681dbabcf5781b8fc187aad0e5c9c0cea5c)","throwable":""}
{"timestamp":"2025-07-02T18:48:32,030","container":"fd1bd7073234","level":"INFO","thread":"BftProcessorExecutor-QBFT-0","class":"QbftBesuControllerBuilder","message":"Imported #671 / 0 tx / 0 pending / 0 (0.0%) gas / (0xf6e1f336739b0e1d09f02545e9a4bf4694f797bd2e67cf5799bcd8e44ea80ef2)","throwable":""}
{"timestamp":"2025-07-02T18:48:40,028","container":"fd1bd7073234","level":"INFO","thread":"BftProcessorExecutor-QBFT-0","class":"QbftBesuControllerBuilder","message":"Produced #672 / 0 tx / 0 pending / 0 (0.0%) gas / (0x5baa14d31d21054d119bcb27c4d4ee0e41dcd8d9bf4a86b2d238ffbb7547e8bb)","throwable":""}
{"timestamp":"2025-07-02T18:48:48,023","container":"fd1bd7073234","level":"INFO","thread":"BftProcessorExecutor-QBFT-0","class":"QbftBesuControllerBuilder","message":"Imported #673 / 0 tx / 0 pending / 0 (0.0%) gas / (0xfbd6038f7d12dd913534ffa8014cd163ac0bde619ee3524ef72e3897c1005b04)","throwable":""}
{"timestamp":"2025-07-02T18:48:56,021","container":"fd1bd7073234","level":"INFO","thread":"BftProcessorExecutor-QBFT-0","class":"QbftBesuControllerBuilder","message":"Imported #674 / 0 tx / 0 pending / 0 (0.0%) gas / (0xa315806250d007e13686454ed7c5eb67212615a67520732631dce88379fa370a)","throwable":""}
{"timestamp":"2025-07-02T18:49:04,012","container":"fd1bd7073234","level":"INFO","thread":"BftProcessorExecutor-QBFT-0","class":"QbftBesuControllerBuilder","message":"Imported #675 / 0 tx / 0 pending / 0 (0.0%) gas / (0x7215ec6e2b4756abcb1cf1639f6f32b2c8dfb0e0319ddd966fd2099c8bc1c141)","throwable":""}
{"timestamp":"2025-07-02T18:49:12,009","container":"fd1bd7073234","level":"INFO","thread":"BftProcessorExecutor-QBFT-0","class":"QbftBesuControllerBuilder","message":"Produced #676 / 0 tx / 0 pending / 0 (0.0%) gas / (0xfcd68a6ad1dfa07dabe9a415f8944488f138f0c979301cbfa9bcadd3fed4a245)","throwable":""}
{"timestamp":"2025-07-02T18:49:20,019","container":"fd1bd7073234","level":"INFO","thread":"BftProcessorExecutor-QBFT-0","class":"QbftBesuControllerBuilder","message":"Imported #677 / 0 tx / 0 pending / 0 (0.0%) gas / (0x8ab4ac9b4ac56aca73196d323a682c5d886692fedec7539c9fa3b24968d63df0)","throwable":""}
{"timestamp":"2025-07-02T18:49:28,021","container":"fd1bd7073234","level":"INFO","thread":"BftProcessorExecutor-QBFT-0","class":"QbftBesuControllerBuilder","message":"Imported #678 / 0 tx / 0 pending / 0 (0.0%) gas / (0xfb1190849df443a87bc87a68c38dee85d551f2bc6b1de84669463767cc89c09a)","throwable":""}
{"timestamp":"2025-07-02T18:49:36,014","container":"fd1bd7073234","level":"INFO","thread":"BftProcessorExecutor-QBFT-0","class":"QbftBesuControllerBuilder","message":"Imported #679 / 0 tx / 0 pending / 0 (0.0%) gas / (0xd801a9631212af5fc2c133058c21a3044e33aedd4fc1892b08f88235f21352f2)","throwable":""}
{"timestamp":"2025-07-02T18:49:44,018","container":"fd1bd7073234","level":"INFO","thread":"BftProcessorExecutor-QBFT-0","class":"QbftBesuControllerBuilder","message":"Produced #680 / 0 tx / 0 pending / 0 (0.0%) gas / (0x410c13172c459b8cafca5bacd876c67c35f1e6df49b51cd9834312916a7af3cc)","throwable":""}
{"timestamp":"2025-07-02T18:49:52,011","container":"fd1bd7073234","level":"INFO","thread":"BftProcessorExecutor-QBFT-0","class":"QbftBesuControllerBuilder","message":"Imported #681 / 0 tx / 0 pending / 0 (0.0%) gas / (0xe22e8b80521b412beec36ef8fb3cea81c0c3f96a7e8d5fff7b7a8e7ff4c4d537)","throwable":""}
{"timestamp":"2025-07-02T18:50:00,022","container":"fd1bd7073234","level":"INFO","thread":"BftProcessorExecutor-QBFT-0","class":"QbftBesuControllerBuilder","message":"Imported #682 / 0 tx / 0 pending / 0 (0.0%) gas / (0x438b550ef0834b2e4e5068cf8f1bb76a230d8ba995f1e34be73c4c900cb61cca)","throwable":""}
{"timestamp":"2025-07-02T18:50:08,020","container":"fd1bd7073234","level":"INFO","thread":"BftProcessorExecutor-QBFT-0","class":"QbftBesuControllerBuilder","message":"Imported #683 / 0 tx / 0 pending / 0 (0.0%) gas / (0x37d72dca939f4b13547638531f307a50e4351f924071f57cce0f9b178a08a835)","throwable":""}
{"timestamp":"2025-07-02T18:50:16,020","container":"fd1bd7073234","level":"INFO","thread":"BftProcessorExecutor-QBFT-0","class":"QbftBesuControllerBuilder","message":"Produced #684 / 0 tx / 0 pending / 0 (0.0%) gas / (0xdf5c64621e7c2ede2fb6b6c9f29e15bdee686dae0a694db5a8a953de06600303)","throwable":""}
{"timestamp":"2025-07-02T18:50:24,018","container":"fd1bd7073234","level":"INFO","thread":"BftProcessorExecutor-QBFT-0","class":"QbftBesuControllerBuilder","message":"Imported #685 / 0 tx / 0 pending / 0 (0.0%) gas / (0xbd361aa7b8a4e365bc40a42cc10fdf74c6dadc0d2ace34e79de4bada7c5c19a6)","throwable":""}
{"timestamp":"2025-07-02T18:50:32,017","container":"fd1bd7073234","level":"INFO","thread":"BftProcessorExecutor-QBFT-0","class":"QbftBesuControllerBuilder","message":"Imported #686 / 0 tx / 0 pending / 0 (0.0%) gas / (0x6317b4ccd0d7ee5f4ff914f1ed19a2c7e7aa4ddfa8d147a093d0290ad06fe067)","throwable":""}
{"timestamp":"2025-07-02T18:50:40,014","container":"fd1bd7073234","level":"INFO","thread":"BftProcessorExecutor-QBFT-0","class":"QbftBesuControllerBuilder","message":"Imported #687 / 0 tx / 0 pending / 0 (0.0%) gas / (0x8c668bf857cf25fa0eef8407ae0e83c84d7f63f37580bf8760ef00eda8a1c7a8)","throwable":""}
{"timestamp":"2025-07-02T18:50:48,016","container":"fd1bd7073234","level":"INFO","thread":"BftProcessorExecutor-QBFT-0","class":"QbftBesuControllerBuilder","message":"Produced #688 / 0 tx / 0 pending / 0 (0.0%) gas / (0x2cd589c39672084743a4e568c16ae1efc2907003e45c06308482ed02b39e95bf)","throwable":""}
{"timestamp":"2025-07-02T18:50:56,016","container":"fd1bd7073234","level":"INFO","thread":"BftProcessorExecutor-QBFT-0","class":"QbftBesuControllerBuilder","message":"Imported #689 / 0 tx / 0 pending / 0 (0.0%) gas / (0x792471914a328559e5069c684bc6de10e4a8474352a8ffda043bbfef345c083a)","throwable":""}
{"timestamp":"2025-07-02T18:51:04,021","container":"fd1bd7073234","level":"INFO","thread":"BftProcessorExecutor-QBFT-0","class":"QbftBesuControllerBuilder","message":"Imported #690 / 0 tx / 0 pending / 0 (0.0%) gas / (0xbafb043797523185aeeb10481648ed6b1843da2bb87a243d765b67fbb281e1ae)","throwable":""}
{"timestamp":"2025-07-02T18:51:12,027","container":"fd1bd7073234","level":"INFO","thread":"EthScheduler-Workers-0","class":"PersistBlockTask","message":"Block 691 (0xa6a34c89a95eb00686e26a196868e075fb8f0ed7d269af0b1ae8dae4a606c978) is already imported","throwable":""}
{"timestamp":"2025-07-02T18:51:12,027","container":"fd1bd7073234","level":"INFO","thread":"BftProcessorExecutor-QBFT-0","class":"QbftBesuControllerBuilder","message":"Imported #691 / 0 tx / 0 pending / 0 (0.0%) gas / (0xa6a34c89a95eb00686e26a196868e075fb8f0ed7d269af0b1ae8dae4a606c978)","throwable":""}
{"timestamp":"2025-07-02T18:51:20,016","container":"fd1bd7073234","level":"INFO","thread":"BftProcessorExecutor-QBFT-0","class":"QbftBesuControllerBuilder","message":"Produced #692 / 0 tx / 0 pending / 0 (0.0%) gas / (0x6391f44b60501a976a46f1aac3ae89f6c092f2a7b4cf9341e0aa4e5498e77ec3)","throwable":""}
{"timestamp":"2025-07-02T18:51:28,023","container":"fd1bd7073234","level":"INFO","thread":"BftProcessorExecutor-QBFT-0","class":"QbftBesuControllerBuilder","message":"Imported #693 / 0 tx / 0 pending / 0 (0.0%) gas / (0xa35bb5fa2e231b5b7d7fb4300055211c0ea73f5f4c2fec94b031fab252cac857)","throwable":""}
{"timestamp":"2025-07-02T18:51:36,020","container":"fd1bd7073234","level":"INFO","thread":"BftProcessorExecutor-QBFT-0","class":"QbftBesuControllerBuilder","message":"Imported #694 / 0 tx / 0 pending / 0 (0.0%) gas / (0xa749b4b16d05a02952c89fe184baa81a2140a9f6cf8c4310e7bed8815fb7b586)","throwable":""}
{"timestamp":"2025-07-02T18:51:44,012","container":"fd1bd7073234","level":"INFO","thread":"BftProcessorExecutor-QBFT-0","class":"QbftBesuControllerBuilder","message":"Imported #695 / 0 tx / 0 pending / 0 (0.0%) gas / (0x0c01fe6c2a951831bf7fd4dfc7198510c8fb34ee447971a44048cee2288ab4d8)","throwable":""}
{"timestamp":"2025-07-02T18:51:52,019","container":"fd1bd7073234","level":"INFO","thread":"BftProcessorExecutor-QBFT-0","class":"QbftBesuControllerBuilder","message":"Produced #696 / 0 tx / 0 pending / 0 (0.0%) gas / (0x29c1e0b8912e5b6b57aede2b534f83730babd786d8dcb2e5ee30fdd3aaa5a23e)","throwable":""}
{"timestamp":"2025-07-02T18:52:00,021","container":"fd1bd7073234","level":"INFO","thread":"BftProcessorExecutor-QBFT-0","class":"QbftBesuControllerBuilder","message":"Imported #697 / 0 tx / 0 pending / 0 (0.0%) gas / (0x9a93af96e1985d77015bb9e8d056c131a03be2c8eacaf29a3fed8af53bc3bfe5)","throwable":""}
{"timestamp":"2025-07-02T18:52:08,020","container":"fd1bd7073234","level":"INFO","thread":"BftProcessorExecutor-QBFT-0","class":"QbftBesuControllerBuilder","message":"Imported #698 / 0 tx / 0 pending / 0 (0.0%) gas / (0xbfc3e0fe68fb36a1dc4367e1200e4510c1a6d80ad7b883eb4fea9f5067e3a355)","throwable":""}
{"timestamp":"2025-07-02T18:52:16,019","container":"fd1bd7073234","level":"INFO","thread":"BftProcessorExecutor-QBFT-0","class":"QbftBesuControllerBuilder","message":"Imported #699 / 0 tx / 0 pending / 0 (0.0%) gas / (0xa796c9626a9389d23eea432c7c80ecfd91c43cb7b41cb0d19672e86607da3022)","throwable":""}
{"timestamp":"2025-07-02T18:52:24,017","container":"fd1bd7073234","level":"INFO","thread":"BftProcessorExecutor-QBFT-0","class":"QbftBesuControllerBuilder","message":"Produced #700 / 0 tx / 0 pending / 0 (0.0%) gas / (0x21602532c1524439fe28f7482ae4c28b97c8e85b6c5405f3f655a1e6e597df10)","throwable":""}
{"timestamp":"2025-07-02T18:52:32,017","container":"fd1bd7073234","level":"INFO","thread":"BftProcessorExecutor-QBFT-0","class":"QbftBesuControllerBuilder","message":"Imported #701 / 0 tx / 0 pending / 0 (0.0%) gas / (0xf96f8db18efc4a034dc2c38d5a82136d8676165889801867024324559a8fb14b)","throwable":""}
{"timestamp":"2025-07-02T18:52:40,017","container":"fd1bd7073234","level":"INFO","thread":"BftProcessorExecutor-QBFT-0","class":"QbftBesuControllerBuilder","message":"Imported #702 / 0 tx / 0 pending / 0 (0.0%) gas / (0xa11af43ffe828d4c1334078bfee34c4ab961a308463715fe88ba4ef9edcdaf40)","throwable":""}
{"timestamp":"2025-07-02T18:52:48,014","container":"fd1bd7073234","level":"INFO","thread":"BftProcessorExecutor-QBFT-0","class":"QbftBesuControllerBuilder","message":"Imported #703 / 0 tx / 0 pending / 0 (0.0%) gas / (0x8f30bc1cc06d3bd035c00f202ced608be00b616bc8913801870d9fb0a8285198)","throwable":""}
{"timestamp":"2025-07-02T18:52:56,016","container":"fd1bd7073234","level":"INFO","thread":"BftProcessorExecutor-QBFT-0","class":"QbftBesuControllerBuilder","message":"Produced #704 / 0 tx / 0 pending / 0 (0.0%) gas / (0xbaf7609d83603f7d9f2a4dd593d2df69f43d66d569e465053330e0a5df7c3f75)","throwable":""}
{"timestamp":"2025-07-02T18:53:04,016","container":"fd1bd7073234","level":"INFO","thread":"BftProcessorExecutor-QBFT-0","class":"QbftBesuControllerBuilder","message":"Imported #705 / 0 tx / 0 pending / 0 (0.0%) gas / (0x358188bbe8a536496bfaffd491087e607727dc9a59a4e05cfd2401203c30a794)","throwable":""}
{"timestamp":"2025-07-02T18:53:12,019","container":"fd1bd7073234","level":"INFO","thread":"BftProcessorExecutor-QBFT-0","class":"QbftBesuControllerBuilder","message":"Imported #706 / 0 tx / 0 pending / 0 (0.0%) gas / (0x3ebed5fcdc9ceae8d684589b1c03a9c957612db6799c5cc2106c176995e38014)","throwable":""}
{"timestamp":"2025-07-02T18:53:20,011","container":"fd1bd7073234","level":"INFO","thread":"BftProcessorExecutor-QBFT-0","class":"QbftBesuControllerBuilder","message":"Imported #707 / 0 tx / 0 pending / 0 (0.0%) gas / (0x8ce4609883f5abe0f4d9dc1ffadcdab39afb772d32ab98c806a36ae07b9d5960)","throwable":""}
{"timestamp":"2025-07-02T18:53:28,019","container":"fd1bd7073234","level":"INFO","thread":"BftProcessorExecutor-QBFT-0","class":"QbftBesuControllerBuilder","message":"Produced #708 / 0 tx / 0 pending / 0 (0.0%) gas / (0x3d855707839ec0fee1b66c5b8d38ed60bf098671511ec99cf513ff331968c522)","throwable":""}
{"timestamp":"2025-07-02T18:53:36,020","container":"fd1bd7073234","level":"INFO","thread":"BftProcessorExecutor-QBFT-0","class":"QbftBesuControllerBuilder","message":"Imported #709 / 0 tx / 0 pending / 0 (0.0%) gas / (0x9212203b45bdf58d3de545ffe85328a895586f1866ffeb18c426ee3d0d5948f6)","throwable":""}
{"timestamp":"2025-07-02T18:53:44,017","container":"fd1bd7073234","level":"INFO","thread":"BftProcessorExecutor-QBFT-0","class":"QbftBesuControllerBuilder","message":"Imported #710 / 0 tx / 0 pending / 0 (0.0%) gas / (0xd107cdce137480f8a605d6c8e31483a33eaa929ee08370497c6ab7f657e71f43)","throwable":""}
{"timestamp":"2025-07-02T18:53:52,020","container":"fd1bd7073234","level":"INFO","thread":"EthScheduler-Workers-0","class":"PersistBlockTask","message":"Block 711 (0x2f38affcdf78954a29d0a9fcc86dca071e21990f52d523d563320434591e79c5) is already imported","throwable":""}
{"timestamp":"2025-07-02T18:53:52,020","container":"fd1bd7073234","level":"INFO","thread":"BftProcessorExecutor-QBFT-0","class":"QbftBesuControllerBuilder","message":"Imported #711 / 0 tx / 0 pending / 0 (0.0%) gas / (0x2f38affcdf78954a29d0a9fcc86dca071e21990f52d523d563320434591e79c5)","throwable":""}
{"timestamp":"2025-07-02T18:54:00,019","container":"fd1bd7073234","level":"INFO","thread":"BftProcessorExecutor-QBFT-0","class":"QbftBesuControllerBuilder","message":"Produced #712 / 0 tx / 0 pending / 0 (0.0%) gas / (0x803ab547577b7484efcc55b7ef3d97e89b262bf4bb15eb7cd3134acad79cf002)","throwable":""}
{"timestamp":"2025-07-02T18:54:08,017","container":"fd1bd7073234","level":"INFO","thread":"BftProcessorExecutor-QBFT-0","class":"QbftBesuControllerBuilder","message":"Imported #713 / 0 tx / 0 pending / 0 (0.0%) gas / (0xdf91fe550b9b9e5b495e9cf18bc04ef40bd042b83d6d326ac2c4ab804e5c0987)","throwable":""}
{"timestamp":"2025-07-02T18:54:16,019","container":"fd1bd7073234","level":"INFO","thread":"BftProcessorExecutor-QBFT-0","class":"QbftBesuControllerBuilder","message":"Imported #714 / 0 tx / 0 pending / 0 (0.0%) gas / (0xc00d97345182c315709c952eb54c91e8897916dd58722aafbd437ae7826bdb3b)","throwable":""}
{"timestamp":"2025-07-02T18:54:24,009","container":"fd1bd7073234","level":"INFO","thread":"BftProcessorExecutor-QBFT-0","class":"QbftBesuControllerBuilder","message":"Imported #715 / 0 tx / 0 pending / 0 (0.0%) gas / (0x1f41e7d337c7248fc7b0328b0e299d5876d75d1c7c320ab15d68b0c188c2b9ea)","throwable":""}
{"timestamp":"2025-07-02T18:54:32,016","container":"fd1bd7073234","level":"INFO","thread":"BftProcessorExecutor-QBFT-0","class":"QbftBesuControllerBuilder","message":"Produced #716 / 0 tx / 0 pending / 0 (0.0%) gas / (0x97fee9a670335902c859b87e8273fed60ed3b7d36a82e5af408ba569483d16cf)","throwable":""}
{"timestamp":"2025-07-02T18:54:40,020","container":"fd1bd7073234","level":"INFO","thread":"BftProcessorExecutor-QBFT-0","class":"QbftBesuControllerBuilder","message":"Imported #717 / 0 tx / 0 pending / 0 (0.0%) gas / (0x4311f3294ce4ad562f8f79afdb9925e42a0c2eaa52c04b6c437f1ab46755dfd5)","throwable":""}
{"timestamp":"2025-07-02T18:54:48,017","container":"fd1bd7073234","level":"INFO","thread":"BftProcessorExecutor-QBFT-0","class":"QbftBesuControllerBuilder","message":"Imported #718 / 0 tx / 0 pending / 0 (0.0%) gas / (0x705f95c3a8650bf80faffdd86dca7ce32a7aa4798c0907a07641dcb920842ebf)","throwable":""}
{"timestamp":"2025-07-02T18:54:56,012","container":"fd1bd7073234","level":"INFO","thread":"BftProcessorExecutor-QBFT-0","class":"QbftBesuControllerBuilder","message":"Imported #719 / 0 tx / 0 pending / 0 (0.0%) gas / (0x57cf4e353adb2589a5e55a7b69dda8b4f32e371a8c0f59a44480ea4d427db12b)","throwable":""}
{"timestamp":"2025-07-02T18:55:04,017","container":"fd1bd7073234","level":"INFO","thread":"BftProcessorExecutor-QBFT-0","class":"QbftBesuControllerBuilder","message":"Produced #720 / 0 tx / 0 pending / 0 (0.0%) gas / (0x8e0f4fad3bc37bcdf6a5044847a8280f0c43eec54b0c579f162c134d5a994036)","throwable":""}
{"timestamp":"2025-07-02T18:55:12,017","container":"fd1bd7073234","level":"INFO","thread":"BftProcessorExecutor-QBFT-0","class":"QbftBesuControllerBuilder","message":"Imported #721 / 0 tx / 0 pending / 0 (0.0%) gas / (0x3cc3f4897b2df956416aefd186044eefca183ba3e4960d16b2effc43c30d26f5)","throwable":""}
{"timestamp":"2025-07-02T18:55:20,019","container":"fd1bd7073234","level":"INFO","thread":"BftProcessorExecutor-QBFT-0","class":"QbftBesuControllerBuilder","message":"Imported #722 / 0 tx / 0 pending / 0 (0.0%) gas / (0xcd4348b3be094bb0f2bdac0fc5dcff64576726f7c67afde64cbf08f5897304af)","throwable":""}
{"timestamp":"2025-07-02T18:55:28,022","container":"fd1bd7073234","level":"INFO","thread":"BftProcessorExecutor-QBFT-0","class":"QbftBesuControllerBuilder","message":"Imported #723 / 0 tx / 0 pending / 0 (0.0%) gas / (0x2f5cd07713a974d967a25f913803688f586a0ac6e7aa55f10a9eea76bb3fe384)","throwable":""}
{"timestamp":"2025-07-02T18:55:36,019","container":"fd1bd7073234","level":"INFO","thread":"BftProcessorExecutor-QBFT-0","class":"QbftBesuControllerBuilder","message":"Produced #724 / 0 tx / 0 pending / 0 (0.0%) gas / (0x99f330a51335b5dc6d941f49c0e90a57734221e200f316185fca2c237033b1fd)","throwable":""}
{"timestamp":"2025-07-02T18:55:44,020","container":"fd1bd7073234","level":"INFO","thread":"BftProcessorExecutor-QBFT-0","class":"QbftBesuControllerBuilder","message":"Imported #725 / 0 tx / 0 pending / 0 (0.0%) gas / (0x20b8d9d703e450fe6b3e60eba602dcbb1f680db25b7f829fc1eb0d6445028c95)","throwable":""}
{"timestamp":"2025-07-02T18:55:52,018","container":"fd1bd7073234","level":"INFO","thread":"BftProcessorExecutor-QBFT-0","class":"QbftBesuControllerBuilder","message":"Imported #726 / 0 tx / 0 pending / 0 (0.0%) gas / (0x95d355b5213777bab803a20e3400c279717800cff33230a32d6eaae1fb80f894)","throwable":""}
{"timestamp":"2025-07-02T18:56:00,014","container":"fd1bd7073234","level":"INFO","thread":"BftProcessorExecutor-QBFT-0","class":"QbftBesuControllerBuilder","message":"Imported #727 / 0 tx / 0 pending / 0 (0.0%) gas / (0x11b02b5f968eef0e1a8ac8bd70a1a909400efa552b9c703002cacd7b2a946661)","throwable":""}
{"timestamp":"2025-07-02T18:56:08,016","container":"fd1bd7073234","level":"INFO","thread":"BftProcessorExecutor-QBFT-0","class":"QbftBesuControllerBuilder","message":"Produced #728 / 0 tx / 0 pending / 0 (0.0%) gas / (0xdcae6531ecc41cea97bb23365228aab1716da99c441fa78d0113e6570d5481a2)","throwable":""}
{"timestamp":"2025-07-02T18:56:16,018","container":"fd1bd7073234","level":"INFO","thread":"BftProcessorExecutor-QBFT-0","class":"QbftBesuControllerBuilder","message":"Imported #729 / 0 tx / 0 pending / 0 (0.0%) gas / (0xfab82c23ea98a68e8a86a1b65fc3099c4c3eb3792140f3b5d563867d54e85834)","throwable":""}
{"timestamp":"2025-07-02T18:56:24,020","container":"fd1bd7073234","level":"INFO","thread":"BftProcessorExecutor-QBFT-0","class":"QbftBesuControllerBuilder","message":"Imported #730 / 0 tx / 0 pending / 0 (0.0%) gas / (0x3094d42a2e753d3eb8dfddc8dc811a22fa66968ce876de9489370cbaa5e31b8b)","throwable":""}
{"timestamp":"2025-07-02T18:56:32,013","container":"fd1bd7073234","level":"INFO","thread":"BftProcessorExecutor-QBFT-0","class":"QbftBesuControllerBuilder","message":"Imported #731 / 0 tx / 0 pending / 0 (0.0%) gas / (0x99776c5b20c196038e5e79864288c80f917230dbe95879fddd22376411299c28)","throwable":""}
{"timestamp":"2025-07-02T18:56:40,019","container":"fd1bd7073234","level":"INFO","thread":"BftProcessorExecutor-QBFT-0","class":"QbftBesuControllerBuilder","message":"Produced #732 / 0 tx / 0 pending / 0 (0.0%) gas / (0x3eec6c3a5ba694cef1c44bcdb896f5094e2d753fda1a91db19cd47d2edb917bc)","throwable":""}
{"timestamp":"2025-07-02T18:56:48,019","container":"fd1bd7073234","level":"INFO","thread":"BftProcessorExecutor-QBFT-0","class":"QbftBesuControllerBuilder","message":"Imported #733 / 0 tx / 0 pending / 0 (0.0%) gas / (0x50a13acbae0cd8acf71c86149bf5fa98ba5a310ecd71bd1c634a7fb14d82d49b)","throwable":""}
{"timestamp":"2025-07-02T18:56:56,017","container":"fd1bd7073234","level":"INFO","thread":"BftProcessorExecutor-QBFT-0","class":"QbftBesuControllerBuilder","message":"Imported #734 / 0 tx / 0 pending / 0 (0.0%) gas / (0xcf8ba20db6715a3e5002b55c55def185e1c67c961749249419528de1803e8bf2)","throwable":""}
{"timestamp":"2025-07-02T18:57:04,029","container":"fd1bd7073234","level":"INFO","thread":"BftProcessorExecutor-QBFT-0","class":"QbftBesuControllerBuilder","message":"Imported #735 / 0 tx / 0 pending / 0 (0.0%) gas / (0x05a48f3f7ba597a61467694f5644f3bcb0513de1c95b03bb91c0db442cb197c4)","throwable":""}
{"timestamp":"2025-07-02T18:57:12,018","container":"fd1bd7073234","level":"INFO","thread":"BftProcessorExecutor-QBFT-0","class":"QbftBesuControllerBuilder","message":"Produced #736 / 0 tx / 0 pending / 0 (0.0%) gas / (0xd83d697a60f3e4759986261d4a243bb154a4af91a57328cc193fcbf82b075cde)","throwable":""}
{"timestamp":"2025-07-02T18:57:20,021","container":"fd1bd7073234","level":"INFO","thread":"BftProcessorExecutor-QBFT-0","class":"QbftBesuControllerBuilder","message":"Imported #737 / 0 tx / 0 pending / 0 (0.0%) gas / (0x777bc5c46e623193fab531bdcf11983a45ded70f8c40b8b6b31643f8556a036f)","throwable":""}
{"timestamp":"2025-07-02T18:57:28,020","container":"fd1bd7073234","level":"INFO","thread":"BftProcessorExecutor-QBFT-0","class":"QbftBesuControllerBuilder","message":"Imported #738 / 0 tx / 0 pending / 0 (0.0%) gas / (0x52056072cb950fef8e7eba351947c93321b85eab450722f46333c922e6a2bb4d)","throwable":""}
{"timestamp":"2025-07-02T18:57:36,012","container":"fd1bd7073234","level":"INFO","thread":"BftProcessorExecutor-QBFT-0","class":"QbftBesuControllerBuilder","message":"Imported #739 / 0 tx / 0 pending / 0 (0.0%) gas / (0xdb20741ae9a865ad6448fff6121e857294301fd28a40ea51bd510bd11ce0245d)","throwable":""}
{"timestamp":"2025-07-02T18:57:44,017","container":"fd1bd7073234","level":"INFO","thread":"BftProcessorExecutor-QBFT-0","class":"QbftBesuControllerBuilder","message":"Produced #740 / 0 tx / 0 pending / 0 (0.0%) gas / (0x05c47bafe5dfcbf823909ac95b2fe9247668fd26f1132e9ca9311594644ea560)","throwable":""}
{"timestamp":"2025-07-02T18:57:52,021","container":"fd1bd7073234","level":"INFO","thread":"BftProcessorExecutor-QBFT-0","class":"QbftBesuControllerBuilder","message":"Imported #741 / 0 tx / 0 pending / 0 (0.0%) gas / (0x20d3cb6ece906ff862ddaa0484ce1e2ddc7c1a13f83ca6549c7e8042aeeb1a13)","throwable":""}
{"timestamp":"2025-07-02T18:58:00,025","container":"fd1bd7073234","level":"INFO","thread":"BftProcessorExecutor-QBFT-0","class":"QbftBesuControllerBuilder","message":"Imported #742 / 0 tx / 0 pending / 0 (0.0%) gas / (0xb1aa5a8a1536bcccc8c3b4c0c7d3c9ba58c39cdb7ff7805230e526e9eacb171d)","throwable":""}
{"timestamp":"2025-07-02T18:58:08,016","container":"fd1bd7073234","level":"INFO","thread":"BftProcessorExecutor-QBFT-0","class":"QbftBesuControllerBuilder","message":"Imported #743 / 0 tx / 0 pending / 0 (0.0%) gas / (0xd389515286a3e903d78d351cc0875dca4d8ea0a7d5dc7448c94bc02ef0ef0beb)","throwable":""}
{"timestamp":"2025-07-02T18:58:16,017","container":"fd1bd7073234","level":"INFO","thread":"BftProcessorExecutor-QBFT-0","class":"QbftBesuControllerBuilder","message":"Produced #744 / 0 tx / 0 pending / 0 (0.0%) gas / (0x2ad2df50bb7c6a8d494cbeacb9f247ad0e047857dd0cfbe7b5a7725df61c3b10)","throwable":""}
{"timestamp":"2025-07-02T18:58:24,009","container":"fd1bd7073234","level":"INFO","thread":"BftProcessorExecutor-QBFT-0","class":"QbftBesuControllerBuilder","message":"Imported #745 / 0 tx / 0 pending / 0 (0.0%) gas / (0x9dba8add74537b2265322d7644b7ec7f5d7f5ca4584568258142071294d96537)","throwable":""}
{"timestamp":"2025-07-02T18:58:32,019","container":"fd1bd7073234","level":"INFO","thread":"BftProcessorExecutor-QBFT-0","class":"QbftBesuControllerBuilder","message":"Imported #746 / 0 tx / 0 pending / 0 (0.0%) gas / (0xbef6b4107027dfe1cc1cf5acec58c0b869c485fc7d0d1f3a0baca0664f6d449e)","throwable":""}
{"timestamp":"2025-07-02T18:58:40,015","container":"fd1bd7073234","level":"INFO","thread":"BftProcessorExecutor-QBFT-0","class":"QbftBesuControllerBuilder","message":"Imported #747 / 0 tx / 0 pending / 0 (0.0%) gas / (0x67c15d1e32333ae3d6b17ec7dd12fe0f46c37ec2acbfe76739c1c0c273227ce3)","throwable":""}
{"timestamp":"2025-07-02T18:58:48,017","container":"fd1bd7073234","level":"INFO","thread":"BftProcessorExecutor-QBFT-0","class":"QbftBesuControllerBuilder","message":"Produced #748 / 0 tx / 0 pending / 0 (0.0%) gas / (0x056eaada49e38da7b4571985edf723c91b8677286691c9b448f58a800208ab86)","throwable":""}
{"timestamp":"2025-07-02T18:58:56,016","container":"fd1bd7073234","level":"INFO","thread":"BftProcessorExecutor-QBFT-0","class":"QbftBesuControllerBuilder","message":"Imported #749 / 0 tx / 0 pending / 0 (0.0%) gas / (0x8ed06018ac323ac2f891081a5db1adb77054660c275fd785f2780ebe12d1e5a2)","throwable":""}
{"timestamp":"2025-07-02T18:59:04,021","container":"fd1bd7073234","level":"INFO","thread":"BftProcessorExecutor-QBFT-0","class":"QbftBesuControllerBuilder","message":"Imported #750 / 0 tx / 0 pending / 0 (0.0%) gas / (0xca005f2e5740d958e0d5e9ddeb2b3f06f6e19c079857fb3d3e510f8a5f4e484d)","throwable":""}
{"timestamp":"2025-07-02T18:59:12,023","container":"fd1bd7073234","level":"INFO","thread":"BftProcessorExecutor-QBFT-0","class":"QbftBesuControllerBuilder","message":"Imported #751 / 0 tx / 0 pending / 0 (0.0%) gas / (0x6000a53fb23bb50b092cdde2c623dccd57d05789d9a5c489423971ec91f59077)","throwable":""}
{"timestamp":"2025-07-02T18:59:20,018","container":"fd1bd7073234","level":"INFO","thread":"BftProcessorExecutor-QBFT-0","class":"QbftBesuControllerBuilder","message":"Produced #752 / 0 tx / 0 pending / 0 (0.0%) gas / (0x805b33cbd3e88bfc1004b5744c0c04c0c08ddf8fc445752956fd7675042b2d45)","throwable":""}
{"timestamp":"2025-07-02T18:59:28,009","container":"fd1bd7073234","level":"INFO","thread":"BftProcessorExecutor-QBFT-0","class":"QbftBesuControllerBuilder","message":"Imported #753 / 0 tx / 0 pending / 0 (0.0%) gas / (0x706b9dd7afa46d341cc8a7856adde4af18e9054d86ab4f77ce07b82944877243)","throwable":""}
{"timestamp":"2025-07-02T18:59:36,019","container":"fd1bd7073234","level":"INFO","thread":"BftProcessorExecutor-QBFT-0","class":"QbftBesuControllerBuilder","message":"Imported #754 / 0 tx / 0 pending / 0 (0.0%) gas / (0x7051dc77f186a5707ab0087927ea7af1872790e271093ec75a8444f4c05a3554)","throwable":""}
{"timestamp":"2025-07-02T18:59:44,015","container":"fd1bd7073234","level":"INFO","thread":"BftProcessorExecutor-QBFT-0","class":"QbftBesuControllerBuilder","message":"Imported #755 / 0 tx / 0 pending / 0 (0.0%) gas / (0x4a737063787901568a923857dcea0d3f757704b5ec1dca0187d040bbe5e13f5d)","throwable":""}
{"timestamp":"2025-07-02T18:59:52,018","container":"fd1bd7073234","level":"INFO","thread":"BftProcessorExecutor-QBFT-0","class":"QbftBesuControllerBuilder","message":"Produced #756 / 0 tx / 0 pending / 0 (0.0%) gas / (0xcd594dd27a4ee9ae1d30ecf3ac63a14a0831f4a998276c8c96ccc0ef0d8e096f)","throwable":""}
{"timestamp":"2025-07-02T19:00:00,022","container":"fd1bd7073234","level":"INFO","thread":"BftProcessorExecutor-QBFT-0","class":"QbftBesuControllerBuilder","message":"Imported #757 / 0 tx / 0 pending / 0 (0.0%) gas / (0x974645f6ffb9129683e8010bfa4a0f2cd50e11735f942094a8246fe146e7ae5f)","throwable":""}
{"timestamp":"2025-07-02T19:00:08,016","container":"fd1bd7073234","level":"INFO","thread":"BftProcessorExecutor-QBFT-0","class":"QbftBesuControllerBuilder","message":"Imported #758 / 0 tx / 0 pending / 0 (0.0%) gas / (0xe2ffb4ad8f376dba1ba1ca9c662ac78eae01e2afe5acaba4c448b8a8a9e4f253)","throwable":""}
{"timestamp":"2025-07-02T19:00:16,011","container":"fd1bd7073234","level":"INFO","thread":"BftProcessorExecutor-QBFT-0","class":"QbftBesuControllerBuilder","message":"Imported #759 / 0 tx / 0 pending / 0 (0.0%) gas / (0xa7292a09c4014346c7f9b99ba1771e38fede3634471d4932c12de4b7bef2a141)","throwable":""}
{"timestamp":"2025-07-02T19:00:24,018","container":"fd1bd7073234","level":"INFO","thread":"BftProcessorExecutor-QBFT-0","class":"QbftBesuControllerBuilder","message":"Produced #760 / 0 tx / 0 pending / 0 (0.0%) gas / (0x9e195e4fc6f001918b556b3b7d5b7cebd069e57a5a16bed0639a57fa066b8f15)","throwable":""}
{"timestamp":"2025-07-02T19:00:32,021","container":"fd1bd7073234","level":"INFO","thread":"BftProcessorExecutor-QBFT-0","class":"QbftBesuControllerBuilder","message":"Imported #761 / 0 tx / 0 pending / 0 (0.0%) gas / (0x220973303db063867fc9e39644a0ac34cd4e08ef64fe82b4ce0c9b03faa613da)","throwable":""}
{"timestamp":"2025-07-02T19:00:40,020","container":"fd1bd7073234","level":"INFO","thread":"BftProcessorExecutor-QBFT-0","class":"QbftBesuControllerBuilder","message":"Imported #762 / 0 tx / 0 pending / 0 (0.0%) gas / (0x5b281463ca23df3954ca10f363884ec6012a41eca30b3c8bd4512dd608898420)","throwable":""}
{"timestamp":"2025-07-02T19:00:48,015","container":"fd1bd7073234","level":"INFO","thread":"BftProcessorExecutor-QBFT-0","class":"QbftBesuControllerBuilder","message":"Imported #763 / 0 tx / 0 pending / 0 (0.0%) gas / (0x62acd33cd00a799513d42261014963881a21d9cce6868407de81be5be6fab806)","throwable":""}
{"timestamp":"2025-07-02T19:00:56,021","container":"fd1bd7073234","level":"INFO","thread":"BftProcessorExecutor-QBFT-0","class":"QbftBesuControllerBuilder","message":"Produced #764 / 0 tx / 0 pending / 0 (0.0%) gas / (0x4a5f58ca70e51718a7b110708864e91e7f1b0df0f12309830937f51c8ec93bbc)","throwable":""}
{"timestamp":"2025-07-02T19:01:04,018","container":"fd1bd7073234","level":"INFO","thread":"BftProcessorExecutor-QBFT-0","class":"QbftBesuControllerBuilder","message":"Imported #765 / 0 tx / 0 pending / 0 (0.0%) gas / (0x231874b7ed9da68ac4d06f8bb62fa40ad7c2159b8cd6514803c1e3cd6102cdc0)","throwable":""}
{"timestamp":"2025-07-02T19:01:12,017","container":"fd1bd7073234","level":"INFO","thread":"BftProcessorExecutor-QBFT-0","class":"QbftBesuControllerBuilder","message":"Imported #766 / 0 tx / 0 pending / 0 (0.0%) gas / (0x9b9985e59090614115d52b63cf2a036aac31eb1a3a767b4ae3b179d5cc25ffc8)","throwable":""}
{"timestamp":"2025-07-02T19:01:20,012","container":"fd1bd7073234","level":"INFO","thread":"BftProcessorExecutor-QBFT-0","class":"QbftBesuControllerBuilder","message":"Imported #767 / 0 tx / 0 pending / 0 (0.0%) gas / (0xd29b803492f6872138484ef610eaffbe33aded8c56337414e534b5ae07118ee2)","throwable":""}
{"timestamp":"2025-07-02T19:01:28,017","container":"fd1bd7073234","level":"INFO","thread":"BftProcessorExecutor-QBFT-0","class":"QbftBesuControllerBuilder","message":"Produced #768 / 0 tx / 0 pending / 0 (0.0%) gas / (0xfdd215ba481c00cb81b84797707b7d30a9e117f9feb8304e1f527593867b757c)","throwable":""}
{"timestamp":"2025-07-02T19:01:36,026","container":"fd1bd7073234","level":"INFO","thread":"BftProcessorExecutor-QBFT-0","class":"QbftBesuControllerBuilder","message":"Imported #769 / 0 tx / 0 pending / 0 (0.0%) gas / (0x9f7c1d1bac9a929f71b9bc100e2ada7bf2e2a93ba565857444a43528b900c0f5)","throwable":""}
{"timestamp":"2025-07-02T19:01:44,016","container":"fd1bd7073234","level":"INFO","thread":"BftProcessorExecutor-QBFT-0","class":"QbftBesuControllerBuilder","message":"Imported #770 / 0 tx / 0 pending / 0 (0.0%) gas / (0xd0a4f8ecb083a6c4ac9ff985b89a04ef8bd0b67624e44b378cf9a5e282cf47cd)","throwable":""}
{"timestamp":"2025-07-02T19:01:52,014","container":"fd1bd7073234","level":"INFO","thread":"BftProcessorExecutor-QBFT-0","class":"QbftBesuControllerBuilder","message":"Imported #771 / 0 tx / 0 pending / 0 (0.0%) gas / (0xd412297d23c02b844c5261f23065d87614754a5b9a8d60512a1643536be6ae5d)","throwable":""}
{"timestamp":"2025-07-02T19:02:00,021","container":"fd1bd7073234","level":"INFO","thread":"BftProcessorExecutor-QBFT-0","class":"QbftBesuControllerBuilder","message":"Produced #772 / 0 tx / 0 pending / 0 (0.0%) gas / (0x9cad894d018560fa72f899d0f0da66829e7b6dab8139d568b8e20fb8351b072e)","throwable":""}
{"timestamp":"2025-07-02T19:02:08,010","container":"fd1bd7073234","level":"INFO","thread":"BftProcessorExecutor-QBFT-0","class":"QbftBesuControllerBuilder","message":"Imported #773 / 0 tx / 0 pending / 0 (0.0%) gas / (0x0c17075cf468429b4b18453226ab03e186ffd87cf5a6baf9492380f097c71955)","throwable":""}
{"timestamp":"2025-07-02T19:02:16,018","container":"fd1bd7073234","level":"INFO","thread":"BftProcessorExecutor-QBFT-0","class":"QbftBesuControllerBuilder","message":"Imported #774 / 0 tx / 0 pending / 0 (0.0%) gas / (0x68fd1482e478cabd41ea02e7b7d0f6dc80a42844acad29b8a8d5d1acaa051a1c)","throwable":""}
{"timestamp":"2025-07-02T19:02:24,013","container":"fd1bd7073234","level":"INFO","thread":"BftProcessorExecutor-QBFT-0","class":"QbftBesuControllerBuilder","message":"Imported #775 / 0 tx / 0 pending / 0 (0.0%) gas / (0xba50b9399b25c170e641bc5667c322d25abf60c56d0fdfb39bd0361af01623a8)","throwable":""}
{"timestamp":"2025-07-02T19:02:32,018","container":"fd1bd7073234","level":"INFO","thread":"BftProcessorExecutor-QBFT-0","class":"QbftBesuControllerBuilder","message":"Produced #776 / 0 tx / 0 pending / 0 (0.0%) gas / (0x50fb2a8caf40ca8785e53ff57e4c9141f2573f2fc8c3fa782dc06f3f1510168b)","throwable":""}
{"timestamp":"2025-07-02T19:02:40,025","container":"fd1bd7073234","level":"INFO","thread":"BftProcessorExecutor-QBFT-0","class":"QbftBesuControllerBuilder","message":"Imported #777 / 1 tx / 0 pending / 2,000,000 (0.0%) gas / (0x51071c4ea56d08d7f8f689d709c68b5d0090ccff2767c5cfbeddb7e52440466c)","throwable":""}
{"timestamp":"2025-07-02T19:02:48,025","container":"fd1bd7073234","level":"INFO","thread":"BftProcessorExecutor-QBFT-0","class":"QbftBesuControllerBuilder","message":"Imported #778 / 1 tx / 0 pending / 23,604 (0.0%) gas / (0xecc28afc9ae18e6fb5331694ec4473497b4811a2b09393ae02aa2672073ef1a2)","throwable":""}
{"timestamp":"2025-07-02T19:02:56,033","container":"fd1bd7073234","level":"INFO","thread":"BftProcessorExecutor-QBFT-0","class":"QbftBesuControllerBuilder","message":"Imported #779 / 0 tx / 0 pending / 0 (0.0%) gas / (0xd4a904bebd8fb933552b0a354d287b3245f612fe16f9e1c0e56824334e96de92)","throwable":""}
{"timestamp":"2025-07-02T19:03:04,020","container":"fd1bd7073234","level":"INFO","thread":"BftProcessorExecutor-QBFT-0","class":"QbftBesuControllerBuilder","message":"Produced #780 / 0 tx / 0 pending / 0 (0.0%) gas / (0xae3d4ba8ae05a39495681b5d466a8dbfeb779c705d629ab5082c5f0d60dd0f94)","throwable":""}
{"timestamp":"2025-07-02T19:03:12,017","container":"fd1bd7073234","level":"INFO","thread":"BftProcessorExecutor-QBFT-0","class":"QbftBesuControllerBuilder","message":"Imported #781 / 0 tx / 0 pending / 0 (0.0%) gas / (0xf7423aef4f220c32762f301861cd9b27714ec74d274703453609bb03c0b7d47a)","throwable":""}
{"timestamp":"2025-07-02T19:03:20,018","container":"fd1bd7073234","level":"INFO","thread":"BftProcessorExecutor-QBFT-0","class":"QbftBesuControllerBuilder","message":"Imported #782 / 0 tx / 0 pending / 0 (0.0%) gas / (0x0559bf5ba406a267f3acea04cf1e229277c13a34a33f9a19e7766b02e417b361)","throwable":""}
{"timestamp":"2025-07-02T19:03:28,011","container":"fd1bd7073234","level":"INFO","thread":"BftProcessorExecutor-QBFT-0","class":"QbftBesuControllerBuilder","message":"Imported #783 / 0 tx / 0 pending / 0 (0.0%) gas / (0x1ca162ceab17a90730ba2001b4fb0f15851fbf7828363deb8c61dcb5e316863b)","throwable":""}
{"timestamp":"2025-07-02T19:03:36,021","container":"fd1bd7073234","level":"INFO","thread":"BftProcessorExecutor-QBFT-0","class":"QbftBesuControllerBuilder","message":"Produced #784 / 0 tx / 0 pending / 0 (0.0%) gas / (0x00f2ee1714e1b528622fc151b5218b8999f983f876a9e151638fda1c80a6c1df)","throwable":""}
{"timestamp":"2025-07-02T19:03:44,017","container":"fd1bd7073234","level":"INFO","thread":"BftProcessorExecutor-QBFT-0","class":"QbftBesuControllerBuilder","message":"Imported #785 / 0 tx / 0 pending / 0 (0.0%) gas / (0xe15087d3ac817d456643f95d4910f0f2eec09e5c8a429243b7bcc76332832c64)","throwable":""}
{"timestamp":"2025-07-02T19:03:52,020","container":"fd1bd7073234","level":"INFO","thread":"BftProcessorExecutor-QBFT-0","class":"QbftBesuControllerBuilder","message":"Imported #786 / 0 tx / 0 pending / 0 (0.0%) gas / (0x01e2275ef91dc3a1cec753da097dec28f4f19df70f203cdd23c49a262dfa4f95)","throwable":""}
{"timestamp":"2025-07-02T19:04:00,013","container":"fd1bd7073234","level":"INFO","thread":"BftProcessorExecutor-QBFT-0","class":"QbftBesuControllerBuilder","message":"Imported #787 / 0 tx / 0 pending / 0 (0.0%) gas / (0xc69159c2739b2ec28b45332bf1eab74f0d6e879efa1a2e3fe5892e8d6f301df1)","throwable":""}
{"timestamp":"2025-07-02T19:04:08,023","container":"fd1bd7073234","level":"INFO","thread":"BftProcessorExecutor-QBFT-0","class":"QbftBesuControllerBuilder","message":"Produced #788 / 0 tx / 0 pending / 0 (0.0%) gas / (0x6fc3e4882a5bec924a98f689d81b8520fee44c8b9cca8e5bf3020c97589c7f0f)","throwable":""}
{"timestamp":"2025-07-02T19:04:16,016","container":"fd1bd7073234","level":"INFO","thread":"BftProcessorExecutor-QBFT-0","class":"QbftBesuControllerBuilder","message":"Imported #789 / 0 tx / 0 pending / 0 (0.0%) gas / (0x1b1cd343f73853c10fbe247e1f30b2aee1fd170f8858811ef8ffee8b0e9d600f)","throwable":""}
{"timestamp":"2025-07-02T19:04:24,018","container":"fd1bd7073234","level":"INFO","thread":"BftProcessorExecutor-QBFT-0","class":"QbftBesuControllerBuilder","message":"Imported #790 / 0 tx / 0 pending / 0 (0.0%) gas / (0xe93ca081ab3e8933ea7975c33f052a709103b50ecb8260052187caf1d0e2f113)","throwable":""}
{"timestamp":"2025-07-02T19:04:32,029","container":"fd1bd7073234","level":"INFO","thread":"BftProcessorExecutor-QBFT-0","class":"QbftBesuControllerBuilder","message":"Imported #791 / 0 tx / 0 pending / 0 (0.0%) gas / (0xaade1c4b194db89c1d165d77aaed5d51c65459f7d3fb5a4c30cce29d82025942)","throwable":""}
{"timestamp":"2025-07-02T19:04:40,020","container":"fd1bd7073234","level":"INFO","thread":"BftProcessorExecutor-QBFT-0","class":"QbftBesuControllerBuilder","message":"Produced #792 / 0 tx / 0 pending / 0 (0.0%) gas / (0x068d66aa260f1a2ab21226df01f55eed4f10acfad7549ff764c6daefdbe838e1)","throwable":""}
{"timestamp":"2025-07-02T19:04:48,017","container":"fd1bd7073234","level":"INFO","thread":"BftProcessorExecutor-QBFT-0","class":"QbftBesuControllerBuilder","message":"Imported #793 / 0 tx / 0 pending / 0 (0.0%) gas / (0x76ace69c2fd2c5313683381f052c52224063693abc56eb606d85c34f9f528cd3)","throwable":""}
{"timestamp":"2025-07-02T19:04:56,018","container":"fd1bd7073234","level":"INFO","thread":"BftProcessorExecutor-QBFT-0","class":"QbftBesuControllerBuilder","message":"Imported #794 / 0 tx / 0 pending / 0 (0.0%) gas / (0x3e9d0c8276ab90dcc92714b0ede4d2860772edb618bf1ae1f240fd6143812a28)","throwable":""}
{"timestamp":"2025-07-02T19:05:04,012","container":"fd1bd7073234","level":"INFO","thread":"BftProcessorExecutor-QBFT-0","class":"QbftBesuControllerBuilder","message":"Imported #795 / 0 tx / 0 pending / 0 (0.0%) gas / (0xbce01bac6fd094326ef23c396a80f515ddf17beedc5f1da7149c44b97806bb01)","throwable":""}
{"timestamp":"2025-07-02T19:05:12,017","container":"fd1bd7073234","level":"INFO","thread":"BftProcessorExecutor-QBFT-0","class":"QbftBesuControllerBuilder","message":"Produced #796 / 0 tx / 0 pending / 0 (0.0%) gas / (0x36d0bd777bf5ac8292170723045d1d5e6ad3ccecee4841b4f842744cf98e3901)","throwable":""}
{"timestamp":"2025-07-02T19:05:20,017","container":"fd1bd7073234","level":"INFO","thread":"BftProcessorExecutor-QBFT-0","class":"QbftBesuControllerBuilder","message":"Imported #797 / 0 tx / 0 pending / 0 (0.0%) gas / (0xaccb1bc8ca273ce2617ac7b1c1c3547ced7fe4a7b09e09029b0336a641adddab)","throwable":""}
{"timestamp":"2025-07-02T19:05:28,010","container":"fd1bd7073234","level":"INFO","thread":"BftProcessorExecutor-QBFT-0","class":"QbftBesuControllerBuilder","message":"Imported #798 / 0 tx / 0 pending / 0 (0.0%) gas / (0x64094ed5116e354bbdc9f01da644e583a5b31419ea5cfad8a631a45e1c78c2c1)","throwable":""}
{"timestamp":"2025-07-02T19:05:36,014","container":"fd1bd7073234","level":"INFO","thread":"BftProcessorExecutor-QBFT-0","class":"QbftBesuControllerBuilder","message":"Imported #799 / 0 tx / 0 pending / 0 (0.0%) gas / (0xe2708cd45da10a6d392437ced287c2827bbc8ba05211c40f83c3309ab170da9b)","throwable":""}
{"timestamp":"2025-07-02T19:05:44,018","container":"fd1bd7073234","level":"INFO","thread":"BftProcessorExecutor-QBFT-0","class":"QbftBesuControllerBuilder","message":"Produced #800 / 0 tx / 0 pending / 0 (0.0%) gas / (0x60a5664b0ea70a11d01d5ce8733167b5ddb3f5bf0c3753ad562f822f597ac40b)","throwable":""}
{"timestamp":"2025-07-02T19:05:52,017","container":"fd1bd7073234","level":"INFO","thread":"BftProcessorExecutor-QBFT-0","class":"QbftBesuControllerBuilder","message":"Imported #801 / 0 tx / 0 pending / 0 (0.0%) gas / (0x2067db586676df9f42e06d951b9a1a79d880dfc8bfae55a8674ee4714c7a39ce)","throwable":""}
{"timestamp":"2025-07-02T19:06:00,022","container":"fd1bd7073234","level":"INFO","thread":"BftProcessorExecutor-QBFT-0","class":"QbftBesuControllerBuilder","message":"Imported #802 / 0 tx / 0 pending / 0 (0.0%) gas / (0xb91c21443c290c8c4480bdc8fe242a04809bb537fe20deec16cde4b6e379a50e)","throwable":""}
{"timestamp":"2025-07-02T19:06:08,012","container":"fd1bd7073234","level":"INFO","thread":"BftProcessorExecutor-QBFT-0","class":"QbftBesuControllerBuilder","message":"Imported #803 / 0 tx / 0 pending / 0 (0.0%) gas / (0x39e6f05955a9903250e5f9c2b8a0d01570967cf9419a9817ef6a0031bcaddd76)","throwable":""}
{"timestamp":"2025-07-02T19:06:16,011","container":"fd1bd7073234","level":"INFO","thread":"BftProcessorExecutor-QBFT-0","class":"QbftBesuControllerBuilder","message":"Produced #804 / 0 tx / 0 pending / 0 (0.0%) gas / (0x68d71ee509910acaa3c3368baa7f586cdc19936951732673d9030a2faf418994)","throwable":""}
{"timestamp":"2025-07-02T19:06:24,019","container":"fd1bd7073234","level":"INFO","thread":"BftProcessorExecutor-QBFT-0","class":"QbftBesuControllerBuilder","message":"Imported #805 / 0 tx / 0 pending / 0 (0.0%) gas / (0x255143da4ed09f04f3188514c9d5bce5f249db5deded5214ec448a9a1fc51238)","throwable":""}
{"timestamp":"2025-07-02T19:06:32,018","container":"fd1bd7073234","level":"INFO","thread":"BftProcessorExecutor-QBFT-0","class":"QbftBesuControllerBuilder","message":"Imported #806 / 0 tx / 0 pending / 0 (0.0%) gas / (0x9f06164b4cc1133a4517ffda06aa7b826219f815a29fbe8d53401ef544de2857)","throwable":""}
{"timestamp":"2025-07-02T19:06:40,001","container":"fd1bd7073234","level":"INFO","thread":"BftProcessorExecutor-QBFT-0","class":"QbftBesuControllerBuilder","message":"Imported #807 / 0 tx / 0 pending / 0 (0.0%) gas / (0x775b58f6f5786056c6ea2f8d1c2d9f5a6da232e5a0d7b5f938c044d9b804de09)","throwable":""}
{"timestamp":"2025-07-02T19:06:48,019","container":"fd1bd7073234","level":"INFO","thread":"BftProcessorExecutor-QBFT-0","class":"QbftBesuControllerBuilder","message":"Produced #808 / 0 tx / 0 pending / 0 (0.0%) gas / (0xd6948845195fa30ebc469c291d878d5484218c1ecc3e20534d406b8d492da51e)","throwable":""}
{"timestamp":"2025-07-02T19:06:56,020","container":"fd1bd7073234","level":"INFO","thread":"BftProcessorExecutor-QBFT-0","class":"QbftBesuControllerBuilder","message":"Imported #809 / 0 tx / 0 pending / 0 (0.0%) gas / (0xc8ac716d7d994ccbc7bb729bac5b1b52175e1e91b89f68467b310c1903341e95)","throwable":""}
{"timestamp":"2025-07-02T19:07:04,018","container":"fd1bd7073234","level":"INFO","thread":"BftProcessorExecutor-QBFT-0","class":"QbftBesuControllerBuilder","message":"Imported #810 / 0 tx / 0 pending / 0 (0.0%) gas / (0xaf30da82548a3cb98aeaaef2f99716231b68d37618b714b95b0a073825b6c825)","throwable":""}
{"timestamp":"2025-07-02T19:07:12,024","container":"fd1bd7073234","level":"INFO","thread":"BftProcessorExecutor-QBFT-0","class":"QbftBesuControllerBuilder","message":"Imported #811 / 0 tx / 0 pending / 0 (0.0%) gas / (0x0e9dcb0475315a50a5813694e41924a0751fdfef90071f815b4ea615c5849ce5)","throwable":""}
{"timestamp":"2025-07-02T19:07:20,017","container":"fd1bd7073234","level":"INFO","thread":"BftProcessorExecutor-QBFT-0","class":"QbftBesuControllerBuilder","message":"Produced #812 / 0 tx / 0 pending / 0 (0.0%) gas / (0x08fd54d47ec5c68f10cd0b0fe06b7fdf2d238642efd0c426aa46e79765653c18)","throwable":""}
{"timestamp":"2025-07-02T19:07:28,019","container":"fd1bd7073234","level":"INFO","thread":"BftProcessorExecutor-QBFT-0","class":"QbftBesuControllerBuilder","message":"Imported #813 / 0 tx / 0 pending / 0 (0.0%) gas / (0x95ce876fac5de6b67e501a9e304be837a8a2bee588dede1788341ba1e2f32da2)","throwable":""}
{"timestamp":"2025-07-02T19:07:36,019","container":"fd1bd7073234","level":"INFO","thread":"BftProcessorExecutor-QBFT-0","class":"QbftBesuControllerBuilder","message":"Imported #814 / 0 tx / 0 pending / 0 (0.0%) gas / (0x9765420d92c6390ee0546a383c31982486062b9ded105cd2d3dd1545182378b1)","throwable":""}
{"timestamp":"2025-07-02T19:07:44,005","container":"fd1bd7073234","level":"INFO","thread":"BftProcessorExecutor-QBFT-0","class":"QbftBesuControllerBuilder","message":"Imported #815 / 0 tx / 0 pending / 0 (0.0%) gas / (0x312677f7d52a1266bdf9ab9b4d2e3561d943f1336a18a39d353d16d42b74d8c0)","throwable":""}
{"timestamp":"2025-07-02T19:07:52,019","container":"fd1bd7073234","level":"INFO","thread":"BftProcessorExecutor-QBFT-0","class":"QbftBesuControllerBuilder","message":"Produced #816 / 0 tx / 0 pending / 0 (0.0%) gas / (0x82c5cf8e7d607cda8d412f53d0cc33d2addadfcb237addba701d71d5fdd9330e)","throwable":""}
{"timestamp":"2025-07-02T19:08:00,020","container":"fd1bd7073234","level":"INFO","thread":"BftProcessorExecutor-QBFT-0","class":"QbftBesuControllerBuilder","message":"Imported #817 / 0 tx / 0 pending / 0 (0.0%) gas / (0x2493fa1eca58d6ce2a22a97f38a7095034cc3348243ccb86e3e857a3064e63fd)","throwable":""}
{"timestamp":"2025-07-02T19:08:08,017","container":"fd1bd7073234","level":"INFO","thread":"BftProcessorExecutor-QBFT-0","class":"QbftBesuControllerBuilder","message":"Imported #818 / 0 tx / 0 pending / 0 (0.0%) gas / (0xaab9dc685ce229fb917ad471566e5c4b32f2df1898b11c965b21ec60c49cfd6a)","throwable":""}
{"timestamp":"2025-07-02T19:08:16,011","container":"fd1bd7073234","level":"INFO","thread":"BftProcessorExecutor-QBFT-0","class":"QbftBesuControllerBuilder","message":"Imported #819 / 0 tx / 0 pending / 0 (0.0%) gas / (0x9494bae1a700dca6264a42d8cc5d16fe1bd4140406423c3b099e813c09ef9f76)","throwable":""}
{"timestamp":"2025-07-02T19:08:24,018","container":"fd1bd7073234","level":"INFO","thread":"BftProcessorExecutor-QBFT-0","class":"QbftBesuControllerBuilder","message":"Produced #820 / 0 tx / 0 pending / 0 (0.0%) gas / (0xe337bfaaf3b8433490cb4e5df87c056071b912d1800d617e25145c5f99ef4200)","throwable":""}
{"timestamp":"2025-07-02T19:08:32,016","container":"fd1bd7073234","level":"INFO","thread":"BftProcessorExecutor-QBFT-0","class":"QbftBesuControllerBuilder","message":"Imported #821 / 0 tx / 0 pending / 0 (0.0%) gas / (0x60dee129a7c4c257aeabf799fd923803717941b1337bc21be3fefa525c86db0e)","throwable":""}
{"timestamp":"2025-07-02T19:08:40,018","container":"fd1bd7073234","level":"INFO","thread":"BftProcessorExecutor-QBFT-0","class":"QbftBesuControllerBuilder","message":"Imported #822 / 0 tx / 0 pending / 0 (0.0%) gas / (0x5328061f6dfd9c253ed630564828097034d84cabef4e75d5e9034bf10c0cc631)","throwable":""}
{"timestamp":"2025-07-02T19:08:48,013","container":"fd1bd7073234","level":"INFO","thread":"BftProcessorExecutor-QBFT-0","class":"QbftBesuControllerBuilder","message":"Imported #823 / 0 tx / 0 pending / 0 (0.0%) gas / (0x495e952c038ef95f609c93755d41f15c42b6d91b28bb9251c567227c2ad92e58)","throwable":""}
{"timestamp":"2025-07-02T19:08:56,019","container":"fd1bd7073234","level":"INFO","thread":"BftProcessorExecutor-QBFT-0","class":"QbftBesuControllerBuilder","message":"Produced #824 / 0 tx / 0 pending / 0 (0.0%) gas / (0x297bbbc2cb8ac3f957a7568d6a7cfffb3266eb0f4a2de243a656d7c99b951030)","throwable":""}
{"timestamp":"2025-07-02T19:09:04,019","container":"fd1bd7073234","level":"INFO","thread":"BftProcessorExecutor-QBFT-0","class":"QbftBesuControllerBuilder","message":"Imported #825 / 0 tx / 0 pending / 0 (0.0%) gas / (0xf8bd29d1d4fbfbf5a08a37c6bb9f6b9e7bd92d33c9cc27039766ef32854b259f)","throwable":""}
{"timestamp":"2025-07-02T19:09:12,021","container":"fd1bd7073234","level":"INFO","thread":"BftProcessorExecutor-QBFT-0","class":"QbftBesuControllerBuilder","message":"Imported #826 / 0 tx / 0 pending / 0 (0.0%) gas / (0xa74cf432789f3699074e9bca0dfc2ecd4c93c29d680237d89a56220d5ffd5418)","throwable":""}
{"timestamp":"2025-07-02T19:09:20,014","container":"fd1bd7073234","level":"INFO","thread":"BftProcessorExecutor-QBFT-0","class":"QbftBesuControllerBuilder","message":"Imported #827 / 0 tx / 0 pending / 0 (0.0%) gas / (0xa0e7422ec2c8f1d81bf2610393aba3ba09dee9f693b766d6ab64718bf59798d0)","throwable":""}
{"timestamp":"2025-07-02T19:09:28,018","container":"fd1bd7073234","level":"INFO","thread":"BftProcessorExecutor-QBFT-0","class":"QbftBesuControllerBuilder","message":"Produced #828 / 0 tx / 0 pending / 0 (0.0%) gas / (0x0d31b18f832a8601198a3497380b19d719a1e176327c282e2db2333824189745)","throwable":""}
{"timestamp":"2025-07-02T19:09:36,018","container":"fd1bd7073234","level":"INFO","thread":"BftProcessorExecutor-QBFT-0","class":"QbftBesuControllerBuilder","message":"Imported #829 / 0 tx / 0 pending / 0 (0.0%) gas / (0x3c9205428a49cf70ac158c0f41635031f933066a1e76e3b271085a102067b6e8)","throwable":""}
{"timestamp":"2025-07-02T19:09:44,019","container":"fd1bd7073234","level":"INFO","thread":"BftProcessorExecutor-QBFT-0","class":"QbftBesuControllerBuilder","message":"Imported #830 / 0 tx / 0 pending / 0 (0.0%) gas / (0xcb99a08678675a4ed13b70bfe68a3b890baf37e8cabdd5982ef40ad9438c889b)","throwable":""}
{"timestamp":"2025-07-02T19:09:52,005","container":"fd1bd7073234","level":"INFO","thread":"BftProcessorExecutor-QBFT-0","class":"QbftBesuControllerBuilder","message":"Imported #831 / 0 tx / 0 pending / 0 (0.0%) gas / (0x018f5ec9c5fad21c1d2c4b7a7e0a42eda3d44490e70d993b206ec3d5bc861319)","throwable":""}
{"timestamp":"2025-07-02T19:10:00,020","container":"fd1bd7073234","level":"INFO","thread":"BftProcessorExecutor-QBFT-0","class":"QbftBesuControllerBuilder","message":"Produced #832 / 0 tx / 0 pending / 0 (0.0%) gas / (0x0533787d62dbf7f4db3461f70329f5a99a5f38b2c10b9882a0150bf5c8285297)","throwable":""}
{"timestamp":"2025-07-02T19:10:08,009","container":"fd1bd7073234","level":"INFO","thread":"BftProcessorExecutor-QBFT-0","class":"QbftBesuControllerBuilder","message":"Imported #833 / 0 tx / 0 pending / 0 (0.0%) gas / (0x1712394e751ccf8bf61ee4c13c6c669338f655da6fe341994fb4bd740a2e0a72)","throwable":""}
{"timestamp":"2025-07-02T19:10:16,016","container":"fd1bd7073234","level":"INFO","thread":"BftProcessorExecutor-QBFT-0","class":"QbftBesuControllerBuilder","message":"Imported #834 / 0 tx / 0 pending / 0 (0.0%) gas / (0x00ed36c9501750a075cb98e6d54387fb1e7b22106d6aeed6c86eefe5152bd648)","throwable":""}
{"timestamp":"2025-07-02T19:10:24,014","container":"fd1bd7073234","level":"INFO","thread":"BftProcessorExecutor-QBFT-0","class":"QbftBesuControllerBuilder","message":"Imported #835 / 0 tx / 0 pending / 0 (0.0%) gas / (0xac941048f561cd92235edf123ff5b67cc10c563ef7774ef196b5c1ef69027392)","throwable":""}
{"timestamp":"2025-07-02T19:10:32,021","container":"fd1bd7073234","level":"INFO","thread":"BftProcessorExecutor-QBFT-0","class":"QbftBesuControllerBuilder","message":"Produced #836 / 0 tx / 0 pending / 0 (0.0%) gas / (0x496349122a13dc5f09c1c07cb52f8ffcca269bdc49878c0e98ea44112b4be478)","throwable":""}
{"timestamp":"2025-07-02T19:10:40,018","container":"fd1bd7073234","level":"INFO","thread":"BftProcessorExecutor-QBFT-0","class":"QbftBesuControllerBuilder","message":"Imported #837 / 0 tx / 0 pending / 0 (0.0%) gas / (0xfb51c1031738997fd09b1590e0b64ca429c83f5cc833d4bd37cdd14515ff2106)","throwable":""}
{"timestamp":"2025-07-02T19:10:48,022","container":"fd1bd7073234","level":"INFO","thread":"BftProcessorExecutor-QBFT-0","class":"QbftBesuControllerBuilder","message":"Imported #838 / 0 tx / 0 pending / 0 (0.0%) gas / (0xd7faa56ad3f0afe9da119c91f31db939bdf820cac0aeda0c08f97b72b1ffd104)","throwable":""}
{"timestamp":"2025-07-02T19:10:56,014","container":"fd1bd7073234","level":"INFO","thread":"BftProcessorExecutor-QBFT-0","class":"QbftBesuControllerBuilder","message":"Imported #839 / 0 tx / 0 pending / 0 (0.0%) gas / (0x9187c6f4a195f5cd8057f1dfcbf8ed52a761f0057f4dd93778ea4c4577c15b47)","throwable":""}
{"timestamp":"2025-07-02T19:11:04,017","container":"fd1bd7073234","level":"INFO","thread":"BftProcessorExecutor-QBFT-0","class":"QbftBesuControllerBuilder","message":"Produced #840 / 0 tx / 0 pending / 0 (0.0%) gas / (0x9e42569c45fb66b7fdbe5ff32bd40535c8b52ab56b337005c9bea37d4c96db73)","throwable":""}
{"timestamp":"2025-07-02T19:11:12,021","container":"fd1bd7073234","level":"INFO","thread":"BftProcessorExecutor-QBFT-0","class":"QbftBesuControllerBuilder","message":"Imported #841 / 0 tx / 0 pending / 0 (0.0%) gas / (0x19b478b67574d2946ce1c65e46a10cf3b00336f869a726009f20fef2aaf5b9d1)","throwable":""}
{"timestamp":"2025-07-02T19:11:20,020","container":"fd1bd7073234","level":"INFO","thread":"BftProcessorExecutor-QBFT-0","class":"QbftBesuControllerBuilder","message":"Imported #842 / 0 tx / 0 pending / 0 (0.0%) gas / (0x6bbb69be687cebc2bdcd89a67d808fb5489a6c4e002a2a39b5e9e73e0744ca6e)","throwable":""}
{"timestamp":"2025-07-02T19:11:28,012","container":"fd1bd7073234","level":"INFO","thread":"BftProcessorExecutor-QBFT-0","class":"QbftBesuControllerBuilder","message":"Imported #843 / 0 tx / 0 pending / 0 (0.0%) gas / (0xf48b77c81f4ed1427803b92e87e32bd9357acea3018b757f3dda61ae8f63a458)","throwable":""}
{"timestamp":"2025-07-02T19:11:36,018","container":"fd1bd7073234","level":"INFO","thread":"BftProcessorExecutor-QBFT-0","class":"QbftBesuControllerBuilder","message":"Produced #844 / 0 tx / 0 pending / 0 (0.0%) gas / (0x1dc693eea9631bfc07bf7087c01dc7a06d9a986cbe6fd05a8d3f972ec2fc086e)","throwable":""}
{"timestamp":"2025-07-02T19:11:44,019","container":"fd1bd7073234","level":"INFO","thread":"BftProcessorExecutor-QBFT-0","class":"QbftBesuControllerBuilder","message":"Imported #845 / 0 tx / 0 pending / 0 (0.0%) gas / (0xd44f3cc0f413c35076b8d1fec006bbe5c56ca64038d4ab345fb59ae49f4b5ee2)","throwable":""}
{"timestamp":"2025-07-02T19:11:52,019","container":"fd1bd7073234","level":"INFO","thread":"BftProcessorExecutor-QBFT-0","class":"QbftBesuControllerBuilder","message":"Imported #846 / 0 tx / 0 pending / 0 (0.0%) gas / (0x1523afc10477f3d5f86869258e49282b0cab9e3c3ae71a0f594cb94db790990e)","throwable":""}
{"timestamp":"2025-07-02T19:12:00,013","container":"fd1bd7073234","level":"INFO","thread":"BftProcessorExecutor-QBFT-0","class":"QbftBesuControllerBuilder","message":"Imported #847 / 0 tx / 0 pending / 0 (0.0%) gas / (0x1da5f83e72266f5319d34f22dacf4367ce6a5c3f6163f8b8ba33d67d01303ca7)","throwable":""}
{"timestamp":"2025-07-02T19:12:08,025","container":"fd1bd7073234","level":"INFO","thread":"BftProcessorExecutor-QBFT-0","class":"QbftBesuControllerBuilder","message":"Produced #848 / 0 tx / 0 pending / 0 (0.0%) gas / (0xe86424c2f50ccf66e88c7cc8d0edfe0d7a1866990dd2eb9baba1e7e2b4e788b2)","throwable":""}
{"timestamp":"2025-07-02T19:12:16,021","container":"fd1bd7073234","level":"INFO","thread":"BftProcessorExecutor-QBFT-0","class":"QbftBesuControllerBuilder","message":"Imported #849 / 0 tx / 0 pending / 0 (0.0%) gas / (0xdec9f5f53e2e455e8c013d3dc41e1f19cda8d41ab6c8f37859bb6c34ca4e2daa)","throwable":""}
{"timestamp":"2025-07-02T19:12:24,012","container":"fd1bd7073234","level":"INFO","thread":"BftProcessorExecutor-QBFT-0","class":"QbftBesuControllerBuilder","message":"Imported #850 / 0 tx / 0 pending / 0 (0.0%) gas / (0x85bad804ec8bf34952e7a1fba8f6a57ed30b81a84e31e13670da5b8e38bd4487)","throwable":""}
{"timestamp":"2025-07-02T19:12:32,012","container":"fd1bd7073234","level":"INFO","thread":"BftProcessorExecutor-QBFT-0","class":"QbftBesuControllerBuilder","message":"Imported #851 / 0 tx / 0 pending / 0 (0.0%) gas / (0x3956b9a2c50334653be3666bf7af79f1775d2949e4b939c29aff78a51c37bc19)","throwable":""}
{"timestamp":"2025-07-02T19:12:40,018","container":"fd1bd7073234","level":"INFO","thread":"BftProcessorExecutor-QBFT-0","class":"QbftBesuControllerBuilder","message":"Produced #852 / 0 tx / 0 pending / 0 (0.0%) gas / (0x4dac9ce7abc5bb21aad2a791c2850184ce0ce17c28390b008535d144b4e19040)","throwable":""}
{"timestamp":"2025-07-02T19:12:48,008","container":"fd1bd7073234","level":"INFO","thread":"BftProcessorExecutor-QBFT-0","class":"QbftBesuControllerBuilder","message":"Imported #853 / 0 tx / 0 pending / 0 (0.0%) gas / (0x68df344e5a54042dbf2b75eca17b8f63fe485fd933d17c9765d776252eb7fa27)","throwable":""}
{"timestamp":"2025-07-02T19:12:56,020","container":"fd1bd7073234","level":"INFO","thread":"BftProcessorExecutor-QBFT-0","class":"QbftBesuControllerBuilder","message":"Imported #854 / 0 tx / 0 pending / 0 (0.0%) gas / (0xae08f7318259a0c10700357438a688682a0986ab7a87da8fa39b193991d39a53)","throwable":""}
{"timestamp":"2025-07-02T19:13:04,012","container":"fd1bd7073234","level":"INFO","thread":"BftProcessorExecutor-QBFT-0","class":"QbftBesuControllerBuilder","message":"Imported #855 / 0 tx / 0 pending / 0 (0.0%) gas / (0x62bafd5b145bfab51ac782233b5cd8eb5d952488a5f9728780ac76c6bc5a81c4)","throwable":""}
{"timestamp":"2025-07-02T19:13:12,018","container":"fd1bd7073234","level":"INFO","thread":"BftProcessorExecutor-QBFT-0","class":"QbftBesuControllerBuilder","message":"Produced #856 / 0 tx / 0 pending / 0 (0.0%) gas / (0xa56d839e2a536fe3aa83b0339c76843461b049113a2c169c62956abf5f0f46fc)","throwable":""}
{"timestamp":"2025-07-02T19:13:20,019","container":"fd1bd7073234","level":"INFO","thread":"BftProcessorExecutor-QBFT-0","class":"QbftBesuControllerBuilder","message":"Imported #857 / 0 tx / 0 pending / 0 (0.0%) gas / (0x6bbaef6f76292f9df7f15a2e4bd5f0d00f371b8cc7c42da803d9fbcd90a1233e)","throwable":""}
{"timestamp":"2025-07-02T19:13:28,018","container":"fd1bd7073234","level":"INFO","thread":"BftProcessorExecutor-QBFT-0","class":"QbftBesuControllerBuilder","message":"Imported #858 / 0 tx / 0 pending / 0 (0.0%) gas / (0x030ae3e62cb5dc53249df21e3500d08b6ae5d83e6f472c5411943508098d6ac7)","throwable":""}
{"timestamp":"2025-07-02T19:13:36,010","container":"fd1bd7073234","level":"INFO","thread":"BftProcessorExecutor-QBFT-0","class":"QbftBesuControllerBuilder","message":"Imported #859 / 0 tx / 0 pending / 0 (0.0%) gas / (0x7de59801945290345eaac1fbb41e211fb66b0e834e507f4be4936b6441ec3371)","throwable":""}
{"timestamp":"2025-07-02T19:13:44,018","container":"fd1bd7073234","level":"INFO","thread":"BftProcessorExecutor-QBFT-0","class":"QbftBesuControllerBuilder","message":"Produced #860 / 0 tx / 0 pending / 0 (0.0%) gas / (0x81e2d200e79b0b612c13ac8169393905c49978d130a65ccf3bd6644f28add3b9)","throwable":""}
{"timestamp":"2025-07-02T19:13:52,009","container":"fd1bd7073234","level":"INFO","thread":"BftProcessorExecutor-QBFT-0","class":"QbftBesuControllerBuilder","message":"Imported #861 / 0 tx / 0 pending / 0 (0.0%) gas / (0x51fe82c02dfcdba4867fe02d12f2c18b5edc422e3d5e8170deb090cdfc131f61)","throwable":""}
{"timestamp":"2025-07-02T19:14:00,021","container":"fd1bd7073234","level":"INFO","thread":"BftProcessorExecutor-QBFT-0","class":"QbftBesuControllerBuilder","message":"Imported #862 / 0 tx / 0 pending / 0 (0.0%) gas / (0x93bdd7fe1e1fd56dde2cc522a987699c65187dba375f309047777cfacd325237)","throwable":""}
{"timestamp":"2025-07-02T19:14:08,029","container":"fd1bd7073234","level":"INFO","thread":"BftProcessorExecutor-QBFT-0","class":"QbftBesuControllerBuilder","message":"Imported #863 / 1 tx / 0 pending / 23,604 (0.0%) gas / (0x29285ff71c81dd1ccae9775775fa4078cbe8ca1511693403732f53ebf0c15eca)","throwable":""}
{"timestamp":"2025-07-02T19:14:16,024","container":"fd1bd7073234","level":"INFO","thread":"BftProcessorExecutor-QBFT-0","class":"QbftBesuControllerBuilder","message":"Produced #864 / 1 tx / 0 pending / 23,604 (0.0%) gas / (0x2029fb9223c954429196b94a1e0d6b5f4c035cfc3fcc03d7ff8b8ba59cb2f468)","throwable":""}
{"timestamp":"2025-07-02T19:14:24,019","container":"fd1bd7073234","level":"INFO","thread":"BftProcessorExecutor-QBFT-0","class":"QbftBesuControllerBuilder","message":"Imported #865 / 0 tx / 0 pending / 0 (0.0%) gas / (0x516472d186b92b61b34a24af85be73dc2e1bcfdcf556ff35555e9671846fc08f)","throwable":""}
{"timestamp":"2025-07-02T19:14:32,020","container":"fd1bd7073234","level":"INFO","thread":"BftProcessorExecutor-QBFT-0","class":"QbftBesuControllerBuilder","message":"Imported #866 / 0 tx / 0 pending / 0 (0.0%) gas / (0x7c72d5887b2b5e7c1bc7c416511f3bd010eb6b91f9e5e85710c0a545ca26d1d4)","throwable":""}
{"timestamp":"2025-07-02T19:14:40,013","container":"fd1bd7073234","level":"INFO","thread":"BftProcessorExecutor-QBFT-0","class":"QbftBesuControllerBuilder","message":"Imported #867 / 0 tx / 0 pending / 0 (0.0%) gas / (0xa4b6dc3fa90c32b557080ec7c57f4acae016ba59f5e1ea278ae3873c4420c958)","throwable":""}
{"timestamp":"2025-07-02T19:14:48,009","container":"fd1bd7073234","level":"INFO","thread":"BftProcessorExecutor-QBFT-0","class":"QbftBesuControllerBuilder","message":"Produced #868 / 0 tx / 0 pending / 0 (0.0%) gas / (0x63d11e5c0021e69beeca820c3cf7b489bf44eac89f6bcc8565ae7557c379701e)","throwable":""}
{"timestamp":"2025-07-02T19:14:56,019","container":"fd1bd7073234","level":"INFO","thread":"BftProcessorExecutor-QBFT-0","class":"QbftBesuControllerBuilder","message":"Imported #869 / 0 tx / 0 pending / 0 (0.0%) gas / (0xa32accce105ceb9640c754179d14537fc0215bcf3451b64df76cca17a480b3ed)","throwable":""}
{"timestamp":"2025-07-02T19:15:04,019","container":"fd1bd7073234","level":"INFO","thread":"BftProcessorExecutor-QBFT-0","class":"QbftBesuControllerBuilder","message":"Imported #870 / 0 tx / 0 pending / 0 (0.0%) gas / (0xc8254119a211b205ff988ab7230343f32b776fc9eec010be8e8268af687ba815)","throwable":""}
{"timestamp":"2025-07-02T19:15:12,020","container":"fd1bd7073234","level":"INFO","thread":"BftProcessorExecutor-QBFT-0","class":"QbftBesuControllerBuilder","message":"Imported #871 / 0 tx / 0 pending / 0 (0.0%) gas / (0xa20f8771f970d69a8d1ced5c6d8dab7c45bbee9ca3a1a7492dd0a90bf96a3c08)","throwable":""}
{"timestamp":"2025-07-02T19:15:20,018","container":"fd1bd7073234","level":"INFO","thread":"BftProcessorExecutor-QBFT-0","class":"QbftBesuControllerBuilder","message":"Produced #872 / 0 tx / 0 pending / 0 (0.0%) gas / (0xd329ed21eb965c6e789b1248460dda06ea59f760ca78f0432082c76a3a4de17a)","throwable":""}
{"timestamp":"2025-07-02T19:15:28,017","container":"fd1bd7073234","level":"INFO","thread":"BftProcessorExecutor-QBFT-0","class":"QbftBesuControllerBuilder","message":"Imported #873 / 0 tx / 0 pending / 0 (0.0%) gas / (0x0a959c33026ef0058ea8020d6b86182e0490fbfa9f90bb09df08b785775c8702)","throwable":""}
{"timestamp":"2025-07-02T19:15:36,018","container":"fd1bd7073234","level":"INFO","thread":"BftProcessorExecutor-QBFT-0","class":"QbftBesuControllerBuilder","message":"Imported #874 / 0 tx / 0 pending / 0 (0.0%) gas / (0xe3bbde697a0f34cf3c61507ae5a770846acc336c5231ec7f73589b4b5ba84833)","throwable":""}
{"timestamp":"2025-07-02T19:15:44,018","container":"fd1bd7073234","level":"INFO","thread":"BftProcessorExecutor-QBFT-0","class":"QbftBesuControllerBuilder","message":"Imported #875 / 1 tx / 0 pending / 23,604 (0.0%) gas / (0x70e17f2f8feb881beee38b783a0aed285815f87934258d1ce1e07fcb17bc4fbd)","throwable":""}
{"timestamp":"2025-07-02T19:15:52,014","container":"fd1bd7073234","level":"INFO","thread":"BftProcessorExecutor-QBFT-0","class":"QbftBesuControllerBuilder","message":"Produced #876 / 0 tx / 0 pending / 0 (0.0%) gas / (0xd3995e5b3a325989e8a300bd02dbc65f1ef5209ba393982260c398d1d12a0f40)","throwable":""}
{"timestamp":"2025-07-02T19:16:00,043","container":"fd1bd7073234","level":"INFO","thread":"EthScheduler-Workers-0","class":"PersistBlockTask","message":"Block 877 (0x40262ea04d4acd41be5b0ad202ad9544ba4532df92ba2245579d5a6d4c0e2946) is already imported","throwable":""}
{"timestamp":"2025-07-02T19:16:00,043","container":"fd1bd7073234","level":"INFO","thread":"BftProcessorExecutor-QBFT-0","class":"QbftBesuControllerBuilder","message":"Imported #877 / 0 tx / 0 pending / 0 (0.0%) gas / (0x40262ea04d4acd41be5b0ad202ad9544ba4532df92ba2245579d5a6d4c0e2946)","throwable":""}
{"timestamp":"2025-07-02T19:16:08,018","container":"fd1bd7073234","level":"INFO","thread":"BftProcessorExecutor-QBFT-0","class":"QbftBesuControllerBuilder","message":"Imported #878 / 0 tx / 0 pending / 0 (0.0%) gas / (0x081b94dd6619761457297840276c9a61fdaa00691757003d1c5d11c275bddf4e)","throwable":""}
{"timestamp":"2025-07-02T19:16:16,004","container":"fd1bd7073234","level":"INFO","thread":"BftProcessorExecutor-QBFT-0","class":"QbftBesuControllerBuilder","message":"Imported #879 / 0 tx / 0 pending / 0 (0.0%) gas / (0x936a8f30d212b6ac000c3b2d27cfff7b4b7398262e186aba854dede1d66878ca)","throwable":""}
{"timestamp":"2025-07-02T19:16:24,017","container":"fd1bd7073234","level":"INFO","thread":"BftProcessorExecutor-QBFT-0","class":"QbftBesuControllerBuilder","message":"Produced #880 / 0 tx / 0 pending / 0 (0.0%) gas / (0x3b054b417581d8ace7c37035018110407aaac71de9e355a30a052ce2dbe01dec)","throwable":""}
{"timestamp":"2025-07-02T19:16:32,017","container":"fd1bd7073234","level":"INFO","thread":"BftProcessorExecutor-QBFT-0","class":"QbftBesuControllerBuilder","message":"Imported #881 / 0 tx / 0 pending / 0 (0.0%) gas / (0x0e522288c4af5a7cd85cc7e60731210dad675fa9786e7814d3087ce799a9dd97)","throwable":""}
{"timestamp":"2025-07-02T19:16:40,015","container":"fd1bd7073234","level":"INFO","thread":"BftProcessorExecutor-QBFT-0","class":"QbftBesuControllerBuilder","message":"Imported #882 / 0 tx / 0 pending / 0 (0.0%) gas / (0x6ffd8a66fb9fa69ce1cc4fcabdea3e438f15f0edbea997b5fc8d26c75f51efd0)","throwable":""}
{"timestamp":"2025-07-02T19:16:48,011","container":"fd1bd7073234","level":"INFO","thread":"BftProcessorExecutor-QBFT-0","class":"QbftBesuControllerBuilder","message":"Imported #883 / 0 tx / 0 pending / 0 (0.0%) gas / (0x922ed30cbeb2d65d8772a83cd16d89937330b5c80efad544a0984554c8ba63e1)","throwable":""}
{"timestamp":"2025-07-02T19:16:56,017","container":"fd1bd7073234","level":"INFO","thread":"BftProcessorExecutor-QBFT-0","class":"QbftBesuControllerBuilder","message":"Produced #884 / 0 tx / 0 pending / 0 (0.0%) gas / (0xcbdd242d1e258f1ee39b328e43962f13bbe3db581e170d79dc1ce73e16b4774a)","throwable":""}
{"timestamp":"2025-07-02T19:17:04,009","container":"fd1bd7073234","level":"INFO","thread":"BftProcessorExecutor-QBFT-0","class":"QbftBesuControllerBuilder","message":"Imported #885 / 0 tx / 0 pending / 0 (0.0%) gas / (0x4e51781a674788b80889dcd2dea8434efce9315a234c03a2586e1394fd860a14)","throwable":""}
{"timestamp":"2025-07-02T19:17:12,017","container":"fd1bd7073234","level":"INFO","thread":"BftProcessorExecutor-QBFT-0","class":"QbftBesuControllerBuilder","message":"Imported #886 / 0 tx / 0 pending / 0 (0.0%) gas / (0x9c6519e2d53373dd26081e6319006dbf832858beb576ee6128f8d3e7b290cb16)","throwable":""}
{"timestamp":"2025-07-02T19:17:20,019","container":"fd1bd7073234","level":"INFO","thread":"BftProcessorExecutor-QBFT-0","class":"QbftBesuControllerBuilder","message":"Imported #887 / 0 tx / 0 pending / 0 (0.0%) gas / (0x8a6fe3c50ed69d382f2da8c9d9e9076b0aa21878cb0804fe7ddf87632023d1f8)","throwable":""}
{"timestamp":"2025-07-02T19:17:28,018","container":"fd1bd7073234","level":"INFO","thread":"BftProcessorExecutor-QBFT-0","class":"QbftBesuControllerBuilder","message":"Produced #888 / 0 tx / 0 pending / 0 (0.0%) gas / (0x3e766dc7237a6b6abfb821ed64fc346506ef3bebc73592288ad5498d79a816a6)","throwable":""}
{"timestamp":"2025-07-02T19:17:36,019","container":"fd1bd7073234","level":"INFO","thread":"BftProcessorExecutor-QBFT-0","class":"QbftBesuControllerBuilder","message":"Imported #889 / 0 tx / 0 pending / 0 (0.0%) gas / (0x35f6b5c9fd52971cf7d37b655d9fe94da8c8264e3dd42feedbe804f15e08b0b1)","throwable":""}
{"timestamp":"2025-07-02T19:17:44,012","container":"fd1bd7073234","level":"INFO","thread":"BftProcessorExecutor-QBFT-0","class":"QbftBesuControllerBuilder","message":"Imported #890 / 0 tx / 0 pending / 0 (0.0%) gas / (0xc0168323ab899f56dbea3f51816fe2ac48615bc8f1dc2f50895a2815d94a90c4)","throwable":""}
{"timestamp":"2025-07-02T19:17:52,014","container":"fd1bd7073234","level":"INFO","thread":"BftProcessorExecutor-QBFT-0","class":"QbftBesuControllerBuilder","message":"Imported #891 / 0 tx / 0 pending / 0 (0.0%) gas / (0xec0a838c21330ee51a8220a478c96b32359a5d8038682d1243e62c725b125c07)","throwable":""}
{"timestamp":"2025-07-02T19:18:00,020","container":"fd1bd7073234","level":"INFO","thread":"BftProcessorExecutor-QBFT-0","class":"QbftBesuControllerBuilder","message":"Produced #892 / 0 tx / 0 pending / 0 (0.0%) gas / (0x6142e3dee7364b21f16a585e8019d831006b03e614ba0536cc1827187a83bf00)","throwable":""}
{"timestamp":"2025-07-02T19:18:08,012","container":"fd1bd7073234","level":"INFO","thread":"EthScheduler-Workers-0","class":"PersistBlockTask","message":"Imported #893 / 0 tx / 0 om / 0 (0.0%) gas / (0x5456ebc3df21002aec43bd8e3979eed6be00e4d214966625c5b3560caedf7dd0) in 0.001s. Peers: 3","throwable":""}
{"timestamp":"2025-07-02T19:18:16,019","container":"fd1bd7073234","level":"INFO","thread":"BftProcessorExecutor-QBFT-0","class":"QbftBesuControllerBuilder","message":"Imported #894 / 0 tx / 0 pending / 0 (0.0%) gas / (0xd0e98e123518bce28d71618d514ece69cafb62d5e4b5cb136c83abc499f0d7a7)","throwable":""}
{"timestamp":"2025-07-02T19:18:24,002","container":"fd1bd7073234","level":"INFO","thread":"BftProcessorExecutor-QBFT-0","class":"QbftBesuControllerBuilder","message":"Imported #895 / 0 tx / 0 pending / 0 (0.0%) gas / (0x727b8f108c0677e4a6df42df5b9d5d9458d6b9658856a407ff47e0ab637d8c98)","throwable":""}
{"timestamp":"2025-07-02T19:18:32,018","container":"fd1bd7073234","level":"INFO","thread":"BftProcessorExecutor-QBFT-0","class":"QbftBesuControllerBuilder","message":"Produced #896 / 0 tx / 0 pending / 0 (0.0%) gas / (0x995976cbd9b12239f28c5b1ebb94ca85a271b25c75ecc50a6be6e5b70c09a52b)","throwable":""}
{"timestamp":"2025-07-02T19:18:40,021","container":"fd1bd7073234","level":"INFO","thread":"BftProcessorExecutor-QBFT-0","class":"QbftBesuControllerBuilder","message":"Imported #897 / 0 tx / 0 pending / 0 (0.0%) gas / (0x19f52a5626a81516ed7e904f9e80d8f7ce0ab383412cf8d652a0f7565ae9210e)","throwable":""}
{"timestamp":"2025-07-02T19:18:48,018","container":"fd1bd7073234","level":"INFO","thread":"BftProcessorExecutor-QBFT-0","class":"QbftBesuControllerBuilder","message":"Imported #898 / 0 tx / 0 pending / 0 (0.0%) gas / (0x5e1221bb0c6d9ad61c464f8f0e42ca6d06335ace84c82a5ce16a2778ecae7db4)","throwable":""}
{"timestamp":"2025-07-02T19:18:56,011","container":"fd1bd7073234","level":"INFO","thread":"BftProcessorExecutor-QBFT-0","class":"QbftBesuControllerBuilder","message":"Imported #899 / 0 tx / 0 pending / 0 (0.0%) gas / (0xb4bd5c30adc7725aa0d41356f72b9762d0eddee9b943f9ed1fd383896a59c83a)","throwable":""}
{"timestamp":"2025-07-02T19:19:04,018","container":"fd1bd7073234","level":"INFO","thread":"BftProcessorExecutor-QBFT-0","class":"QbftBesuControllerBuilder","message":"Produced #900 / 0 tx / 0 pending / 0 (0.0%) gas / (0x6616666386af5ab873b02e4b65066d35c9df8759922d2e725e2a6fbdb6943102)","throwable":""}
{"timestamp":"2025-07-02T19:19:12,015","container":"fd1bd7073234","level":"INFO","thread":"BftProcessorExecutor-QBFT-0","class":"QbftBesuControllerBuilder","message":"Imported #901 / 0 tx / 0 pending / 0 (0.0%) gas / (0x00ee285b24ea26d3f2c4f15d3ac698a237c766c6fc878d1fb358896821284922)","throwable":""}
{"timestamp":"2025-07-02T19:19:20,018","container":"fd1bd7073234","level":"INFO","thread":"BftProcessorExecutor-QBFT-0","class":"QbftBesuControllerBuilder","message":"Imported #902 / 0 tx / 0 pending / 0 (0.0%) gas / (0xee578cdfcbaa2615de9c0a31c04b4d15d578fd0d1420232a8b1c3955745b039c)","throwable":""}
{"timestamp":"2025-07-02T19:19:28,014","container":"fd1bd7073234","level":"INFO","thread":"BftProcessorExecutor-QBFT-0","class":"QbftBesuControllerBuilder","message":"Imported #903 / 0 tx / 0 pending / 0 (0.0%) gas / (0xb68dde331a95fa9b708875943480b57d31d4f3c623952a5dcd115771b0e2bb2f)","throwable":""}
{"timestamp":"2025-07-02T19:19:36,018","container":"fd1bd7073234","level":"INFO","thread":"BftProcessorExecutor-QBFT-0","class":"QbftBesuControllerBuilder","message":"Produced #904 / 0 tx / 0 pending / 0 (0.0%) gas / (0x4dd7400c91f35ed2a03d93d2bb8e748f5efe1ed2b5f9dae75e0aeec0ca1a803c)","throwable":""}
{"timestamp":"2025-07-02T19:19:44,025","container":"fd1bd7073234","level":"INFO","thread":"BftProcessorExecutor-QBFT-0","class":"QbftBesuControllerBuilder","message":"Imported #905 / 0 tx / 0 pending / 0 (0.0%) gas / (0xcbcc85dbb5a791dca23ec7ce56e599a429048e64b818c4ce4a4aaa091f39640d)","throwable":""}
{"timestamp":"2025-07-02T19:19:52,016","container":"fd1bd7073234","level":"INFO","thread":"BftProcessorExecutor-QBFT-0","class":"QbftBesuControllerBuilder","message":"Imported #906 / 0 tx / 0 pending / 0 (0.0%) gas / (0x015b0ece77be2ae9f06e57528de8dba4342197f883039a60fa7f9fd77574b714)","throwable":""}
{"timestamp":"2025-07-02T19:20:00,012","container":"fd1bd7073234","level":"INFO","thread":"BftProcessorExecutor-QBFT-0","class":"QbftBesuControllerBuilder","message":"Imported #907 / 0 tx / 0 pending / 0 (0.0%) gas / (0x2785a76e06a93e8847bcac9d6b65dd509bb0101bd5530a595e1b275d85d50102)","throwable":""}
{"timestamp":"2025-07-02T19:20:08,016","container":"fd1bd7073234","level":"INFO","thread":"BftProcessorExecutor-QBFT-0","class":"QbftBesuControllerBuilder","message":"Produced #908 / 0 tx / 0 pending / 0 (0.0%) gas / (0x5e9ef33165a5d157bc91b80bd53a31594a027fa5f386766ca93ca549c2957487)","throwable":""}
{"timestamp":"2025-07-02T19:20:16,018","container":"fd1bd7073234","level":"INFO","thread":"BftProcessorExecutor-QBFT-0","class":"QbftBesuControllerBuilder","message":"Imported #909 / 0 tx / 0 pending / 0 (0.0%) gas / (0xb68902123f2f565e39244bf9b93b638acd27e469dbb848d4208a7db0d4b3b4fc)","throwable":""}
{"timestamp":"2025-07-02T19:20:24,018","container":"fd1bd7073234","level":"INFO","thread":"BftProcessorExecutor-QBFT-0","class":"QbftBesuControllerBuilder","message":"Imported #910 / 0 tx / 0 pending / 0 (0.0%) gas / (0x56e074c5a0960c1c1ee62a8d3cf046cbcc75d7e26a09d6f2d315896801f5f6f9)","throwable":""}
{"timestamp":"2025-07-02T19:20:32,013","container":"fd1bd7073234","level":"INFO","thread":"BftProcessorExecutor-QBFT-0","class":"QbftBesuControllerBuilder","message":"Imported #911 / 0 tx / 0 pending / 0 (0.0%) gas / (0x5dbbdb95875abd1d2453695f99bffd86077d01bee87be26f2a362a4e7442cd30)","throwable":""}
{"timestamp":"2025-07-02T19:20:40,019","container":"fd1bd7073234","level":"INFO","thread":"BftProcessorExecutor-QBFT-0","class":"QbftBesuControllerBuilder","message":"Produced #912 / 0 tx / 0 pending / 0 (0.0%) gas / (0xd1b3ebbc14d81dd5f02a25551f70aa72a04aeecb5502d1b6ab5e3ef8b6b0c35d)","throwable":""}
{"timestamp":"2025-07-02T19:20:48,019","container":"fd1bd7073234","level":"INFO","thread":"BftProcessorExecutor-QBFT-0","class":"QbftBesuControllerBuilder","message":"Imported #913 / 0 tx / 0 pending / 0 (0.0%) gas / (0x2473a2f7854b28905e5214293319678058848b6803ddd94544d48b3c69d31eee)","throwable":""}
{"timestamp":"2025-07-02T19:20:56,019","container":"fd1bd7073234","level":"INFO","thread":"BftProcessorExecutor-QBFT-0","class":"QbftBesuControllerBuilder","message":"Imported #914 / 0 tx / 0 pending / 0 (0.0%) gas / (0xa05af24f70db1bcd057bf7022213cb11e019e9548c6271d932675bfa35b03410)","throwable":""}
{"timestamp":"2025-07-02T19:21:04,010","container":"fd1bd7073234","level":"INFO","thread":"BftProcessorExecutor-QBFT-0","class":"QbftBesuControllerBuilder","message":"Imported #915 / 0 tx / 0 pending / 0 (0.0%) gas / (0xf06e9c0d25a0b34362e5c0d24a8b61cdeb07a189659ce82dcce93f80efebbea1)","throwable":""}
{"timestamp":"2025-07-02T19:21:12,018","container":"fd1bd7073234","level":"INFO","thread":"BftProcessorExecutor-QBFT-0","class":"QbftBesuControllerBuilder","message":"Produced #916 / 0 tx / 0 pending / 0 (0.0%) gas / (0x93c8ca04d32afe12e7b5080a64289c9cf4019aa72f6fd2f9489f712c33406a7d)","throwable":""}
{"timestamp":"2025-07-02T19:21:20,026","container":"fd1bd7073234","level":"INFO","thread":"BftProcessorExecutor-QBFT-0","class":"QbftBesuControllerBuilder","message":"Imported #917 / 0 tx / 0 pending / 0 (0.0%) gas / (0x0a7a2b0cfcf12e9e7a921c48f4b5481cf366b73553796c537aed9bf86283a3de)","throwable":""}
{"timestamp":"2025-07-02T19:21:28,018","container":"fd1bd7073234","level":"INFO","thread":"BftProcessorExecutor-QBFT-0","class":"QbftBesuControllerBuilder","message":"Imported #918 / 0 tx / 0 pending / 0 (0.0%) gas / (0xdebbe0fa87347df5f356542532fb72e8c4deaf0f62df125397d48b1f72457dc8)","throwable":""}
{"timestamp":"2025-07-02T19:21:36,017","container":"fd1bd7073234","level":"INFO","thread":"BftProcessorExecutor-QBFT-0","class":"QbftBesuControllerBuilder","message":"Imported #919 / 0 tx / 0 pending / 0 (0.0%) gas / (0x5962a4a924109c615b1d5a60293c007cc60a058d361d67a7b9b789fc82c2db77)","throwable":""}
{"timestamp":"2025-07-02T19:21:44,018","container":"fd1bd7073234","level":"INFO","thread":"BftProcessorExecutor-QBFT-0","class":"QbftBesuControllerBuilder","message":"Produced #920 / 0 tx / 0 pending / 0 (0.0%) gas / (0xe0938554cc01562e835c03fb014d9759a9b5c1b1cceb4c11e299d4f2798de1f1)","throwable":""}
{"timestamp":"2025-07-02T19:21:52,018","container":"fd1bd7073234","level":"INFO","thread":"BftProcessorExecutor-QBFT-0","class":"QbftBesuControllerBuilder","message":"Imported #921 / 0 tx / 0 pending / 0 (0.0%) gas / (0xed5f2d2d4bb11009ed68e216cb7113c6e9a7b985c5ab12fc6d72194398e88310)","throwable":""}
{"timestamp":"2025-07-02T19:22:00,020","container":"fd1bd7073234","level":"INFO","thread":"BftProcessorExecutor-QBFT-0","class":"QbftBesuControllerBuilder","message":"Imported #922 / 0 tx / 0 pending / 0 (0.0%) gas / (0xfb9f69bf019cf68ecc6abca65d57c325c014ecdd8e6b6f442cbee3f5a1957008)","throwable":""}
{"timestamp":"2025-07-02T19:22:08,015","container":"fd1bd7073234","level":"INFO","thread":"BftProcessorExecutor-QBFT-0","class":"QbftBesuControllerBuilder","message":"Imported #923 / 0 tx / 0 pending / 0 (0.0%) gas / (0x12d303817eff2cb059811635e39fb0da2968e169eac24de6a226b8d8ed722dfa)","throwable":""}
{"timestamp":"2025-07-02T19:22:16,019","container":"fd1bd7073234","level":"INFO","thread":"BftProcessorExecutor-QBFT-0","class":"QbftBesuControllerBuilder","message":"Produced #924 / 0 tx / 0 pending / 0 (0.0%) gas / (0x2f12492efbbdef6476c7e94f30f93a3024764351c0b6e6505f62fe4f42356393)","throwable":""}
{"timestamp":"2025-07-02T19:22:24,011","container":"fd1bd7073234","level":"INFO","thread":"BftProcessorExecutor-QBFT-0","class":"QbftBesuControllerBuilder","message":"Imported #925 / 0 tx / 0 pending / 0 (0.0%) gas / (0x5bd1be722d857ff2018b4f9480692d156b818a9aac2cde6df9dbdfbc6eb47839)","throwable":""}
{"timestamp":"2025-07-02T19:22:51,008","container":"fd1bd7073234","level":"INFO","thread":"BftProcessorExecutor-QBFT-0","class":"BftProcessor","message":"Shutting down BFT event processor","throwable":""}
{"timestamp":"2025-07-02T19:22:51,012","container":"fd1bd7073234","level":"INFO","thread":"BesuCommand-Shutdown-Hook","class":"DefaultSynchronizer","message":"Stopping synchronizer","throwable":""}
{"timestamp":"2025-07-02T19:22:51,016","container":"fd1bd7073234","level":"INFO","thread":"BesuCommand-Shutdown-Hook","class":"NetworkRunner","message":"Stopping Network.","throwable":""}
{"timestamp":"2025-07-02T19:22:51,033","container":"fd1bd7073234","level":"INFO","thread":"BesuCommand-Shutdown-Hook","class":"EthProtocolManager","message":"Stopping eth Subprotocol.","throwable":""}
{"timestamp":"2025-07-02T19:22:51,122","container":"fd1bd7073234","level":"INFO","thread":"BesuCommand-Shutdown-Hook","class":"EthProtocolManager","message":"eth Subprotocol stopped.","throwable":""}
{"timestamp":"2025-07-02T19:22:51,122","container":"fd1bd7073234","level":"INFO","thread":"BesuCommand-Shutdown-Hook","class":"NetworkRunner","message":"Network stopped.","throwable":""}
{"timestamp":"2025-07-02T19:22:51,122","container":"fd1bd7073234","level":"INFO","thread":"BesuCommand-Shutdown-Hook","class":"AutoTransactionLogBloomCachingService","message":"Shutting down Auto transaction logs caching service.","throwable":""}
{"timestamp":"2025-07-02T19:22:51,123","container":"fd1bd7073234","level":"INFO","thread":"BesuCommand-Shutdown-Hook","class":"DockerNatManager","message":"Stopping docker NAT manager.","throwable":""}
{"timestamp":"2025-07-03T22:30:46,008","container":"fd1bd7073234","level":"INFO","thread":"main","class":"Besu","message":"Starting Besu","throwable":""}
{"timestamp":"2025-07-03T22:30:46,535","container":"fd1bd7073234","level":"WARN","thread":"main","class":"Besu","message":"--min-gas-price has been ignored because --miner-enabled was not defined on the command line.","throwable":""}
{"timestamp":"2025-07-03T22:30:47,472","container":"fd1bd7073234","level":"INFO","thread":"main","class":"Besu","message":"
####################################################################################################
#                                                                                                  #
# Besu version 23.4.1                                                                              #
#                                                                                                  #
# Configuration:                                                                                   #
# Network: Custom genesis file specified                                                           #
# Network Id: 1337                                                                                 #
# Data storage: Forest                                                                             #
# Sync mode: Full                                                                                  #
# RPC HTTP APIs: EEA,WEB3,ETH,NET,TRACE,DEBUG,ADMIN,TXPOOL,PRIV,PERM,QBFT                          #
# RPC HTTP port: 8545                                                                              #
#                                                                                                  #
# Host:                                                                                            #
# Java: openjdk-java-17                                                                            #
# Maximum heap size: 3.84 GB                                                                       #
# OS: linux-x86_64                                                                                 #
# glibc: 2.35                                                                                      #
# jemalloc: 5.2.1-0-gea6b3e973b477b8061e0076bb257dbd7f3faa756                                      #
# Total memory: 15.35 GB                                                                           #
# CPU cores: 8                                                                                     #
#                                                                                                  #
####################################################################################################","throwable":""}
{"timestamp":"2025-07-03T22:30:47,473","container":"fd1bd7073234","level":"INFO","thread":"main","class":"Besu","message":"Connecting to 8 static nodes.","throwable":""}
{"timestamp":"2025-07-03T22:30:47,473","container":"fd1bd7073234","level":"INFO","thread":"main","class":"Besu","message":"Security Module: localfile","throwable":""}
{"timestamp":"2025-07-03T22:30:47,532","container":"fd1bd7073234","level":"INFO","thread":"main","class":"Besu","message":"Using the native implementation of alt bn128","throwable":""}
{"timestamp":"2025-07-03T22:30:47,576","container":"fd1bd7073234","level":"INFO","thread":"main","class":"Besu","message":"Using the native implementation of modexp","throwable":""}
{"timestamp":"2025-07-03T22:30:47,577","container":"fd1bd7073234","level":"INFO","thread":"main","class":"Besu","message":"Using the native implementation of the signature algorithm","throwable":""}
{"timestamp":"2025-07-03T22:30:47,581","container":"fd1bd7073234","level":"INFO","thread":"main","class":"Besu","message":"Using the native implementation of the blake2bf algorithm","throwable":""}
{"timestamp":"2025-07-03T22:30:47,599","container":"fd1bd7073234","level":"INFO","thread":"main","class":"DatabaseMetadata","message":"Lookup database metadata file in data directory: /opt/besu/data","throwable":""}
{"timestamp":"2025-07-03T22:30:47,647","container":"fd1bd7073234","level":"INFO","thread":"main","class":"RocksDBKeyValueStorageFactory","message":"Existing database detected at /opt/besu/data. Version 1. Compacting database...","throwable":""}
{"timestamp":"2025-07-03T22:30:48,378","container":"fd1bd7073234","level":"INFO","thread":"main","class":"KeyPairUtil","message":"Loaded public key 0x2fd5b5b6ad529f55b71602026d1849d0036f06482368b5812fa793014195d3571b0840dbc4175617de2a12db8f1222c012420d471ae5c0d982118625cae58868 from /opt/besu/keys/nodekey","throwable":""}
{"timestamp":"2025-07-03T22:30:48,396","container":"fd1bd7073234","level":"WARN","thread":"main","class":"Besu","message":"Privacy is disabled. Cannot use EEA/PRIV API methods when not using Privacy.","throwable":""}
{"timestamp":"2025-07-03T22:30:48,668","container":"fd1bd7073234","level":"INFO","thread":"main","class":"ProtocolScheduleBuilder","message":"Protocol schedule created with milestones: [GrayGlacier: 0]","throwable":""}
{"timestamp":"2025-07-03T22:30:48,895","container":"fd1bd7073234","level":"INFO","thread":"main","class":"TransactionPoolFactory","message":"Enabling transaction pool","throwable":""}
{"timestamp":"2025-07-03T22:30:48,922","container":"fd1bd7073234","level":"INFO","thread":"main","class":"BesuControllerBuilder","message":"TTD difficulty is not present, creating initial sync phase for PoW","throwable":""}
{"timestamp":"2025-07-03T22:30:49,012","container":"fd1bd7073234","level":"INFO","thread":"main","class":"RunnerBuilder","message":"Detecting NAT service.","throwable":""}
{"timestamp":"2025-07-03T22:30:49,981","container":"fd1bd7073234","level":"INFO","thread":"main","class":"Runner","message":"Starting external services ... ","throwable":""}
{"timestamp":"2025-07-03T22:30:49,982","container":"fd1bd7073234","level":"INFO","thread":"main","class":"MetricsHttpService","message":"Starting metrics http service on 0.0.0.0:9545","throwable":""}
{"timestamp":"2025-07-03T22:30:50,252","container":"fd1bd7073234","level":"INFO","thread":"main","class":"JsonRpcHttpService","message":"Starting JSON-RPC service on 0.0.0.0:8545","throwable":""}
{"timestamp":"2025-07-03T22:30:50,252","container":"fd1bd7073234","level":"INFO","thread":"vert.x-eventloop-thread-1","class":"MetricsHttpService","message":"Metrics service started and listening on 0.0.0.0:9545","throwable":""}
{"timestamp":"2025-07-03T22:30:50,268","container":"fd1bd7073234","level":"INFO","thread":"vert.x-eventloop-thread-1","class":"JsonRpcHttpService","message":"JSON-RPC service started and listening on 0.0.0.0:8545","throwable":""}
{"timestamp":"2025-07-03T22:30:50,271","container":"fd1bd7073234","level":"INFO","thread":"main","class":"GraphQLHttpService","message":"Starting GraphQL HTTP service on 0.0.0.0:8547","throwable":""}
{"timestamp":"2025-07-03T22:30:50,274","container":"fd1bd7073234","level":"INFO","thread":"vert.x-eventloop-thread-1","class":"GraphQLHttpService","message":"GraphQL HTTP service started and listening on 0.0.0.0:8547","throwable":""}
{"timestamp":"2025-07-03T22:30:50,274","container":"fd1bd7073234","level":"INFO","thread":"main","class":"WebSocketService","message":"Starting Websocket service on 0.0.0.0:8546","throwable":""}
{"timestamp":"2025-07-03T22:30:50,293","container":"fd1bd7073234","level":"INFO","thread":"vert.x-eventloop-thread-1","class":"WebSocketService","message":"Websocket service started and listening on 0.0.0.0:8546","throwable":""}
{"timestamp":"2025-07-03T22:30:50,296","container":"fd1bd7073234","level":"INFO","thread":"main","class":"AutoTransactionLogBloomCachingService","message":"Starting auto transaction log bloom caching service.","throwable":""}
{"timestamp":"2025-07-03T22:30:50,297","container":"fd1bd7073234","level":"INFO","thread":"main","class":"LogBloomCacheMetadata","message":"Lookup cache metadata file in data directory: /opt/besu/data/caches","throwable":""}
{"timestamp":"2025-07-03T22:30:50,323","container":"fd1bd7073234","level":"INFO","thread":"main","class":"Runner","message":"Starting Ethereum main loop ... ","throwable":""}
{"timestamp":"2025-07-03T22:30:50,324","container":"fd1bd7073234","level":"INFO","thread":"main","class":"DockerNatManager","message":"Starting docker NAT manager.","throwable":""}
{"timestamp":"2025-07-03T22:30:50,339","container":"fd1bd7073234","level":"INFO","thread":"main","class":"NetworkRunner","message":"Starting Network.","throwable":""}
{"timestamp":"2025-07-03T22:30:50,390","container":"fd1bd7073234","level":"INFO","thread":"nioEventLoopGroup-2-1","class":"RlpxAgent","message":"P2P RLPx agent started and listening on /[0:0:0:0:0:0:0:0]:30303.","throwable":""}
{"timestamp":"2025-07-03T22:30:50,413","container":"fd1bd7073234","level":"INFO","thread":"main","class":"PeerDiscoveryAgent","message":"Starting peer discovery agent on host=0.0.0.0, port=30303","throwable":""}
{"timestamp":"2025-07-03T22:30:50,478","container":"fd1bd7073234","level":"INFO","thread":"vert.x-eventloop-thread-1","class":"VertxPeerDiscoveryAgent","message":"Started peer discovery agent successfully, on effective host=0:0:0:0:0:0:0:0%0 and port=30303","throwable":""}
{"timestamp":"2025-07-03T22:30:50,486","container":"fd1bd7073234","level":"INFO","thread":"vert.x-eventloop-thread-1","class":"PeerDiscoveryAgent","message":"P2P peer discovery agent started and listening on /[0:0:0:0:0:0:0:0%0]:30303","throwable":""}
{"timestamp":"2025-07-03T22:30:50,686","container":"fd1bd7073234","level":"INFO","thread":"vert.x-eventloop-thread-1","class":"PeerDiscoveryAgent","message":"Writing node record to disk. NodeRecord{seq=2, publicKey=0x022fd5b5b6ad529f55b71602026d1849d0036f06482368b5812fa793014195d357, udpAddress=Optional[/10.0.0.203:30303], tcpAddress=Optional[/10.0.0.203:30303], asBase64=-Je4QOzD_sJBwKt0BlnLcVvH6UPgSw8VklAjvtoumXnu7LahJ5rd4t_ndUD7Y2_PbfaoDMJ-CjbSHqP71r6z03Ym8O8Cg2V0aMfGhGpSrW2AgmlkgnY0gmlwhAoAAMuJc2VjcDI1NmsxoQIv1bW2rVKfVbcWAgJtGEnQA28GSCNotYEvp5MBQZXTV4N0Y3CCdl-DdWRwgnZf, nodeId=0xc8f776c1d83d4fddd02782c698c1334496614aed49d2e81526d089f7264fed9c, customFields={tcp=30303, udp=30303, ip=0x0a0000cb, eth=[[0x6a52ad6d, 0x]], id=V4, secp256k1=0x022fd5b5b6ad529f55b71602026d1849d0036f06482368b5812fa793014195d357}}","throwable":""}
{"timestamp":"2025-07-03T22:30:50,883","container":"fd1bd7073234","level":"INFO","thread":"main","class":"DefaultP2PNetwork","message":"Enode URL enode://2fd5b5b6ad529f55b71602026d1849d0036f06482368b5812fa793014195d3571b0840dbc4175617de2a12db8f1222c012420d471ae5c0d982118625cae58868@10.0.0.203:30303","throwable":""}
{"timestamp":"2025-07-03T22:30:50,883","container":"fd1bd7073234","level":"INFO","thread":"main","class":"DefaultP2PNetwork","message":"Node address 0x98c1334496614aed49d2e81526d089f7264fed9c","throwable":""}
{"timestamp":"2025-07-03T22:30:51,012","container":"fd1bd7073234","level":"INFO","thread":"main","class":"NetworkRunner","message":"Supported capabilities: [eth/62, eth/63, eth/64, eth/65, eth/66, eth/67, eth/68], [istanbul/100], [snap/1]","throwable":""}
{"timestamp":"2025-07-03T22:30:51,020","container":"fd1bd7073234","level":"INFO","thread":"main","class":"DefaultSynchronizer","message":"Starting synchronizer.","throwable":""}
{"timestamp":"2025-07-03T22:30:51,045","container":"fd1bd7073234","level":"INFO","thread":"main","class":"TransactionPoolFactory","message":"Enabling transaction handling following initial sync","throwable":""}
{"timestamp":"2025-07-03T22:30:51,047","container":"fd1bd7073234","level":"INFO","thread":"main","class":"FullSyncDownloader","message":"Starting full sync.","throwable":""}
{"timestamp":"2025-07-03T22:30:51,064","container":"fd1bd7073234","level":"INFO","thread":"main","class":"FullSyncTargetManager","message":"Unable to find sync target. Currently checking 0 peers for usefulness","throwable":""}
{"timestamp":"2025-07-03T22:30:52,000","container":"fd1bd7073234","level":"INFO","thread":"main","class":"Runner","message":"Ethereum main loop is up.","throwable":""}
{"timestamp":"2025-07-03T22:30:56,074","container":"fd1bd7073234","level":"INFO","thread":"EthScheduler-Timer-0","class":"FullSyncTargetManager","message":"Unable to find sync target. Currently checking 0 peers for usefulness","throwable":""}
{"timestamp":"2025-07-03T22:31:01,075","container":"fd1bd7073234","level":"INFO","thread":"EthScheduler-Timer-0","class":"FullSyncTargetManager","message":"Unable to find sync target. Currently checking 0 peers for usefulness","throwable":""}
{"timestamp":"2025-07-03T22:31:06,075","container":"fd1bd7073234","level":"INFO","thread":"EthScheduler-Timer-0","class":"FullSyncTargetManager","message":"Unable to find sync target. Currently checking 0 peers for usefulness","throwable":""}
{"timestamp":"2025-07-03T22:31:11,076","container":"fd1bd7073234","level":"INFO","thread":"EthScheduler-Timer-0","class":"FullSyncTargetManager","message":"Unable to find sync target. Currently checking 0 peers for usefulness","throwable":""}
{"timestamp":"2025-07-03T22:31:16,077","container":"fd1bd7073234","level":"INFO","thread":"EthScheduler-Timer-0","class":"FullSyncTargetManager","message":"Unable to find sync target. Currently checking 0 peers for usefulness","throwable":""}
{"timestamp":"2025-07-03T22:31:21,078","container":"fd1bd7073234","level":"INFO","thread":"EthScheduler-Timer-0","class":"FullSyncTargetManager","message":"Unable to find sync target. Currently checking 0 peers for usefulness","throwable":""}
{"timestamp":"2025-07-03T22:31:26,078","container":"fd1bd7073234","level":"INFO","thread":"EthScheduler-Timer-0","class":"FullSyncTargetManager","message":"Unable to find sync target. Currently checking 0 peers for usefulness","throwable":""}
{"timestamp":"2025-07-03T22:31:31,079","container":"fd1bd7073234","level":"INFO","thread":"EthScheduler-Timer-0","class":"FullSyncTargetManager","message":"Unable to find sync target. Currently checking 0 peers for usefulness","throwable":""}
{"timestamp":"2025-07-03T22:31:36,080","container":"fd1bd7073234","level":"INFO","thread":"EthScheduler-Timer-0","class":"FullSyncTargetManager","message":"Unable to find sync target. Currently checking 0 peers for usefulness","throwable":""}
{"timestamp":"2025-07-03T22:31:41,081","container":"fd1bd7073234","level":"INFO","thread":"EthScheduler-Timer-0","class":"FullSyncTargetManager","message":"Unable to find sync target. Currently checking 0 peers for usefulness","throwable":""}
{"timestamp":"2025-07-03T22:31:46,082","container":"fd1bd7073234","level":"INFO","thread":"EthScheduler-Timer-0","class":"FullSyncTargetManager","message":"Unable to find sync target. Currently checking 0 peers for usefulness","throwable":""}
{"timestamp":"2025-07-03T22:31:51,083","container":"fd1bd7073234","level":"INFO","thread":"EthScheduler-Timer-0","class":"FullSyncTargetManager","message":"Unable to find sync target. Currently checking 0 peers for usefulness","throwable":""}
{"timestamp":"2025-07-03T22:31:56,083","container":"fd1bd7073234","level":"INFO","thread":"EthScheduler-Timer-0","class":"FullSyncTargetManager","message":"Unable to find sync target. Currently checking 0 peers for usefulness","throwable":""}
{"timestamp":"2025-07-03T22:32:01,084","container":"fd1bd7073234","level":"INFO","thread":"EthScheduler-Timer-0","class":"FullSyncTargetManager","message":"Unable to find sync target. Currently checking 0 peers for usefulness","throwable":""}
{"timestamp":"2025-07-03T22:32:06,085","container":"fd1bd7073234","level":"INFO","thread":"EthScheduler-Timer-0","class":"FullSyncTargetManager","message":"Unable to find sync target. Currently checking 0 peers for usefulness","throwable":""}
{"timestamp":"2025-07-03T22:32:11,085","container":"fd1bd7073234","level":"INFO","thread":"EthScheduler-Timer-0","class":"FullSyncTargetManager","message":"Unable to find sync target. Currently checking 0 peers for usefulness","throwable":""}
{"timestamp":"2025-07-03T22:32:16,086","container":"fd1bd7073234","level":"INFO","thread":"EthScheduler-Timer-0","class":"FullSyncTargetManager","message":"Unable to find sync target. Currently checking 0 peers for usefulness","throwable":""}
{"timestamp":"2025-07-03T22:32:21,087","container":"fd1bd7073234","level":"INFO","thread":"EthScheduler-Timer-0","class":"FullSyncTargetManager","message":"Unable to find sync target. Currently checking 0 peers for usefulness","throwable":""}
{"timestamp":"2025-07-03T22:32:26,088","container":"fd1bd7073234","level":"INFO","thread":"EthScheduler-Timer-0","class":"FullSyncTargetManager","message":"Unable to find sync target. Currently checking 0 peers for usefulness","throwable":""}
{"timestamp":"2025-07-03T22:32:31,089","container":"fd1bd7073234","level":"INFO","thread":"EthScheduler-Timer-0","class":"FullSyncTargetManager","message":"Unable to find sync target. Currently checking 0 peers for usefulness","throwable":""}
{"timestamp":"2025-07-03T22:32:36,090","container":"fd1bd7073234","level":"INFO","thread":"EthScheduler-Timer-0","class":"FullSyncTargetManager","message":"Unable to find sync target. Currently checking 0 peers for usefulness","throwable":""}
{"timestamp":"2025-07-03T22:32:41,091","container":"fd1bd7073234","level":"INFO","thread":"EthScheduler-Timer-0","class":"FullSyncTargetManager","message":"Unable to find sync target. Currently checking 0 peers for usefulness","throwable":""}
{"timestamp":"2025-07-03T22:32:46,092","container":"fd1bd7073234","level":"INFO","thread":"EthScheduler-Timer-0","class":"FullSyncTargetManager","message":"Unable to find sync target. Currently checking 0 peers for usefulness","throwable":""}
{"timestamp":"2025-07-03T22:32:51,093","container":"fd1bd7073234","level":"INFO","thread":"EthScheduler-Timer-0","class":"FullSyncTargetManager","message":"Unable to find sync target. Currently checking 0 peers for usefulness","throwable":""}
{"timestamp":"2025-07-03T22:32:56,094","container":"fd1bd7073234","level":"INFO","thread":"EthScheduler-Timer-0","class":"FullSyncTargetManager","message":"Unable to find sync target. Currently checking 0 peers for usefulness","throwable":""}
{"timestamp":"2025-07-03T22:33:01,095","container":"fd1bd7073234","level":"INFO","thread":"EthScheduler-Timer-0","class":"FullSyncTargetManager","message":"Unable to find sync target. Currently checking 0 peers for usefulness","throwable":""}
{"timestamp":"2025-07-03T22:33:06,096","container":"fd1bd7073234","level":"INFO","thread":"EthScheduler-Timer-0","class":"FullSyncTargetManager","message":"Unable to find sync target. Currently checking 0 peers for usefulness","throwable":""}
{"timestamp":"2025-07-03T22:33:11,097","container":"fd1bd7073234","level":"INFO","thread":"EthScheduler-Timer-0","class":"FullSyncTargetManager","message":"Unable to find sync target. Currently checking 0 peers for usefulness","throwable":""}
{"timestamp":"2025-07-03T22:33:16,098","container":"fd1bd7073234","level":"INFO","thread":"EthScheduler-Timer-0","class":"FullSyncTargetManager","message":"Unable to find sync target. Currently checking 0 peers for usefulness","throwable":""}
{"timestamp":"2025-07-03T22:33:21,098","container":"fd1bd7073234","level":"INFO","thread":"EthScheduler-Timer-0","class":"FullSyncTargetManager","message":"Unable to find sync target. Currently checking 0 peers for usefulness","throwable":""}
{"timestamp":"2025-07-03T22:33:26,099","container":"fd1bd7073234","level":"INFO","thread":"EthScheduler-Timer-0","class":"FullSyncTargetManager","message":"Unable to find sync target. Currently checking 0 peers for usefulness","throwable":""}
{"timestamp":"2025-07-03T22:33:31,100","container":"fd1bd7073234","level":"INFO","thread":"EthScheduler-Timer-0","class":"FullSyncTargetManager","message":"Unable to find sync target. Currently checking 0 peers for usefulness","throwable":""}
{"timestamp":"2025-07-03T22:33:36,101","container":"fd1bd7073234","level":"INFO","thread":"EthScheduler-Timer-0","class":"FullSyncTargetManager","message":"Unable to find sync target. Currently checking 0 peers for usefulness","throwable":""}
{"timestamp":"2025-07-03T22:33:41,102","container":"fd1bd7073234","level":"INFO","thread":"EthScheduler-Timer-0","class":"FullSyncTargetManager","message":"Unable to find sync target. Currently checking 0 peers for usefulness","throwable":""}
{"timestamp":"2025-07-03T22:33:46,103","container":"fd1bd7073234","level":"INFO","thread":"EthScheduler-Timer-0","class":"FullSyncTargetManager","message":"Unable to find sync target. Currently checking 0 peers for usefulness","throwable":""}
{"timestamp":"2025-07-03T22:33:51,104","container":"fd1bd7073234","level":"INFO","thread":"EthScheduler-Timer-0","class":"FullSyncTargetManager","message":"Unable to find sync target. Currently checking 0 peers for usefulness","throwable":""}
{"timestamp":"2025-07-03T22:33:56,105","container":"fd1bd7073234","level":"INFO","thread":"EthScheduler-Timer-0","class":"FullSyncTargetManager","message":"Unable to find sync target. Currently checking 0 peers for usefulness","throwable":""}
{"timestamp":"2025-07-03T22:34:01,106","container":"fd1bd7073234","level":"INFO","thread":"EthScheduler-Timer-0","class":"FullSyncTargetManager","message":"Unable to find sync target. Currently checking 0 peers for usefulness","throwable":""}
{"timestamp":"2025-07-03T22:34:06,107","container":"fd1bd7073234","level":"INFO","thread":"EthScheduler-Timer-0","class":"FullSyncTargetManager","message":"Unable to find sync target. Currently checking 0 peers for usefulness","throwable":""}
{"timestamp":"2025-07-03T22:34:11,108","container":"fd1bd7073234","level":"INFO","thread":"EthScheduler-Timer-0","class":"FullSyncTargetManager","message":"Unable to find sync target. Currently checking 0 peers for usefulness","throwable":""}
{"timestamp":"2025-07-03T22:34:16,109","container":"fd1bd7073234","level":"INFO","thread":"EthScheduler-Timer-0","class":"FullSyncTargetManager","message":"Unable to find sync target. Currently checking 0 peers for usefulness","throwable":""}
{"timestamp":"2025-07-03T22:34:21,109","container":"fd1bd7073234","level":"INFO","thread":"EthScheduler-Timer-0","class":"FullSyncTargetManager","message":"Unable to find sync target. Currently checking 0 peers for usefulness","throwable":""}
{"timestamp":"2025-07-03T22:34:26,110","container":"fd1bd7073234","level":"INFO","thread":"EthScheduler-Timer-0","class":"FullSyncTargetManager","message":"Unable to find sync target. Currently checking 0 peers for usefulness","throwable":""}
{"timestamp":"2025-07-03T22:34:31,111","container":"fd1bd7073234","level":"INFO","thread":"EthScheduler-Timer-0","class":"FullSyncTargetManager","message":"Unable to find sync target. Currently checking 0 peers for usefulness","throwable":""}
{"timestamp":"2025-07-03T22:34:36,112","container":"fd1bd7073234","level":"INFO","thread":"EthScheduler-Timer-0","class":"FullSyncTargetManager","message":"Unable to find sync target. Currently checking 0 peers for usefulness","throwable":""}
{"timestamp":"2025-07-03T22:34:41,112","container":"fd1bd7073234","level":"INFO","thread":"EthScheduler-Timer-0","class":"FullSyncTargetManager","message":"Unable to find sync target. Currently checking 0 peers for usefulness","throwable":""}
{"timestamp":"2025-07-03T22:34:46,113","container":"fd1bd7073234","level":"INFO","thread":"EthScheduler-Timer-0","class":"FullSyncTargetManager","message":"Unable to find sync target. Currently checking 0 peers for usefulness","throwable":""}
{"timestamp":"2025-07-03T22:34:51,114","container":"fd1bd7073234","level":"INFO","thread":"EthScheduler-Timer-0","class":"FullSyncTargetManager","message":"Unable to find sync target. Currently checking 0 peers for usefulness","throwable":""}
{"timestamp":"2025-07-03T22:34:56,114","container":"fd1bd7073234","level":"INFO","thread":"EthScheduler-Timer-0","class":"FullSyncTargetManager","message":"Unable to find sync target. Currently checking 0 peers for usefulness","throwable":""}
{"timestamp":"2025-07-03T22:35:01,115","container":"fd1bd7073234","level":"INFO","thread":"EthScheduler-Timer-0","class":"FullSyncTargetManager","message":"Unable to find sync target. Currently checking 0 peers for usefulness","throwable":""}
{"timestamp":"2025-07-03T22:35:06,116","container":"fd1bd7073234","level":"INFO","thread":"EthScheduler-Timer-0","class":"FullSyncTargetManager","message":"Unable to find sync target. Currently checking 0 peers for usefulness","throwable":""}
{"timestamp":"2025-07-03T22:35:11,116","container":"fd1bd7073234","level":"INFO","thread":"EthScheduler-Timer-0","class":"FullSyncTargetManager","message":"Unable to find sync target. Currently checking 0 peers for usefulness","throwable":""}
{"timestamp":"2025-07-03T22:35:16,117","container":"fd1bd7073234","level":"INFO","thread":"EthScheduler-Timer-0","class":"FullSyncTargetManager","message":"Unable to find sync target. Currently checking 0 peers for usefulness","throwable":""}
{"timestamp":"2025-07-03T22:35:21,117","container":"fd1bd7073234","level":"INFO","thread":"EthScheduler-Timer-0","class":"FullSyncTargetManager","message":"Unable to find sync target. Currently checking 0 peers for usefulness","throwable":""}
{"timestamp":"2025-07-03T22:35:26,118","container":"fd1bd7073234","level":"INFO","thread":"EthScheduler-Timer-0","class":"FullSyncTargetManager","message":"Unable to find sync target. Currently checking 0 peers for usefulness","throwable":""}
{"timestamp":"2025-07-03T22:35:31,119","container":"fd1bd7073234","level":"INFO","thread":"EthScheduler-Timer-0","class":"FullSyncTargetManager","message":"Unable to find sync target. Currently checking 0 peers for usefulness","throwable":""}
{"timestamp":"2025-07-03T22:35:36,120","container":"fd1bd7073234","level":"INFO","thread":"EthScheduler-Timer-0","class":"FullSyncTargetManager","message":"Unable to find sync target. Currently checking 0 peers for usefulness","throwable":""}
{"timestamp":"2025-07-03T22:35:41,121","container":"fd1bd7073234","level":"INFO","thread":"EthScheduler-Timer-0","class":"FullSyncTargetManager","message":"Unable to find sync target. Currently checking 0 peers for usefulness","throwable":""}
{"timestamp":"2025-07-03T22:35:46,122","container":"fd1bd7073234","level":"INFO","thread":"EthScheduler-Timer-0","class":"FullSyncTargetManager","message":"Unable to find sync target. Currently checking 0 peers for usefulness","throwable":""}
{"timestamp":"2025-07-03T22:35:51,122","container":"fd1bd7073234","level":"INFO","thread":"EthScheduler-Timer-0","class":"FullSyncTargetManager","message":"Unable to find sync target. Currently checking 0 peers for usefulness","throwable":""}
{"timestamp":"2025-07-03T22:35:56,124","container":"fd1bd7073234","level":"INFO","thread":"EthScheduler-Timer-0","class":"FullSyncTargetManager","message":"Unable to find sync target. Currently checking 0 peers for usefulness","throwable":""}
{"timestamp":"2025-07-03T22:36:01,125","container":"fd1bd7073234","level":"INFO","thread":"EthScheduler-Timer-0","class":"FullSyncTargetManager","message":"Unable to find sync target. Currently checking 0 peers for usefulness","throwable":""}
{"timestamp":"2025-07-03T22:36:06,126","container":"fd1bd7073234","level":"INFO","thread":"EthScheduler-Timer-0","class":"FullSyncTargetManager","message":"Unable to find sync target. Currently checking 0 peers for usefulness","throwable":""}
{"timestamp":"2025-07-03T22:36:11,127","container":"fd1bd7073234","level":"INFO","thread":"EthScheduler-Timer-0","class":"FullSyncTargetManager","message":"Unable to find sync target. Currently checking 0 peers for usefulness","throwable":""}
{"timestamp":"2025-07-03T22:36:16,128","container":"fd1bd7073234","level":"INFO","thread":"EthScheduler-Timer-0","class":"FullSyncTargetManager","message":"Unable to find sync target. Currently checking 0 peers for usefulness","throwable":""}
{"timestamp":"2025-07-03T22:36:21,128","container":"fd1bd7073234","level":"INFO","thread":"EthScheduler-Timer-0","class":"FullSyncTargetManager","message":"Unable to find sync target. Currently checking 0 peers for usefulness","throwable":""}
{"timestamp":"2025-07-03T22:36:26,129","container":"fd1bd7073234","level":"INFO","thread":"EthScheduler-Timer-0","class":"FullSyncTargetManager","message":"Unable to find sync target. Currently checking 0 peers for usefulness","throwable":""}
{"timestamp":"2025-07-03T22:36:31,130","container":"fd1bd7073234","level":"INFO","thread":"EthScheduler-Timer-0","class":"FullSyncTargetManager","message":"Unable to find sync target. Currently checking 0 peers for usefulness","throwable":""}
{"timestamp":"2025-07-03T22:36:36,131","container":"fd1bd7073234","level":"INFO","thread":"EthScheduler-Timer-0","class":"FullSyncTargetManager","message":"Unable to find sync target. Currently checking 0 peers for usefulness","throwable":""}
{"timestamp":"2025-07-03T22:36:41,132","container":"fd1bd7073234","level":"INFO","thread":"EthScheduler-Timer-0","class":"FullSyncTargetManager","message":"Unable to find sync target. Currently checking 0 peers for usefulness","throwable":""}
{"timestamp":"2025-07-03T22:36:46,133","container":"fd1bd7073234","level":"INFO","thread":"EthScheduler-Timer-0","class":"FullSyncTargetManager","message":"Unable to find sync target. Currently checking 0 peers for usefulness","throwable":""}
{"timestamp":"2025-07-03T22:36:51,133","container":"fd1bd7073234","level":"INFO","thread":"EthScheduler-Timer-0","class":"FullSyncTargetManager","message":"Unable to find sync target. Currently checking 0 peers for usefulness","throwable":""}
{"timestamp":"2025-07-03T22:36:56,134","container":"fd1bd7073234","level":"INFO","thread":"EthScheduler-Timer-0","class":"FullSyncTargetManager","message":"Unable to find sync target. Currently checking 0 peers for usefulness","throwable":""}
{"timestamp":"2025-07-03T22:37:01,135","container":"fd1bd7073234","level":"INFO","thread":"EthScheduler-Timer-0","class":"FullSyncTargetManager","message":"Unable to find sync target. Currently checking 0 peers for usefulness","throwable":""}
{"timestamp":"2025-07-03T22:37:06,136","container":"fd1bd7073234","level":"INFO","thread":"EthScheduler-Timer-0","class":"FullSyncTargetManager","message":"Unable to find sync target. Currently checking 0 peers for usefulness","throwable":""}
{"timestamp":"2025-07-03T22:37:11,137","container":"fd1bd7073234","level":"INFO","thread":"EthScheduler-Timer-0","class":"FullSyncTargetManager","message":"Unable to find sync target. Currently checking 0 peers for usefulness","throwable":""}
{"timestamp":"2025-07-03T22:37:16,138","container":"fd1bd7073234","level":"INFO","thread":"EthScheduler-Timer-0","class":"FullSyncTargetManager","message":"Unable to find sync target. Currently checking 0 peers for usefulness","throwable":""}
{"timestamp":"2025-07-03T22:37:21,139","container":"fd1bd7073234","level":"INFO","thread":"EthScheduler-Timer-0","class":"FullSyncTargetManager","message":"Unable to find sync target. Currently checking 0 peers for usefulness","throwable":""}
{"timestamp":"2025-07-03T22:37:26,140","container":"fd1bd7073234","level":"INFO","thread":"EthScheduler-Timer-0","class":"FullSyncTargetManager","message":"Unable to find sync target. Currently checking 0 peers for usefulness","throwable":""}
{"timestamp":"2025-07-03T22:37:31,141","container":"fd1bd7073234","level":"INFO","thread":"EthScheduler-Timer-0","class":"FullSyncTargetManager","message":"Unable to find sync target. Currently checking 0 peers for usefulness","throwable":""}
{"timestamp":"2025-07-03T22:37:36,142","container":"fd1bd7073234","level":"INFO","thread":"EthScheduler-Timer-0","class":"FullSyncTargetManager","message":"Unable to find sync target. Currently checking 0 peers for usefulness","throwable":""}
{"timestamp":"2025-07-03T22:37:41,143","container":"fd1bd7073234","level":"INFO","thread":"EthScheduler-Timer-0","class":"FullSyncTargetManager","message":"Unable to find sync target. Currently checking 0 peers for usefulness","throwable":""}
{"timestamp":"2025-07-03T22:37:46,144","container":"fd1bd7073234","level":"INFO","thread":"EthScheduler-Timer-0","class":"FullSyncTargetManager","message":"Unable to find sync target. Currently checking 0 peers for usefulness","throwable":""}
{"timestamp":"2025-07-03T22:37:51,145","container":"fd1bd7073234","level":"INFO","thread":"EthScheduler-Timer-0","class":"FullSyncTargetManager","message":"Unable to find sync target. Currently checking 0 peers for usefulness","throwable":""}
{"timestamp":"2025-07-03T22:37:56,146","container":"fd1bd7073234","level":"INFO","thread":"EthScheduler-Timer-0","class":"FullSyncTargetManager","message":"Unable to find sync target. Currently checking 0 peers for usefulness","throwable":""}
{"timestamp":"2025-07-03T22:38:01,147","container":"fd1bd7073234","level":"INFO","thread":"EthScheduler-Timer-0","class":"FullSyncTargetManager","message":"Unable to find sync target. Currently checking 0 peers for usefulness","throwable":""}
{"timestamp":"2025-07-03T22:38:06,147","container":"fd1bd7073234","level":"INFO","thread":"EthScheduler-Timer-0","class":"FullSyncTargetManager","message":"Unable to find sync target. Currently checking 0 peers for usefulness","throwable":""}
{"timestamp":"2025-07-03T22:38:11,148","container":"fd1bd7073234","level":"INFO","thread":"EthScheduler-Timer-0","class":"FullSyncTargetManager","message":"Unable to find sync target. Currently checking 0 peers for usefulness","throwable":""}
{"timestamp":"2025-07-03T22:38:16,149","container":"fd1bd7073234","level":"INFO","thread":"EthScheduler-Timer-0","class":"FullSyncTargetManager","message":"Unable to find sync target. Currently checking 0 peers for usefulness","throwable":""}
{"timestamp":"2025-07-03T22:38:21,150","container":"fd1bd7073234","level":"INFO","thread":"EthScheduler-Timer-0","class":"FullSyncTargetManager","message":"Unable to find sync target. Currently checking 0 peers for usefulness","throwable":""}
{"timestamp":"2025-07-03T22:38:26,151","container":"fd1bd7073234","level":"INFO","thread":"EthScheduler-Timer-0","class":"FullSyncTargetManager","message":"Unable to find sync target. Currently checking 0 peers for usefulness","throwable":""}
{"timestamp":"2025-07-03T22:38:31,152","container":"fd1bd7073234","level":"INFO","thread":"EthScheduler-Timer-0","class":"FullSyncTargetManager","message":"Unable to find sync target. Currently checking 0 peers for usefulness","throwable":""}
{"timestamp":"2025-07-03T22:38:36,152","container":"fd1bd7073234","level":"INFO","thread":"EthScheduler-Timer-0","class":"FullSyncTargetManager","message":"Unable to find sync target. Currently checking 0 peers for usefulness","throwable":""}
{"timestamp":"2025-07-03T22:38:41,153","container":"fd1bd7073234","level":"INFO","thread":"EthScheduler-Timer-0","class":"FullSyncTargetManager","message":"Unable to find sync target. Currently checking 0 peers for usefulness","throwable":""}
{"timestamp":"2025-07-03T22:38:46,154","container":"fd1bd7073234","level":"INFO","thread":"EthScheduler-Timer-0","class":"FullSyncTargetManager","message":"Unable to find sync target. Currently checking 0 peers for usefulness","throwable":""}
{"timestamp":"2025-07-03T22:38:51,155","container":"fd1bd7073234","level":"INFO","thread":"EthScheduler-Timer-0","class":"FullSyncTargetManager","message":"Unable to find sync target. Currently checking 0 peers for usefulness","throwable":""}
{"timestamp":"2025-07-03T22:38:56,156","container":"fd1bd7073234","level":"INFO","thread":"EthScheduler-Timer-0","class":"FullSyncTargetManager","message":"Unable to find sync target. Currently checking 0 peers for usefulness","throwable":""}
{"timestamp":"2025-07-03T22:39:01,156","container":"fd1bd7073234","level":"INFO","thread":"EthScheduler-Timer-0","class":"FullSyncTargetManager","message":"Unable to find sync target. Currently checking 0 peers for usefulness","throwable":""}
{"timestamp":"2025-07-03T22:39:06,157","container":"fd1bd7073234","level":"INFO","thread":"EthScheduler-Timer-0","class":"FullSyncTargetManager","message":"Unable to find sync target. Currently checking 0 peers for usefulness","throwable":""}
{"timestamp":"2025-07-03T22:39:11,158","container":"fd1bd7073234","level":"INFO","thread":"EthScheduler-Timer-0","class":"FullSyncTargetManager","message":"Unable to find sync target. Currently checking 0 peers for usefulness","throwable":""}
{"timestamp":"2025-07-03T22:39:16,158","container":"fd1bd7073234","level":"INFO","thread":"EthScheduler-Timer-0","class":"FullSyncTargetManager","message":"Unable to find sync target. Currently checking 0 peers for usefulness","throwable":""}
{"timestamp":"2025-07-03T22:39:21,159","container":"fd1bd7073234","level":"INFO","thread":"EthScheduler-Timer-0","class":"FullSyncTargetManager","message":"Unable to find sync target. Currently checking 0 peers for usefulness","throwable":""}
{"timestamp":"2025-07-03T22:39:26,160","container":"fd1bd7073234","level":"INFO","thread":"EthScheduler-Timer-0","class":"FullSyncTargetManager","message":"Unable to find sync target. Currently checking 0 peers for usefulness","throwable":""}
{"timestamp":"2025-07-03T22:39:31,161","container":"fd1bd7073234","level":"INFO","thread":"EthScheduler-Timer-0","class":"FullSyncTargetManager","message":"Unable to find sync target. Currently checking 0 peers for usefulness","throwable":""}
{"timestamp":"2025-07-03T22:39:36,161","container":"fd1bd7073234","level":"INFO","thread":"EthScheduler-Timer-0","class":"FullSyncTargetManager","message":"Unable to find sync target. Currently checking 0 peers for usefulness","throwable":""}
{"timestamp":"2025-07-03T22:39:41,162","container":"fd1bd7073234","level":"INFO","thread":"EthScheduler-Timer-0","class":"FullSyncTargetManager","message":"Unable to find sync target. Currently checking 0 peers for usefulness","throwable":""}
{"timestamp":"2025-07-03T22:39:46,163","container":"fd1bd7073234","level":"INFO","thread":"EthScheduler-Timer-0","class":"FullSyncTargetManager","message":"Unable to find sync target. Currently checking 0 peers for usefulness","throwable":""}
{"timestamp":"2025-07-03T22:39:51,163","container":"fd1bd7073234","level":"INFO","thread":"EthScheduler-Timer-0","class":"FullSyncTargetManager","message":"Unable to find sync target. Currently checking 0 peers for usefulness","throwable":""}
{"timestamp":"2025-07-03T22:39:56,164","container":"fd1bd7073234","level":"INFO","thread":"EthScheduler-Timer-0","class":"FullSyncTargetManager","message":"Unable to find sync target. Currently checking 0 peers for usefulness","throwable":""}
{"timestamp":"2025-07-03T22:40:01,165","container":"fd1bd7073234","level":"INFO","thread":"EthScheduler-Timer-0","class":"FullSyncTargetManager","message":"Unable to find sync target. Currently checking 0 peers for usefulness","throwable":""}
{"timestamp":"2025-07-03T22:40:06,165","container":"fd1bd7073234","level":"INFO","thread":"EthScheduler-Timer-0","class":"FullSyncTargetManager","message":"Unable to find sync target. Currently checking 0 peers for usefulness","throwable":""}
{"timestamp":"2025-07-03T22:40:11,166","container":"fd1bd7073234","level":"INFO","thread":"EthScheduler-Timer-0","class":"FullSyncTargetManager","message":"Unable to find sync target. Currently checking 0 peers for usefulness","throwable":""}
{"timestamp":"2025-07-03T22:40:16,167","container":"fd1bd7073234","level":"INFO","thread":"EthScheduler-Timer-0","class":"FullSyncTargetManager","message":"Unable to find sync target. Currently checking 0 peers for usefulness","throwable":""}
{"timestamp":"2025-07-03T22:40:21,168","container":"fd1bd7073234","level":"INFO","thread":"EthScheduler-Timer-0","class":"FullSyncTargetManager","message":"Unable to find sync target. Currently checking 0 peers for usefulness","throwable":""}
{"timestamp":"2025-07-03T22:40:26,169","container":"fd1bd7073234","level":"INFO","thread":"EthScheduler-Timer-0","class":"FullSyncTargetManager","message":"Unable to find sync target. Currently checking 0 peers for usefulness","throwable":""}
{"timestamp":"2025-07-03T22:40:31,169","container":"fd1bd7073234","level":"INFO","thread":"EthScheduler-Timer-0","class":"FullSyncTargetManager","message":"Unable to find sync target. Currently checking 0 peers for usefulness","throwable":""}
{"timestamp":"2025-07-03T22:40:36,170","container":"fd1bd7073234","level":"INFO","thread":"EthScheduler-Timer-0","class":"FullSyncTargetManager","message":"Unable to find sync target. Currently checking 0 peers for usefulness","throwable":""}
{"timestamp":"2025-07-03T22:40:41,171","container":"fd1bd7073234","level":"INFO","thread":"EthScheduler-Timer-0","class":"FullSyncTargetManager","message":"Unable to find sync target. Currently checking 0 peers for usefulness","throwable":""}
{"timestamp":"2025-07-03T22:40:46,172","container":"fd1bd7073234","level":"INFO","thread":"EthScheduler-Timer-0","class":"FullSyncTargetManager","message":"Unable to find sync target. Currently checking 0 peers for usefulness","throwable":""}
{"timestamp":"2025-07-03T22:40:51,173","container":"fd1bd7073234","level":"INFO","thread":"EthScheduler-Timer-0","class":"FullSyncTargetManager","message":"Unable to find sync target. Currently checking 0 peers for usefulness","throwable":""}
{"timestamp":"2025-07-03T22:40:56,173","container":"fd1bd7073234","level":"INFO","thread":"EthScheduler-Timer-0","class":"FullSyncTargetManager","message":"Unable to find sync target. Currently checking 0 peers for usefulness","throwable":""}
{"timestamp":"2025-07-03T22:41:01,174","container":"fd1bd7073234","level":"INFO","thread":"EthScheduler-Timer-0","class":"FullSyncTargetManager","message":"Unable to find sync target. Currently checking 0 peers for usefulness","throwable":""}
{"timestamp":"2025-07-03T22:41:06,175","container":"fd1bd7073234","level":"INFO","thread":"EthScheduler-Timer-0","class":"FullSyncTargetManager","message":"Unable to find sync target. Currently checking 0 peers for usefulness","throwable":""}
{"timestamp":"2025-07-03T22:41:11,176","container":"fd1bd7073234","level":"INFO","thread":"EthScheduler-Timer-0","class":"FullSyncTargetManager","message":"Unable to find sync target. Currently checking 0 peers for usefulness","throwable":""}
{"timestamp":"2025-07-03T22:41:16,176","container":"fd1bd7073234","level":"INFO","thread":"EthScheduler-Timer-0","class":"FullSyncTargetManager","message":"Unable to find sync target. Currently checking 0 peers for usefulness","throwable":""}
{"timestamp":"2025-07-03T22:41:21,177","container":"fd1bd7073234","level":"INFO","thread":"EthScheduler-Timer-0","class":"FullSyncTargetManager","message":"Unable to find sync target. Currently checking 0 peers for usefulness","throwable":""}
{"timestamp":"2025-07-03T22:41:26,178","container":"fd1bd7073234","level":"INFO","thread":"EthScheduler-Timer-0","class":"FullSyncTargetManager","message":"Unable to find sync target. Currently checking 0 peers for usefulness","throwable":""}
{"timestamp":"2025-07-03T22:41:31,179","container":"fd1bd7073234","level":"INFO","thread":"EthScheduler-Timer-0","class":"FullSyncTargetManager","message":"Unable to find sync target. Currently checking 0 peers for usefulness","throwable":""}
{"timestamp":"2025-07-03T22:41:36,180","container":"fd1bd7073234","level":"INFO","thread":"EthScheduler-Timer-0","class":"FullSyncTargetManager","message":"Unable to find sync target. Currently checking 0 peers for usefulness","throwable":""}
{"timestamp":"2025-07-03T22:41:41,181","container":"fd1bd7073234","level":"INFO","thread":"EthScheduler-Timer-0","class":"FullSyncTargetManager","message":"Unable to find sync target. Currently checking 0 peers for usefulness","throwable":""}
{"timestamp":"2025-07-03T22:41:46,182","container":"fd1bd7073234","level":"INFO","thread":"EthScheduler-Timer-0","class":"FullSyncTargetManager","message":"Unable to find sync target. Currently checking 0 peers for usefulness","throwable":""}
{"timestamp":"2025-07-03T22:41:51,182","container":"fd1bd7073234","level":"INFO","thread":"EthScheduler-Timer-0","class":"FullSyncTargetManager","message":"Unable to find sync target. Currently checking 0 peers for usefulness","throwable":""}
{"timestamp":"2025-07-03T22:41:56,183","container":"fd1bd7073234","level":"INFO","thread":"EthScheduler-Timer-0","class":"FullSyncTargetManager","message":"Unable to find sync target. Currently checking 0 peers for usefulness","throwable":""}
{"timestamp":"2025-07-03T22:42:01,184","container":"fd1bd7073234","level":"INFO","thread":"EthScheduler-Timer-0","class":"FullSyncTargetManager","message":"Unable to find sync target. Currently checking 0 peers for usefulness","throwable":""}
{"timestamp":"2025-07-03T22:42:06,185","container":"fd1bd7073234","level":"INFO","thread":"EthScheduler-Timer-0","class":"FullSyncTargetManager","message":"Unable to find sync target. Currently checking 0 peers for usefulness","throwable":""}
{"timestamp":"2025-07-03T22:42:11,185","container":"fd1bd7073234","level":"INFO","thread":"EthScheduler-Timer-0","class":"FullSyncTargetManager","message":"Unable to find sync target. Currently checking 0 peers for usefulness","throwable":""}
{"timestamp":"2025-07-03T22:42:16,186","container":"fd1bd7073234","level":"INFO","thread":"EthScheduler-Timer-0","class":"FullSyncTargetManager","message":"Unable to find sync target. Currently checking 0 peers for usefulness","throwable":""}
{"timestamp":"2025-07-03T22:42:21,187","container":"fd1bd7073234","level":"INFO","thread":"EthScheduler-Timer-0","class":"FullSyncTargetManager","message":"Unable to find sync target. Currently checking 0 peers for usefulness","throwable":""}
{"timestamp":"2025-07-03T22:42:26,188","container":"fd1bd7073234","level":"INFO","thread":"EthScheduler-Timer-0","class":"FullSyncTargetManager","message":"Unable to find sync target. Currently checking 0 peers for usefulness","throwable":""}
{"timestamp":"2025-07-03T22:42:31,189","container":"fd1bd7073234","level":"INFO","thread":"EthScheduler-Timer-0","class":"FullSyncTargetManager","message":"Unable to find sync target. Currently checking 0 peers for usefulness","throwable":""}
{"timestamp":"2025-07-03T22:42:36,189","container":"fd1bd7073234","level":"INFO","thread":"EthScheduler-Timer-0","class":"FullSyncTargetManager","message":"Unable to find sync target. Currently checking 0 peers for usefulness","throwable":""}
{"timestamp":"2025-07-03T22:42:41,190","container":"fd1bd7073234","level":"INFO","thread":"EthScheduler-Timer-0","class":"FullSyncTargetManager","message":"Unable to find sync target. Currently checking 0 peers for usefulness","throwable":""}
{"timestamp":"2025-07-03T22:42:46,191","container":"fd1bd7073234","level":"INFO","thread":"EthScheduler-Timer-0","class":"FullSyncTargetManager","message":"Unable to find sync target. Currently checking 0 peers for usefulness","throwable":""}
{"timestamp":"2025-07-03T22:42:51,192","container":"fd1bd7073234","level":"INFO","thread":"EthScheduler-Timer-0","class":"FullSyncTargetManager","message":"Unable to find sync target. Currently checking 0 peers for usefulness","throwable":""}
{"timestamp":"2025-07-03T22:42:56,192","container":"fd1bd7073234","level":"INFO","thread":"EthScheduler-Timer-0","class":"FullSyncTargetManager","message":"Unable to find sync target. Currently checking 0 peers for usefulness","throwable":""}
{"timestamp":"2025-07-03T22:43:01,193","container":"fd1bd7073234","level":"INFO","thread":"EthScheduler-Timer-0","class":"FullSyncTargetManager","message":"Unable to find sync target. Currently checking 0 peers for usefulness","throwable":""}
{"timestamp":"2025-07-03T22:43:06,194","container":"fd1bd7073234","level":"INFO","thread":"EthScheduler-Timer-0","class":"FullSyncTargetManager","message":"Unable to find sync target. Currently checking 0 peers for usefulness","throwable":""}
{"timestamp":"2025-07-03T22:43:11,195","container":"fd1bd7073234","level":"INFO","thread":"EthScheduler-Timer-0","class":"FullSyncTargetManager","message":"Unable to find sync target. Currently checking 0 peers for usefulness","throwable":""}
{"timestamp":"2025-07-03T22:43:16,195","container":"fd1bd7073234","level":"INFO","thread":"EthScheduler-Timer-0","class":"FullSyncTargetManager","message":"Unable to find sync target. Currently checking 0 peers for usefulness","throwable":""}
{"timestamp":"2025-07-03T22:43:21,196","container":"fd1bd7073234","level":"INFO","thread":"EthScheduler-Timer-0","class":"FullSyncTargetManager","message":"Unable to find sync target. Currently checking 0 peers for usefulness","throwable":""}
{"timestamp":"2025-07-03T22:43:26,197","container":"fd1bd7073234","level":"INFO","thread":"EthScheduler-Timer-0","class":"FullSyncTargetManager","message":"Unable to find sync target. Currently checking 0 peers for usefulness","throwable":""}
{"timestamp":"2025-07-03T22:43:31,198","container":"fd1bd7073234","level":"INFO","thread":"EthScheduler-Timer-0","class":"FullSyncTargetManager","message":"Unable to find sync target. Currently checking 0 peers for usefulness","throwable":""}
{"timestamp":"2025-07-03T22:43:36,199","container":"fd1bd7073234","level":"INFO","thread":"EthScheduler-Timer-0","class":"FullSyncTargetManager","message":"Unable to find sync target. Currently checking 0 peers for usefulness","throwable":""}
{"timestamp":"2025-07-03T22:43:41,200","container":"fd1bd7073234","level":"INFO","thread":"EthScheduler-Timer-0","class":"FullSyncTargetManager","message":"Unable to find sync target. Currently checking 0 peers for usefulness","throwable":""}
{"timestamp":"2025-07-03T22:43:46,200","container":"fd1bd7073234","level":"INFO","thread":"EthScheduler-Timer-0","class":"FullSyncTargetManager","message":"Unable to find sync target. Currently checking 0 peers for usefulness","throwable":""}
{"timestamp":"2025-07-03T22:43:51,201","container":"fd1bd7073234","level":"INFO","thread":"EthScheduler-Timer-0","class":"FullSyncTargetManager","message":"Unable to find sync target. Currently checking 0 peers for usefulness","throwable":""}
{"timestamp":"2025-07-03T22:43:56,202","container":"fd1bd7073234","level":"INFO","thread":"EthScheduler-Timer-0","class":"FullSyncTargetManager","message":"Unable to find sync target. Currently checking 0 peers for usefulness","throwable":""}
{"timestamp":"2025-07-03T22:44:01,203","container":"fd1bd7073234","level":"INFO","thread":"EthScheduler-Timer-0","class":"FullSyncTargetManager","message":"Unable to find sync target. Currently checking 0 peers for usefulness","throwable":""}
{"timestamp":"2025-07-03T22:44:06,203","container":"fd1bd7073234","level":"INFO","thread":"EthScheduler-Timer-0","class":"FullSyncTargetManager","message":"Unable to find sync target. Currently checking 0 peers for usefulness","throwable":""}
{"timestamp":"2025-07-03T22:44:11,204","container":"fd1bd7073234","level":"INFO","thread":"EthScheduler-Timer-0","class":"FullSyncTargetManager","message":"Unable to find sync target. Currently checking 0 peers for usefulness","throwable":""}
{"timestamp":"2025-07-03T22:44:16,205","container":"fd1bd7073234","level":"INFO","thread":"EthScheduler-Timer-0","class":"FullSyncTargetManager","message":"Unable to find sync target. Currently checking 0 peers for usefulness","throwable":""}
{"timestamp":"2025-07-03T22:44:21,206","container":"fd1bd7073234","level":"INFO","thread":"EthScheduler-Timer-0","class":"FullSyncTargetManager","message":"Unable to find sync target. Currently checking 0 peers for usefulness","throwable":""}
{"timestamp":"2025-07-03T22:44:26,206","container":"fd1bd7073234","level":"INFO","thread":"EthScheduler-Timer-0","class":"FullSyncTargetManager","message":"Unable to find sync target. Currently checking 0 peers for usefulness","throwable":""}
{"timestamp":"2025-07-03T22:44:31,207","container":"fd1bd7073234","level":"INFO","thread":"EthScheduler-Timer-0","class":"FullSyncTargetManager","message":"Unable to find sync target. Currently checking 0 peers for usefulness","throwable":""}
{"timestamp":"2025-07-03T22:44:36,208","container":"fd1bd7073234","level":"INFO","thread":"EthScheduler-Timer-0","class":"FullSyncTargetManager","message":"Unable to find sync target. Currently checking 0 peers for usefulness","throwable":""}
{"timestamp":"2025-07-03T22:44:41,209","container":"fd1bd7073234","level":"INFO","thread":"EthScheduler-Timer-0","class":"FullSyncTargetManager","message":"Unable to find sync target. Currently checking 0 peers for usefulness","throwable":""}
{"timestamp":"2025-07-03T22:44:46,209","container":"fd1bd7073234","level":"INFO","thread":"EthScheduler-Timer-0","class":"FullSyncTargetManager","message":"Unable to find sync target. Currently checking 0 peers for usefulness","throwable":""}
{"timestamp":"2025-07-03T22:44:51,210","container":"fd1bd7073234","level":"INFO","thread":"EthScheduler-Timer-0","class":"FullSyncTargetManager","message":"Unable to find sync target. Currently checking 0 peers for usefulness","throwable":""}
{"timestamp":"2025-07-03T22:44:56,211","container":"fd1bd7073234","level":"INFO","thread":"EthScheduler-Timer-0","class":"FullSyncTargetManager","message":"Unable to find sync target. Currently checking 0 peers for usefulness","throwable":""}
{"timestamp":"2025-07-03T22:45:01,212","container":"fd1bd7073234","level":"INFO","thread":"EthScheduler-Timer-0","class":"FullSyncTargetManager","message":"Unable to find sync target. Currently checking 0 peers for usefulness","throwable":""}
{"timestamp":"2025-07-03T22:45:06,212","container":"fd1bd7073234","level":"INFO","thread":"EthScheduler-Timer-0","class":"FullSyncTargetManager","message":"Unable to find sync target. Currently checking 0 peers for usefulness","throwable":""}
{"timestamp":"2025-07-03T22:45:11,213","container":"fd1bd7073234","level":"INFO","thread":"EthScheduler-Timer-0","class":"FullSyncTargetManager","message":"Unable to find sync target. Currently checking 0 peers for usefulness","throwable":""}
{"timestamp":"2025-07-03T22:45:16,214","container":"fd1bd7073234","level":"INFO","thread":"EthScheduler-Timer-0","class":"FullSyncTargetManager","message":"Unable to find sync target. Currently checking 0 peers for usefulness","throwable":""}
{"timestamp":"2025-07-03T22:45:21,214","container":"fd1bd7073234","level":"INFO","thread":"EthScheduler-Timer-0","class":"FullSyncTargetManager","message":"Unable to find sync target. Currently checking 0 peers for usefulness","throwable":""}
{"timestamp":"2025-07-03T22:45:26,215","container":"fd1bd7073234","level":"INFO","thread":"EthScheduler-Timer-0","class":"FullSyncTargetManager","message":"Unable to find sync target. Currently checking 0 peers for usefulness","throwable":""}
{"timestamp":"2025-07-03T22:45:31,216","container":"fd1bd7073234","level":"INFO","thread":"EthScheduler-Timer-0","class":"FullSyncTargetManager","message":"Unable to find sync target. Currently checking 0 peers for usefulness","throwable":""}
{"timestamp":"2025-07-03T22:45:36,216","container":"fd1bd7073234","level":"INFO","thread":"EthScheduler-Timer-0","class":"FullSyncTargetManager","message":"Unable to find sync target. Currently checking 0 peers for usefulness","throwable":""}
{"timestamp":"2025-07-03T22:45:41,217","container":"fd1bd7073234","level":"INFO","thread":"EthScheduler-Timer-0","class":"FullSyncTargetManager","message":"Unable to find sync target. Currently checking 0 peers for usefulness","throwable":""}
{"timestamp":"2025-07-03T22:45:46,218","container":"fd1bd7073234","level":"INFO","thread":"EthScheduler-Timer-0","class":"FullSyncTargetManager","message":"Unable to find sync target. Currently checking 0 peers for usefulness","throwable":""}
{"timestamp":"2025-07-03T22:45:51,219","container":"fd1bd7073234","level":"INFO","thread":"EthScheduler-Timer-0","class":"FullSyncTargetManager","message":"Unable to find sync target. Currently checking 0 peers for usefulness","throwable":""}
{"timestamp":"2025-07-03T22:45:56,219","container":"fd1bd7073234","level":"INFO","thread":"EthScheduler-Timer-0","class":"FullSyncTargetManager","message":"Unable to find sync target. Currently checking 0 peers for usefulness","throwable":""}
{"timestamp":"2025-07-03T22:46:01,220","container":"fd1bd7073234","level":"INFO","thread":"EthScheduler-Timer-0","class":"FullSyncTargetManager","message":"Unable to find sync target. Currently checking 0 peers for usefulness","throwable":""}
{"timestamp":"2025-07-03T22:46:06,221","container":"fd1bd7073234","level":"INFO","thread":"EthScheduler-Timer-0","class":"FullSyncTargetManager","message":"Unable to find sync target. Currently checking 0 peers for usefulness","throwable":""}
{"timestamp":"2025-07-03T22:46:11,221","container":"fd1bd7073234","level":"INFO","thread":"EthScheduler-Timer-0","class":"FullSyncTargetManager","message":"Unable to find sync target. Currently checking 0 peers for usefulness","throwable":""}
{"timestamp":"2025-07-03T22:46:16,222","container":"fd1bd7073234","level":"INFO","thread":"EthScheduler-Timer-0","class":"FullSyncTargetManager","message":"Unable to find sync target. Currently checking 0 peers for usefulness","throwable":""}
{"timestamp":"2025-07-03T22:46:21,223","container":"fd1bd7073234","level":"INFO","thread":"EthScheduler-Timer-0","class":"FullSyncTargetManager","message":"Unable to find sync target. Currently checking 0 peers for usefulness","throwable":""}
{"timestamp":"2025-07-03T22:46:26,224","container":"fd1bd7073234","level":"INFO","thread":"EthScheduler-Timer-0","class":"FullSyncTargetManager","message":"Unable to find sync target. Currently checking 0 peers for usefulness","throwable":""}
{"timestamp":"2025-07-03T22:46:31,225","container":"fd1bd7073234","level":"INFO","thread":"EthScheduler-Timer-0","class":"FullSyncTargetManager","message":"Unable to find sync target. Currently checking 0 peers for usefulness","throwable":""}
{"timestamp":"2025-07-03T22:46:36,225","container":"fd1bd7073234","level":"INFO","thread":"EthScheduler-Timer-0","class":"FullSyncTargetManager","message":"Unable to find sync target. Currently checking 0 peers for usefulness","throwable":""}
{"timestamp":"2025-07-03T22:46:41,226","container":"fd1bd7073234","level":"INFO","thread":"EthScheduler-Timer-0","class":"FullSyncTargetManager","message":"Unable to find sync target. Currently checking 0 peers for usefulness","throwable":""}
{"timestamp":"2025-07-03T22:46:46,227","container":"fd1bd7073234","level":"INFO","thread":"EthScheduler-Timer-0","class":"FullSyncTargetManager","message":"Unable to find sync target. Currently checking 0 peers for usefulness","throwable":""}
{"timestamp":"2025-07-03T22:46:51,228","container":"fd1bd7073234","level":"INFO","thread":"EthScheduler-Timer-0","class":"FullSyncTargetManager","message":"Unable to find sync target. Currently checking 0 peers for usefulness","throwable":""}
{"timestamp":"2025-07-03T22:46:56,228","container":"fd1bd7073234","level":"INFO","thread":"EthScheduler-Timer-0","class":"FullSyncTargetManager","message":"Unable to find sync target. Currently checking 0 peers for usefulness","throwable":""}
{"timestamp":"2025-07-03T22:47:01,229","container":"fd1bd7073234","level":"INFO","thread":"EthScheduler-Timer-0","class":"FullSyncTargetManager","message":"Unable to find sync target. Currently checking 0 peers for usefulness","throwable":""}
{"timestamp":"2025-07-03T22:47:06,230","container":"fd1bd7073234","level":"INFO","thread":"EthScheduler-Timer-0","class":"FullSyncTargetManager","message":"Unable to find sync target. Currently checking 0 peers for usefulness","throwable":""}
{"timestamp":"2025-07-03T22:47:11,231","container":"fd1bd7073234","level":"INFO","thread":"EthScheduler-Timer-0","class":"FullSyncTargetManager","message":"Unable to find sync target. Currently checking 0 peers for usefulness","throwable":""}
{"timestamp":"2025-07-03T22:47:16,231","container":"fd1bd7073234","level":"INFO","thread":"EthScheduler-Timer-0","class":"FullSyncTargetManager","message":"Unable to find sync target. Currently checking 0 peers for usefulness","throwable":""}
{"timestamp":"2025-07-03T22:47:21,232","container":"fd1bd7073234","level":"INFO","thread":"EthScheduler-Timer-0","class":"FullSyncTargetManager","message":"Unable to find sync target. Currently checking 0 peers for usefulness","throwable":""}
{"timestamp":"2025-07-03T22:47:26,233","container":"fd1bd7073234","level":"INFO","thread":"EthScheduler-Timer-0","class":"FullSyncTargetManager","message":"Unable to find sync target. Currently checking 0 peers for usefulness","throwable":""}
{"timestamp":"2025-07-03T22:47:31,234","container":"fd1bd7073234","level":"INFO","thread":"EthScheduler-Timer-0","class":"FullSyncTargetManager","message":"Unable to find sync target. Currently checking 0 peers for usefulness","throwable":""}
{"timestamp":"2025-07-03T22:47:36,234","container":"fd1bd7073234","level":"INFO","thread":"EthScheduler-Timer-0","class":"FullSyncTargetManager","message":"Unable to find sync target. Currently checking 0 peers for usefulness","throwable":""}
{"timestamp":"2025-07-03T22:47:41,235","container":"fd1bd7073234","level":"INFO","thread":"EthScheduler-Timer-0","class":"FullSyncTargetManager","message":"Unable to find sync target. Currently checking 0 peers for usefulness","throwable":""}
{"timestamp":"2025-07-03T22:47:46,236","container":"fd1bd7073234","level":"INFO","thread":"EthScheduler-Timer-0","class":"FullSyncTargetManager","message":"Unable to find sync target. Currently checking 0 peers for usefulness","throwable":""}
{"timestamp":"2025-07-03T22:47:51,237","container":"fd1bd7073234","level":"INFO","thread":"EthScheduler-Timer-0","class":"FullSyncTargetManager","message":"Unable to find sync target. Currently checking 0 peers for usefulness","throwable":""}
{"timestamp":"2025-07-03T22:47:56,237","container":"fd1bd7073234","level":"INFO","thread":"EthScheduler-Timer-0","class":"FullSyncTargetManager","message":"Unable to find sync target. Currently checking 0 peers for usefulness","throwable":""}
{"timestamp":"2025-07-03T22:48:01,238","container":"fd1bd7073234","level":"INFO","thread":"EthScheduler-Timer-0","class":"FullSyncTargetManager","message":"Unable to find sync target. Currently checking 0 peers for usefulness","throwable":""}
{"timestamp":"2025-07-03T22:48:06,239","container":"fd1bd7073234","level":"INFO","thread":"EthScheduler-Timer-0","class":"FullSyncTargetManager","message":"Unable to find sync target. Currently checking 0 peers for usefulness","throwable":""}
{"timestamp":"2025-07-03T22:48:11,239","container":"fd1bd7073234","level":"INFO","thread":"EthScheduler-Timer-0","class":"FullSyncTargetManager","message":"Unable to find sync target. Currently checking 0 peers for usefulness","throwable":""}
{"timestamp":"2025-07-03T22:48:16,240","container":"fd1bd7073234","level":"INFO","thread":"EthScheduler-Timer-0","class":"FullSyncTargetManager","message":"Unable to find sync target. Currently checking 0 peers for usefulness","throwable":""}
{"timestamp":"2025-07-03T22:48:21,241","container":"fd1bd7073234","level":"INFO","thread":"EthScheduler-Timer-0","class":"FullSyncTargetManager","message":"Unable to find sync target. Currently checking 0 peers for usefulness","throwable":""}
{"timestamp":"2025-07-03T22:48:26,242","container":"fd1bd7073234","level":"INFO","thread":"EthScheduler-Timer-0","class":"FullSyncTargetManager","message":"Unable to find sync target. Currently checking 0 peers for usefulness","throwable":""}
{"timestamp":"2025-07-03T22:48:31,243","container":"fd1bd7073234","level":"INFO","thread":"EthScheduler-Timer-0","class":"FullSyncTargetManager","message":"Unable to find sync target. Currently checking 0 peers for usefulness","throwable":""}
{"timestamp":"2025-07-03T22:48:36,244","container":"fd1bd7073234","level":"INFO","thread":"EthScheduler-Timer-0","class":"FullSyncTargetManager","message":"Unable to find sync target. Currently checking 0 peers for usefulness","throwable":""}
{"timestamp":"2025-07-03T22:48:41,244","container":"fd1bd7073234","level":"INFO","thread":"EthScheduler-Timer-0","class":"FullSyncTargetManager","message":"Unable to find sync target. Currently checking 0 peers for usefulness","throwable":""}
{"timestamp":"2025-07-03T22:48:46,245","container":"fd1bd7073234","level":"INFO","thread":"EthScheduler-Timer-0","class":"FullSyncTargetManager","message":"Unable to find sync target. Currently checking 0 peers for usefulness","throwable":""}
{"timestamp":"2025-07-03T22:48:51,246","container":"fd1bd7073234","level":"INFO","thread":"EthScheduler-Timer-0","class":"FullSyncTargetManager","message":"Unable to find sync target. Currently checking 0 peers for usefulness","throwable":""}
{"timestamp":"2025-07-03T22:48:56,247","container":"fd1bd7073234","level":"INFO","thread":"EthScheduler-Timer-0","class":"FullSyncTargetManager","message":"Unable to find sync target. Currently checking 0 peers for usefulness","throwable":""}
{"timestamp":"2025-07-03T22:49:01,247","container":"fd1bd7073234","level":"INFO","thread":"EthScheduler-Timer-0","class":"FullSyncTargetManager","message":"Unable to find sync target. Currently checking 0 peers for usefulness","throwable":""}
{"timestamp":"2025-07-03T22:49:06,248","container":"fd1bd7073234","level":"INFO","thread":"EthScheduler-Timer-0","class":"FullSyncTargetManager","message":"Unable to find sync target. Currently checking 0 peers for usefulness","throwable":""}
{"timestamp":"2025-07-03T22:49:11,249","container":"fd1bd7073234","level":"INFO","thread":"EthScheduler-Timer-0","class":"FullSyncTargetManager","message":"Unable to find sync target. Currently checking 0 peers for usefulness","throwable":""}
{"timestamp":"2025-07-03T22:49:16,249","container":"fd1bd7073234","level":"INFO","thread":"EthScheduler-Timer-0","class":"FullSyncTargetManager","message":"Unable to find sync target. Currently checking 0 peers for usefulness","throwable":""}
{"timestamp":"2025-07-03T22:49:21,250","container":"fd1bd7073234","level":"INFO","thread":"EthScheduler-Timer-0","class":"FullSyncTargetManager","message":"Unable to find sync target. Currently checking 0 peers for usefulness","throwable":""}
{"timestamp":"2025-07-03T22:49:26,251","container":"fd1bd7073234","level":"INFO","thread":"EthScheduler-Timer-0","class":"FullSyncTargetManager","message":"Unable to find sync target. Currently checking 0 peers for usefulness","throwable":""}
{"timestamp":"2025-07-03T22:49:31,252","container":"fd1bd7073234","level":"INFO","thread":"EthScheduler-Timer-0","class":"FullSyncTargetManager","message":"Unable to find sync target. Currently checking 0 peers for usefulness","throwable":""}
{"timestamp":"2025-07-03T22:49:36,252","container":"fd1bd7073234","level":"INFO","thread":"EthScheduler-Timer-0","class":"FullSyncTargetManager","message":"Unable to find sync target. Currently checking 0 peers for usefulness","throwable":""}
{"timestamp":"2025-07-03T22:49:41,253","container":"fd1bd7073234","level":"INFO","thread":"EthScheduler-Timer-0","class":"FullSyncTargetManager","message":"Unable to find sync target. Currently checking 0 peers for usefulness","throwable":""}
{"timestamp":"2025-07-03T22:49:46,254","container":"fd1bd7073234","level":"INFO","thread":"EthScheduler-Timer-0","class":"FullSyncTargetManager","message":"Unable to find sync target. Currently checking 0 peers for usefulness","throwable":""}
{"timestamp":"2025-07-03T22:49:51,255","container":"fd1bd7073234","level":"INFO","thread":"EthScheduler-Timer-0","class":"FullSyncTargetManager","message":"Unable to find sync target. Currently checking 0 peers for usefulness","throwable":""}
{"timestamp":"2025-07-03T22:49:56,255","container":"fd1bd7073234","level":"INFO","thread":"EthScheduler-Timer-0","class":"FullSyncTargetManager","message":"Unable to find sync target. Currently checking 0 peers for usefulness","throwable":""}
{"timestamp":"2025-07-03T22:50:01,256","container":"fd1bd7073234","level":"INFO","thread":"EthScheduler-Timer-0","class":"FullSyncTargetManager","message":"Unable to find sync target. Currently checking 0 peers for usefulness","throwable":""}
{"timestamp":"2025-07-03T22:50:06,257","container":"fd1bd7073234","level":"INFO","thread":"EthScheduler-Timer-0","class":"FullSyncTargetManager","message":"Unable to find sync target. Currently checking 0 peers for usefulness","throwable":""}
{"timestamp":"2025-07-03T22:50:11,257","container":"fd1bd7073234","level":"INFO","thread":"EthScheduler-Timer-0","class":"FullSyncTargetManager","message":"Unable to find sync target. Currently checking 0 peers for usefulness","throwable":""}
{"timestamp":"2025-07-03T22:50:16,258","container":"fd1bd7073234","level":"INFO","thread":"EthScheduler-Timer-0","class":"FullSyncTargetManager","message":"Unable to find sync target. Currently checking 0 peers for usefulness","throwable":""}
{"timestamp":"2025-07-03T22:50:21,259","container":"fd1bd7073234","level":"INFO","thread":"EthScheduler-Timer-0","class":"FullSyncTargetManager","message":"Unable to find sync target. Currently checking 0 peers for usefulness","throwable":""}
{"timestamp":"2025-07-03T22:50:26,260","container":"fd1bd7073234","level":"INFO","thread":"EthScheduler-Timer-0","class":"FullSyncTargetManager","message":"Unable to find sync target. Currently checking 0 peers for usefulness","throwable":""}
{"timestamp":"2025-07-03T22:50:31,261","container":"fd1bd7073234","level":"INFO","thread":"EthScheduler-Timer-0","class":"FullSyncTargetManager","message":"Unable to find sync target. Currently checking 0 peers for usefulness","throwable":""}
{"timestamp":"2025-07-03T22:50:36,261","container":"fd1bd7073234","level":"INFO","thread":"EthScheduler-Timer-0","class":"FullSyncTargetManager","message":"Unable to find sync target. Currently checking 0 peers for usefulness","throwable":""}
{"timestamp":"2025-07-03T22:50:41,262","container":"fd1bd7073234","level":"INFO","thread":"EthScheduler-Timer-0","class":"FullSyncTargetManager","message":"Unable to find sync target. Currently checking 0 peers for usefulness","throwable":""}
{"timestamp":"2025-07-03T22:50:46,263","container":"fd1bd7073234","level":"INFO","thread":"EthScheduler-Timer-0","class":"FullSyncTargetManager","message":"Unable to find sync target. Currently checking 0 peers for usefulness","throwable":""}
{"timestamp":"2025-07-03T22:50:51,263","container":"fd1bd7073234","level":"INFO","thread":"EthScheduler-Timer-0","class":"FullSyncTargetManager","message":"Unable to find sync target. Currently checking 0 peers for usefulness","throwable":""}
{"timestamp":"2025-07-03T22:50:56,264","container":"fd1bd7073234","level":"INFO","thread":"EthScheduler-Timer-0","class":"FullSyncTargetManager","message":"Unable to find sync target. Currently checking 0 peers for usefulness","throwable":""}
{"timestamp":"2025-07-03T22:51:01,265","container":"fd1bd7073234","level":"INFO","thread":"EthScheduler-Timer-0","class":"FullSyncTargetManager","message":"Unable to find sync target. Currently checking 0 peers for usefulness","throwable":""}
{"timestamp":"2025-07-03T22:51:06,265","container":"fd1bd7073234","level":"INFO","thread":"EthScheduler-Timer-0","class":"FullSyncTargetManager","message":"Unable to find sync target. Currently checking 0 peers for usefulness","throwable":""}
{"timestamp":"2025-07-03T22:51:11,266","container":"fd1bd7073234","level":"INFO","thread":"EthScheduler-Timer-0","class":"FullSyncTargetManager","message":"Unable to find sync target. Currently checking 0 peers for usefulness","throwable":""}
{"timestamp":"2025-07-03T22:51:16,267","container":"fd1bd7073234","level":"INFO","thread":"EthScheduler-Timer-0","class":"FullSyncTargetManager","message":"Unable to find sync target. Currently checking 0 peers for usefulness","throwable":""}
{"timestamp":"2025-07-03T22:51:21,267","container":"fd1bd7073234","level":"INFO","thread":"EthScheduler-Timer-0","class":"FullSyncTargetManager","message":"Unable to find sync target. Currently checking 0 peers for usefulness","throwable":""}
{"timestamp":"2025-07-03T22:51:26,268","container":"fd1bd7073234","level":"INFO","thread":"EthScheduler-Timer-0","class":"FullSyncTargetManager","message":"Unable to find sync target. Currently checking 0 peers for usefulness","throwable":""}
{"timestamp":"2025-07-03T22:51:31,269","container":"fd1bd7073234","level":"INFO","thread":"EthScheduler-Timer-0","class":"FullSyncTargetManager","message":"Unable to find sync target. Currently checking 0 peers for usefulness","throwable":""}
{"timestamp":"2025-07-03T22:51:36,270","container":"fd1bd7073234","level":"INFO","thread":"EthScheduler-Timer-0","class":"FullSyncTargetManager","message":"Unable to find sync target. Currently checking 0 peers for usefulness","throwable":""}
{"timestamp":"2025-07-03T22:51:41,271","container":"fd1bd7073234","level":"INFO","thread":"EthScheduler-Timer-0","class":"FullSyncTargetManager","message":"Unable to find sync target. Currently checking 0 peers for usefulness","throwable":""}
{"timestamp":"2025-07-03T22:51:46,271","container":"fd1bd7073234","level":"INFO","thread":"EthScheduler-Timer-0","class":"FullSyncTargetManager","message":"Unable to find sync target. Currently checking 0 peers for usefulness","throwable":""}
{"timestamp":"2025-07-03T22:51:51,272","container":"fd1bd7073234","level":"INFO","thread":"EthScheduler-Timer-0","class":"FullSyncTargetManager","message":"Unable to find sync target. Currently checking 0 peers for usefulness","throwable":""}
{"timestamp":"2025-07-03T22:51:56,273","container":"fd1bd7073234","level":"INFO","thread":"EthScheduler-Timer-0","class":"FullSyncTargetManager","message":"Unable to find sync target. Currently checking 0 peers for usefulness","throwable":""}
{"timestamp":"2025-07-03T22:52:01,274","container":"fd1bd7073234","level":"INFO","thread":"EthScheduler-Timer-0","class":"FullSyncTargetManager","message":"Unable to find sync target. Currently checking 0 peers for usefulness","throwable":""}
{"timestamp":"2025-07-03T22:52:06,274","container":"fd1bd7073234","level":"INFO","thread":"EthScheduler-Timer-0","class":"FullSyncTargetManager","message":"Unable to find sync target. Currently checking 0 peers for usefulness","throwable":""}
{"timestamp":"2025-07-03T22:52:11,275","container":"fd1bd7073234","level":"INFO","thread":"EthScheduler-Timer-0","class":"FullSyncTargetManager","message":"Unable to find sync target. Currently checking 0 peers for usefulness","throwable":""}
{"timestamp":"2025-07-03T22:52:16,276","container":"fd1bd7073234","level":"INFO","thread":"EthScheduler-Timer-0","class":"FullSyncTargetManager","message":"Unable to find sync target. Currently checking 0 peers for usefulness","throwable":""}
{"timestamp":"2025-07-03T22:52:21,277","container":"fd1bd7073234","level":"INFO","thread":"EthScheduler-Timer-0","class":"FullSyncTargetManager","message":"Unable to find sync target. Currently checking 0 peers for usefulness","throwable":""}
{"timestamp":"2025-07-03T22:52:26,277","container":"fd1bd7073234","level":"INFO","thread":"EthScheduler-Timer-0","class":"FullSyncTargetManager","message":"Unable to find sync target. Currently checking 0 peers for usefulness","throwable":""}
{"timestamp":"2025-07-03T22:52:31,278","container":"fd1bd7073234","level":"INFO","thread":"EthScheduler-Timer-0","class":"FullSyncTargetManager","message":"Unable to find sync target. Currently checking 0 peers for usefulness","throwable":""}
{"timestamp":"2025-07-03T22:52:36,279","container":"fd1bd7073234","level":"INFO","thread":"EthScheduler-Timer-0","class":"FullSyncTargetManager","message":"Unable to find sync target. Currently checking 0 peers for usefulness","throwable":""}
{"timestamp":"2025-07-03T22:52:41,279","container":"fd1bd7073234","level":"INFO","thread":"EthScheduler-Timer-0","class":"FullSyncTargetManager","message":"Unable to find sync target. Currently checking 0 peers for usefulness","throwable":""}
{"timestamp":"2025-07-03T22:52:46,280","container":"fd1bd7073234","level":"INFO","thread":"EthScheduler-Timer-0","class":"FullSyncTargetManager","message":"Unable to find sync target. Currently checking 0 peers for usefulness","throwable":""}
{"timestamp":"2025-07-03T22:52:51,281","container":"fd1bd7073234","level":"INFO","thread":"EthScheduler-Timer-0","class":"FullSyncTargetManager","message":"Unable to find sync target. Currently checking 0 peers for usefulness","throwable":""}
{"timestamp":"2025-07-03T22:52:56,282","container":"fd1bd7073234","level":"INFO","thread":"EthScheduler-Timer-0","class":"FullSyncTargetManager","message":"Unable to find sync target. Currently checking 0 peers for usefulness","throwable":""}
{"timestamp":"2025-07-03T22:53:01,282","container":"fd1bd7073234","level":"INFO","thread":"EthScheduler-Timer-0","class":"FullSyncTargetManager","message":"Unable to find sync target. Currently checking 0 peers for usefulness","throwable":""}
{"timestamp":"2025-07-03T22:53:06,283","container":"fd1bd7073234","level":"INFO","thread":"EthScheduler-Timer-0","class":"FullSyncTargetManager","message":"Unable to find sync target. Currently checking 0 peers for usefulness","throwable":""}
{"timestamp":"2025-07-03T22:53:11,284","container":"fd1bd7073234","level":"INFO","thread":"EthScheduler-Timer-0","class":"FullSyncTargetManager","message":"Unable to find sync target. Currently checking 0 peers for usefulness","throwable":""}
{"timestamp":"2025-07-03T22:53:16,284","container":"fd1bd7073234","level":"INFO","thread":"EthScheduler-Timer-0","class":"FullSyncTargetManager","message":"Unable to find sync target. Currently checking 0 peers for usefulness","throwable":""}
{"timestamp":"2025-07-03T22:53:21,285","container":"fd1bd7073234","level":"INFO","thread":"EthScheduler-Timer-0","class":"FullSyncTargetManager","message":"Unable to find sync target. Currently checking 0 peers for usefulness","throwable":""}
{"timestamp":"2025-07-03T22:53:26,286","container":"fd1bd7073234","level":"INFO","thread":"EthScheduler-Timer-0","class":"FullSyncTargetManager","message":"Unable to find sync target. Currently checking 0 peers for usefulness","throwable":""}
{"timestamp":"2025-07-03T22:53:31,286","container":"fd1bd7073234","level":"INFO","thread":"EthScheduler-Timer-0","class":"FullSyncTargetManager","message":"Unable to find sync target. Currently checking 0 peers for usefulness","throwable":""}
{"timestamp":"2025-07-03T22:53:36,287","container":"fd1bd7073234","level":"INFO","thread":"EthScheduler-Timer-0","class":"FullSyncTargetManager","message":"Unable to find sync target. Currently checking 0 peers for usefulness","throwable":""}
{"timestamp":"2025-07-03T22:53:41,288","container":"fd1bd7073234","level":"INFO","thread":"EthScheduler-Timer-0","class":"FullSyncTargetManager","message":"Unable to find sync target. Currently checking 0 peers for usefulness","throwable":""}
{"timestamp":"2025-07-03T22:53:46,288","container":"fd1bd7073234","level":"INFO","thread":"EthScheduler-Timer-0","class":"FullSyncTargetManager","message":"Unable to find sync target. Currently checking 0 peers for usefulness","throwable":""}
{"timestamp":"2025-07-03T22:53:51,289","container":"fd1bd7073234","level":"INFO","thread":"EthScheduler-Timer-0","class":"FullSyncTargetManager","message":"Unable to find sync target. Currently checking 0 peers for usefulness","throwable":""}
{"timestamp":"2025-07-03T22:53:56,290","container":"fd1bd7073234","level":"INFO","thread":"EthScheduler-Timer-0","class":"FullSyncTargetManager","message":"Unable to find sync target. Currently checking 0 peers for usefulness","throwable":""}
{"timestamp":"2025-07-03T22:54:01,291","container":"fd1bd7073234","level":"INFO","thread":"EthScheduler-Timer-0","class":"FullSyncTargetManager","message":"Unable to find sync target. Currently checking 0 peers for usefulness","throwable":""}
{"timestamp":"2025-07-03T22:54:06,291","container":"fd1bd7073234","level":"INFO","thread":"EthScheduler-Timer-0","class":"FullSyncTargetManager","message":"Unable to find sync target. Currently checking 0 peers for usefulness","throwable":""}
{"timestamp":"2025-07-03T22:54:11,292","container":"fd1bd7073234","level":"INFO","thread":"EthScheduler-Timer-0","class":"FullSyncTargetManager","message":"Unable to find sync target. Currently checking 0 peers for usefulness","throwable":""}
{"timestamp":"2025-07-03T22:54:16,293","container":"fd1bd7073234","level":"INFO","thread":"EthScheduler-Timer-0","class":"FullSyncTargetManager","message":"Unable to find sync target. Currently checking 0 peers for usefulness","throwable":""}
{"timestamp":"2025-07-03T22:54:21,293","container":"fd1bd7073234","level":"INFO","thread":"EthScheduler-Timer-0","class":"FullSyncTargetManager","message":"Unable to find sync target. Currently checking 0 peers for usefulness","throwable":""}
{"timestamp":"2025-07-03T22:54:26,294","container":"fd1bd7073234","level":"INFO","thread":"EthScheduler-Timer-0","class":"FullSyncTargetManager","message":"Unable to find sync target. Currently checking 0 peers for usefulness","throwable":""}
{"timestamp":"2025-07-03T22:54:31,295","container":"fd1bd7073234","level":"INFO","thread":"EthScheduler-Timer-0","class":"FullSyncTargetManager","message":"Unable to find sync target. Currently checking 0 peers for usefulness","throwable":""}
{"timestamp":"2025-07-03T22:54:36,295","container":"fd1bd7073234","level":"INFO","thread":"EthScheduler-Timer-0","class":"FullSyncTargetManager","message":"Unable to find sync target. Currently checking 0 peers for usefulness","throwable":""}
{"timestamp":"2025-07-03T22:54:41,296","container":"fd1bd7073234","level":"INFO","thread":"EthScheduler-Timer-0","class":"FullSyncTargetManager","message":"Unable to find sync target. Currently checking 0 peers for usefulness","throwable":""}
{"timestamp":"2025-07-03T22:54:46,297","container":"fd1bd7073234","level":"INFO","thread":"EthScheduler-Timer-0","class":"FullSyncTargetManager","message":"Unable to find sync target. Currently checking 0 peers for usefulness","throwable":""}
{"timestamp":"2025-07-03T22:54:51,297","container":"fd1bd7073234","level":"INFO","thread":"EthScheduler-Timer-0","class":"FullSyncTargetManager","message":"Unable to find sync target. Currently checking 0 peers for usefulness","throwable":""}
{"timestamp":"2025-07-03T22:54:56,298","container":"fd1bd7073234","level":"INFO","thread":"EthScheduler-Timer-0","class":"FullSyncTargetManager","message":"Unable to find sync target. Currently checking 0 peers for usefulness","throwable":""}
{"timestamp":"2025-07-03T22:55:01,299","container":"fd1bd7073234","level":"INFO","thread":"EthScheduler-Timer-0","class":"FullSyncTargetManager","message":"Unable to find sync target. Currently checking 0 peers for usefulness","throwable":""}
{"timestamp":"2025-07-03T22:55:06,299","container":"fd1bd7073234","level":"INFO","thread":"EthScheduler-Timer-0","class":"FullSyncTargetManager","message":"Unable to find sync target. Currently checking 0 peers for usefulness","throwable":""}
{"timestamp":"2025-07-03T22:55:11,300","container":"fd1bd7073234","level":"INFO","thread":"EthScheduler-Timer-0","class":"FullSyncTargetManager","message":"Unable to find sync target. Currently checking 0 peers for usefulness","throwable":""}
{"timestamp":"2025-07-03T22:55:16,301","container":"fd1bd7073234","level":"INFO","thread":"EthScheduler-Timer-0","class":"FullSyncTargetManager","message":"Unable to find sync target. Currently checking 0 peers for usefulness","throwable":""}
{"timestamp":"2025-07-03T22:55:21,301","container":"fd1bd7073234","level":"INFO","thread":"EthScheduler-Timer-0","class":"FullSyncTargetManager","message":"Unable to find sync target. Currently checking 0 peers for usefulness","throwable":""}
{"timestamp":"2025-07-03T22:55:26,302","container":"fd1bd7073234","level":"INFO","thread":"EthScheduler-Timer-0","class":"FullSyncTargetManager","message":"Unable to find sync target. Currently checking 0 peers for usefulness","throwable":""}
{"timestamp":"2025-07-03T22:55:31,303","container":"fd1bd7073234","level":"INFO","thread":"EthScheduler-Timer-0","class":"FullSyncTargetManager","message":"Unable to find sync target. Currently checking 0 peers for usefulness","throwable":""}
{"timestamp":"2025-07-03T22:55:36,303","container":"fd1bd7073234","level":"INFO","thread":"EthScheduler-Timer-0","class":"FullSyncTargetManager","message":"Unable to find sync target. Currently checking 0 peers for usefulness","throwable":""}
{"timestamp":"2025-07-03T22:55:41,304","container":"fd1bd7073234","level":"INFO","thread":"EthScheduler-Timer-0","class":"FullSyncTargetManager","message":"Unable to find sync target. Currently checking 0 peers for usefulness","throwable":""}
{"timestamp":"2025-07-03T22:55:46,305","container":"fd1bd7073234","level":"INFO","thread":"EthScheduler-Timer-0","class":"FullSyncTargetManager","message":"Unable to find sync target. Currently checking 0 peers for usefulness","throwable":""}
{"timestamp":"2025-07-03T22:55:51,305","container":"fd1bd7073234","level":"INFO","thread":"EthScheduler-Timer-0","class":"FullSyncTargetManager","message":"Unable to find sync target. Currently checking 0 peers for usefulness","throwable":""}
{"timestamp":"2025-07-03T22:55:56,306","container":"fd1bd7073234","level":"INFO","thread":"EthScheduler-Timer-0","class":"FullSyncTargetManager","message":"Unable to find sync target. Currently checking 0 peers for usefulness","throwable":""}
{"timestamp":"2025-07-03T22:56:01,307","container":"fd1bd7073234","level":"INFO","thread":"EthScheduler-Timer-0","class":"FullSyncTargetManager","message":"Unable to find sync target. Currently checking 0 peers for usefulness","throwable":""}
{"timestamp":"2025-07-03T22:56:06,307","container":"fd1bd7073234","level":"INFO","thread":"EthScheduler-Timer-0","class":"FullSyncTargetManager","message":"Unable to find sync target. Currently checking 0 peers for usefulness","throwable":""}
{"timestamp":"2025-07-03T22:56:11,308","container":"fd1bd7073234","level":"INFO","thread":"EthScheduler-Timer-0","class":"FullSyncTargetManager","message":"Unable to find sync target. Currently checking 0 peers for usefulness","throwable":""}
{"timestamp":"2025-07-03T22:56:16,309","container":"fd1bd7073234","level":"INFO","thread":"EthScheduler-Timer-0","class":"FullSyncTargetManager","message":"Unable to find sync target. Currently checking 0 peers for usefulness","throwable":""}
{"timestamp":"2025-07-03T22:56:21,309","container":"fd1bd7073234","level":"INFO","thread":"EthScheduler-Timer-0","class":"FullSyncTargetManager","message":"Unable to find sync target. Currently checking 0 peers for usefulness","throwable":""}
{"timestamp":"2025-07-03T22:56:26,310","container":"fd1bd7073234","level":"INFO","thread":"EthScheduler-Timer-0","class":"FullSyncTargetManager","message":"Unable to find sync target. Currently checking 0 peers for usefulness","throwable":""}
{"timestamp":"2025-07-03T22:56:31,311","container":"fd1bd7073234","level":"INFO","thread":"EthScheduler-Timer-0","class":"FullSyncTargetManager","message":"Unable to find sync target. Currently checking 0 peers for usefulness","throwable":""}
{"timestamp":"2025-07-03T22:56:36,311","container":"fd1bd7073234","level":"INFO","thread":"EthScheduler-Timer-0","class":"FullSyncTargetManager","message":"Unable to find sync target. Currently checking 0 peers for usefulness","throwable":""}
{"timestamp":"2025-07-03T22:56:41,312","container":"fd1bd7073234","level":"INFO","thread":"EthScheduler-Timer-0","class":"FullSyncTargetManager","message":"Unable to find sync target. Currently checking 0 peers for usefulness","throwable":""}
{"timestamp":"2025-07-03T22:56:46,313","container":"fd1bd7073234","level":"INFO","thread":"EthScheduler-Timer-0","class":"FullSyncTargetManager","message":"Unable to find sync target. Currently checking 0 peers for usefulness","throwable":""}
{"timestamp":"2025-07-03T22:56:51,313","container":"fd1bd7073234","level":"INFO","thread":"EthScheduler-Timer-0","class":"FullSyncTargetManager","message":"Unable to find sync target. Currently checking 0 peers for usefulness","throwable":""}
{"timestamp":"2025-07-03T22:56:56,314","container":"fd1bd7073234","level":"INFO","thread":"EthScheduler-Timer-0","class":"FullSyncTargetManager","message":"Unable to find sync target. Currently checking 0 peers for usefulness","throwable":""}
{"timestamp":"2025-07-03T22:57:01,314","container":"fd1bd7073234","level":"INFO","thread":"EthScheduler-Timer-0","class":"FullSyncTargetManager","message":"Unable to find sync target. Currently checking 0 peers for usefulness","throwable":""}
{"timestamp":"2025-07-03T22:57:06,315","container":"fd1bd7073234","level":"INFO","thread":"EthScheduler-Timer-0","class":"FullSyncTargetManager","message":"Unable to find sync target. Currently checking 0 peers for usefulness","throwable":""}
{"timestamp":"2025-07-03T22:57:11,316","container":"fd1bd7073234","level":"INFO","thread":"EthScheduler-Timer-0","class":"FullSyncTargetManager","message":"Unable to find sync target. Currently checking 0 peers for usefulness","throwable":""}
{"timestamp":"2025-07-03T22:57:16,317","container":"fd1bd7073234","level":"INFO","thread":"EthScheduler-Timer-0","class":"FullSyncTargetManager","message":"Unable to find sync target. Currently checking 0 peers for usefulness","throwable":""}
{"timestamp":"2025-07-03T22:57:21,317","container":"fd1bd7073234","level":"INFO","thread":"EthScheduler-Timer-0","class":"FullSyncTargetManager","message":"Unable to find sync target. Currently checking 0 peers for usefulness","throwable":""}
{"timestamp":"2025-07-03T22:57:26,318","container":"fd1bd7073234","level":"INFO","thread":"EthScheduler-Timer-0","class":"FullSyncTargetManager","message":"Unable to find sync target. Currently checking 0 peers for usefulness","throwable":""}
{"timestamp":"2025-07-03T22:57:31,319","container":"fd1bd7073234","level":"INFO","thread":"EthScheduler-Timer-0","class":"FullSyncTargetManager","message":"Unable to find sync target. Currently checking 0 peers for usefulness","throwable":""}
{"timestamp":"2025-07-03T22:57:36,319","container":"fd1bd7073234","level":"INFO","thread":"EthScheduler-Timer-0","class":"FullSyncTargetManager","message":"Unable to find sync target. Currently checking 0 peers for usefulness","throwable":""}
{"timestamp":"2025-07-03T22:57:41,320","container":"fd1bd7073234","level":"INFO","thread":"EthScheduler-Timer-0","class":"FullSyncTargetManager","message":"Unable to find sync target. Currently checking 0 peers for usefulness","throwable":""}
{"timestamp":"2025-07-03T22:57:46,321","container":"fd1bd7073234","level":"INFO","thread":"EthScheduler-Timer-0","class":"FullSyncTargetManager","message":"Unable to find sync target. Currently checking 0 peers for usefulness","throwable":""}
{"timestamp":"2025-07-03T22:57:51,321","container":"fd1bd7073234","level":"INFO","thread":"EthScheduler-Timer-0","class":"FullSyncTargetManager","message":"Unable to find sync target. Currently checking 0 peers for usefulness","throwable":""}
{"timestamp":"2025-07-03T22:57:56,322","container":"fd1bd7073234","level":"INFO","thread":"EthScheduler-Timer-0","class":"FullSyncTargetManager","message":"Unable to find sync target. Currently checking 0 peers for usefulness","throwable":""}
{"timestamp":"2025-07-03T22:58:01,323","container":"fd1bd7073234","level":"INFO","thread":"EthScheduler-Timer-0","class":"FullSyncTargetManager","message":"Unable to find sync target. Currently checking 0 peers for usefulness","throwable":""}
{"timestamp":"2025-07-03T22:58:06,323","container":"fd1bd7073234","level":"INFO","thread":"EthScheduler-Timer-0","class":"FullSyncTargetManager","message":"Unable to find sync target. Currently checking 0 peers for usefulness","throwable":""}
{"timestamp":"2025-07-03T22:58:11,324","container":"fd1bd7073234","level":"INFO","thread":"EthScheduler-Timer-0","class":"FullSyncTargetManager","message":"Unable to find sync target. Currently checking 0 peers for usefulness","throwable":""}
{"timestamp":"2025-07-03T22:58:16,325","container":"fd1bd7073234","level":"INFO","thread":"EthScheduler-Timer-0","class":"FullSyncTargetManager","message":"Unable to find sync target. Currently checking 0 peers for usefulness","throwable":""}
{"timestamp":"2025-07-03T22:58:21,325","container":"fd1bd7073234","level":"INFO","thread":"EthScheduler-Timer-0","class":"FullSyncTargetManager","message":"Unable to find sync target. Currently checking 0 peers for usefulness","throwable":""}
{"timestamp":"2025-07-03T22:58:26,326","container":"fd1bd7073234","level":"INFO","thread":"EthScheduler-Timer-0","class":"FullSyncTargetManager","message":"Unable to find sync target. Currently checking 0 peers for usefulness","throwable":""}
{"timestamp":"2025-07-03T22:58:31,327","container":"fd1bd7073234","level":"INFO","thread":"EthScheduler-Timer-0","class":"FullSyncTargetManager","message":"Unable to find sync target. Currently checking 0 peers for usefulness","throwable":""}
{"timestamp":"2025-07-03T22:58:36,327","container":"fd1bd7073234","level":"INFO","thread":"EthScheduler-Timer-0","class":"FullSyncTargetManager","message":"Unable to find sync target. Currently checking 0 peers for usefulness","throwable":""}
{"timestamp":"2025-07-03T22:58:41,328","container":"fd1bd7073234","level":"INFO","thread":"EthScheduler-Timer-0","class":"FullSyncTargetManager","message":"Unable to find sync target. Currently checking 0 peers for usefulness","throwable":""}
{"timestamp":"2025-07-03T22:58:46,329","container":"fd1bd7073234","level":"INFO","thread":"EthScheduler-Timer-0","class":"FullSyncTargetManager","message":"Unable to find sync target. Currently checking 0 peers for usefulness","throwable":""}
{"timestamp":"2025-07-03T22:58:51,329","container":"fd1bd7073234","level":"INFO","thread":"EthScheduler-Timer-0","class":"FullSyncTargetManager","message":"Unable to find sync target. Currently checking 0 peers for usefulness","throwable":""}
{"timestamp":"2025-07-03T22:58:56,330","container":"fd1bd7073234","level":"INFO","thread":"EthScheduler-Timer-0","class":"FullSyncTargetManager","message":"Unable to find sync target. Currently checking 0 peers for usefulness","throwable":""}
{"timestamp":"2025-07-03T22:59:01,330","container":"fd1bd7073234","level":"INFO","thread":"EthScheduler-Timer-0","class":"FullSyncTargetManager","message":"Unable to find sync target. Currently checking 0 peers for usefulness","throwable":""}
{"timestamp":"2025-07-03T22:59:06,331","container":"fd1bd7073234","level":"INFO","thread":"EthScheduler-Timer-0","class":"FullSyncTargetManager","message":"Unable to find sync target. Currently checking 0 peers for usefulness","throwable":""}
{"timestamp":"2025-07-03T22:59:11,332","container":"fd1bd7073234","level":"INFO","thread":"EthScheduler-Timer-0","class":"FullSyncTargetManager","message":"Unable to find sync target. Currently checking 0 peers for usefulness","throwable":""}
{"timestamp":"2025-07-03T22:59:16,333","container":"fd1bd7073234","level":"INFO","thread":"EthScheduler-Timer-0","class":"FullSyncTargetManager","message":"Unable to find sync target. Currently checking 0 peers for usefulness","throwable":""}
{"timestamp":"2025-07-03T22:59:21,334","container":"fd1bd7073234","level":"INFO","thread":"EthScheduler-Timer-0","class":"FullSyncTargetManager","message":"Unable to find sync target. Currently checking 0 peers for usefulness","throwable":""}
{"timestamp":"2025-07-03T22:59:26,334","container":"fd1bd7073234","level":"INFO","thread":"EthScheduler-Timer-0","class":"FullSyncTargetManager","message":"Unable to find sync target. Currently checking 0 peers for usefulness","throwable":""}
{"timestamp":"2025-07-03T22:59:31,335","container":"fd1bd7073234","level":"INFO","thread":"EthScheduler-Timer-0","class":"FullSyncTargetManager","message":"Unable to find sync target. Currently checking 0 peers for usefulness","throwable":""}
{"timestamp":"2025-07-03T22:59:36,336","container":"fd1bd7073234","level":"INFO","thread":"EthScheduler-Timer-0","class":"FullSyncTargetManager","message":"Unable to find sync target. Currently checking 0 peers for usefulness","throwable":""}
{"timestamp":"2025-07-03T22:59:41,336","container":"fd1bd7073234","level":"INFO","thread":"EthScheduler-Timer-0","class":"FullSyncTargetManager","message":"Unable to find sync target. Currently checking 0 peers for usefulness","throwable":""}
{"timestamp":"2025-07-03T22:59:46,337","container":"fd1bd7073234","level":"INFO","thread":"EthScheduler-Timer-0","class":"FullSyncTargetManager","message":"Unable to find sync target. Currently checking 0 peers for usefulness","throwable":""}
{"timestamp":"2025-07-03T22:59:51,338","container":"fd1bd7073234","level":"INFO","thread":"EthScheduler-Timer-0","class":"FullSyncTargetManager","message":"Unable to find sync target. Currently checking 0 peers for usefulness","throwable":""}
{"timestamp":"2025-07-03T22:59:56,338","container":"fd1bd7073234","level":"INFO","thread":"EthScheduler-Timer-0","class":"FullSyncTargetManager","message":"Unable to find sync target. Currently checking 0 peers for usefulness","throwable":""}
{"timestamp":"2025-07-03T23:00:01,339","container":"fd1bd7073234","level":"INFO","thread":"EthScheduler-Timer-0","class":"FullSyncTargetManager","message":"Unable to find sync target. Currently checking 0 peers for usefulness","throwable":""}
{"timestamp":"2025-07-03T23:00:06,340","container":"fd1bd7073234","level":"INFO","thread":"EthScheduler-Timer-0","class":"FullSyncTargetManager","message":"Unable to find sync target. Currently checking 0 peers for usefulness","throwable":""}
{"timestamp":"2025-07-03T23:00:11,340","container":"fd1bd7073234","level":"INFO","thread":"EthScheduler-Timer-0","class":"FullSyncTargetManager","message":"Unable to find sync target. Currently checking 0 peers for usefulness","throwable":""}
{"timestamp":"2025-07-03T23:00:16,341","container":"fd1bd7073234","level":"INFO","thread":"EthScheduler-Timer-0","class":"FullSyncTargetManager","message":"Unable to find sync target. Currently checking 0 peers for usefulness","throwable":""}
{"timestamp":"2025-07-03T23:00:21,341","container":"fd1bd7073234","level":"INFO","thread":"EthScheduler-Timer-0","class":"FullSyncTargetManager","message":"Unable to find sync target. Currently checking 0 peers for usefulness","throwable":""}
{"timestamp":"2025-07-03T23:00:26,342","container":"fd1bd7073234","level":"INFO","thread":"EthScheduler-Timer-0","class":"FullSyncTargetManager","message":"Unable to find sync target. Currently checking 0 peers for usefulness","throwable":""}
{"timestamp":"2025-07-03T23:00:31,343","container":"fd1bd7073234","level":"INFO","thread":"EthScheduler-Timer-0","class":"FullSyncTargetManager","message":"Unable to find sync target. Currently checking 0 peers for usefulness","throwable":""}
{"timestamp":"2025-07-03T23:00:36,343","container":"fd1bd7073234","level":"INFO","thread":"EthScheduler-Timer-0","class":"FullSyncTargetManager","message":"Unable to find sync target. Currently checking 0 peers for usefulness","throwable":""}
{"timestamp":"2025-07-03T23:00:41,344","container":"fd1bd7073234","level":"INFO","thread":"EthScheduler-Timer-0","class":"FullSyncTargetManager","message":"Unable to find sync target. Currently checking 0 peers for usefulness","throwable":""}
{"timestamp":"2025-07-03T23:00:46,345","container":"fd1bd7073234","level":"INFO","thread":"EthScheduler-Timer-0","class":"FullSyncTargetManager","message":"Unable to find sync target. Currently checking 0 peers for usefulness","throwable":""}
{"timestamp":"2025-07-03T23:00:51,345","container":"fd1bd7073234","level":"INFO","thread":"EthScheduler-Timer-0","class":"FullSyncTargetManager","message":"Unable to find sync target. Currently checking 0 peers for usefulness","throwable":""}
{"timestamp":"2025-07-03T23:00:56,346","container":"fd1bd7073234","level":"INFO","thread":"EthScheduler-Timer-0","class":"FullSyncTargetManager","message":"Unable to find sync target. Currently checking 0 peers for usefulness","throwable":""}
{"timestamp":"2025-07-03T23:01:01,347","container":"fd1bd7073234","level":"INFO","thread":"EthScheduler-Timer-0","class":"FullSyncTargetManager","message":"Unable to find sync target. Currently checking 0 peers for usefulness","throwable":""}
{"timestamp":"2025-07-03T23:01:06,347","container":"fd1bd7073234","level":"INFO","thread":"EthScheduler-Timer-0","class":"FullSyncTargetManager","message":"Unable to find sync target. Currently checking 0 peers for usefulness","throwable":""}
{"timestamp":"2025-07-03T23:01:11,348","container":"fd1bd7073234","level":"INFO","thread":"EthScheduler-Timer-0","class":"FullSyncTargetManager","message":"Unable to find sync target. Currently checking 0 peers for usefulness","throwable":""}
{"timestamp":"2025-07-03T23:01:16,348","container":"fd1bd7073234","level":"INFO","thread":"EthScheduler-Timer-0","class":"FullSyncTargetManager","message":"Unable to find sync target. Currently checking 0 peers for usefulness","throwable":""}
{"timestamp":"2025-07-03T23:01:21,349","container":"fd1bd7073234","level":"INFO","thread":"EthScheduler-Timer-0","class":"FullSyncTargetManager","message":"Unable to find sync target. Currently checking 0 peers for usefulness","throwable":""}
{"timestamp":"2025-07-03T23:01:26,349","container":"fd1bd7073234","level":"INFO","thread":"EthScheduler-Timer-0","class":"FullSyncTargetManager","message":"Unable to find sync target. Currently checking 0 peers for usefulness","throwable":""}
{"timestamp":"2025-07-03T23:01:31,350","container":"fd1bd7073234","level":"INFO","thread":"EthScheduler-Timer-0","class":"FullSyncTargetManager","message":"Unable to find sync target. Currently checking 0 peers for usefulness","throwable":""}
{"timestamp":"2025-07-03T23:01:36,351","container":"fd1bd7073234","level":"INFO","thread":"EthScheduler-Timer-0","class":"FullSyncTargetManager","message":"Unable to find sync target. Currently checking 0 peers for usefulness","throwable":""}
{"timestamp":"2025-07-03T23:01:41,352","container":"fd1bd7073234","level":"INFO","thread":"EthScheduler-Timer-0","class":"FullSyncTargetManager","message":"Unable to find sync target. Currently checking 0 peers for usefulness","throwable":""}
{"timestamp":"2025-07-03T23:01:46,352","container":"fd1bd7073234","level":"INFO","thread":"EthScheduler-Timer-0","class":"FullSyncTargetManager","message":"Unable to find sync target. Currently checking 0 peers for usefulness","throwable":""}
{"timestamp":"2025-07-03T23:01:51,353","container":"fd1bd7073234","level":"INFO","thread":"EthScheduler-Timer-0","class":"FullSyncTargetManager","message":"Unable to find sync target. Currently checking 0 peers for usefulness","throwable":""}
{"timestamp":"2025-07-03T23:01:56,353","container":"fd1bd7073234","level":"INFO","thread":"EthScheduler-Timer-0","class":"FullSyncTargetManager","message":"Unable to find sync target. Currently checking 0 peers for usefulness","throwable":""}
{"timestamp":"2025-07-03T23:02:01,354","container":"fd1bd7073234","level":"INFO","thread":"EthScheduler-Timer-0","class":"FullSyncTargetManager","message":"Unable to find sync target. Currently checking 0 peers for usefulness","throwable":""}
{"timestamp":"2025-07-03T23:02:06,355","container":"fd1bd7073234","level":"INFO","thread":"EthScheduler-Timer-0","class":"FullSyncTargetManager","message":"Unable to find sync target. Currently checking 0 peers for usefulness","throwable":""}
{"timestamp":"2025-07-03T23:02:11,355","container":"fd1bd7073234","level":"INFO","thread":"EthScheduler-Timer-0","class":"FullSyncTargetManager","message":"Unable to find sync target. Currently checking 0 peers for usefulness","throwable":""}
{"timestamp":"2025-07-03T23:02:16,356","container":"fd1bd7073234","level":"INFO","thread":"EthScheduler-Timer-0","class":"FullSyncTargetManager","message":"Unable to find sync target. Currently checking 0 peers for usefulness","throwable":""}
{"timestamp":"2025-07-03T23:02:21,356","container":"fd1bd7073234","level":"INFO","thread":"EthScheduler-Timer-0","class":"FullSyncTargetManager","message":"Unable to find sync target. Currently checking 0 peers for usefulness","throwable":""}
{"timestamp":"2025-07-03T23:02:26,357","container":"fd1bd7073234","level":"INFO","thread":"EthScheduler-Timer-0","class":"FullSyncTargetManager","message":"Unable to find sync target. Currently checking 0 peers for usefulness","throwable":""}
{"timestamp":"2025-07-03T23:02:31,357","container":"fd1bd7073234","level":"INFO","thread":"EthScheduler-Timer-0","class":"FullSyncTargetManager","message":"Unable to find sync target. Currently checking 0 peers for usefulness","throwable":""}
{"timestamp":"2025-07-03T23:02:36,358","container":"fd1bd7073234","level":"INFO","thread":"EthScheduler-Timer-0","class":"FullSyncTargetManager","message":"Unable to find sync target. Currently checking 0 peers for usefulness","throwable":""}
{"timestamp":"2025-07-03T23:02:41,358","container":"fd1bd7073234","level":"INFO","thread":"EthScheduler-Timer-0","class":"FullSyncTargetManager","message":"Unable to find sync target. Currently checking 0 peers for usefulness","throwable":""}
{"timestamp":"2025-07-03T23:02:46,359","container":"fd1bd7073234","level":"INFO","thread":"EthScheduler-Timer-0","class":"FullSyncTargetManager","message":"Unable to find sync target. Currently checking 0 peers for usefulness","throwable":""}
{"timestamp":"2025-07-03T23:02:51,360","container":"fd1bd7073234","level":"INFO","thread":"EthScheduler-Timer-0","class":"FullSyncTargetManager","message":"Unable to find sync target. Currently checking 0 peers for usefulness","throwable":""}
{"timestamp":"2025-07-03T23:02:56,361","container":"fd1bd7073234","level":"INFO","thread":"EthScheduler-Timer-0","class":"FullSyncTargetManager","message":"Unable to find sync target. Currently checking 0 peers for usefulness","throwable":""}
{"timestamp":"2025-07-03T23:03:01,361","container":"fd1bd7073234","level":"INFO","thread":"EthScheduler-Timer-0","class":"FullSyncTargetManager","message":"Unable to find sync target. Currently checking 0 peers for usefulness","throwable":""}
{"timestamp":"2025-07-03T23:03:06,362","container":"fd1bd7073234","level":"INFO","thread":"EthScheduler-Timer-0","class":"FullSyncTargetManager","message":"Unable to find sync target. Currently checking 0 peers for usefulness","throwable":""}
{"timestamp":"2025-07-03T23:03:11,362","container":"fd1bd7073234","level":"INFO","thread":"EthScheduler-Timer-0","class":"FullSyncTargetManager","message":"Unable to find sync target. Currently checking 0 peers for usefulness","throwable":""}
{"timestamp":"2025-07-03T23:03:16,363","container":"fd1bd7073234","level":"INFO","thread":"EthScheduler-Timer-0","class":"FullSyncTargetManager","message":"Unable to find sync target. Currently checking 0 peers for usefulness","throwable":""}
{"timestamp":"2025-07-03T23:03:21,364","container":"fd1bd7073234","level":"INFO","thread":"EthScheduler-Timer-0","class":"FullSyncTargetManager","message":"Unable to find sync target. Currently checking 0 peers for usefulness","throwable":""}
{"timestamp":"2025-07-03T23:03:26,364","container":"fd1bd7073234","level":"INFO","thread":"EthScheduler-Timer-0","class":"FullSyncTargetManager","message":"Unable to find sync target. Currently checking 0 peers for usefulness","throwable":""}
{"timestamp":"2025-07-03T23:03:31,365","container":"fd1bd7073234","level":"INFO","thread":"EthScheduler-Timer-0","class":"FullSyncTargetManager","message":"Unable to find sync target. Currently checking 0 peers for usefulness","throwable":""}
{"timestamp":"2025-07-03T23:03:36,365","container":"fd1bd7073234","level":"INFO","thread":"EthScheduler-Timer-0","class":"FullSyncTargetManager","message":"Unable to find sync target. Currently checking 0 peers for usefulness","throwable":""}
{"timestamp":"2025-07-03T23:03:41,366","container":"fd1bd7073234","level":"INFO","thread":"EthScheduler-Timer-0","class":"FullSyncTargetManager","message":"Unable to find sync target. Currently checking 0 peers for usefulness","throwable":""}
{"timestamp":"2025-07-03T23:03:46,366","container":"fd1bd7073234","level":"INFO","thread":"EthScheduler-Timer-0","class":"FullSyncTargetManager","message":"Unable to find sync target. Currently checking 0 peers for usefulness","throwable":""}
{"timestamp":"2025-07-03T23:03:51,367","container":"fd1bd7073234","level":"INFO","thread":"EthScheduler-Timer-0","class":"FullSyncTargetManager","message":"Unable to find sync target. Currently checking 0 peers for usefulness","throwable":""}
{"timestamp":"2025-07-03T23:03:56,367","container":"fd1bd7073234","level":"INFO","thread":"EthScheduler-Timer-0","class":"FullSyncTargetManager","message":"Unable to find sync target. Currently checking 0 peers for usefulness","throwable":""}
{"timestamp":"2025-07-03T23:04:01,368","container":"fd1bd7073234","level":"INFO","thread":"EthScheduler-Timer-0","class":"FullSyncTargetManager","message":"Unable to find sync target. Currently checking 0 peers for usefulness","throwable":""}
{"timestamp":"2025-07-03T23:04:06,368","container":"fd1bd7073234","level":"INFO","thread":"EthScheduler-Timer-0","class":"FullSyncTargetManager","message":"Unable to find sync target. Currently checking 0 peers for usefulness","throwable":""}
{"timestamp":"2025-07-03T23:04:11,369","container":"fd1bd7073234","level":"INFO","thread":"EthScheduler-Timer-0","class":"FullSyncTargetManager","message":"Unable to find sync target. Currently checking 0 peers for usefulness","throwable":""}
{"timestamp":"2025-07-03T23:04:16,370","container":"fd1bd7073234","level":"INFO","thread":"EthScheduler-Timer-0","class":"FullSyncTargetManager","message":"Unable to find sync target. Currently checking 0 peers for usefulness","throwable":""}
{"timestamp":"2025-07-03T23:04:21,370","container":"fd1bd7073234","level":"INFO","thread":"EthScheduler-Timer-0","class":"FullSyncTargetManager","message":"Unable to find sync target. Currently checking 0 peers for usefulness","throwable":""}
{"timestamp":"2025-07-03T23:04:26,371","container":"fd1bd7073234","level":"INFO","thread":"EthScheduler-Timer-0","class":"FullSyncTargetManager","message":"Unable to find sync target. Currently checking 0 peers for usefulness","throwable":""}
{"timestamp":"2025-07-03T23:04:31,372","container":"fd1bd7073234","level":"INFO","thread":"EthScheduler-Timer-0","class":"FullSyncTargetManager","message":"Unable to find sync target. Currently checking 0 peers for usefulness","throwable":""}
{"timestamp":"2025-07-03T23:04:36,372","container":"fd1bd7073234","level":"INFO","thread":"EthScheduler-Timer-0","class":"FullSyncTargetManager","message":"Unable to find sync target. Currently checking 0 peers for usefulness","throwable":""}
{"timestamp":"2025-07-03T23:04:41,373","container":"fd1bd7073234","level":"INFO","thread":"EthScheduler-Timer-0","class":"FullSyncTargetManager","message":"Unable to find sync target. Currently checking 0 peers for usefulness","throwable":""}
{"timestamp":"2025-07-03T23:04:46,374","container":"fd1bd7073234","level":"INFO","thread":"EthScheduler-Timer-0","class":"FullSyncTargetManager","message":"Unable to find sync target. Currently checking 0 peers for usefulness","throwable":""}
{"timestamp":"2025-07-03T23:04:51,374","container":"fd1bd7073234","level":"INFO","thread":"EthScheduler-Timer-0","class":"FullSyncTargetManager","message":"Unable to find sync target. Currently checking 0 peers for usefulness","throwable":""}
{"timestamp":"2025-07-03T23:04:56,375","container":"fd1bd7073234","level":"INFO","thread":"EthScheduler-Timer-0","class":"FullSyncTargetManager","message":"Unable to find sync target. Currently checking 0 peers for usefulness","throwable":""}
{"timestamp":"2025-07-03T23:05:01,376","container":"fd1bd7073234","level":"INFO","thread":"EthScheduler-Timer-0","class":"FullSyncTargetManager","message":"Unable to find sync target. Currently checking 0 peers for usefulness","throwable":""}
{"timestamp":"2025-07-03T23:05:06,376","container":"fd1bd7073234","level":"INFO","thread":"EthScheduler-Timer-0","class":"FullSyncTargetManager","message":"Unable to find sync target. Currently checking 0 peers for usefulness","throwable":""}
{"timestamp":"2025-07-03T23:05:11,377","container":"fd1bd7073234","level":"INFO","thread":"EthScheduler-Timer-0","class":"FullSyncTargetManager","message":"Unable to find sync target. Currently checking 0 peers for usefulness","throwable":""}
{"timestamp":"2025-07-03T23:05:16,377","container":"fd1bd7073234","level":"INFO","thread":"EthScheduler-Timer-0","class":"FullSyncTargetManager","message":"Unable to find sync target. Currently checking 0 peers for usefulness","throwable":""}
{"timestamp":"2025-07-03T23:05:21,378","container":"fd1bd7073234","level":"INFO","thread":"EthScheduler-Timer-0","class":"FullSyncTargetManager","message":"Unable to find sync target. Currently checking 0 peers for usefulness","throwable":""}
{"timestamp":"2025-07-03T23:05:26,378","container":"fd1bd7073234","level":"INFO","thread":"EthScheduler-Timer-0","class":"FullSyncTargetManager","message":"Unable to find sync target. Currently checking 0 peers for usefulness","throwable":""}
{"timestamp":"2025-07-03T23:05:31,379","container":"fd1bd7073234","level":"INFO","thread":"EthScheduler-Timer-0","class":"FullSyncTargetManager","message":"Unable to find sync target. Currently checking 0 peers for usefulness","throwable":""}
{"timestamp":"2025-07-03T23:05:36,380","container":"fd1bd7073234","level":"INFO","thread":"EthScheduler-Timer-0","class":"FullSyncTargetManager","message":"Unable to find sync target. Currently checking 0 peers for usefulness","throwable":""}
{"timestamp":"2025-07-03T23:05:41,380","container":"fd1bd7073234","level":"INFO","thread":"EthScheduler-Timer-0","class":"FullSyncTargetManager","message":"Unable to find sync target. Currently checking 0 peers for usefulness","throwable":""}
{"timestamp":"2025-07-03T23:05:46,381","container":"fd1bd7073234","level":"INFO","thread":"EthScheduler-Timer-0","class":"FullSyncTargetManager","message":"Unable to find sync target. Currently checking 0 peers for usefulness","throwable":""}
{"timestamp":"2025-07-03T23:05:51,381","container":"fd1bd7073234","level":"INFO","thread":"EthScheduler-Timer-0","class":"FullSyncTargetManager","message":"Unable to find sync target. Currently checking 0 peers for usefulness","throwable":""}
{"timestamp":"2025-07-03T23:05:56,382","container":"fd1bd7073234","level":"INFO","thread":"EthScheduler-Timer-0","class":"FullSyncTargetManager","message":"Unable to find sync target. Currently checking 0 peers for usefulness","throwable":""}
{"timestamp":"2025-07-03T23:06:01,383","container":"fd1bd7073234","level":"INFO","thread":"EthScheduler-Timer-0","class":"FullSyncTargetManager","message":"Unable to find sync target. Currently checking 0 peers for usefulness","throwable":""}
{"timestamp":"2025-07-03T23:06:06,383","container":"fd1bd7073234","level":"INFO","thread":"EthScheduler-Timer-0","class":"FullSyncTargetManager","message":"Unable to find sync target. Currently checking 0 peers for usefulness","throwable":""}
{"timestamp":"2025-07-03T23:06:11,384","container":"fd1bd7073234","level":"INFO","thread":"EthScheduler-Timer-0","class":"FullSyncTargetManager","message":"Unable to find sync target. Currently checking 0 peers for usefulness","throwable":""}
{"timestamp":"2025-07-03T23:06:16,384","container":"fd1bd7073234","level":"INFO","thread":"EthScheduler-Timer-0","class":"FullSyncTargetManager","message":"Unable to find sync target. Currently checking 0 peers for usefulness","throwable":""}
{"timestamp":"2025-07-03T23:06:21,385","container":"fd1bd7073234","level":"INFO","thread":"EthScheduler-Timer-0","class":"FullSyncTargetManager","message":"Unable to find sync target. Currently checking 0 peers for usefulness","throwable":""}
{"timestamp":"2025-07-03T23:06:26,386","container":"fd1bd7073234","level":"INFO","thread":"EthScheduler-Timer-0","class":"FullSyncTargetManager","message":"Unable to find sync target. Currently checking 0 peers for usefulness","throwable":""}
{"timestamp":"2025-07-03T23:06:31,386","container":"fd1bd7073234","level":"INFO","thread":"EthScheduler-Timer-0","class":"FullSyncTargetManager","message":"Unable to find sync target. Currently checking 0 peers for usefulness","throwable":""}
{"timestamp":"2025-07-03T23:06:36,387","container":"fd1bd7073234","level":"INFO","thread":"EthScheduler-Timer-0","class":"FullSyncTargetManager","message":"Unable to find sync target. Currently checking 0 peers for usefulness","throwable":""}
{"timestamp":"2025-07-03T23:06:41,387","container":"fd1bd7073234","level":"INFO","thread":"EthScheduler-Timer-0","class":"FullSyncTargetManager","message":"Unable to find sync target. Currently checking 0 peers for usefulness","throwable":""}
{"timestamp":"2025-07-03T23:06:46,388","container":"fd1bd7073234","level":"INFO","thread":"EthScheduler-Timer-0","class":"FullSyncTargetManager","message":"Unable to find sync target. Currently checking 0 peers for usefulness","throwable":""}
{"timestamp":"2025-07-03T23:06:51,389","container":"fd1bd7073234","level":"INFO","thread":"EthScheduler-Timer-0","class":"FullSyncTargetManager","message":"Unable to find sync target. Currently checking 0 peers for usefulness","throwable":""}
{"timestamp":"2025-07-03T23:06:56,389","container":"fd1bd7073234","level":"INFO","thread":"EthScheduler-Timer-0","class":"FullSyncTargetManager","message":"Unable to find sync target. Currently checking 0 peers for usefulness","throwable":""}
{"timestamp":"2025-07-03T23:07:01,390","container":"fd1bd7073234","level":"INFO","thread":"EthScheduler-Timer-0","class":"FullSyncTargetManager","message":"Unable to find sync target. Currently checking 0 peers for usefulness","throwable":""}
{"timestamp":"2025-07-03T23:07:06,390","container":"fd1bd7073234","level":"INFO","thread":"EthScheduler-Timer-0","class":"FullSyncTargetManager","message":"Unable to find sync target. Currently checking 0 peers for usefulness","throwable":""}
{"timestamp":"2025-07-03T23:07:11,391","container":"fd1bd7073234","level":"INFO","thread":"EthScheduler-Timer-0","class":"FullSyncTargetManager","message":"Unable to find sync target. Currently checking 0 peers for usefulness","throwable":""}
{"timestamp":"2025-07-03T23:07:16,392","container":"fd1bd7073234","level":"INFO","thread":"EthScheduler-Timer-0","class":"FullSyncTargetManager","message":"Unable to find sync target. Currently checking 0 peers for usefulness","throwable":""}
{"timestamp":"2025-07-03T23:07:21,392","container":"fd1bd7073234","level":"INFO","thread":"EthScheduler-Timer-0","class":"FullSyncTargetManager","message":"Unable to find sync target. Currently checking 0 peers for usefulness","throwable":""}
{"timestamp":"2025-07-03T23:07:26,393","container":"fd1bd7073234","level":"INFO","thread":"EthScheduler-Timer-0","class":"FullSyncTargetManager","message":"Unable to find sync target. Currently checking 0 peers for usefulness","throwable":""}
{"timestamp":"2025-07-03T23:07:31,393","container":"fd1bd7073234","level":"INFO","thread":"EthScheduler-Timer-0","class":"FullSyncTargetManager","message":"Unable to find sync target. Currently checking 0 peers for usefulness","throwable":""}
{"timestamp":"2025-07-03T23:07:36,394","container":"fd1bd7073234","level":"INFO","thread":"EthScheduler-Timer-0","class":"FullSyncTargetManager","message":"Unable to find sync target. Currently checking 0 peers for usefulness","throwable":""}
{"timestamp":"2025-07-03T23:07:41,395","container":"fd1bd7073234","level":"INFO","thread":"EthScheduler-Timer-0","class":"FullSyncTargetManager","message":"Unable to find sync target. Currently checking 0 peers for usefulness","throwable":""}
{"timestamp":"2025-07-03T23:07:46,395","container":"fd1bd7073234","level":"INFO","thread":"EthScheduler-Timer-0","class":"FullSyncTargetManager","message":"Unable to find sync target. Currently checking 0 peers for usefulness","throwable":""}
{"timestamp":"2025-07-03T23:07:51,396","container":"fd1bd7073234","level":"INFO","thread":"EthScheduler-Timer-0","class":"FullSyncTargetManager","message":"Unable to find sync target. Currently checking 0 peers for usefulness","throwable":""}
{"timestamp":"2025-07-03T23:07:56,396","container":"fd1bd7073234","level":"INFO","thread":"EthScheduler-Timer-0","class":"FullSyncTargetManager","message":"Unable to find sync target. Currently checking 0 peers for usefulness","throwable":""}
{"timestamp":"2025-07-03T23:08:01,397","container":"fd1bd7073234","level":"INFO","thread":"EthScheduler-Timer-0","class":"FullSyncTargetManager","message":"Unable to find sync target. Currently checking 0 peers for usefulness","throwable":""}
{"timestamp":"2025-07-03T23:08:06,397","container":"fd1bd7073234","level":"INFO","thread":"EthScheduler-Timer-0","class":"FullSyncTargetManager","message":"Unable to find sync target. Currently checking 0 peers for usefulness","throwable":""}
{"timestamp":"2025-07-03T23:08:11,398","container":"fd1bd7073234","level":"INFO","thread":"EthScheduler-Timer-0","class":"FullSyncTargetManager","message":"Unable to find sync target. Currently checking 0 peers for usefulness","throwable":""}
{"timestamp":"2025-07-03T23:08:16,399","container":"fd1bd7073234","level":"INFO","thread":"EthScheduler-Timer-0","class":"FullSyncTargetManager","message":"Unable to find sync target. Currently checking 0 peers for usefulness","throwable":""}
{"timestamp":"2025-07-03T23:08:21,399","container":"fd1bd7073234","level":"INFO","thread":"EthScheduler-Timer-0","class":"FullSyncTargetManager","message":"Unable to find sync target. Currently checking 0 peers for usefulness","throwable":""}
{"timestamp":"2025-07-03T23:08:26,400","container":"fd1bd7073234","level":"INFO","thread":"EthScheduler-Timer-0","class":"FullSyncTargetManager","message":"Unable to find sync target. Currently checking 0 peers for usefulness","throwable":""}
{"timestamp":"2025-07-03T23:08:31,400","container":"fd1bd7073234","level":"INFO","thread":"EthScheduler-Timer-0","class":"FullSyncTargetManager","message":"Unable to find sync target. Currently checking 0 peers for usefulness","throwable":""}
{"timestamp":"2025-07-03T23:08:36,401","container":"fd1bd7073234","level":"INFO","thread":"EthScheduler-Timer-0","class":"FullSyncTargetManager","message":"Unable to find sync target. Currently checking 0 peers for usefulness","throwable":""}
{"timestamp":"2025-07-03T23:08:41,402","container":"fd1bd7073234","level":"INFO","thread":"EthScheduler-Timer-0","class":"FullSyncTargetManager","message":"Unable to find sync target. Currently checking 0 peers for usefulness","throwable":""}
{"timestamp":"2025-07-03T23:08:46,402","container":"fd1bd7073234","level":"INFO","thread":"EthScheduler-Timer-0","class":"FullSyncTargetManager","message":"Unable to find sync target. Currently checking 0 peers for usefulness","throwable":""}
{"timestamp":"2025-07-03T23:08:51,403","container":"fd1bd7073234","level":"INFO","thread":"EthScheduler-Timer-0","class":"FullSyncTargetManager","message":"Unable to find sync target. Currently checking 0 peers for usefulness","throwable":""}
{"timestamp":"2025-07-03T23:08:56,403","container":"fd1bd7073234","level":"INFO","thread":"EthScheduler-Timer-0","class":"FullSyncTargetManager","message":"Unable to find sync target. Currently checking 0 peers for usefulness","throwable":""}
{"timestamp":"2025-07-03T23:09:01,404","container":"fd1bd7073234","level":"INFO","thread":"EthScheduler-Timer-0","class":"FullSyncTargetManager","message":"Unable to find sync target. Currently checking 0 peers for usefulness","throwable":""}
{"timestamp":"2025-07-03T23:09:06,404","container":"fd1bd7073234","level":"INFO","thread":"EthScheduler-Timer-0","class":"FullSyncTargetManager","message":"Unable to find sync target. Currently checking 0 peers for usefulness","throwable":""}
{"timestamp":"2025-07-03T23:09:11,405","container":"fd1bd7073234","level":"INFO","thread":"EthScheduler-Timer-0","class":"FullSyncTargetManager","message":"Unable to find sync target. Currently checking 0 peers for usefulness","throwable":""}
{"timestamp":"2025-07-03T23:09:16,406","container":"fd1bd7073234","level":"INFO","thread":"EthScheduler-Timer-0","class":"FullSyncTargetManager","message":"Unable to find sync target. Currently checking 0 peers for usefulness","throwable":""}
{"timestamp":"2025-07-03T23:09:21,406","container":"fd1bd7073234","level":"INFO","thread":"EthScheduler-Timer-0","class":"FullSyncTargetManager","message":"Unable to find sync target. Currently checking 0 peers for usefulness","throwable":""}
{"timestamp":"2025-07-03T23:09:26,407","container":"fd1bd7073234","level":"INFO","thread":"EthScheduler-Timer-0","class":"FullSyncTargetManager","message":"Unable to find sync target. Currently checking 0 peers for usefulness","throwable":""}
{"timestamp":"2025-07-03T23:09:31,408","container":"fd1bd7073234","level":"INFO","thread":"EthScheduler-Timer-0","class":"FullSyncTargetManager","message":"Unable to find sync target. Currently checking 0 peers for usefulness","throwable":""}
{"timestamp":"2025-07-03T23:09:36,408","container":"fd1bd7073234","level":"INFO","thread":"EthScheduler-Timer-0","class":"FullSyncTargetManager","message":"Unable to find sync target. Currently checking 0 peers for usefulness","throwable":""}
{"timestamp":"2025-07-03T23:09:41,409","container":"fd1bd7073234","level":"INFO","thread":"EthScheduler-Timer-0","class":"FullSyncTargetManager","message":"Unable to find sync target. Currently checking 0 peers for usefulness","throwable":""}
{"timestamp":"2025-07-03T23:09:46,409","container":"fd1bd7073234","level":"INFO","thread":"EthScheduler-Timer-0","class":"FullSyncTargetManager","message":"Unable to find sync target. Currently checking 0 peers for usefulness","throwable":""}
{"timestamp":"2025-07-03T23:09:51,410","container":"fd1bd7073234","level":"INFO","thread":"EthScheduler-Timer-0","class":"FullSyncTargetManager","message":"Unable to find sync target. Currently checking 0 peers for usefulness","throwable":""}
{"timestamp":"2025-07-03T23:09:56,411","container":"fd1bd7073234","level":"INFO","thread":"EthScheduler-Timer-0","class":"FullSyncTargetManager","message":"Unable to find sync target. Currently checking 0 peers for usefulness","throwable":""}
{"timestamp":"2025-07-03T23:10:01,411","container":"fd1bd7073234","level":"INFO","thread":"EthScheduler-Timer-0","class":"FullSyncTargetManager","message":"Unable to find sync target. Currently checking 0 peers for usefulness","throwable":""}
{"timestamp":"2025-07-03T23:10:06,412","container":"fd1bd7073234","level":"INFO","thread":"EthScheduler-Timer-0","class":"FullSyncTargetManager","message":"Unable to find sync target. Currently checking 0 peers for usefulness","throwable":""}
{"timestamp":"2025-07-03T23:10:11,413","container":"fd1bd7073234","level":"INFO","thread":"EthScheduler-Timer-0","class":"FullSyncTargetManager","message":"Unable to find sync target. Currently checking 0 peers for usefulness","throwable":""}
{"timestamp":"2025-07-03T23:10:16,413","container":"fd1bd7073234","level":"INFO","thread":"EthScheduler-Timer-0","class":"FullSyncTargetManager","message":"Unable to find sync target. Currently checking 0 peers for usefulness","throwable":""}
{"timestamp":"2025-07-03T23:10:21,414","container":"fd1bd7073234","level":"INFO","thread":"EthScheduler-Timer-0","class":"FullSyncTargetManager","message":"Unable to find sync target. Currently checking 0 peers for usefulness","throwable":""}
{"timestamp":"2025-07-03T23:10:26,414","container":"fd1bd7073234","level":"INFO","thread":"EthScheduler-Timer-0","class":"FullSyncTargetManager","message":"Unable to find sync target. Currently checking 0 peers for usefulness","throwable":""}
{"timestamp":"2025-07-03T23:10:31,415","container":"fd1bd7073234","level":"INFO","thread":"EthScheduler-Timer-0","class":"FullSyncTargetManager","message":"Unable to find sync target. Currently checking 0 peers for usefulness","throwable":""}
{"timestamp":"2025-07-03T23:10:36,416","container":"fd1bd7073234","level":"INFO","thread":"EthScheduler-Timer-0","class":"FullSyncTargetManager","message":"Unable to find sync target. Currently checking 0 peers for usefulness","throwable":""}
{"timestamp":"2025-07-03T23:10:41,416","container":"fd1bd7073234","level":"INFO","thread":"EthScheduler-Timer-0","class":"FullSyncTargetManager","message":"Unable to find sync target. Currently checking 0 peers for usefulness","throwable":""}
{"timestamp":"2025-07-03T23:10:46,417","container":"fd1bd7073234","level":"INFO","thread":"EthScheduler-Timer-0","class":"FullSyncTargetManager","message":"Unable to find sync target. Currently checking 0 peers for usefulness","throwable":""}
{"timestamp":"2025-07-03T23:10:51,417","container":"fd1bd7073234","level":"INFO","thread":"EthScheduler-Timer-0","class":"FullSyncTargetManager","message":"Unable to find sync target. Currently checking 0 peers for usefulness","throwable":""}
{"timestamp":"2025-07-03T23:10:56,418","container":"fd1bd7073234","level":"INFO","thread":"EthScheduler-Timer-0","class":"FullSyncTargetManager","message":"Unable to find sync target. Currently checking 0 peers for usefulness","throwable":""}
{"timestamp":"2025-07-03T23:11:01,418","container":"fd1bd7073234","level":"INFO","thread":"EthScheduler-Timer-0","class":"FullSyncTargetManager","message":"Unable to find sync target. Currently checking 0 peers for usefulness","throwable":""}
{"timestamp":"2025-07-03T23:11:06,419","container":"fd1bd7073234","level":"INFO","thread":"EthScheduler-Timer-0","class":"FullSyncTargetManager","message":"Unable to find sync target. Currently checking 0 peers for usefulness","throwable":""}
{"timestamp":"2025-07-03T23:11:11,419","container":"fd1bd7073234","level":"INFO","thread":"EthScheduler-Timer-0","class":"FullSyncTargetManager","message":"Unable to find sync target. Currently checking 0 peers for usefulness","throwable":""}
{"timestamp":"2025-07-03T23:11:16,420","container":"fd1bd7073234","level":"INFO","thread":"EthScheduler-Timer-0","class":"FullSyncTargetManager","message":"Unable to find sync target. Currently checking 0 peers for usefulness","throwable":""}
{"timestamp":"2025-07-03T23:11:21,420","container":"fd1bd7073234","level":"INFO","thread":"EthScheduler-Timer-0","class":"FullSyncTargetManager","message":"Unable to find sync target. Currently checking 0 peers for usefulness","throwable":""}
{"timestamp":"2025-07-03T23:11:26,421","container":"fd1bd7073234","level":"INFO","thread":"EthScheduler-Timer-0","class":"FullSyncTargetManager","message":"Unable to find sync target. Currently checking 0 peers for usefulness","throwable":""}
{"timestamp":"2025-07-03T23:11:31,422","container":"fd1bd7073234","level":"INFO","thread":"EthScheduler-Timer-0","class":"FullSyncTargetManager","message":"Unable to find sync target. Currently checking 0 peers for usefulness","throwable":""}
{"timestamp":"2025-07-03T23:11:36,422","container":"fd1bd7073234","level":"INFO","thread":"EthScheduler-Timer-0","class":"FullSyncTargetManager","message":"Unable to find sync target. Currently checking 0 peers for usefulness","throwable":""}
{"timestamp":"2025-07-03T23:11:41,423","container":"fd1bd7073234","level":"INFO","thread":"EthScheduler-Timer-0","class":"FullSyncTargetManager","message":"Unable to find sync target. Currently checking 0 peers for usefulness","throwable":""}
{"timestamp":"2025-07-03T23:11:46,423","container":"fd1bd7073234","level":"INFO","thread":"EthScheduler-Timer-0","class":"FullSyncTargetManager","message":"Unable to find sync target. Currently checking 0 peers for usefulness","throwable":""}
{"timestamp":"2025-07-03T23:11:51,424","container":"fd1bd7073234","level":"INFO","thread":"EthScheduler-Timer-0","class":"FullSyncTargetManager","message":"Unable to find sync target. Currently checking 0 peers for usefulness","throwable":""}
{"timestamp":"2025-07-03T23:11:56,424","container":"fd1bd7073234","level":"INFO","thread":"EthScheduler-Timer-0","class":"FullSyncTargetManager","message":"Unable to find sync target. Currently checking 0 peers for usefulness","throwable":""}
{"timestamp":"2025-07-03T23:12:01,425","container":"fd1bd7073234","level":"INFO","thread":"EthScheduler-Timer-0","class":"FullSyncTargetManager","message":"Unable to find sync target. Currently checking 0 peers for usefulness","throwable":""}
{"timestamp":"2025-07-03T23:12:06,425","container":"fd1bd7073234","level":"INFO","thread":"EthScheduler-Timer-0","class":"FullSyncTargetManager","message":"Unable to find sync target. Currently checking 0 peers for usefulness","throwable":""}
{"timestamp":"2025-07-03T23:12:11,426","container":"fd1bd7073234","level":"INFO","thread":"EthScheduler-Timer-0","class":"FullSyncTargetManager","message":"Unable to find sync target. Currently checking 0 peers for usefulness","throwable":""}
{"timestamp":"2025-07-03T23:12:16,426","container":"fd1bd7073234","level":"INFO","thread":"EthScheduler-Timer-0","class":"FullSyncTargetManager","message":"Unable to find sync target. Currently checking 0 peers for usefulness","throwable":""}
{"timestamp":"2025-07-03T23:12:21,427","container":"fd1bd7073234","level":"INFO","thread":"EthScheduler-Timer-0","class":"FullSyncTargetManager","message":"Unable to find sync target. Currently checking 0 peers for usefulness","throwable":""}
{"timestamp":"2025-07-03T23:12:26,427","container":"fd1bd7073234","level":"INFO","thread":"EthScheduler-Timer-0","class":"FullSyncTargetManager","message":"Unable to find sync target. Currently checking 0 peers for usefulness","throwable":""}
{"timestamp":"2025-07-03T23:12:31,428","container":"fd1bd7073234","level":"INFO","thread":"EthScheduler-Timer-0","class":"FullSyncTargetManager","message":"Unable to find sync target. Currently checking 0 peers for usefulness","throwable":""}
{"timestamp":"2025-07-03T23:12:36,429","container":"fd1bd7073234","level":"INFO","thread":"EthScheduler-Timer-0","class":"FullSyncTargetManager","message":"Unable to find sync target. Currently checking 0 peers for usefulness","throwable":""}
{"timestamp":"2025-07-03T23:12:41,429","container":"fd1bd7073234","level":"INFO","thread":"EthScheduler-Timer-0","class":"FullSyncTargetManager","message":"Unable to find sync target. Currently checking 0 peers for usefulness","throwable":""}
{"timestamp":"2025-07-03T23:12:46,430","container":"fd1bd7073234","level":"INFO","thread":"EthScheduler-Timer-0","class":"FullSyncTargetManager","message":"Unable to find sync target. Currently checking 0 peers for usefulness","throwable":""}
{"timestamp":"2025-07-03T23:12:51,430","container":"fd1bd7073234","level":"INFO","thread":"EthScheduler-Timer-0","class":"FullSyncTargetManager","message":"Unable to find sync target. Currently checking 0 peers for usefulness","throwable":""}
{"timestamp":"2025-07-03T23:12:56,431","container":"fd1bd7073234","level":"INFO","thread":"EthScheduler-Timer-0","class":"FullSyncTargetManager","message":"Unable to find sync target. Currently checking 0 peers for usefulness","throwable":""}
{"timestamp":"2025-07-03T23:13:01,431","container":"fd1bd7073234","level":"INFO","thread":"EthScheduler-Timer-0","class":"FullSyncTargetManager","message":"Unable to find sync target. Currently checking 0 peers for usefulness","throwable":""}
{"timestamp":"2025-07-03T23:13:06,432","container":"fd1bd7073234","level":"INFO","thread":"EthScheduler-Timer-0","class":"FullSyncTargetManager","message":"Unable to find sync target. Currently checking 0 peers for usefulness","throwable":""}
{"timestamp":"2025-07-03T23:13:11,432","container":"fd1bd7073234","level":"INFO","thread":"EthScheduler-Timer-0","class":"FullSyncTargetManager","message":"Unable to find sync target. Currently checking 0 peers for usefulness","throwable":""}
{"timestamp":"2025-07-03T23:13:16,433","container":"fd1bd7073234","level":"INFO","thread":"EthScheduler-Timer-0","class":"FullSyncTargetManager","message":"Unable to find sync target. Currently checking 0 peers for usefulness","throwable":""}
{"timestamp":"2025-07-03T23:13:21,433","container":"fd1bd7073234","level":"INFO","thread":"EthScheduler-Timer-0","class":"FullSyncTargetManager","message":"Unable to find sync target. Currently checking 0 peers for usefulness","throwable":""}
{"timestamp":"2025-07-03T23:13:26,434","container":"fd1bd7073234","level":"INFO","thread":"EthScheduler-Timer-0","class":"FullSyncTargetManager","message":"Unable to find sync target. Currently checking 0 peers for usefulness","throwable":""}
{"timestamp":"2025-07-03T23:13:31,435","container":"fd1bd7073234","level":"INFO","thread":"EthScheduler-Timer-0","class":"FullSyncTargetManager","message":"Unable to find sync target. Currently checking 0 peers for usefulness","throwable":""}
{"timestamp":"2025-07-03T23:13:36,436","container":"fd1bd7073234","level":"INFO","thread":"EthScheduler-Timer-0","class":"FullSyncTargetManager","message":"Unable to find sync target. Currently checking 0 peers for usefulness","throwable":""}
{"timestamp":"2025-07-03T23:13:41,436","container":"fd1bd7073234","level":"INFO","thread":"EthScheduler-Timer-0","class":"FullSyncTargetManager","message":"Unable to find sync target. Currently checking 0 peers for usefulness","throwable":""}
{"timestamp":"2025-07-03T23:13:46,437","container":"fd1bd7073234","level":"INFO","thread":"EthScheduler-Timer-0","class":"FullSyncTargetManager","message":"Unable to find sync target. Currently checking 0 peers for usefulness","throwable":""}
{"timestamp":"2025-07-03T23:13:51,437","container":"fd1bd7073234","level":"INFO","thread":"EthScheduler-Timer-0","class":"FullSyncTargetManager","message":"Unable to find sync target. Currently checking 0 peers for usefulness","throwable":""}
{"timestamp":"2025-07-03T23:13:56,437","container":"fd1bd7073234","level":"INFO","thread":"EthScheduler-Timer-0","class":"FullSyncTargetManager","message":"Unable to find sync target. Currently checking 0 peers for usefulness","throwable":""}
{"timestamp":"2025-07-03T23:14:01,438","container":"fd1bd7073234","level":"INFO","thread":"EthScheduler-Timer-0","class":"FullSyncTargetManager","message":"Unable to find sync target. Currently checking 0 peers for usefulness","throwable":""}
{"timestamp":"2025-07-03T23:14:06,438","container":"fd1bd7073234","level":"INFO","thread":"EthScheduler-Timer-0","class":"FullSyncTargetManager","message":"Unable to find sync target. Currently checking 0 peers for usefulness","throwable":""}
{"timestamp":"2025-07-03T23:14:11,439","container":"fd1bd7073234","level":"INFO","thread":"EthScheduler-Timer-0","class":"FullSyncTargetManager","message":"Unable to find sync target. Currently checking 0 peers for usefulness","throwable":""}
{"timestamp":"2025-07-03T23:14:16,440","container":"fd1bd7073234","level":"INFO","thread":"EthScheduler-Timer-0","class":"FullSyncTargetManager","message":"Unable to find sync target. Currently checking 0 peers for usefulness","throwable":""}
{"timestamp":"2025-07-03T23:14:21,440","container":"fd1bd7073234","level":"INFO","thread":"EthScheduler-Timer-0","class":"FullSyncTargetManager","message":"Unable to find sync target. Currently checking 0 peers for usefulness","throwable":""}
{"timestamp":"2025-07-03T23:14:26,441","container":"fd1bd7073234","level":"INFO","thread":"EthScheduler-Timer-0","class":"FullSyncTargetManager","message":"Unable to find sync target. Currently checking 0 peers for usefulness","throwable":""}
{"timestamp":"2025-07-03T23:14:31,441","container":"fd1bd7073234","level":"INFO","thread":"EthScheduler-Timer-0","class":"FullSyncTargetManager","message":"Unable to find sync target. Currently checking 0 peers for usefulness","throwable":""}
{"timestamp":"2025-07-03T23:14:36,442","container":"fd1bd7073234","level":"INFO","thread":"EthScheduler-Timer-0","class":"FullSyncTargetManager","message":"Unable to find sync target. Currently checking 0 peers for usefulness","throwable":""}
{"timestamp":"2025-07-03T23:14:41,442","container":"fd1bd7073234","level":"INFO","thread":"EthScheduler-Timer-0","class":"FullSyncTargetManager","message":"Unable to find sync target. Currently checking 0 peers for usefulness","throwable":""}
{"timestamp":"2025-07-03T23:14:46,443","container":"fd1bd7073234","level":"INFO","thread":"EthScheduler-Timer-0","class":"FullSyncTargetManager","message":"Unable to find sync target. Currently checking 0 peers for usefulness","throwable":""}
{"timestamp":"2025-07-03T23:14:51,443","container":"fd1bd7073234","level":"INFO","thread":"EthScheduler-Timer-0","class":"FullSyncTargetManager","message":"Unable to find sync target. Currently checking 0 peers for usefulness","throwable":""}
{"timestamp":"2025-07-03T23:14:56,444","container":"fd1bd7073234","level":"INFO","thread":"EthScheduler-Timer-0","class":"FullSyncTargetManager","message":"Unable to find sync target. Currently checking 0 peers for usefulness","throwable":""}
{"timestamp":"2025-07-03T23:15:01,444","container":"fd1bd7073234","level":"INFO","thread":"EthScheduler-Timer-0","class":"FullSyncTargetManager","message":"Unable to find sync target. Currently checking 0 peers for usefulness","throwable":""}
{"timestamp":"2025-07-03T23:15:06,445","container":"fd1bd7073234","level":"INFO","thread":"EthScheduler-Timer-0","class":"FullSyncTargetManager","message":"Unable to find sync target. Currently checking 0 peers for usefulness","throwable":""}
{"timestamp":"2025-07-03T23:15:11,445","container":"fd1bd7073234","level":"INFO","thread":"EthScheduler-Timer-0","class":"FullSyncTargetManager","message":"Unable to find sync target. Currently checking 0 peers for usefulness","throwable":""}
{"timestamp":"2025-07-03T23:15:16,446","container":"fd1bd7073234","level":"INFO","thread":"EthScheduler-Timer-0","class":"FullSyncTargetManager","message":"Unable to find sync target. Currently checking 0 peers for usefulness","throwable":""}
{"timestamp":"2025-07-03T23:15:21,446","container":"fd1bd7073234","level":"INFO","thread":"EthScheduler-Timer-0","class":"FullSyncTargetManager","message":"Unable to find sync target. Currently checking 0 peers for usefulness","throwable":""}
{"timestamp":"2025-07-03T23:15:26,447","container":"fd1bd7073234","level":"INFO","thread":"EthScheduler-Timer-0","class":"FullSyncTargetManager","message":"Unable to find sync target. Currently checking 0 peers for usefulness","throwable":""}
{"timestamp":"2025-07-03T23:15:31,448","container":"fd1bd7073234","level":"INFO","thread":"EthScheduler-Timer-0","class":"FullSyncTargetManager","message":"Unable to find sync target. Currently checking 0 peers for usefulness","throwable":""}
{"timestamp":"2025-07-03T23:15:36,448","container":"fd1bd7073234","level":"INFO","thread":"EthScheduler-Timer-0","class":"FullSyncTargetManager","message":"Unable to find sync target. Currently checking 0 peers for usefulness","throwable":""}
{"timestamp":"2025-07-03T23:15:41,448","container":"fd1bd7073234","level":"INFO","thread":"EthScheduler-Timer-0","class":"FullSyncTargetManager","message":"Unable to find sync target. Currently checking 0 peers for usefulness","throwable":""}
{"timestamp":"2025-07-03T23:15:46,449","container":"fd1bd7073234","level":"INFO","thread":"EthScheduler-Timer-0","class":"FullSyncTargetManager","message":"Unable to find sync target. Currently checking 0 peers for usefulness","throwable":""}
{"timestamp":"2025-07-03T23:15:51,449","container":"fd1bd7073234","level":"INFO","thread":"EthScheduler-Timer-0","class":"FullSyncTargetManager","message":"Unable to find sync target. Currently checking 0 peers for usefulness","throwable":""}
{"timestamp":"2025-07-03T23:15:56,450","container":"fd1bd7073234","level":"INFO","thread":"EthScheduler-Timer-0","class":"FullSyncTargetManager","message":"Unable to find sync target. Currently checking 0 peers for usefulness","throwable":""}
{"timestamp":"2025-07-03T23:16:01,451","container":"fd1bd7073234","level":"INFO","thread":"EthScheduler-Timer-0","class":"FullSyncTargetManager","message":"Unable to find sync target. Currently checking 0 peers for usefulness","throwable":""}
{"timestamp":"2025-07-03T23:16:06,451","container":"fd1bd7073234","level":"INFO","thread":"EthScheduler-Timer-0","class":"FullSyncTargetManager","message":"Unable to find sync target. Currently checking 0 peers for usefulness","throwable":""}
{"timestamp":"2025-07-03T23:16:11,452","container":"fd1bd7073234","level":"INFO","thread":"EthScheduler-Timer-0","class":"FullSyncTargetManager","message":"Unable to find sync target. Currently checking 0 peers for usefulness","throwable":""}
{"timestamp":"2025-07-03T23:16:16,452","container":"fd1bd7073234","level":"INFO","thread":"EthScheduler-Timer-0","class":"FullSyncTargetManager","message":"Unable to find sync target. Currently checking 0 peers for usefulness","throwable":""}
{"timestamp":"2025-07-03T23:16:21,453","container":"fd1bd7073234","level":"INFO","thread":"EthScheduler-Timer-0","class":"FullSyncTargetManager","message":"Unable to find sync target. Currently checking 0 peers for usefulness","throwable":""}
{"timestamp":"2025-07-03T23:16:26,453","container":"fd1bd7073234","level":"INFO","thread":"EthScheduler-Timer-0","class":"FullSyncTargetManager","message":"Unable to find sync target. Currently checking 0 peers for usefulness","throwable":""}
{"timestamp":"2025-07-03T23:16:31,454","container":"fd1bd7073234","level":"INFO","thread":"EthScheduler-Timer-0","class":"FullSyncTargetManager","message":"Unable to find sync target. Currently checking 0 peers for usefulness","throwable":""}
{"timestamp":"2025-07-03T23:16:36,454","container":"fd1bd7073234","level":"INFO","thread":"EthScheduler-Timer-0","class":"FullSyncTargetManager","message":"Unable to find sync target. Currently checking 0 peers for usefulness","throwable":""}
{"timestamp":"2025-07-03T23:16:41,455","container":"fd1bd7073234","level":"INFO","thread":"EthScheduler-Timer-0","class":"FullSyncTargetManager","message":"Unable to find sync target. Currently checking 0 peers for usefulness","throwable":""}
{"timestamp":"2025-07-03T23:16:46,455","container":"fd1bd7073234","level":"INFO","thread":"EthScheduler-Timer-0","class":"FullSyncTargetManager","message":"Unable to find sync target. Currently checking 0 peers for usefulness","throwable":""}
{"timestamp":"2025-07-03T23:16:51,456","container":"fd1bd7073234","level":"INFO","thread":"EthScheduler-Timer-0","class":"FullSyncTargetManager","message":"Unable to find sync target. Currently checking 0 peers for usefulness","throwable":""}
{"timestamp":"2025-07-03T23:16:56,456","container":"fd1bd7073234","level":"INFO","thread":"EthScheduler-Timer-0","class":"FullSyncTargetManager","message":"Unable to find sync target. Currently checking 0 peers for usefulness","throwable":""}
{"timestamp":"2025-07-03T23:17:01,457","container":"fd1bd7073234","level":"INFO","thread":"EthScheduler-Timer-0","class":"FullSyncTargetManager","message":"Unable to find sync target. Currently checking 0 peers for usefulness","throwable":""}
{"timestamp":"2025-07-03T23:17:06,457","container":"fd1bd7073234","level":"INFO","thread":"EthScheduler-Timer-0","class":"FullSyncTargetManager","message":"Unable to find sync target. Currently checking 0 peers for usefulness","throwable":""}
{"timestamp":"2025-07-03T23:17:11,458","container":"fd1bd7073234","level":"INFO","thread":"EthScheduler-Timer-0","class":"FullSyncTargetManager","message":"Unable to find sync target. Currently checking 0 peers for usefulness","throwable":""}
{"timestamp":"2025-07-03T23:17:16,458","container":"fd1bd7073234","level":"INFO","thread":"EthScheduler-Timer-0","class":"FullSyncTargetManager","message":"Unable to find sync target. Currently checking 0 peers for usefulness","throwable":""}
{"timestamp":"2025-07-03T23:17:21,459","container":"fd1bd7073234","level":"INFO","thread":"EthScheduler-Timer-0","class":"FullSyncTargetManager","message":"Unable to find sync target. Currently checking 0 peers for usefulness","throwable":""}
{"timestamp":"2025-07-03T23:17:26,459","container":"fd1bd7073234","level":"INFO","thread":"EthScheduler-Timer-0","class":"FullSyncTargetManager","message":"Unable to find sync target. Currently checking 0 peers for usefulness","throwable":""}
{"timestamp":"2025-07-03T23:17:31,460","container":"fd1bd7073234","level":"INFO","thread":"EthScheduler-Timer-0","class":"FullSyncTargetManager","message":"Unable to find sync target. Currently checking 0 peers for usefulness","throwable":""}
{"timestamp":"2025-07-03T23:17:36,460","container":"fd1bd7073234","level":"INFO","thread":"EthScheduler-Timer-0","class":"FullSyncTargetManager","message":"Unable to find sync target. Currently checking 0 peers for usefulness","throwable":""}
{"timestamp":"2025-07-03T23:17:41,461","container":"fd1bd7073234","level":"INFO","thread":"EthScheduler-Timer-0","class":"FullSyncTargetManager","message":"Unable to find sync target. Currently checking 0 peers for usefulness","throwable":""}
{"timestamp":"2025-07-03T23:17:46,462","container":"fd1bd7073234","level":"INFO","thread":"EthScheduler-Timer-0","class":"FullSyncTargetManager","message":"Unable to find sync target. Currently checking 0 peers for usefulness","throwable":""}
{"timestamp":"2025-07-03T23:17:51,462","container":"fd1bd7073234","level":"INFO","thread":"EthScheduler-Timer-0","class":"FullSyncTargetManager","message":"Unable to find sync target. Currently checking 0 peers for usefulness","throwable":""}
{"timestamp":"2025-07-03T23:17:56,463","container":"fd1bd7073234","level":"INFO","thread":"EthScheduler-Timer-0","class":"FullSyncTargetManager","message":"Unable to find sync target. Currently checking 0 peers for usefulness","throwable":""}
{"timestamp":"2025-07-03T23:18:01,463","container":"fd1bd7073234","level":"INFO","thread":"EthScheduler-Timer-0","class":"FullSyncTargetManager","message":"Unable to find sync target. Currently checking 0 peers for usefulness","throwable":""}
{"timestamp":"2025-07-03T23:18:06,464","container":"fd1bd7073234","level":"INFO","thread":"EthScheduler-Timer-0","class":"FullSyncTargetManager","message":"Unable to find sync target. Currently checking 0 peers for usefulness","throwable":""}
{"timestamp":"2025-07-03T23:18:11,464","container":"fd1bd7073234","level":"INFO","thread":"EthScheduler-Timer-0","class":"FullSyncTargetManager","message":"Unable to find sync target. Currently checking 0 peers for usefulness","throwable":""}
{"timestamp":"2025-07-03T23:18:16,465","container":"fd1bd7073234","level":"INFO","thread":"EthScheduler-Timer-0","class":"FullSyncTargetManager","message":"Unable to find sync target. Currently checking 0 peers for usefulness","throwable":""}
{"timestamp":"2025-07-03T23:18:21,465","container":"fd1bd7073234","level":"INFO","thread":"EthScheduler-Timer-0","class":"FullSyncTargetManager","message":"Unable to find sync target. Currently checking 0 peers for usefulness","throwable":""}
{"timestamp":"2025-07-03T23:18:26,466","container":"fd1bd7073234","level":"INFO","thread":"EthScheduler-Timer-0","class":"FullSyncTargetManager","message":"Unable to find sync target. Currently checking 0 peers for usefulness","throwable":""}
{"timestamp":"2025-07-03T23:18:31,466","container":"fd1bd7073234","level":"INFO","thread":"EthScheduler-Timer-0","class":"FullSyncTargetManager","message":"Unable to find sync target. Currently checking 0 peers for usefulness","throwable":""}
{"timestamp":"2025-07-03T23:18:36,467","container":"fd1bd7073234","level":"INFO","thread":"EthScheduler-Timer-0","class":"FullSyncTargetManager","message":"Unable to find sync target. Currently checking 0 peers for usefulness","throwable":""}
{"timestamp":"2025-07-03T23:18:41,467","container":"fd1bd7073234","level":"INFO","thread":"EthScheduler-Timer-0","class":"FullSyncTargetManager","message":"Unable to find sync target. Currently checking 0 peers for usefulness","throwable":""}
{"timestamp":"2025-07-03T23:18:46,468","container":"fd1bd7073234","level":"INFO","thread":"EthScheduler-Timer-0","class":"FullSyncTargetManager","message":"Unable to find sync target. Currently checking 0 peers for usefulness","throwable":""}
{"timestamp":"2025-07-03T23:18:51,468","container":"fd1bd7073234","level":"INFO","thread":"EthScheduler-Timer-0","class":"FullSyncTargetManager","message":"Unable to find sync target. Currently checking 0 peers for usefulness","throwable":""}
{"timestamp":"2025-07-03T23:18:56,469","container":"fd1bd7073234","level":"INFO","thread":"EthScheduler-Timer-0","class":"FullSyncTargetManager","message":"Unable to find sync target. Currently checking 0 peers for usefulness","throwable":""}
{"timestamp":"2025-07-03T23:19:01,469","container":"fd1bd7073234","level":"INFO","thread":"EthScheduler-Timer-0","class":"FullSyncTargetManager","message":"Unable to find sync target. Currently checking 0 peers for usefulness","throwable":""}
{"timestamp":"2025-07-03T23:19:06,470","container":"fd1bd7073234","level":"INFO","thread":"EthScheduler-Timer-0","class":"FullSyncTargetManager","message":"Unable to find sync target. Currently checking 0 peers for usefulness","throwable":""}
{"timestamp":"2025-07-03T23:19:11,470","container":"fd1bd7073234","level":"INFO","thread":"EthScheduler-Timer-0","class":"FullSyncTargetManager","message":"Unable to find sync target. Currently checking 0 peers for usefulness","throwable":""}
{"timestamp":"2025-07-03T23:19:16,471","container":"fd1bd7073234","level":"INFO","thread":"EthScheduler-Timer-0","class":"FullSyncTargetManager","message":"Unable to find sync target. Currently checking 0 peers for usefulness","throwable":""}
{"timestamp":"2025-07-03T23:19:21,471","container":"fd1bd7073234","level":"INFO","thread":"EthScheduler-Timer-0","class":"FullSyncTargetManager","message":"Unable to find sync target. Currently checking 0 peers for usefulness","throwable":""}
{"timestamp":"2025-07-03T23:19:26,472","container":"fd1bd7073234","level":"INFO","thread":"EthScheduler-Timer-0","class":"FullSyncTargetManager","message":"Unable to find sync target. Currently checking 0 peers for usefulness","throwable":""}
{"timestamp":"2025-07-03T23:19:31,472","container":"fd1bd7073234","level":"INFO","thread":"EthScheduler-Timer-0","class":"FullSyncTargetManager","message":"Unable to find sync target. Currently checking 0 peers for usefulness","throwable":""}
{"timestamp":"2025-07-03T23:19:36,473","container":"fd1bd7073234","level":"INFO","thread":"EthScheduler-Timer-0","class":"FullSyncTargetManager","message":"Unable to find sync target. Currently checking 0 peers for usefulness","throwable":""}
{"timestamp":"2025-07-03T23:19:41,474","container":"fd1bd7073234","level":"INFO","thread":"EthScheduler-Timer-0","class":"FullSyncTargetManager","message":"Unable to find sync target. Currently checking 0 peers for usefulness","throwable":""}
{"timestamp":"2025-07-03T23:19:46,474","container":"fd1bd7073234","level":"INFO","thread":"EthScheduler-Timer-0","class":"FullSyncTargetManager","message":"Unable to find sync target. Currently checking 0 peers for usefulness","throwable":""}
{"timestamp":"2025-07-03T23:19:51,475","container":"fd1bd7073234","level":"INFO","thread":"EthScheduler-Timer-0","class":"FullSyncTargetManager","message":"Unable to find sync target. Currently checking 0 peers for usefulness","throwable":""}
{"timestamp":"2025-07-03T23:19:56,475","container":"fd1bd7073234","level":"INFO","thread":"EthScheduler-Timer-0","class":"FullSyncTargetManager","message":"Unable to find sync target. Currently checking 0 peers for usefulness","throwable":""}
{"timestamp":"2025-07-03T23:20:01,476","container":"fd1bd7073234","level":"INFO","thread":"EthScheduler-Timer-0","class":"FullSyncTargetManager","message":"Unable to find sync target. Currently checking 0 peers for usefulness","throwable":""}
{"timestamp":"2025-07-03T23:20:06,476","container":"fd1bd7073234","level":"INFO","thread":"EthScheduler-Timer-0","class":"FullSyncTargetManager","message":"Unable to find sync target. Currently checking 0 peers for usefulness","throwable":""}
{"timestamp":"2025-07-03T23:20:11,477","container":"fd1bd7073234","level":"INFO","thread":"EthScheduler-Timer-0","class":"FullSyncTargetManager","message":"Unable to find sync target. Currently checking 0 peers for usefulness","throwable":""}
{"timestamp":"2025-07-03T23:20:16,477","container":"fd1bd7073234","level":"INFO","thread":"EthScheduler-Timer-0","class":"FullSyncTargetManager","message":"Unable to find sync target. Currently checking 0 peers for usefulness","throwable":""}
{"timestamp":"2025-07-03T23:20:21,478","container":"fd1bd7073234","level":"INFO","thread":"EthScheduler-Timer-0","class":"FullSyncTargetManager","message":"Unable to find sync target. Currently checking 0 peers for usefulness","throwable":""}
{"timestamp":"2025-07-03T23:20:26,478","container":"fd1bd7073234","level":"INFO","thread":"EthScheduler-Timer-0","class":"FullSyncTargetManager","message":"Unable to find sync target. Currently checking 0 peers for usefulness","throwable":""}
{"timestamp":"2025-07-03T23:20:31,479","container":"fd1bd7073234","level":"INFO","thread":"EthScheduler-Timer-0","class":"FullSyncTargetManager","message":"Unable to find sync target. Currently checking 0 peers for usefulness","throwable":""}
{"timestamp":"2025-07-03T23:20:36,479","container":"fd1bd7073234","level":"INFO","thread":"EthScheduler-Timer-0","class":"FullSyncTargetManager","message":"Unable to find sync target. Currently checking 0 peers for usefulness","throwable":""}
{"timestamp":"2025-07-03T23:20:41,480","container":"fd1bd7073234","level":"INFO","thread":"EthScheduler-Timer-0","class":"FullSyncTargetManager","message":"Unable to find sync target. Currently checking 0 peers for usefulness","throwable":""}
{"timestamp":"2025-07-03T23:20:46,481","container":"fd1bd7073234","level":"INFO","thread":"EthScheduler-Timer-0","class":"FullSyncTargetManager","message":"Unable to find sync target. Currently checking 0 peers for usefulness","throwable":""}
{"timestamp":"2025-07-03T23:20:51,481","container":"fd1bd7073234","level":"INFO","thread":"EthScheduler-Timer-0","class":"FullSyncTargetManager","message":"Unable to find sync target. Currently checking 0 peers for usefulness","throwable":""}
{"timestamp":"2025-07-03T23:20:56,482","container":"fd1bd7073234","level":"INFO","thread":"EthScheduler-Timer-0","class":"FullSyncTargetManager","message":"Unable to find sync target. Currently checking 0 peers for usefulness","throwable":""}
{"timestamp":"2025-07-03T23:21:01,482","container":"fd1bd7073234","level":"INFO","thread":"EthScheduler-Timer-0","class":"FullSyncTargetManager","message":"Unable to find sync target. Currently checking 0 peers for usefulness","throwable":""}
{"timestamp":"2025-07-03T23:21:06,483","container":"fd1bd7073234","level":"INFO","thread":"EthScheduler-Timer-0","class":"FullSyncTargetManager","message":"Unable to find sync target. Currently checking 0 peers for usefulness","throwable":""}
{"timestamp":"2025-07-03T23:21:11,483","container":"fd1bd7073234","level":"INFO","thread":"EthScheduler-Timer-0","class":"FullSyncTargetManager","message":"Unable to find sync target. Currently checking 0 peers for usefulness","throwable":""}
{"timestamp":"2025-07-03T23:21:16,484","container":"fd1bd7073234","level":"INFO","thread":"EthScheduler-Timer-0","class":"FullSyncTargetManager","message":"Unable to find sync target. Currently checking 0 peers for usefulness","throwable":""}
{"timestamp":"2025-07-03T23:21:21,484","container":"fd1bd7073234","level":"INFO","thread":"EthScheduler-Timer-0","class":"FullSyncTargetManager","message":"Unable to find sync target. Currently checking 0 peers for usefulness","throwable":""}
{"timestamp":"2025-07-03T23:21:26,485","container":"fd1bd7073234","level":"INFO","thread":"EthScheduler-Timer-0","class":"FullSyncTargetManager","message":"Unable to find sync target. Currently checking 0 peers for usefulness","throwable":""}
{"timestamp":"2025-07-03T23:21:31,485","container":"fd1bd7073234","level":"INFO","thread":"EthScheduler-Timer-0","class":"FullSyncTargetManager","message":"Unable to find sync target. Currently checking 0 peers for usefulness","throwable":""}
{"timestamp":"2025-07-03T23:21:36,486","container":"fd1bd7073234","level":"INFO","thread":"EthScheduler-Timer-0","class":"FullSyncTargetManager","message":"Unable to find sync target. Currently checking 0 peers for usefulness","throwable":""}
{"timestamp":"2025-07-03T23:21:41,486","container":"fd1bd7073234","level":"INFO","thread":"EthScheduler-Timer-0","class":"FullSyncTargetManager","message":"Unable to find sync target. Currently checking 0 peers for usefulness","throwable":""}
{"timestamp":"2025-07-03T23:21:46,487","container":"fd1bd7073234","level":"INFO","thread":"EthScheduler-Timer-0","class":"FullSyncTargetManager","message":"Unable to find sync target. Currently checking 0 peers for usefulness","throwable":""}
{"timestamp":"2025-07-03T23:21:51,487","container":"fd1bd7073234","level":"INFO","thread":"EthScheduler-Timer-0","class":"FullSyncTargetManager","message":"Unable to find sync target. Currently checking 0 peers for usefulness","throwable":""}
{"timestamp":"2025-07-03T23:21:56,488","container":"fd1bd7073234","level":"INFO","thread":"EthScheduler-Timer-0","class":"FullSyncTargetManager","message":"Unable to find sync target. Currently checking 0 peers for usefulness","throwable":""}
{"timestamp":"2025-07-03T23:22:01,488","container":"fd1bd7073234","level":"INFO","thread":"EthScheduler-Timer-0","class":"FullSyncTargetManager","message":"Unable to find sync target. Currently checking 0 peers for usefulness","throwable":""}
{"timestamp":"2025-07-03T23:22:06,489","container":"fd1bd7073234","level":"INFO","thread":"EthScheduler-Timer-0","class":"FullSyncTargetManager","message":"Unable to find sync target. Currently checking 0 peers for usefulness","throwable":""}
{"timestamp":"2025-07-03T23:22:11,489","container":"fd1bd7073234","level":"INFO","thread":"EthScheduler-Timer-0","class":"FullSyncTargetManager","message":"Unable to find sync target. Currently checking 0 peers for usefulness","throwable":""}
{"timestamp":"2025-07-03T23:22:16,490","container":"fd1bd7073234","level":"INFO","thread":"EthScheduler-Timer-0","class":"FullSyncTargetManager","message":"Unable to find sync target. Currently checking 0 peers for usefulness","throwable":""}
{"timestamp":"2025-07-03T23:22:21,490","container":"fd1bd7073234","level":"INFO","thread":"EthScheduler-Timer-0","class":"FullSyncTargetManager","message":"Unable to find sync target. Currently checking 0 peers for usefulness","throwable":""}
{"timestamp":"2025-07-03T23:22:26,491","container":"fd1bd7073234","level":"INFO","thread":"EthScheduler-Timer-0","class":"FullSyncTargetManager","message":"Unable to find sync target. Currently checking 0 peers for usefulness","throwable":""}
{"timestamp":"2025-07-03T23:22:31,491","container":"fd1bd7073234","level":"INFO","thread":"EthScheduler-Timer-0","class":"FullSyncTargetManager","message":"Unable to find sync target. Currently checking 0 peers for usefulness","throwable":""}
{"timestamp":"2025-07-03T23:22:36,492","container":"fd1bd7073234","level":"INFO","thread":"EthScheduler-Timer-0","class":"FullSyncTargetManager","message":"Unable to find sync target. Currently checking 0 peers for usefulness","throwable":""}
{"timestamp":"2025-07-03T23:22:41,492","container":"fd1bd7073234","level":"INFO","thread":"EthScheduler-Timer-0","class":"FullSyncTargetManager","message":"Unable to find sync target. Currently checking 0 peers for usefulness","throwable":""}
{"timestamp":"2025-07-03T23:22:46,493","container":"fd1bd7073234","level":"INFO","thread":"EthScheduler-Timer-0","class":"FullSyncTargetManager","message":"Unable to find sync target. Currently checking 0 peers for usefulness","throwable":""}
{"timestamp":"2025-07-03T23:22:51,493","container":"fd1bd7073234","level":"INFO","thread":"EthScheduler-Timer-0","class":"FullSyncTargetManager","message":"Unable to find sync target. Currently checking 0 peers for usefulness","throwable":""}
{"timestamp":"2025-07-03T23:22:56,494","container":"fd1bd7073234","level":"INFO","thread":"EthScheduler-Timer-0","class":"FullSyncTargetManager","message":"Unable to find sync target. Currently checking 0 peers for usefulness","throwable":""}
{"timestamp":"2025-07-03T23:23:01,494","container":"fd1bd7073234","level":"INFO","thread":"EthScheduler-Timer-0","class":"FullSyncTargetManager","message":"Unable to find sync target. Currently checking 0 peers for usefulness","throwable":""}
{"timestamp":"2025-07-03T23:23:06,495","container":"fd1bd7073234","level":"INFO","thread":"EthScheduler-Timer-0","class":"FullSyncTargetManager","message":"Unable to find sync target. Currently checking 0 peers for usefulness","throwable":""}
{"timestamp":"2025-07-03T23:23:11,495","container":"fd1bd7073234","level":"INFO","thread":"EthScheduler-Timer-0","class":"FullSyncTargetManager","message":"Unable to find sync target. Currently checking 0 peers for usefulness","throwable":""}
{"timestamp":"2025-07-03T23:23:16,496","container":"fd1bd7073234","level":"INFO","thread":"EthScheduler-Timer-0","class":"FullSyncTargetManager","message":"Unable to find sync target. Currently checking 0 peers for usefulness","throwable":""}
{"timestamp":"2025-07-03T23:23:21,496","container":"fd1bd7073234","level":"INFO","thread":"EthScheduler-Timer-0","class":"FullSyncTargetManager","message":"Unable to find sync target. Currently checking 0 peers for usefulness","throwable":""}
{"timestamp":"2025-07-03T23:23:26,497","container":"fd1bd7073234","level":"INFO","thread":"EthScheduler-Timer-0","class":"FullSyncTargetManager","message":"Unable to find sync target. Currently checking 0 peers for usefulness","throwable":""}
{"timestamp":"2025-07-03T23:23:31,497","container":"fd1bd7073234","level":"INFO","thread":"EthScheduler-Timer-0","class":"FullSyncTargetManager","message":"Unable to find sync target. Currently checking 0 peers for usefulness","throwable":""}
{"timestamp":"2025-07-03T23:23:36,498","container":"fd1bd7073234","level":"INFO","thread":"EthScheduler-Timer-0","class":"FullSyncTargetManager","message":"Unable to find sync target. Currently checking 0 peers for usefulness","throwable":""}
{"timestamp":"2025-07-03T23:23:41,498","container":"fd1bd7073234","level":"INFO","thread":"EthScheduler-Timer-0","class":"FullSyncTargetManager","message":"Unable to find sync target. Currently checking 0 peers for usefulness","throwable":""}
{"timestamp":"2025-07-03T23:23:46,499","container":"fd1bd7073234","level":"INFO","thread":"EthScheduler-Timer-0","class":"FullSyncTargetManager","message":"Unable to find sync target. Currently checking 0 peers for usefulness","throwable":""}
{"timestamp":"2025-07-03T23:23:51,499","container":"fd1bd7073234","level":"INFO","thread":"EthScheduler-Timer-0","class":"FullSyncTargetManager","message":"Unable to find sync target. Currently checking 0 peers for usefulness","throwable":""}
{"timestamp":"2025-07-03T23:23:56,500","container":"fd1bd7073234","level":"INFO","thread":"EthScheduler-Timer-0","class":"FullSyncTargetManager","message":"Unable to find sync target. Currently checking 0 peers for usefulness","throwable":""}
{"timestamp":"2025-07-03T23:24:01,500","container":"fd1bd7073234","level":"INFO","thread":"EthScheduler-Timer-0","class":"FullSyncTargetManager","message":"Unable to find sync target. Currently checking 0 peers for usefulness","throwable":""}
{"timestamp":"2025-07-03T23:24:06,500","container":"fd1bd7073234","level":"INFO","thread":"EthScheduler-Timer-0","class":"FullSyncTargetManager","message":"Unable to find sync target. Currently checking 0 peers for usefulness","throwable":""}
{"timestamp":"2025-07-03T23:24:11,501","container":"fd1bd7073234","level":"INFO","thread":"EthScheduler-Timer-0","class":"FullSyncTargetManager","message":"Unable to find sync target. Currently checking 0 peers for usefulness","throwable":""}
{"timestamp":"2025-07-03T23:24:16,502","container":"fd1bd7073234","level":"INFO","thread":"EthScheduler-Timer-0","class":"FullSyncTargetManager","message":"Unable to find sync target. Currently checking 0 peers for usefulness","throwable":""}
{"timestamp":"2025-07-03T23:24:21,502","container":"fd1bd7073234","level":"INFO","thread":"EthScheduler-Timer-0","class":"FullSyncTargetManager","message":"Unable to find sync target. Currently checking 0 peers for usefulness","throwable":""}
{"timestamp":"2025-07-03T23:24:26,503","container":"fd1bd7073234","level":"INFO","thread":"EthScheduler-Timer-0","class":"FullSyncTargetManager","message":"Unable to find sync target. Currently checking 0 peers for usefulness","throwable":""}
{"timestamp":"2025-07-03T23:24:31,503","container":"fd1bd7073234","level":"INFO","thread":"EthScheduler-Timer-0","class":"FullSyncTargetManager","message":"Unable to find sync target. Currently checking 0 peers for usefulness","throwable":""}
{"timestamp":"2025-07-03T23:24:36,504","container":"fd1bd7073234","level":"INFO","thread":"EthScheduler-Timer-0","class":"FullSyncTargetManager","message":"Unable to find sync target. Currently checking 0 peers for usefulness","throwable":""}
{"timestamp":"2025-07-03T23:24:41,504","container":"fd1bd7073234","level":"INFO","thread":"EthScheduler-Timer-0","class":"FullSyncTargetManager","message":"Unable to find sync target. Currently checking 0 peers for usefulness","throwable":""}
{"timestamp":"2025-07-03T23:24:46,504","container":"fd1bd7073234","level":"INFO","thread":"EthScheduler-Timer-0","class":"FullSyncTargetManager","message":"Unable to find sync target. Currently checking 0 peers for usefulness","throwable":""}
{"timestamp":"2025-07-03T23:24:51,505","container":"fd1bd7073234","level":"INFO","thread":"EthScheduler-Timer-0","class":"FullSyncTargetManager","message":"Unable to find sync target. Currently checking 0 peers for usefulness","throwable":""}
{"timestamp":"2025-07-03T23:24:56,505","container":"fd1bd7073234","level":"INFO","thread":"EthScheduler-Timer-0","class":"FullSyncTargetManager","message":"Unable to find sync target. Currently checking 0 peers for usefulness","throwable":""}
{"timestamp":"2025-07-03T23:25:01,505","container":"fd1bd7073234","level":"INFO","thread":"EthScheduler-Timer-0","class":"FullSyncTargetManager","message":"Unable to find sync target. Currently checking 0 peers for usefulness","throwable":""}
{"timestamp":"2025-07-03T23:25:06,506","container":"fd1bd7073234","level":"INFO","thread":"EthScheduler-Timer-0","class":"FullSyncTargetManager","message":"Unable to find sync target. Currently checking 0 peers for usefulness","throwable":""}
{"timestamp":"2025-07-03T23:25:11,506","container":"fd1bd7073234","level":"INFO","thread":"EthScheduler-Timer-0","class":"FullSyncTargetManager","message":"Unable to find sync target. Currently checking 0 peers for usefulness","throwable":""}
{"timestamp":"2025-07-03T23:25:16,507","container":"fd1bd7073234","level":"INFO","thread":"EthScheduler-Timer-0","class":"FullSyncTargetManager","message":"Unable to find sync target. Currently checking 0 peers for usefulness","throwable":""}
{"timestamp":"2025-07-03T23:25:21,507","container":"fd1bd7073234","level":"INFO","thread":"EthScheduler-Timer-0","class":"FullSyncTargetManager","message":"Unable to find sync target. Currently checking 0 peers for usefulness","throwable":""}
{"timestamp":"2025-07-03T23:25:26,508","container":"fd1bd7073234","level":"INFO","thread":"EthScheduler-Timer-0","class":"FullSyncTargetManager","message":"Unable to find sync target. Currently checking 0 peers for usefulness","throwable":""}
{"timestamp":"2025-07-03T23:25:31,508","container":"fd1bd7073234","level":"INFO","thread":"EthScheduler-Timer-0","class":"FullSyncTargetManager","message":"Unable to find sync target. Currently checking 0 peers for usefulness","throwable":""}
{"timestamp":"2025-07-03T23:25:36,508","container":"fd1bd7073234","level":"INFO","thread":"EthScheduler-Timer-0","class":"FullSyncTargetManager","message":"Unable to find sync target. Currently checking 0 peers for usefulness","throwable":""}
{"timestamp":"2025-07-03T23:25:41,509","container":"fd1bd7073234","level":"INFO","thread":"EthScheduler-Timer-0","class":"FullSyncTargetManager","message":"Unable to find sync target. Currently checking 0 peers for usefulness","throwable":""}
{"timestamp":"2025-07-03T23:25:46,510","container":"fd1bd7073234","level":"INFO","thread":"EthScheduler-Timer-0","class":"FullSyncTargetManager","message":"Unable to find sync target. Currently checking 0 peers for usefulness","throwable":""}
{"timestamp":"2025-07-03T23:25:51,510","container":"fd1bd7073234","level":"INFO","thread":"EthScheduler-Timer-0","class":"FullSyncTargetManager","message":"Unable to find sync target. Currently checking 0 peers for usefulness","throwable":""}
{"timestamp":"2025-07-03T23:25:56,511","container":"fd1bd7073234","level":"INFO","thread":"EthScheduler-Timer-0","class":"FullSyncTargetManager","message":"Unable to find sync target. Currently checking 0 peers for usefulness","throwable":""}
{"timestamp":"2025-07-03T23:26:01,511","container":"fd1bd7073234","level":"INFO","thread":"EthScheduler-Timer-0","class":"FullSyncTargetManager","message":"Unable to find sync target. Currently checking 0 peers for usefulness","throwable":""}
{"timestamp":"2025-07-03T23:26:06,511","container":"fd1bd7073234","level":"INFO","thread":"EthScheduler-Timer-0","class":"FullSyncTargetManager","message":"Unable to find sync target. Currently checking 0 peers for usefulness","throwable":""}
{"timestamp":"2025-07-03T23:26:11,512","container":"fd1bd7073234","level":"INFO","thread":"EthScheduler-Timer-0","class":"FullSyncTargetManager","message":"Unable to find sync target. Currently checking 0 peers for usefulness","throwable":""}
{"timestamp":"2025-07-03T23:26:16,512","container":"fd1bd7073234","level":"INFO","thread":"EthScheduler-Timer-0","class":"FullSyncTargetManager","message":"Unable to find sync target. Currently checking 0 peers for usefulness","throwable":""}
{"timestamp":"2025-07-03T23:26:21,513","container":"fd1bd7073234","level":"INFO","thread":"EthScheduler-Timer-0","class":"FullSyncTargetManager","message":"Unable to find sync target. Currently checking 0 peers for usefulness","throwable":""}
{"timestamp":"2025-07-03T23:26:26,513","container":"fd1bd7073234","level":"INFO","thread":"EthScheduler-Timer-0","class":"FullSyncTargetManager","message":"Unable to find sync target. Currently checking 0 peers for usefulness","throwable":""}
{"timestamp":"2025-07-03T23:26:31,514","container":"fd1bd7073234","level":"INFO","thread":"EthScheduler-Timer-0","class":"FullSyncTargetManager","message":"Unable to find sync target. Currently checking 0 peers for usefulness","throwable":""}
{"timestamp":"2025-07-03T23:26:36,514","container":"fd1bd7073234","level":"INFO","thread":"EthScheduler-Timer-0","class":"FullSyncTargetManager","message":"Unable to find sync target. Currently checking 0 peers for usefulness","throwable":""}
{"timestamp":"2025-07-03T23:26:41,515","container":"fd1bd7073234","level":"INFO","thread":"EthScheduler-Timer-0","class":"FullSyncTargetManager","message":"Unable to find sync target. Currently checking 0 peers for usefulness","throwable":""}
{"timestamp":"2025-07-03T23:26:46,515","container":"fd1bd7073234","level":"INFO","thread":"EthScheduler-Timer-0","class":"FullSyncTargetManager","message":"Unable to find sync target. Currently checking 0 peers for usefulness","throwable":""}
{"timestamp":"2025-07-03T23:26:51,516","container":"fd1bd7073234","level":"INFO","thread":"EthScheduler-Timer-0","class":"FullSyncTargetManager","message":"Unable to find sync target. Currently checking 0 peers for usefulness","throwable":""}
{"timestamp":"2025-07-03T23:26:56,516","container":"fd1bd7073234","level":"INFO","thread":"EthScheduler-Timer-0","class":"FullSyncTargetManager","message":"Unable to find sync target. Currently checking 0 peers for usefulness","throwable":""}
{"timestamp":"2025-07-03T23:27:01,517","container":"fd1bd7073234","level":"INFO","thread":"EthScheduler-Timer-0","class":"FullSyncTargetManager","message":"Unable to find sync target. Currently checking 0 peers for usefulness","throwable":""}
{"timestamp":"2025-07-03T23:27:06,517","container":"fd1bd7073234","level":"INFO","thread":"EthScheduler-Timer-0","class":"FullSyncTargetManager","message":"Unable to find sync target. Currently checking 0 peers for usefulness","throwable":""}
{"timestamp":"2025-07-03T23:27:11,517","container":"fd1bd7073234","level":"INFO","thread":"EthScheduler-Timer-0","class":"FullSyncTargetManager","message":"Unable to find sync target. Currently checking 0 peers for usefulness","throwable":""}
{"timestamp":"2025-07-03T23:27:16,518","container":"fd1bd7073234","level":"INFO","thread":"EthScheduler-Timer-0","class":"FullSyncTargetManager","message":"Unable to find sync target. Currently checking 0 peers for usefulness","throwable":""}
{"timestamp":"2025-07-03T23:27:21,518","container":"fd1bd7073234","level":"INFO","thread":"EthScheduler-Timer-0","class":"FullSyncTargetManager","message":"Unable to find sync target. Currently checking 0 peers for usefulness","throwable":""}
{"timestamp":"2025-07-03T23:27:26,519","container":"fd1bd7073234","level":"INFO","thread":"EthScheduler-Timer-0","class":"FullSyncTargetManager","message":"Unable to find sync target. Currently checking 0 peers for usefulness","throwable":""}
{"timestamp":"2025-07-03T23:27:31,519","container":"fd1bd7073234","level":"INFO","thread":"EthScheduler-Timer-0","class":"FullSyncTargetManager","message":"Unable to find sync target. Currently checking 0 peers for usefulness","throwable":""}
{"timestamp":"2025-07-03T23:27:36,520","container":"fd1bd7073234","level":"INFO","thread":"EthScheduler-Timer-0","class":"FullSyncTargetManager","message":"Unable to find sync target. Currently checking 0 peers for usefulness","throwable":""}
{"timestamp":"2025-07-03T23:27:41,520","container":"fd1bd7073234","level":"INFO","thread":"EthScheduler-Timer-0","class":"FullSyncTargetManager","message":"Unable to find sync target. Currently checking 0 peers for usefulness","throwable":""}
{"timestamp":"2025-07-03T23:27:46,521","container":"fd1bd7073234","level":"INFO","thread":"EthScheduler-Timer-0","class":"FullSyncTargetManager","message":"Unable to find sync target. Currently checking 0 peers for usefulness","throwable":""}
{"timestamp":"2025-07-03T23:27:51,521","container":"fd1bd7073234","level":"INFO","thread":"EthScheduler-Timer-0","class":"FullSyncTargetManager","message":"Unable to find sync target. Currently checking 0 peers for usefulness","throwable":""}
{"timestamp":"2025-07-03T23:27:56,522","container":"fd1bd7073234","level":"INFO","thread":"EthScheduler-Timer-0","class":"FullSyncTargetManager","message":"Unable to find sync target. Currently checking 0 peers for usefulness","throwable":""}
{"timestamp":"2025-07-03T23:28:01,522","container":"fd1bd7073234","level":"INFO","thread":"EthScheduler-Timer-0","class":"FullSyncTargetManager","message":"Unable to find sync target. Currently checking 0 peers for usefulness","throwable":""}
{"timestamp":"2025-07-03T23:28:06,522","container":"fd1bd7073234","level":"INFO","thread":"EthScheduler-Timer-0","class":"FullSyncTargetManager","message":"Unable to find sync target. Currently checking 0 peers for usefulness","throwable":""}
{"timestamp":"2025-07-03T23:28:11,523","container":"fd1bd7073234","level":"INFO","thread":"EthScheduler-Timer-0","class":"FullSyncTargetManager","message":"Unable to find sync target. Currently checking 0 peers for usefulness","throwable":""}
{"timestamp":"2025-07-03T23:28:16,523","container":"fd1bd7073234","level":"INFO","thread":"EthScheduler-Timer-0","class":"FullSyncTargetManager","message":"Unable to find sync target. Currently checking 0 peers for usefulness","throwable":""}
{"timestamp":"2025-07-03T23:28:21,524","container":"fd1bd7073234","level":"INFO","thread":"EthScheduler-Timer-0","class":"FullSyncTargetManager","message":"Unable to find sync target. Currently checking 0 peers for usefulness","throwable":""}
{"timestamp":"2025-07-03T23:28:26,524","container":"fd1bd7073234","level":"INFO","thread":"EthScheduler-Timer-0","class":"FullSyncTargetManager","message":"Unable to find sync target. Currently checking 0 peers for usefulness","throwable":""}
{"timestamp":"2025-07-03T23:28:31,525","container":"fd1bd7073234","level":"INFO","thread":"EthScheduler-Timer-0","class":"FullSyncTargetManager","message":"Unable to find sync target. Currently checking 0 peers for usefulness","throwable":""}
{"timestamp":"2025-07-03T23:28:36,525","container":"fd1bd7073234","level":"INFO","thread":"EthScheduler-Timer-0","class":"FullSyncTargetManager","message":"Unable to find sync target. Currently checking 0 peers for usefulness","throwable":""}
{"timestamp":"2025-07-03T23:28:41,526","container":"fd1bd7073234","level":"INFO","thread":"EthScheduler-Timer-0","class":"FullSyncTargetManager","message":"Unable to find sync target. Currently checking 0 peers for usefulness","throwable":""}
{"timestamp":"2025-07-03T23:28:46,526","container":"fd1bd7073234","level":"INFO","thread":"EthScheduler-Timer-0","class":"FullSyncTargetManager","message":"Unable to find sync target. Currently checking 0 peers for usefulness","throwable":""}
{"timestamp":"2025-07-03T23:28:51,527","container":"fd1bd7073234","level":"INFO","thread":"EthScheduler-Timer-0","class":"FullSyncTargetManager","message":"Unable to find sync target. Currently checking 0 peers for usefulness","throwable":""}
{"timestamp":"2025-07-03T23:28:56,527","container":"fd1bd7073234","level":"INFO","thread":"EthScheduler-Timer-0","class":"FullSyncTargetManager","message":"Unable to find sync target. Currently checking 0 peers for usefulness","throwable":""}
{"timestamp":"2025-07-03T23:29:01,528","container":"fd1bd7073234","level":"INFO","thread":"EthScheduler-Timer-0","class":"FullSyncTargetManager","message":"Unable to find sync target. Currently checking 0 peers for usefulness","throwable":""}
{"timestamp":"2025-07-03T23:29:06,528","container":"fd1bd7073234","level":"INFO","thread":"EthScheduler-Timer-0","class":"FullSyncTargetManager","message":"Unable to find sync target. Currently checking 0 peers for usefulness","throwable":""}
{"timestamp":"2025-07-03T23:29:11,529","container":"fd1bd7073234","level":"INFO","thread":"EthScheduler-Timer-0","class":"FullSyncTargetManager","message":"Unable to find sync target. Currently checking 0 peers for usefulness","throwable":""}
{"timestamp":"2025-07-03T23:29:16,529","container":"fd1bd7073234","level":"INFO","thread":"EthScheduler-Timer-0","class":"FullSyncTargetManager","message":"Unable to find sync target. Currently checking 0 peers for usefulness","throwable":""}
{"timestamp":"2025-07-03T23:29:21,530","container":"fd1bd7073234","level":"INFO","thread":"EthScheduler-Timer-0","class":"FullSyncTargetManager","message":"Unable to find sync target. Currently checking 0 peers for usefulness","throwable":""}
{"timestamp":"2025-07-03T23:29:26,530","container":"fd1bd7073234","level":"INFO","thread":"EthScheduler-Timer-0","class":"FullSyncTargetManager","message":"Unable to find sync target. Currently checking 0 peers for usefulness","throwable":""}
{"timestamp":"2025-07-03T23:29:31,531","container":"fd1bd7073234","level":"INFO","thread":"EthScheduler-Timer-0","class":"FullSyncTargetManager","message":"Unable to find sync target. Currently checking 0 peers for usefulness","throwable":""}
{"timestamp":"2025-07-03T23:29:36,531","container":"fd1bd7073234","level":"INFO","thread":"EthScheduler-Timer-0","class":"FullSyncTargetManager","message":"Unable to find sync target. Currently checking 0 peers for usefulness","throwable":""}
{"timestamp":"2025-07-03T23:29:41,532","container":"fd1bd7073234","level":"INFO","thread":"EthScheduler-Timer-0","class":"FullSyncTargetManager","message":"Unable to find sync target. Currently checking 0 peers for usefulness","throwable":""}
{"timestamp":"2025-07-03T23:29:46,532","container":"fd1bd7073234","level":"INFO","thread":"EthScheduler-Timer-0","class":"FullSyncTargetManager","message":"Unable to find sync target. Currently checking 0 peers for usefulness","throwable":""}
{"timestamp":"2025-07-03T23:29:51,533","container":"fd1bd7073234","level":"INFO","thread":"EthScheduler-Timer-0","class":"FullSyncTargetManager","message":"Unable to find sync target. Currently checking 0 peers for usefulness","throwable":""}
{"timestamp":"2025-07-03T23:29:56,533","container":"fd1bd7073234","level":"INFO","thread":"EthScheduler-Timer-0","class":"FullSyncTargetManager","message":"Unable to find sync target. Currently checking 0 peers for usefulness","throwable":""}
{"timestamp":"2025-07-03T23:30:01,534","container":"fd1bd7073234","level":"INFO","thread":"EthScheduler-Timer-0","class":"FullSyncTargetManager","message":"Unable to find sync target. Currently checking 0 peers for usefulness","throwable":""}
{"timestamp":"2025-07-03T23:30:06,534","container":"fd1bd7073234","level":"INFO","thread":"EthScheduler-Timer-0","class":"FullSyncTargetManager","message":"Unable to find sync target. Currently checking 0 peers for usefulness","throwable":""}
{"timestamp":"2025-07-03T23:30:11,534","container":"fd1bd7073234","level":"INFO","thread":"EthScheduler-Timer-0","class":"FullSyncTargetManager","message":"Unable to find sync target. Currently checking 0 peers for usefulness","throwable":""}
{"timestamp":"2025-07-03T23:30:16,535","container":"fd1bd7073234","level":"INFO","thread":"EthScheduler-Timer-0","class":"FullSyncTargetManager","message":"Unable to find sync target. Currently checking 0 peers for usefulness","throwable":""}
{"timestamp":"2025-07-03T23:30:21,535","container":"fd1bd7073234","level":"INFO","thread":"EthScheduler-Timer-0","class":"FullSyncTargetManager","message":"Unable to find sync target. Currently checking 0 peers for usefulness","throwable":""}
{"timestamp":"2025-07-03T23:30:26,536","container":"fd1bd7073234","level":"INFO","thread":"EthScheduler-Timer-0","class":"FullSyncTargetManager","message":"Unable to find sync target. Currently checking 0 peers for usefulness","throwable":""}
{"timestamp":"2025-07-03T23:30:31,536","container":"fd1bd7073234","level":"INFO","thread":"EthScheduler-Timer-0","class":"FullSyncTargetManager","message":"Unable to find sync target. Currently checking 0 peers for usefulness","throwable":""}
{"timestamp":"2025-07-03T23:30:36,537","container":"fd1bd7073234","level":"INFO","thread":"EthScheduler-Timer-0","class":"FullSyncTargetManager","message":"Unable to find sync target. Currently checking 0 peers for usefulness","throwable":""}
{"timestamp":"2025-07-03T23:30:41,537","container":"fd1bd7073234","level":"INFO","thread":"EthScheduler-Timer-0","class":"FullSyncTargetManager","message":"Unable to find sync target. Currently checking 0 peers for usefulness","throwable":""}
{"timestamp":"2025-07-03T23:30:46,538","container":"fd1bd7073234","level":"INFO","thread":"EthScheduler-Timer-0","class":"FullSyncTargetManager","message":"Unable to find sync target. Currently checking 0 peers for usefulness","throwable":""}
{"timestamp":"2025-07-03T23:30:51,538","container":"fd1bd7073234","level":"INFO","thread":"EthScheduler-Timer-0","class":"FullSyncTargetManager","message":"Unable to find sync target. Currently checking 0 peers for usefulness","throwable":""}
{"timestamp":"2025-07-03T23:30:56,539","container":"fd1bd7073234","level":"INFO","thread":"EthScheduler-Timer-0","class":"FullSyncTargetManager","message":"Unable to find sync target. Currently checking 0 peers for usefulness","throwable":""}
{"timestamp":"2025-07-03T23:31:01,539","container":"fd1bd7073234","level":"INFO","thread":"EthScheduler-Timer-0","class":"FullSyncTargetManager","message":"Unable to find sync target. Currently checking 0 peers for usefulness","throwable":""}
{"timestamp":"2025-07-03T23:31:06,540","container":"fd1bd7073234","level":"INFO","thread":"EthScheduler-Timer-0","class":"FullSyncTargetManager","message":"Unable to find sync target. Currently checking 0 peers for usefulness","throwable":""}
{"timestamp":"2025-07-03T23:31:11,540","container":"fd1bd7073234","level":"INFO","thread":"EthScheduler-Timer-0","class":"FullSyncTargetManager","message":"Unable to find sync target. Currently checking 0 peers for usefulness","throwable":""}
{"timestamp":"2025-07-03T23:31:16,541","container":"fd1bd7073234","level":"INFO","thread":"EthScheduler-Timer-0","class":"FullSyncTargetManager","message":"Unable to find sync target. Currently checking 0 peers for usefulness","throwable":""}
{"timestamp":"2025-07-03T23:31:21,541","container":"fd1bd7073234","level":"INFO","thread":"EthScheduler-Timer-0","class":"FullSyncTargetManager","message":"Unable to find sync target. Currently checking 0 peers for usefulness","throwable":""}
{"timestamp":"2025-07-03T23:31:26,541","container":"fd1bd7073234","level":"INFO","thread":"EthScheduler-Timer-0","class":"FullSyncTargetManager","message":"Unable to find sync target. Currently checking 0 peers for usefulness","throwable":""}
{"timestamp":"2025-07-03T23:31:31,542","container":"fd1bd7073234","level":"INFO","thread":"EthScheduler-Timer-0","class":"FullSyncTargetManager","message":"Unable to find sync target. Currently checking 0 peers for usefulness","throwable":""}
{"timestamp":"2025-07-03T23:31:36,542","container":"fd1bd7073234","level":"INFO","thread":"EthScheduler-Timer-0","class":"FullSyncTargetManager","message":"Unable to find sync target. Currently checking 0 peers for usefulness","throwable":""}
{"timestamp":"2025-07-03T23:31:41,543","container":"fd1bd7073234","level":"INFO","thread":"EthScheduler-Timer-0","class":"FullSyncTargetManager","message":"Unable to find sync target. Currently checking 0 peers for usefulness","throwable":""}
{"timestamp":"2025-07-03T23:31:46,543","container":"fd1bd7073234","level":"INFO","thread":"EthScheduler-Timer-0","class":"FullSyncTargetManager","message":"Unable to find sync target. Currently checking 0 peers for usefulness","throwable":""}
{"timestamp":"2025-07-03T23:31:51,544","container":"fd1bd7073234","level":"INFO","thread":"EthScheduler-Timer-0","class":"FullSyncTargetManager","message":"Unable to find sync target. Currently checking 0 peers for usefulness","throwable":""}
{"timestamp":"2025-07-03T23:31:56,544","container":"fd1bd7073234","level":"INFO","thread":"EthScheduler-Timer-0","class":"FullSyncTargetManager","message":"Unable to find sync target. Currently checking 0 peers for usefulness","throwable":""}
{"timestamp":"2025-07-03T23:32:01,545","container":"fd1bd7073234","level":"INFO","thread":"EthScheduler-Timer-0","class":"FullSyncTargetManager","message":"Unable to find sync target. Currently checking 0 peers for usefulness","throwable":""}
{"timestamp":"2025-07-03T23:32:06,545","container":"fd1bd7073234","level":"INFO","thread":"EthScheduler-Timer-0","class":"FullSyncTargetManager","message":"Unable to find sync target. Currently checking 0 peers for usefulness","throwable":""}
{"timestamp":"2025-07-03T23:32:11,546","container":"fd1bd7073234","level":"INFO","thread":"EthScheduler-Timer-0","class":"FullSyncTargetManager","message":"Unable to find sync target. Currently checking 0 peers for usefulness","throwable":""}
{"timestamp":"2025-07-03T23:32:16,546","container":"fd1bd7073234","level":"INFO","thread":"EthScheduler-Timer-0","class":"FullSyncTargetManager","message":"Unable to find sync target. Currently checking 0 peers for usefulness","throwable":""}
{"timestamp":"2025-07-03T23:32:21,547","container":"fd1bd7073234","level":"INFO","thread":"EthScheduler-Timer-0","class":"FullSyncTargetManager","message":"Unable to find sync target. Currently checking 0 peers for usefulness","throwable":""}
{"timestamp":"2025-07-03T23:32:26,547","container":"fd1bd7073234","level":"INFO","thread":"EthScheduler-Timer-0","class":"FullSyncTargetManager","message":"Unable to find sync target. Currently checking 0 peers for usefulness","throwable":""}
{"timestamp":"2025-07-03T23:32:31,548","container":"fd1bd7073234","level":"INFO","thread":"EthScheduler-Timer-0","class":"FullSyncTargetManager","message":"Unable to find sync target. Currently checking 0 peers for usefulness","throwable":""}
{"timestamp":"2025-07-03T23:32:36,548","container":"fd1bd7073234","level":"INFO","thread":"EthScheduler-Timer-0","class":"FullSyncTargetManager","message":"Unable to find sync target. Currently checking 0 peers for usefulness","throwable":""}
{"timestamp":"2025-07-03T23:32:41,549","container":"fd1bd7073234","level":"INFO","thread":"EthScheduler-Timer-0","class":"FullSyncTargetManager","message":"Unable to find sync target. Currently checking 0 peers for usefulness","throwable":""}
{"timestamp":"2025-07-03T23:32:46,549","container":"fd1bd7073234","level":"INFO","thread":"EthScheduler-Timer-0","class":"FullSyncTargetManager","message":"Unable to find sync target. Currently checking 0 peers for usefulness","throwable":""}
{"timestamp":"2025-07-03T23:32:51,550","container":"fd1bd7073234","level":"INFO","thread":"EthScheduler-Timer-0","class":"FullSyncTargetManager","message":"Unable to find sync target. Currently checking 0 peers for usefulness","throwable":""}
{"timestamp":"2025-07-03T23:32:56,550","container":"fd1bd7073234","level":"INFO","thread":"EthScheduler-Timer-0","class":"FullSyncTargetManager","message":"Unable to find sync target. Currently checking 0 peers for usefulness","throwable":""}
{"timestamp":"2025-07-03T23:33:01,551","container":"fd1bd7073234","level":"INFO","thread":"EthScheduler-Timer-0","class":"FullSyncTargetManager","message":"Unable to find sync target. Currently checking 0 peers for usefulness","throwable":""}
{"timestamp":"2025-07-03T23:33:06,551","container":"fd1bd7073234","level":"INFO","thread":"EthScheduler-Timer-0","class":"FullSyncTargetManager","message":"Unable to find sync target. Currently checking 0 peers for usefulness","throwable":""}
{"timestamp":"2025-07-03T23:33:11,551","container":"fd1bd7073234","level":"INFO","thread":"EthScheduler-Timer-0","class":"FullSyncTargetManager","message":"Unable to find sync target. Currently checking 0 peers for usefulness","throwable":""}
{"timestamp":"2025-07-03T23:33:16,552","container":"fd1bd7073234","level":"INFO","thread":"EthScheduler-Timer-0","class":"FullSyncTargetManager","message":"Unable to find sync target. Currently checking 0 peers for usefulness","throwable":""}
{"timestamp":"2025-07-03T23:33:21,552","container":"fd1bd7073234","level":"INFO","thread":"EthScheduler-Timer-0","class":"FullSyncTargetManager","message":"Unable to find sync target. Currently checking 0 peers for usefulness","throwable":""}
{"timestamp":"2025-07-03T23:33:26,553","container":"fd1bd7073234","level":"INFO","thread":"EthScheduler-Timer-0","class":"FullSyncTargetManager","message":"Unable to find sync target. Currently checking 0 peers for usefulness","throwable":""}
{"timestamp":"2025-07-03T23:33:31,553","container":"fd1bd7073234","level":"INFO","thread":"EthScheduler-Timer-0","class":"FullSyncTargetManager","message":"Unable to find sync target. Currently checking 0 peers for usefulness","throwable":""}
{"timestamp":"2025-07-03T23:33:36,554","container":"fd1bd7073234","level":"INFO","thread":"EthScheduler-Timer-0","class":"FullSyncTargetManager","message":"Unable to find sync target. Currently checking 0 peers for usefulness","throwable":""}
{"timestamp":"2025-07-03T23:33:41,554","container":"fd1bd7073234","level":"INFO","thread":"EthScheduler-Timer-0","class":"FullSyncTargetManager","message":"Unable to find sync target. Currently checking 0 peers for usefulness","throwable":""}
{"timestamp":"2025-07-03T23:33:46,555","container":"fd1bd7073234","level":"INFO","thread":"EthScheduler-Timer-0","class":"FullSyncTargetManager","message":"Unable to find sync target. Currently checking 0 peers for usefulness","throwable":""}
{"timestamp":"2025-07-03T23:33:51,555","container":"fd1bd7073234","level":"INFO","thread":"EthScheduler-Timer-0","class":"FullSyncTargetManager","message":"Unable to find sync target. Currently checking 0 peers for usefulness","throwable":""}
{"timestamp":"2025-07-03T23:33:56,556","container":"fd1bd7073234","level":"INFO","thread":"EthScheduler-Timer-0","class":"FullSyncTargetManager","message":"Unable to find sync target. Currently checking 0 peers for usefulness","throwable":""}
{"timestamp":"2025-07-03T23:34:01,556","container":"fd1bd7073234","level":"INFO","thread":"EthScheduler-Timer-0","class":"FullSyncTargetManager","message":"Unable to find sync target. Currently checking 0 peers for usefulness","throwable":""}
{"timestamp":"2025-07-03T23:34:06,557","container":"fd1bd7073234","level":"INFO","thread":"EthScheduler-Timer-0","class":"FullSyncTargetManager","message":"Unable to find sync target. Currently checking 0 peers for usefulness","throwable":""}
{"timestamp":"2025-07-03T23:34:11,557","container":"fd1bd7073234","level":"INFO","thread":"EthScheduler-Timer-0","class":"FullSyncTargetManager","message":"Unable to find sync target. Currently checking 0 peers for usefulness","throwable":""}
{"timestamp":"2025-07-03T23:34:16,558","container":"fd1bd7073234","level":"INFO","thread":"EthScheduler-Timer-0","class":"FullSyncTargetManager","message":"Unable to find sync target. Currently checking 0 peers for usefulness","throwable":""}
{"timestamp":"2025-07-03T23:34:21,558","container":"fd1bd7073234","level":"INFO","thread":"EthScheduler-Timer-0","class":"FullSyncTargetManager","message":"Unable to find sync target. Currently checking 0 peers for usefulness","throwable":""}
{"timestamp":"2025-07-03T23:34:26,558","container":"fd1bd7073234","level":"INFO","thread":"EthScheduler-Timer-0","class":"FullSyncTargetManager","message":"Unable to find sync target. Currently checking 0 peers for usefulness","throwable":""}
{"timestamp":"2025-07-03T23:34:31,559","container":"fd1bd7073234","level":"INFO","thread":"EthScheduler-Timer-0","class":"FullSyncTargetManager","message":"Unable to find sync target. Currently checking 0 peers for usefulness","throwable":""}
{"timestamp":"2025-07-03T23:34:36,559","container":"fd1bd7073234","level":"INFO","thread":"EthScheduler-Timer-0","class":"FullSyncTargetManager","message":"Unable to find sync target. Currently checking 0 peers for usefulness","throwable":""}
{"timestamp":"2025-07-03T23:34:41,560","container":"fd1bd7073234","level":"INFO","thread":"EthScheduler-Timer-0","class":"FullSyncTargetManager","message":"Unable to find sync target. Currently checking 0 peers for usefulness","throwable":""}
{"timestamp":"2025-07-03T23:34:46,560","container":"fd1bd7073234","level":"INFO","thread":"EthScheduler-Timer-0","class":"FullSyncTargetManager","message":"Unable to find sync target. Currently checking 0 peers for usefulness","throwable":""}
{"timestamp":"2025-07-03T23:34:51,561","container":"fd1bd7073234","level":"INFO","thread":"EthScheduler-Timer-0","class":"FullSyncTargetManager","message":"Unable to find sync target. Currently checking 0 peers for usefulness","throwable":""}
{"timestamp":"2025-07-03T23:34:56,561","container":"fd1bd7073234","level":"INFO","thread":"EthScheduler-Timer-0","class":"FullSyncTargetManager","message":"Unable to find sync target. Currently checking 0 peers for usefulness","throwable":""}
{"timestamp":"2025-07-03T23:35:01,562","container":"fd1bd7073234","level":"INFO","thread":"EthScheduler-Timer-0","class":"FullSyncTargetManager","message":"Unable to find sync target. Currently checking 0 peers for usefulness","throwable":""}
{"timestamp":"2025-07-03T23:35:06,562","container":"fd1bd7073234","level":"INFO","thread":"EthScheduler-Timer-0","class":"FullSyncTargetManager","message":"Unable to find sync target. Currently checking 0 peers for usefulness","throwable":""}
{"timestamp":"2025-07-03T23:35:11,563","container":"fd1bd7073234","level":"INFO","thread":"EthScheduler-Timer-0","class":"FullSyncTargetManager","message":"Unable to find sync target. Currently checking 0 peers for usefulness","throwable":""}
{"timestamp":"2025-07-03T23:35:16,563","container":"fd1bd7073234","level":"INFO","thread":"EthScheduler-Timer-0","class":"FullSyncTargetManager","message":"Unable to find sync target. Currently checking 0 peers for usefulness","throwable":""}
{"timestamp":"2025-07-03T23:35:21,564","container":"fd1bd7073234","level":"INFO","thread":"EthScheduler-Timer-0","class":"FullSyncTargetManager","message":"Unable to find sync target. Currently checking 0 peers for usefulness","throwable":""}
{"timestamp":"2025-07-03T23:35:26,564","container":"fd1bd7073234","level":"INFO","thread":"EthScheduler-Timer-0","class":"FullSyncTargetManager","message":"Unable to find sync target. Currently checking 0 peers for usefulness","throwable":""}
{"timestamp":"2025-07-03T23:35:31,565","container":"fd1bd7073234","level":"INFO","thread":"EthScheduler-Timer-0","class":"FullSyncTargetManager","message":"Unable to find sync target. Currently checking 0 peers for usefulness","throwable":""}
{"timestamp":"2025-07-03T23:35:36,565","container":"fd1bd7073234","level":"INFO","thread":"EthScheduler-Timer-0","class":"FullSyncTargetManager","message":"Unable to find sync target. Currently checking 0 peers for usefulness","throwable":""}
{"timestamp":"2025-07-03T23:35:41,566","container":"fd1bd7073234","level":"INFO","thread":"EthScheduler-Timer-0","class":"FullSyncTargetManager","message":"Unable to find sync target. Currently checking 0 peers for usefulness","throwable":""}
{"timestamp":"2025-07-03T23:35:46,566","container":"fd1bd7073234","level":"INFO","thread":"EthScheduler-Timer-0","class":"FullSyncTargetManager","message":"Unable to find sync target. Currently checking 0 peers for usefulness","throwable":""}
{"timestamp":"2025-07-03T23:35:51,567","container":"fd1bd7073234","level":"INFO","thread":"EthScheduler-Timer-0","class":"FullSyncTargetManager","message":"Unable to find sync target. Currently checking 0 peers for usefulness","throwable":""}
{"timestamp":"2025-07-03T23:35:56,567","container":"fd1bd7073234","level":"INFO","thread":"EthScheduler-Timer-0","class":"FullSyncTargetManager","message":"Unable to find sync target. Currently checking 0 peers for usefulness","throwable":""}
{"timestamp":"2025-07-03T23:36:01,568","container":"fd1bd7073234","level":"INFO","thread":"EthScheduler-Timer-0","class":"FullSyncTargetManager","message":"Unable to find sync target. Currently checking 0 peers for usefulness","throwable":""}
{"timestamp":"2025-07-03T23:36:06,568","container":"fd1bd7073234","level":"INFO","thread":"EthScheduler-Timer-0","class":"FullSyncTargetManager","message":"Unable to find sync target. Currently checking 0 peers for usefulness","throwable":""}
{"timestamp":"2025-07-03T23:36:11,568","container":"fd1bd7073234","level":"INFO","thread":"EthScheduler-Timer-0","class":"FullSyncTargetManager","message":"Unable to find sync target. Currently checking 0 peers for usefulness","throwable":""}
{"timestamp":"2025-07-03T23:36:16,569","container":"fd1bd7073234","level":"INFO","thread":"EthScheduler-Timer-0","class":"FullSyncTargetManager","message":"Unable to find sync target. Currently checking 0 peers for usefulness","throwable":""}
{"timestamp":"2025-07-03T23:36:21,569","container":"fd1bd7073234","level":"INFO","thread":"EthScheduler-Timer-0","class":"FullSyncTargetManager","message":"Unable to find sync target. Currently checking 0 peers for usefulness","throwable":""}
{"timestamp":"2025-07-03T23:36:26,574","container":"fd1bd7073234","level":"INFO","thread":"EthScheduler-Timer-0","class":"FullSyncTargetManager","message":"Unable to find sync target. Currently checking 0 peers for usefulness","throwable":""}
{"timestamp":"2025-07-03T23:36:31,575","container":"fd1bd7073234","level":"INFO","thread":"EthScheduler-Timer-0","class":"FullSyncTargetManager","message":"Unable to find sync target. Currently checking 0 peers for usefulness","throwable":""}
{"timestamp":"2025-07-03T23:36:36,575","container":"fd1bd7073234","level":"INFO","thread":"EthScheduler-Timer-0","class":"FullSyncTargetManager","message":"Unable to find sync target. Currently checking 0 peers for usefulness","throwable":""}
{"timestamp":"2025-07-03T23:36:41,575","container":"fd1bd7073234","level":"INFO","thread":"EthScheduler-Timer-0","class":"FullSyncTargetManager","message":"Unable to find sync target. Currently checking 0 peers for usefulness","throwable":""}
{"timestamp":"2025-07-03T23:36:46,576","container":"fd1bd7073234","level":"INFO","thread":"EthScheduler-Timer-0","class":"FullSyncTargetManager","message":"Unable to find sync target. Currently checking 0 peers for usefulness","throwable":""}
{"timestamp":"2025-07-03T23:36:51,576","container":"fd1bd7073234","level":"INFO","thread":"EthScheduler-Timer-0","class":"FullSyncTargetManager","message":"Unable to find sync target. Currently checking 0 peers for usefulness","throwable":""}
{"timestamp":"2025-07-03T23:36:56,577","container":"fd1bd7073234","level":"INFO","thread":"EthScheduler-Timer-0","class":"FullSyncTargetManager","message":"Unable to find sync target. Currently checking 0 peers for usefulness","throwable":""}
{"timestamp":"2025-07-03T23:37:01,577","container":"fd1bd7073234","level":"INFO","thread":"EthScheduler-Timer-0","class":"FullSyncTargetManager","message":"Unable to find sync target. Currently checking 0 peers for usefulness","throwable":""}
{"timestamp":"2025-07-03T23:37:06,578","container":"fd1bd7073234","level":"INFO","thread":"EthScheduler-Timer-0","class":"FullSyncTargetManager","message":"Unable to find sync target. Currently checking 0 peers for usefulness","throwable":""}
{"timestamp":"2025-07-03T23:37:11,578","container":"fd1bd7073234","level":"INFO","thread":"EthScheduler-Timer-0","class":"FullSyncTargetManager","message":"Unable to find sync target. Currently checking 0 peers for usefulness","throwable":""}
{"timestamp":"2025-07-03T23:37:16,579","container":"fd1bd7073234","level":"INFO","thread":"EthScheduler-Timer-0","class":"FullSyncTargetManager","message":"Unable to find sync target. Currently checking 0 peers for usefulness","throwable":""}
{"timestamp":"2025-07-03T23:37:21,579","container":"fd1bd7073234","level":"INFO","thread":"EthScheduler-Timer-0","class":"FullSyncTargetManager","message":"Unable to find sync target. Currently checking 0 peers for usefulness","throwable":""}
{"timestamp":"2025-07-03T23:37:26,580","container":"fd1bd7073234","level":"INFO","thread":"EthScheduler-Timer-0","class":"FullSyncTargetManager","message":"Unable to find sync target. Currently checking 0 peers for usefulness","throwable":""}
{"timestamp":"2025-07-03T23:37:31,580","container":"fd1bd7073234","level":"INFO","thread":"EthScheduler-Timer-0","class":"FullSyncTargetManager","message":"Unable to find sync target. Currently checking 0 peers for usefulness","throwable":""}
{"timestamp":"2025-07-03T23:37:36,581","container":"fd1bd7073234","level":"INFO","thread":"EthScheduler-Timer-0","class":"FullSyncTargetManager","message":"Unable to find sync target. Currently checking 0 peers for usefulness","throwable":""}
{"timestamp":"2025-07-03T23:37:41,581","container":"fd1bd7073234","level":"INFO","thread":"EthScheduler-Timer-0","class":"FullSyncTargetManager","message":"Unable to find sync target. Currently checking 0 peers for usefulness","throwable":""}
{"timestamp":"2025-07-03T23:37:46,582","container":"fd1bd7073234","level":"INFO","thread":"EthScheduler-Timer-0","class":"FullSyncTargetManager","message":"Unable to find sync target. Currently checking 0 peers for usefulness","throwable":""}
{"timestamp":"2025-07-03T23:37:51,582","container":"fd1bd7073234","level":"INFO","thread":"EthScheduler-Timer-0","class":"FullSyncTargetManager","message":"Unable to find sync target. Currently checking 0 peers for usefulness","throwable":""}
{"timestamp":"2025-07-03T23:37:56,583","container":"fd1bd7073234","level":"INFO","thread":"EthScheduler-Timer-0","class":"FullSyncTargetManager","message":"Unable to find sync target. Currently checking 0 peers for usefulness","throwable":""}
{"timestamp":"2025-07-03T23:38:01,583","container":"fd1bd7073234","level":"INFO","thread":"EthScheduler-Timer-0","class":"FullSyncTargetManager","message":"Unable to find sync target. Currently checking 0 peers for usefulness","throwable":""}
{"timestamp":"2025-07-03T23:38:06,583","container":"fd1bd7073234","level":"INFO","thread":"EthScheduler-Timer-0","class":"FullSyncTargetManager","message":"Unable to find sync target. Currently checking 0 peers for usefulness","throwable":""}
{"timestamp":"2025-07-03T23:38:11,584","container":"fd1bd7073234","level":"INFO","thread":"EthScheduler-Timer-0","class":"FullSyncTargetManager","message":"Unable to find sync target. Currently checking 0 peers for usefulness","throwable":""}
{"timestamp":"2025-07-03T23:38:16,584","container":"fd1bd7073234","level":"INFO","thread":"EthScheduler-Timer-0","class":"FullSyncTargetManager","message":"Unable to find sync target. Currently checking 0 peers for usefulness","throwable":""}
{"timestamp":"2025-07-03T23:38:21,585","container":"fd1bd7073234","level":"INFO","thread":"EthScheduler-Timer-0","class":"FullSyncTargetManager","message":"Unable to find sync target. Currently checking 0 peers for usefulness","throwable":""}
{"timestamp":"2025-07-03T23:38:26,585","container":"fd1bd7073234","level":"INFO","thread":"EthScheduler-Timer-0","class":"FullSyncTargetManager","message":"Unable to find sync target. Currently checking 0 peers for usefulness","throwable":""}
{"timestamp":"2025-07-03T23:38:31,586","container":"fd1bd7073234","level":"INFO","thread":"EthScheduler-Timer-0","class":"FullSyncTargetManager","message":"Unable to find sync target. Currently checking 0 peers for usefulness","throwable":""}
{"timestamp":"2025-07-03T23:38:36,586","container":"fd1bd7073234","level":"INFO","thread":"EthScheduler-Timer-0","class":"FullSyncTargetManager","message":"Unable to find sync target. Currently checking 0 peers for usefulness","throwable":""}
{"timestamp":"2025-07-03T23:38:41,587","container":"fd1bd7073234","level":"INFO","thread":"EthScheduler-Timer-0","class":"FullSyncTargetManager","message":"Unable to find sync target. Currently checking 0 peers for usefulness","throwable":""}
{"timestamp":"2025-07-03T23:38:46,587","container":"fd1bd7073234","level":"INFO","thread":"EthScheduler-Timer-0","class":"FullSyncTargetManager","message":"Unable to find sync target. Currently checking 0 peers for usefulness","throwable":""}
{"timestamp":"2025-07-03T23:38:51,588","container":"fd1bd7073234","level":"INFO","thread":"EthScheduler-Timer-0","class":"FullSyncTargetManager","message":"Unable to find sync target. Currently checking 0 peers for usefulness","throwable":""}
{"timestamp":"2025-07-03T23:38:56,588","container":"fd1bd7073234","level":"INFO","thread":"EthScheduler-Timer-0","class":"FullSyncTargetManager","message":"Unable to find sync target. Currently checking 0 peers for usefulness","throwable":""}
{"timestamp":"2025-07-03T23:39:01,589","container":"fd1bd7073234","level":"INFO","thread":"EthScheduler-Timer-0","class":"FullSyncTargetManager","message":"Unable to find sync target. Currently checking 0 peers for usefulness","throwable":""}
{"timestamp":"2025-07-03T23:39:06,589","container":"fd1bd7073234","level":"INFO","thread":"EthScheduler-Timer-0","class":"FullSyncTargetManager","message":"Unable to find sync target. Currently checking 0 peers for usefulness","throwable":""}
{"timestamp":"2025-07-03T23:39:11,589","container":"fd1bd7073234","level":"INFO","thread":"EthScheduler-Timer-0","class":"FullSyncTargetManager","message":"Unable to find sync target. Currently checking 0 peers for usefulness","throwable":""}
{"timestamp":"2025-07-03T23:39:16,590","container":"fd1bd7073234","level":"INFO","thread":"EthScheduler-Timer-0","class":"FullSyncTargetManager","message":"Unable to find sync target. Currently checking 0 peers for usefulness","throwable":""}
{"timestamp":"2025-07-03T23:39:21,590","container":"fd1bd7073234","level":"INFO","thread":"EthScheduler-Timer-0","class":"FullSyncTargetManager","message":"Unable to find sync target. Currently checking 0 peers for usefulness","throwable":""}
{"timestamp":"2025-07-03T23:39:26,591","container":"fd1bd7073234","level":"INFO","thread":"EthScheduler-Timer-0","class":"FullSyncTargetManager","message":"Unable to find sync target. Currently checking 0 peers for usefulness","throwable":""}
{"timestamp":"2025-07-03T23:39:31,591","container":"fd1bd7073234","level":"INFO","thread":"EthScheduler-Timer-0","class":"FullSyncTargetManager","message":"Unable to find sync target. Currently checking 0 peers for usefulness","throwable":""}
{"timestamp":"2025-07-03T23:39:36,592","container":"fd1bd7073234","level":"INFO","thread":"EthScheduler-Timer-0","class":"FullSyncTargetManager","message":"Unable to find sync target. Currently checking 0 peers for usefulness","throwable":""}
{"timestamp":"2025-07-03T23:39:41,592","container":"fd1bd7073234","level":"INFO","thread":"EthScheduler-Timer-0","class":"FullSyncTargetManager","message":"Unable to find sync target. Currently checking 0 peers for usefulness","throwable":""}
{"timestamp":"2025-07-03T23:39:46,592","container":"fd1bd7073234","level":"INFO","thread":"EthScheduler-Timer-0","class":"FullSyncTargetManager","message":"Unable to find sync target. Currently checking 0 peers for usefulness","throwable":""}
{"timestamp":"2025-07-03T23:39:51,593","container":"fd1bd7073234","level":"INFO","thread":"EthScheduler-Timer-0","class":"FullSyncTargetManager","message":"Unable to find sync target. Currently checking 0 peers for usefulness","throwable":""}
{"timestamp":"2025-07-03T23:39:56,593","container":"fd1bd7073234","level":"INFO","thread":"EthScheduler-Timer-0","class":"FullSyncTargetManager","message":"Unable to find sync target. Currently checking 0 peers for usefulness","throwable":""}
{"timestamp":"2025-07-03T23:40:01,594","container":"fd1bd7073234","level":"INFO","thread":"EthScheduler-Timer-0","class":"FullSyncTargetManager","message":"Unable to find sync target. Currently checking 0 peers for usefulness","throwable":""}
{"timestamp":"2025-07-03T23:40:06,594","container":"fd1bd7073234","level":"INFO","thread":"EthScheduler-Timer-0","class":"FullSyncTargetManager","message":"Unable to find sync target. Currently checking 0 peers for usefulness","throwable":""}
{"timestamp":"2025-07-03T23:40:11,595","container":"fd1bd7073234","level":"INFO","thread":"EthScheduler-Timer-0","class":"FullSyncTargetManager","message":"Unable to find sync target. Currently checking 0 peers for usefulness","throwable":""}
{"timestamp":"2025-07-03T23:40:16,595","container":"fd1bd7073234","level":"INFO","thread":"EthScheduler-Timer-0","class":"FullSyncTargetManager","message":"Unable to find sync target. Currently checking 0 peers for usefulness","throwable":""}
{"timestamp":"2025-07-03T23:40:21,596","container":"fd1bd7073234","level":"INFO","thread":"EthScheduler-Timer-0","class":"FullSyncTargetManager","message":"Unable to find sync target. Currently checking 0 peers for usefulness","throwable":""}
{"timestamp":"2025-07-03T23:40:26,596","container":"fd1bd7073234","level":"INFO","thread":"EthScheduler-Timer-0","class":"FullSyncTargetManager","message":"Unable to find sync target. Currently checking 0 peers for usefulness","throwable":""}
{"timestamp":"2025-07-03T23:40:31,597","container":"fd1bd7073234","level":"INFO","thread":"EthScheduler-Timer-0","class":"FullSyncTargetManager","message":"Unable to find sync target. Currently checking 0 peers for usefulness","throwable":""}
{"timestamp":"2025-07-03T23:40:36,597","container":"fd1bd7073234","level":"INFO","thread":"EthScheduler-Timer-0","class":"FullSyncTargetManager","message":"Unable to find sync target. Currently checking 0 peers for usefulness","throwable":""}
{"timestamp":"2025-07-03T23:40:41,598","container":"fd1bd7073234","level":"INFO","thread":"EthScheduler-Timer-0","class":"FullSyncTargetManager","message":"Unable to find sync target. Currently checking 0 peers for usefulness","throwable":""}
{"timestamp":"2025-07-03T23:40:46,598","container":"fd1bd7073234","level":"INFO","thread":"EthScheduler-Timer-0","class":"FullSyncTargetManager","message":"Unable to find sync target. Currently checking 0 peers for usefulness","throwable":""}
{"timestamp":"2025-07-03T23:40:51,599","container":"fd1bd7073234","level":"INFO","thread":"EthScheduler-Timer-0","class":"FullSyncTargetManager","message":"Unable to find sync target. Currently checking 0 peers for usefulness","throwable":""}
{"timestamp":"2025-07-03T23:40:56,599","container":"fd1bd7073234","level":"INFO","thread":"EthScheduler-Timer-0","class":"FullSyncTargetManager","message":"Unable to find sync target. Currently checking 0 peers for usefulness","throwable":""}
{"timestamp":"2025-07-03T23:41:01,600","container":"fd1bd7073234","level":"INFO","thread":"EthScheduler-Timer-0","class":"FullSyncTargetManager","message":"Unable to find sync target. Currently checking 0 peers for usefulness","throwable":""}
{"timestamp":"2025-07-03T23:41:06,600","container":"fd1bd7073234","level":"INFO","thread":"EthScheduler-Timer-0","class":"FullSyncTargetManager","message":"Unable to find sync target. Currently checking 0 peers for usefulness","throwable":""}
{"timestamp":"2025-07-03T23:41:11,600","container":"fd1bd7073234","level":"INFO","thread":"EthScheduler-Timer-0","class":"FullSyncTargetManager","message":"Unable to find sync target. Currently checking 0 peers for usefulness","throwable":""}
{"timestamp":"2025-07-03T23:41:16,601","container":"fd1bd7073234","level":"INFO","thread":"EthScheduler-Timer-0","class":"FullSyncTargetManager","message":"Unable to find sync target. Currently checking 0 peers for usefulness","throwable":""}
{"timestamp":"2025-07-03T23:41:21,601","container":"fd1bd7073234","level":"INFO","thread":"EthScheduler-Timer-0","class":"FullSyncTargetManager","message":"Unable to find sync target. Currently checking 0 peers for usefulness","throwable":""}
{"timestamp":"2025-07-03T23:41:26,602","container":"fd1bd7073234","level":"INFO","thread":"EthScheduler-Timer-0","class":"FullSyncTargetManager","message":"Unable to find sync target. Currently checking 0 peers for usefulness","throwable":""}
{"timestamp":"2025-07-03T23:41:31,602","container":"fd1bd7073234","level":"INFO","thread":"EthScheduler-Timer-0","class":"FullSyncTargetManager","message":"Unable to find sync target. Currently checking 0 peers for usefulness","throwable":""}
{"timestamp":"2025-07-03T23:41:36,603","container":"fd1bd7073234","level":"INFO","thread":"EthScheduler-Timer-0","class":"FullSyncTargetManager","message":"Unable to find sync target. Currently checking 0 peers for usefulness","throwable":""}
{"timestamp":"2025-07-03T23:41:41,603","container":"fd1bd7073234","level":"INFO","thread":"EthScheduler-Timer-0","class":"FullSyncTargetManager","message":"Unable to find sync target. Currently checking 0 peers for usefulness","throwable":""}
{"timestamp":"2025-07-03T23:41:46,604","container":"fd1bd7073234","level":"INFO","thread":"EthScheduler-Timer-0","class":"FullSyncTargetManager","message":"Unable to find sync target. Currently checking 0 peers for usefulness","throwable":""}
{"timestamp":"2025-07-03T23:41:51,604","container":"fd1bd7073234","level":"INFO","thread":"EthScheduler-Timer-0","class":"FullSyncTargetManager","message":"Unable to find sync target. Currently checking 0 peers for usefulness","throwable":""}
{"timestamp":"2025-07-03T23:41:56,605","container":"fd1bd7073234","level":"INFO","thread":"EthScheduler-Timer-0","class":"FullSyncTargetManager","message":"Unable to find sync target. Currently checking 0 peers for usefulness","throwable":""}
{"timestamp":"2025-07-03T23:42:01,605","container":"fd1bd7073234","level":"INFO","thread":"EthScheduler-Timer-0","class":"FullSyncTargetManager","message":"Unable to find sync target. Currently checking 0 peers for usefulness","throwable":""}
{"timestamp":"2025-07-03T23:42:06,606","container":"fd1bd7073234","level":"INFO","thread":"EthScheduler-Timer-0","class":"FullSyncTargetManager","message":"Unable to find sync target. Currently checking 0 peers for usefulness","throwable":""}
{"timestamp":"2025-07-03T23:42:11,606","container":"fd1bd7073234","level":"INFO","thread":"EthScheduler-Timer-0","class":"FullSyncTargetManager","message":"Unable to find sync target. Currently checking 0 peers for usefulness","throwable":""}
{"timestamp":"2025-07-03T23:42:16,607","container":"fd1bd7073234","level":"INFO","thread":"EthScheduler-Timer-0","class":"FullSyncTargetManager","message":"Unable to find sync target. Currently checking 0 peers for usefulness","throwable":""}
{"timestamp":"2025-07-03T23:42:21,607","container":"fd1bd7073234","level":"INFO","thread":"EthScheduler-Timer-0","class":"FullSyncTargetManager","message":"Unable to find sync target. Currently checking 0 peers for usefulness","throwable":""}
{"timestamp":"2025-07-03T23:42:26,608","container":"fd1bd7073234","level":"INFO","thread":"EthScheduler-Timer-0","class":"FullSyncTargetManager","message":"Unable to find sync target. Currently checking 0 peers for usefulness","throwable":""}
{"timestamp":"2025-07-03T23:42:31,608","container":"fd1bd7073234","level":"INFO","thread":"EthScheduler-Timer-0","class":"FullSyncTargetManager","message":"Unable to find sync target. Currently checking 0 peers for usefulness","throwable":""}
{"timestamp":"2025-07-03T23:42:36,608","container":"fd1bd7073234","level":"INFO","thread":"EthScheduler-Timer-0","class":"FullSyncTargetManager","message":"Unable to find sync target. Currently checking 0 peers for usefulness","throwable":""}
{"timestamp":"2025-07-03T23:42:41,609","container":"fd1bd7073234","level":"INFO","thread":"EthScheduler-Timer-0","class":"FullSyncTargetManager","message":"Unable to find sync target. Currently checking 0 peers for usefulness","throwable":""}
{"timestamp":"2025-07-03T23:42:46,609","container":"fd1bd7073234","level":"INFO","thread":"EthScheduler-Timer-0","class":"FullSyncTargetManager","message":"Unable to find sync target. Currently checking 0 peers for usefulness","throwable":""}
{"timestamp":"2025-07-03T23:42:51,609","container":"fd1bd7073234","level":"INFO","thread":"EthScheduler-Timer-0","class":"FullSyncTargetManager","message":"Unable to find sync target. Currently checking 0 peers for usefulness","throwable":""}
{"timestamp":"2025-07-03T23:42:56,610","container":"fd1bd7073234","level":"INFO","thread":"EthScheduler-Timer-0","class":"FullSyncTargetManager","message":"Unable to find sync target. Currently checking 0 peers for usefulness","throwable":""}
{"timestamp":"2025-07-03T23:43:01,610","container":"fd1bd7073234","level":"INFO","thread":"EthScheduler-Timer-0","class":"FullSyncTargetManager","message":"Unable to find sync target. Currently checking 0 peers for usefulness","throwable":""}
{"timestamp":"2025-07-03T23:43:06,611","container":"fd1bd7073234","level":"INFO","thread":"EthScheduler-Timer-0","class":"FullSyncTargetManager","message":"Unable to find sync target. Currently checking 0 peers for usefulness","throwable":""}
{"timestamp":"2025-07-03T23:43:11,611","container":"fd1bd7073234","level":"INFO","thread":"EthScheduler-Timer-0","class":"FullSyncTargetManager","message":"Unable to find sync target. Currently checking 0 peers for usefulness","throwable":""}
{"timestamp":"2025-07-03T23:43:16,612","container":"fd1bd7073234","level":"INFO","thread":"EthScheduler-Timer-0","class":"FullSyncTargetManager","message":"Unable to find sync target. Currently checking 0 peers for usefulness","throwable":""}
{"timestamp":"2025-07-03T23:43:21,612","container":"fd1bd7073234","level":"INFO","thread":"EthScheduler-Timer-0","class":"FullSyncTargetManager","message":"Unable to find sync target. Currently checking 0 peers for usefulness","throwable":""}
{"timestamp":"2025-07-03T23:43:26,613","container":"fd1bd7073234","level":"INFO","thread":"EthScheduler-Timer-0","class":"FullSyncTargetManager","message":"Unable to find sync target. Currently checking 0 peers for usefulness","throwable":""}
{"timestamp":"2025-07-03T23:43:31,613","container":"fd1bd7073234","level":"INFO","thread":"EthScheduler-Timer-0","class":"FullSyncTargetManager","message":"Unable to find sync target. Currently checking 0 peers for usefulness","throwable":""}
{"timestamp":"2025-07-03T23:43:36,614","container":"fd1bd7073234","level":"INFO","thread":"EthScheduler-Timer-0","class":"FullSyncTargetManager","message":"Unable to find sync target. Currently checking 0 peers for usefulness","throwable":""}
{"timestamp":"2025-07-03T23:43:41,614","container":"fd1bd7073234","level":"INFO","thread":"EthScheduler-Timer-0","class":"FullSyncTargetManager","message":"Unable to find sync target. Currently checking 0 peers for usefulness","throwable":""}
{"timestamp":"2025-07-03T23:43:46,615","container":"fd1bd7073234","level":"INFO","thread":"EthScheduler-Timer-0","class":"FullSyncTargetManager","message":"Unable to find sync target. Currently checking 0 peers for usefulness","throwable":""}
{"timestamp":"2025-07-03T23:43:51,615","container":"fd1bd7073234","level":"INFO","thread":"EthScheduler-Timer-0","class":"FullSyncTargetManager","message":"Unable to find sync target. Currently checking 0 peers for usefulness","throwable":""}
{"timestamp":"2025-07-03T23:43:56,616","container":"fd1bd7073234","level":"INFO","thread":"EthScheduler-Timer-0","class":"FullSyncTargetManager","message":"Unable to find sync target. Currently checking 0 peers for usefulness","throwable":""}
{"timestamp":"2025-07-03T23:44:01,616","container":"fd1bd7073234","level":"INFO","thread":"EthScheduler-Timer-0","class":"FullSyncTargetManager","message":"Unable to find sync target. Currently checking 0 peers for usefulness","throwable":""}
{"timestamp":"2025-07-03T23:44:06,617","container":"fd1bd7073234","level":"INFO","thread":"EthScheduler-Timer-0","class":"FullSyncTargetManager","message":"Unable to find sync target. Currently checking 0 peers for usefulness","throwable":""}
{"timestamp":"2025-07-03T23:44:11,617","container":"fd1bd7073234","level":"INFO","thread":"EthScheduler-Timer-0","class":"FullSyncTargetManager","message":"Unable to find sync target. Currently checking 0 peers for usefulness","throwable":""}
{"timestamp":"2025-07-03T23:44:16,618","container":"fd1bd7073234","level":"INFO","thread":"EthScheduler-Timer-0","class":"FullSyncTargetManager","message":"Unable to find sync target. Currently checking 0 peers for usefulness","throwable":""}
{"timestamp":"2025-07-03T23:44:21,618","container":"fd1bd7073234","level":"INFO","thread":"EthScheduler-Timer-0","class":"FullSyncTargetManager","message":"Unable to find sync target. Currently checking 0 peers for usefulness","throwable":""}
{"timestamp":"2025-07-03T23:44:26,619","container":"fd1bd7073234","level":"INFO","thread":"EthScheduler-Timer-0","class":"FullSyncTargetManager","message":"Unable to find sync target. Currently checking 0 peers for usefulness","throwable":""}
{"timestamp":"2025-07-03T23:44:31,619","container":"fd1bd7073234","level":"INFO","thread":"EthScheduler-Timer-0","class":"FullSyncTargetManager","message":"Unable to find sync target. Currently checking 0 peers for usefulness","throwable":""}
{"timestamp":"2025-07-03T23:44:36,620","container":"fd1bd7073234","level":"INFO","thread":"EthScheduler-Timer-0","class":"FullSyncTargetManager","message":"Unable to find sync target. Currently checking 0 peers for usefulness","throwable":""}
{"timestamp":"2025-07-03T23:44:41,620","container":"fd1bd7073234","level":"INFO","thread":"EthScheduler-Timer-0","class":"FullSyncTargetManager","message":"Unable to find sync target. Currently checking 0 peers for usefulness","throwable":""}
{"timestamp":"2025-07-03T23:44:46,621","container":"fd1bd7073234","level":"INFO","thread":"EthScheduler-Timer-0","class":"FullSyncTargetManager","message":"Unable to find sync target. Currently checking 0 peers for usefulness","throwable":""}
{"timestamp":"2025-07-03T23:44:51,621","container":"fd1bd7073234","level":"INFO","thread":"EthScheduler-Timer-0","class":"FullSyncTargetManager","message":"Unable to find sync target. Currently checking 0 peers for usefulness","throwable":""}
{"timestamp":"2025-07-03T23:44:56,622","container":"fd1bd7073234","level":"INFO","thread":"EthScheduler-Timer-0","class":"FullSyncTargetManager","message":"Unable to find sync target. Currently checking 0 peers for usefulness","throwable":""}
{"timestamp":"2025-07-03T23:45:01,622","container":"fd1bd7073234","level":"INFO","thread":"EthScheduler-Timer-0","class":"FullSyncTargetManager","message":"Unable to find sync target. Currently checking 0 peers for usefulness","throwable":""}
{"timestamp":"2025-07-03T23:45:06,622","container":"fd1bd7073234","level":"INFO","thread":"EthScheduler-Timer-0","class":"FullSyncTargetManager","message":"Unable to find sync target. Currently checking 0 peers for usefulness","throwable":""}
{"timestamp":"2025-07-03T23:45:11,623","container":"fd1bd7073234","level":"INFO","thread":"EthScheduler-Timer-0","class":"FullSyncTargetManager","message":"Unable to find sync target. Currently checking 0 peers for usefulness","throwable":""}
{"timestamp":"2025-07-03T23:45:16,623","container":"fd1bd7073234","level":"INFO","thread":"EthScheduler-Timer-0","class":"FullSyncTargetManager","message":"Unable to find sync target. Currently checking 0 peers for usefulness","throwable":""}
{"timestamp":"2025-07-03T23:45:21,624","container":"fd1bd7073234","level":"INFO","thread":"EthScheduler-Timer-0","class":"FullSyncTargetManager","message":"Unable to find sync target. Currently checking 0 peers for usefulness","throwable":""}
{"timestamp":"2025-07-03T23:45:26,624","container":"fd1bd7073234","level":"INFO","thread":"EthScheduler-Timer-0","class":"FullSyncTargetManager","message":"Unable to find sync target. Currently checking 0 peers for usefulness","throwable":""}
{"timestamp":"2025-07-03T23:45:31,625","container":"fd1bd7073234","level":"INFO","thread":"EthScheduler-Timer-0","class":"FullSyncTargetManager","message":"Unable to find sync target. Currently checking 0 peers for usefulness","throwable":""}
{"timestamp":"2025-07-03T23:45:36,625","container":"fd1bd7073234","level":"INFO","thread":"EthScheduler-Timer-0","class":"FullSyncTargetManager","message":"Unable to find sync target. Currently checking 0 peers for usefulness","throwable":""}
{"timestamp":"2025-07-03T23:45:41,625","container":"fd1bd7073234","level":"INFO","thread":"EthScheduler-Timer-0","class":"FullSyncTargetManager","message":"Unable to find sync target. Currently checking 0 peers for usefulness","throwable":""}
{"timestamp":"2025-07-03T23:45:46,626","container":"fd1bd7073234","level":"INFO","thread":"EthScheduler-Timer-0","class":"FullSyncTargetManager","message":"Unable to find sync target. Currently checking 0 peers for usefulness","throwable":""}
{"timestamp":"2025-07-03T23:45:51,626","container":"fd1bd7073234","level":"INFO","thread":"EthScheduler-Timer-0","class":"FullSyncTargetManager","message":"Unable to find sync target. Currently checking 0 peers for usefulness","throwable":""}
{"timestamp":"2025-07-03T23:45:56,627","container":"fd1bd7073234","level":"INFO","thread":"EthScheduler-Timer-0","class":"FullSyncTargetManager","message":"Unable to find sync target. Currently checking 0 peers for usefulness","throwable":""}
{"timestamp":"2025-07-03T23:46:01,627","container":"fd1bd7073234","level":"INFO","thread":"EthScheduler-Timer-0","class":"FullSyncTargetManager","message":"Unable to find sync target. Currently checking 0 peers for usefulness","throwable":""}
{"timestamp":"2025-07-03T23:46:06,628","container":"fd1bd7073234","level":"INFO","thread":"EthScheduler-Timer-0","class":"FullSyncTargetManager","message":"Unable to find sync target. Currently checking 0 peers for usefulness","throwable":""}
{"timestamp":"2025-07-03T23:46:11,628","container":"fd1bd7073234","level":"INFO","thread":"EthScheduler-Timer-0","class":"FullSyncTargetManager","message":"Unable to find sync target. Currently checking 0 peers for usefulness","throwable":""}
{"timestamp":"2025-07-03T23:46:16,629","container":"fd1bd7073234","level":"INFO","thread":"EthScheduler-Timer-0","class":"FullSyncTargetManager","message":"Unable to find sync target. Currently checking 0 peers for usefulness","throwable":""}
{"timestamp":"2025-07-03T23:46:21,629","container":"fd1bd7073234","level":"INFO","thread":"EthScheduler-Timer-0","class":"FullSyncTargetManager","message":"Unable to find sync target. Currently checking 0 peers for usefulness","throwable":""}
{"timestamp":"2025-07-03T23:46:26,629","container":"fd1bd7073234","level":"INFO","thread":"EthScheduler-Timer-0","class":"FullSyncTargetManager","message":"Unable to find sync target. Currently checking 0 peers for usefulness","throwable":""}
{"timestamp":"2025-07-03T23:46:31,630","container":"fd1bd7073234","level":"INFO","thread":"EthScheduler-Timer-0","class":"FullSyncTargetManager","message":"Unable to find sync target. Currently checking 0 peers for usefulness","throwable":""}
{"timestamp":"2025-07-03T23:46:36,630","container":"fd1bd7073234","level":"INFO","thread":"EthScheduler-Timer-0","class":"FullSyncTargetManager","message":"Unable to find sync target. Currently checking 0 peers for usefulness","throwable":""}
{"timestamp":"2025-07-03T23:46:41,631","container":"fd1bd7073234","level":"INFO","thread":"EthScheduler-Timer-0","class":"FullSyncTargetManager","message":"Unable to find sync target. Currently checking 0 peers for usefulness","throwable":""}
{"timestamp":"2025-07-03T23:46:46,632","container":"fd1bd7073234","level":"INFO","thread":"EthScheduler-Timer-0","class":"FullSyncTargetManager","message":"Unable to find sync target. Currently checking 0 peers for usefulness","throwable":""}
{"timestamp":"2025-07-03T23:46:51,633","container":"fd1bd7073234","level":"INFO","thread":"EthScheduler-Timer-0","class":"FullSyncTargetManager","message":"Unable to find sync target. Currently checking 0 peers for usefulness","throwable":""}
{"timestamp":"2025-07-03T23:46:56,633","container":"fd1bd7073234","level":"INFO","thread":"EthScheduler-Timer-0","class":"FullSyncTargetManager","message":"Unable to find sync target. Currently checking 0 peers for usefulness","throwable":""}
{"timestamp":"2025-07-03T23:47:01,633","container":"fd1bd7073234","level":"INFO","thread":"EthScheduler-Timer-0","class":"FullSyncTargetManager","message":"Unable to find sync target. Currently checking 0 peers for usefulness","throwable":""}
{"timestamp":"2025-07-03T23:47:06,634","container":"fd1bd7073234","level":"INFO","thread":"EthScheduler-Timer-0","class":"FullSyncTargetManager","message":"Unable to find sync target. Currently checking 0 peers for usefulness","throwable":""}
{"timestamp":"2025-07-03T23:47:11,634","container":"fd1bd7073234","level":"INFO","thread":"EthScheduler-Timer-0","class":"FullSyncTargetManager","message":"Unable to find sync target. Currently checking 0 peers for usefulness","throwable":""}
{"timestamp":"2025-07-03T23:47:16,635","container":"fd1bd7073234","level":"INFO","thread":"EthScheduler-Timer-0","class":"FullSyncTargetManager","message":"Unable to find sync target. Currently checking 0 peers for usefulness","throwable":""}
{"timestamp":"2025-07-03T23:47:21,635","container":"fd1bd7073234","level":"INFO","thread":"EthScheduler-Timer-0","class":"FullSyncTargetManager","message":"Unable to find sync target. Currently checking 0 peers for usefulness","throwable":""}
{"timestamp":"2025-07-03T23:47:26,636","container":"fd1bd7073234","level":"INFO","thread":"EthScheduler-Timer-0","class":"FullSyncTargetManager","message":"Unable to find sync target. Currently checking 0 peers for usefulness","throwable":""}
{"timestamp":"2025-07-03T23:47:31,636","container":"fd1bd7073234","level":"INFO","thread":"EthScheduler-Timer-0","class":"FullSyncTargetManager","message":"Unable to find sync target. Currently checking 0 peers for usefulness","throwable":""}
{"timestamp":"2025-07-03T23:47:36,637","container":"fd1bd7073234","level":"INFO","thread":"EthScheduler-Timer-0","class":"FullSyncTargetManager","message":"Unable to find sync target. Currently checking 0 peers for usefulness","throwable":""}
{"timestamp":"2025-07-03T23:47:41,637","container":"fd1bd7073234","level":"INFO","thread":"EthScheduler-Timer-0","class":"FullSyncTargetManager","message":"Unable to find sync target. Currently checking 0 peers for usefulness","throwable":""}
{"timestamp":"2025-07-03T23:47:46,638","container":"fd1bd7073234","level":"INFO","thread":"EthScheduler-Timer-0","class":"FullSyncTargetManager","message":"Unable to find sync target. Currently checking 0 peers for usefulness","throwable":""}
{"timestamp":"2025-07-03T23:47:51,638","container":"fd1bd7073234","level":"INFO","thread":"EthScheduler-Timer-0","class":"FullSyncTargetManager","message":"Unable to find sync target. Currently checking 0 peers for usefulness","throwable":""}
{"timestamp":"2025-07-03T23:47:56,638","container":"fd1bd7073234","level":"INFO","thread":"EthScheduler-Timer-0","class":"FullSyncTargetManager","message":"Unable to find sync target. Currently checking 0 peers for usefulness","throwable":""}
{"timestamp":"2025-07-03T23:48:01,639","container":"fd1bd7073234","level":"INFO","thread":"EthScheduler-Timer-0","class":"FullSyncTargetManager","message":"Unable to find sync target. Currently checking 0 peers for usefulness","throwable":""}
{"timestamp":"2025-07-03T23:48:06,639","container":"fd1bd7073234","level":"INFO","thread":"EthScheduler-Timer-0","class":"FullSyncTargetManager","message":"Unable to find sync target. Currently checking 0 peers for usefulness","throwable":""}
{"timestamp":"2025-07-03T23:48:11,640","container":"fd1bd7073234","level":"INFO","thread":"EthScheduler-Timer-0","class":"FullSyncTargetManager","message":"Unable to find sync target. Currently checking 0 peers for usefulness","throwable":""}
{"timestamp":"2025-07-03T23:48:16,640","container":"fd1bd7073234","level":"INFO","thread":"EthScheduler-Timer-0","class":"FullSyncTargetManager","message":"Unable to find sync target. Currently checking 0 peers for usefulness","throwable":""}
{"timestamp":"2025-07-03T23:48:21,641","container":"fd1bd7073234","level":"INFO","thread":"EthScheduler-Timer-0","class":"FullSyncTargetManager","message":"Unable to find sync target. Currently checking 0 peers for usefulness","throwable":""}
{"timestamp":"2025-07-03T23:48:26,641","container":"fd1bd7073234","level":"INFO","thread":"EthScheduler-Timer-0","class":"FullSyncTargetManager","message":"Unable to find sync target. Currently checking 0 peers for usefulness","throwable":""}
{"timestamp":"2025-07-03T23:48:31,642","container":"fd1bd7073234","level":"INFO","thread":"EthScheduler-Timer-0","class":"FullSyncTargetManager","message":"Unable to find sync target. Currently checking 0 peers for usefulness","throwable":""}
{"timestamp":"2025-07-03T23:48:36,642","container":"fd1bd7073234","level":"INFO","thread":"EthScheduler-Timer-0","class":"FullSyncTargetManager","message":"Unable to find sync target. Currently checking 0 peers for usefulness","throwable":""}
{"timestamp":"2025-07-03T23:48:41,642","container":"fd1bd7073234","level":"INFO","thread":"EthScheduler-Timer-0","class":"FullSyncTargetManager","message":"Unable to find sync target. Currently checking 0 peers for usefulness","throwable":""}
{"timestamp":"2025-07-03T23:48:46,643","container":"fd1bd7073234","level":"INFO","thread":"EthScheduler-Timer-0","class":"FullSyncTargetManager","message":"Unable to find sync target. Currently checking 0 peers for usefulness","throwable":""}
{"timestamp":"2025-07-03T23:48:51,643","container":"fd1bd7073234","level":"INFO","thread":"EthScheduler-Timer-0","class":"FullSyncTargetManager","message":"Unable to find sync target. Currently checking 0 peers for usefulness","throwable":""}
{"timestamp":"2025-07-03T23:48:56,644","container":"fd1bd7073234","level":"INFO","thread":"EthScheduler-Timer-0","class":"FullSyncTargetManager","message":"Unable to find sync target. Currently checking 0 peers for usefulness","throwable":""}
{"timestamp":"2025-07-03T23:49:01,644","container":"fd1bd7073234","level":"INFO","thread":"EthScheduler-Timer-0","class":"FullSyncTargetManager","message":"Unable to find sync target. Currently checking 0 peers for usefulness","throwable":""}
{"timestamp":"2025-07-03T23:49:06,645","container":"fd1bd7073234","level":"INFO","thread":"EthScheduler-Timer-0","class":"FullSyncTargetManager","message":"Unable to find sync target. Currently checking 0 peers for usefulness","throwable":""}
{"timestamp":"2025-07-03T23:49:11,645","container":"fd1bd7073234","level":"INFO","thread":"EthScheduler-Timer-0","class":"FullSyncTargetManager","message":"Unable to find sync target. Currently checking 0 peers for usefulness","throwable":""}
{"timestamp":"2025-07-03T23:49:16,646","container":"fd1bd7073234","level":"INFO","thread":"EthScheduler-Timer-0","class":"FullSyncTargetManager","message":"Unable to find sync target. Currently checking 0 peers for usefulness","throwable":""}
{"timestamp":"2025-07-03T23:49:21,646","container":"fd1bd7073234","level":"INFO","thread":"EthScheduler-Timer-0","class":"FullSyncTargetManager","message":"Unable to find sync target. Currently checking 0 peers for usefulness","throwable":""}
{"timestamp":"2025-07-03T23:49:26,647","container":"fd1bd7073234","level":"INFO","thread":"EthScheduler-Timer-0","class":"FullSyncTargetManager","message":"Unable to find sync target. Currently checking 0 peers for usefulness","throwable":""}
{"timestamp":"2025-07-03T23:49:31,647","container":"fd1bd7073234","level":"INFO","thread":"EthScheduler-Timer-0","class":"FullSyncTargetManager","message":"Unable to find sync target. Currently checking 0 peers for usefulness","throwable":""}
{"timestamp":"2025-07-03T23:49:36,648","container":"fd1bd7073234","level":"INFO","thread":"EthScheduler-Timer-0","class":"FullSyncTargetManager","message":"Unable to find sync target. Currently checking 0 peers for usefulness","throwable":""}
{"timestamp":"2025-07-03T23:49:41,648","container":"fd1bd7073234","level":"INFO","thread":"EthScheduler-Timer-0","class":"FullSyncTargetManager","message":"Unable to find sync target. Currently checking 0 peers for usefulness","throwable":""}
{"timestamp":"2025-07-03T23:49:46,649","container":"fd1bd7073234","level":"INFO","thread":"EthScheduler-Timer-0","class":"FullSyncTargetManager","message":"Unable to find sync target. Currently checking 0 peers for usefulness","throwable":""}
{"timestamp":"2025-07-03T23:49:51,649","container":"fd1bd7073234","level":"INFO","thread":"EthScheduler-Timer-0","class":"FullSyncTargetManager","message":"Unable to find sync target. Currently checking 0 peers for usefulness","throwable":""}
{"timestamp":"2025-07-03T23:49:56,649","container":"fd1bd7073234","level":"INFO","thread":"EthScheduler-Timer-0","class":"FullSyncTargetManager","message":"Unable to find sync target. Currently checking 0 peers for usefulness","throwable":""}
{"timestamp":"2025-07-03T23:50:01,650","container":"fd1bd7073234","level":"INFO","thread":"EthScheduler-Timer-0","class":"FullSyncTargetManager","message":"Unable to find sync target. Currently checking 0 peers for usefulness","throwable":""}
{"timestamp":"2025-07-03T23:50:06,650","container":"fd1bd7073234","level":"INFO","thread":"EthScheduler-Timer-0","class":"FullSyncTargetManager","message":"Unable to find sync target. Currently checking 0 peers for usefulness","throwable":""}
{"timestamp":"2025-07-03T23:50:11,651","container":"fd1bd7073234","level":"INFO","thread":"EthScheduler-Timer-0","class":"FullSyncTargetManager","message":"Unable to find sync target. Currently checking 0 peers for usefulness","throwable":""}
{"timestamp":"2025-07-03T23:50:16,651","container":"fd1bd7073234","level":"INFO","thread":"EthScheduler-Timer-0","class":"FullSyncTargetManager","message":"Unable to find sync target. Currently checking 0 peers for usefulness","throwable":""}
{"timestamp":"2025-07-03T23:50:21,652","container":"fd1bd7073234","level":"INFO","thread":"EthScheduler-Timer-0","class":"FullSyncTargetManager","message":"Unable to find sync target. Currently checking 0 peers for usefulness","throwable":""}
{"timestamp":"2025-07-03T23:50:26,652","container":"fd1bd7073234","level":"INFO","thread":"EthScheduler-Timer-0","class":"FullSyncTargetManager","message":"Unable to find sync target. Currently checking 0 peers for usefulness","throwable":""}
{"timestamp":"2025-07-03T23:50:31,653","container":"fd1bd7073234","level":"INFO","thread":"EthScheduler-Timer-0","class":"FullSyncTargetManager","message":"Unable to find sync target. Currently checking 0 peers for usefulness","throwable":""}
{"timestamp":"2025-07-03T23:50:36,653","container":"fd1bd7073234","level":"INFO","thread":"EthScheduler-Timer-0","class":"FullSyncTargetManager","message":"Unable to find sync target. Currently checking 0 peers for usefulness","throwable":""}
{"timestamp":"2025-07-03T23:50:41,653","container":"fd1bd7073234","level":"INFO","thread":"EthScheduler-Timer-0","class":"FullSyncTargetManager","message":"Unable to find sync target. Currently checking 0 peers for usefulness","throwable":""}
{"timestamp":"2025-07-03T23:50:46,654","container":"fd1bd7073234","level":"INFO","thread":"EthScheduler-Timer-0","class":"FullSyncTargetManager","message":"Unable to find sync target. Currently checking 0 peers for usefulness","throwable":""}
{"timestamp":"2025-07-03T23:50:51,654","container":"fd1bd7073234","level":"INFO","thread":"EthScheduler-Timer-0","class":"FullSyncTargetManager","message":"Unable to find sync target. Currently checking 0 peers for usefulness","throwable":""}
{"timestamp":"2025-07-03T23:50:56,655","container":"fd1bd7073234","level":"INFO","thread":"EthScheduler-Timer-0","class":"FullSyncTargetManager","message":"Unable to find sync target. Currently checking 0 peers for usefulness","throwable":""}
{"timestamp":"2025-07-03T23:51:01,655","container":"fd1bd7073234","level":"INFO","thread":"EthScheduler-Timer-0","class":"FullSyncTargetManager","message":"Unable to find sync target. Currently checking 0 peers for usefulness","throwable":""}
{"timestamp":"2025-07-03T23:51:06,656","container":"fd1bd7073234","level":"INFO","thread":"EthScheduler-Timer-0","class":"FullSyncTargetManager","message":"Unable to find sync target. Currently checking 0 peers for usefulness","throwable":""}
{"timestamp":"2025-07-03T23:51:11,656","container":"fd1bd7073234","level":"INFO","thread":"EthScheduler-Timer-0","class":"FullSyncTargetManager","message":"Unable to find sync target. Currently checking 0 peers for usefulness","throwable":""}
{"timestamp":"2025-07-03T23:51:16,657","container":"fd1bd7073234","level":"INFO","thread":"EthScheduler-Timer-0","class":"FullSyncTargetManager","message":"Unable to find sync target. Currently checking 0 peers for usefulness","throwable":""}
{"timestamp":"2025-07-03T23:51:21,657","container":"fd1bd7073234","level":"INFO","thread":"EthScheduler-Timer-0","class":"FullSyncTargetManager","message":"Unable to find sync target. Currently checking 0 peers for usefulness","throwable":""}
{"timestamp":"2025-07-03T23:51:26,658","container":"fd1bd7073234","level":"INFO","thread":"EthScheduler-Timer-0","class":"FullSyncTargetManager","message":"Unable to find sync target. Currently checking 0 peers for usefulness","throwable":""}
{"timestamp":"2025-07-03T23:51:31,658","container":"fd1bd7073234","level":"INFO","thread":"EthScheduler-Timer-0","class":"FullSyncTargetManager","message":"Unable to find sync target. Currently checking 0 peers for usefulness","throwable":""}
{"timestamp":"2025-07-03T23:51:36,658","container":"fd1bd7073234","level":"INFO","thread":"EthScheduler-Timer-0","class":"FullSyncTargetManager","message":"Unable to find sync target. Currently checking 0 peers for usefulness","throwable":""}
{"timestamp":"2025-07-03T23:51:41,659","container":"fd1bd7073234","level":"INFO","thread":"EthScheduler-Timer-0","class":"FullSyncTargetManager","message":"Unable to find sync target. Currently checking 0 peers for usefulness","throwable":""}
{"timestamp":"2025-07-03T23:51:46,659","container":"fd1bd7073234","level":"INFO","thread":"EthScheduler-Timer-0","class":"FullSyncTargetManager","message":"Unable to find sync target. Currently checking 0 peers for usefulness","throwable":""}
{"timestamp":"2025-07-03T23:51:51,660","container":"fd1bd7073234","level":"INFO","thread":"EthScheduler-Timer-0","class":"FullSyncTargetManager","message":"Unable to find sync target. Currently checking 0 peers for usefulness","throwable":""}
{"timestamp":"2025-07-03T23:51:56,660","container":"fd1bd7073234","level":"INFO","thread":"EthScheduler-Timer-0","class":"FullSyncTargetManager","message":"Unable to find sync target. Currently checking 0 peers for usefulness","throwable":""}
{"timestamp":"2025-07-03T23:52:01,661","container":"fd1bd7073234","level":"INFO","thread":"EthScheduler-Timer-0","class":"FullSyncTargetManager","message":"Unable to find sync target. Currently checking 0 peers for usefulness","throwable":""}
{"timestamp":"2025-07-03T23:52:06,661","container":"fd1bd7073234","level":"INFO","thread":"EthScheduler-Timer-0","class":"FullSyncTargetManager","message":"Unable to find sync target. Currently checking 0 peers for usefulness","throwable":""}
{"timestamp":"2025-07-03T23:52:11,662","container":"fd1bd7073234","level":"INFO","thread":"EthScheduler-Timer-0","class":"FullSyncTargetManager","message":"Unable to find sync target. Currently checking 0 peers for usefulness","throwable":""}
{"timestamp":"2025-07-03T23:52:16,662","container":"fd1bd7073234","level":"INFO","thread":"EthScheduler-Timer-0","class":"FullSyncTargetManager","message":"Unable to find sync target. Currently checking 0 peers for usefulness","throwable":""}
{"timestamp":"2025-07-03T23:52:21,663","container":"fd1bd7073234","level":"INFO","thread":"EthScheduler-Timer-0","class":"FullSyncTargetManager","message":"Unable to find sync target. Currently checking 0 peers for usefulness","throwable":""}
{"timestamp":"2025-07-03T23:52:26,663","container":"fd1bd7073234","level":"INFO","thread":"EthScheduler-Timer-0","class":"FullSyncTargetManager","message":"Unable to find sync target. Currently checking 0 peers for usefulness","throwable":""}
{"timestamp":"2025-07-03T23:52:31,664","container":"fd1bd7073234","level":"INFO","thread":"EthScheduler-Timer-0","class":"FullSyncTargetManager","message":"Unable to find sync target. Currently checking 0 peers for usefulness","throwable":""}
{"timestamp":"2025-07-03T23:52:36,664","container":"fd1bd7073234","level":"INFO","thread":"EthScheduler-Timer-0","class":"FullSyncTargetManager","message":"Unable to find sync target. Currently checking 0 peers for usefulness","throwable":""}
{"timestamp":"2025-07-03T23:52:41,667","container":"fd1bd7073234","level":"INFO","thread":"EthScheduler-Timer-0","class":"FullSyncTargetManager","message":"Unable to find sync target. Currently checking 0 peers for usefulness","throwable":""}
{"timestamp":"2025-07-03T23:52:46,668","container":"fd1bd7073234","level":"INFO","thread":"EthScheduler-Timer-0","class":"FullSyncTargetManager","message":"Unable to find sync target. Currently checking 0 peers for usefulness","throwable":""}
{"timestamp":"2025-07-03T23:52:51,668","container":"fd1bd7073234","level":"INFO","thread":"EthScheduler-Timer-0","class":"FullSyncTargetManager","message":"Unable to find sync target. Currently checking 0 peers for usefulness","throwable":""}
{"timestamp":"2025-07-03T23:52:56,669","container":"fd1bd7073234","level":"INFO","thread":"EthScheduler-Timer-0","class":"FullSyncTargetManager","message":"Unable to find sync target. Currently checking 0 peers for usefulness","throwable":""}
{"timestamp":"2025-07-03T23:53:01,669","container":"fd1bd7073234","level":"INFO","thread":"EthScheduler-Timer-0","class":"FullSyncTargetManager","message":"Unable to find sync target. Currently checking 0 peers for usefulness","throwable":""}
{"timestamp":"2025-07-03T23:53:06,669","container":"fd1bd7073234","level":"INFO","thread":"EthScheduler-Timer-0","class":"FullSyncTargetManager","message":"Unable to find sync target. Currently checking 0 peers for usefulness","throwable":""}
{"timestamp":"2025-07-03T23:53:11,670","container":"fd1bd7073234","level":"INFO","thread":"EthScheduler-Timer-0","class":"FullSyncTargetManager","message":"Unable to find sync target. Currently checking 0 peers for usefulness","throwable":""}
{"timestamp":"2025-07-03T23:53:16,670","container":"fd1bd7073234","level":"INFO","thread":"EthScheduler-Timer-0","class":"FullSyncTargetManager","message":"Unable to find sync target. Currently checking 0 peers for usefulness","throwable":""}
{"timestamp":"2025-07-03T23:53:21,671","container":"fd1bd7073234","level":"INFO","thread":"EthScheduler-Timer-0","class":"FullSyncTargetManager","message":"Unable to find sync target. Currently checking 0 peers for usefulness","throwable":""}
{"timestamp":"2025-07-03T23:53:26,671","container":"fd1bd7073234","level":"INFO","thread":"EthScheduler-Timer-0","class":"FullSyncTargetManager","message":"Unable to find sync target. Currently checking 0 peers for usefulness","throwable":""}
{"timestamp":"2025-07-03T23:53:31,672","container":"fd1bd7073234","level":"INFO","thread":"EthScheduler-Timer-0","class":"FullSyncTargetManager","message":"Unable to find sync target. Currently checking 0 peers for usefulness","throwable":""}
{"timestamp":"2025-07-03T23:53:36,672","container":"fd1bd7073234","level":"INFO","thread":"EthScheduler-Timer-0","class":"FullSyncTargetManager","message":"Unable to find sync target. Currently checking 0 peers for usefulness","throwable":""}
{"timestamp":"2025-07-03T23:53:41,673","container":"fd1bd7073234","level":"INFO","thread":"EthScheduler-Timer-0","class":"FullSyncTargetManager","message":"Unable to find sync target. Currently checking 0 peers for usefulness","throwable":""}
{"timestamp":"2025-07-03T23:53:46,673","container":"fd1bd7073234","level":"INFO","thread":"EthScheduler-Timer-0","class":"FullSyncTargetManager","message":"Unable to find sync target. Currently checking 0 peers for usefulness","throwable":""}
{"timestamp":"2025-07-03T23:53:51,674","container":"fd1bd7073234","level":"INFO","thread":"EthScheduler-Timer-0","class":"FullSyncTargetManager","message":"Unable to find sync target. Currently checking 0 peers for usefulness","throwable":""}
{"timestamp":"2025-07-03T23:53:56,674","container":"fd1bd7073234","level":"INFO","thread":"EthScheduler-Timer-0","class":"FullSyncTargetManager","message":"Unable to find sync target. Currently checking 0 peers for usefulness","throwable":""}
{"timestamp":"2025-07-03T23:54:01,675","container":"fd1bd7073234","level":"INFO","thread":"EthScheduler-Timer-0","class":"FullSyncTargetManager","message":"Unable to find sync target. Currently checking 0 peers for usefulness","throwable":""}
{"timestamp":"2025-07-03T23:54:06,675","container":"fd1bd7073234","level":"INFO","thread":"EthScheduler-Timer-0","class":"FullSyncTargetManager","message":"Unable to find sync target. Currently checking 0 peers for usefulness","throwable":""}
{"timestamp":"2025-07-03T23:54:11,676","container":"fd1bd7073234","level":"INFO","thread":"EthScheduler-Timer-0","class":"FullSyncTargetManager","message":"Unable to find sync target. Currently checking 0 peers for usefulness","throwable":""}
{"timestamp":"2025-07-03T23:54:16,676","container":"fd1bd7073234","level":"INFO","thread":"EthScheduler-Timer-0","class":"FullSyncTargetManager","message":"Unable to find sync target. Currently checking 0 peers for usefulness","throwable":""}
{"timestamp":"2025-07-03T23:54:21,677","container":"fd1bd7073234","level":"INFO","thread":"EthScheduler-Timer-0","class":"FullSyncTargetManager","message":"Unable to find sync target. Currently checking 0 peers for usefulness","throwable":""}
{"timestamp":"2025-07-03T23:54:26,677","container":"fd1bd7073234","level":"INFO","thread":"EthScheduler-Timer-0","class":"FullSyncTargetManager","message":"Unable to find sync target. Currently checking 0 peers for usefulness","throwable":""}
{"timestamp":"2025-07-03T23:54:31,678","container":"fd1bd7073234","level":"INFO","thread":"EthScheduler-Timer-0","class":"FullSyncTargetManager","message":"Unable to find sync target. Currently checking 0 peers for usefulness","throwable":""}
{"timestamp":"2025-07-03T23:54:36,678","container":"fd1bd7073234","level":"INFO","thread":"EthScheduler-Timer-0","class":"FullSyncTargetManager","message":"Unable to find sync target. Currently checking 0 peers for usefulness","throwable":""}
{"timestamp":"2025-07-03T23:54:41,679","container":"fd1bd7073234","level":"INFO","thread":"EthScheduler-Timer-0","class":"FullSyncTargetManager","message":"Unable to find sync target. Currently checking 0 peers for usefulness","throwable":""}
{"timestamp":"2025-07-03T23:54:46,679","container":"fd1bd7073234","level":"INFO","thread":"EthScheduler-Timer-0","class":"FullSyncTargetManager","message":"Unable to find sync target. Currently checking 0 peers for usefulness","throwable":""}
{"timestamp":"2025-07-03T23:54:51,680","container":"fd1bd7073234","level":"INFO","thread":"EthScheduler-Timer-0","class":"FullSyncTargetManager","message":"Unable to find sync target. Currently checking 0 peers for usefulness","throwable":""}
{"timestamp":"2025-07-03T23:54:56,680","container":"fd1bd7073234","level":"INFO","thread":"EthScheduler-Timer-0","class":"FullSyncTargetManager","message":"Unable to find sync target. Currently checking 0 peers for usefulness","throwable":""}
{"timestamp":"2025-07-03T23:55:01,681","container":"fd1bd7073234","level":"INFO","thread":"EthScheduler-Timer-0","class":"FullSyncTargetManager","message":"Unable to find sync target. Currently checking 0 peers for usefulness","throwable":""}
{"timestamp":"2025-07-03T23:55:06,681","container":"fd1bd7073234","level":"INFO","thread":"EthScheduler-Timer-0","class":"FullSyncTargetManager","message":"Unable to find sync target. Currently checking 0 peers for usefulness","throwable":""}
{"timestamp":"2025-07-03T23:55:11,682","container":"fd1bd7073234","level":"INFO","thread":"EthScheduler-Timer-0","class":"FullSyncTargetManager","message":"Unable to find sync target. Currently checking 0 peers for usefulness","throwable":""}
{"timestamp":"2025-07-03T23:55:16,682","container":"fd1bd7073234","level":"INFO","thread":"EthScheduler-Timer-0","class":"FullSyncTargetManager","message":"Unable to find sync target. Currently checking 0 peers for usefulness","throwable":""}
{"timestamp":"2025-07-03T23:55:21,683","container":"fd1bd7073234","level":"INFO","thread":"EthScheduler-Timer-0","class":"FullSyncTargetManager","message":"Unable to find sync target. Currently checking 0 peers for usefulness","throwable":""}
{"timestamp":"2025-07-03T23:55:26,683","container":"fd1bd7073234","level":"INFO","thread":"EthScheduler-Timer-0","class":"FullSyncTargetManager","message":"Unable to find sync target. Currently checking 0 peers for usefulness","throwable":""}
{"timestamp":"2025-07-03T23:55:31,684","container":"fd1bd7073234","level":"INFO","thread":"EthScheduler-Timer-0","class":"FullSyncTargetManager","message":"Unable to find sync target. Currently checking 0 peers for usefulness","throwable":""}
{"timestamp":"2025-07-03T23:55:36,684","container":"fd1bd7073234","level":"INFO","thread":"EthScheduler-Timer-0","class":"FullSyncTargetManager","message":"Unable to find sync target. Currently checking 0 peers for usefulness","throwable":""}
{"timestamp":"2025-07-03T23:55:41,685","container":"fd1bd7073234","level":"INFO","thread":"EthScheduler-Timer-0","class":"FullSyncTargetManager","message":"Unable to find sync target. Currently checking 0 peers for usefulness","throwable":""}
{"timestamp":"2025-07-03T23:55:46,685","container":"fd1bd7073234","level":"INFO","thread":"EthScheduler-Timer-0","class":"FullSyncTargetManager","message":"Unable to find sync target. Currently checking 0 peers for usefulness","throwable":""}
{"timestamp":"2025-07-03T23:55:51,686","container":"fd1bd7073234","level":"INFO","thread":"EthScheduler-Timer-0","class":"FullSyncTargetManager","message":"Unable to find sync target. Currently checking 0 peers for usefulness","throwable":""}
{"timestamp":"2025-07-03T23:55:56,686","container":"fd1bd7073234","level":"INFO","thread":"EthScheduler-Timer-0","class":"FullSyncTargetManager","message":"Unable to find sync target. Currently checking 0 peers for usefulness","throwable":""}
{"timestamp":"2025-07-03T23:56:01,687","container":"fd1bd7073234","level":"INFO","thread":"EthScheduler-Timer-0","class":"FullSyncTargetManager","message":"Unable to find sync target. Currently checking 0 peers for usefulness","throwable":""}
{"timestamp":"2025-07-03T23:56:06,687","container":"fd1bd7073234","level":"INFO","thread":"EthScheduler-Timer-0","class":"FullSyncTargetManager","message":"Unable to find sync target. Currently checking 0 peers for usefulness","throwable":""}
{"timestamp":"2025-07-03T23:56:11,687","container":"fd1bd7073234","level":"INFO","thread":"EthScheduler-Timer-0","class":"FullSyncTargetManager","message":"Unable to find sync target. Currently checking 0 peers for usefulness","throwable":""}
{"timestamp":"2025-07-03T23:56:16,688","container":"fd1bd7073234","level":"INFO","thread":"EthScheduler-Timer-0","class":"FullSyncTargetManager","message":"Unable to find sync target. Currently checking 0 peers for usefulness","throwable":""}
{"timestamp":"2025-07-03T23:56:21,688","container":"fd1bd7073234","level":"INFO","thread":"EthScheduler-Timer-0","class":"FullSyncTargetManager","message":"Unable to find sync target. Currently checking 0 peers for usefulness","throwable":""}
{"timestamp":"2025-07-03T23:56:26,689","container":"fd1bd7073234","level":"INFO","thread":"EthScheduler-Timer-0","class":"FullSyncTargetManager","message":"Unable to find sync target. Currently checking 0 peers for usefulness","throwable":""}
{"timestamp":"2025-07-03T23:56:31,689","container":"fd1bd7073234","level":"INFO","thread":"EthScheduler-Timer-0","class":"FullSyncTargetManager","message":"Unable to find sync target. Currently checking 0 peers for usefulness","throwable":""}
{"timestamp":"2025-07-03T23:56:36,690","container":"fd1bd7073234","level":"INFO","thread":"EthScheduler-Timer-0","class":"FullSyncTargetManager","message":"Unable to find sync target. Currently checking 0 peers for usefulness","throwable":""}
{"timestamp":"2025-07-03T23:56:41,690","container":"fd1bd7073234","level":"INFO","thread":"EthScheduler-Timer-0","class":"FullSyncTargetManager","message":"Unable to find sync target. Currently checking 0 peers for usefulness","throwable":""}
{"timestamp":"2025-07-03T23:56:46,691","container":"fd1bd7073234","level":"INFO","thread":"EthScheduler-Timer-0","class":"FullSyncTargetManager","message":"Unable to find sync target. Currently checking 0 peers for usefulness","throwable":""}
{"timestamp":"2025-07-03T23:56:51,691","container":"fd1bd7073234","level":"INFO","thread":"EthScheduler-Timer-0","class":"FullSyncTargetManager","message":"Unable to find sync target. Currently checking 0 peers for usefulness","throwable":""}
{"timestamp":"2025-07-03T23:56:56,692","container":"fd1bd7073234","level":"INFO","thread":"EthScheduler-Timer-0","class":"FullSyncTargetManager","message":"Unable to find sync target. Currently checking 0 peers for usefulness","throwable":""}
{"timestamp":"2025-07-03T23:57:01,692","container":"fd1bd7073234","level":"INFO","thread":"EthScheduler-Timer-0","class":"FullSyncTargetManager","message":"Unable to find sync target. Currently checking 0 peers for usefulness","throwable":""}
{"timestamp":"2025-07-03T23:57:06,693","container":"fd1bd7073234","level":"INFO","thread":"EthScheduler-Timer-0","class":"FullSyncTargetManager","message":"Unable to find sync target. Currently checking 0 peers for usefulness","throwable":""}
{"timestamp":"2025-07-03T23:57:11,693","container":"fd1bd7073234","level":"INFO","thread":"EthScheduler-Timer-0","class":"FullSyncTargetManager","message":"Unable to find sync target. Currently checking 0 peers for usefulness","throwable":""}
{"timestamp":"2025-07-03T23:57:16,694","container":"fd1bd7073234","level":"INFO","thread":"EthScheduler-Timer-0","class":"FullSyncTargetManager","message":"Unable to find sync target. Currently checking 0 peers for usefulness","throwable":""}
{"timestamp":"2025-07-03T23:57:21,694","container":"fd1bd7073234","level":"INFO","thread":"EthScheduler-Timer-0","class":"FullSyncTargetManager","message":"Unable to find sync target. Currently checking 0 peers for usefulness","throwable":""}
{"timestamp":"2025-07-03T23:57:26,695","container":"fd1bd7073234","level":"INFO","thread":"EthScheduler-Timer-0","class":"FullSyncTargetManager","message":"Unable to find sync target. Currently checking 0 peers for usefulness","throwable":""}
{"timestamp":"2025-07-03T23:57:31,695","container":"fd1bd7073234","level":"INFO","thread":"EthScheduler-Timer-0","class":"FullSyncTargetManager","message":"Unable to find sync target. Currently checking 0 peers for usefulness","throwable":""}
{"timestamp":"2025-07-03T23:57:36,696","container":"fd1bd7073234","level":"INFO","thread":"EthScheduler-Timer-0","class":"FullSyncTargetManager","message":"Unable to find sync target. Currently checking 0 peers for usefulness","throwable":""}
{"timestamp":"2025-07-03T23:57:41,696","container":"fd1bd7073234","level":"INFO","thread":"EthScheduler-Timer-0","class":"FullSyncTargetManager","message":"Unable to find sync target. Currently checking 0 peers for usefulness","throwable":""}
{"timestamp":"2025-07-03T23:57:46,697","container":"fd1bd7073234","level":"INFO","thread":"EthScheduler-Timer-0","class":"FullSyncTargetManager","message":"Unable to find sync target. Currently checking 0 peers for usefulness","throwable":""}
{"timestamp":"2025-07-03T23:57:51,697","container":"fd1bd7073234","level":"INFO","thread":"EthScheduler-Timer-0","class":"FullSyncTargetManager","message":"Unable to find sync target. Currently checking 0 peers for usefulness","throwable":""}
{"timestamp":"2025-07-03T23:57:56,698","container":"fd1bd7073234","level":"INFO","thread":"EthScheduler-Timer-0","class":"FullSyncTargetManager","message":"Unable to find sync target. Currently checking 0 peers for usefulness","throwable":""}
{"timestamp":"2025-07-03T23:58:01,698","container":"fd1bd7073234","level":"INFO","thread":"EthScheduler-Timer-0","class":"FullSyncTargetManager","message":"Unable to find sync target. Currently checking 0 peers for usefulness","throwable":""}
{"timestamp":"2025-07-03T23:58:06,699","container":"fd1bd7073234","level":"INFO","thread":"EthScheduler-Timer-0","class":"FullSyncTargetManager","message":"Unable to find sync target. Currently checking 0 peers for usefulness","throwable":""}
{"timestamp":"2025-07-03T23:58:11,699","container":"fd1bd7073234","level":"INFO","thread":"EthScheduler-Timer-0","class":"FullSyncTargetManager","message":"Unable to find sync target. Currently checking 0 peers for usefulness","throwable":""}
{"timestamp":"2025-07-03T23:58:16,700","container":"fd1bd7073234","level":"INFO","thread":"EthScheduler-Timer-0","class":"FullSyncTargetManager","message":"Unable to find sync target. Currently checking 0 peers for usefulness","throwable":""}
{"timestamp":"2025-07-03T23:58:21,700","container":"fd1bd7073234","level":"INFO","thread":"EthScheduler-Timer-0","class":"FullSyncTargetManager","message":"Unable to find sync target. Currently checking 0 peers for usefulness","throwable":""}
{"timestamp":"2025-07-03T23:58:26,701","container":"fd1bd7073234","level":"INFO","thread":"EthScheduler-Timer-0","class":"FullSyncTargetManager","message":"Unable to find sync target. Currently checking 0 peers for usefulness","throwable":""}
{"timestamp":"2025-07-03T23:58:31,701","container":"fd1bd7073234","level":"INFO","thread":"EthScheduler-Timer-0","class":"FullSyncTargetManager","message":"Unable to find sync target. Currently checking 0 peers for usefulness","throwable":""}
{"timestamp":"2025-07-03T23:58:36,702","container":"fd1bd7073234","level":"INFO","thread":"EthScheduler-Timer-0","class":"FullSyncTargetManager","message":"Unable to find sync target. Currently checking 0 peers for usefulness","throwable":""}
{"timestamp":"2025-07-03T23:58:41,702","container":"fd1bd7073234","level":"INFO","thread":"EthScheduler-Timer-0","class":"FullSyncTargetManager","message":"Unable to find sync target. Currently checking 0 peers for usefulness","throwable":""}
{"timestamp":"2025-07-03T23:58:46,703","container":"fd1bd7073234","level":"INFO","thread":"EthScheduler-Timer-0","class":"FullSyncTargetManager","message":"Unable to find sync target. Currently checking 0 peers for usefulness","throwable":""}
{"timestamp":"2025-07-03T23:58:51,703","container":"fd1bd7073234","level":"INFO","thread":"EthScheduler-Timer-0","class":"FullSyncTargetManager","message":"Unable to find sync target. Currently checking 0 peers for usefulness","throwable":""}
{"timestamp":"2025-07-03T23:58:56,704","container":"fd1bd7073234","level":"INFO","thread":"EthScheduler-Timer-0","class":"FullSyncTargetManager","message":"Unable to find sync target. Currently checking 0 peers for usefulness","throwable":""}
{"timestamp":"2025-07-03T23:59:01,704","container":"fd1bd7073234","level":"INFO","thread":"EthScheduler-Timer-0","class":"FullSyncTargetManager","message":"Unable to find sync target. Currently checking 0 peers for usefulness","throwable":""}
{"timestamp":"2025-07-03T23:59:06,704","container":"fd1bd7073234","level":"INFO","thread":"EthScheduler-Timer-0","class":"FullSyncTargetManager","message":"Unable to find sync target. Currently checking 0 peers for usefulness","throwable":""}
{"timestamp":"2025-07-03T23:59:11,705","container":"fd1bd7073234","level":"INFO","thread":"EthScheduler-Timer-0","class":"FullSyncTargetManager","message":"Unable to find sync target. Currently checking 0 peers for usefulness","throwable":""}
{"timestamp":"2025-07-03T23:59:16,705","container":"fd1bd7073234","level":"INFO","thread":"EthScheduler-Timer-0","class":"FullSyncTargetManager","message":"Unable to find sync target. Currently checking 0 peers for usefulness","throwable":""}
{"timestamp":"2025-07-03T23:59:21,706","container":"fd1bd7073234","level":"INFO","thread":"EthScheduler-Timer-0","class":"FullSyncTargetManager","message":"Unable to find sync target. Currently checking 0 peers for usefulness","throwable":""}
{"timestamp":"2025-07-03T23:59:26,706","container":"fd1bd7073234","level":"INFO","thread":"EthScheduler-Timer-0","class":"FullSyncTargetManager","message":"Unable to find sync target. Currently checking 0 peers for usefulness","throwable":""}
{"timestamp":"2025-07-03T23:59:31,706","container":"fd1bd7073234","level":"INFO","thread":"EthScheduler-Timer-0","class":"FullSyncTargetManager","message":"Unable to find sync target. Currently checking 0 peers for usefulness","throwable":""}
{"timestamp":"2025-07-03T23:59:36,707","container":"fd1bd7073234","level":"INFO","thread":"EthScheduler-Timer-0","class":"FullSyncTargetManager","message":"Unable to find sync target. Currently checking 0 peers for usefulness","throwable":""}
{"timestamp":"2025-07-03T23:59:41,707","container":"fd1bd7073234","level":"INFO","thread":"EthScheduler-Timer-0","class":"FullSyncTargetManager","message":"Unable to find sync target. Currently checking 0 peers for usefulness","throwable":""}
{"timestamp":"2025-07-03T23:59:46,708","container":"fd1bd7073234","level":"INFO","thread":"EthScheduler-Timer-0","class":"FullSyncTargetManager","message":"Unable to find sync target. Currently checking 0 peers for usefulness","throwable":""}
{"timestamp":"2025-07-03T23:59:51,708","container":"fd1bd7073234","level":"INFO","thread":"EthScheduler-Timer-0","class":"FullSyncTargetManager","message":"Unable to find sync target. Currently checking 0 peers for usefulness","throwable":""}
{"timestamp":"2025-07-03T23:59:56,709","container":"fd1bd7073234","level":"INFO","thread":"EthScheduler-Timer-0","class":"FullSyncTargetManager","message":"Unable to find sync target. Currently checking 0 peers for usefulness","throwable":""}
{"timestamp":"2025-07-04T00:00:01,709","container":"fd1bd7073234","level":"INFO","thread":"EthScheduler-Timer-0","class":"FullSyncTargetManager","message":"Unable to find sync target. Currently checking 0 peers for usefulness","throwable":""}
{"timestamp":"2025-07-04T00:00:06,710","container":"fd1bd7073234","level":"INFO","thread":"EthScheduler-Timer-0","class":"FullSyncTargetManager","message":"Unable to find sync target. Currently checking 0 peers for usefulness","throwable":""}
{"timestamp":"2025-07-04T00:00:11,710","container":"fd1bd7073234","level":"INFO","thread":"EthScheduler-Timer-0","class":"FullSyncTargetManager","message":"Unable to find sync target. Currently checking 0 peers for usefulness","throwable":""}
{"timestamp":"2025-07-04T00:00:16,711","container":"fd1bd7073234","level":"INFO","thread":"EthScheduler-Timer-0","class":"FullSyncTargetManager","message":"Unable to find sync target. Currently checking 0 peers for usefulness","throwable":""}
{"timestamp":"2025-07-04T00:00:21,711","container":"fd1bd7073234","level":"INFO","thread":"EthScheduler-Timer-0","class":"FullSyncTargetManager","message":"Unable to find sync target. Currently checking 0 peers for usefulness","throwable":""}
{"timestamp":"2025-07-04T00:00:26,712","container":"fd1bd7073234","level":"INFO","thread":"EthScheduler-Timer-0","class":"FullSyncTargetManager","message":"Unable to find sync target. Currently checking 0 peers for usefulness","throwable":""}
{"timestamp":"2025-07-04T00:00:31,712","container":"fd1bd7073234","level":"INFO","thread":"EthScheduler-Timer-0","class":"FullSyncTargetManager","message":"Unable to find sync target. Currently checking 0 peers for usefulness","throwable":""}
{"timestamp":"2025-07-04T00:00:36,713","container":"fd1bd7073234","level":"INFO","thread":"EthScheduler-Timer-0","class":"FullSyncTargetManager","message":"Unable to find sync target. Currently checking 0 peers for usefulness","throwable":""}
{"timestamp":"2025-07-04T00:00:41,713","container":"fd1bd7073234","level":"INFO","thread":"EthScheduler-Timer-0","class":"FullSyncTargetManager","message":"Unable to find sync target. Currently checking 0 peers for usefulness","throwable":""}
{"timestamp":"2025-07-04T00:00:46,714","container":"fd1bd7073234","level":"INFO","thread":"EthScheduler-Timer-0","class":"FullSyncTargetManager","message":"Unable to find sync target. Currently checking 0 peers for usefulness","throwable":""}
{"timestamp":"2025-07-04T00:00:51,714","container":"fd1bd7073234","level":"INFO","thread":"EthScheduler-Timer-0","class":"FullSyncTargetManager","message":"Unable to find sync target. Currently checking 0 peers for usefulness","throwable":""}
{"timestamp":"2025-07-04T00:00:56,714","container":"fd1bd7073234","level":"INFO","thread":"EthScheduler-Timer-0","class":"FullSyncTargetManager","message":"Unable to find sync target. Currently checking 0 peers for usefulness","throwable":""}
{"timestamp":"2025-07-04T00:01:01,715","container":"fd1bd7073234","level":"INFO","thread":"EthScheduler-Timer-0","class":"FullSyncTargetManager","message":"Unable to find sync target. Currently checking 0 peers for usefulness","throwable":""}
{"timestamp":"2025-07-04T00:01:06,715","container":"fd1bd7073234","level":"INFO","thread":"EthScheduler-Timer-0","class":"FullSyncTargetManager","message":"Unable to find sync target. Currently checking 0 peers for usefulness","throwable":""}
{"timestamp":"2025-07-04T00:01:11,716","container":"fd1bd7073234","level":"INFO","thread":"EthScheduler-Timer-0","class":"FullSyncTargetManager","message":"Unable to find sync target. Currently checking 0 peers for usefulness","throwable":""}
{"timestamp":"2025-07-04T00:01:16,716","container":"fd1bd7073234","level":"INFO","thread":"EthScheduler-Timer-0","class":"FullSyncTargetManager","message":"Unable to find sync target. Currently checking 0 peers for usefulness","throwable":""}
{"timestamp":"2025-07-04T00:01:21,716","container":"fd1bd7073234","level":"INFO","thread":"EthScheduler-Timer-0","class":"FullSyncTargetManager","message":"Unable to find sync target. Currently checking 0 peers for usefulness","throwable":""}
{"timestamp":"2025-07-04T00:01:26,717","container":"fd1bd7073234","level":"INFO","thread":"EthScheduler-Timer-0","class":"FullSyncTargetManager","message":"Unable to find sync target. Currently checking 0 peers for usefulness","throwable":""}
{"timestamp":"2025-07-04T00:01:31,717","container":"fd1bd7073234","level":"INFO","thread":"EthScheduler-Timer-0","class":"FullSyncTargetManager","message":"Unable to find sync target. Currently checking 0 peers for usefulness","throwable":""}
{"timestamp":"2025-07-04T00:01:36,718","container":"fd1bd7073234","level":"INFO","thread":"EthScheduler-Timer-0","class":"FullSyncTargetManager","message":"Unable to find sync target. Currently checking 0 peers for usefulness","throwable":""}
{"timestamp":"2025-07-04T00:01:41,719","container":"fd1bd7073234","level":"INFO","thread":"EthScheduler-Timer-0","class":"FullSyncTargetManager","message":"Unable to find sync target. Currently checking 0 peers for usefulness","throwable":""}
{"timestamp":"2025-07-04T00:01:46,719","container":"fd1bd7073234","level":"INFO","thread":"EthScheduler-Timer-0","class":"FullSyncTargetManager","message":"Unable to find sync target. Currently checking 0 peers for usefulness","throwable":""}
{"timestamp":"2025-07-04T00:01:51,720","container":"fd1bd7073234","level":"INFO","thread":"EthScheduler-Timer-0","class":"FullSyncTargetManager","message":"Unable to find sync target. Currently checking 0 peers for usefulness","throwable":""}
{"timestamp":"2025-07-04T00:01:56,720","container":"fd1bd7073234","level":"INFO","thread":"EthScheduler-Timer-0","class":"FullSyncTargetManager","message":"Unable to find sync target. Currently checking 0 peers for usefulness","throwable":""}
{"timestamp":"2025-07-04T00:02:01,721","container":"fd1bd7073234","level":"INFO","thread":"EthScheduler-Timer-0","class":"FullSyncTargetManager","message":"Unable to find sync target. Currently checking 0 peers for usefulness","throwable":""}
{"timestamp":"2025-07-04T00:02:06,721","container":"fd1bd7073234","level":"INFO","thread":"EthScheduler-Timer-0","class":"FullSyncTargetManager","message":"Unable to find sync target. Currently checking 0 peers for usefulness","throwable":""}
{"timestamp":"2025-07-04T00:02:11,722","container":"fd1bd7073234","level":"INFO","thread":"EthScheduler-Timer-0","class":"FullSyncTargetManager","message":"Unable to find sync target. Currently checking 0 peers for usefulness","throwable":""}
{"timestamp":"2025-07-04T00:02:16,722","container":"fd1bd7073234","level":"INFO","thread":"EthScheduler-Timer-0","class":"FullSyncTargetManager","message":"Unable to find sync target. Currently checking 0 peers for usefulness","throwable":""}
{"timestamp":"2025-07-04T00:02:21,723","container":"fd1bd7073234","level":"INFO","thread":"EthScheduler-Timer-0","class":"FullSyncTargetManager","message":"Unable to find sync target. Currently checking 0 peers for usefulness","throwable":""}
{"timestamp":"2025-07-04T00:02:26,723","container":"fd1bd7073234","level":"INFO","thread":"EthScheduler-Timer-0","class":"FullSyncTargetManager","message":"Unable to find sync target. Currently checking 0 peers for usefulness","throwable":""}
{"timestamp":"2025-07-04T00:02:31,723","container":"fd1bd7073234","level":"INFO","thread":"EthScheduler-Timer-0","class":"FullSyncTargetManager","message":"Unable to find sync target. Currently checking 0 peers for usefulness","throwable":""}
{"timestamp":"2025-07-04T00:02:36,724","container":"fd1bd7073234","level":"INFO","thread":"EthScheduler-Timer-0","class":"FullSyncTargetManager","message":"Unable to find sync target. Currently checking 0 peers for usefulness","throwable":""}
{"timestamp":"2025-07-04T00:02:41,724","container":"fd1bd7073234","level":"INFO","thread":"EthScheduler-Timer-0","class":"FullSyncTargetManager","message":"Unable to find sync target. Currently checking 0 peers for usefulness","throwable":""}
{"timestamp":"2025-07-04T00:02:46,725","container":"fd1bd7073234","level":"INFO","thread":"EthScheduler-Timer-0","class":"FullSyncTargetManager","message":"Unable to find sync target. Currently checking 0 peers for usefulness","throwable":""}
{"timestamp":"2025-07-04T00:02:51,725","container":"fd1bd7073234","level":"INFO","thread":"EthScheduler-Timer-0","class":"FullSyncTargetManager","message":"Unable to find sync target. Currently checking 0 peers for usefulness","throwable":""}
{"timestamp":"2025-07-04T00:02:56,726","container":"fd1bd7073234","level":"INFO","thread":"EthScheduler-Timer-0","class":"FullSyncTargetManager","message":"Unable to find sync target. Currently checking 0 peers for usefulness","throwable":""}
{"timestamp":"2025-07-04T00:03:01,726","container":"fd1bd7073234","level":"INFO","thread":"EthScheduler-Timer-0","class":"FullSyncTargetManager","message":"Unable to find sync target. Currently checking 0 peers for usefulness","throwable":""}
{"timestamp":"2025-07-04T00:03:06,727","container":"fd1bd7073234","level":"INFO","thread":"EthScheduler-Timer-0","class":"FullSyncTargetManager","message":"Unable to find sync target. Currently checking 0 peers for usefulness","throwable":""}
{"timestamp":"2025-07-04T00:03:11,727","container":"fd1bd7073234","level":"INFO","thread":"EthScheduler-Timer-0","class":"FullSyncTargetManager","message":"Unable to find sync target. Currently checking 0 peers for usefulness","throwable":""}
{"timestamp":"2025-07-04T00:03:16,728","container":"fd1bd7073234","level":"INFO","thread":"EthScheduler-Timer-0","class":"FullSyncTargetManager","message":"Unable to find sync target. Currently checking 0 peers for usefulness","throwable":""}
{"timestamp":"2025-07-04T00:03:21,728","container":"fd1bd7073234","level":"INFO","thread":"EthScheduler-Timer-0","class":"FullSyncTargetManager","message":"Unable to find sync target. Currently checking 0 peers for usefulness","throwable":""}
{"timestamp":"2025-07-04T00:03:26,728","container":"fd1bd7073234","level":"INFO","thread":"EthScheduler-Timer-0","class":"FullSyncTargetManager","message":"Unable to find sync target. Currently checking 0 peers for usefulness","throwable":""}
{"timestamp":"2025-07-04T00:03:31,728","container":"fd1bd7073234","level":"INFO","thread":"EthScheduler-Timer-0","class":"FullSyncTargetManager","message":"Unable to find sync target. Currently checking 0 peers for usefulness","throwable":""}
{"timestamp":"2025-07-04T00:03:36,729","container":"fd1bd7073234","level":"INFO","thread":"EthScheduler-Timer-0","class":"FullSyncTargetManager","message":"Unable to find sync target. Currently checking 0 peers for usefulness","throwable":""}
{"timestamp":"2025-07-04T00:03:41,729","container":"fd1bd7073234","level":"INFO","thread":"EthScheduler-Timer-0","class":"FullSyncTargetManager","message":"Unable to find sync target. Currently checking 0 peers for usefulness","throwable":""}
{"timestamp":"2025-07-04T00:03:46,730","container":"fd1bd7073234","level":"INFO","thread":"EthScheduler-Timer-0","class":"FullSyncTargetManager","message":"Unable to find sync target. Currently checking 0 peers for usefulness","throwable":""}
{"timestamp":"2025-07-04T00:03:51,730","container":"fd1bd7073234","level":"INFO","thread":"EthScheduler-Timer-0","class":"FullSyncTargetManager","message":"Unable to find sync target. Currently checking 0 peers for usefulness","throwable":""}
{"timestamp":"2025-07-04T00:03:56,731","container":"fd1bd7073234","level":"INFO","thread":"EthScheduler-Timer-0","class":"FullSyncTargetManager","message":"Unable to find sync target. Currently checking 0 peers for usefulness","throwable":""}
{"timestamp":"2025-07-04T00:04:01,731","container":"fd1bd7073234","level":"INFO","thread":"EthScheduler-Timer-0","class":"FullSyncTargetManager","message":"Unable to find sync target. Currently checking 0 peers for usefulness","throwable":""}
{"timestamp":"2025-07-04T00:04:06,732","container":"fd1bd7073234","level":"INFO","thread":"EthScheduler-Timer-0","class":"FullSyncTargetManager","message":"Unable to find sync target. Currently checking 0 peers for usefulness","throwable":""}
{"timestamp":"2025-07-04T00:04:11,732","container":"fd1bd7073234","level":"INFO","thread":"EthScheduler-Timer-0","class":"FullSyncTargetManager","message":"Unable to find sync target. Currently checking 0 peers for usefulness","throwable":""}
{"timestamp":"2025-07-04T00:04:16,733","container":"fd1bd7073234","level":"INFO","thread":"EthScheduler-Timer-0","class":"FullSyncTargetManager","message":"Unable to find sync target. Currently checking 0 peers for usefulness","throwable":""}
{"timestamp":"2025-07-04T00:04:21,733","container":"fd1bd7073234","level":"INFO","thread":"EthScheduler-Timer-0","class":"FullSyncTargetManager","message":"Unable to find sync target. Currently checking 0 peers for usefulness","throwable":""}
{"timestamp":"2025-07-04T00:04:26,734","container":"fd1bd7073234","level":"INFO","thread":"EthScheduler-Timer-0","class":"FullSyncTargetManager","message":"Unable to find sync target. Currently checking 0 peers for usefulness","throwable":""}
{"timestamp":"2025-07-04T00:04:31,734","container":"fd1bd7073234","level":"INFO","thread":"EthScheduler-Timer-0","class":"FullSyncTargetManager","message":"Unable to find sync target. Currently checking 0 peers for usefulness","throwable":""}
{"timestamp":"2025-07-04T00:04:36,735","container":"fd1bd7073234","level":"INFO","thread":"EthScheduler-Timer-0","class":"FullSyncTargetManager","message":"Unable to find sync target. Currently checking 0 peers for usefulness","throwable":""}
{"timestamp":"2025-07-04T00:04:41,735","container":"fd1bd7073234","level":"INFO","thread":"EthScheduler-Timer-0","class":"FullSyncTargetManager","message":"Unable to find sync target. Currently checking 0 peers for usefulness","throwable":""}
{"timestamp":"2025-07-04T00:04:46,735","container":"fd1bd7073234","level":"INFO","thread":"EthScheduler-Timer-0","class":"FullSyncTargetManager","message":"Unable to find sync target. Currently checking 0 peers for usefulness","throwable":""}
{"timestamp":"2025-07-04T00:04:51,736","container":"fd1bd7073234","level":"INFO","thread":"EthScheduler-Timer-0","class":"FullSyncTargetManager","message":"Unable to find sync target. Currently checking 0 peers for usefulness","throwable":""}
{"timestamp":"2025-07-04T00:04:56,736","container":"fd1bd7073234","level":"INFO","thread":"EthScheduler-Timer-0","class":"FullSyncTargetManager","message":"Unable to find sync target. Currently checking 0 peers for usefulness","throwable":""}
{"timestamp":"2025-07-04T00:05:01,737","container":"fd1bd7073234","level":"INFO","thread":"EthScheduler-Timer-0","class":"FullSyncTargetManager","message":"Unable to find sync target. Currently checking 0 peers for usefulness","throwable":""}
{"timestamp":"2025-07-04T00:05:06,737","container":"fd1bd7073234","level":"INFO","thread":"EthScheduler-Timer-0","class":"FullSyncTargetManager","message":"Unable to find sync target. Currently checking 0 peers for usefulness","throwable":""}
{"timestamp":"2025-07-04T00:05:11,738","container":"fd1bd7073234","level":"INFO","thread":"EthScheduler-Timer-0","class":"FullSyncTargetManager","message":"Unable to find sync target. Currently checking 0 peers for usefulness","throwable":""}
{"timestamp":"2025-07-04T00:05:16,738","container":"fd1bd7073234","level":"INFO","thread":"EthScheduler-Timer-0","class":"FullSyncTargetManager","message":"Unable to find sync target. Currently checking 0 peers for usefulness","throwable":""}
{"timestamp":"2025-07-04T00:05:21,738","container":"fd1bd7073234","level":"INFO","thread":"EthScheduler-Timer-0","class":"FullSyncTargetManager","message":"Unable to find sync target. Currently checking 0 peers for usefulness","throwable":""}
{"timestamp":"2025-07-04T00:05:26,739","container":"fd1bd7073234","level":"INFO","thread":"EthScheduler-Timer-0","class":"FullSyncTargetManager","message":"Unable to find sync target. Currently checking 0 peers for usefulness","throwable":""}
{"timestamp":"2025-07-04T00:05:31,739","container":"fd1bd7073234","level":"INFO","thread":"EthScheduler-Timer-0","class":"FullSyncTargetManager","message":"Unable to find sync target. Currently checking 0 peers for usefulness","throwable":""}
{"timestamp":"2025-07-04T00:05:36,740","container":"fd1bd7073234","level":"INFO","thread":"EthScheduler-Timer-0","class":"FullSyncTargetManager","message":"Unable to find sync target. Currently checking 0 peers for usefulness","throwable":""}
{"timestamp":"2025-07-04T00:05:41,740","container":"fd1bd7073234","level":"INFO","thread":"EthScheduler-Timer-0","class":"FullSyncTargetManager","message":"Unable to find sync target. Currently checking 0 peers for usefulness","throwable":""}
{"timestamp":"2025-07-04T00:05:46,741","container":"fd1bd7073234","level":"INFO","thread":"EthScheduler-Timer-0","class":"FullSyncTargetManager","message":"Unable to find sync target. Currently checking 0 peers for usefulness","throwable":""}
{"timestamp":"2025-07-04T00:05:51,741","container":"fd1bd7073234","level":"INFO","thread":"EthScheduler-Timer-0","class":"FullSyncTargetManager","message":"Unable to find sync target. Currently checking 0 peers for usefulness","throwable":""}
{"timestamp":"2025-07-04T00:05:56,742","container":"fd1bd7073234","level":"INFO","thread":"EthScheduler-Timer-0","class":"FullSyncTargetManager","message":"Unable to find sync target. Currently checking 0 peers for usefulness","throwable":""}
{"timestamp":"2025-07-04T00:06:01,742","container":"fd1bd7073234","level":"INFO","thread":"EthScheduler-Timer-0","class":"FullSyncTargetManager","message":"Unable to find sync target. Currently checking 0 peers for usefulness","throwable":""}
{"timestamp":"2025-07-04T00:06:06,743","container":"fd1bd7073234","level":"INFO","thread":"EthScheduler-Timer-0","class":"FullSyncTargetManager","message":"Unable to find sync target. Currently checking 0 peers for usefulness","throwable":""}
{"timestamp":"2025-07-04T00:06:11,743","container":"fd1bd7073234","level":"INFO","thread":"EthScheduler-Timer-0","class":"FullSyncTargetManager","message":"Unable to find sync target. Currently checking 0 peers for usefulness","throwable":""}
{"timestamp":"2025-07-04T00:06:16,744","container":"fd1bd7073234","level":"INFO","thread":"EthScheduler-Timer-0","class":"FullSyncTargetManager","message":"Unable to find sync target. Currently checking 0 peers for usefulness","throwable":""}
{"timestamp":"2025-07-04T00:06:21,744","container":"fd1bd7073234","level":"INFO","thread":"EthScheduler-Timer-0","class":"FullSyncTargetManager","message":"Unable to find sync target. Currently checking 0 peers for usefulness","throwable":""}
{"timestamp":"2025-07-04T00:06:26,745","container":"fd1bd7073234","level":"INFO","thread":"EthScheduler-Timer-0","class":"FullSyncTargetManager","message":"Unable to find sync target. Currently checking 0 peers for usefulness","throwable":""}
{"timestamp":"2025-07-04T00:06:31,745","container":"fd1bd7073234","level":"INFO","thread":"EthScheduler-Timer-0","class":"FullSyncTargetManager","message":"Unable to find sync target. Currently checking 0 peers for usefulness","throwable":""}
{"timestamp":"2025-07-04T00:06:36,746","container":"fd1bd7073234","level":"INFO","thread":"EthScheduler-Timer-0","class":"FullSyncTargetManager","message":"Unable to find sync target. Currently checking 0 peers for usefulness","throwable":""}
{"timestamp":"2025-07-04T00:06:41,746","container":"fd1bd7073234","level":"INFO","thread":"EthScheduler-Timer-0","class":"FullSyncTargetManager","message":"Unable to find sync target. Currently checking 0 peers for usefulness","throwable":""}
{"timestamp":"2025-07-04T00:06:46,747","container":"fd1bd7073234","level":"INFO","thread":"EthScheduler-Timer-0","class":"FullSyncTargetManager","message":"Unable to find sync target. Currently checking 0 peers for usefulness","throwable":""}
{"timestamp":"2025-07-04T00:06:51,747","container":"fd1bd7073234","level":"INFO","thread":"EthScheduler-Timer-0","class":"FullSyncTargetManager","message":"Unable to find sync target. Currently checking 0 peers for usefulness","throwable":""}
{"timestamp":"2025-07-04T00:06:56,748","container":"fd1bd7073234","level":"INFO","thread":"EthScheduler-Timer-0","class":"FullSyncTargetManager","message":"Unable to find sync target. Currently checking 0 peers for usefulness","throwable":""}
{"timestamp":"2025-07-04T00:07:01,748","container":"fd1bd7073234","level":"INFO","thread":"EthScheduler-Timer-0","class":"FullSyncTargetManager","message":"Unable to find sync target. Currently checking 0 peers for usefulness","throwable":""}
{"timestamp":"2025-07-04T00:07:06,749","container":"fd1bd7073234","level":"INFO","thread":"EthScheduler-Timer-0","class":"FullSyncTargetManager","message":"Unable to find sync target. Currently checking 0 peers for usefulness","throwable":""}
{"timestamp":"2025-07-04T00:07:11,749","container":"fd1bd7073234","level":"INFO","thread":"EthScheduler-Timer-0","class":"FullSyncTargetManager","message":"Unable to find sync target. Currently checking 0 peers for usefulness","throwable":""}
{"timestamp":"2025-07-04T00:07:16,750","container":"fd1bd7073234","level":"INFO","thread":"EthScheduler-Timer-0","class":"FullSyncTargetManager","message":"Unable to find sync target. Currently checking 0 peers for usefulness","throwable":""}
{"timestamp":"2025-07-04T00:07:21,750","container":"fd1bd7073234","level":"INFO","thread":"EthScheduler-Timer-0","class":"FullSyncTargetManager","message":"Unable to find sync target. Currently checking 0 peers for usefulness","throwable":""}
{"timestamp":"2025-07-04T00:07:26,751","container":"fd1bd7073234","level":"INFO","thread":"EthScheduler-Timer-0","class":"FullSyncTargetManager","message":"Unable to find sync target. Currently checking 0 peers for usefulness","throwable":""}
{"timestamp":"2025-07-04T00:07:31,751","container":"fd1bd7073234","level":"INFO","thread":"EthScheduler-Timer-0","class":"FullSyncTargetManager","message":"Unable to find sync target. Currently checking 0 peers for usefulness","throwable":""}
{"timestamp":"2025-07-04T00:07:36,752","container":"fd1bd7073234","level":"INFO","thread":"EthScheduler-Timer-0","class":"FullSyncTargetManager","message":"Unable to find sync target. Currently checking 0 peers for usefulness","throwable":""}
{"timestamp":"2025-07-04T00:07:41,752","container":"fd1bd7073234","level":"INFO","thread":"EthScheduler-Timer-0","class":"FullSyncTargetManager","message":"Unable to find sync target. Currently checking 0 peers for usefulness","throwable":""}
{"timestamp":"2025-07-04T00:07:46,753","container":"fd1bd7073234","level":"INFO","thread":"EthScheduler-Timer-0","class":"FullSyncTargetManager","message":"Unable to find sync target. Currently checking 0 peers for usefulness","throwable":""}
{"timestamp":"2025-07-04T00:07:51,753","container":"fd1bd7073234","level":"INFO","thread":"EthScheduler-Timer-0","class":"FullSyncTargetManager","message":"Unable to find sync target. Currently checking 0 peers for usefulness","throwable":""}
{"timestamp":"2025-07-04T00:07:56,754","container":"fd1bd7073234","level":"INFO","thread":"EthScheduler-Timer-0","class":"FullSyncTargetManager","message":"Unable to find sync target. Currently checking 0 peers for usefulness","throwable":""}
{"timestamp":"2025-07-04T00:08:01,754","container":"fd1bd7073234","level":"INFO","thread":"EthScheduler-Timer-0","class":"FullSyncTargetManager","message":"Unable to find sync target. Currently checking 0 peers for usefulness","throwable":""}
{"timestamp":"2025-07-04T00:08:06,755","container":"fd1bd7073234","level":"INFO","thread":"EthScheduler-Timer-0","class":"FullSyncTargetManager","message":"Unable to find sync target. Currently checking 0 peers for usefulness","throwable":""}
{"timestamp":"2025-07-04T00:08:11,756","container":"fd1bd7073234","level":"INFO","thread":"EthScheduler-Timer-0","class":"FullSyncTargetManager","message":"Unable to find sync target. Currently checking 0 peers for usefulness","throwable":""}
{"timestamp":"2025-07-04T00:08:16,756","container":"fd1bd7073234","level":"INFO","thread":"EthScheduler-Timer-0","class":"FullSyncTargetManager","message":"Unable to find sync target. Currently checking 0 peers for usefulness","throwable":""}
{"timestamp":"2025-07-04T00:08:21,757","container":"fd1bd7073234","level":"INFO","thread":"EthScheduler-Timer-0","class":"FullSyncTargetManager","message":"Unable to find sync target. Currently checking 0 peers for usefulness","throwable":""}
{"timestamp":"2025-07-04T00:08:26,757","container":"fd1bd7073234","level":"INFO","thread":"EthScheduler-Timer-0","class":"FullSyncTargetManager","message":"Unable to find sync target. Currently checking 0 peers for usefulness","throwable":""}
{"timestamp":"2025-07-04T00:08:31,758","container":"fd1bd7073234","level":"INFO","thread":"EthScheduler-Timer-0","class":"FullSyncTargetManager","message":"Unable to find sync target. Currently checking 0 peers for usefulness","throwable":""}
{"timestamp":"2025-07-04T00:08:36,758","container":"fd1bd7073234","level":"INFO","thread":"EthScheduler-Timer-0","class":"FullSyncTargetManager","message":"Unable to find sync target. Currently checking 0 peers for usefulness","throwable":""}
{"timestamp":"2025-07-04T00:08:41,759","container":"fd1bd7073234","level":"INFO","thread":"EthScheduler-Timer-0","class":"FullSyncTargetManager","message":"Unable to find sync target. Currently checking 0 peers for usefulness","throwable":""}
{"timestamp":"2025-07-04T00:08:46,759","container":"fd1bd7073234","level":"INFO","thread":"EthScheduler-Timer-0","class":"FullSyncTargetManager","message":"Unable to find sync target. Currently checking 0 peers for usefulness","throwable":""}
{"timestamp":"2025-07-04T00:08:51,760","container":"fd1bd7073234","level":"INFO","thread":"EthScheduler-Timer-0","class":"FullSyncTargetManager","message":"Unable to find sync target. Currently checking 0 peers for usefulness","throwable":""}
{"timestamp":"2025-07-04T00:08:56,760","container":"fd1bd7073234","level":"INFO","thread":"EthScheduler-Timer-0","class":"FullSyncTargetManager","message":"Unable to find sync target. Currently checking 0 peers for usefulness","throwable":""}
{"timestamp":"2025-07-04T00:09:01,761","container":"fd1bd7073234","level":"INFO","thread":"EthScheduler-Timer-0","class":"FullSyncTargetManager","message":"Unable to find sync target. Currently checking 0 peers for usefulness","throwable":""}
{"timestamp":"2025-07-04T00:09:06,761","container":"fd1bd7073234","level":"INFO","thread":"EthScheduler-Timer-0","class":"FullSyncTargetManager","message":"Unable to find sync target. Currently checking 0 peers for usefulness","throwable":""}
{"timestamp":"2025-07-04T00:09:11,762","container":"fd1bd7073234","level":"INFO","thread":"EthScheduler-Timer-0","class":"FullSyncTargetManager","message":"Unable to find sync target. Currently checking 0 peers for usefulness","throwable":""}
{"timestamp":"2025-07-04T00:09:16,762","container":"fd1bd7073234","level":"INFO","thread":"EthScheduler-Timer-0","class":"FullSyncTargetManager","message":"Unable to find sync target. Currently checking 0 peers for usefulness","throwable":""}
{"timestamp":"2025-07-04T00:09:21,763","container":"fd1bd7073234","level":"INFO","thread":"EthScheduler-Timer-0","class":"FullSyncTargetManager","message":"Unable to find sync target. Currently checking 0 peers for usefulness","throwable":""}
{"timestamp":"2025-07-04T00:09:26,763","container":"fd1bd7073234","level":"INFO","thread":"EthScheduler-Timer-0","class":"FullSyncTargetManager","message":"Unable to find sync target. Currently checking 0 peers for usefulness","throwable":""}
{"timestamp":"2025-07-04T00:09:31,764","container":"fd1bd7073234","level":"INFO","thread":"EthScheduler-Timer-0","class":"FullSyncTargetManager","message":"Unable to find sync target. Currently checking 0 peers for usefulness","throwable":""}
{"timestamp":"2025-07-04T00:09:36,764","container":"fd1bd7073234","level":"INFO","thread":"EthScheduler-Timer-0","class":"FullSyncTargetManager","message":"Unable to find sync target. Currently checking 0 peers for usefulness","throwable":""}
{"timestamp":"2025-07-04T00:09:41,764","container":"fd1bd7073234","level":"INFO","thread":"EthScheduler-Timer-0","class":"FullSyncTargetManager","message":"Unable to find sync target. Currently checking 0 peers for usefulness","throwable":""}
{"timestamp":"2025-07-04T00:09:46,765","container":"fd1bd7073234","level":"INFO","thread":"EthScheduler-Timer-0","class":"FullSyncTargetManager","message":"Unable to find sync target. Currently checking 0 peers for usefulness","throwable":""}
{"timestamp":"2025-07-04T00:09:51,765","container":"fd1bd7073234","level":"INFO","thread":"EthScheduler-Timer-0","class":"FullSyncTargetManager","message":"Unable to find sync target. Currently checking 0 peers for usefulness","throwable":""}
{"timestamp":"2025-07-04T00:09:56,766","container":"fd1bd7073234","level":"INFO","thread":"EthScheduler-Timer-0","class":"FullSyncTargetManager","message":"Unable to find sync target. Currently checking 0 peers for usefulness","throwable":""}
{"timestamp":"2025-07-04T00:10:01,766","container":"fd1bd7073234","level":"INFO","thread":"EthScheduler-Timer-0","class":"FullSyncTargetManager","message":"Unable to find sync target. Currently checking 0 peers for usefulness","throwable":""}
{"timestamp":"2025-07-04T00:10:06,767","container":"fd1bd7073234","level":"INFO","thread":"EthScheduler-Timer-0","class":"FullSyncTargetManager","message":"Unable to find sync target. Currently checking 0 peers for usefulness","throwable":""}
{"timestamp":"2025-07-04T00:10:11,767","container":"fd1bd7073234","level":"INFO","thread":"EthScheduler-Timer-0","class":"FullSyncTargetManager","message":"Unable to find sync target. Currently checking 0 peers for usefulness","throwable":""}
{"timestamp":"2025-07-04T00:10:16,768","container":"fd1bd7073234","level":"INFO","thread":"EthScheduler-Timer-0","class":"FullSyncTargetManager","message":"Unable to find sync target. Currently checking 0 peers for usefulness","throwable":""}
{"timestamp":"2025-07-04T00:10:21,768","container":"fd1bd7073234","level":"INFO","thread":"EthScheduler-Timer-0","class":"FullSyncTargetManager","message":"Unable to find sync target. Currently checking 0 peers for usefulness","throwable":""}
{"timestamp":"2025-07-04T00:10:26,768","container":"fd1bd7073234","level":"INFO","thread":"EthScheduler-Timer-0","class":"FullSyncTargetManager","message":"Unable to find sync target. Currently checking 0 peers for usefulness","throwable":""}
{"timestamp":"2025-07-04T00:10:31,769","container":"fd1bd7073234","level":"INFO","thread":"EthScheduler-Timer-0","class":"FullSyncTargetManager","message":"Unable to find sync target. Currently checking 0 peers for usefulness","throwable":""}
{"timestamp":"2025-07-04T00:10:36,769","container":"fd1bd7073234","level":"INFO","thread":"EthScheduler-Timer-0","class":"FullSyncTargetManager","message":"Unable to find sync target. Currently checking 0 peers for usefulness","throwable":""}
{"timestamp":"2025-07-04T00:10:41,770","container":"fd1bd7073234","level":"INFO","thread":"EthScheduler-Timer-0","class":"FullSyncTargetManager","message":"Unable to find sync target. Currently checking 0 peers for usefulness","throwable":""}
{"timestamp":"2025-07-04T00:10:46,770","container":"fd1bd7073234","level":"INFO","thread":"EthScheduler-Timer-0","class":"FullSyncTargetManager","message":"Unable to find sync target. Currently checking 0 peers for usefulness","throwable":""}
{"timestamp":"2025-07-04T00:10:51,770","container":"fd1bd7073234","level":"INFO","thread":"EthScheduler-Timer-0","class":"FullSyncTargetManager","message":"Unable to find sync target. Currently checking 0 peers for usefulness","throwable":""}
{"timestamp":"2025-07-04T00:10:56,771","container":"fd1bd7073234","level":"INFO","thread":"EthScheduler-Timer-0","class":"FullSyncTargetManager","message":"Unable to find sync target. Currently checking 0 peers for usefulness","throwable":""}
{"timestamp":"2025-07-04T00:11:01,772","container":"fd1bd7073234","level":"INFO","thread":"EthScheduler-Timer-0","class":"FullSyncTargetManager","message":"Unable to find sync target. Currently checking 0 peers for usefulness","throwable":""}
{"timestamp":"2025-07-04T00:11:06,772","container":"fd1bd7073234","level":"INFO","thread":"EthScheduler-Timer-0","class":"FullSyncTargetManager","message":"Unable to find sync target. Currently checking 0 peers for usefulness","throwable":""}
{"timestamp":"2025-07-04T00:11:11,773","container":"fd1bd7073234","level":"INFO","thread":"EthScheduler-Timer-0","class":"FullSyncTargetManager","message":"Unable to find sync target. Currently checking 0 peers for usefulness","throwable":""}
{"timestamp":"2025-07-04T00:11:16,773","container":"fd1bd7073234","level":"INFO","thread":"EthScheduler-Timer-0","class":"FullSyncTargetManager","message":"Unable to find sync target. Currently checking 0 peers for usefulness","throwable":""}
{"timestamp":"2025-07-04T00:11:21,774","container":"fd1bd7073234","level":"INFO","thread":"EthScheduler-Timer-0","class":"FullSyncTargetManager","message":"Unable to find sync target. Currently checking 0 peers for usefulness","throwable":""}
{"timestamp":"2025-07-04T00:11:26,774","container":"fd1bd7073234","level":"INFO","thread":"EthScheduler-Timer-0","class":"FullSyncTargetManager","message":"Unable to find sync target. Currently checking 0 peers for usefulness","throwable":""}
{"timestamp":"2025-07-04T00:11:31,775","container":"fd1bd7073234","level":"INFO","thread":"EthScheduler-Timer-0","class":"FullSyncTargetManager","message":"Unable to find sync target. Currently checking 0 peers for usefulness","throwable":""}
{"timestamp":"2025-07-04T00:11:36,775","container":"fd1bd7073234","level":"INFO","thread":"EthScheduler-Timer-0","class":"FullSyncTargetManager","message":"Unable to find sync target. Currently checking 0 peers for usefulness","throwable":""}
{"timestamp":"2025-07-04T00:11:41,775","container":"fd1bd7073234","level":"INFO","thread":"EthScheduler-Timer-0","class":"FullSyncTargetManager","message":"Unable to find sync target. Currently checking 0 peers for usefulness","throwable":""}
{"timestamp":"2025-07-04T00:11:46,776","container":"fd1bd7073234","level":"INFO","thread":"EthScheduler-Timer-0","class":"FullSyncTargetManager","message":"Unable to find sync target. Currently checking 0 peers for usefulness","throwable":""}
{"timestamp":"2025-07-04T00:11:51,776","container":"fd1bd7073234","level":"INFO","thread":"EthScheduler-Timer-0","class":"FullSyncTargetManager","message":"Unable to find sync target. Currently checking 0 peers for usefulness","throwable":""}
{"timestamp":"2025-07-04T00:11:56,777","container":"fd1bd7073234","level":"INFO","thread":"EthScheduler-Timer-0","class":"FullSyncTargetManager","message":"Unable to find sync target. Currently checking 0 peers for usefulness","throwable":""}
{"timestamp":"2025-07-04T00:12:01,777","container":"fd1bd7073234","level":"INFO","thread":"EthScheduler-Timer-0","class":"FullSyncTargetManager","message":"Unable to find sync target. Currently checking 0 peers for usefulness","throwable":""}
{"timestamp":"2025-07-04T00:12:06,778","container":"fd1bd7073234","level":"INFO","thread":"EthScheduler-Timer-0","class":"FullSyncTargetManager","message":"Unable to find sync target. Currently checking 0 peers for usefulness","throwable":""}
{"timestamp":"2025-07-04T00:12:11,778","container":"fd1bd7073234","level":"INFO","thread":"EthScheduler-Timer-0","class":"FullSyncTargetManager","message":"Unable to find sync target. Currently checking 0 peers for usefulness","throwable":""}
{"timestamp":"2025-07-04T00:12:16,779","container":"fd1bd7073234","level":"INFO","thread":"EthScheduler-Timer-0","class":"FullSyncTargetManager","message":"Unable to find sync target. Currently checking 0 peers for usefulness","throwable":""}
{"timestamp":"2025-07-04T00:12:21,779","container":"fd1bd7073234","level":"INFO","thread":"EthScheduler-Timer-0","class":"FullSyncTargetManager","message":"Unable to find sync target. Currently checking 0 peers for usefulness","throwable":""}
{"timestamp":"2025-07-04T00:12:26,780","container":"fd1bd7073234","level":"INFO","thread":"EthScheduler-Timer-0","class":"FullSyncTargetManager","message":"Unable to find sync target. Currently checking 0 peers for usefulness","throwable":""}
{"timestamp":"2025-07-04T00:12:31,780","container":"fd1bd7073234","level":"INFO","thread":"EthScheduler-Timer-0","class":"FullSyncTargetManager","message":"Unable to find sync target. Currently checking 0 peers for usefulness","throwable":""}
{"timestamp":"2025-07-04T00:12:36,781","container":"fd1bd7073234","level":"INFO","thread":"EthScheduler-Timer-0","class":"FullSyncTargetManager","message":"Unable to find sync target. Currently checking 0 peers for usefulness","throwable":""}
{"timestamp":"2025-07-04T00:12:41,781","container":"fd1bd7073234","level":"INFO","thread":"EthScheduler-Timer-0","class":"FullSyncTargetManager","message":"Unable to find sync target. Currently checking 0 peers for usefulness","throwable":""}
{"timestamp":"2025-07-04T00:12:46,782","container":"fd1bd7073234","level":"INFO","thread":"EthScheduler-Timer-0","class":"FullSyncTargetManager","message":"Unable to find sync target. Currently checking 0 peers for usefulness","throwable":""}
{"timestamp":"2025-07-04T00:12:51,782","container":"fd1bd7073234","level":"INFO","thread":"EthScheduler-Timer-0","class":"FullSyncTargetManager","message":"Unable to find sync target. Currently checking 0 peers for usefulness","throwable":""}
{"timestamp":"2025-07-04T00:12:56,783","container":"fd1bd7073234","level":"INFO","thread":"EthScheduler-Timer-0","class":"FullSyncTargetManager","message":"Unable to find sync target. Currently checking 0 peers for usefulness","throwable":""}
{"timestamp":"2025-07-04T00:13:01,783","container":"fd1bd7073234","level":"INFO","thread":"EthScheduler-Timer-0","class":"FullSyncTargetManager","message":"Unable to find sync target. Currently checking 0 peers for usefulness","throwable":""}
{"timestamp":"2025-07-04T00:13:06,783","container":"fd1bd7073234","level":"INFO","thread":"EthScheduler-Timer-0","class":"FullSyncTargetManager","message":"Unable to find sync target. Currently checking 0 peers for usefulness","throwable":""}
{"timestamp":"2025-07-04T00:13:11,784","container":"fd1bd7073234","level":"INFO","thread":"EthScheduler-Timer-0","class":"FullSyncTargetManager","message":"Unable to find sync target. Currently checking 0 peers for usefulness","throwable":""}
{"timestamp":"2025-07-04T00:13:16,784","container":"fd1bd7073234","level":"INFO","thread":"EthScheduler-Timer-0","class":"FullSyncTargetManager","message":"Unable to find sync target. Currently checking 0 peers for usefulness","throwable":""}
{"timestamp":"2025-07-04T00:13:21,785","container":"fd1bd7073234","level":"INFO","thread":"EthScheduler-Timer-0","class":"FullSyncTargetManager","message":"Unable to find sync target. Currently checking 0 peers for usefulness","throwable":""}
{"timestamp":"2025-07-04T00:13:26,785","container":"fd1bd7073234","level":"INFO","thread":"EthScheduler-Timer-0","class":"FullSyncTargetManager","message":"Unable to find sync target. Currently checking 0 peers for usefulness","throwable":""}
{"timestamp":"2025-07-04T00:13:31,786","container":"fd1bd7073234","level":"INFO","thread":"EthScheduler-Timer-0","class":"FullSyncTargetManager","message":"Unable to find sync target. Currently checking 0 peers for usefulness","throwable":""}
{"timestamp":"2025-07-04T00:13:36,786","container":"fd1bd7073234","level":"INFO","thread":"EthScheduler-Timer-0","class":"FullSyncTargetManager","message":"Unable to find sync target. Currently checking 0 peers for usefulness","throwable":""}
{"timestamp":"2025-07-04T00:13:41,787","container":"fd1bd7073234","level":"INFO","thread":"EthScheduler-Timer-0","class":"FullSyncTargetManager","message":"Unable to find sync target. Currently checking 0 peers for usefulness","throwable":""}
{"timestamp":"2025-07-04T00:13:46,787","container":"fd1bd7073234","level":"INFO","thread":"EthScheduler-Timer-0","class":"FullSyncTargetManager","message":"Unable to find sync target. Currently checking 0 peers for usefulness","throwable":""}
{"timestamp":"2025-07-04T00:13:51,788","container":"fd1bd7073234","level":"INFO","thread":"EthScheduler-Timer-0","class":"FullSyncTargetManager","message":"Unable to find sync target. Currently checking 0 peers for usefulness","throwable":""}
{"timestamp":"2025-07-04T00:13:56,788","container":"fd1bd7073234","level":"INFO","thread":"EthScheduler-Timer-0","class":"FullSyncTargetManager","message":"Unable to find sync target. Currently checking 0 peers for usefulness","throwable":""}
{"timestamp":"2025-07-04T00:14:01,788","container":"fd1bd7073234","level":"INFO","thread":"EthScheduler-Timer-0","class":"FullSyncTargetManager","message":"Unable to find sync target. Currently checking 0 peers for usefulness","throwable":""}
{"timestamp":"2025-07-04T00:14:06,789","container":"fd1bd7073234","level":"INFO","thread":"EthScheduler-Timer-0","class":"FullSyncTargetManager","message":"Unable to find sync target. Currently checking 0 peers for usefulness","throwable":""}
{"timestamp":"2025-07-04T00:14:11,789","container":"fd1bd7073234","level":"INFO","thread":"EthScheduler-Timer-0","class":"FullSyncTargetManager","message":"Unable to find sync target. Currently checking 0 peers for usefulness","throwable":""}
{"timestamp":"2025-07-04T00:14:16,790","container":"fd1bd7073234","level":"INFO","thread":"EthScheduler-Timer-0","class":"FullSyncTargetManager","message":"Unable to find sync target. Currently checking 0 peers for usefulness","throwable":""}
{"timestamp":"2025-07-04T00:14:21,790","container":"fd1bd7073234","level":"INFO","thread":"EthScheduler-Timer-0","class":"FullSyncTargetManager","message":"Unable to find sync target. Currently checking 0 peers for usefulness","throwable":""}
{"timestamp":"2025-07-04T00:14:26,791","container":"fd1bd7073234","level":"INFO","thread":"EthScheduler-Timer-0","class":"FullSyncTargetManager","message":"Unable to find sync target. Currently checking 0 peers for usefulness","throwable":""}
{"timestamp":"2025-07-04T00:14:31,791","container":"fd1bd7073234","level":"INFO","thread":"EthScheduler-Timer-0","class":"FullSyncTargetManager","message":"Unable to find sync target. Currently checking 0 peers for usefulness","throwable":""}
{"timestamp":"2025-07-04T00:14:36,792","container":"fd1bd7073234","level":"INFO","thread":"EthScheduler-Timer-0","class":"FullSyncTargetManager","message":"Unable to find sync target. Currently checking 0 peers for usefulness","throwable":""}
{"timestamp":"2025-07-04T00:14:41,792","container":"fd1bd7073234","level":"INFO","thread":"EthScheduler-Timer-0","class":"FullSyncTargetManager","message":"Unable to find sync target. Currently checking 0 peers for usefulness","throwable":""}
{"timestamp":"2025-07-04T00:14:46,792","container":"fd1bd7073234","level":"INFO","thread":"EthScheduler-Timer-0","class":"FullSyncTargetManager","message":"Unable to find sync target. Currently checking 0 peers for usefulness","throwable":""}
{"timestamp":"2025-07-04T00:14:51,793","container":"fd1bd7073234","level":"INFO","thread":"EthScheduler-Timer-0","class":"FullSyncTargetManager","message":"Unable to find sync target. Currently checking 0 peers for usefulness","throwable":""}
{"timestamp":"2025-07-04T00:14:56,793","container":"fd1bd7073234","level":"INFO","thread":"EthScheduler-Timer-0","class":"FullSyncTargetManager","message":"Unable to find sync target. Currently checking 0 peers for usefulness","throwable":""}
{"timestamp":"2025-07-04T00:15:01,794","container":"fd1bd7073234","level":"INFO","thread":"EthScheduler-Timer-0","class":"FullSyncTargetManager","message":"Unable to find sync target. Currently checking 0 peers for usefulness","throwable":""}
{"timestamp":"2025-07-04T00:15:06,794","container":"fd1bd7073234","level":"INFO","thread":"EthScheduler-Timer-0","class":"FullSyncTargetManager","message":"Unable to find sync target. Currently checking 0 peers for usefulness","throwable":""}
{"timestamp":"2025-07-04T00:15:11,795","container":"fd1bd7073234","level":"INFO","thread":"EthScheduler-Timer-0","class":"FullSyncTargetManager","message":"Unable to find sync target. Currently checking 0 peers for usefulness","throwable":""}
{"timestamp":"2025-07-04T00:15:16,795","container":"fd1bd7073234","level":"INFO","thread":"EthScheduler-Timer-0","class":"FullSyncTargetManager","message":"Unable to find sync target. Currently checking 0 peers for usefulness","throwable":""}
{"timestamp":"2025-07-04T00:15:21,796","container":"fd1bd7073234","level":"INFO","thread":"EthScheduler-Timer-0","class":"FullSyncTargetManager","message":"Unable to find sync target. Currently checking 0 peers for usefulness","throwable":""}
{"timestamp":"2025-07-04T00:15:26,796","container":"fd1bd7073234","level":"INFO","thread":"EthScheduler-Timer-0","class":"FullSyncTargetManager","message":"Unable to find sync target. Currently checking 0 peers for usefulness","throwable":""}
{"timestamp":"2025-07-04T00:15:31,796","container":"fd1bd7073234","level":"INFO","thread":"EthScheduler-Timer-0","class":"FullSyncTargetManager","message":"Unable to find sync target. Currently checking 0 peers for usefulness","throwable":""}
{"timestamp":"2025-07-04T00:15:36,797","container":"fd1bd7073234","level":"INFO","thread":"EthScheduler-Timer-0","class":"FullSyncTargetManager","message":"Unable to find sync target. Currently checking 0 peers for usefulness","throwable":""}
{"timestamp":"2025-07-04T00:15:41,797","container":"fd1bd7073234","level":"INFO","thread":"EthScheduler-Timer-0","class":"FullSyncTargetManager","message":"Unable to find sync target. Currently checking 0 peers for usefulness","throwable":""}
{"timestamp":"2025-07-04T00:15:46,798","container":"fd1bd7073234","level":"INFO","thread":"EthScheduler-Timer-0","class":"FullSyncTargetManager","message":"Unable to find sync target. Currently checking 0 peers for usefulness","throwable":""}
{"timestamp":"2025-07-04T00:15:51,798","container":"fd1bd7073234","level":"INFO","thread":"EthScheduler-Timer-0","class":"FullSyncTargetManager","message":"Unable to find sync target. Currently checking 0 peers for usefulness","throwable":""}
{"timestamp":"2025-07-04T00:15:56,799","container":"fd1bd7073234","level":"INFO","thread":"EthScheduler-Timer-0","class":"FullSyncTargetManager","message":"Unable to find sync target. Currently checking 0 peers for usefulness","throwable":""}
{"timestamp":"2025-07-04T00:16:01,799","container":"fd1bd7073234","level":"INFO","thread":"EthScheduler-Timer-0","class":"FullSyncTargetManager","message":"Unable to find sync target. Currently checking 0 peers for usefulness","throwable":""}
{"timestamp":"2025-07-04T00:16:06,800","container":"fd1bd7073234","level":"INFO","thread":"EthScheduler-Timer-0","class":"FullSyncTargetManager","message":"Unable to find sync target. Currently checking 0 peers for usefulness","throwable":""}
{"timestamp":"2025-07-04T00:16:11,801","container":"fd1bd7073234","level":"INFO","thread":"EthScheduler-Timer-0","class":"FullSyncTargetManager","message":"Unable to find sync target. Currently checking 0 peers for usefulness","throwable":""}
{"timestamp":"2025-07-04T00:16:16,801","container":"fd1bd7073234","level":"INFO","thread":"EthScheduler-Timer-0","class":"FullSyncTargetManager","message":"Unable to find sync target. Currently checking 0 peers for usefulness","throwable":""}
{"timestamp":"2025-07-04T00:16:21,802","container":"fd1bd7073234","level":"INFO","thread":"EthScheduler-Timer-0","class":"FullSyncTargetManager","message":"Unable to find sync target. Currently checking 0 peers for usefulness","throwable":""}
{"timestamp":"2025-07-04T00:16:26,802","container":"fd1bd7073234","level":"INFO","thread":"EthScheduler-Timer-0","class":"FullSyncTargetManager","message":"Unable to find sync target. Currently checking 0 peers for usefulness","throwable":""}
{"timestamp":"2025-07-04T00:16:31,803","container":"fd1bd7073234","level":"INFO","thread":"EthScheduler-Timer-0","class":"FullSyncTargetManager","message":"Unable to find sync target. Currently checking 0 peers for usefulness","throwable":""}
{"timestamp":"2025-07-04T00:16:36,803","container":"fd1bd7073234","level":"INFO","thread":"EthScheduler-Timer-0","class":"FullSyncTargetManager","message":"Unable to find sync target. Currently checking 0 peers for usefulness","throwable":""}
{"timestamp":"2025-07-04T00:16:41,804","container":"fd1bd7073234","level":"INFO","thread":"EthScheduler-Timer-0","class":"FullSyncTargetManager","message":"Unable to find sync target. Currently checking 0 peers for usefulness","throwable":""}
{"timestamp":"2025-07-04T00:16:46,804","container":"fd1bd7073234","level":"INFO","thread":"EthScheduler-Timer-0","class":"FullSyncTargetManager","message":"Unable to find sync target. Currently checking 0 peers for usefulness","throwable":""}
{"timestamp":"2025-07-04T00:16:51,805","container":"fd1bd7073234","level":"INFO","thread":"EthScheduler-Timer-0","class":"FullSyncTargetManager","message":"Unable to find sync target. Currently checking 0 peers for usefulness","throwable":""}
{"timestamp":"2025-07-04T00:16:56,805","container":"fd1bd7073234","level":"INFO","thread":"EthScheduler-Timer-0","class":"FullSyncTargetManager","message":"Unable to find sync target. Currently checking 0 peers for usefulness","throwable":""}
{"timestamp":"2025-07-04T00:17:01,806","container":"fd1bd7073234","level":"INFO","thread":"EthScheduler-Timer-0","class":"FullSyncTargetManager","message":"Unable to find sync target. Currently checking 0 peers for usefulness","throwable":""}
{"timestamp":"2025-07-04T00:17:06,806","container":"fd1bd7073234","level":"INFO","thread":"EthScheduler-Timer-0","class":"FullSyncTargetManager","message":"Unable to find sync target. Currently checking 0 peers for usefulness","throwable":""}
{"timestamp":"2025-07-04T00:17:11,807","container":"fd1bd7073234","level":"INFO","thread":"EthScheduler-Timer-0","class":"FullSyncTargetManager","message":"Unable to find sync target. Currently checking 0 peers for usefulness","throwable":""}
{"timestamp":"2025-07-04T00:17:16,807","container":"fd1bd7073234","level":"INFO","thread":"EthScheduler-Timer-0","class":"FullSyncTargetManager","message":"Unable to find sync target. Currently checking 0 peers for usefulness","throwable":""}
{"timestamp":"2025-07-04T00:17:21,808","container":"fd1bd7073234","level":"INFO","thread":"EthScheduler-Timer-0","class":"FullSyncTargetManager","message":"Unable to find sync target. Currently checking 0 peers for usefulness","throwable":""}
{"timestamp":"2025-07-04T00:17:26,808","container":"fd1bd7073234","level":"INFO","thread":"EthScheduler-Timer-0","class":"FullSyncTargetManager","message":"Unable to find sync target. Currently checking 0 peers for usefulness","throwable":""}
{"timestamp":"2025-07-04T00:17:31,809","container":"fd1bd7073234","level":"INFO","thread":"EthScheduler-Timer-0","class":"FullSyncTargetManager","message":"Unable to find sync target. Currently checking 0 peers for usefulness","throwable":""}
{"timestamp":"2025-07-04T00:17:36,809","container":"fd1bd7073234","level":"INFO","thread":"EthScheduler-Timer-0","class":"FullSyncTargetManager","message":"Unable to find sync target. Currently checking 0 peers for usefulness","throwable":""}
{"timestamp":"2025-07-04T00:17:41,810","container":"fd1bd7073234","level":"INFO","thread":"EthScheduler-Timer-0","class":"FullSyncTargetManager","message":"Unable to find sync target. Currently checking 0 peers for usefulness","throwable":""}
{"timestamp":"2025-07-04T00:17:46,810","container":"fd1bd7073234","level":"INFO","thread":"EthScheduler-Timer-0","class":"FullSyncTargetManager","message":"Unable to find sync target. Currently checking 0 peers for usefulness","throwable":""}
{"timestamp":"2025-07-04T00:17:51,811","container":"fd1bd7073234","level":"INFO","thread":"EthScheduler-Timer-0","class":"FullSyncTargetManager","message":"Unable to find sync target. Currently checking 0 peers for usefulness","throwable":""}
{"timestamp":"2025-07-04T00:17:56,811","container":"fd1bd7073234","level":"INFO","thread":"EthScheduler-Timer-0","class":"FullSyncTargetManager","message":"Unable to find sync target. Currently checking 0 peers for usefulness","throwable":""}
{"timestamp":"2025-07-04T00:18:01,812","container":"fd1bd7073234","level":"INFO","thread":"EthScheduler-Timer-0","class":"FullSyncTargetManager","message":"Unable to find sync target. Currently checking 0 peers for usefulness","throwable":""}
{"timestamp":"2025-07-04T00:18:06,812","container":"fd1bd7073234","level":"INFO","thread":"EthScheduler-Timer-0","class":"FullSyncTargetManager","message":"Unable to find sync target. Currently checking 0 peers for usefulness","throwable":""}
{"timestamp":"2025-07-04T00:18:11,813","container":"fd1bd7073234","level":"INFO","thread":"EthScheduler-Timer-0","class":"FullSyncTargetManager","message":"Unable to find sync target. Currently checking 0 peers for usefulness","throwable":""}
{"timestamp":"2025-07-04T00:18:16,813","container":"fd1bd7073234","level":"INFO","thread":"EthScheduler-Timer-0","class":"FullSyncTargetManager","message":"Unable to find sync target. Currently checking 0 peers for usefulness","throwable":""}
{"timestamp":"2025-07-04T00:18:21,814","container":"fd1bd7073234","level":"INFO","thread":"EthScheduler-Timer-0","class":"FullSyncTargetManager","message":"Unable to find sync target. Currently checking 0 peers for usefulness","throwable":""}
{"timestamp":"2025-07-04T00:18:26,814","container":"fd1bd7073234","level":"INFO","thread":"EthScheduler-Timer-0","class":"FullSyncTargetManager","message":"Unable to find sync target. Currently checking 0 peers for usefulness","throwable":""}
{"timestamp":"2025-07-04T00:18:31,815","container":"fd1bd7073234","level":"INFO","thread":"EthScheduler-Timer-0","class":"FullSyncTargetManager","message":"Unable to find sync target. Currently checking 0 peers for usefulness","throwable":""}
{"timestamp":"2025-07-04T00:18:36,815","container":"fd1bd7073234","level":"INFO","thread":"EthScheduler-Timer-0","class":"FullSyncTargetManager","message":"Unable to find sync target. Currently checking 0 peers for usefulness","throwable":""}
{"timestamp":"2025-07-04T00:18:41,816","container":"fd1bd7073234","level":"INFO","thread":"EthScheduler-Timer-0","class":"FullSyncTargetManager","message":"Unable to find sync target. Currently checking 0 peers for usefulness","throwable":""}
{"timestamp":"2025-07-04T00:18:46,816","container":"fd1bd7073234","level":"INFO","thread":"EthScheduler-Timer-0","class":"FullSyncTargetManager","message":"Unable to find sync target. Currently checking 0 peers for usefulness","throwable":""}
{"timestamp":"2025-07-04T00:18:51,817","container":"fd1bd7073234","level":"INFO","thread":"EthScheduler-Timer-0","class":"FullSyncTargetManager","message":"Unable to find sync target. Currently checking 0 peers for usefulness","throwable":""}
{"timestamp":"2025-07-04T00:18:56,817","container":"fd1bd7073234","level":"INFO","thread":"EthScheduler-Timer-0","class":"FullSyncTargetManager","message":"Unable to find sync target. Currently checking 0 peers for usefulness","throwable":""}
{"timestamp":"2025-07-04T00:19:01,817","container":"fd1bd7073234","level":"INFO","thread":"EthScheduler-Timer-0","class":"FullSyncTargetManager","message":"Unable to find sync target. Currently checking 0 peers for usefulness","throwable":""}
{"timestamp":"2025-07-04T00:19:06,818","container":"fd1bd7073234","level":"INFO","thread":"EthScheduler-Timer-0","class":"FullSyncTargetManager","message":"Unable to find sync target. Currently checking 0 peers for usefulness","throwable":""}
{"timestamp":"2025-07-04T00:19:11,818","container":"fd1bd7073234","level":"INFO","thread":"EthScheduler-Timer-0","class":"FullSyncTargetManager","message":"Unable to find sync target. Currently checking 0 peers for usefulness","throwable":""}
{"timestamp":"2025-07-04T00:19:16,819","container":"fd1bd7073234","level":"INFO","thread":"EthScheduler-Timer-0","class":"FullSyncTargetManager","message":"Unable to find sync target. Currently checking 0 peers for usefulness","throwable":""}
{"timestamp":"2025-07-04T00:19:21,819","container":"fd1bd7073234","level":"INFO","thread":"EthScheduler-Timer-0","class":"FullSyncTargetManager","message":"Unable to find sync target. Currently checking 0 peers for usefulness","throwable":""}
{"timestamp":"2025-07-04T00:19:26,820","container":"fd1bd7073234","level":"INFO","thread":"EthScheduler-Timer-0","class":"FullSyncTargetManager","message":"Unable to find sync target. Currently checking 0 peers for usefulness","throwable":""}
{"timestamp":"2025-07-04T00:19:31,820","container":"fd1bd7073234","level":"INFO","thread":"EthScheduler-Timer-0","class":"FullSyncTargetManager","message":"Unable to find sync target. Currently checking 0 peers for usefulness","throwable":""}
{"timestamp":"2025-07-04T00:19:36,821","container":"fd1bd7073234","level":"INFO","thread":"EthScheduler-Timer-0","class":"FullSyncTargetManager","message":"Unable to find sync target. Currently checking 0 peers for usefulness","throwable":""}
{"timestamp":"2025-07-04T00:19:41,821","container":"fd1bd7073234","level":"INFO","thread":"EthScheduler-Timer-0","class":"FullSyncTargetManager","message":"Unable to find sync target. Currently checking 0 peers for usefulness","throwable":""}
{"timestamp":"2025-07-04T00:19:46,822","container":"fd1bd7073234","level":"INFO","thread":"EthScheduler-Timer-0","class":"FullSyncTargetManager","message":"Unable to find sync target. Currently checking 0 peers for usefulness","throwable":""}
{"timestamp":"2025-07-04T00:19:51,822","container":"fd1bd7073234","level":"INFO","thread":"EthScheduler-Timer-0","class":"FullSyncTargetManager","message":"Unable to find sync target. Currently checking 0 peers for usefulness","throwable":""}
{"timestamp":"2025-07-04T00:19:56,823","container":"fd1bd7073234","level":"INFO","thread":"EthScheduler-Timer-0","class":"FullSyncTargetManager","message":"Unable to find sync target. Currently checking 0 peers for usefulness","throwable":""}
{"timestamp":"2025-07-04T00:20:01,823","container":"fd1bd7073234","level":"INFO","thread":"EthScheduler-Timer-0","class":"FullSyncTargetManager","message":"Unable to find sync target. Currently checking 0 peers for usefulness","throwable":""}
{"timestamp":"2025-07-04T00:20:06,824","container":"fd1bd7073234","level":"INFO","thread":"EthScheduler-Timer-0","class":"FullSyncTargetManager","message":"Unable to find sync target. Currently checking 0 peers for usefulness","throwable":""}
{"timestamp":"2025-07-04T00:20:11,824","container":"fd1bd7073234","level":"INFO","thread":"EthScheduler-Timer-0","class":"FullSyncTargetManager","message":"Unable to find sync target. Currently checking 0 peers for usefulness","throwable":""}
{"timestamp":"2025-07-04T00:20:16,824","container":"fd1bd7073234","level":"INFO","thread":"EthScheduler-Timer-0","class":"FullSyncTargetManager","message":"Unable to find sync target. Currently checking 0 peers for usefulness","throwable":""}
{"timestamp":"2025-07-04T00:20:21,825","container":"fd1bd7073234","level":"INFO","thread":"EthScheduler-Timer-0","class":"FullSyncTargetManager","message":"Unable to find sync target. Currently checking 0 peers for usefulness","throwable":""}
{"timestamp":"2025-07-04T00:20:26,825","container":"fd1bd7073234","level":"INFO","thread":"EthScheduler-Timer-0","class":"FullSyncTargetManager","message":"Unable to find sync target. Currently checking 0 peers for usefulness","throwable":""}
{"timestamp":"2025-07-04T00:20:31,826","container":"fd1bd7073234","level":"INFO","thread":"EthScheduler-Timer-0","class":"FullSyncTargetManager","message":"Unable to find sync target. Currently checking 0 peers for usefulness","throwable":""}
{"timestamp":"2025-07-04T00:20:36,826","container":"fd1bd7073234","level":"INFO","thread":"EthScheduler-Timer-0","class":"FullSyncTargetManager","message":"Unable to find sync target. Currently checking 0 peers for usefulness","throwable":""}
{"timestamp":"2025-07-04T00:20:41,827","container":"fd1bd7073234","level":"INFO","thread":"EthScheduler-Timer-0","class":"FullSyncTargetManager","message":"Unable to find sync target. Currently checking 0 peers for usefulness","throwable":""}
{"timestamp":"2025-07-04T00:20:46,827","container":"fd1bd7073234","level":"INFO","thread":"EthScheduler-Timer-0","class":"FullSyncTargetManager","message":"Unable to find sync target. Currently checking 0 peers for usefulness","throwable":""}
{"timestamp":"2025-07-04T00:20:51,828","container":"fd1bd7073234","level":"INFO","thread":"EthScheduler-Timer-0","class":"FullSyncTargetManager","message":"Unable to find sync target. Currently checking 0 peers for usefulness","throwable":""}
{"timestamp":"2025-07-04T00:20:56,828","container":"fd1bd7073234","level":"INFO","thread":"EthScheduler-Timer-0","class":"FullSyncTargetManager","message":"Unable to find sync target. Currently checking 0 peers for usefulness","throwable":""}
{"timestamp":"2025-07-04T00:21:01,829","container":"fd1bd7073234","level":"INFO","thread":"EthScheduler-Timer-0","class":"FullSyncTargetManager","message":"Unable to find sync target. Currently checking 0 peers for usefulness","throwable":""}
{"timestamp":"2025-07-04T00:21:06,829","container":"fd1bd7073234","level":"INFO","thread":"EthScheduler-Timer-0","class":"FullSyncTargetManager","message":"Unable to find sync target. Currently checking 0 peers for usefulness","throwable":""}
{"timestamp":"2025-07-04T00:21:11,830","container":"fd1bd7073234","level":"INFO","thread":"EthScheduler-Timer-0","class":"FullSyncTargetManager","message":"Unable to find sync target. Currently checking 0 peers for usefulness","throwable":""}
{"timestamp":"2025-07-04T00:21:16,830","container":"fd1bd7073234","level":"INFO","thread":"EthScheduler-Timer-0","class":"FullSyncTargetManager","message":"Unable to find sync target. Currently checking 0 peers for usefulness","throwable":""}
{"timestamp":"2025-07-04T00:21:21,831","container":"fd1bd7073234","level":"INFO","thread":"EthScheduler-Timer-0","class":"FullSyncTargetManager","message":"Unable to find sync target. Currently checking 0 peers for usefulness","throwable":""}
{"timestamp":"2025-07-04T00:21:26,831","container":"fd1bd7073234","level":"INFO","thread":"EthScheduler-Timer-0","class":"FullSyncTargetManager","message":"Unable to find sync target. Currently checking 0 peers for usefulness","throwable":""}
{"timestamp":"2025-07-04T00:21:31,832","container":"fd1bd7073234","level":"INFO","thread":"EthScheduler-Timer-0","class":"FullSyncTargetManager","message":"Unable to find sync target. Currently checking 0 peers for usefulness","throwable":""}
{"timestamp":"2025-07-04T00:21:36,832","container":"fd1bd7073234","level":"INFO","thread":"EthScheduler-Timer-0","class":"FullSyncTargetManager","message":"Unable to find sync target. Currently checking 0 peers for usefulness","throwable":""}
{"timestamp":"2025-07-04T00:21:41,833","container":"fd1bd7073234","level":"INFO","thread":"EthScheduler-Timer-0","class":"FullSyncTargetManager","message":"Unable to find sync target. Currently checking 0 peers for usefulness","throwable":""}
{"timestamp":"2025-07-04T00:21:46,833","container":"fd1bd7073234","level":"INFO","thread":"EthScheduler-Timer-0","class":"FullSyncTargetManager","message":"Unable to find sync target. Currently checking 0 peers for usefulness","throwable":""}
{"timestamp":"2025-07-04T00:21:51,833","container":"fd1bd7073234","level":"INFO","thread":"EthScheduler-Timer-0","class":"FullSyncTargetManager","message":"Unable to find sync target. Currently checking 0 peers for usefulness","throwable":""}
{"timestamp":"2025-07-04T00:21:56,834","container":"fd1bd7073234","level":"INFO","thread":"EthScheduler-Timer-0","class":"FullSyncTargetManager","message":"Unable to find sync target. Currently checking 0 peers for usefulness","throwable":""}
{"timestamp":"2025-07-04T00:22:01,834","container":"fd1bd7073234","level":"INFO","thread":"EthScheduler-Timer-0","class":"FullSyncTargetManager","message":"Unable to find sync target. Currently checking 0 peers for usefulness","throwable":""}
{"timestamp":"2025-07-04T00:22:06,835","container":"fd1bd7073234","level":"INFO","thread":"EthScheduler-Timer-0","class":"FullSyncTargetManager","message":"Unable to find sync target. Currently checking 0 peers for usefulness","throwable":""}
{"timestamp":"2025-07-04T00:22:11,835","container":"fd1bd7073234","level":"INFO","thread":"EthScheduler-Timer-0","class":"FullSyncTargetManager","message":"Unable to find sync target. Currently checking 0 peers for usefulness","throwable":""}
{"timestamp":"2025-07-04T00:22:16,836","container":"fd1bd7073234","level":"INFO","thread":"EthScheduler-Timer-0","class":"FullSyncTargetManager","message":"Unable to find sync target. Currently checking 0 peers for usefulness","throwable":""}
{"timestamp":"2025-07-04T00:22:21,836","container":"fd1bd7073234","level":"INFO","thread":"EthScheduler-Timer-0","class":"FullSyncTargetManager","message":"Unable to find sync target. Currently checking 0 peers for usefulness","throwable":""}
{"timestamp":"2025-07-04T00:22:26,837","container":"fd1bd7073234","level":"INFO","thread":"EthScheduler-Timer-0","class":"FullSyncTargetManager","message":"Unable to find sync target. Currently checking 0 peers for usefulness","throwable":""}
{"timestamp":"2025-07-04T00:22:31,837","container":"fd1bd7073234","level":"INFO","thread":"EthScheduler-Timer-0","class":"FullSyncTargetManager","message":"Unable to find sync target. Currently checking 0 peers for usefulness","throwable":""}
{"timestamp":"2025-07-04T00:22:36,837","container":"fd1bd7073234","level":"INFO","thread":"EthScheduler-Timer-0","class":"FullSyncTargetManager","message":"Unable to find sync target. Currently checking 0 peers for usefulness","throwable":""}
{"timestamp":"2025-07-04T00:22:41,838","container":"fd1bd7073234","level":"INFO","thread":"EthScheduler-Timer-0","class":"FullSyncTargetManager","message":"Unable to find sync target. Currently checking 0 peers for usefulness","throwable":""}
{"timestamp":"2025-07-04T00:22:46,697","container":"fd1bd7073234","level":"INFO","thread":"BftProcessorExecutor-QBFT-0","class":"BftProcessor","message":"Shutting down BFT event processor","throwable":""}
{"timestamp":"2025-07-04T00:22:46,699","container":"fd1bd7073234","level":"INFO","thread":"BesuCommand-Shutdown-Hook","class":"DefaultSynchronizer","message":"Stopping synchronizer","throwable":""}
{"timestamp":"2025-07-04T00:22:46,703","container":"fd1bd7073234","level":"INFO","thread":"BesuCommand-Shutdown-Hook","class":"NetworkRunner","message":"Stopping Network.","throwable":""}
{"timestamp":"2025-07-04T00:22:46,710","container":"fd1bd7073234","level":"INFO","thread":"BesuCommand-Shutdown-Hook","class":"EthProtocolManager","message":"Stopping eth Subprotocol.","throwable":""}
{"timestamp":"2025-07-04T00:22:46,810","container":"fd1bd7073234","level":"INFO","thread":"BesuCommand-Shutdown-Hook","class":"EthProtocolManager","message":"eth Subprotocol stopped.","throwable":""}
{"timestamp":"2025-07-04T00:22:46,810","container":"fd1bd7073234","level":"INFO","thread":"BesuCommand-Shutdown-Hook","class":"NetworkRunner","message":"Network stopped.","throwable":""}
{"timestamp":"2025-07-04T00:22:46,811","container":"fd1bd7073234","level":"INFO","thread":"BesuCommand-Shutdown-Hook","class":"AutoTransactionLogBloomCachingService","message":"Shutting down Auto transaction logs caching service.","throwable":""}
{"timestamp":"2025-07-04T00:22:46,811","container":"fd1bd7073234","level":"INFO","thread":"BesuCommand-Shutdown-Hook","class":"DockerNatManager","message":"Stopping docker NAT manager.","throwable":""}
{"timestamp":"2025-07-04T11:53:51,769","container":"fd1bd7073234","level":"INFO","thread":"main","class":"Besu","message":"Starting Besu","throwable":""}
{"timestamp":"2025-07-04T11:53:52,234","container":"fd1bd7073234","level":"WARN","thread":"main","class":"Besu","message":"--min-gas-price has been ignored because --miner-enabled was not defined on the command line.","throwable":""}
{"timestamp":"2025-07-04T11:53:53,314","container":"fd1bd7073234","level":"INFO","thread":"main","class":"Besu","message":"
####################################################################################################
#                                                                                                  #
# Besu version 23.4.1                                                                              #
#                                                                                                  #
# Configuration:                                                                                   #
# Network: Custom genesis file specified                                                           #
# Network Id: 1337                                                                                 #
# Data storage: Forest                                                                             #
# Sync mode: Full                                                                                  #
# RPC HTTP APIs: EEA,WEB3,ETH,NET,TRACE,DEBUG,ADMIN,TXPOOL,PRIV,PERM,QBFT                          #
# RPC HTTP port: 8545                                                                              #
#                                                                                                  #
# Host:                                                                                            #
# Java: openjdk-java-17                                                                            #
# Maximum heap size: 3.84 GB                                                                       #
# OS: linux-x86_64                                                                                 #
# glibc: 2.35                                                                                      #
# jemalloc: 5.2.1-0-gea6b3e973b477b8061e0076bb257dbd7f3faa756                                      #
# Total memory: 15.35 GB                                                                           #
# CPU cores: 8                                                                                     #
#                                                                                                  #
####################################################################################################","throwable":""}
{"timestamp":"2025-07-04T11:53:53,314","container":"fd1bd7073234","level":"INFO","thread":"main","class":"Besu","message":"Connecting to 8 static nodes.","throwable":""}
{"timestamp":"2025-07-04T11:53:53,315","container":"fd1bd7073234","level":"INFO","thread":"main","class":"Besu","message":"Security Module: localfile","throwable":""}
{"timestamp":"2025-07-04T11:53:53,468","container":"fd1bd7073234","level":"INFO","thread":"main","class":"Besu","message":"Using the native implementation of alt bn128","throwable":""}
{"timestamp":"2025-07-04T11:53:53,599","container":"fd1bd7073234","level":"INFO","thread":"main","class":"Besu","message":"Using the native implementation of modexp","throwable":""}
{"timestamp":"2025-07-04T11:53:53,599","container":"fd1bd7073234","level":"INFO","thread":"main","class":"Besu","message":"Using the native implementation of the signature algorithm","throwable":""}
{"timestamp":"2025-07-04T11:53:53,677","container":"fd1bd7073234","level":"INFO","thread":"main","class":"Besu","message":"Using the native implementation of the blake2bf algorithm","throwable":""}
{"timestamp":"2025-07-04T11:53:53,774","container":"fd1bd7073234","level":"INFO","thread":"main","class":"DatabaseMetadata","message":"Lookup database metadata file in data directory: /opt/besu/data","throwable":""}
{"timestamp":"2025-07-04T11:53:53,838","container":"fd1bd7073234","level":"INFO","thread":"main","class":"RocksDBKeyValueStorageFactory","message":"Existing database detected at /opt/besu/data. Version 1. Compacting database...","throwable":""}
{"timestamp":"2025-07-04T11:53:54,757","container":"fd1bd7073234","level":"INFO","thread":"main","class":"KeyPairUtil","message":"Loaded public key 0x2fd5b5b6ad529f55b71602026d1849d0036f06482368b5812fa793014195d3571b0840dbc4175617de2a12db8f1222c012420d471ae5c0d982118625cae58868 from /opt/besu/keys/nodekey","throwable":""}
{"timestamp":"2025-07-04T11:53:54,771","container":"fd1bd7073234","level":"WARN","thread":"main","class":"Besu","message":"Privacy is disabled. Cannot use EEA/PRIV API methods when not using Privacy.","throwable":""}
{"timestamp":"2025-07-04T11:53:55,129","container":"fd1bd7073234","level":"INFO","thread":"main","class":"ProtocolScheduleBuilder","message":"Protocol schedule created with milestones: [GrayGlacier: 0]","throwable":""}
{"timestamp":"2025-07-04T11:53:55,308","container":"fd1bd7073234","level":"INFO","thread":"main","class":"TransactionPoolFactory","message":"Enabling transaction pool","throwable":""}
{"timestamp":"2025-07-04T11:53:55,329","container":"fd1bd7073234","level":"INFO","thread":"main","class":"BesuControllerBuilder","message":"TTD difficulty is not present, creating initial sync phase for PoW","throwable":""}
{"timestamp":"2025-07-04T11:53:55,412","container":"fd1bd7073234","level":"INFO","thread":"main","class":"RunnerBuilder","message":"Detecting NAT service.","throwable":""}
{"timestamp":"2025-07-04T11:53:56,591","container":"fd1bd7073234","level":"INFO","thread":"main","class":"Runner","message":"Starting external services ... ","throwable":""}
{"timestamp":"2025-07-04T11:53:56,592","container":"fd1bd7073234","level":"INFO","thread":"main","class":"MetricsHttpService","message":"Starting metrics http service on 0.0.0.0:9545","throwable":""}
{"timestamp":"2025-07-04T11:53:56,896","container":"fd1bd7073234","level":"INFO","thread":"main","class":"JsonRpcHttpService","message":"Starting JSON-RPC service on 0.0.0.0:8545","throwable":""}
{"timestamp":"2025-07-04T11:53:56,911","container":"fd1bd7073234","level":"INFO","thread":"vert.x-eventloop-thread-1","class":"MetricsHttpService","message":"Metrics service started and listening on 0.0.0.0:9545","throwable":""}
{"timestamp":"2025-07-04T11:53:56,915","container":"fd1bd7073234","level":"INFO","thread":"vert.x-eventloop-thread-1","class":"JsonRpcHttpService","message":"JSON-RPC service started and listening on 0.0.0.0:8545","throwable":""}
{"timestamp":"2025-07-04T11:53:56,918","container":"fd1bd7073234","level":"INFO","thread":"main","class":"GraphQLHttpService","message":"Starting GraphQL HTTP service on 0.0.0.0:8547","throwable":""}
{"timestamp":"2025-07-04T11:53:56,922","container":"fd1bd7073234","level":"INFO","thread":"vert.x-eventloop-thread-1","class":"GraphQLHttpService","message":"GraphQL HTTP service started and listening on 0.0.0.0:8547","throwable":""}
{"timestamp":"2025-07-04T11:53:56,937","container":"fd1bd7073234","level":"INFO","thread":"main","class":"WebSocketService","message":"Starting Websocket service on 0.0.0.0:8546","throwable":""}
{"timestamp":"2025-07-04T11:53:56,942","container":"fd1bd7073234","level":"INFO","thread":"vert.x-eventloop-thread-1","class":"WebSocketService","message":"Websocket service started and listening on 0.0.0.0:8546","throwable":""}
{"timestamp":"2025-07-04T11:53:56,951","container":"fd1bd7073234","level":"INFO","thread":"main","class":"AutoTransactionLogBloomCachingService","message":"Starting auto transaction log bloom caching service.","throwable":""}
{"timestamp":"2025-07-04T11:53:56,952","container":"fd1bd7073234","level":"INFO","thread":"main","class":"LogBloomCacheMetadata","message":"Lookup cache metadata file in data directory: /opt/besu/data/caches","throwable":""}
{"timestamp":"2025-07-04T11:53:56,989","container":"fd1bd7073234","level":"INFO","thread":"main","class":"Runner","message":"Starting Ethereum main loop ... ","throwable":""}
{"timestamp":"2025-07-04T11:53:56,989","container":"fd1bd7073234","level":"INFO","thread":"main","class":"DockerNatManager","message":"Starting docker NAT manager.","throwable":""}
{"timestamp":"2025-07-04T11:53:57,077","container":"fd1bd7073234","level":"INFO","thread":"main","class":"NetworkRunner","message":"Starting Network.","throwable":""}
{"timestamp":"2025-07-04T11:53:57,146","container":"fd1bd7073234","level":"INFO","thread":"nioEventLoopGroup-2-1","class":"RlpxAgent","message":"P2P RLPx agent started and listening on /[0:0:0:0:0:0:0:0]:30303.","throwable":""}
{"timestamp":"2025-07-04T11:53:57,148","container":"fd1bd7073234","level":"INFO","thread":"main","class":"PeerDiscoveryAgent","message":"Starting peer discovery agent on host=0.0.0.0, port=30303","throwable":""}
{"timestamp":"2025-07-04T11:53:57,202","container":"fd1bd7073234","level":"INFO","thread":"vert.x-eventloop-thread-1","class":"VertxPeerDiscoveryAgent","message":"Started peer discovery agent successfully, on effective host=0:0:0:0:0:0:0:0%0 and port=30303","throwable":""}
{"timestamp":"2025-07-04T11:53:57,205","container":"fd1bd7073234","level":"INFO","thread":"main","class":"PeerDiscoveryAgent","message":"P2P peer discovery agent started and listening on /[0:0:0:0:0:0:0:0%0]:30303","throwable":""}
{"timestamp":"2025-07-04T11:53:57,301","container":"fd1bd7073234","level":"INFO","thread":"main","class":"PeerDiscoveryAgent","message":"Writing node record to disk. NodeRecord{seq=3, publicKey=0x022fd5b5b6ad529f55b71602026d1849d0036f06482368b5812fa793014195d357, udpAddress=Optional[/10.0.0.203:30303], tcpAddress=Optional[/10.0.0.203:30303], asBase64=-Je4QMw0qqqoBkn_OWBohUji1a1n0sfpRiE4vnZlH06_HZvYfnVq0CwjiFQKyNlX1Ma7kggMRwKrCoHb0EVDTybcNH8Dg2V0aMfGhGpSrW2AgmlkgnY0gmlwhAoAAMuJc2VjcDI1NmsxoQIv1bW2rVKfVbcWAgJtGEnQA28GSCNotYEvp5MBQZXTV4N0Y3CCdl-DdWRwgnZf, nodeId=0xc8f776c1d83d4fddd02782c698c1334496614aed49d2e81526d089f7264fed9c, customFields={tcp=30303, udp=30303, ip=0x0a0000cb, eth=[[0x6a52ad6d, 0x]], id=V4, secp256k1=0x022fd5b5b6ad529f55b71602026d1849d0036f06482368b5812fa793014195d357}}","throwable":""}
{"timestamp":"2025-07-04T11:53:57,446","container":"fd1bd7073234","level":"INFO","thread":"main","class":"DefaultP2PNetwork","message":"Enode URL enode://2fd5b5b6ad529f55b71602026d1849d0036f06482368b5812fa793014195d3571b0840dbc4175617de2a12db8f1222c012420d471ae5c0d982118625cae58868@10.0.0.203:30303","throwable":""}
{"timestamp":"2025-07-04T11:53:57,446","container":"fd1bd7073234","level":"INFO","thread":"main","class":"DefaultP2PNetwork","message":"Node address 0x98c1334496614aed49d2e81526d089f7264fed9c","throwable":""}
{"timestamp":"2025-07-04T11:53:57,504","container":"fd1bd7073234","level":"INFO","thread":"main","class":"NetworkRunner","message":"Supported capabilities: [eth/62, eth/63, eth/64, eth/65, eth/66, eth/67, eth/68], [istanbul/100], [snap/1]","throwable":""}
{"timestamp":"2025-07-04T11:53:57,505","container":"fd1bd7073234","level":"INFO","thread":"main","class":"DefaultSynchronizer","message":"Starting synchronizer.","throwable":""}
{"timestamp":"2025-07-04T11:53:57,506","container":"fd1bd7073234","level":"INFO","thread":"main","class":"TransactionPoolFactory","message":"Enabling transaction handling following initial sync","throwable":""}
{"timestamp":"2025-07-04T11:53:57,508","container":"fd1bd7073234","level":"INFO","thread":"main","class":"FullSyncDownloader","message":"Starting full sync.","throwable":""}
{"timestamp":"2025-07-04T11:53:57,508","container":"fd1bd7073234","level":"INFO","thread":"main","class":"FullSyncTargetManager","message":"Unable to find sync target. Currently checking 0 peers for usefulness","throwable":""}
{"timestamp":"2025-07-04T11:53:58,298","container":"fd1bd7073234","level":"INFO","thread":"main","class":"Runner","message":"Ethereum main loop is up.","throwable":""}
{"timestamp":"2025-07-04T11:54:02,524","container":"fd1bd7073234","level":"INFO","thread":"EthScheduler-Timer-0","class":"FullSyncTargetManager","message":"Unable to find sync target. Currently checking 0 peers for usefulness","throwable":""}
{"timestamp":"2025-07-04T11:54:07,525","container":"fd1bd7073234","level":"INFO","thread":"EthScheduler-Timer-0","class":"FullSyncTargetManager","message":"Unable to find sync target. Currently checking 0 peers for usefulness","throwable":""}
{"timestamp":"2025-07-04T11:54:12,526","container":"fd1bd7073234","level":"INFO","thread":"EthScheduler-Timer-0","class":"FullSyncTargetManager","message":"Unable to find sync target. Currently checking 0 peers for usefulness","throwable":""}
{"timestamp":"2025-07-04T11:54:17,526","container":"fd1bd7073234","level":"INFO","thread":"EthScheduler-Timer-0","class":"FullSyncTargetManager","message":"Unable to find sync target. Currently checking 0 peers for usefulness","throwable":""}
{"timestamp":"2025-07-04T11:54:22,527","container":"fd1bd7073234","level":"INFO","thread":"EthScheduler-Timer-0","class":"FullSyncTargetManager","message":"Unable to find sync target. Currently checking 0 peers for usefulness","throwable":""}
{"timestamp":"2025-07-04T11:54:27,528","container":"fd1bd7073234","level":"INFO","thread":"EthScheduler-Timer-0","class":"FullSyncTargetManager","message":"Unable to find sync target. Currently checking 0 peers for usefulness","throwable":""}
{"timestamp":"2025-07-04T11:54:32,529","container":"fd1bd7073234","level":"INFO","thread":"EthScheduler-Timer-0","class":"FullSyncTargetManager","message":"Unable to find sync target. Currently checking 0 peers for usefulness","throwable":""}
{"timestamp":"2025-07-04T11:54:37,529","container":"fd1bd7073234","level":"INFO","thread":"EthScheduler-Timer-0","class":"FullSyncTargetManager","message":"Unable to find sync target. Currently checking 0 peers for usefulness","throwable":""}
{"timestamp":"2025-07-04T11:54:42,530","container":"fd1bd7073234","level":"INFO","thread":"EthScheduler-Timer-0","class":"FullSyncTargetManager","message":"Unable to find sync target. Currently checking 0 peers for usefulness","throwable":""}
{"timestamp":"2025-07-04T11:54:47,531","container":"fd1bd7073234","level":"INFO","thread":"EthScheduler-Timer-0","class":"FullSyncTargetManager","message":"Unable to find sync target. Currently checking 0 peers for usefulness","throwable":""}
{"timestamp":"2025-07-04T11:54:52,531","container":"fd1bd7073234","level":"INFO","thread":"EthScheduler-Timer-0","class":"FullSyncTargetManager","message":"Unable to find sync target. Currently checking 0 peers for usefulness","throwable":""}
{"timestamp":"2025-07-04T11:54:54,835","container":"fd1bd7073234","level":"INFO","thread":"BftProcessorExecutor-QBFT-0","class":"BftProcessor","message":"Shutting down BFT event processor","throwable":""}
{"timestamp":"2025-07-04T11:54:54,837","container":"fd1bd7073234","level":"INFO","thread":"BesuCommand-Shutdown-Hook","class":"DefaultSynchronizer","message":"Stopping synchronizer","throwable":""}
{"timestamp":"2025-07-04T11:54:54,839","container":"fd1bd7073234","level":"INFO","thread":"BesuCommand-Shutdown-Hook","class":"NetworkRunner","message":"Stopping Network.","throwable":""}
{"timestamp":"2025-07-04T11:54:54,844","container":"fd1bd7073234","level":"INFO","thread":"BesuCommand-Shutdown-Hook","class":"EthProtocolManager","message":"Stopping eth Subprotocol.","throwable":""}
{"timestamp":"2025-07-04T11:54:54,845","container":"fd1bd7073234","level":"INFO","thread":"BesuCommand-Shutdown-Hook","class":"EthProtocolManager","message":"eth Subprotocol stopped.","throwable":""}
{"timestamp":"2025-07-04T11:54:54,846","container":"fd1bd7073234","level":"INFO","thread":"BesuCommand-Shutdown-Hook","class":"NetworkRunner","message":"Network stopped.","throwable":""}
{"timestamp":"2025-07-04T11:54:54,846","container":"fd1bd7073234","level":"INFO","thread":"BesuCommand-Shutdown-Hook","class":"AutoTransactionLogBloomCachingService","message":"Shutting down Auto transaction logs caching service.","throwable":""}
{"timestamp":"2025-07-04T11:54:54,847","container":"fd1bd7073234","level":"INFO","thread":"BesuCommand-Shutdown-Hook","class":"DockerNatManager","message":"Stopping docker NAT manager.","throwable":""}
