{"timestamp":"2025-07-11T05:24:47,725","container":"7ba90c4ae217","level":"INFO","thread":"main","class":"Besu","message":"Starting Besu","throwable":""}
{"timestamp":"2025-07-11T05:24:48,190","container":"7ba90c4ae217","level":"WARN","thread":"main","class":"Besu","message":"--min-gas-price has been ignored because --miner-enabled was not defined on the command line.","throwable":""}
{"timestamp":"2025-07-11T05:24:48,894","container":"7ba90c4ae217","level":"INFO","thread":"main","class":"Besu","message":"
####################################################################################################
#                                                                                                  #
# Besu version 23.4.1                                                                              #
#                                                                                                  #
# Configuration:                                                                                   #
# Network: Custom genesis file specified                                                           #
# Network Id: 1337                                                                                 #
# Data storage: Forest                                                                             #
# Sync mode: Full                                                                                  #
# RPC HTTP APIs: EEA,WEB3,ETH,NET,TRACE,DEBUG,ADMIN,TXPOOL,PRIV,PERM,QBFT                          #
# RPC HTTP port: 8545                                                                              #
#                                                                                                  #
# Host:                                                                                            #
# Java: openjdk-java-17                                                                            #
# Maximum heap size: 3.84 GB                                                                       #
# OS: linux-x86_64                                                                                 #
# glibc: 2.35                                                                                      #
# jemalloc: 5.2.1-0-gea6b3e973b477b8061e0076bb257dbd7f3faa756                                      #
# Total memory: 15.35 GB                                                                           #
# CPU cores: 8                                                                                     #
#                                                                                                  #
####################################################################################################","throwable":""}
{"timestamp":"2025-07-11T05:24:48,895","container":"7ba90c4ae217","level":"INFO","thread":"main","class":"Besu","message":"Connecting to 8 static nodes.","throwable":""}
{"timestamp":"2025-07-11T05:24:48,895","container":"7ba90c4ae217","level":"INFO","thread":"main","class":"Besu","message":"Security Module: localfile","throwable":""}
{"timestamp":"2025-07-11T05:24:48,942","container":"7ba90c4ae217","level":"INFO","thread":"main","class":"Besu","message":"Using the native implementation of alt bn128","throwable":""}
{"timestamp":"2025-07-11T05:24:48,996","container":"7ba90c4ae217","level":"INFO","thread":"main","class":"Besu","message":"Using the native implementation of modexp","throwable":""}
{"timestamp":"2025-07-11T05:24:48,997","container":"7ba90c4ae217","level":"INFO","thread":"main","class":"Besu","message":"Using the native implementation of the signature algorithm","throwable":""}
{"timestamp":"2025-07-11T05:24:49,001","container":"7ba90c4ae217","level":"INFO","thread":"main","class":"Besu","message":"Using the native implementation of the blake2bf algorithm","throwable":""}
{"timestamp":"2025-07-11T05:24:49,020","container":"7ba90c4ae217","level":"INFO","thread":"main","class":"RocksDBKeyValueStorageFactory","message":"No existing database detected at /opt/besu/data. Using version 1","throwable":""}
{"timestamp":"2025-07-11T05:24:49,998","container":"7ba90c4ae217","level":"INFO","thread":"main","class":"KeyPairUtil","message":"Loaded public key 0x2fd5b5b6ad529f55b71602026d1849d0036f06482368b5812fa793014195d3571b0840dbc4175617de2a12db8f1222c012420d471ae5c0d982118625cae58868 from /opt/besu/keys/nodekey","throwable":""}
{"timestamp":"2025-07-11T05:24:50,016","container":"7ba90c4ae217","level":"WARN","thread":"main","class":"Besu","message":"Privacy is disabled. Cannot use EEA/PRIV API methods when not using Privacy.","throwable":""}
{"timestamp":"2025-07-11T05:24:50,430","container":"7ba90c4ae217","level":"INFO","thread":"main","class":"ProtocolScheduleBuilder","message":"Protocol schedule created with milestones: [GrayGlacier: 0]","throwable":""}
{"timestamp":"2025-07-11T05:24:50,710","container":"7ba90c4ae217","level":"INFO","thread":"main","class":"TransactionPoolFactory","message":"Enabling transaction pool","throwable":""}
{"timestamp":"2025-07-11T05:24:50,728","container":"7ba90c4ae217","level":"INFO","thread":"main","class":"BesuControllerBuilder","message":"TTD difficulty is not present, creating initial sync phase for PoW","throwable":""}
{"timestamp":"2025-07-11T05:24:50,813","container":"7ba90c4ae217","level":"INFO","thread":"main","class":"RunnerBuilder","message":"Detecting NAT service.","throwable":""}
{"timestamp":"2025-07-11T05:24:51,689","container":"7ba90c4ae217","level":"INFO","thread":"main","class":"Runner","message":"Starting external services ... ","throwable":""}
{"timestamp":"2025-07-11T05:24:51,689","container":"7ba90c4ae217","level":"INFO","thread":"main","class":"MetricsHttpService","message":"Starting metrics http service on 0.0.0.0:9545","throwable":""}
{"timestamp":"2025-07-11T05:24:51,862","container":"7ba90c4ae217","level":"INFO","thread":"main","class":"JsonRpcHttpService","message":"Starting JSON-RPC service on 0.0.0.0:8545","throwable":""}
{"timestamp":"2025-07-11T05:24:51,866","container":"7ba90c4ae217","level":"INFO","thread":"vert.x-eventloop-thread-1","class":"MetricsHttpService","message":"Metrics service started and listening on 0.0.0.0:9545","throwable":""}
{"timestamp":"2025-07-11T05:24:51,875","container":"7ba90c4ae217","level":"INFO","thread":"vert.x-eventloop-thread-1","class":"JsonRpcHttpService","message":"JSON-RPC service started and listening on 0.0.0.0:8545","throwable":""}
{"timestamp":"2025-07-11T05:24:51,877","container":"7ba90c4ae217","level":"INFO","thread":"main","class":"GraphQLHttpService","message":"Starting GraphQL HTTP service on 0.0.0.0:8547","throwable":""}
{"timestamp":"2025-07-11T05:24:51,884","container":"7ba90c4ae217","level":"INFO","thread":"vert.x-eventloop-thread-1","class":"GraphQLHttpService","message":"GraphQL HTTP service started and listening on 0.0.0.0:8547","throwable":""}
{"timestamp":"2025-07-11T05:24:51,885","container":"7ba90c4ae217","level":"INFO","thread":"main","class":"WebSocketService","message":"Starting Websocket service on 0.0.0.0:8546","throwable":""}
{"timestamp":"2025-07-11T05:24:51,888","container":"7ba90c4ae217","level":"INFO","thread":"vert.x-eventloop-thread-1","class":"WebSocketService","message":"Websocket service started and listening on 0.0.0.0:8546","throwable":""}
{"timestamp":"2025-07-11T05:24:51,890","container":"7ba90c4ae217","level":"INFO","thread":"main","class":"AutoTransactionLogBloomCachingService","message":"Starting auto transaction log bloom caching service.","throwable":""}
{"timestamp":"2025-07-11T05:24:51,892","container":"7ba90c4ae217","level":"INFO","thread":"main","class":"LogBloomCacheMetadata","message":"Lookup cache metadata file in data directory: /opt/besu/data/caches","throwable":""}
{"timestamp":"2025-07-11T05:24:51,915","container":"7ba90c4ae217","level":"INFO","thread":"main","class":"Runner","message":"Starting Ethereum main loop ... ","throwable":""}
{"timestamp":"2025-07-11T05:24:51,915","container":"7ba90c4ae217","level":"INFO","thread":"main","class":"DockerNatManager","message":"Starting docker NAT manager.","throwable":""}
{"timestamp":"2025-07-11T05:24:51,935","container":"7ba90c4ae217","level":"INFO","thread":"main","class":"NetworkRunner","message":"Starting Network.","throwable":""}
{"timestamp":"2025-07-11T05:24:51,977","container":"7ba90c4ae217","level":"INFO","thread":"nioEventLoopGroup-2-1","class":"RlpxAgent","message":"P2P RLPx agent started and listening on /[0:0:0:0:0:0:0:0]:30303.","throwable":""}
{"timestamp":"2025-07-11T05:24:51,988","container":"7ba90c4ae217","level":"INFO","thread":"main","class":"PeerDiscoveryAgent","message":"Starting peer discovery agent on host=0.0.0.0, port=30303","throwable":""}
{"timestamp":"2025-07-11T05:24:52,042","container":"7ba90c4ae217","level":"INFO","thread":"vert.x-eventloop-thread-1","class":"VertxPeerDiscoveryAgent","message":"Started peer discovery agent successfully, on effective host=0:0:0:0:0:0:0:0%0 and port=30303","throwable":""}
{"timestamp":"2025-07-11T05:24:52,044","container":"7ba90c4ae217","level":"INFO","thread":"main","class":"PeerDiscoveryAgent","message":"P2P peer discovery agent started and listening on /[0:0:0:0:0:0:0:0%0]:30303","throwable":""}
{"timestamp":"2025-07-11T05:24:52,110","container":"7ba90c4ae217","level":"INFO","thread":"main","class":"PeerDiscoveryAgent","message":"Writing node record to disk. NodeRecord{seq=1, publicKey=0x022fd5b5b6ad529f55b71602026d1849d0036f06482368b5812fa793014195d357, udpAddress=Optional[/10.0.0.203:30303], tcpAddress=Optional[/10.0.0.203:30303], asBase64=-Je4QIKwddfyQYZgexpK1UV6GP3u75yjpkrNR6rldUPQAIxnUrC1DgGnQWaP8p8SPLvqsi4zXl9BccvAUOYTmyQC_VgBg2V0aMfGhGpSrW2AgmlkgnY0gmlwhAoAAMuJc2VjcDI1NmsxoQIv1bW2rVKfVbcWAgJtGEnQA28GSCNotYEvp5MBQZXTV4N0Y3CCdl-DdWRwgnZf, nodeId=0xc8f776c1d83d4fddd02782c698c1334496614aed49d2e81526d089f7264fed9c, customFields={tcp=30303, udp=30303, ip=0x0a0000cb, eth=[[0x6a52ad6d, 0x]], id=V4, secp256k1=0x022fd5b5b6ad529f55b71602026d1849d0036f06482368b5812fa793014195d357}}","throwable":""}
{"timestamp":"2025-07-11T05:24:52,226","container":"7ba90c4ae217","level":"INFO","thread":"main","class":"DefaultP2PNetwork","message":"Enode URL enode://2fd5b5b6ad529f55b71602026d1849d0036f06482368b5812fa793014195d3571b0840dbc4175617de2a12db8f1222c012420d471ae5c0d982118625cae58868@10.0.0.203:30303","throwable":""}
{"timestamp":"2025-07-11T05:24:52,227","container":"7ba90c4ae217","level":"INFO","thread":"main","class":"DefaultP2PNetwork","message":"Node address 0x98c1334496614aed49d2e81526d089f7264fed9c","throwable":""}
{"timestamp":"2025-07-11T05:24:52,340","container":"7ba90c4ae217","level":"INFO","thread":"main","class":"NetworkRunner","message":"Supported capabilities: [eth/62, eth/63, eth/64, eth/65, eth/66, eth/67, eth/68], [istanbul/100], [snap/1]","throwable":""}
{"timestamp":"2025-07-11T05:24:52,340","container":"7ba90c4ae217","level":"INFO","thread":"main","class":"DefaultSynchronizer","message":"Starting synchronizer.","throwable":""}
{"timestamp":"2025-07-11T05:24:52,341","container":"7ba90c4ae217","level":"INFO","thread":"main","class":"TransactionPoolFactory","message":"Enabling transaction handling following initial sync","throwable":""}
{"timestamp":"2025-07-11T05:24:52,342","container":"7ba90c4ae217","level":"INFO","thread":"main","class":"FullSyncDownloader","message":"Starting full sync.","throwable":""}
{"timestamp":"2025-07-11T05:24:52,343","container":"7ba90c4ae217","level":"INFO","thread":"main","class":"FullSyncTargetManager","message":"Unable to find sync target. Currently checking 0 peers for usefulness","throwable":""}
{"timestamp":"2025-07-11T05:24:52,496","container":"7ba90c4ae217","level":"INFO","thread":"main","class":"Runner","message":"Ethereum main loop is up.","throwable":""}
{"timestamp":"2025-07-11T05:24:57,363","container":"7ba90c4ae217","level":"INFO","thread":"EthScheduler-Timer-0","class":"FullSyncTargetManager","message":"Unable to find sync target. Currently checking 0 peers for usefulness","throwable":""}
{"timestamp":"2025-07-11T05:25:02,365","container":"7ba90c4ae217","level":"INFO","thread":"EthScheduler-Timer-0","class":"FullSyncTargetManager","message":"Unable to find sync target. Currently checking 0 peers for usefulness","throwable":""}
{"timestamp":"2025-07-11T05:25:07,366","container":"7ba90c4ae217","level":"INFO","thread":"EthScheduler-Timer-0","class":"FullSyncTargetManager","message":"Unable to find sync target. Currently checking 0 peers for usefulness","throwable":""}
{"timestamp":"2025-07-11T05:25:12,367","container":"7ba90c4ae217","level":"INFO","thread":"EthScheduler-Timer-0","class":"FullSyncTargetManager","message":"Unable to find sync target. Currently checking 0 peers for usefulness","throwable":""}
{"timestamp":"2025-07-11T05:25:17,368","container":"7ba90c4ae217","level":"INFO","thread":"EthScheduler-Timer-0","class":"FullSyncTargetManager","message":"Unable to find sync target. Currently checking 0 peers for usefulness","throwable":""}
{"timestamp":"2025-07-11T05:25:22,369","container":"7ba90c4ae217","level":"INFO","thread":"EthScheduler-Timer-0","class":"FullSyncTargetManager","message":"Unable to find sync target. Currently checking 0 peers for usefulness","throwable":""}
{"timestamp":"2025-07-11T05:25:27,371","container":"7ba90c4ae217","level":"INFO","thread":"EthScheduler-Timer-0","class":"FullSyncTargetManager","message":"Unable to find sync target. Currently checking 0 peers for usefulness","throwable":""}
{"timestamp":"2025-07-11T05:25:32,372","container":"7ba90c4ae217","level":"INFO","thread":"EthScheduler-Timer-0","class":"FullSyncTargetManager","message":"Unable to find sync target. Currently checking 0 peers for usefulness","throwable":""}
{"timestamp":"2025-07-11T05:25:37,373","container":"7ba90c4ae217","level":"INFO","thread":"EthScheduler-Timer-0","class":"FullSyncTargetManager","message":"Unable to find sync target. Currently checking 0 peers for usefulness","throwable":""}
{"timestamp":"2025-07-11T05:25:42,374","container":"7ba90c4ae217","level":"INFO","thread":"EthScheduler-Timer-0","class":"FullSyncTargetManager","message":"Unable to find sync target. Currently checking 0 peers for usefulness","throwable":""}
{"timestamp":"2025-07-11T05:25:47,375","container":"7ba90c4ae217","level":"INFO","thread":"EthScheduler-Timer-0","class":"FullSyncTargetManager","message":"Unable to find sync target. Currently checking 0 peers for usefulness","throwable":""}
{"timestamp":"2025-07-11T05:25:52,376","container":"7ba90c4ae217","level":"INFO","thread":"EthScheduler-Timer-0","class":"FullSyncTargetManager","message":"Unable to find sync target. Currently checking 0 peers for usefulness","throwable":""}
{"timestamp":"2025-07-11T05:25:57,377","container":"7ba90c4ae217","level":"INFO","thread":"EthScheduler-Timer-0","class":"FullSyncTargetManager","message":"Unable to find sync target. Currently checking 0 peers for usefulness","throwable":""}
{"timestamp":"2025-07-11T05:26:02,378","container":"7ba90c4ae217","level":"INFO","thread":"EthScheduler-Timer-0","class":"FullSyncTargetManager","message":"Unable to find sync target. Currently checking 0 peers for usefulness","throwable":""}
{"timestamp":"2025-07-11T05:26:07,379","container":"7ba90c4ae217","level":"INFO","thread":"EthScheduler-Timer-0","class":"FullSyncTargetManager","message":"Unable to find sync target. Currently checking 0 peers for usefulness","throwable":""}
{"timestamp":"2025-07-11T05:26:12,380","container":"7ba90c4ae217","level":"INFO","thread":"EthScheduler-Timer-0","class":"FullSyncTargetManager","message":"Unable to find sync target. Currently checking 0 peers for usefulness","throwable":""}
{"timestamp":"2025-07-11T05:26:17,381","container":"7ba90c4ae217","level":"INFO","thread":"EthScheduler-Timer-0","class":"FullSyncTargetManager","message":"Unable to find sync target. Currently checking 0 peers for usefulness","throwable":""}
{"timestamp":"2025-07-11T05:26:22,382","container":"7ba90c4ae217","level":"INFO","thread":"EthScheduler-Timer-0","class":"FullSyncTargetManager","message":"Unable to find sync target. Currently checking 0 peers for usefulness","throwable":""}
{"timestamp":"2025-07-11T05:26:27,383","container":"7ba90c4ae217","level":"INFO","thread":"EthScheduler-Timer-0","class":"FullSyncTargetManager","message":"Unable to find sync target. Currently checking 0 peers for usefulness","throwable":""}
{"timestamp":"2025-07-11T05:26:32,385","container":"7ba90c4ae217","level":"INFO","thread":"EthScheduler-Timer-0","class":"FullSyncTargetManager","message":"Unable to find sync target. Currently checking 0 peers for usefulness","throwable":""}
{"timestamp":"2025-07-11T05:26:37,387","container":"7ba90c4ae217","level":"INFO","thread":"EthScheduler-Timer-0","class":"FullSyncTargetManager","message":"Unable to find sync target. Currently checking 0 peers for usefulness","throwable":""}
{"timestamp":"2025-07-11T05:26:42,388","container":"7ba90c4ae217","level":"INFO","thread":"EthScheduler-Timer-0","class":"FullSyncTargetManager","message":"Unable to find sync target. Currently checking 0 peers for usefulness","throwable":""}
{"timestamp":"2025-07-11T05:26:47,388","container":"7ba90c4ae217","level":"INFO","thread":"EthScheduler-Timer-0","class":"FullSyncTargetManager","message":"Unable to find sync target. Currently checking 0 peers for usefulness","throwable":""}
{"timestamp":"2025-07-11T05:26:52,389","container":"7ba90c4ae217","level":"INFO","thread":"EthScheduler-Timer-0","class":"FullSyncTargetManager","message":"Unable to find sync target. Currently checking 0 peers for usefulness","throwable":""}
{"timestamp":"2025-07-11T05:26:57,391","container":"7ba90c4ae217","level":"INFO","thread":"EthScheduler-Timer-0","class":"FullSyncTargetManager","message":"Unable to find sync target. Currently checking 0 peers for usefulness","throwable":""}
{"timestamp":"2025-07-11T05:27:02,392","container":"7ba90c4ae217","level":"INFO","thread":"EthScheduler-Timer-0","class":"FullSyncTargetManager","message":"Unable to find sync target. Currently checking 0 peers for usefulness","throwable":""}
{"timestamp":"2025-07-11T05:27:07,393","container":"7ba90c4ae217","level":"INFO","thread":"EthScheduler-Timer-0","class":"FullSyncTargetManager","message":"Unable to find sync target. Currently checking 0 peers for usefulness","throwable":""}
{"timestamp":"2025-07-11T05:27:12,394","container":"7ba90c4ae217","level":"INFO","thread":"EthScheduler-Timer-0","class":"FullSyncTargetManager","message":"Unable to find sync target. Currently checking 0 peers for usefulness","throwable":""}
{"timestamp":"2025-07-11T05:27:17,395","container":"7ba90c4ae217","level":"INFO","thread":"EthScheduler-Timer-0","class":"FullSyncTargetManager","message":"Unable to find sync target. Currently checking 0 peers for usefulness","throwable":""}
{"timestamp":"2025-07-11T05:27:22,396","container":"7ba90c4ae217","level":"INFO","thread":"EthScheduler-Timer-0","class":"FullSyncTargetManager","message":"Unable to find sync target. Currently checking 0 peers for usefulness","throwable":""}
{"timestamp":"2025-07-11T05:27:27,396","container":"7ba90c4ae217","level":"INFO","thread":"EthScheduler-Timer-0","class":"FullSyncTargetManager","message":"Unable to find sync target. Currently checking 0 peers for usefulness","throwable":""}
{"timestamp":"2025-07-11T05:27:32,397","container":"7ba90c4ae217","level":"INFO","thread":"EthScheduler-Timer-0","class":"FullSyncTargetManager","message":"Unable to find sync target. Currently checking 0 peers for usefulness","throwable":""}
{"timestamp":"2025-07-11T05:27:37,398","container":"7ba90c4ae217","level":"INFO","thread":"EthScheduler-Timer-0","class":"FullSyncTargetManager","message":"Unable to find sync target. Currently checking 0 peers for usefulness","throwable":""}
{"timestamp":"2025-07-11T05:27:42,399","container":"7ba90c4ae217","level":"INFO","thread":"EthScheduler-Timer-0","class":"FullSyncTargetManager","message":"Unable to find sync target. Currently checking 0 peers for usefulness","throwable":""}
{"timestamp":"2025-07-11T05:27:47,400","container":"7ba90c4ae217","level":"INFO","thread":"EthScheduler-Timer-0","class":"FullSyncTargetManager","message":"Unable to find sync target. Currently checking 0 peers for usefulness","throwable":""}
{"timestamp":"2025-07-11T05:27:52,401","container":"7ba90c4ae217","level":"INFO","thread":"EthScheduler-Timer-0","class":"FullSyncTargetManager","message":"Unable to find sync target. Currently checking 0 peers for usefulness","throwable":""}
{"timestamp":"2025-07-11T05:27:57,402","container":"7ba90c4ae217","level":"INFO","thread":"EthScheduler-Timer-0","class":"FullSyncTargetManager","message":"Unable to find sync target. Currently checking 0 peers for usefulness","throwable":""}
{"timestamp":"2025-07-11T05:28:02,403","container":"7ba90c4ae217","level":"INFO","thread":"EthScheduler-Timer-0","class":"FullSyncTargetManager","message":"Unable to find sync target. Currently checking 0 peers for usefulness","throwable":""}
{"timestamp":"2025-07-11T05:28:07,404","container":"7ba90c4ae217","level":"INFO","thread":"EthScheduler-Timer-0","class":"FullSyncTargetManager","message":"Unable to find sync target. Currently checking 0 peers for usefulness","throwable":""}
{"timestamp":"2025-07-11T05:28:12,405","container":"7ba90c4ae217","level":"INFO","thread":"EthScheduler-Timer-0","class":"FullSyncTargetManager","message":"Unable to find sync target. Currently checking 0 peers for usefulness","throwable":""}
{"timestamp":"2025-07-11T05:28:17,406","container":"7ba90c4ae217","level":"INFO","thread":"EthScheduler-Timer-0","class":"FullSyncTargetManager","message":"Unable to find sync target. Currently checking 0 peers for usefulness","throwable":""}
{"timestamp":"2025-07-11T05:28:22,407","container":"7ba90c4ae217","level":"INFO","thread":"EthScheduler-Timer-0","class":"FullSyncTargetManager","message":"Unable to find sync target. Currently checking 0 peers for usefulness","throwable":""}
{"timestamp":"2025-07-11T05:28:27,408","container":"7ba90c4ae217","level":"INFO","thread":"EthScheduler-Timer-0","class":"FullSyncTargetManager","message":"Unable to find sync target. Currently checking 0 peers for usefulness","throwable":""}
{"timestamp":"2025-07-11T05:28:32,409","container":"7ba90c4ae217","level":"INFO","thread":"EthScheduler-Timer-0","class":"FullSyncTargetManager","message":"Unable to find sync target. Currently checking 0 peers for usefulness","throwable":""}
{"timestamp":"2025-07-11T05:28:37,410","container":"7ba90c4ae217","level":"INFO","thread":"EthScheduler-Timer-0","class":"FullSyncTargetManager","message":"Unable to find sync target. Currently checking 0 peers for usefulness","throwable":""}
{"timestamp":"2025-07-11T05:28:42,411","container":"7ba90c4ae217","level":"INFO","thread":"EthScheduler-Timer-0","class":"FullSyncTargetManager","message":"Unable to find sync target. Currently checking 0 peers for usefulness","throwable":""}
{"timestamp":"2025-07-11T05:28:47,412","container":"7ba90c4ae217","level":"INFO","thread":"EthScheduler-Timer-0","class":"FullSyncTargetManager","message":"Unable to find sync target. Currently checking 0 peers for usefulness","throwable":""}
{"timestamp":"2025-07-11T05:28:52,413","container":"7ba90c4ae217","level":"INFO","thread":"EthScheduler-Timer-0","class":"FullSyncTargetManager","message":"Unable to find sync target. Currently checking 0 peers for usefulness","throwable":""}
{"timestamp":"2025-07-11T05:28:57,414","container":"7ba90c4ae217","level":"INFO","thread":"EthScheduler-Timer-0","class":"FullSyncTargetManager","message":"Unable to find sync target. Currently checking 0 peers for usefulness","throwable":""}
{"timestamp":"2025-07-11T05:29:02,414","container":"7ba90c4ae217","level":"INFO","thread":"EthScheduler-Timer-0","class":"FullSyncTargetManager","message":"Unable to find sync target. Currently checking 0 peers for usefulness","throwable":""}
{"timestamp":"2025-07-11T05:29:07,415","container":"7ba90c4ae217","level":"INFO","thread":"EthScheduler-Timer-0","class":"FullSyncTargetManager","message":"Unable to find sync target. Currently checking 0 peers for usefulness","throwable":""}
{"timestamp":"2025-07-11T05:29:12,416","container":"7ba90c4ae217","level":"INFO","thread":"EthScheduler-Timer-0","class":"FullSyncTargetManager","message":"Unable to find sync target. Currently checking 0 peers for usefulness","throwable":""}
{"timestamp":"2025-07-11T05:29:17,417","container":"7ba90c4ae217","level":"INFO","thread":"EthScheduler-Timer-0","class":"FullSyncTargetManager","message":"Unable to find sync target. Currently checking 0 peers for usefulness","throwable":""}
{"timestamp":"2025-07-11T05:29:22,417","container":"7ba90c4ae217","level":"INFO","thread":"EthScheduler-Timer-0","class":"FullSyncTargetManager","message":"Unable to find sync target. Currently checking 0 peers for usefulness","throwable":""}
{"timestamp":"2025-07-11T05:29:24,832","container":"7ba90c4ae217","level":"INFO","thread":"nioEventLoopGroup-3-6","class":"FullSyncTargetManager","message":"Unable to find sync target. Currently checking 1 peers for usefulness","throwable":""}
{"timestamp":"2025-07-11T05:29:26,274","container":"7ba90c4ae217","level":"INFO","thread":"nioEventLoopGroup-3-7","class":"FullSyncTargetManager","message":"Unable to find sync target. Currently checking 2 peers for usefulness","throwable":""}
{"timestamp":"2025-07-11T05:29:26,589","container":"7ba90c4ae217","level":"INFO","thread":"nioEventLoopGroup-3-8","class":"FullSyncTargetManager","message":"Unable to find sync target. Currently checking 3 peers for usefulness","throwable":""}
{"timestamp":"2025-07-11T05:29:31,590","container":"7ba90c4ae217","level":"INFO","thread":"EthScheduler-Timer-0","class":"FullSyncTargetManager","message":"Unable to find sync target. Currently checking 3 peers for usefulness","throwable":""}
{"timestamp":"2025-07-11T05:29:36,591","container":"7ba90c4ae217","level":"INFO","thread":"EthScheduler-Timer-0","class":"FullSyncTargetManager","message":"Unable to find sync target. Currently checking 3 peers for usefulness","throwable":""}
{"timestamp":"2025-07-11T05:29:41,591","container":"7ba90c4ae217","level":"INFO","thread":"EthScheduler-Timer-0","class":"FullSyncTargetManager","message":"Unable to find sync target. Currently checking 3 peers for usefulness","throwable":""}
{"timestamp":"2025-07-11T05:29:46,592","container":"7ba90c4ae217","level":"INFO","thread":"EthScheduler-Timer-0","class":"FullSyncTargetManager","message":"Unable to find sync target. Currently checking 3 peers for usefulness","throwable":""}
{"timestamp":"2025-07-11T05:29:51,593","container":"7ba90c4ae217","level":"INFO","thread":"EthScheduler-Timer-0","class":"FullSyncTargetManager","message":"Unable to find sync target. Currently checking 3 peers for usefulness","throwable":""}
{"timestamp":"2025-07-11T05:29:56,594","container":"7ba90c4ae217","level":"INFO","thread":"EthScheduler-Timer-0","class":"FullSyncTargetManager","message":"Unable to find sync target. Currently checking 3 peers for usefulness","throwable":""}
{"timestamp":"2025-07-11T05:30:01,595","container":"7ba90c4ae217","level":"INFO","thread":"EthScheduler-Timer-0","class":"FullSyncTargetManager","message":"Unable to find sync target. Currently checking 3 peers for usefulness","throwable":""}
{"timestamp":"2025-07-11T05:30:02,784","container":"7ba90c4ae217","level":"INFO","thread":"BftProcessorExecutor-QBFT-0","class":"QbftRound","message":"Importing proposed block to chain. round=ConsensusRoundIdentifier{Sequence=1, Round=5}, hash=0xebce985c80556df866563d8447428c947e0b81631fa66e276d5bde32a891efb3","throwable":""}
{"timestamp":"2025-07-11T05:30:02,810","container":"7ba90c4ae217","level":"INFO","thread":"BftProcessorExecutor-QBFT-0","class":"QbftBesuControllerBuilder","message":"Imported #1 / 0 tx / 0 pending / 0 (0.0%) gas / (0xebce985c80556df866563d8447428c947e0b81631fa66e276d5bde32a891efb3)","throwable":""}
{"timestamp":"2025-07-11T05:30:06,596","container":"7ba90c4ae217","level":"INFO","thread":"EthScheduler-Timer-0","class":"FullSyncTargetManager","message":"Unable to find sync target. Currently checking 3 peers for usefulness","throwable":""}
{"timestamp":"2025-07-11T05:30:08,089","container":"7ba90c4ae217","level":"INFO","thread":"BftProcessorExecutor-QBFT-0","class":"QbftBesuControllerBuilder","message":"Produced #2 / 0 tx / 0 pending / 0 (0.0%) gas / (0xa6eb13d45e9d921aee61837ddbc14c66128f5d0c2475c1778d952fe10291e1ef)","throwable":""}
{"timestamp":"2025-07-11T05:30:11,596","container":"7ba90c4ae217","level":"INFO","thread":"EthScheduler-Timer-0","class":"FullSyncTargetManager","message":"Unable to find sync target. Currently checking 3 peers for usefulness","throwable":""}
{"timestamp":"2025-07-11T05:30:16,597","container":"7ba90c4ae217","level":"INFO","thread":"EthScheduler-Timer-0","class":"FullSyncTargetManager","message":"Unable to find sync target. Currently checking 3 peers for usefulness","throwable":""}
{"timestamp":"2025-07-11T05:30:19,969","container":"7ba90c4ae217","level":"INFO","thread":"BftProcessorExecutor-QBFT-0","class":"QbftBesuControllerBuilder","message":"Imported #3 / 0 tx / 0 pending / 0 (0.0%) gas / (0x4c780ecdc6cffa39653a320b491fba6d702728e6906ef6d1316824c5518ed8e9)","throwable":""}
{"timestamp":"2025-07-11T05:30:24,085","container":"7ba90c4ae217","level":"INFO","thread":"BftProcessorExecutor-QBFT-0","class":"QbftBesuControllerBuilder","message":"Imported #4 / 0 tx / 0 pending / 0 (0.0%) gas / (0x6740790d8230249e29246f32080c0743ad0aa909d365249561f3e8ad3311cd7a)","throwable":""}
{"timestamp":"2025-07-11T05:30:45,081","container":"7ba90c4ae217","level":"INFO","thread":"BftProcessorExecutor-QBFT-0","class":"QbftRound","message":"Importing proposed block to chain. round=ConsensusRoundIdentifier{Sequence=5, Round=1}, hash=0x1c265b71f92327d485c020d02af19391bd942453426a4765d37e86ae188407ed","throwable":""}
{"timestamp":"2025-07-11T05:30:45,087","container":"7ba90c4ae217","level":"INFO","thread":"BftProcessorExecutor-QBFT-0","class":"QbftBesuControllerBuilder","message":"Produced #5 / 0 tx / 0 pending / 0 (0.0%) gas / (0x1c265b71f92327d485c020d02af19391bd942453426a4765d37e86ae188407ed)","throwable":""}
{"timestamp":"2025-07-11T05:30:52,057","container":"7ba90c4ae217","level":"INFO","thread":"BftProcessorExecutor-QBFT-0","class":"QbftBesuControllerBuilder","message":"Imported #6 / 0 tx / 0 pending / 0 (0.0%) gas / (0xfb7a4e9d5bf5ec2ecfdff21677906670fe274302040cf9045af2eec88d26eadd)","throwable":""}
{"timestamp":"2025-07-11T05:31:05,037","container":"7ba90c4ae217","level":"INFO","thread":"BftProcessorExecutor-QBFT-0","class":"QbftBesuControllerBuilder","message":"Imported #7 / 0 tx / 0 pending / 0 (0.0%) gas / (0xc258fa28bd2f9d943d88d7a6d33804277f294ce765cd238aac2d7c4edeaab527)","throwable":""}
{"timestamp":"2025-07-11T05:31:09,724","container":"7ba90c4ae217","level":"INFO","thread":"BftProcessorExecutor-QBFT-0","class":"QbftBesuControllerBuilder","message":"Imported #8 / 0 tx / 0 pending / 0 (0.0%) gas / (0xa48a54601ff8cb3b6c979d1b4bc92a1da69e9a78f6be0a910cf32f06fb411129)","throwable":""}
{"timestamp":"2025-07-11T05:31:16,059","container":"7ba90c4ae217","level":"INFO","thread":"BftProcessorExecutor-QBFT-0","class":"QbftBesuControllerBuilder","message":"Produced #9 / 0 tx / 0 pending / 0 (0.0%) gas / (0xdc665b30ef6d050c507aa6205c33550b15dfbfbe7b7746599603ea7eb631667c)","throwable":""}
{"timestamp":"2025-07-11T05:31:25,057","container":"7ba90c4ae217","level":"INFO","thread":"BftProcessorExecutor-QBFT-0","class":"QbftBesuControllerBuilder","message":"Imported #10 / 0 tx / 0 pending / 0 (0.0%) gas / (0x2eb2948260797b30321efa4ee93c6c404c59c41aa53c2457b5e4d78150ee9b7e)","throwable":""}
{"timestamp":"2025-07-11T05:31:32,050","container":"7ba90c4ae217","level":"INFO","thread":"BftProcessorExecutor-QBFT-0","class":"QbftBesuControllerBuilder","message":"Imported #11 / 0 tx / 0 pending / 0 (0.0%) gas / (0xc3dc70e26b2b9ce6c1f89c078649e50dcc77870d3fbc04534e3df883457f4621)","throwable":""}
{"timestamp":"2025-07-11T05:31:50,079","container":"7ba90c4ae217","level":"INFO","thread":"BftProcessorExecutor-QBFT-0","class":"QbftRound","message":"Importing proposed block to chain. round=ConsensusRoundIdentifier{Sequence=12, Round=1}, hash=0xa76979435bc239e9e2bcee6aa3e7cbd79d7f0b19c30bd4eb913ed9baa54e92a6","throwable":""}
{"timestamp":"2025-07-11T05:31:50,084","container":"7ba90c4ae217","level":"INFO","thread":"BftProcessorExecutor-QBFT-0","class":"QbftBesuControllerBuilder","message":"Produced #12 / 0 tx / 0 pending / 0 (0.0%) gas / (0xa76979435bc239e9e2bcee6aa3e7cbd79d7f0b19c30bd4eb913ed9baa54e92a6)","throwable":""}
{"timestamp":"2025-07-11T05:32:00,090","container":"7ba90c4ae217","level":"INFO","thread":"BftProcessorExecutor-QBFT-0","class":"QbftBesuControllerBuilder","message":"Imported #13 / 0 tx / 0 pending / 0 (0.0%) gas / (0xa6d4fdbeb8a9df4ec6be649ce0121ca67c9c866e4c22973317eda03dd384d3b6)","throwable":""}
{"timestamp":"2025-07-11T05:32:06,066","container":"7ba90c4ae217","level":"INFO","thread":"BftProcessorExecutor-QBFT-0","class":"QbftBesuControllerBuilder","message":"Imported #14 / 0 tx / 0 pending / 0 (0.0%) gas / (0xc2509073bca9e81ff85f398724a671b72d1e1b4e252a7044887532221efb5a42)","throwable":""}
{"timestamp":"2025-07-11T05:32:25,098","container":"7ba90c4ae217","level":"INFO","thread":"BftProcessorExecutor-QBFT-0","class":"QbftRound","message":"Importing proposed block to chain. round=ConsensusRoundIdentifier{Sequence=15, Round=1}, hash=0xb899201f2911784e3bcb6b0517d14fc7b80b01e18971ab3b90aa1f8ec50fd40a","throwable":""}
{"timestamp":"2025-07-11T05:32:25,112","container":"7ba90c4ae217","level":"INFO","thread":"BftProcessorExecutor-QBFT-0","class":"QbftBesuControllerBuilder","message":"Produced #15 / 0 tx / 0 pending / 0 (0.0%) gas / (0xb899201f2911784e3bcb6b0517d14fc7b80b01e18971ab3b90aa1f8ec50fd40a)","throwable":""}
{"timestamp":"2025-07-11T05:32:35,116","container":"7ba90c4ae217","level":"INFO","thread":"BftProcessorExecutor-QBFT-0","class":"QbftBesuControllerBuilder","message":"Imported #16 / 0 tx / 0 pending / 0 (0.0%) gas / (0x71ebf38a37a8685cc952194f6179500c9fe4c154aa8c2fbe96067368e852e67b)","throwable":""}
{"timestamp":"2025-07-11T05:32:41,046","container":"7ba90c4ae217","level":"INFO","thread":"BftProcessorExecutor-QBFT-0","class":"QbftBesuControllerBuilder","message":"Imported #17 / 0 tx / 0 pending / 0 (0.0%) gas / (0xa7914a6312087622d59d5e45d06c1b7ff5d0a83e8fd84c240452464f1d4c0b1c)","throwable":""}
{"timestamp":"2025-07-11T05:33:00,143","container":"7ba90c4ae217","level":"INFO","thread":"BftProcessorExecutor-QBFT-0","class":"QbftRound","message":"Importing proposed block to chain. round=ConsensusRoundIdentifier{Sequence=18, Round=1}, hash=0x023da809cb402fe9948550476d1be179f808b630172642d49977d83fc35bba9f","throwable":""}
{"timestamp":"2025-07-11T05:33:00,149","container":"7ba90c4ae217","level":"INFO","thread":"BftProcessorExecutor-QBFT-0","class":"QbftBesuControllerBuilder","message":"Produced #18 / 0 tx / 0 pending / 0 (0.0%) gas / (0x023da809cb402fe9948550476d1be179f808b630172642d49977d83fc35bba9f)","throwable":""}
{"timestamp":"2025-07-11T05:33:10,159","container":"7ba90c4ae217","level":"INFO","thread":"BftProcessorExecutor-QBFT-0","class":"QbftBesuControllerBuilder","message":"Imported #19 / 0 tx / 0 pending / 0 (0.0%) gas / (0x8f6f84ddfe861c2f488237617d8fa8951066906dc744d85a168b55ff8d1d9f65)","throwable":""}
{"timestamp":"2025-07-11T05:33:16,039","container":"7ba90c4ae217","level":"INFO","thread":"BftProcessorExecutor-QBFT-0","class":"QbftBesuControllerBuilder","message":"Imported #20 / 0 tx / 0 pending / 0 (0.0%) gas / (0xa0587c8ad85c43c23cd58fb244c0c45c5565d934e578940236b415d590cd1ac5)","throwable":""}
{"timestamp":"2025-07-11T05:33:35,234","container":"7ba90c4ae217","level":"INFO","thread":"BftProcessorExecutor-QBFT-0","class":"QbftRound","message":"Importing proposed block to chain. round=ConsensusRoundIdentifier{Sequence=21, Round=1}, hash=0xece78c0d9b42bf43dcfbd965af15db54ed4ab490b758e70d94fd4507603a2cdf","throwable":""}
{"timestamp":"2025-07-11T05:33:35,244","container":"7ba90c4ae217","level":"INFO","thread":"BftProcessorExecutor-QBFT-0","class":"QbftBesuControllerBuilder","message":"Produced #21 / 0 tx / 0 pending / 0 (0.0%) gas / (0xece78c0d9b42bf43dcfbd965af15db54ed4ab490b758e70d94fd4507603a2cdf)","throwable":""}
{"timestamp":"2025-07-11T05:33:45,200","container":"7ba90c4ae217","level":"INFO","thread":"BftProcessorExecutor-QBFT-0","class":"QbftBesuControllerBuilder","message":"Imported #22 / 0 tx / 0 pending / 0 (0.0%) gas / (0x25f0a0fa120480286f44f2799e1b31fbce3532001f2455761fa345d3bc59396e)","throwable":""}
{"timestamp":"2025-07-11T05:33:51,056","container":"7ba90c4ae217","level":"INFO","thread":"BftProcessorExecutor-QBFT-0","class":"QbftBesuControllerBuilder","message":"Imported #23 / 0 tx / 0 pending / 0 (0.0%) gas / (0x55230d8fce139e7d661e5c04ea056fc55d095edc0a17e262cb6a83fec152321c)","throwable":""}
{"timestamp":"2025-07-11T05:34:10,246","container":"7ba90c4ae217","level":"INFO","thread":"BftProcessorExecutor-QBFT-0","class":"QbftRound","message":"Importing proposed block to chain. round=ConsensusRoundIdentifier{Sequence=24, Round=1}, hash=0xad5d8f2ad2583dc297d58abd614ef4cd8ebe3a33ce63cef3af0ce3cd6dcd9f7b","throwable":""}
{"timestamp":"2025-07-11T05:34:10,251","container":"7ba90c4ae217","level":"INFO","thread":"BftProcessorExecutor-QBFT-0","class":"QbftBesuControllerBuilder","message":"Produced #24 / 0 tx / 0 pending / 0 (0.0%) gas / (0xad5d8f2ad2583dc297d58abd614ef4cd8ebe3a33ce63cef3af0ce3cd6dcd9f7b)","throwable":""}
{"timestamp":"2025-07-11T05:34:20,242","container":"7ba90c4ae217","level":"INFO","thread":"BftProcessorExecutor-QBFT-0","class":"QbftBesuControllerBuilder","message":"Imported #25 / 0 tx / 0 pending / 0 (0.0%) gas / (0xa583f65a426c5e69e0214f5c5cd91e8198bb72f850ac037c350e60c4adc3fb6d)","throwable":""}
{"timestamp":"2025-07-11T05:34:26,049","container":"7ba90c4ae217","level":"INFO","thread":"BftProcessorExecutor-QBFT-0","class":"QbftBesuControllerBuilder","message":"Imported #26 / 0 tx / 0 pending / 0 (0.0%) gas / (0x761fdae0a4af8b395a29ca7f828b19f845d2a2645be3ad05dfc3eaff72f362c4)","throwable":""}
{"timestamp":"2025-07-11T05:34:45,285","container":"7ba90c4ae217","level":"INFO","thread":"BftProcessorExecutor-QBFT-0","class":"QbftRound","message":"Importing proposed block to chain. round=ConsensusRoundIdentifier{Sequence=27, Round=1}, hash=0x0de4b6b5e392498c2480a59aabbb53bfb0ef1ecfb74212df6e35b111996d9f0b","throwable":""}
{"timestamp":"2025-07-11T05:34:45,290","container":"7ba90c4ae217","level":"INFO","thread":"BftProcessorExecutor-QBFT-0","class":"QbftBesuControllerBuilder","message":"Produced #27 / 0 tx / 0 pending / 0 (0.0%) gas / (0x0de4b6b5e392498c2480a59aabbb53bfb0ef1ecfb74212df6e35b111996d9f0b)","throwable":""}
{"timestamp":"2025-07-11T05:34:55,337","container":"7ba90c4ae217","level":"INFO","thread":"BftProcessorExecutor-QBFT-0","class":"QbftBesuControllerBuilder","message":"Imported #28 / 0 tx / 0 pending / 0 (0.0%) gas / (0xd079390916651442f73513ad3c52b73ad10f9d82fa9f6fb49de8cc46576a7b07)","throwable":""}
{"timestamp":"2025-07-11T05:34:55,338","container":"7ba90c4ae217","level":"INFO","thread":"EthScheduler-Workers-0","class":"PersistBlockTask","message":"Block 28 (0xd079390916651442f73513ad3c52b73ad10f9d82fa9f6fb49de8cc46576a7b07) is already imported","throwable":""}
{"timestamp":"2025-07-11T05:35:01,050","container":"7ba90c4ae217","level":"INFO","thread":"BftProcessorExecutor-QBFT-0","class":"QbftBesuControllerBuilder","message":"Imported #29 / 0 tx / 0 pending / 0 (0.0%) gas / (0x636cbea764b0202d2cf222b282e04400a75180638e192cfe07e1298b54f62c67)","throwable":""}
{"timestamp":"2025-07-11T05:35:20,334","container":"7ba90c4ae217","level":"INFO","thread":"BftProcessorExecutor-QBFT-0","class":"QbftRound","message":"Importing proposed block to chain. round=ConsensusRoundIdentifier{Sequence=30, Round=1}, hash=0xe42319895a7541e25efe71d33094113ac722d267f2cf045b90e35db6124ec20b","throwable":""}
{"timestamp":"2025-07-11T05:35:20,342","container":"7ba90c4ae217","level":"INFO","thread":"BftProcessorExecutor-QBFT-0","class":"QbftBesuControllerBuilder","message":"Produced #30 / 0 tx / 0 pending / 0 (0.0%) gas / (0xe42319895a7541e25efe71d33094113ac722d267f2cf045b90e35db6124ec20b)","throwable":""}
{"timestamp":"2025-07-11T05:35:30,367","container":"7ba90c4ae217","level":"INFO","thread":"BftProcessorExecutor-QBFT-0","class":"QbftBesuControllerBuilder","message":"Imported #31 / 0 tx / 0 pending / 0 (0.0%) gas / (0xbb77b97854db8de068ea41cc896b6ac5696182edaa646172d65d5295199d31f1)","throwable":""}
{"timestamp":"2025-07-11T05:35:36,041","container":"7ba90c4ae217","level":"INFO","thread":"BftProcessorExecutor-QBFT-0","class":"QbftBesuControllerBuilder","message":"Imported #32 / 0 tx / 0 pending / 0 (0.0%) gas / (0x936353c26217bc633f18eed5921c0db4e434ea3e73dd9de5ab398086bfc73c2e)","throwable":""}
{"timestamp":"2025-07-11T05:35:55,397","container":"7ba90c4ae217","level":"INFO","thread":"BftProcessorExecutor-QBFT-0","class":"QbftRound","message":"Importing proposed block to chain. round=ConsensusRoundIdentifier{Sequence=33, Round=1}, hash=0x52906a6be4d955d20640e55ad5653748bd6b7e35f65a57bace9c28e008dec601","throwable":""}
{"timestamp":"2025-07-11T05:35:55,402","container":"7ba90c4ae217","level":"INFO","thread":"BftProcessorExecutor-QBFT-0","class":"QbftBesuControllerBuilder","message":"Produced #33 / 0 tx / 0 pending / 0 (0.0%) gas / (0x52906a6be4d955d20640e55ad5653748bd6b7e35f65a57bace9c28e008dec601)","throwable":""}
{"timestamp":"2025-07-11T05:36:05,420","container":"7ba90c4ae217","level":"INFO","thread":"BftProcessorExecutor-QBFT-0","class":"QbftBesuControllerBuilder","message":"Imported #34 / 0 tx / 0 pending / 0 (0.0%) gas / (0xc43fbe498fe013bc80edc7464726e245355eb6f2b47c63f5c7828d5f5c1c5b35)","throwable":""}
{"timestamp":"2025-07-11T05:36:11,032","container":"7ba90c4ae217","level":"INFO","thread":"BftProcessorExecutor-QBFT-0","class":"QbftBesuControllerBuilder","message":"Imported #35 / 0 tx / 0 pending / 0 (0.0%) gas / (0x18d398b57920b846f0112729e528bcd4b01571d22ca4f4e55807b763b8e7e7ff)","throwable":""}
{"timestamp":"2025-07-11T05:36:30,434","container":"7ba90c4ae217","level":"INFO","thread":"BftProcessorExecutor-QBFT-0","class":"QbftRound","message":"Importing proposed block to chain. round=ConsensusRoundIdentifier{Sequence=36, Round=1}, hash=0x30f1ce03c0bfab431f77fc44e2b1d059dc26aa6160ddb872229c8e08aeb2a1ae","throwable":""}
{"timestamp":"2025-07-11T05:36:30,438","container":"7ba90c4ae217","level":"INFO","thread":"BftProcessorExecutor-QBFT-0","class":"QbftBesuControllerBuilder","message":"Produced #36 / 0 tx / 0 pending / 0 (0.0%) gas / (0x30f1ce03c0bfab431f77fc44e2b1d059dc26aa6160ddb872229c8e08aeb2a1ae)","throwable":""}
{"timestamp":"2025-07-11T05:36:40,446","container":"7ba90c4ae217","level":"INFO","thread":"BftProcessorExecutor-QBFT-0","class":"QbftBesuControllerBuilder","message":"Imported #37 / 0 tx / 0 pending / 0 (0.0%) gas / (0x2a7bceeb322d6b91abe1639f0c94015396ecf798fe7848ae44e5b912126de78f)","throwable":""}
{"timestamp":"2025-07-11T05:36:46,036","container":"7ba90c4ae217","level":"INFO","thread":"BftProcessorExecutor-QBFT-0","class":"QbftBesuControllerBuilder","message":"Imported #38 / 0 tx / 0 pending / 0 (0.0%) gas / (0x4247a3f3d336deb8c18952384c6a7c078c2d2b7cb0098ee4cced5e7e44d6d1e3)","throwable":""}
{"timestamp":"2025-07-11T05:37:05,473","container":"7ba90c4ae217","level":"INFO","thread":"BftProcessorExecutor-QBFT-0","class":"QbftRound","message":"Importing proposed block to chain. round=ConsensusRoundIdentifier{Sequence=39, Round=1}, hash=0xea7f054193c30086d65fdbd34b292aa5abf910fc6782cd9f166341e2d6c77637","throwable":""}
{"timestamp":"2025-07-11T05:37:05,478","container":"7ba90c4ae217","level":"INFO","thread":"BftProcessorExecutor-QBFT-0","class":"QbftBesuControllerBuilder","message":"Produced #39 / 0 tx / 0 pending / 0 (0.0%) gas / (0xea7f054193c30086d65fdbd34b292aa5abf910fc6782cd9f166341e2d6c77637)","throwable":""}
{"timestamp":"2025-07-11T05:37:13,032","container":"7ba90c4ae217","level":"INFO","thread":"BftProcessorExecutor-QBFT-0","class":"QbftBesuControllerBuilder","message":"Imported #40 / 0 tx / 0 pending / 0 (0.0%) gas / (0x51eafdefa0ca8646fa14a6844385ca06fe236f89625896f8aa14e6f0931a3358)","throwable":""}
{"timestamp":"2025-07-11T05:37:25,490","container":"7ba90c4ae217","level":"INFO","thread":"BftProcessorExecutor-QBFT-0","class":"QbftBesuControllerBuilder","message":"Imported #41 / 0 tx / 0 pending / 0 (0.0%) gas / (0x4c170346a568470f8aa94672f57617cf5c305400c57b4bd1f40141c7013e3eb7)","throwable":""}
{"timestamp":"2025-07-11T05:37:30,521","container":"7ba90c4ae217","level":"INFO","thread":"BftProcessorExecutor-QBFT-0","class":"QbftBesuControllerBuilder","message":"Imported #42 / 0 tx / 0 pending / 0 (0.0%) gas / (0xfece5f75b23de189875bd2364af73fb3a32442d2e11d8558e90c0ad2888f12b7)","throwable":""}
{"timestamp":"2025-07-11T05:37:37,030","container":"7ba90c4ae217","level":"INFO","thread":"BftProcessorExecutor-QBFT-0","class":"QbftBesuControllerBuilder","message":"Produced #43 / 0 tx / 0 pending / 0 (0.0%) gas / (0xa082e8d913ae75f6a649977fe852ef8f136ee74ac587bce273bc3ed5af55ae8c)","throwable":""}
{"timestamp":"2025-07-11T05:37:45,473","container":"7ba90c4ae217","level":"INFO","thread":"BftProcessorExecutor-QBFT-0","class":"QbftBesuControllerBuilder","message":"Imported #44 / 0 tx / 0 pending / 0 (0.0%) gas / (0xb2cc87fc03039100c63627017bfab8653d2f8bcf06b1497bb0187a626cab4e9f)","throwable":""}
{"timestamp":"2025-07-11T05:37:53,034","container":"7ba90c4ae217","level":"INFO","thread":"BftProcessorExecutor-QBFT-0","class":"QbftBesuControllerBuilder","message":"Imported #45 / 0 tx / 0 pending / 0 (0.0%) gas / (0x780146e03c12e17b0cf3399966245b6516b52b06cf0b38cfaa0c9f8c17326fa6)","throwable":""}
{"timestamp":"2025-07-11T05:38:15,514","container":"7ba90c4ae217","level":"INFO","thread":"BftProcessorExecutor-QBFT-0","class":"QbftRound","message":"Importing proposed block to chain. round=ConsensusRoundIdentifier{Sequence=46, Round=1}, hash=0x642faa23960ced815fc26dfe2f46ce33ff739e2480f460ba0a62984758e3a80b","throwable":""}
{"timestamp":"2025-07-11T05:38:15,519","container":"7ba90c4ae217","level":"INFO","thread":"BftProcessorExecutor-QBFT-0","class":"QbftBesuControllerBuilder","message":"Produced #46 / 0 tx / 0 pending / 0 (0.0%) gas / (0x642faa23960ced815fc26dfe2f46ce33ff739e2480f460ba0a62984758e3a80b)","throwable":""}
{"timestamp":"2025-07-11T05:38:23,029","container":"7ba90c4ae217","level":"INFO","thread":"BftProcessorExecutor-QBFT-0","class":"QbftBesuControllerBuilder","message":"Imported #47 / 0 tx / 0 pending / 0 (0.0%) gas / (0x9bcdd616ad62ae9a01a39a3f420f81d538d2ad6d0e810fad90fbb58908707159)","throwable":""}
{"timestamp":"2025-07-11T05:38:35,524","container":"7ba90c4ae217","level":"INFO","thread":"BftProcessorExecutor-QBFT-0","class":"QbftBesuControllerBuilder","message":"Imported #48 / 0 tx / 0 pending / 0 (0.0%) gas / (0x9e5b5de2f099d90fbdbc2ef3e6c3679acb7533a9d70d07999d2a45a1965c356d)","throwable":""}
{"timestamp":"2025-07-11T05:38:40,468","container":"7ba90c4ae217","level":"INFO","thread":"BftProcessorExecutor-QBFT-0","class":"QbftBesuControllerBuilder","message":"Imported #49 / 0 tx / 0 pending / 0 (0.0%) gas / (0xb47b90ecc8bc8e2ef6f34710b566f6f6995e70e7dd836c07d71c9cf0dcd3bd39)","throwable":""}
{"timestamp":"2025-07-11T05:38:47,030","container":"7ba90c4ae217","level":"INFO","thread":"BftProcessorExecutor-QBFT-0","class":"QbftBesuControllerBuilder","message":"Produced #50 / 0 tx / 0 pending / 0 (0.0%) gas / (0x9685a43feb92e65cc7f7027c3794aefb7b61839d5e2ecbd43e3969faf32c7d3f)","throwable":""}
{"timestamp":"2025-07-11T05:38:55,530","container":"7ba90c4ae217","level":"INFO","thread":"BftProcessorExecutor-QBFT-0","class":"QbftBesuControllerBuilder","message":"Imported #51 / 0 tx / 0 pending / 0 (0.0%) gas / (0x4e7b23ab1a6074baa3f5bb63ef9828695413daa72e40a5bb611eb2e8cbd3d73c)","throwable":""}
{"timestamp":"2025-07-11T05:39:03,030","container":"7ba90c4ae217","level":"INFO","thread":"BftProcessorExecutor-QBFT-0","class":"QbftBesuControllerBuilder","message":"Imported #52 / 0 tx / 0 pending / 0 (0.0%) gas / (0x51a79bd0b8a2c185a3f627e403f75dc50aa891e65aea021d60eb983c263b4e07)","throwable":""}
{"timestamp":"2025-07-11T05:39:25,580","container":"7ba90c4ae217","level":"INFO","thread":"BftProcessorExecutor-QBFT-0","class":"QbftRound","message":"Importing proposed block to chain. round=ConsensusRoundIdentifier{Sequence=53, Round=1}, hash=0x3937d3c5c826d11c16df2e84a9196cc6ed64d7b814ad4be4694ec9da34cb57e4","throwable":""}
{"timestamp":"2025-07-11T05:39:25,585","container":"7ba90c4ae217","level":"INFO","thread":"BftProcessorExecutor-QBFT-0","class":"QbftBesuControllerBuilder","message":"Produced #53 / 0 tx / 0 pending / 0 (0.0%) gas / (0x3937d3c5c826d11c16df2e84a9196cc6ed64d7b814ad4be4694ec9da34cb57e4)","throwable":""}
{"timestamp":"2025-07-11T05:39:33,027","container":"7ba90c4ae217","level":"INFO","thread":"BftProcessorExecutor-QBFT-0","class":"QbftBesuControllerBuilder","message":"Imported #54 / 0 tx / 0 pending / 0 (0.0%) gas / (0x87937db97dc51f79f8bbd0fe04581b918a31567dfa251fd68e2b31108231a313)","throwable":""}
{"timestamp":"2025-07-11T05:39:45,601","container":"7ba90c4ae217","level":"INFO","thread":"BftProcessorExecutor-QBFT-0","class":"QbftBesuControllerBuilder","message":"Imported #55 / 0 tx / 0 pending / 0 (0.0%) gas / (0xe831d775c63af7bc03a3fc6c24dc45921eb2ed4590f63dc001a4a053a9c44674)","throwable":""}
{"timestamp":"2025-07-11T05:39:50,431","container":"7ba90c4ae217","level":"INFO","thread":"BftProcessorExecutor-QBFT-0","class":"QbftBesuControllerBuilder","message":"Imported #56 / 0 tx / 0 pending / 0 (0.0%) gas / (0x53c75bf4f2e3914b38e3ba161e4e3aef2026e781175b92aad67bba128b4815ca)","throwable":""}
{"timestamp":"2025-07-11T05:39:57,034","container":"7ba90c4ae217","level":"INFO","thread":"BftProcessorExecutor-QBFT-0","class":"QbftBesuControllerBuilder","message":"Produced #57 / 0 tx / 0 pending / 0 (0.0%) gas / (0xc963d9dd6f35e76542ba6fff1e4dbd909f8254fb66bf5bf1fe119b48a6f7cde7)","throwable":""}
{"timestamp":"2025-07-11T05:40:05,642","container":"7ba90c4ae217","level":"INFO","thread":"BftProcessorExecutor-QBFT-0","class":"QbftBesuControllerBuilder","message":"Imported #58 / 0 tx / 0 pending / 0 (0.0%) gas / (0xf1d2a3cae36ca187012de5e8d3eb24c23fbf2b7b11d3483e10a50a1fc07dfc12)","throwable":""}
{"timestamp":"2025-07-11T05:40:13,028","container":"7ba90c4ae217","level":"INFO","thread":"BftProcessorExecutor-QBFT-0","class":"QbftBesuControllerBuilder","message":"Imported #59 / 0 tx / 0 pending / 0 (0.0%) gas / (0x42981ae97cedc97b871b3ebb5bfd3223c9a7a51bb311a18b965099b5d865c32e)","throwable":""}
{"timestamp":"2025-07-11T05:40:35,680","container":"7ba90c4ae217","level":"INFO","thread":"BftProcessorExecutor-QBFT-0","class":"QbftRound","message":"Importing proposed block to chain. round=ConsensusRoundIdentifier{Sequence=60, Round=1}, hash=0x9068a1abab0752808d15b2831e1f637fed17e0689214abedd572df4aaa62edb2","throwable":""}
{"timestamp":"2025-07-11T05:40:35,685","container":"7ba90c4ae217","level":"INFO","thread":"BftProcessorExecutor-QBFT-0","class":"QbftBesuControllerBuilder","message":"Produced #60 / 0 tx / 0 pending / 0 (0.0%) gas / (0x9068a1abab0752808d15b2831e1f637fed17e0689214abedd572df4aaa62edb2)","throwable":""}
{"timestamp":"2025-07-11T05:40:43,022","container":"7ba90c4ae217","level":"INFO","thread":"BftProcessorExecutor-QBFT-0","class":"QbftBesuControllerBuilder","message":"Imported #61 / 0 tx / 0 pending / 0 (0.0%) gas / (0xa0e0a9c3684860732f9709a1b9519b4301d8eb4d4ffd0f8c796ab3c99ce703b2)","throwable":""}
{"timestamp":"2025-07-11T05:40:55,700","container":"7ba90c4ae217","level":"INFO","thread":"BftProcessorExecutor-QBFT-0","class":"QbftBesuControllerBuilder","message":"Imported #62 / 0 tx / 0 pending / 0 (0.0%) gas / (0x861ce7e0a4a28c087425f835b381e2ff31979c193e7036eda31f84a5187b8de3)","throwable":""}
{"timestamp":"2025-07-11T05:41:00,406","container":"7ba90c4ae217","level":"INFO","thread":"BftProcessorExecutor-QBFT-0","class":"QbftBesuControllerBuilder","message":"Imported #63 / 0 tx / 0 pending / 0 (0.0%) gas / (0x49f718dff3f721850279e7a94e65b1ce0f974b23ab60995b4242a6a8826db81d)","throwable":""}
{"timestamp":"2025-07-11T05:41:07,029","container":"7ba90c4ae217","level":"INFO","thread":"BftProcessorExecutor-QBFT-0","class":"QbftBesuControllerBuilder","message":"Produced #64 / 0 tx / 0 pending / 0 (0.0%) gas / (0x66e6ee56c5d2c3806051704e1f84f6fa1593efa63ff2dad3f1a3948951f009bf)","throwable":""}
{"timestamp":"2025-07-11T05:41:15,757","container":"7ba90c4ae217","level":"INFO","thread":"BftProcessorExecutor-QBFT-0","class":"QbftBesuControllerBuilder","message":"Imported #65 / 0 tx / 0 pending / 0 (0.0%) gas / (0x1bed7550a19b45194383eb01b01d1d4d9f987fd640b33f044e8eaa14ff246c73)","throwable":""}
{"timestamp":"2025-07-11T05:41:23,030","container":"7ba90c4ae217","level":"INFO","thread":"BftProcessorExecutor-QBFT-0","class":"QbftBesuControllerBuilder","message":"Imported #66 / 0 tx / 0 pending / 0 (0.0%) gas / (0xef1ca014ca422a6594392ccb52008c81139c74cc8d84881f3410613513d4f7c3)","throwable":""}
{"timestamp":"2025-07-11T05:41:45,807","container":"7ba90c4ae217","level":"INFO","thread":"BftProcessorExecutor-QBFT-0","class":"QbftRound","message":"Importing proposed block to chain. round=ConsensusRoundIdentifier{Sequence=67, Round=1}, hash=0xfc271f021fa7b30a2247a473f7093fa8f4e3a4a9fca0d2ed1bbc9ce48e49a10b","throwable":""}
{"timestamp":"2025-07-11T05:41:45,811","container":"7ba90c4ae217","level":"INFO","thread":"BftProcessorExecutor-QBFT-0","class":"QbftBesuControllerBuilder","message":"Produced #67 / 0 tx / 0 pending / 0 (0.0%) gas / (0xfc271f021fa7b30a2247a473f7093fa8f4e3a4a9fca0d2ed1bbc9ce48e49a10b)","throwable":""}
{"timestamp":"2025-07-11T05:41:53,025","container":"7ba90c4ae217","level":"INFO","thread":"BftProcessorExecutor-QBFT-0","class":"QbftBesuControllerBuilder","message":"Imported #68 / 0 tx / 0 pending / 0 (0.0%) gas / (0x30ae6eb934bcbff3d7f578961e2800be56783a3238c8a5ad8d7f22037fe1176c)","throwable":""}
{"timestamp":"2025-07-11T05:42:05,834","container":"7ba90c4ae217","level":"INFO","thread":"BftProcessorExecutor-QBFT-0","class":"QbftBesuControllerBuilder","message":"Imported #69 / 0 tx / 0 pending / 0 (0.0%) gas / (0x936c3b8cdf3ba1b1a8111e0ac388d2c250e1fcd48683bccbd450f726ee8791b8)","throwable":""}
{"timestamp":"2025-07-11T05:42:10,435","container":"7ba90c4ae217","level":"INFO","thread":"BftProcessorExecutor-QBFT-0","class":"QbftBesuControllerBuilder","message":"Imported #70 / 1 tx / 0 pending / 296,480 (0.0%) gas / (0xe62352871b07995ed2a85bca71afe0cfc212e74249b950b82f8f9e56a7ada1d7)","throwable":""}
{"timestamp":"2025-07-11T05:42:17,052","container":"7ba90c4ae217","level":"INFO","thread":"BftProcessorExecutor-QBFT-0","class":"QbftBesuControllerBuilder","message":"Produced #71 / 1 tx / 0 pending / 300,000 (0.0%) gas / (0x820cf9b4f9ec2df98d62288a8bcd3f6c17ae79e68fd2663ee16016b9dfea169f)","throwable":""}
{"timestamp":"2025-07-11T05:42:25,878","container":"7ba90c4ae217","level":"INFO","thread":"BftProcessorExecutor-QBFT-0","class":"QbftBesuControllerBuilder","message":"Imported #72 / 0 tx / 0 pending / 0 (0.0%) gas / (0x04b5c2fd13914d9b8f3f2f4cfc2ac211bce2cbd2f9c61616d86de3f79831ffc2)","throwable":""}
{"timestamp":"2025-07-11T05:42:33,029","container":"7ba90c4ae217","level":"INFO","thread":"BftProcessorExecutor-QBFT-0","class":"QbftBesuControllerBuilder","message":"Imported #73 / 0 tx / 0 pending / 0 (0.0%) gas / (0xb6e59039d7d24cbab1c02c421e54362a8598b48a45b3d1e815dd982f213ca6da)","throwable":""}
{"timestamp":"2025-07-11T05:42:55,927","container":"7ba90c4ae217","level":"INFO","thread":"BftProcessorExecutor-QBFT-0","class":"QbftRound","message":"Importing proposed block to chain. round=ConsensusRoundIdentifier{Sequence=74, Round=1}, hash=0x14ef985b0c9b71819e2d5c2ebc2d7348685ac5630b7e4a949822b335476c150a","throwable":""}
{"timestamp":"2025-07-11T05:42:55,932","container":"7ba90c4ae217","level":"INFO","thread":"BftProcessorExecutor-QBFT-0","class":"QbftBesuControllerBuilder","message":"Produced #74 / 0 tx / 0 pending / 0 (0.0%) gas / (0x14ef985b0c9b71819e2d5c2ebc2d7348685ac5630b7e4a949822b335476c150a)","throwable":""}
{"timestamp":"2025-07-11T05:43:03,018","container":"7ba90c4ae217","level":"INFO","thread":"BftProcessorExecutor-QBFT-0","class":"QbftBesuControllerBuilder","message":"Imported #75 / 0 tx / 0 pending / 0 (0.0%) gas / (0x367b183465970a41ffbd7bc757d5a51e044bb79aedf1f73d21e58cbb4a7e7367)","throwable":""}
{"timestamp":"2025-07-11T05:43:15,917","container":"7ba90c4ae217","level":"INFO","thread":"BftProcessorExecutor-QBFT-0","class":"QbftBesuControllerBuilder","message":"Imported #76 / 0 tx / 0 pending / 0 (0.0%) gas / (0x86340990401992bfe012be830e5eaeff4da799058c4f6394daef831373573408)","throwable":""}
{"timestamp":"2025-07-11T05:43:20,327","container":"7ba90c4ae217","level":"INFO","thread":"BftProcessorExecutor-QBFT-0","class":"QbftBesuControllerBuilder","message":"Imported #77 / 0 tx / 0 pending / 0 (0.0%) gas / (0x7400b78e2191f0572c33c8786633d1f189325093438167311bcbf4ed8fc9bab2)","throwable":""}
{"timestamp":"2025-07-11T05:43:27,025","container":"7ba90c4ae217","level":"INFO","thread":"BftProcessorExecutor-QBFT-0","class":"QbftBesuControllerBuilder","message":"Produced #78 / 0 tx / 0 pending / 0 (0.0%) gas / (0xa63cd7a97811651ec2e4ee22066e216a74ca0c05daa2286487f8a723af891848)","throwable":""}
{"timestamp":"2025-07-11T05:43:35,963","container":"7ba90c4ae217","level":"INFO","thread":"BftProcessorExecutor-QBFT-0","class":"QbftBesuControllerBuilder","message":"Imported #79 / 0 tx / 0 pending / 0 (0.0%) gas / (0xa674bcea2436da724f16fdcc2dff442c32281a92d50da55fa9591b35a06dad9e)","throwable":""}
{"timestamp":"2025-07-11T05:43:43,019","container":"7ba90c4ae217","level":"INFO","thread":"BftProcessorExecutor-QBFT-0","class":"QbftBesuControllerBuilder","message":"Imported #80 / 0 tx / 0 pending / 0 (0.0%) gas / (0x323a828428af162fa7ce132ccfc56a254ca6434fe382949854cdc1111eb6f550)","throwable":""}
{"timestamp":"2025-07-11T05:44:06,030","container":"7ba90c4ae217","level":"INFO","thread":"BftProcessorExecutor-QBFT-0","class":"QbftRound","message":"Importing proposed block to chain. round=ConsensusRoundIdentifier{Sequence=81, Round=1}, hash=0x0ff18c7c8f01c3297eaaadcdf94a88ad73336988b6e2133f805174c5939ad76c","throwable":""}
{"timestamp":"2025-07-11T05:44:06,033","container":"7ba90c4ae217","level":"INFO","thread":"BftProcessorExecutor-QBFT-0","class":"QbftBesuControllerBuilder","message":"Produced #81 / 0 tx / 0 pending / 0 (0.0%) gas / (0x0ff18c7c8f01c3297eaaadcdf94a88ad73336988b6e2133f805174c5939ad76c)","throwable":""}
{"timestamp":"2025-07-11T05:44:16,046","container":"7ba90c4ae217","level":"INFO","thread":"BftProcessorExecutor-QBFT-0","class":"QbftBesuControllerBuilder","message":"Imported #82 / 0 tx / 0 pending / 0 (0.0%) gas / (0x7ddcb23aa705ac195045eaba14c51c5dc79d50a5434e268e400fa21fb5f0ca04)","throwable":""}
{"timestamp":"2025-07-11T05:44:22,026","container":"7ba90c4ae217","level":"INFO","thread":"BftProcessorExecutor-QBFT-0","class":"QbftBesuControllerBuilder","message":"Imported #83 / 0 tx / 0 pending / 0 (0.0%) gas / (0x53e7b64d7bc2df356e097a0e5f399baa49ca2771c2fcb85a90ad051f1d525f02)","throwable":""}
{"timestamp":"2025-07-11T05:44:41,127","container":"7ba90c4ae217","level":"INFO","thread":"BftProcessorExecutor-QBFT-0","class":"QbftRound","message":"Importing proposed block to chain. round=ConsensusRoundIdentifier{Sequence=84, Round=1}, hash=0x1dd58e34e2c1a8ae7465ed4f7dde310e2f0b9ef8de515223647573371166cbcf","throwable":""}
{"timestamp":"2025-07-11T05:44:41,134","container":"7ba90c4ae217","level":"INFO","thread":"BftProcessorExecutor-QBFT-0","class":"QbftBesuControllerBuilder","message":"Produced #84 / 1 tx / 0 pending / 296,480 (0.0%) gas / (0x1dd58e34e2c1a8ae7465ed4f7dde310e2f0b9ef8de515223647573371166cbcf)","throwable":""}
{"timestamp":"2025-07-11T05:44:51,130","container":"7ba90c4ae217","level":"INFO","thread":"BftProcessorExecutor-QBFT-0","class":"QbftBesuControllerBuilder","message":"Imported #85 / 0 tx / 0 pending / 0 (0.0%) gas / (0xcfb7cd915c23b7dff4241506d01bb7f027fc24bcd33c97e190a3f2ffb0f0eb2b)","throwable":""}
{"timestamp":"2025-07-11T05:44:57,041","container":"7ba90c4ae217","level":"INFO","thread":"BftProcessorExecutor-QBFT-0","class":"QbftBesuControllerBuilder","message":"Imported #86 / 1 tx / 0 pending / 300,000 (0.0%) gas / (0x3bfedbd30c59ee79ffe664712ffca8b7f98a65b2a4d8022b363004f8e988e52d)","throwable":""}
{"timestamp":"2025-07-11T05:45:16,184","container":"7ba90c4ae217","level":"INFO","thread":"BftProcessorExecutor-QBFT-0","class":"QbftRound","message":"Importing proposed block to chain. round=ConsensusRoundIdentifier{Sequence=87, Round=1}, hash=0x6fdc22e9e3a070ffe4c568959684f57f841d4bf8d7097a5bee8f23e2cec5bdb0","throwable":""}
{"timestamp":"2025-07-11T05:45:16,186","container":"7ba90c4ae217","level":"INFO","thread":"BftProcessorExecutor-QBFT-0","class":"QbftBesuControllerBuilder","message":"Produced #87 / 0 tx / 0 pending / 0 (0.0%) gas / (0x6fdc22e9e3a070ffe4c568959684f57f841d4bf8d7097a5bee8f23e2cec5bdb0)","throwable":""}
{"timestamp":"2025-07-11T05:45:26,357","container":"7ba90c4ae217","level":"INFO","thread":"BftProcessorExecutor-QBFT-0","class":"QbftBesuControllerBuilder","message":"Imported #88 / 0 tx / 0 pending / 0 (0.0%) gas / (0x8ff764e8b9c2a8ddf76bc79ef74f15a3ff67f797686d73a264dbd5e0c8996e30)","throwable":""}
{"timestamp":"2025-07-11T05:45:32,027","container":"7ba90c4ae217","level":"INFO","thread":"BftProcessorExecutor-QBFT-0","class":"QbftBesuControllerBuilder","message":"Imported #89 / 0 tx / 0 pending / 0 (0.0%) gas / (0x0d8904ba86b94608546e64f8f2dbe328e85f8c6b37e357cdca96c67d7c5c4933)","throwable":""}
{"timestamp":"2025-07-11T05:45:51,386","container":"7ba90c4ae217","level":"INFO","thread":"BftProcessorExecutor-QBFT-0","class":"QbftRound","message":"Importing proposed block to chain. round=ConsensusRoundIdentifier{Sequence=90, Round=1}, hash=0xab8a563fbcd02f1abf400118887f7104b88fc4421dfd5f27e5cd83929167fe1d","throwable":""}
{"timestamp":"2025-07-11T05:45:51,389","container":"7ba90c4ae217","level":"INFO","thread":"BftProcessorExecutor-QBFT-0","class":"QbftBesuControllerBuilder","message":"Produced #90 / 0 tx / 0 pending / 0 (0.0%) gas / (0xab8a563fbcd02f1abf400118887f7104b88fc4421dfd5f27e5cd83929167fe1d)","throwable":""}
{"timestamp":"2025-07-11T05:45:59,024","container":"7ba90c4ae217","level":"INFO","thread":"BftProcessorExecutor-QBFT-0","class":"QbftBesuControllerBuilder","message":"Imported #91 / 0 tx / 0 pending / 0 (0.0%) gas / (0x4b70dbfe6849f7dd80bbd369d2ca24e6e725ef7726cbc7c27369c8db74f62cd1)","throwable":""}
{"timestamp":"2025-07-11T05:46:11,420","container":"7ba90c4ae217","level":"INFO","thread":"BftProcessorExecutor-QBFT-0","class":"QbftBesuControllerBuilder","message":"Imported #92 / 0 tx / 0 pending / 0 (0.0%) gas / (0x6e0e167c162c61f0b95614f75d022c41279afa1daed4f93a60b801970a9a9f93)","throwable":""}
{"timestamp":"2025-07-11T05:46:16,232","container":"7ba90c4ae217","level":"INFO","thread":"BftProcessorExecutor-QBFT-0","class":"QbftBesuControllerBuilder","message":"Imported #93 / 0 tx / 0 pending / 0 (0.0%) gas / (0x9ecba6d6936cbf823e1f574c9705c06f998c2069fbb0ee573f197ac002436caf)","throwable":""}
{"timestamp":"2025-07-11T05:46:23,029","container":"7ba90c4ae217","level":"INFO","thread":"BftProcessorExecutor-QBFT-0","class":"QbftBesuControllerBuilder","message":"Produced #94 / 0 tx / 0 pending / 0 (0.0%) gas / (0xdfcd11802e3be80500349ce65189957894692ee92b536ad1382bdcc9597e4990)","throwable":""}
{"timestamp":"2025-07-11T05:46:31,436","container":"7ba90c4ae217","level":"INFO","thread":"BftProcessorExecutor-QBFT-0","class":"QbftBesuControllerBuilder","message":"Imported #95 / 0 tx / 0 pending / 0 (0.0%) gas / (0x02f90080a4fa90558c26090c332e401bce5e77f7c279ec92c16024fd84265cc8)","throwable":""}
{"timestamp":"2025-07-11T05:46:39,018","container":"7ba90c4ae217","level":"INFO","thread":"BftProcessorExecutor-QBFT-0","class":"QbftBesuControllerBuilder","message":"Imported #96 / 0 tx / 0 pending / 0 (0.0%) gas / (0x510c4097b27e478a3cd28d65aa88972dccd6ffa24d46db3d634e5d23c9156fcb)","throwable":""}
{"timestamp":"2025-07-11T05:47:01,453","container":"7ba90c4ae217","level":"INFO","thread":"BftProcessorExecutor-QBFT-0","class":"QbftRound","message":"Importing proposed block to chain. round=ConsensusRoundIdentifier{Sequence=97, Round=1}, hash=0xc1d959271d426ea259e7b72a8b4617d112a7bf0614c0009536f161e3beca0582","throwable":""}
{"timestamp":"2025-07-11T05:47:01,458","container":"7ba90c4ae217","level":"INFO","thread":"BftProcessorExecutor-QBFT-0","class":"QbftBesuControllerBuilder","message":"Produced #97 / 1 tx / 0 pending / 296,480 (0.0%) gas / (0xc1d959271d426ea259e7b72a8b4617d112a7bf0614c0009536f161e3beca0582)","throwable":""}
{"timestamp":"2025-07-11T05:47:09,036","container":"7ba90c4ae217","level":"INFO","thread":"BftProcessorExecutor-QBFT-0","class":"QbftBesuControllerBuilder","message":"Imported #98 / 1 tx / 0 pending / 1,000,000 (0.0%) gas / (0x22c2e916445fe4fbdbac00c9f66607dadd75a8640139aeddaed0db49178e8510)","throwable":""}
{"timestamp":"2025-07-11T05:47:21,465","container":"7ba90c4ae217","level":"INFO","thread":"BftProcessorExecutor-QBFT-0","class":"QbftBesuControllerBuilder","message":"Imported #99 / 0 tx / 0 pending / 0 (0.0%) gas / (0x09167f0358480770b5cbc825ef5c462cf07c79a3305a7842ba00b005cb1e05b6)","throwable":""}
{"timestamp":"2025-07-11T05:47:26,211","container":"7ba90c4ae217","level":"INFO","thread":"BftProcessorExecutor-QBFT-0","class":"QbftBesuControllerBuilder","message":"Imported #100 / 0 tx / 0 pending / 0 (0.0%) gas / (0xfd9454f306d30f32a3d004f56844163f8e64ab9b0053d63c083dcfd10fe556d4)","throwable":""}
{"timestamp":"2025-07-11T05:47:33,022","container":"7ba90c4ae217","level":"INFO","thread":"BftProcessorExecutor-QBFT-0","class":"QbftBesuControllerBuilder","message":"Produced #101 / 0 tx / 0 pending / 0 (0.0%) gas / (0xef86d2a8b5b5e402e2fca7748a372862262da1c75eba2c124e5f8e39cb51dd11)","throwable":""}
{"timestamp":"2025-07-11T05:47:41,504","container":"7ba90c4ae217","level":"INFO","thread":"BftProcessorExecutor-QBFT-0","class":"QbftBesuControllerBuilder","message":"Imported #102 / 1 tx / 0 pending / 296,480 (0.0%) gas / (0x643b659aa68752d4d6543c9a00d9da5af66145262377f64801a321d188a6ac2e)","throwable":""}
{"timestamp":"2025-07-11T05:47:49,037","container":"7ba90c4ae217","level":"INFO","thread":"BftProcessorExecutor-QBFT-0","class":"QbftBesuControllerBuilder","message":"Imported #103 / 1 tx / 0 pending / 1,000,000 (0.0%) gas / (0x5658a016b68caff8f5eca39eaf04b9246785e840565b32d97b5345989a6ee2bf)","throwable":""}
{"timestamp":"2025-07-11T05:48:11,511","container":"7ba90c4ae217","level":"INFO","thread":"BftProcessorExecutor-QBFT-0","class":"QbftRound","message":"Importing proposed block to chain. round=ConsensusRoundIdentifier{Sequence=104, Round=1}, hash=0x9145d47511fc854cb0ebd1f48b14327fd1f280cc48b8bdc21e1ba1d115ac7e26","throwable":""}
{"timestamp":"2025-07-11T05:48:11,515","container":"7ba90c4ae217","level":"INFO","thread":"BftProcessorExecutor-QBFT-0","class":"QbftBesuControllerBuilder","message":"Produced #104 / 0 tx / 0 pending / 0 (0.0%) gas / (0x9145d47511fc854cb0ebd1f48b14327fd1f280cc48b8bdc21e1ba1d115ac7e26)","throwable":""}
{"timestamp":"2025-07-11T05:48:19,025","container":"7ba90c4ae217","level":"INFO","thread":"BftProcessorExecutor-QBFT-0","class":"QbftBesuControllerBuilder","message":"Imported #105 / 0 tx / 0 pending / 0 (0.0%) gas / (0xd160e49d78c99ea79fe63460d90e2992b956b52755e2677f2f8eb7497b92f6c5)","throwable":""}
{"timestamp":"2025-07-11T05:48:31,548","container":"7ba90c4ae217","level":"INFO","thread":"BftProcessorExecutor-QBFT-0","class":"QbftBesuControllerBuilder","message":"Imported #106 / 0 tx / 0 pending / 0 (0.0%) gas / (0xbf01ff51a33e0abb15d9c29c693a983c937a9fa1c8abe3c7a9173907168ad2bb)","throwable":""}
{"timestamp":"2025-07-11T05:48:36,154","container":"7ba90c4ae217","level":"INFO","thread":"BftProcessorExecutor-QBFT-0","class":"QbftBesuControllerBuilder","message":"Imported #107 / 0 tx / 0 pending / 0 (0.0%) gas / (0xcbe77e3a992248e21be799ece0a74b3a71ffb6a4cdb35c8603499d25f198e213)","throwable":""}
{"timestamp":"2025-07-11T05:48:43,016","container":"7ba90c4ae217","level":"INFO","thread":"BftProcessorExecutor-QBFT-0","class":"QbftBesuControllerBuilder","message":"Produced #108 / 0 tx / 0 pending / 0 (0.0%) gas / (0xa2bd92f1aa4937557bcbc8f06c36cd30d6ae067e6f74a78c8a4998d2a246ea79)","throwable":""}
{"timestamp":"2025-07-11T05:48:51,560","container":"7ba90c4ae217","level":"INFO","thread":"BftProcessorExecutor-QBFT-0","class":"QbftBesuControllerBuilder","message":"Imported #109 / 0 tx / 0 pending / 0 (0.0%) gas / (0x1908a8f1b97888998b5d962c7dda80ec13c00c4ee9c7e6727c6d9dd2b54b4d03)","throwable":""}
{"timestamp":"2025-07-11T05:48:59,026","container":"7ba90c4ae217","level":"INFO","thread":"BftProcessorExecutor-QBFT-0","class":"QbftBesuControllerBuilder","message":"Imported #110 / 0 tx / 0 pending / 0 (0.0%) gas / (0xd93aeb4522b0292ae8538d111739af4b2a567fa49c3bedbe9e9c719982893e2a)","throwable":""}
{"timestamp":"2025-07-11T05:49:21,558","container":"7ba90c4ae217","level":"INFO","thread":"BftProcessorExecutor-QBFT-0","class":"QbftRound","message":"Importing proposed block to chain. round=ConsensusRoundIdentifier{Sequence=111, Round=1}, hash=0x6096198ed479ecffed1a180c0464c53463938eef89bade052fb133d0f4e0b38f","throwable":""}
{"timestamp":"2025-07-11T05:49:21,563","container":"7ba90c4ae217","level":"INFO","thread":"BftProcessorExecutor-QBFT-0","class":"QbftBesuControllerBuilder","message":"Produced #111 / 0 tx / 0 pending / 0 (0.0%) gas / (0x6096198ed479ecffed1a180c0464c53463938eef89bade052fb133d0f4e0b38f)","throwable":""}
{"timestamp":"2025-07-11T05:49:29,014","container":"7ba90c4ae217","level":"INFO","thread":"BftProcessorExecutor-QBFT-0","class":"QbftBesuControllerBuilder","message":"Imported #112 / 0 tx / 0 pending / 0 (0.0%) gas / (0x308f6e5b3a042d916e3436a2c4aab090e82fbda4e9c22a4d24008c0c33a4404a)","throwable":""}
{"timestamp":"2025-07-11T05:49:41,592","container":"7ba90c4ae217","level":"INFO","thread":"BftProcessorExecutor-QBFT-0","class":"QbftBesuControllerBuilder","message":"Imported #113 / 0 tx / 0 pending / 0 (0.0%) gas / (0x40ed5563d0d38fbb15f3adde7bb3a4468c1780bce5d203879ffbc808b60b774c)","throwable":""}
{"timestamp":"2025-07-11T05:49:46,130","container":"7ba90c4ae217","level":"INFO","thread":"BftProcessorExecutor-QBFT-0","class":"QbftBesuControllerBuilder","message":"Imported #114 / 0 tx / 0 pending / 0 (0.0%) gas / (0xddd89787d02ffc5656a6db1182bc08774754f649d4e57ee99b4fd476137cc7d7)","throwable":""}
{"timestamp":"2025-07-11T05:49:53,028","container":"7ba90c4ae217","level":"INFO","thread":"BftProcessorExecutor-QBFT-0","class":"QbftBesuControllerBuilder","message":"Produced #115 / 0 tx / 0 pending / 0 (0.0%) gas / (0xb627c66e16b3f3e6180ed273690d6e234b3d8dc6bb5d35bb3e924f93fcef0df2)","throwable":""}
{"timestamp":"2025-07-11T05:50:01,621","container":"7ba90c4ae217","level":"INFO","thread":"BftProcessorExecutor-QBFT-0","class":"QbftBesuControllerBuilder","message":"Imported #116 / 0 tx / 0 pending / 0 (0.0%) gas / (0xb5125211b3e22f4eaa87e7023da8741cf56b6c0fe9f7d0edbeaace6dab3948a5)","throwable":""}
{"timestamp":"2025-07-11T05:50:09,023","container":"7ba90c4ae217","level":"INFO","thread":"BftProcessorExecutor-QBFT-0","class":"QbftBesuControllerBuilder","message":"Imported #117 / 0 tx / 0 pending / 0 (0.0%) gas / (0xe54c0314c362c414072e64691a4a14d63658074140c87048d58f693bde796cbe)","throwable":""}
{"timestamp":"2025-07-11T05:50:31,636","container":"7ba90c4ae217","level":"INFO","thread":"BftProcessorExecutor-QBFT-0","class":"QbftRound","message":"Importing proposed block to chain. round=ConsensusRoundIdentifier{Sequence=118, Round=1}, hash=0x4c9a2632d2721fdae4576e4b02a19ee31e8c28024b27425c564c4742285473a4","throwable":""}
{"timestamp":"2025-07-11T05:50:31,640","container":"7ba90c4ae217","level":"INFO","thread":"BftProcessorExecutor-QBFT-0","class":"QbftBesuControllerBuilder","message":"Produced #118 / 0 tx / 0 pending / 0 (0.0%) gas / (0x4c9a2632d2721fdae4576e4b02a19ee31e8c28024b27425c564c4742285473a4)","throwable":""}
{"timestamp":"2025-07-11T05:50:39,023","container":"7ba90c4ae217","level":"INFO","thread":"BftProcessorExecutor-QBFT-0","class":"QbftBesuControllerBuilder","message":"Imported #119 / 0 tx / 0 pending / 0 (0.0%) gas / (0xcd59a842e287bf2cd10676a8b74bfb24b62226c6436dae91c4f7b5eca971baa0)","throwable":""}
{"timestamp":"2025-07-11T05:50:51,634","container":"7ba90c4ae217","level":"INFO","thread":"BftProcessorExecutor-QBFT-0","class":"QbftBesuControllerBuilder","message":"Imported #120 / 0 tx / 0 pending / 0 (0.0%) gas / (0x5bf14a6b390a2d32e4a8e805f91b493c35007ca7bb2bf98517fe581e1efde063)","throwable":""}
{"timestamp":"2025-07-11T05:50:56,110","container":"7ba90c4ae217","level":"INFO","thread":"BftProcessorExecutor-QBFT-0","class":"QbftBesuControllerBuilder","message":"Imported #121 / 0 tx / 0 pending / 0 (0.0%) gas / (0x61bfe8cfd6435474a25edb43ef1c3d4e9b8b4046edaf282149ab00d15b5d0ec2)","throwable":""}
{"timestamp":"2025-07-11T05:51:03,027","container":"7ba90c4ae217","level":"INFO","thread":"BftProcessorExecutor-QBFT-0","class":"QbftBesuControllerBuilder","message":"Produced #122 / 0 tx / 0 pending / 0 (0.0%) gas / (0x6b5da75a76c42abe395b7edc771273e16b4001ed967fd28ccbe012ca1ff9ce74)","throwable":""}
{"timestamp":"2025-07-11T05:51:11,665","container":"7ba90c4ae217","level":"INFO","thread":"BftProcessorExecutor-QBFT-0","class":"QbftBesuControllerBuilder","message":"Imported #123 / 0 tx / 0 pending / 0 (0.0%) gas / (0x4f8632e6c76651adb51131d0d6689a5dda2361e68edc6530dea366d7abf160d3)","throwable":""}
{"timestamp":"2025-07-11T05:51:19,025","container":"7ba90c4ae217","level":"INFO","thread":"BftProcessorExecutor-QBFT-0","class":"QbftBesuControllerBuilder","message":"Imported #124 / 0 tx / 0 pending / 0 (0.0%) gas / (0x9b88eccd7a3ec6422377773572368dfc4aa81179e9771912f9f28bb7feebf339)","throwable":""}
{"timestamp":"2025-07-11T05:51:41,693","container":"7ba90c4ae217","level":"INFO","thread":"BftProcessorExecutor-QBFT-0","class":"QbftRound","message":"Importing proposed block to chain. round=ConsensusRoundIdentifier{Sequence=125, Round=1}, hash=0xe4a29f7fbb65e4b89ef2923ba543b8580836e82c3cf7be730fada5e898529624","throwable":""}
{"timestamp":"2025-07-11T05:51:41,696","container":"7ba90c4ae217","level":"INFO","thread":"BftProcessorExecutor-QBFT-0","class":"QbftBesuControllerBuilder","message":"Produced #125 / 0 tx / 0 pending / 0 (0.0%) gas / (0xe4a29f7fbb65e4b89ef2923ba543b8580836e82c3cf7be730fada5e898529624)","throwable":""}
{"timestamp":"2025-07-11T05:51:49,025","container":"7ba90c4ae217","level":"INFO","thread":"BftProcessorExecutor-QBFT-0","class":"QbftBesuControllerBuilder","message":"Imported #126 / 0 tx / 0 pending / 0 (0.0%) gas / (0xe0697a3408dbd5a694660ceffc4dfc3b72cacedb5becbde8e0e683db5fa8bcb1)","throwable":""}
{"timestamp":"2025-07-11T05:52:01,706","container":"7ba90c4ae217","level":"INFO","thread":"EthScheduler-Workers-0","class":"PersistBlockTask","message":"Imported #127 / 0 tx / 0 om / 0 (0.0%) gas / (0x9a5325fcc913e0be5b9fcd04f92ef36595f52661c1b5a7f0779a6db12be32bb5) in 0.001s. Peers: 3","throwable":""}
{"timestamp":"2025-07-11T05:52:01,707","container":"7ba90c4ae217","level":"INFO","thread":"BftProcessorExecutor-QBFT-0","class":"QbftBesuControllerBuilder","message":"Imported #127 / 0 tx / 0 pending / 0 (0.0%) gas / (0x9a5325fcc913e0be5b9fcd04f92ef36595f52661c1b5a7f0779a6db12be32bb5)","throwable":""}
{"timestamp":"2025-07-11T05:52:06,107","container":"7ba90c4ae217","level":"INFO","thread":"BftProcessorExecutor-QBFT-0","class":"QbftBesuControllerBuilder","message":"Imported #128 / 0 tx / 0 pending / 0 (0.0%) gas / (0x1c5e3958aa10b9e58a218a847cb11d1d90f811f79844f7cf373ad1af222e60bd)","throwable":""}
{"timestamp":"2025-07-11T05:52:13,027","container":"7ba90c4ae217","level":"INFO","thread":"BftProcessorExecutor-QBFT-0","class":"QbftBesuControllerBuilder","message":"Produced #129 / 0 tx / 0 pending / 0 (0.0%) gas / (0x226577045bc1ddcce09b7a2c9b288a6dd51aa4a44d24b49a44a09938dc9ee020)","throwable":""}
{"timestamp":"2025-07-11T05:52:21,026","container":"7ba90c4ae217","level":"INFO","thread":"BftProcessorExecutor-QBFT-0","class":"QbftBesuControllerBuilder","message":"Imported #130 / 0 tx / 0 pending / 0 (0.0%) gas / (0xea73efafd44b0b65b437e737b220d2994a84c967739b44b3e63f4cb90b88060c)","throwable":""}
{"timestamp":"2025-07-11T05:52:29,024","container":"7ba90c4ae217","level":"INFO","thread":"BftProcessorExecutor-QBFT-0","class":"QbftBesuControllerBuilder","message":"Imported #131 / 0 tx / 0 pending / 0 (0.0%) gas / (0x9c3cf5be3bc28d4f74bf82cf17c6649e9bf4eb27c76224b0bf5eec659a8aad8c)","throwable":""}
{"timestamp":"2025-07-11T05:52:38,045","container":"7ba90c4ae217","level":"INFO","thread":"BftProcessorExecutor-QBFT-0","class":"QbftBesuControllerBuilder","message":"Imported #132 / 0 tx / 0 pending / 0 (0.0%) gas / (0x51ea1793139b279919242ed160fcf222fd2f3224f78ff7efbdac9e8af36eac30)","throwable":""}
{"timestamp":"2025-07-11T05:52:45,026","container":"7ba90c4ae217","level":"INFO","thread":"BftProcessorExecutor-QBFT-0","class":"QbftBesuControllerBuilder","message":"Produced #133 / 0 tx / 0 pending / 0 (0.0%) gas / (0xaaa25d097ce0c8aa11fe6a35bbf88290e4474c724bc5951e5de7a184f1167418)","throwable":""}
{"timestamp":"2025-07-11T05:52:53,022","container":"7ba90c4ae217","level":"INFO","thread":"BftProcessorExecutor-QBFT-0","class":"QbftBesuControllerBuilder","message":"Imported #134 / 0 tx / 0 pending / 0 (0.0%) gas / (0xba075377d96b809f2ce30710a40f418da13b3194e5271e283de8e5d7f6cf2371)","throwable":""}
{"timestamp":"2025-07-11T05:53:01,038","container":"7ba90c4ae217","level":"INFO","thread":"BftProcessorExecutor-QBFT-0","class":"QbftBesuControllerBuilder","message":"Imported #135 / 0 tx / 0 pending / 0 (0.0%) gas / (0x6091dcc24d20dbfd10bb66c79b9aa6f05d0a627a21127939daf55135786c6658)","throwable":""}
{"timestamp":"2025-07-11T05:53:10,031","container":"7ba90c4ae217","level":"INFO","thread":"BftProcessorExecutor-QBFT-0","class":"QbftBesuControllerBuilder","message":"Imported #136 / 0 tx / 0 pending / 0 (0.0%) gas / (0x8de2b8d99546a01880dc92201a0e713b1ac2c8235c7665d847bdbaeb6410f96e)","throwable":""}
{"timestamp":"2025-07-11T05:53:17,026","container":"7ba90c4ae217","level":"INFO","thread":"BftProcessorExecutor-QBFT-0","class":"QbftBesuControllerBuilder","message":"Produced #137 / 0 tx / 0 pending / 0 (0.0%) gas / (0xe9f98baa1a4ca0174ff4a1bfdf341b67f61394f4ef08b54dffbdd74133aeb12d)","throwable":""}
{"timestamp":"2025-07-11T05:53:25,026","container":"7ba90c4ae217","level":"INFO","thread":"BftProcessorExecutor-QBFT-0","class":"QbftBesuControllerBuilder","message":"Imported #138 / 0 tx / 0 pending / 0 (0.0%) gas / (0x27b6fe78f39271c0671120936a61149306058aefba566ecdee4de19588d03c45)","throwable":""}
{"timestamp":"2025-07-11T05:53:33,025","container":"7ba90c4ae217","level":"INFO","thread":"BftProcessorExecutor-QBFT-0","class":"QbftBesuControllerBuilder","message":"Imported #139 / 0 tx / 0 pending / 0 (0.0%) gas / (0xf1f0f9f026e8677d964da8f762b3320640598a9b7b5c930e240c83af9a726553)","throwable":""}
{"timestamp":"2025-07-11T05:53:42,017","container":"7ba90c4ae217","level":"INFO","thread":"BftProcessorExecutor-QBFT-0","class":"QbftBesuControllerBuilder","message":"Imported #140 / 0 tx / 0 pending / 0 (0.0%) gas / (0x23f61f390e7ebb429fb97b26512fec03f3f1a384b54e179b71b3850f1746408b)","throwable":""}
{"timestamp":"2025-07-11T05:53:49,026","container":"7ba90c4ae217","level":"INFO","thread":"BftProcessorExecutor-QBFT-0","class":"QbftBesuControllerBuilder","message":"Produced #141 / 0 tx / 0 pending / 0 (0.0%) gas / (0xe11f6d6f5530544ae22fb60f6b942a2012b68586b2fb97bcae0814d467f78ddf)","throwable":""}
{"timestamp":"2025-07-11T05:53:57,016","container":"7ba90c4ae217","level":"INFO","thread":"BftProcessorExecutor-QBFT-0","class":"QbftBesuControllerBuilder","message":"Imported #142 / 0 tx / 0 pending / 0 (0.0%) gas / (0x2b6e9d44a7bdc78cdd930afb94b8da348763da98143bcfe1bbcb9786ffc6a2c9)","throwable":""}
{"timestamp":"2025-07-11T05:54:05,027","container":"7ba90c4ae217","level":"INFO","thread":"BftProcessorExecutor-QBFT-0","class":"QbftBesuControllerBuilder","message":"Imported #143 / 0 tx / 0 pending / 0 (0.0%) gas / (0x2f78b89a0daae1ef89cfb59bf416a198bcc01cfbbf13c0103d4579ab89f7b023)","throwable":""}
{"timestamp":"2025-07-11T05:54:13,994","container":"7ba90c4ae217","level":"INFO","thread":"BftProcessorExecutor-QBFT-0","class":"QbftBesuControllerBuilder","message":"Imported #144 / 0 tx / 0 pending / 0 (0.0%) gas / (0x1498ea82f2692889ea658d44e8e55d93630bde1905c2ebd0aea6020c1fbeec2b)","throwable":""}
{"timestamp":"2025-07-11T05:54:21,024","container":"7ba90c4ae217","level":"INFO","thread":"BftProcessorExecutor-QBFT-0","class":"QbftBesuControllerBuilder","message":"Produced #145 / 0 tx / 0 pending / 0 (0.0%) gas / (0x8e076f31d35cbda62c6f6703ff2c443484efa4c0ff744efe3af90922ba99852d)","throwable":""}
{"timestamp":"2025-07-11T05:54:29,022","container":"7ba90c4ae217","level":"INFO","thread":"BftProcessorExecutor-QBFT-0","class":"QbftBesuControllerBuilder","message":"Imported #146 / 0 tx / 0 pending / 0 (0.0%) gas / (0xf11732fba8c24a0b985f75a51a68c9580cbb1b202c448e7eec01151beb69295b)","throwable":""}
{"timestamp":"2025-07-11T05:54:37,045","container":"7ba90c4ae217","level":"INFO","thread":"BftProcessorExecutor-QBFT-0","class":"QbftBesuControllerBuilder","message":"Imported #147 / 0 tx / 0 pending / 0 (0.0%) gas / (0xc2ae99228d1b99c2d2d357f51dcab8e59c8621e9deb299aa072c46d3e673e16d)","throwable":""}
{"timestamp":"2025-07-11T05:54:45,975","container":"7ba90c4ae217","level":"INFO","thread":"BftProcessorExecutor-QBFT-0","class":"QbftBesuControllerBuilder","message":"Imported #148 / 0 tx / 0 pending / 0 (0.0%) gas / (0xf0a457392ba6e590eded1b76807bb3b8121054c701a5fcf0c936a5be9c939d61)","throwable":""}
{"timestamp":"2025-07-11T05:54:53,023","container":"7ba90c4ae217","level":"INFO","thread":"BftProcessorExecutor-QBFT-0","class":"QbftBesuControllerBuilder","message":"Produced #149 / 0 tx / 0 pending / 0 (0.0%) gas / (0x892da83e5b88eef8f226bbfe4c61cedb04e6047346903e9bd2e0dd4675715cca)","throwable":""}
{"timestamp":"2025-07-11T05:55:01,035","container":"7ba90c4ae217","level":"INFO","thread":"BftProcessorExecutor-QBFT-0","class":"QbftBesuControllerBuilder","message":"Imported #150 / 0 tx / 0 pending / 0 (0.0%) gas / (0x46f9c15575d578f22be0ed0125d043bfbd1df010935065f2eefc6b9f939d6b5c)","throwable":""}
{"timestamp":"2025-07-11T05:55:09,021","container":"7ba90c4ae217","level":"INFO","thread":"BftProcessorExecutor-QBFT-0","class":"QbftBesuControllerBuilder","message":"Imported #151 / 0 tx / 0 pending / 0 (0.0%) gas / (0xb7f04c143ea773362fce5ab69503dd0d982c6e00ff2950696d63e7ce6e371685)","throwable":""}
{"timestamp":"2025-07-11T05:55:17,966","container":"7ba90c4ae217","level":"INFO","thread":"BftProcessorExecutor-QBFT-0","class":"QbftBesuControllerBuilder","message":"Imported #152 / 0 tx / 0 pending / 0 (0.0%) gas / (0xa13507939d88819f9f91c7321588b08c2b15a7d5bd699a74eff9675019b99159)","throwable":""}
{"timestamp":"2025-07-11T05:55:25,022","container":"7ba90c4ae217","level":"INFO","thread":"BftProcessorExecutor-QBFT-0","class":"QbftBesuControllerBuilder","message":"Produced #153 / 0 tx / 0 pending / 0 (0.0%) gas / (0xfebfecdc4f46aa853c399f56d10b25cef299ede4c370e93ee99d379e58091503)","throwable":""}
{"timestamp":"2025-07-11T05:55:33,026","container":"7ba90c4ae217","level":"INFO","thread":"BftProcessorExecutor-QBFT-0","class":"QbftBesuControllerBuilder","message":"Imported #154 / 0 tx / 0 pending / 0 (0.0%) gas / (0x5c6ce18d5d25f1c1b2d8238ec73bfaff6665549b2fa1e16674b78bc9a02cce64)","throwable":""}
{"timestamp":"2025-07-11T05:55:41,022","container":"7ba90c4ae217","level":"INFO","thread":"BftProcessorExecutor-QBFT-0","class":"QbftBesuControllerBuilder","message":"Imported #155 / 0 tx / 0 pending / 0 (0.0%) gas / (0x1846206db680a0eece10716e7fc78681c5b6af7877ffa5941eae1c4f0a6841a7)","throwable":""}
{"timestamp":"2025-07-11T05:55:49,951","container":"7ba90c4ae217","level":"INFO","thread":"BftProcessorExecutor-QBFT-0","class":"QbftBesuControllerBuilder","message":"Imported #156 / 0 tx / 0 pending / 0 (0.0%) gas / (0x4eb99970649e314ce79b07a6733b2e7a050734dbfcdbf6e4d0c0132332b7a43e)","throwable":""}
{"timestamp":"2025-07-11T05:55:57,021","container":"7ba90c4ae217","level":"INFO","thread":"BftProcessorExecutor-QBFT-0","class":"QbftBesuControllerBuilder","message":"Produced #157 / 0 tx / 0 pending / 0 (0.0%) gas / (0x05c0767dcefe6341080b9135cc0797fe0c6bf9e56977a7f22776e1d354fc4d32)","throwable":""}
{"timestamp":"2025-07-11T05:56:05,031","container":"7ba90c4ae217","level":"INFO","thread":"BftProcessorExecutor-QBFT-0","class":"QbftBesuControllerBuilder","message":"Imported #158 / 0 tx / 0 pending / 0 (0.0%) gas / (0x056518ca308496a9f3c7b25ea8e0fe2cabf3976f1b3df81ded71ef0630eaad21)","throwable":""}
{"timestamp":"2025-07-11T05:56:13,023","container":"7ba90c4ae217","level":"INFO","thread":"BftProcessorExecutor-QBFT-0","class":"QbftBesuControllerBuilder","message":"Imported #159 / 0 tx / 0 pending / 0 (0.0%) gas / (0xd13b8aaf7243054e459b9e94a1d52e6fc90548e3b44f90f7533eb947ecaac2a0)","throwable":""}
{"timestamp":"2025-07-11T05:56:21,929","container":"7ba90c4ae217","level":"INFO","thread":"BftProcessorExecutor-QBFT-0","class":"QbftBesuControllerBuilder","message":"Imported #160 / 0 tx / 0 pending / 0 (0.0%) gas / (0x417f00e60da59da48feeb471118c68fade7a3137a6754e63b03c2949e3e8b2bd)","throwable":""}
{"timestamp":"2025-07-11T05:56:29,012","container":"7ba90c4ae217","level":"INFO","thread":"BftProcessorExecutor-QBFT-0","class":"QbftBesuControllerBuilder","message":"Produced #161 / 0 tx / 0 pending / 0 (0.0%) gas / (0xc4a9fa079f4c23845407aa94958edaf4536eec99f97591d104f1decfee477ab9)","throwable":""}
{"timestamp":"2025-07-11T05:56:37,022","container":"7ba90c4ae217","level":"INFO","thread":"BftProcessorExecutor-QBFT-0","class":"QbftBesuControllerBuilder","message":"Imported #162 / 0 tx / 0 pending / 0 (0.0%) gas / (0x20f574bca5a51f127f237cfed134710a720ab9c9cec94d1ff617762df91672a8)","throwable":""}
{"timestamp":"2025-07-11T05:56:45,025","container":"7ba90c4ae217","level":"INFO","thread":"BftProcessorExecutor-QBFT-0","class":"QbftBesuControllerBuilder","message":"Imported #163 / 0 tx / 0 pending / 0 (0.0%) gas / (0xc558e2302e566d8fef8d608e6644f04274833aca81010d6794684300bdd0436b)","throwable":""}
{"timestamp":"2025-07-11T05:56:53,915","container":"7ba90c4ae217","level":"INFO","thread":"BftProcessorExecutor-QBFT-0","class":"QbftBesuControllerBuilder","message":"Imported #164 / 0 tx / 0 pending / 0 (0.0%) gas / (0xf0a0e83ae78992f0a0ba982fbf2f9d6169309ba9dda4c4241655dd200bcf5e84)","throwable":""}
{"timestamp":"2025-07-11T05:57:01,024","container":"7ba90c4ae217","level":"INFO","thread":"BftProcessorExecutor-QBFT-0","class":"QbftBesuControllerBuilder","message":"Produced #165 / 0 tx / 0 pending / 0 (0.0%) gas / (0x29eef2c077f4eb26dd4e84944fa03c31af130236db14868b5b59b8d6e8633145)","throwable":""}
{"timestamp":"2025-07-11T05:57:09,013","container":"7ba90c4ae217","level":"INFO","thread":"BftProcessorExecutor-QBFT-0","class":"QbftBesuControllerBuilder","message":"Imported #166 / 0 tx / 0 pending / 0 (0.0%) gas / (0xe548d6c580ef98d433a68a51a793f65ae1a6da084f8ae40dcf669d9b055ab937)","throwable":""}
{"timestamp":"2025-07-11T05:57:17,027","container":"7ba90c4ae217","level":"INFO","thread":"BftProcessorExecutor-QBFT-0","class":"QbftBesuControllerBuilder","message":"Imported #167 / 0 tx / 0 pending / 0 (0.0%) gas / (0x1219331e9804da0f3f6a18c6d9445c9e351e8fb66c58d03a514e842250346385)","throwable":""}
{"timestamp":"2025-07-11T05:57:25,901","container":"7ba90c4ae217","level":"INFO","thread":"BftProcessorExecutor-QBFT-0","class":"QbftBesuControllerBuilder","message":"Imported #168 / 1 tx / 0 pending / 296,480 (0.0%) gas / (0xe2869f749441f0ffcf50a65c62f4609d177b6fdd8fb8d9864fc7882eec477e9d)","throwable":""}
{"timestamp":"2025-07-11T05:57:33,026","container":"7ba90c4ae217","level":"INFO","thread":"BftProcessorExecutor-QBFT-0","class":"QbftBesuControllerBuilder","message":"Produced #169 / 1 tx / 0 pending / 1,000,000 (0.0%) gas / (0xe9b7fccdf0f25444a127b0370e1fd2410be17ba755bdbf202c7032e4bde39298)","throwable":""}
{"timestamp":"2025-07-11T05:57:41,021","container":"7ba90c4ae217","level":"INFO","thread":"BftProcessorExecutor-QBFT-0","class":"QbftBesuControllerBuilder","message":"Imported #170 / 0 tx / 0 pending / 0 (0.0%) gas / (0x9fb2f3a7710a0ab88b313ccc4af49294251354e61f08d98b4e23fa6e7331748c)","throwable":""}
{"timestamp":"2025-07-11T05:57:49,030","container":"7ba90c4ae217","level":"INFO","thread":"BftProcessorExecutor-QBFT-0","class":"QbftBesuControllerBuilder","message":"Imported #171 / 0 tx / 0 pending / 0 (0.0%) gas / (0x333eae633e8846568608f968c6fbf60c64ed9c2cba02b8f0921c0d5687c8e8cc)","throwable":""}
{"timestamp":"2025-07-11T05:57:57,890","container":"7ba90c4ae217","level":"INFO","thread":"BftProcessorExecutor-QBFT-0","class":"QbftBesuControllerBuilder","message":"Imported #172 / 0 tx / 0 pending / 0 (0.0%) gas / (0x0a78721f75b7104de5949f8033020539717a2cbfd48f29841d95ea7968e6e8ed)","throwable":""}
{"timestamp":"2025-07-11T05:58:05,037","container":"7ba90c4ae217","level":"INFO","thread":"EthScheduler-Workers-0","class":"PersistBlockTask","message":"Block 173 (0xdb124d120876dc44f4d267a347457bb64d810ffdfb74956bb826f8bd44a90d90) is already imported","throwable":""}
{"timestamp":"2025-07-11T05:58:05,038","container":"7ba90c4ae217","level":"INFO","thread":"BftProcessorExecutor-QBFT-0","class":"QbftBesuControllerBuilder","message":"Produced #173 / 0 tx / 0 pending / 0 (0.0%) gas / (0xdb124d120876dc44f4d267a347457bb64d810ffdfb74956bb826f8bd44a90d90)","throwable":""}
{"timestamp":"2025-07-11T05:58:13,022","container":"7ba90c4ae217","level":"INFO","thread":"BftProcessorExecutor-QBFT-0","class":"QbftBesuControllerBuilder","message":"Imported #174 / 0 tx / 0 pending / 0 (0.0%) gas / (0x76442e5ac2dcb51ca29bd26f9481879fb2761cbbb659f489bc9e9d1ddacfa3af)","throwable":""}
{"timestamp":"2025-07-11T05:58:21,024","container":"7ba90c4ae217","level":"INFO","thread":"BftProcessorExecutor-QBFT-0","class":"QbftBesuControllerBuilder","message":"Imported #175 / 0 tx / 0 pending / 0 (0.0%) gas / (0x6f5ce11cc6bcb42d447f2bd5c08f06b29d329984e1eecfdd7ff031aaf1a28adb)","throwable":""}
{"timestamp":"2025-07-11T05:58:29,863","container":"7ba90c4ae217","level":"INFO","thread":"BftProcessorExecutor-QBFT-0","class":"QbftBesuControllerBuilder","message":"Imported #176 / 0 tx / 0 pending / 0 (0.0%) gas / (0x536c240519cdc30a0c4f399f1342a121557f698ffd1a1f65cf2f8b8d72e00ed7)","throwable":""}
{"timestamp":"2025-07-11T05:58:37,018","container":"7ba90c4ae217","level":"INFO","thread":"BftProcessorExecutor-QBFT-0","class":"QbftBesuControllerBuilder","message":"Produced #177 / 0 tx / 0 pending / 0 (0.0%) gas / (0xb2e9b58750cfe66cfb08b975dc06cbdbc7e54517d62c5dc05502524f7938c4aa)","throwable":""}
{"timestamp":"2025-07-11T05:58:45,024","container":"7ba90c4ae217","level":"INFO","thread":"BftProcessorExecutor-QBFT-0","class":"QbftBesuControllerBuilder","message":"Imported #178 / 0 tx / 0 pending / 0 (0.0%) gas / (0x83029678c0e429291c36e7913df3a5a84661af499750f87b24dd0619847b5c5f)","throwable":""}
{"timestamp":"2025-07-11T05:58:53,022","container":"7ba90c4ae217","level":"INFO","thread":"BftProcessorExecutor-QBFT-0","class":"QbftBesuControllerBuilder","message":"Imported #179 / 0 tx / 0 pending / 0 (0.0%) gas / (0xb0a716b4d19b63b0329a5928c8b7fc63ad3a6a64d0815f8dc519c53725d1d494)","throwable":""}
{"timestamp":"2025-07-11T05:59:01,847","container":"7ba90c4ae217","level":"INFO","thread":"BftProcessorExecutor-QBFT-0","class":"QbftBesuControllerBuilder","message":"Imported #180 / 0 tx / 0 pending / 0 (0.0%) gas / (0xa9e8a77214e409872d895fb5bfb7a0ce24decfe24af0aad4e17dffa4ceb56dd6)","throwable":""}
{"timestamp":"2025-07-11T05:59:09,024","container":"7ba90c4ae217","level":"INFO","thread":"BftProcessorExecutor-QBFT-0","class":"QbftBesuControllerBuilder","message":"Produced #181 / 0 tx / 0 pending / 0 (0.0%) gas / (0x5ce4892f17832724a58e27baf5da5d607a1df3083631d907e899825ad0f03a4d)","throwable":""}
{"timestamp":"2025-07-11T05:59:17,012","container":"7ba90c4ae217","level":"INFO","thread":"BftProcessorExecutor-QBFT-0","class":"QbftBesuControllerBuilder","message":"Imported #182 / 0 tx / 0 pending / 0 (0.0%) gas / (0x3e41c00ba784f68ee57aba3d9ef588b1f9d43e909d3893f921052a9be9f95542)","throwable":""}
{"timestamp":"2025-07-11T05:59:25,025","container":"7ba90c4ae217","level":"INFO","thread":"EthScheduler-Workers-0","class":"PersistBlockTask","message":"Block 183 (0xf0fa40bae63aab52f008ac773440cccf7d2ca21429b7e8bf420708a472418aab) is already imported","throwable":""}
{"timestamp":"2025-07-11T05:59:25,025","container":"7ba90c4ae217","level":"INFO","thread":"BftProcessorExecutor-QBFT-0","class":"QbftBesuControllerBuilder","message":"Imported #183 / 0 tx / 0 pending / 0 (0.0%) gas / (0xf0fa40bae63aab52f008ac773440cccf7d2ca21429b7e8bf420708a472418aab)","throwable":""}
{"timestamp":"2025-07-11T05:59:33,826","container":"7ba90c4ae217","level":"INFO","thread":"BftProcessorExecutor-QBFT-0","class":"QbftBesuControllerBuilder","message":"Imported #184 / 0 tx / 0 pending / 0 (0.0%) gas / (0x9578ba8e40e777097696d249fa11c19fc2ec50260803763c0ecb94a7b4464742)","throwable":""}
{"timestamp":"2025-07-11T05:59:41,021","container":"7ba90c4ae217","level":"INFO","thread":"BftProcessorExecutor-QBFT-0","class":"QbftBesuControllerBuilder","message":"Produced #185 / 0 tx / 0 pending / 0 (0.0%) gas / (0x83e2203c63a5f2e9a23f09c79b56cea5c145dc1c6522ccccd91a6e9fa0f7a5a4)","throwable":""}
{"timestamp":"2025-07-11T05:59:49,023","container":"7ba90c4ae217","level":"INFO","thread":"BftProcessorExecutor-QBFT-0","class":"QbftBesuControllerBuilder","message":"Imported #186 / 0 tx / 0 pending / 0 (0.0%) gas / (0x55e10222c3682dc14995af9a61866961b1e67d35800215908ec7b063ece538cf)","throwable":""}
{"timestamp":"2025-07-11T05:59:57,019","container":"7ba90c4ae217","level":"INFO","thread":"BftProcessorExecutor-QBFT-0","class":"QbftBesuControllerBuilder","message":"Imported #187 / 0 tx / 0 pending / 0 (0.0%) gas / (0x14dc352eded267a81564adbad62dcd3120bd397debbbeecd45bc3f821859700d)","throwable":""}
{"timestamp":"2025-07-11T06:00:05,817","container":"7ba90c4ae217","level":"INFO","thread":"BftProcessorExecutor-QBFT-0","class":"QbftBesuControllerBuilder","message":"Imported #188 / 0 tx / 0 pending / 0 (0.0%) gas / (0x879f623d099fb0ccb586ec5993e171244793a8857da87e9a8ae8af911b88dd41)","throwable":""}
{"timestamp":"2025-07-11T06:00:13,028","container":"7ba90c4ae217","level":"INFO","thread":"BftProcessorExecutor-QBFT-0","class":"QbftBesuControllerBuilder","message":"Produced #189 / 0 tx / 0 pending / 0 (0.0%) gas / (0xf77697526ac0b5db0833466a37a835cda40bc15c1d87befa599445b92c792cbe)","throwable":""}
{"timestamp":"2025-07-11T06:00:21,026","container":"7ba90c4ae217","level":"INFO","thread":"BftProcessorExecutor-QBFT-0","class":"QbftBesuControllerBuilder","message":"Imported #190 / 0 tx / 0 pending / 0 (0.0%) gas / (0xfef97a2af784037d365c79b898d4658e38ef5f2d0d012dd65f0283052dd9150f)","throwable":""}
{"timestamp":"2025-07-11T06:00:29,034","container":"7ba90c4ae217","level":"INFO","thread":"BftProcessorExecutor-QBFT-0","class":"QbftBesuControllerBuilder","message":"Imported #191 / 0 tx / 0 pending / 0 (0.0%) gas / (0xbbbca5deb12952d469d879b760ad1a161c32b3396a324b794f8736b5b2ffa420)","throwable":""}
{"timestamp":"2025-07-11T06:00:37,805","container":"7ba90c4ae217","level":"INFO","thread":"BftProcessorExecutor-QBFT-0","class":"QbftBesuControllerBuilder","message":"Imported #192 / 0 tx / 0 pending / 0 (0.0%) gas / (0x3c934b1cb58e78d19e196635641d1b77715e09de45c6174441ed516aedf16458)","throwable":""}
{"timestamp":"2025-07-11T06:00:45,031","container":"7ba90c4ae217","level":"INFO","thread":"EthScheduler-Workers-0","class":"PersistBlockTask","message":"Block 193 (0x8cc50f361ef7150ba2b364a5eea479a0b025919f53c3795a8a113323824ec015) is already imported","throwable":""}
{"timestamp":"2025-07-11T06:00:45,035","container":"7ba90c4ae217","level":"INFO","thread":"BftProcessorExecutor-QBFT-0","class":"QbftBesuControllerBuilder","message":"Produced #193 / 0 tx / 0 pending / 0 (0.0%) gas / (0x8cc50f361ef7150ba2b364a5eea479a0b025919f53c3795a8a113323824ec015)","throwable":""}
{"timestamp":"2025-07-11T06:00:53,023","container":"7ba90c4ae217","level":"INFO","thread":"BftProcessorExecutor-QBFT-0","class":"QbftBesuControllerBuilder","message":"Imported #194 / 0 tx / 0 pending / 0 (0.0%) gas / (0x80226e7a68c509bc9bc5944e193bb64c7fd4320300e063dd9907b605219ebf47)","throwable":""}
{"timestamp":"2025-07-11T06:01:01,030","container":"7ba90c4ae217","level":"INFO","thread":"BftProcessorExecutor-QBFT-0","class":"QbftBesuControllerBuilder","message":"Imported #195 / 0 tx / 0 pending / 0 (0.0%) gas / (0x79ec6fcbb0b92557aebaff6c410f2d26eba1e404d132c5c947c673d2846996a5)","throwable":""}
{"timestamp":"2025-07-11T06:01:09,787","container":"7ba90c4ae217","level":"INFO","thread":"BftProcessorExecutor-QBFT-0","class":"QbftBesuControllerBuilder","message":"Imported #196 / 0 tx / 0 pending / 0 (0.0%) gas / (0xb576b24989b2793022b82d3927ea036384acf874402cfd05c3681012b8558bab)","throwable":""}
{"timestamp":"2025-07-11T06:01:17,016","container":"7ba90c4ae217","level":"INFO","thread":"BftProcessorExecutor-QBFT-0","class":"QbftBesuControllerBuilder","message":"Produced #197 / 0 tx / 0 pending / 0 (0.0%) gas / (0xfc9b0bb257493f053d473f8121b4677d3ab5fece94e2e443127be575365c03da)","throwable":""}
{"timestamp":"2025-07-11T06:01:25,022","container":"7ba90c4ae217","level":"INFO","thread":"BftProcessorExecutor-QBFT-0","class":"QbftBesuControllerBuilder","message":"Imported #198 / 0 tx / 0 pending / 0 (0.0%) gas / (0x0ab87164e8b2f17fe52a41fc1774db02f440b4deed8b7dc1b1b5139a2a30f742)","throwable":""}
{"timestamp":"2025-07-11T06:01:33,023","container":"7ba90c4ae217","level":"INFO","thread":"BftProcessorExecutor-QBFT-0","class":"QbftBesuControllerBuilder","message":"Imported #199 / 0 tx / 0 pending / 0 (0.0%) gas / (0x34eef9f73bc8d714ae3cfcc232cd07e75a033cb2cff9542b61af1bc13466276c)","throwable":""}
{"timestamp":"2025-07-11T06:01:41,774","container":"7ba90c4ae217","level":"INFO","thread":"BftProcessorExecutor-QBFT-0","class":"QbftBesuControllerBuilder","message":"Imported #200 / 0 tx / 0 pending / 0 (0.0%) gas / (0xe3b92e8166fd2dafaa0ee0a83401d3f1c71c7fc808c7fb4b3cbeb89d98784f0b)","throwable":""}
{"timestamp":"2025-07-11T06:01:49,020","container":"7ba90c4ae217","level":"INFO","thread":"BftProcessorExecutor-QBFT-0","class":"QbftBesuControllerBuilder","message":"Produced #201 / 0 tx / 0 pending / 0 (0.0%) gas / (0xc507cdb74857a9a6795eb8588bd2c367f8bca0d3c9e51f398b1037706696a228)","throwable":""}
{"timestamp":"2025-07-11T06:01:57,014","container":"7ba90c4ae217","level":"INFO","thread":"BftProcessorExecutor-QBFT-0","class":"QbftBesuControllerBuilder","message":"Imported #202 / 0 tx / 0 pending / 0 (0.0%) gas / (0x7fe2f8dd864b2e6f8b24b1e5a21458a29ae2b0e9e243e34e1a9e453f779fe76b)","throwable":""}
{"timestamp":"2025-07-11T06:02:05,022","container":"7ba90c4ae217","level":"INFO","thread":"BftProcessorExecutor-QBFT-0","class":"QbftBesuControllerBuilder","message":"Imported #203 / 0 tx / 0 pending / 0 (0.0%) gas / (0x5be6f67cb8201acde93ab5bceca9ef566b3573b8dcf5bee274c9e65f8c3c32da)","throwable":""}
{"timestamp":"2025-07-11T06:02:13,758","container":"7ba90c4ae217","level":"INFO","thread":"BftProcessorExecutor-QBFT-0","class":"QbftBesuControllerBuilder","message":"Imported #204 / 0 tx / 0 pending / 0 (0.0%) gas / (0x1c71306d7c42ac62ae393f210adf722a447d123ba38bddf83b5a3528f35d3c53)","throwable":""}
{"timestamp":"2025-07-11T06:02:21,022","container":"7ba90c4ae217","level":"INFO","thread":"BftProcessorExecutor-QBFT-0","class":"QbftBesuControllerBuilder","message":"Produced #205 / 0 tx / 0 pending / 0 (0.0%) gas / (0xb0f6655ab272e7f0946f526d1addc208844a24a06be854ead0bb82d8a36d625c)","throwable":""}
{"timestamp":"2025-07-11T06:02:29,011","container":"7ba90c4ae217","level":"INFO","thread":"BftProcessorExecutor-QBFT-0","class":"QbftBesuControllerBuilder","message":"Imported #206 / 0 tx / 0 pending / 0 (0.0%) gas / (0x99b8f0c9c5371fcb2a5f0f44a26f6d79c047fffd25b86574f88ded59ab77feec)","throwable":""}
{"timestamp":"2025-07-11T06:02:37,026","container":"7ba90c4ae217","level":"INFO","thread":"BftProcessorExecutor-QBFT-0","class":"QbftBesuControllerBuilder","message":"Imported #207 / 0 tx / 0 pending / 0 (0.0%) gas / (0xa57ba44431a293389f7eb5f5544168f589ca0146ec01e6facb6227988ce14547)","throwable":""}
{"timestamp":"2025-07-11T06:02:45,754","container":"7ba90c4ae217","level":"INFO","thread":"BftProcessorExecutor-QBFT-0","class":"QbftBesuControllerBuilder","message":"Imported #208 / 0 tx / 0 pending / 0 (0.0%) gas / (0xa3e8d0e591dd2cf9f0e084bb97d66c1c7218f3acd57edefa7b8836031ffade8c)","throwable":""}
{"timestamp":"2025-07-11T06:02:53,022","container":"7ba90c4ae217","level":"INFO","thread":"BftProcessorExecutor-QBFT-0","class":"QbftBesuControllerBuilder","message":"Produced #209 / 0 tx / 0 pending / 0 (0.0%) gas / (0x89071bc481cdf326f29b160e8d1855f2289b37f9ba77a48fe11273740a8b3e5d)","throwable":""}
{"timestamp":"2025-07-11T06:03:01,025","container":"7ba90c4ae217","level":"INFO","thread":"BftProcessorExecutor-QBFT-0","class":"QbftBesuControllerBuilder","message":"Imported #210 / 0 tx / 0 pending / 0 (0.0%) gas / (0x047f437c72616096b209e67a6393e30be2480503e0ac42f8d7ac21ccba642e7e)","throwable":""}
{"timestamp":"2025-07-11T06:03:09,022","container":"7ba90c4ae217","level":"INFO","thread":"BftProcessorExecutor-QBFT-0","class":"QbftBesuControllerBuilder","message":"Imported #211 / 0 tx / 0 pending / 0 (0.0%) gas / (0x7928b0a14b3766c46317decdb2637c85d05fb5aebddf3fc54b06cc6b2c098910)","throwable":""}
{"timestamp":"2025-07-11T06:03:17,725","container":"7ba90c4ae217","level":"INFO","thread":"BftProcessorExecutor-QBFT-0","class":"QbftBesuControllerBuilder","message":"Imported #212 / 0 tx / 0 pending / 0 (0.0%) gas / (0xbef99c7b4230eff79fbfdcea2ccbdf0ef4222406449042b68794d9bb294d0960)","throwable":""}
{"timestamp":"2025-07-11T06:03:25,022","container":"7ba90c4ae217","level":"INFO","thread":"BftProcessorExecutor-QBFT-0","class":"QbftBesuControllerBuilder","message":"Produced #213 / 0 tx / 0 pending / 0 (0.0%) gas / (0x065fa91dc4904670f81f3254876a37507a13e963a6e6212a473423b0a704f668)","throwable":""}
{"timestamp":"2025-07-11T06:03:33,021","container":"7ba90c4ae217","level":"INFO","thread":"BftProcessorExecutor-QBFT-0","class":"QbftBesuControllerBuilder","message":"Imported #214 / 0 tx / 0 pending / 0 (0.0%) gas / (0x2e7865fc05e3db9591de775f586ec66a1fa825ce252801915b839b82a987352e)","throwable":""}
{"timestamp":"2025-07-11T06:03:41,022","container":"7ba90c4ae217","level":"INFO","thread":"BftProcessorExecutor-QBFT-0","class":"QbftBesuControllerBuilder","message":"Imported #215 / 0 tx / 0 pending / 0 (0.0%) gas / (0x5f01f2e6dbc82b4af56a9ac4fc532c505d045a4af9669e8088e74dfb3d0c9aa2)","throwable":""}
{"timestamp":"2025-07-11T06:03:49,717","container":"7ba90c4ae217","level":"INFO","thread":"BftProcessorExecutor-QBFT-0","class":"QbftBesuControllerBuilder","message":"Imported #216 / 0 tx / 0 pending / 0 (0.0%) gas / (0x112a701eda1f6aaa4dcb61cb55981bc585db40eae48e718452a4b47e073fba0c)","throwable":""}
{"timestamp":"2025-07-11T06:03:57,018","container":"7ba90c4ae217","level":"INFO","thread":"BftProcessorExecutor-QBFT-0","class":"QbftBesuControllerBuilder","message":"Produced #217 / 0 tx / 0 pending / 0 (0.0%) gas / (0x2e3ad70f223609262f26fd438d2b508de747245d2dc5eaae51b214f51b346b79)","throwable":""}
{"timestamp":"2025-07-11T06:04:05,022","container":"7ba90c4ae217","level":"INFO","thread":"BftProcessorExecutor-QBFT-0","class":"QbftBesuControllerBuilder","message":"Imported #218 / 0 tx / 0 pending / 0 (0.0%) gas / (0x79c716feba75ea74b4817e704ebe22cb23cd9731c0a0013506b16db9db98cef9)","throwable":""}
{"timestamp":"2025-07-11T06:04:13,023","container":"7ba90c4ae217","level":"INFO","thread":"BftProcessorExecutor-QBFT-0","class":"QbftBesuControllerBuilder","message":"Imported #219 / 0 tx / 0 pending / 0 (0.0%) gas / (0x8c1ccecac54b0c782c274002a8c1c2eb05a66569c23c867c9365cb0c598017b2)","throwable":""}
{"timestamp":"2025-07-11T06:04:21,691","container":"7ba90c4ae217","level":"INFO","thread":"BftProcessorExecutor-QBFT-0","class":"QbftBesuControllerBuilder","message":"Imported #220 / 0 tx / 0 pending / 0 (0.0%) gas / (0x2d9a5ca1cf1c641b6ae8dfe836ec62281e6d7432d57753b84dfff5cf1fb510cd)","throwable":""}
{"timestamp":"2025-07-11T06:04:29,028","container":"7ba90c4ae217","level":"INFO","thread":"BftProcessorExecutor-QBFT-0","class":"QbftBesuControllerBuilder","message":"Produced #221 / 0 tx / 0 pending / 0 (0.0%) gas / (0xdd6e7b863313abf6b16e8fca3082a15c6fee3a613a68d6c6330b1eb9d37d917a)","throwable":""}
{"timestamp":"2025-07-11T06:04:37,022","container":"7ba90c4ae217","level":"INFO","thread":"BftProcessorExecutor-QBFT-0","class":"QbftBesuControllerBuilder","message":"Imported #222 / 0 tx / 0 pending / 0 (0.0%) gas / (0xf93c936fbdd3bdb65e6f3a08b464fd6e4d7e482c6f1897b141308db47e064a31)","throwable":""}
{"timestamp":"2025-07-11T06:04:45,022","container":"7ba90c4ae217","level":"INFO","thread":"BftProcessorExecutor-QBFT-0","class":"QbftBesuControllerBuilder","message":"Imported #223 / 0 tx / 0 pending / 0 (0.0%) gas / (0x38bc918396294fe5d79c0ac93e219caf2b99d50387c8bc979310e5a62bf75d3b)","throwable":""}
{"timestamp":"2025-07-11T06:04:53,671","container":"7ba90c4ae217","level":"INFO","thread":"BftProcessorExecutor-QBFT-0","class":"QbftBesuControllerBuilder","message":"Imported #224 / 0 tx / 0 pending / 0 (0.0%) gas / (0x2a63d759807ac17ee83b886dd5af2bfec9f022176d282d02a7d45b53b276bc7c)","throwable":""}
{"timestamp":"2025-07-11T06:05:01,019","container":"7ba90c4ae217","level":"INFO","thread":"BftProcessorExecutor-QBFT-0","class":"QbftBesuControllerBuilder","message":"Produced #225 / 0 tx / 0 pending / 0 (0.0%) gas / (0x34dd23193a92ba22966c0ac2fec20c22428c15d2340da55970e0d18b56ce792e)","throwable":""}
{"timestamp":"2025-07-11T06:05:09,020","container":"7ba90c4ae217","level":"INFO","thread":"BftProcessorExecutor-QBFT-0","class":"QbftBesuControllerBuilder","message":"Imported #226 / 0 tx / 0 pending / 0 (0.0%) gas / (0x5dfe1a6597f2279666d7f18db609517a3f70cabd171c20a196d1321e0694bad9)","throwable":""}
{"timestamp":"2025-07-11T06:05:17,022","container":"7ba90c4ae217","level":"INFO","thread":"BftProcessorExecutor-QBFT-0","class":"QbftBesuControllerBuilder","message":"Imported #227 / 0 tx / 0 pending / 0 (0.0%) gas / (0x529363459724da3345922278838f25f4efd13ea96e6fd54c8e84d3f5584fd889)","throwable":""}
{"timestamp":"2025-07-11T06:05:25,655","container":"7ba90c4ae217","level":"INFO","thread":"BftProcessorExecutor-QBFT-0","class":"QbftBesuControllerBuilder","message":"Imported #228 / 0 tx / 0 pending / 0 (0.0%) gas / (0x9a695c122873057462a180cfc1868a80e29afa1ce9c00ce998c3413503ff9abc)","throwable":""}
{"timestamp":"2025-07-11T06:05:33,020","container":"7ba90c4ae217","level":"INFO","thread":"BftProcessorExecutor-QBFT-0","class":"QbftBesuControllerBuilder","message":"Produced #229 / 0 tx / 0 pending / 0 (0.0%) gas / (0x68378f94d32546495491177509960da133bf08d699f348511634dba8ef107374)","throwable":""}
{"timestamp":"2025-07-11T06:05:41,023","container":"7ba90c4ae217","level":"INFO","thread":"BftProcessorExecutor-QBFT-0","class":"QbftBesuControllerBuilder","message":"Imported #230 / 0 tx / 0 pending / 0 (0.0%) gas / (0x463b9265d705180f35f0be20840f908beb0ad44a36a3bc38a5d2bdde0527a4a4)","throwable":""}
{"timestamp":"2025-07-11T06:05:49,025","container":"7ba90c4ae217","level":"INFO","thread":"BftProcessorExecutor-QBFT-0","class":"QbftBesuControllerBuilder","message":"Imported #231 / 0 tx / 0 pending / 0 (0.0%) gas / (0x64d185ef8750dc4b766c8e286f62dc9ae51d151c5ac14e95c71e86db63c4e9c3)","throwable":""}
{"timestamp":"2025-07-11T06:06:01,780","container":"7ba90c4ae217","level":"INFO","thread":"EthScheduler-Timer-0","class":"FullSyncTargetManager","message":"Unable to find sync target. Currently checking 0 peers for usefulness","throwable":""}
{"timestamp":"2025-07-11T06:06:06,781","container":"7ba90c4ae217","level":"INFO","thread":"EthScheduler-Timer-0","class":"FullSyncTargetManager","message":"Unable to find sync target. Currently checking 0 peers for usefulness","throwable":""}
{"timestamp":"2025-07-11T06:06:11,781","container":"7ba90c4ae217","level":"INFO","thread":"EthScheduler-Timer-0","class":"FullSyncTargetManager","message":"Unable to find sync target. Currently checking 0 peers for usefulness","throwable":""}
{"timestamp":"2025-07-11T06:06:12,505","container":"7ba90c4ae217","level":"INFO","thread":"BftProcessorExecutor-QBFT-0","class":"BftProcessor","message":"Shutting down BFT event processor","throwable":""}
{"timestamp":"2025-07-11T06:06:12,506","container":"7ba90c4ae217","level":"INFO","thread":"BesuCommand-Shutdown-Hook","class":"DefaultSynchronizer","message":"Stopping synchronizer","throwable":""}
{"timestamp":"2025-07-11T06:06:12,507","container":"7ba90c4ae217","level":"INFO","thread":"BesuCommand-Shutdown-Hook","class":"NetworkRunner","message":"Stopping Network.","throwable":""}
{"timestamp":"2025-07-11T06:06:12,510","container":"7ba90c4ae217","level":"INFO","thread":"BesuCommand-Shutdown-Hook","class":"EthProtocolManager","message":"Stopping eth Subprotocol.","throwable":""}
{"timestamp":"2025-07-11T06:06:12,518","container":"7ba90c4ae217","level":"INFO","thread":"BesuCommand-Shutdown-Hook","class":"EthProtocolManager","message":"eth Subprotocol stopped.","throwable":""}
{"timestamp":"2025-07-11T06:06:12,518","container":"7ba90c4ae217","level":"INFO","thread":"BesuCommand-Shutdown-Hook","class":"NetworkRunner","message":"Network stopped.","throwable":""}
{"timestamp":"2025-07-11T06:06:12,518","container":"7ba90c4ae217","level":"INFO","thread":"BesuCommand-Shutdown-Hook","class":"AutoTransactionLogBloomCachingService","message":"Shutting down Auto transaction logs caching service.","throwable":""}
{"timestamp":"2025-07-11T06:06:12,519","container":"7ba90c4ae217","level":"INFO","thread":"BesuCommand-Shutdown-Hook","class":"DockerNatManager","message":"Stopping docker NAT manager.","throwable":""}
