{"timestamp":"2025-07-11T06:07:03,216","container":"afa1f0f731a2","level":"INFO","thread":"main","class":"Besu","message":"Starting Besu","throwable":""}
{"timestamp":"2025-07-11T06:07:03,695","container":"afa1f0f731a2","level":"WARN","thread":"main","class":"Besu","message":"--min-gas-price has been ignored because --miner-enabled was not defined on the command line.","throwable":""}
{"timestamp":"2025-07-11T06:07:04,672","container":"afa1f0f731a2","level":"INFO","thread":"main","class":"Besu","message":"
####################################################################################################
#                                                                                                  #
# Besu version 23.4.1                                                                              #
#                                                                                                  #
# Configuration:                                                                                   #
# Network: Custom genesis file specified                                                           #
# Network Id: 1337                                                                                 #
# Data storage: Forest                                                                             #
# Sync mode: Full                                                                                  #
# RPC HTTP APIs: EEA,WEB3,ETH,NET,TRACE,DEBUG,ADMIN,TXPOOL,PRIV,PERM,QBFT                          #
# RPC HTTP port: 8545                                                                              #
#                                                                                                  #
# Host:                                                                                            #
# Java: openjdk-java-17                                                                            #
# Maximum heap size: 3.84 GB                                                                       #
# OS: linux-x86_64                                                                                 #
# glibc: 2.35                                                                                      #
# jemalloc: 5.2.1-0-gea6b3e973b477b8061e0076bb257dbd7f3faa756                                      #
# Total memory: 15.35 GB                                                                           #
# CPU cores: 8                                                                                     #
#                                                                                                  #
####################################################################################################","throwable":""}
{"timestamp":"2025-07-11T06:07:04,674","container":"afa1f0f731a2","level":"INFO","thread":"main","class":"Besu","message":"Connecting to 8 static nodes.","throwable":""}
{"timestamp":"2025-07-11T06:07:04,674","container":"afa1f0f731a2","level":"INFO","thread":"main","class":"Besu","message":"Security Module: localfile","throwable":""}
{"timestamp":"2025-07-11T06:07:04,749","container":"afa1f0f731a2","level":"INFO","thread":"main","class":"Besu","message":"Using the native implementation of alt bn128","throwable":""}
{"timestamp":"2025-07-11T06:07:04,814","container":"afa1f0f731a2","level":"INFO","thread":"main","class":"Besu","message":"Using the native implementation of modexp","throwable":""}
{"timestamp":"2025-07-11T06:07:04,815","container":"afa1f0f731a2","level":"INFO","thread":"main","class":"Besu","message":"Using the native implementation of the signature algorithm","throwable":""}
{"timestamp":"2025-07-11T06:07:04,821","container":"afa1f0f731a2","level":"INFO","thread":"main","class":"Besu","message":"Using the native implementation of the blake2bf algorithm","throwable":""}
{"timestamp":"2025-07-11T06:07:04,856","container":"afa1f0f731a2","level":"INFO","thread":"main","class":"RocksDBKeyValueStorageFactory","message":"No existing database detected at /opt/besu/data. Using version 1","throwable":""}
{"timestamp":"2025-07-11T06:07:05,891","container":"afa1f0f731a2","level":"INFO","thread":"main","class":"KeyPairUtil","message":"Loaded public key 0xb9050e002aa42464e6b07c811a1f9dfec01249af03f67b753e8415420649b184447bb2a784863ccbf327ad9e31aaba803464979dfe6a7facc669151a5fa6ad1b from /opt/besu/keys/nodekey","throwable":""}
{"timestamp":"2025-07-11T06:07:05,900","container":"afa1f0f731a2","level":"WARN","thread":"main","class":"Besu","message":"Privacy is disabled. Cannot use EEA/PRIV API methods when not using Privacy.","throwable":""}
{"timestamp":"2025-07-11T06:07:06,240","container":"afa1f0f731a2","level":"INFO","thread":"main","class":"ProtocolScheduleBuilder","message":"Protocol schedule created with milestones: [GrayGlacier: 0]","throwable":""}
{"timestamp":"2025-07-11T06:07:06,444","container":"afa1f0f731a2","level":"INFO","thread":"main","class":"TransactionPoolFactory","message":"Enabling transaction pool","throwable":""}
{"timestamp":"2025-07-11T06:07:06,510","container":"afa1f0f731a2","level":"INFO","thread":"main","class":"BesuControllerBuilder","message":"TTD difficulty is not present, creating initial sync phase for PoW","throwable":""}
{"timestamp":"2025-07-11T06:07:06,631","container":"afa1f0f731a2","level":"INFO","thread":"main","class":"RunnerBuilder","message":"Detecting NAT service.","throwable":""}
{"timestamp":"2025-07-11T06:07:07,486","container":"afa1f0f731a2","level":"INFO","thread":"main","class":"Runner","message":"Starting external services ... ","throwable":""}
{"timestamp":"2025-07-11T06:07:07,493","container":"afa1f0f731a2","level":"INFO","thread":"main","class":"MetricsHttpService","message":"Starting metrics http service on 0.0.0.0:9545","throwable":""}
{"timestamp":"2025-07-11T06:07:07,693","container":"afa1f0f731a2","level":"INFO","thread":"main","class":"JsonRpcHttpService","message":"Starting JSON-RPC service on 0.0.0.0:8545","throwable":""}
{"timestamp":"2025-07-11T06:07:07,699","container":"afa1f0f731a2","level":"INFO","thread":"vert.x-eventloop-thread-1","class":"MetricsHttpService","message":"Metrics service started and listening on 0.0.0.0:9545","throwable":""}
{"timestamp":"2025-07-11T06:07:07,709","container":"afa1f0f731a2","level":"INFO","thread":"vert.x-eventloop-thread-1","class":"JsonRpcHttpService","message":"JSON-RPC service started and listening on 0.0.0.0:8545","throwable":""}
{"timestamp":"2025-07-11T06:07:07,712","container":"afa1f0f731a2","level":"INFO","thread":"main","class":"GraphQLHttpService","message":"Starting GraphQL HTTP service on 0.0.0.0:8547","throwable":""}
{"timestamp":"2025-07-11T06:07:07,717","container":"afa1f0f731a2","level":"INFO","thread":"vert.x-eventloop-thread-1","class":"GraphQLHttpService","message":"GraphQL HTTP service started and listening on 0.0.0.0:8547","throwable":""}
{"timestamp":"2025-07-11T06:07:07,717","container":"afa1f0f731a2","level":"INFO","thread":"main","class":"WebSocketService","message":"Starting Websocket service on 0.0.0.0:8546","throwable":""}
{"timestamp":"2025-07-11T06:07:07,737","container":"afa1f0f731a2","level":"INFO","thread":"vert.x-eventloop-thread-1","class":"WebSocketService","message":"Websocket service started and listening on 0.0.0.0:8546","throwable":""}
{"timestamp":"2025-07-11T06:07:07,739","container":"afa1f0f731a2","level":"INFO","thread":"main","class":"AutoTransactionLogBloomCachingService","message":"Starting auto transaction log bloom caching service.","throwable":""}
{"timestamp":"2025-07-11T06:07:07,740","container":"afa1f0f731a2","level":"INFO","thread":"main","class":"LogBloomCacheMetadata","message":"Lookup cache metadata file in data directory: /opt/besu/data/caches","throwable":""}
{"timestamp":"2025-07-11T06:07:07,757","container":"afa1f0f731a2","level":"INFO","thread":"main","class":"Runner","message":"Starting Ethereum main loop ... ","throwable":""}
{"timestamp":"2025-07-11T06:07:07,758","container":"afa1f0f731a2","level":"INFO","thread":"main","class":"DockerNatManager","message":"Starting docker NAT manager.","throwable":""}
{"timestamp":"2025-07-11T06:07:07,798","container":"afa1f0f731a2","level":"INFO","thread":"main","class":"NetworkRunner","message":"Starting Network.","throwable":""}
{"timestamp":"2025-07-11T06:07:07,840","container":"afa1f0f731a2","level":"INFO","thread":"nioEventLoopGroup-2-1","class":"RlpxAgent","message":"P2P RLPx agent started and listening on /[0:0:0:0:0:0:0:0]:30303.","throwable":""}
{"timestamp":"2025-07-11T06:07:07,841","container":"afa1f0f731a2","level":"INFO","thread":"main","class":"PeerDiscoveryAgent","message":"Starting peer discovery agent on host=0.0.0.0, port=30303","throwable":""}
{"timestamp":"2025-07-11T06:07:07,862","container":"afa1f0f731a2","level":"INFO","thread":"vert.x-eventloop-thread-1","class":"VertxPeerDiscoveryAgent","message":"Started peer discovery agent successfully, on effective host=0:0:0:0:0:0:0:0%0 and port=30303","throwable":""}
{"timestamp":"2025-07-11T06:07:07,864","container":"afa1f0f731a2","level":"INFO","thread":"vert.x-eventloop-thread-1","class":"PeerDiscoveryAgent","message":"P2P peer discovery agent started and listening on /[0:0:0:0:0:0:0:0%0]:30303","throwable":""}
{"timestamp":"2025-07-11T06:07:07,921","container":"afa1f0f731a2","level":"INFO","thread":"vert.x-eventloop-thread-1","class":"PeerDiscoveryAgent","message":"Writing node record to disk. NodeRecord{seq=1, publicKey=0x03b9050e002aa42464e6b07c811a1f9dfec01249af03f67b753e8415420649b184, udpAddress=Optional[/10.0.0.203:30303], tcpAddress=Optional[/10.0.0.203:30303], asBase64=-Je4QH_xAOGKx8G-hvIqvEoeeN2-_M7B4MMwF9MvCcazm9njbqpFAh6NVq00HQ6zXchUICE3A9Ln5VXYWqZcqtyB2lgBg2V0aMfGhGpSrW2AgmlkgnY0gmlwhAoAAMuJc2VjcDI1NmsxoQO5BQ4AKqQkZOawfIEaH53-wBJJrwP2e3U-hBVCBkmxhIN0Y3CCdl-DdWRwgnZf, nodeId=0x27059b2392ab7830b38b2f4d27a97c9aaf04f18f3014c32e036dd0ac76da5f18, customFields={tcp=30303, udp=30303, ip=0x0a0000cb, eth=[[0x6a52ad6d, 0x]], id=V4, secp256k1=0x03b9050e002aa42464e6b07c811a1f9dfec01249af03f67b753e8415420649b184}}","throwable":""}
{"timestamp":"2025-07-11T06:07:07,976","container":"afa1f0f731a2","level":"INFO","thread":"main","class":"DefaultP2PNetwork","message":"Enode URL enode://b9050e002aa42464e6b07c811a1f9dfec01249af03f67b753e8415420649b184447bb2a784863ccbf327ad9e31aaba803464979dfe6a7facc669151a5fa6ad1b@10.0.0.203:30303","throwable":""}
{"timestamp":"2025-07-11T06:07:07,977","container":"afa1f0f731a2","level":"INFO","thread":"main","class":"DefaultP2PNetwork","message":"Node address 0x27a97c9aaf04f18f3014c32e036dd0ac76da5f18","throwable":""}
{"timestamp":"2025-07-11T06:07:08,059","container":"afa1f0f731a2","level":"INFO","thread":"main","class":"NetworkRunner","message":"Supported capabilities: [eth/62, eth/63, eth/64, eth/65, eth/66, eth/67, eth/68], [istanbul/100], [snap/1]","throwable":""}
{"timestamp":"2025-07-11T06:07:08,059","container":"afa1f0f731a2","level":"INFO","thread":"main","class":"DefaultSynchronizer","message":"Starting synchronizer.","throwable":""}
{"timestamp":"2025-07-11T06:07:08,086","container":"afa1f0f731a2","level":"INFO","thread":"main","class":"TransactionPoolFactory","message":"Enabling transaction handling following initial sync","throwable":""}
{"timestamp":"2025-07-11T06:07:08,088","container":"afa1f0f731a2","level":"INFO","thread":"main","class":"FullSyncDownloader","message":"Starting full sync.","throwable":""}
{"timestamp":"2025-07-11T06:07:08,106","container":"afa1f0f731a2","level":"INFO","thread":"main","class":"FullSyncTargetManager","message":"Unable to find sync target. Currently checking 0 peers for usefulness","throwable":""}
{"timestamp":"2025-07-11T06:07:08,138","container":"afa1f0f731a2","level":"INFO","thread":"main","class":"Runner","message":"Ethereum main loop is up.","throwable":""}
{"timestamp":"2025-07-11T06:07:13,118","container":"afa1f0f731a2","level":"INFO","thread":"EthScheduler-Timer-0","class":"FullSyncTargetManager","message":"Unable to find sync target. Currently checking 0 peers for usefulness","throwable":""}
{"timestamp":"2025-07-11T06:07:18,120","container":"afa1f0f731a2","level":"INFO","thread":"EthScheduler-Timer-0","class":"FullSyncTargetManager","message":"Unable to find sync target. Currently checking 0 peers for usefulness","throwable":""}
{"timestamp":"2025-07-11T06:07:23,121","container":"afa1f0f731a2","level":"INFO","thread":"EthScheduler-Timer-0","class":"FullSyncTargetManager","message":"Unable to find sync target. Currently checking 0 peers for usefulness","throwable":""}
{"timestamp":"2025-07-11T06:07:28,122","container":"afa1f0f731a2","level":"INFO","thread":"EthScheduler-Timer-0","class":"FullSyncTargetManager","message":"Unable to find sync target. Currently checking 0 peers for usefulness","throwable":""}
{"timestamp":"2025-07-11T06:07:33,123","container":"afa1f0f731a2","level":"INFO","thread":"EthScheduler-Timer-0","class":"FullSyncTargetManager","message":"Unable to find sync target. Currently checking 0 peers for usefulness","throwable":""}
{"timestamp":"2025-07-11T06:07:38,124","container":"afa1f0f731a2","level":"INFO","thread":"EthScheduler-Timer-0","class":"FullSyncTargetManager","message":"Unable to find sync target. Currently checking 0 peers for usefulness","throwable":""}
{"timestamp":"2025-07-11T06:07:39,227","container":"afa1f0f731a2","level":"INFO","thread":"nioEventLoopGroup-3-10","class":"FullSyncTargetManager","message":"Unable to find sync target. Currently checking 1 peers for usefulness","throwable":""}
{"timestamp":"2025-07-11T06:07:40,894","container":"afa1f0f731a2","level":"INFO","thread":"nioEventLoopGroup-3-1","class":"FullSyncTargetManager","message":"Unable to find sync target. Currently checking 2 peers for usefulness","throwable":""}
{"timestamp":"2025-07-11T06:07:41,602","container":"afa1f0f731a2","level":"INFO","thread":"nioEventLoopGroup-3-2","class":"FullSyncTargetManager","message":"Unable to find sync target. Currently checking 3 peers for usefulness","throwable":""}
{"timestamp":"2025-07-11T06:07:46,603","container":"afa1f0f731a2","level":"INFO","thread":"EthScheduler-Timer-0","class":"FullSyncTargetManager","message":"Unable to find sync target. Currently checking 3 peers for usefulness","throwable":""}
{"timestamp":"2025-07-11T06:07:51,604","container":"afa1f0f731a2","level":"INFO","thread":"EthScheduler-Timer-0","class":"FullSyncTargetManager","message":"Unable to find sync target. Currently checking 3 peers for usefulness","throwable":""}
{"timestamp":"2025-07-11T06:07:56,605","container":"afa1f0f731a2","level":"INFO","thread":"EthScheduler-Timer-0","class":"FullSyncTargetManager","message":"Unable to find sync target. Currently checking 3 peers for usefulness","throwable":""}
{"timestamp":"2025-07-11T06:08:01,605","container":"afa1f0f731a2","level":"INFO","thread":"EthScheduler-Timer-0","class":"FullSyncTargetManager","message":"Unable to find sync target. Currently checking 3 peers for usefulness","throwable":""}
{"timestamp":"2025-07-11T06:08:06,606","container":"afa1f0f731a2","level":"INFO","thread":"EthScheduler-Timer-0","class":"FullSyncTargetManager","message":"Unable to find sync target. Currently checking 3 peers for usefulness","throwable":""}
{"timestamp":"2025-07-11T06:08:11,607","container":"afa1f0f731a2","level":"INFO","thread":"EthScheduler-Timer-0","class":"FullSyncTargetManager","message":"Unable to find sync target. Currently checking 3 peers for usefulness","throwable":""}
{"timestamp":"2025-07-11T06:08:16,608","container":"afa1f0f731a2","level":"INFO","thread":"EthScheduler-Timer-0","class":"FullSyncTargetManager","message":"Unable to find sync target. Currently checking 3 peers for usefulness","throwable":""}
{"timestamp":"2025-07-11T06:08:18,633","container":"afa1f0f731a2","level":"INFO","thread":"BftProcessorExecutor-QBFT-0","class":"QbftRound","message":"Importing proposed block to chain. round=ConsensusRoundIdentifier{Sequence=1, Round=3}, hash=0xed5c74df91db53f3f1d899875165485f5a2977e10440bb92e73a829aaba05b6e","throwable":""}
{"timestamp":"2025-07-11T06:08:18,695","container":"afa1f0f731a2","level":"INFO","thread":"BftProcessorExecutor-QBFT-0","class":"QbftBesuControllerBuilder","message":"Imported #1 / 1 tx / 0 pending / 296,480 (0.0%) gas / (0xed5c74df91db53f3f1d899875165485f5a2977e10440bb92e73a829aaba05b6e)","throwable":""}
{"timestamp":"2025-07-11T06:08:21,608","container":"afa1f0f731a2","level":"INFO","thread":"EthScheduler-Timer-0","class":"FullSyncTargetManager","message":"Unable to find sync target. Currently checking 3 peers for usefulness","throwable":""}
{"timestamp":"2025-07-11T06:08:26,124","container":"afa1f0f731a2","level":"INFO","thread":"BftProcessorExecutor-QBFT-0","class":"QbftBesuControllerBuilder","message":"Produced #2 / 1 tx / 0 pending / 1,000,000 (0.0%) gas / (0x427d2f455212db29777306e4cc14211a09746dc7843ce040cba19844091e731c)","throwable":""}
{"timestamp":"2025-07-11T06:08:34,619","container":"afa1f0f731a2","level":"INFO","thread":"BftProcessorExecutor-QBFT-0","class":"QbftBesuControllerBuilder","message":"Imported #3 / 0 tx / 0 pending / 0 (0.0%) gas / (0xb30bff8330af51b24a02aeb81033717510c6affc6c533dc17892225d02bcfda8)","throwable":""}
{"timestamp":"2025-07-11T06:08:42,097","container":"afa1f0f731a2","level":"INFO","thread":"BftProcessorExecutor-QBFT-0","class":"QbftBesuControllerBuilder","message":"Imported #4 / 0 tx / 0 pending / 0 (0.0%) gas / (0xb56a26941c51f1c28178b7d3e0ba1effebeb632d79c9374dc3afd2eb65bd6f32)","throwable":""}
{"timestamp":"2025-07-11T06:08:50,071","container":"afa1f0f731a2","level":"INFO","thread":"BftProcessorExecutor-QBFT-0","class":"QbftBesuControllerBuilder","message":"Imported #5 / 0 tx / 0 pending / 0 (0.0%) gas / (0x0e09630a5e80f7f3becee542ecee48b6bf9d999a3ca8de5a1f95f37091ec55c9)","throwable":""}
{"timestamp":"2025-07-11T06:08:58,060","container":"afa1f0f731a2","level":"INFO","thread":"BftProcessorExecutor-QBFT-0","class":"QbftBesuControllerBuilder","message":"Produced #6 / 0 tx / 0 pending / 0 (0.0%) gas / (0x1dab69ac7276fce59962558a62e696fe65e88429e5cc66e7d7c51465306a1702)","throwable":""}
{"timestamp":"2025-07-11T06:09:06,570","container":"afa1f0f731a2","level":"INFO","thread":"BftProcessorExecutor-QBFT-0","class":"QbftBesuControllerBuilder","message":"Imported #7 / 0 tx / 0 pending / 0 (0.0%) gas / (0xc05c607b437754d9c38f23a734502a608c51ffe8352c929537c7a4efc8d90b34)","throwable":""}
{"timestamp":"2025-07-11T06:09:14,065","container":"afa1f0f731a2","level":"INFO","thread":"BftProcessorExecutor-QBFT-0","class":"QbftBesuControllerBuilder","message":"Imported #8 / 1 tx / 0 pending / 296,480 (0.0%) gas / (0x7518c3c5e77e8451162c55f5a2544a636d808de45d820e3ef4581e08c11b61d2)","throwable":""}
{"timestamp":"2025-07-11T06:09:22,039","container":"afa1f0f731a2","level":"INFO","thread":"BftProcessorExecutor-QBFT-0","class":"QbftBesuControllerBuilder","message":"Imported #9 / 1 tx / 0 pending / 5,000,000 (0.0%) gas / (0xd5a24bd7d102ea8b42e90b0ade8a59b51f0d19f81a6e6cc66b3d959a128daa7c)","throwable":""}
{"timestamp":"2025-07-11T06:09:22,039","container":"afa1f0f731a2","level":"INFO","thread":"EthScheduler-Workers-0","class":"PersistBlockTask","message":"Block 9 (0xd5a24bd7d102ea8b42e90b0ade8a59b51f0d19f81a6e6cc66b3d959a128daa7c) is already imported","throwable":""}
{"timestamp":"2025-07-11T06:09:30,053","container":"afa1f0f731a2","level":"INFO","thread":"BftProcessorExecutor-QBFT-0","class":"QbftBesuControllerBuilder","message":"Produced #10 / 0 tx / 0 pending / 0 (0.0%) gas / (0x3e20d563171422d54e672a6a292ec51c7a4f70e472fce91b1b3459ac49ed64fe)","throwable":""}
{"timestamp":"2025-07-11T06:09:38,565","container":"afa1f0f731a2","level":"INFO","thread":"BftProcessorExecutor-QBFT-0","class":"QbftBesuControllerBuilder","message":"Imported #11 / 0 tx / 0 pending / 0 (0.0%) gas / (0xd95a9f24dae5c5d5b19bd2c134597e02c88d7a39efe4ea203c12a38bf2dec0d9)","throwable":""}
{"timestamp":"2025-07-11T06:09:46,047","container":"afa1f0f731a2","level":"INFO","thread":"BftProcessorExecutor-QBFT-0","class":"QbftBesuControllerBuilder","message":"Imported #12 / 0 tx / 0 pending / 0 (0.0%) gas / (0x0f4f59fffaa268a77677b16e3874e2795996667e870c11c4e131b193490feacd)","throwable":""}
{"timestamp":"2025-07-11T06:09:54,066","container":"afa1f0f731a2","level":"INFO","thread":"BftProcessorExecutor-QBFT-0","class":"QbftBesuControllerBuilder","message":"Imported #13 / 1 tx / 0 pending / 296,480 (0.0%) gas / (0xbab0068c92b34297001afc9945bd1b1cef1f22e0990e416efbe024099612f198)","throwable":""}
{"timestamp":"2025-07-11T06:10:02,088","container":"afa1f0f731a2","level":"INFO","thread":"BftProcessorExecutor-QBFT-0","class":"QbftBesuControllerBuilder","message":"Produced #14 / 1 tx / 0 pending / 5,000,000 (0.0%) gas / (0x79357f101635985922669fc07bb391c64f1635d2ada54bccb17e632788587e3c)","throwable":""}
{"timestamp":"2025-07-11T06:10:10,515","container":"afa1f0f731a2","level":"INFO","thread":"BftProcessorExecutor-QBFT-0","class":"QbftBesuControllerBuilder","message":"Imported #15 / 0 tx / 0 pending / 0 (0.0%) gas / (0xcabca0387e44125aa2c498c8563a115172485047155ee950fc52b2ab0a5072a0)","throwable":""}
{"timestamp":"2025-07-11T06:10:18,046","container":"afa1f0f731a2","level":"INFO","thread":"BftProcessorExecutor-QBFT-0","class":"QbftBesuControllerBuilder","message":"Imported #16 / 0 tx / 0 pending / 0 (0.0%) gas / (0x9db6eebc11f3bc270956c231c241fb850424081ab5766575ecb5475cf397bb27)","throwable":""}
{"timestamp":"2025-07-11T06:10:26,060","container":"afa1f0f731a2","level":"INFO","thread":"BftProcessorExecutor-QBFT-0","class":"QbftBesuControllerBuilder","message":"Imported #17 / 0 tx / 0 pending / 0 (0.0%) gas / (0x344505fb5811b2d4db4a82c8ffea11762dc2e961fec8648e2b3b83fd6e31d926)","throwable":""}
{"timestamp":"2025-07-11T06:10:34,047","container":"afa1f0f731a2","level":"INFO","thread":"BftProcessorExecutor-QBFT-0","class":"QbftBesuControllerBuilder","message":"Produced #18 / 0 tx / 0 pending / 0 (0.0%) gas / (0x368c1e6cc9d07e28c6cfeac75f1e03435f84bbc01c69bcf0fa3a9fab38f7b3a8)","throwable":""}
{"timestamp":"2025-07-11T06:10:42,537","container":"afa1f0f731a2","level":"INFO","thread":"EthScheduler-Workers-0","class":"PersistBlockTask","message":"Block 19 (0xe7dbfc5b99b129c977ae1bbcfddfb2ad6131977b805532c7ffd2d70a9830e16a) is already imported","throwable":""}
{"timestamp":"2025-07-11T06:10:42,541","container":"afa1f0f731a2","level":"INFO","thread":"BftProcessorExecutor-QBFT-0","class":"QbftBesuControllerBuilder","message":"Imported #19 / 0 tx / 0 pending / 0 (0.0%) gas / (0xe7dbfc5b99b129c977ae1bbcfddfb2ad6131977b805532c7ffd2d70a9830e16a)","throwable":""}
{"timestamp":"2025-07-11T06:10:50,051","container":"afa1f0f731a2","level":"INFO","thread":"BftProcessorExecutor-QBFT-0","class":"QbftBesuControllerBuilder","message":"Imported #20 / 0 tx / 0 pending / 0 (0.0%) gas / (0x934fe34c843ffc0216c3b6534882b4c5546e44edfd47a7a3d946c5c5c97fba8c)","throwable":""}
{"timestamp":"2025-07-11T06:10:58,064","container":"afa1f0f731a2","level":"INFO","thread":"BftProcessorExecutor-QBFT-0","class":"QbftBesuControllerBuilder","message":"Imported #21 / 0 tx / 0 pending / 0 (0.0%) gas / (0xd896a35ec464fdddb2def04f57e4e2351a1c7b9448041bb1e11cd763e1b13a9f)","throwable":""}
{"timestamp":"2025-07-11T06:11:06,063","container":"afa1f0f731a2","level":"INFO","thread":"EthScheduler-Workers-0","class":"PersistBlockTask","message":"Block 22 (0xd9485876b26abd06ae7ef18b61284c624fc936a88d2cca1297d4e4f525a8d114) is already imported","throwable":""}
{"timestamp":"2025-07-11T06:11:06,065","container":"afa1f0f731a2","level":"INFO","thread":"BftProcessorExecutor-QBFT-0","class":"QbftBesuControllerBuilder","message":"Produced #22 / 0 tx / 0 pending / 0 (0.0%) gas / (0xd9485876b26abd06ae7ef18b61284c624fc936a88d2cca1297d4e4f525a8d114)","throwable":""}
{"timestamp":"2025-07-11T06:11:14,595","container":"afa1f0f731a2","level":"INFO","thread":"EthScheduler-Workers-0","class":"PersistBlockTask","message":"Block 23 (0x6df232449f9d478b49c2e2301284a53431d03949bdba837b7145ee87f3599636) is already imported","throwable":""}
{"timestamp":"2025-07-11T06:11:14,595","container":"afa1f0f731a2","level":"INFO","thread":"BftProcessorExecutor-QBFT-0","class":"QbftBesuControllerBuilder","message":"Imported #23 / 0 tx / 0 pending / 0 (0.0%) gas / (0x6df232449f9d478b49c2e2301284a53431d03949bdba837b7145ee87f3599636)","throwable":""}
{"timestamp":"2025-07-11T06:11:22,022","container":"afa1f0f731a2","level":"INFO","thread":"BftProcessorExecutor-QBFT-0","class":"QbftBesuControllerBuilder","message":"Imported #24 / 0 tx / 0 pending / 0 (0.0%) gas / (0x59354ec39733c7367cb21ecd9f17cd45af2a76ae62395c17c0cabbfcf80d3104)","throwable":""}
{"timestamp":"2025-07-11T06:11:30,076","container":"afa1f0f731a2","level":"INFO","thread":"BftProcessorExecutor-QBFT-0","class":"QbftBesuControllerBuilder","message":"Imported #25 / 0 tx / 0 pending / 0 (0.0%) gas / (0x04a613e9af59ccd7e075ee93d462123a2f017b078ef9948b8a37a629b257fb02)","throwable":""}
{"timestamp":"2025-07-11T06:11:38,046","container":"afa1f0f731a2","level":"INFO","thread":"BftProcessorExecutor-QBFT-0","class":"QbftBesuControllerBuilder","message":"Produced #26 / 0 tx / 0 pending / 0 (0.0%) gas / (0xe08f6c11375eebb35529022f4304a55e3591d052cdb0be321b28fae0ebf3ca3d)","throwable":""}
{"timestamp":"2025-07-11T06:11:46,489","container":"afa1f0f731a2","level":"INFO","thread":"BftProcessorExecutor-QBFT-0","class":"QbftBesuControllerBuilder","message":"Imported #27 / 0 tx / 0 pending / 0 (0.0%) gas / (0x6acaf132a4bc1b4bceecce42554f2c5d1fb260d499df90c7f47fb86d1b208c5a)","throwable":""}
{"timestamp":"2025-07-11T06:11:54,038","container":"afa1f0f731a2","level":"INFO","thread":"BftProcessorExecutor-QBFT-0","class":"QbftBesuControllerBuilder","message":"Imported #28 / 0 tx / 0 pending / 0 (0.0%) gas / (0x6059d02fd2ae7b6ab7744b469c209ab98eae11029fed61667c88cf25a419333c)","throwable":""}
{"timestamp":"2025-07-11T06:12:02,039","container":"afa1f0f731a2","level":"INFO","thread":"BftProcessorExecutor-QBFT-0","class":"QbftBesuControllerBuilder","message":"Imported #29 / 0 tx / 0 pending / 0 (0.0%) gas / (0xbbb02a849c6a3e6c78e65da87d7f8d8b4096f017d22e5fb25161044f1d08ccb2)","throwable":""}
{"timestamp":"2025-07-11T06:12:10,045","container":"afa1f0f731a2","level":"INFO","thread":"BftProcessorExecutor-QBFT-0","class":"QbftBesuControllerBuilder","message":"Produced #30 / 0 tx / 0 pending / 0 (0.0%) gas / (0x2eb6afffa573cddab76025e53412ef8b0f6f9365a474b75c28bba54ebe568c00)","throwable":""}
{"timestamp":"2025-07-11T06:12:18,470","container":"afa1f0f731a2","level":"INFO","thread":"BftProcessorExecutor-QBFT-0","class":"QbftBesuControllerBuilder","message":"Imported #31 / 0 tx / 0 pending / 0 (0.0%) gas / (0x1390fb9b961bdab54271f706bc468baf13e7c01716f67260cc2b0069764cca30)","throwable":""}
{"timestamp":"2025-07-11T06:12:26,043","container":"afa1f0f731a2","level":"INFO","thread":"BftProcessorExecutor-QBFT-0","class":"QbftBesuControllerBuilder","message":"Imported #32 / 0 tx / 0 pending / 0 (0.0%) gas / (0x0363cf50bcb2f600796cbc9822df2e4c96adecc59e6496bc3fe5bf90913696bb)","throwable":""}
{"timestamp":"2025-07-11T06:12:34,034","container":"afa1f0f731a2","level":"INFO","thread":"BftProcessorExecutor-QBFT-0","class":"QbftBesuControllerBuilder","message":"Imported #33 / 0 tx / 0 pending / 0 (0.0%) gas / (0x6a0d7a8caead9072df5ce5ca7beb31dee5b7743215da23c071cff95aaa7ef1b0)","throwable":""}
{"timestamp":"2025-07-11T06:12:42,027","container":"afa1f0f731a2","level":"INFO","thread":"BftProcessorExecutor-QBFT-0","class":"QbftBesuControllerBuilder","message":"Produced #34 / 0 tx / 0 pending / 0 (0.0%) gas / (0xdf96243ccdc09dfccc1578b4059e88d5c9f9c3be4d2b5e6923e54c349d737914)","throwable":""}
{"timestamp":"2025-07-11T06:13:04,459","container":"afa1f0f731a2","level":"INFO","thread":"BftProcessorExecutor-QBFT-0","class":"QbftRound","message":"Importing proposed block to chain. round=ConsensusRoundIdentifier{Sequence=35, Round=1}, hash=0x688152a619f0f598499f0a88eaffecf688088d4ee1f4ce511f0c86a12b4f630c","throwable":""}
{"timestamp":"2025-07-11T06:13:04,466","container":"afa1f0f731a2","level":"INFO","thread":"BftProcessorExecutor-QBFT-0","class":"QbftBesuControllerBuilder","message":"Imported #35 / 0 tx / 0 pending / 0 (0.0%) gas / (0x688152a619f0f598499f0a88eaffecf688088d4ee1f4ce511f0c86a12b4f630c)","throwable":""}
{"timestamp":"2025-07-11T06:13:12,041","container":"afa1f0f731a2","level":"INFO","thread":"BftProcessorExecutor-QBFT-0","class":"QbftBesuControllerBuilder","message":"Imported #36 / 0 tx / 0 pending / 0 (0.0%) gas / (0xa469d7204b25e11011f489aa0573827f0d3483d7a727abe30f3e8222ad0d601f)","throwable":""}
{"timestamp":"2025-07-11T06:13:20,032","container":"afa1f0f731a2","level":"INFO","thread":"BftProcessorExecutor-QBFT-0","class":"QbftBesuControllerBuilder","message":"Produced #37 / 0 tx / 0 pending / 0 (0.0%) gas / (0x808c7d71ad7d07071280a15eb5a0ed40ebc6c57f00e290dd7934a75640adfc44)","throwable":""}
{"timestamp":"2025-07-11T06:13:28,447","container":"afa1f0f731a2","level":"INFO","thread":"BftProcessorExecutor-QBFT-0","class":"QbftBesuControllerBuilder","message":"Imported #38 / 0 tx / 0 pending / 0 (0.0%) gas / (0xa450cd87fd50c59b6054ae04849bc429e8346bb91b22a943f639bb52ea9e7377)","throwable":""}
{"timestamp":"2025-07-11T06:13:36,039","container":"afa1f0f731a2","level":"INFO","thread":"BftProcessorExecutor-QBFT-0","class":"QbftBesuControllerBuilder","message":"Imported #39 / 0 tx / 0 pending / 0 (0.0%) gas / (0x53a65e8dad97ee21008e55dd7ea6642af44911f2363d326b1b8f6fca3452fa17)","throwable":""}
{"timestamp":"2025-07-11T06:13:44,018","container":"afa1f0f731a2","level":"INFO","thread":"BftProcessorExecutor-QBFT-0","class":"QbftBesuControllerBuilder","message":"Imported #40 / 0 tx / 0 pending / 0 (0.0%) gas / (0xc5afe5c41bcf27f7a4ff99e27a977e387b8a536d4785be5cea547115b8f2cec2)","throwable":""}
{"timestamp":"2025-07-11T06:13:52,022","container":"afa1f0f731a2","level":"INFO","thread":"BftProcessorExecutor-QBFT-0","class":"QbftBesuControllerBuilder","message":"Produced #41 / 0 tx / 0 pending / 0 (0.0%) gas / (0xf44bce65bec842896db5e8785b000b083a699e60b79097ed0eeafac28a4134df)","throwable":""}
{"timestamp":"2025-07-11T06:14:00,410","container":"afa1f0f731a2","level":"INFO","thread":"EthScheduler-Workers-0","class":"PersistBlockTask","message":"Block 42 (0xc33be78d0bb8176bd19664ee8af12314ca03753b625670c2af1a1cd916044389) is already imported","throwable":""}
{"timestamp":"2025-07-11T06:14:00,410","container":"afa1f0f731a2","level":"INFO","thread":"BftProcessorExecutor-QBFT-0","class":"QbftBesuControllerBuilder","message":"Imported #42 / 0 tx / 0 pending / 0 (0.0%) gas / (0xc33be78d0bb8176bd19664ee8af12314ca03753b625670c2af1a1cd916044389)","throwable":""}
{"timestamp":"2025-07-11T06:14:08,041","container":"afa1f0f731a2","level":"INFO","thread":"BftProcessorExecutor-QBFT-0","class":"QbftBesuControllerBuilder","message":"Imported #43 / 0 tx / 0 pending / 0 (0.0%) gas / (0x6efaa0e76dfcaed7b05ea06dafc32d344bb40e8b0be8e32fb9eb4f6d8b0f7da7)","throwable":""}
{"timestamp":"2025-07-11T06:14:16,042","container":"afa1f0f731a2","level":"INFO","thread":"BftProcessorExecutor-QBFT-0","class":"QbftBesuControllerBuilder","message":"Imported #44 / 0 tx / 0 pending / 0 (0.0%) gas / (0x4cba1a6838c32b7379840b0b75b1d5a4448db77d16a3ffe27dc7bb3573ae30fc)","throwable":""}
{"timestamp":"2025-07-11T06:14:24,032","container":"afa1f0f731a2","level":"INFO","thread":"BftProcessorExecutor-QBFT-0","class":"QbftBesuControllerBuilder","message":"Produced #45 / 0 tx / 0 pending / 0 (0.0%) gas / (0x3c3198a4b97f930d93cf5f8c5184d8be6b928e605413e57ed987dad4e8278c03)","throwable":""}
{"timestamp":"2025-07-11T06:14:32,400","container":"afa1f0f731a2","level":"INFO","thread":"BftProcessorExecutor-QBFT-0","class":"QbftBesuControllerBuilder","message":"Imported #46 / 0 tx / 0 pending / 0 (0.0%) gas / (0x925155b86ab0f2deb8f521983073295615355a6f391eb10fd29ecee3814d8134)","throwable":""}
{"timestamp":"2025-07-11T06:14:40,055","container":"afa1f0f731a2","level":"INFO","thread":"BftProcessorExecutor-QBFT-0","class":"QbftBesuControllerBuilder","message":"Imported #47 / 1 tx / 0 pending / 296,480 (0.0%) gas / (0xcd3f6947fb256719571b26531748e3a886e1a5ba89c4010227375120fab34caf)","throwable":""}
{"timestamp":"2025-07-11T06:14:48,040","container":"afa1f0f731a2","level":"INFO","thread":"BftProcessorExecutor-QBFT-0","class":"QbftBesuControllerBuilder","message":"Imported #48 / 1 tx / 0 pending / 5,000,000 (0.0%) gas / (0x51cd547e452e15859d4de1461c0d19cd67a507c7d9e7da23ed172dac18b23361)","throwable":""}
{"timestamp":"2025-07-11T06:14:56,041","container":"afa1f0f731a2","level":"INFO","thread":"EthScheduler-Workers-0","class":"PersistBlockTask","message":"Block 49 (0x550a27899ee87657be38a3b4c756c3dfea9aa47aaa6c97166f77c9b5ffdc5258) is already imported","throwable":""}
{"timestamp":"2025-07-11T06:14:56,041","container":"afa1f0f731a2","level":"INFO","thread":"BftProcessorExecutor-QBFT-0","class":"QbftBesuControllerBuilder","message":"Produced #49 / 0 tx / 0 pending / 0 (0.0%) gas / (0x550a27899ee87657be38a3b4c756c3dfea9aa47aaa6c97166f77c9b5ffdc5258)","throwable":""}
{"timestamp":"2025-07-11T06:15:04,377","container":"afa1f0f731a2","level":"INFO","thread":"BftProcessorExecutor-QBFT-0","class":"QbftBesuControllerBuilder","message":"Imported #50 / 0 tx / 0 pending / 0 (0.0%) gas / (0x4fbad7d285bf6ed942394afcfce4508f43680a779e7d27d8a3f87bbef3bfb0f1)","throwable":""}
{"timestamp":"2025-07-11T06:15:12,026","container":"afa1f0f731a2","level":"INFO","thread":"BftProcessorExecutor-QBFT-0","class":"QbftBesuControllerBuilder","message":"Imported #51 / 0 tx / 0 pending / 0 (0.0%) gas / (0xb14493503903fba3db19ab28cb3369ae51167d4611375ace344c5005b620ba08)","throwable":""}
{"timestamp":"2025-07-11T06:15:20,038","container":"afa1f0f731a2","level":"INFO","thread":"BftProcessorExecutor-QBFT-0","class":"QbftBesuControllerBuilder","message":"Imported #52 / 0 tx / 0 pending / 0 (0.0%) gas / (0xfa2678cde85b96748b8fb77fa104d12337106a61ae105878e9e80498c6dfa9ee)","throwable":""}
{"timestamp":"2025-07-11T06:15:28,031","container":"afa1f0f731a2","level":"INFO","thread":"BftProcessorExecutor-QBFT-0","class":"QbftBesuControllerBuilder","message":"Produced #53 / 0 tx / 0 pending / 0 (0.0%) gas / (0x2d4a54956f98cdee5792f09dd2fd5054a1ecfb93cfde2af8780fd449257fb045)","throwable":""}
{"timestamp":"2025-07-11T06:15:36,346","container":"afa1f0f731a2","level":"INFO","thread":"BftProcessorExecutor-QBFT-0","class":"QbftBesuControllerBuilder","message":"Imported #54 / 0 tx / 0 pending / 0 (0.0%) gas / (0x1e581851ab91f3b26e6de63c5910d751dd1f737c9fc8367110453013fec707e1)","throwable":""}
{"timestamp":"2025-07-11T06:15:44,032","container":"afa1f0f731a2","level":"INFO","thread":"BftProcessorExecutor-QBFT-0","class":"QbftBesuControllerBuilder","message":"Imported #55 / 0 tx / 0 pending / 0 (0.0%) gas / (0x83d17ce7d951b084a3c6b7fdb91d59bef8dd57e41da739061edd857a18c8319a)","throwable":""}
{"timestamp":"2025-07-11T06:15:52,014","container":"afa1f0f731a2","level":"INFO","thread":"BftProcessorExecutor-QBFT-0","class":"QbftBesuControllerBuilder","message":"Imported #56 / 0 tx / 0 pending / 0 (0.0%) gas / (0xfc97a05ee26dc3a1fd3fdbe526a6bd4d96c3c8d8891b84279e50c99a8f913bd8)","throwable":""}
{"timestamp":"2025-07-11T06:16:00,027","container":"afa1f0f731a2","level":"INFO","thread":"BftProcessorExecutor-QBFT-0","class":"QbftBesuControllerBuilder","message":"Produced #57 / 0 tx / 0 pending / 0 (0.0%) gas / (0x6c1d26fc77280e32c74be633b513c5f4eaa418efac496ef089f1b9d0bf1a37a3)","throwable":""}
{"timestamp":"2025-07-11T06:16:08,333","container":"afa1f0f731a2","level":"INFO","thread":"BftProcessorExecutor-QBFT-0","class":"QbftBesuControllerBuilder","message":"Imported #58 / 0 tx / 0 pending / 0 (0.0%) gas / (0x22287c6174ecd738423a0dc4f10b3029ba3bcd2552a72db923b6f3702efd79ab)","throwable":""}
{"timestamp":"2025-07-11T06:16:16,029","container":"afa1f0f731a2","level":"INFO","thread":"BftProcessorExecutor-QBFT-0","class":"QbftBesuControllerBuilder","message":"Imported #59 / 0 tx / 0 pending / 0 (0.0%) gas / (0x43b5c0e45a488b1ab2702fd674220d52c2619ac2875db0631d14d68d6f254c78)","throwable":""}
{"timestamp":"2025-07-11T06:16:24,030","container":"afa1f0f731a2","level":"INFO","thread":"BftProcessorExecutor-QBFT-0","class":"QbftBesuControllerBuilder","message":"Imported #60 / 0 tx / 0 pending / 0 (0.0%) gas / (0xcc5f13647e334d3dcb83d2579ea4635fc4d30e54f27eaed265a0d988bf145fea)","throwable":""}
{"timestamp":"2025-07-11T06:16:32,029","container":"afa1f0f731a2","level":"INFO","thread":"BftProcessorExecutor-QBFT-0","class":"QbftBesuControllerBuilder","message":"Produced #61 / 0 tx / 0 pending / 0 (0.0%) gas / (0x42ec3944d3fb7084251d540696e18b33cd9a61b2e325261e6ac7fbbdb8070bff)","throwable":""}
{"timestamp":"2025-07-11T06:16:40,339","container":"afa1f0f731a2","level":"INFO","thread":"BftProcessorExecutor-QBFT-0","class":"QbftBesuControllerBuilder","message":"Imported #62 / 0 tx / 0 pending / 0 (0.0%) gas / (0xf9c4e046e5474c2a39aa62402a43b38d74887c17e4ca41a696be213c195c88bd)","throwable":""}
{"timestamp":"2025-07-11T06:16:48,038","container":"afa1f0f731a2","level":"INFO","thread":"BftProcessorExecutor-QBFT-0","class":"QbftBesuControllerBuilder","message":"Imported #63 / 0 tx / 0 pending / 0 (0.0%) gas / (0x64d69efc05306e797358ffa56fdcbdf4de32f2ea9b14b8244ac0fb1bb1815e1f)","throwable":""}
{"timestamp":"2025-07-11T06:16:56,029","container":"afa1f0f731a2","level":"INFO","thread":"BftProcessorExecutor-QBFT-0","class":"QbftBesuControllerBuilder","message":"Imported #64 / 0 tx / 0 pending / 0 (0.0%) gas / (0xb264d6499fa68c717d66970c57829d9b1726b8f7dd63ea984a84b5f6a7914cb0)","throwable":""}
{"timestamp":"2025-07-11T06:17:04,014","container":"afa1f0f731a2","level":"INFO","thread":"BftProcessorExecutor-QBFT-0","class":"QbftBesuControllerBuilder","message":"Produced #65 / 0 tx / 0 pending / 0 (0.0%) gas / (0xd6dc5f5f0c4759f47d481994f3381040ebfac2f40348ff435b1226e99dcd9d03)","throwable":""}
{"timestamp":"2025-07-11T06:17:12,312","container":"afa1f0f731a2","level":"INFO","thread":"BftProcessorExecutor-QBFT-0","class":"QbftBesuControllerBuilder","message":"Imported #66 / 0 tx / 0 pending / 0 (0.0%) gas / (0x9ecd2346caa29bde51b7bc6e6ef70160782acb489c169709da7cef530878fea5)","throwable":""}
{"timestamp":"2025-07-11T06:17:20,013","container":"afa1f0f731a2","level":"INFO","thread":"BftProcessorExecutor-QBFT-0","class":"QbftBesuControllerBuilder","message":"Imported #67 / 0 tx / 0 pending / 0 (0.0%) gas / (0x3c0e5fb096e2f07bafb0ae0ec03b98a838a94ec82af3a9cd337502cf14d88b5f)","throwable":""}
{"timestamp":"2025-07-11T06:17:28,030","container":"afa1f0f731a2","level":"INFO","thread":"BftProcessorExecutor-QBFT-0","class":"QbftBesuControllerBuilder","message":"Imported #68 / 0 tx / 0 pending / 0 (0.0%) gas / (0x17c109d414917e048a1e750442fb27a7648b4d44748dbcc79b2cd8c886e4b4a5)","throwable":""}
{"timestamp":"2025-07-11T06:17:36,029","container":"afa1f0f731a2","level":"INFO","thread":"BftProcessorExecutor-QBFT-0","class":"QbftBesuControllerBuilder","message":"Produced #69 / 0 tx / 0 pending / 0 (0.0%) gas / (0xb79a361d0665937a710eff08e832f35cbd8053ea73d30cda929aa1c4e1593763)","throwable":""}
{"timestamp":"2025-07-11T06:17:44,289","container":"afa1f0f731a2","level":"INFO","thread":"BftProcessorExecutor-QBFT-0","class":"QbftBesuControllerBuilder","message":"Imported #70 / 0 tx / 0 pending / 0 (0.0%) gas / (0x34bac751a8c8d05464702a304759c40f689b5195dfbc2dec8f5d1a643ca43b37)","throwable":""}
{"timestamp":"2025-07-11T06:17:52,025","container":"afa1f0f731a2","level":"INFO","thread":"BftProcessorExecutor-QBFT-0","class":"QbftBesuControllerBuilder","message":"Imported #71 / 0 tx / 0 pending / 0 (0.0%) gas / (0xf3a2ac897fdb644724c3ce01c6488d865e2214e595c670cb9210f61ae59fe055)","throwable":""}
{"timestamp":"2025-07-11T06:18:00,025","container":"afa1f0f731a2","level":"INFO","thread":"BftProcessorExecutor-QBFT-0","class":"QbftBesuControllerBuilder","message":"Imported #72 / 0 tx / 0 pending / 0 (0.0%) gas / (0x04159ae1ad4d03eb7aca5d0cd147d4417dfd21c08785a1cb3506fe1478acc9b9)","throwable":""}
{"timestamp":"2025-07-11T06:18:08,037","container":"afa1f0f731a2","level":"INFO","thread":"BftProcessorExecutor-QBFT-0","class":"QbftBesuControllerBuilder","message":"Produced #73 / 1 tx / 0 pending / 2,000,000 (0.0%) gas / (0x0fb7beaa133dc822ac775c7965d2d2f1669fbbe950276b6ffa4124c482e9a6e3)","throwable":""}
{"timestamp":"2025-07-11T06:18:16,293","container":"afa1f0f731a2","level":"INFO","thread":"BftProcessorExecutor-QBFT-0","class":"QbftBesuControllerBuilder","message":"Imported #74 / 1 tx / 0 pending / 31,880 (0.0%) gas / (0xc79de27d72556fdc2f2598b073d413c0fc88d7dae32adcc6bf0684c24f21718d)","throwable":""}
{"timestamp":"2025-07-11T06:18:24,015","container":"afa1f0f731a2","level":"INFO","thread":"BftProcessorExecutor-QBFT-0","class":"QbftBesuControllerBuilder","message":"Imported #75 / 0 tx / 0 pending / 0 (0.0%) gas / (0x459278865ed1aa1f3e6d699758a3853a1b71017cdd5494df22ce1d1298126921)","throwable":""}
{"timestamp":"2025-07-11T06:18:32,028","container":"afa1f0f731a2","level":"INFO","thread":"BftProcessorExecutor-QBFT-0","class":"QbftBesuControllerBuilder","message":"Imported #76 / 0 tx / 0 pending / 0 (0.0%) gas / (0x7c8a030a8291a122343f334e1487fe3dcd7c0d8e346f189479de1c351404dcf4)","throwable":""}
{"timestamp":"2025-07-11T06:18:40,033","container":"afa1f0f731a2","level":"INFO","thread":"BftProcessorExecutor-QBFT-0","class":"QbftBesuControllerBuilder","message":"Produced #77 / 0 tx / 0 pending / 0 (0.0%) gas / (0x2649cb778089f624e4b4ade048a62b777b1dfb42e4b4a5bd255f413665353e54)","throwable":""}
{"timestamp":"2025-07-11T06:18:48,264","container":"afa1f0f731a2","level":"INFO","thread":"BftProcessorExecutor-QBFT-0","class":"QbftBesuControllerBuilder","message":"Imported #78 / 0 tx / 0 pending / 0 (0.0%) gas / (0xaf988f73b69d7bbd91709fd212c467d7b52d5a93e50cde77900df587f698bad3)","throwable":""}
{"timestamp":"2025-07-11T06:18:56,044","container":"afa1f0f731a2","level":"INFO","thread":"BftProcessorExecutor-QBFT-0","class":"QbftBesuControllerBuilder","message":"Imported #79 / 1 tx / 0 pending / 2,000,000 (0.0%) gas / (0x582de53b54accecde8ff51397a78899e027635735901662d7622d56a8a69233e)","throwable":""}
{"timestamp":"2025-07-11T06:19:04,035","container":"afa1f0f731a2","level":"INFO","thread":"BftProcessorExecutor-QBFT-0","class":"QbftBesuControllerBuilder","message":"Imported #80 / 1 tx / 0 pending / 31,880 (0.0%) gas / (0x32b86291c7f297a01c019ff8ac767f504ad7b9aeef6915c25bf034fdf9ea65e5)","throwable":""}
{"timestamp":"2025-07-11T06:19:12,053","container":"afa1f0f731a2","level":"INFO","thread":"BftProcessorExecutor-QBFT-0","class":"QbftBesuControllerBuilder","message":"Produced #81 / 0 tx / 0 pending / 0 (0.0%) gas / (0x2f49f484249c5c7fb9966db0bf34b60569404e4b1f32b063bbc596b1f148671f)","throwable":""}
{"timestamp":"2025-07-11T06:19:20,243","container":"afa1f0f731a2","level":"INFO","thread":"BftProcessorExecutor-QBFT-0","class":"QbftBesuControllerBuilder","message":"Imported #82 / 0 tx / 0 pending / 0 (0.0%) gas / (0x101bacf4a789a2211dbe90ba5c961113c2d5d88f6daddd5ac6667b5dcd61b27e)","throwable":""}
{"timestamp":"2025-07-11T06:19:28,028","container":"afa1f0f731a2","level":"INFO","thread":"BftProcessorExecutor-QBFT-0","class":"QbftBesuControllerBuilder","message":"Imported #83 / 0 tx / 0 pending / 0 (0.0%) gas / (0xdaabf7c17912477f0c7253e7077c76f7708da8424e0d14b890d4679242c5ca1b)","throwable":""}
{"timestamp":"2025-07-11T06:19:36,038","container":"afa1f0f731a2","level":"INFO","thread":"BftProcessorExecutor-QBFT-0","class":"QbftBesuControllerBuilder","message":"Imported #84 / 0 tx / 0 pending / 0 (0.0%) gas / (0x9fc755a9feff6c61a47097fbfccdde58dcc296cfb4ef8c04fd2305fb03bb21d4)","throwable":""}
{"timestamp":"2025-07-11T06:19:44,031","container":"afa1f0f731a2","level":"INFO","thread":"BftProcessorExecutor-QBFT-0","class":"QbftBesuControllerBuilder","message":"Produced #85 / 0 tx / 0 pending / 0 (0.0%) gas / (0xda88217b0cb0572f5e97cc334d65e1913b2ae87c5b35052e474fd19ea7a498b6)","throwable":""}
{"timestamp":"2025-07-11T06:19:52,239","container":"afa1f0f731a2","level":"INFO","thread":"BftProcessorExecutor-QBFT-0","class":"QbftBesuControllerBuilder","message":"Imported #86 / 0 tx / 0 pending / 0 (0.0%) gas / (0xf74a60e755e2cbcec52cc3c4bbacfca82aaf63161ddc8997812e9a262e5c7690)","throwable":""}
{"timestamp":"2025-07-11T06:20:00,039","container":"afa1f0f731a2","level":"INFO","thread":"BftProcessorExecutor-QBFT-0","class":"QbftBesuControllerBuilder","message":"Imported #87 / 0 tx / 0 pending / 0 (0.0%) gas / (0x420492d0495243e7183daf959d5a4322b3cb3171d39e96a11c936b1a5226b767)","throwable":""}
{"timestamp":"2025-07-11T06:20:08,027","container":"afa1f0f731a2","level":"INFO","thread":"BftProcessorExecutor-QBFT-0","class":"QbftBesuControllerBuilder","message":"Imported #88 / 0 tx / 0 pending / 0 (0.0%) gas / (0x397c3e22da806eee5bedb76255b59c61311a44c6fa802e85d4b0b0fb26e2863c)","throwable":""}
{"timestamp":"2025-07-11T06:20:16,025","container":"afa1f0f731a2","level":"INFO","thread":"BftProcessorExecutor-QBFT-0","class":"QbftBesuControllerBuilder","message":"Produced #89 / 0 tx / 0 pending / 0 (0.0%) gas / (0xf051c85ff15dcea5c75428e1087f7f977c039a78d91b047f477d152d28154353)","throwable":""}
{"timestamp":"2025-07-11T06:20:24,209","container":"afa1f0f731a2","level":"INFO","thread":"BftProcessorExecutor-QBFT-0","class":"QbftBesuControllerBuilder","message":"Imported #90 / 0 tx / 0 pending / 0 (0.0%) gas / (0xe1a375f89fe18296fa98eddb2fc2e6bc34aa96e3c338f12965d791e747555fa4)","throwable":""}
{"timestamp":"2025-07-11T06:20:32,033","container":"afa1f0f731a2","level":"INFO","thread":"BftProcessorExecutor-QBFT-0","class":"QbftBesuControllerBuilder","message":"Imported #91 / 0 tx / 0 pending / 0 (0.0%) gas / (0x1b1a36287cf23ded95a450ddfa6b003a1213712a569c68f8561ce31441b8e994)","throwable":""}
{"timestamp":"2025-07-11T06:20:40,032","container":"afa1f0f731a2","level":"INFO","thread":"EthScheduler-Workers-0","class":"PersistBlockTask","message":"Block 92 (0x3ce03e24e0a45b1d30a1f168fd24302d1a877e594adcfb3d46428516af358b98) is already imported","throwable":""}
{"timestamp":"2025-07-11T06:20:40,032","container":"afa1f0f731a2","level":"INFO","thread":"BftProcessorExecutor-QBFT-0","class":"QbftBesuControllerBuilder","message":"Imported #92 / 0 tx / 0 pending / 0 (0.0%) gas / (0x3ce03e24e0a45b1d30a1f168fd24302d1a877e594adcfb3d46428516af358b98)","throwable":""}
{"timestamp":"2025-07-11T06:20:48,028","container":"afa1f0f731a2","level":"INFO","thread":"BftProcessorExecutor-QBFT-0","class":"QbftBesuControllerBuilder","message":"Produced #93 / 0 tx / 0 pending / 0 (0.0%) gas / (0x656fed1be21e126f132ccabc2a60acfba47e995b888bc212e3df1700c4633cad)","throwable":""}
{"timestamp":"2025-07-11T06:20:56,196","container":"afa1f0f731a2","level":"INFO","thread":"BftProcessorExecutor-QBFT-0","class":"QbftBesuControllerBuilder","message":"Imported #94 / 0 tx / 0 pending / 0 (0.0%) gas / (0x8775de709373f7e9fb276021ff235719a2a1a916405a0b5500de2b3eb461d105)","throwable":""}
{"timestamp":"2025-07-11T06:21:04,026","container":"afa1f0f731a2","level":"INFO","thread":"BftProcessorExecutor-QBFT-0","class":"QbftBesuControllerBuilder","message":"Imported #95 / 0 tx / 0 pending / 0 (0.0%) gas / (0x3c0e0766f56f50a4188b53fef3205f1b08f839872b18b8790f34c882e5f6caab)","throwable":""}
{"timestamp":"2025-07-11T06:21:12,029","container":"afa1f0f731a2","level":"INFO","thread":"EthScheduler-Workers-0","class":"PersistBlockTask","message":"Block 96 (0xf8a60147ab23c077533dd0572e29410be20655282939690cb54d91a162491e87) is already imported","throwable":""}
{"timestamp":"2025-07-11T06:21:12,030","container":"afa1f0f731a2","level":"INFO","thread":"BftProcessorExecutor-QBFT-0","class":"QbftBesuControllerBuilder","message":"Imported #96 / 0 tx / 0 pending / 0 (0.0%) gas / (0xf8a60147ab23c077533dd0572e29410be20655282939690cb54d91a162491e87)","throwable":""}
{"timestamp":"2025-07-11T06:21:20,037","container":"afa1f0f731a2","level":"INFO","thread":"EthScheduler-Workers-0","class":"PersistBlockTask","message":"Block 97 (0xa4db4148fab13fbee8a4f81a28de3acaea4bb8a638d3bb5033bc0a549158984b) is already imported","throwable":""}
{"timestamp":"2025-07-11T06:21:20,037","container":"afa1f0f731a2","level":"INFO","thread":"BftProcessorExecutor-QBFT-0","class":"QbftBesuControllerBuilder","message":"Produced #97 / 0 tx / 0 pending / 0 (0.0%) gas / (0xa4db4148fab13fbee8a4f81a28de3acaea4bb8a638d3bb5033bc0a549158984b)","throwable":""}
{"timestamp":"2025-07-11T06:21:28,182","container":"afa1f0f731a2","level":"INFO","thread":"BftProcessorExecutor-QBFT-0","class":"QbftBesuControllerBuilder","message":"Imported #98 / 0 tx / 0 pending / 0 (0.0%) gas / (0xcea52c3f592b45e2a7292a0e4b1573388cbdf59405824e3653190d386c589782)","throwable":""}
{"timestamp":"2025-07-11T06:21:36,031","container":"afa1f0f731a2","level":"INFO","thread":"BftProcessorExecutor-QBFT-0","class":"QbftBesuControllerBuilder","message":"Imported #99 / 0 tx / 0 pending / 0 (0.0%) gas / (0x3ac75377144091f0add4928cb31922df41d007848a08bc1583cb9995fb0cd390)","throwable":""}
{"timestamp":"2025-07-11T06:21:44,027","container":"afa1f0f731a2","level":"INFO","thread":"BftProcessorExecutor-QBFT-0","class":"QbftBesuControllerBuilder","message":"Imported #100 / 0 tx / 0 pending / 0 (0.0%) gas / (0x89779385f8712fabe666d06efaae04c16760cfd330a755b3393f41db481ff0dc)","throwable":""}
{"timestamp":"2025-07-11T06:21:52,028","container":"afa1f0f731a2","level":"INFO","thread":"BftProcessorExecutor-QBFT-0","class":"QbftBesuControllerBuilder","message":"Produced #101 / 0 tx / 0 pending / 0 (0.0%) gas / (0x3db5e74f80ca5c2d59f1bb307fce8ac02f4c3c59e455e39edeb449417683dc68)","throwable":""}
{"timestamp":"2025-07-11T06:22:00,165","container":"afa1f0f731a2","level":"INFO","thread":"BftProcessorExecutor-QBFT-0","class":"QbftBesuControllerBuilder","message":"Imported #102 / 0 tx / 0 pending / 0 (0.0%) gas / (0xb792ed4f54e9e066259b02e496ffa531b9450440e296c324135b719f3a157e63)","throwable":""}
{"timestamp":"2025-07-11T06:22:08,025","container":"afa1f0f731a2","level":"INFO","thread":"BftProcessorExecutor-QBFT-0","class":"QbftBesuControllerBuilder","message":"Imported #103 / 0 tx / 0 pending / 0 (0.0%) gas / (0x7574f9297d15bce4d4e4a043f5012ba492a5b82654ad4aef4384026d24a25808)","throwable":""}
{"timestamp":"2025-07-11T06:22:16,026","container":"afa1f0f731a2","level":"INFO","thread":"BftProcessorExecutor-QBFT-0","class":"QbftBesuControllerBuilder","message":"Imported #104 / 0 tx / 0 pending / 0 (0.0%) gas / (0x81fccdf7cfe605854304779444746b7f1f846a2900b49f63ef2324fa24b7573a)","throwable":""}
{"timestamp":"2025-07-11T06:22:24,011","container":"afa1f0f731a2","level":"INFO","thread":"BftProcessorExecutor-QBFT-0","class":"QbftBesuControllerBuilder","message":"Produced #105 / 0 tx / 0 pending / 0 (0.0%) gas / (0x13ee8cfc3bcd1de8e10652f968459123b56213091483bf63072e9176df23beed)","throwable":""}
{"timestamp":"2025-07-11T06:22:32,183","container":"afa1f0f731a2","level":"INFO","thread":"BftProcessorExecutor-QBFT-0","class":"QbftBesuControllerBuilder","message":"Imported #106 / 0 tx / 0 pending / 0 (0.0%) gas / (0x61525504268448676012d445915495d99a40254c30ee839184e55e944d09cb0d)","throwable":""}
{"timestamp":"2025-07-11T06:22:40,034","container":"afa1f0f731a2","level":"INFO","thread":"BftProcessorExecutor-QBFT-0","class":"QbftBesuControllerBuilder","message":"Imported #107 / 0 tx / 0 pending / 0 (0.0%) gas / (0x8b0adc3704889464cf9d5bfc60a60bdf6e76a63ecd83562ab540ad26d9bee31d)","throwable":""}
{"timestamp":"2025-07-11T06:22:48,027","container":"afa1f0f731a2","level":"INFO","thread":"BftProcessorExecutor-QBFT-0","class":"QbftBesuControllerBuilder","message":"Imported #108 / 0 tx / 0 pending / 0 (0.0%) gas / (0x0d8e988c55d30abd7241d2c03c6e2ce6ed99e3e8780c002419f3ababcbed46d8)","throwable":""}
{"timestamp":"2025-07-11T06:22:56,023","container":"afa1f0f731a2","level":"INFO","thread":"BftProcessorExecutor-QBFT-0","class":"QbftBesuControllerBuilder","message":"Produced #109 / 0 tx / 0 pending / 0 (0.0%) gas / (0x55a25751793ad78ac0a7956d042fa7784d90d043ed3942be1d45658815ceb9e4)","throwable":""}
{"timestamp":"2025-07-11T06:23:04,127","container":"afa1f0f731a2","level":"INFO","thread":"BftProcessorExecutor-QBFT-0","class":"QbftBesuControllerBuilder","message":"Imported #110 / 0 tx / 0 pending / 0 (0.0%) gas / (0x0222e7b66518f7d6d0dd8286dbcee181e32b57698b8dd55cd2e1b5e56faf28da)","throwable":""}
{"timestamp":"2025-07-11T06:23:12,022","container":"afa1f0f731a2","level":"INFO","thread":"BftProcessorExecutor-QBFT-0","class":"QbftBesuControllerBuilder","message":"Imported #111 / 0 tx / 0 pending / 0 (0.0%) gas / (0xd5f293c71e3cbfdbb8bb779eddf3f6495c811e9d613cc6ea0c5e96f51cfe84a0)","throwable":""}
{"timestamp":"2025-07-11T06:23:20,020","container":"afa1f0f731a2","level":"INFO","thread":"BftProcessorExecutor-QBFT-0","class":"QbftBesuControllerBuilder","message":"Imported #112 / 0 tx / 0 pending / 0 (0.0%) gas / (0x4248d69e14034c91b3fb7abd38264283eee33dce37c0cceb8803fbeb8108b5eb)","throwable":""}
{"timestamp":"2025-07-11T06:23:28,027","container":"afa1f0f731a2","level":"INFO","thread":"BftProcessorExecutor-QBFT-0","class":"QbftBesuControllerBuilder","message":"Produced #113 / 0 tx / 0 pending / 0 (0.0%) gas / (0x9a0c48e5b5173727bccf3e0795517f823883c35f882ea8047acda1d9b43a1a5e)","throwable":""}
{"timestamp":"2025-07-11T06:23:36,115","container":"afa1f0f731a2","level":"INFO","thread":"BftProcessorExecutor-QBFT-0","class":"QbftBesuControllerBuilder","message":"Imported #114 / 0 tx / 0 pending / 0 (0.0%) gas / (0x88fdc0bee69a65f1b82c4446e536e18b9d3377d2c8e51d0804023ab7c8e84099)","throwable":""}
{"timestamp":"2025-07-11T06:23:44,025","container":"afa1f0f731a2","level":"INFO","thread":"BftProcessorExecutor-QBFT-0","class":"QbftBesuControllerBuilder","message":"Imported #115 / 0 tx / 0 pending / 0 (0.0%) gas / (0x6b1f4109e6db314a195a1625f7e4b98d0edc3519dc5f6a96e68df6791055e2c0)","throwable":""}
{"timestamp":"2025-07-11T06:23:52,027","container":"afa1f0f731a2","level":"INFO","thread":"BftProcessorExecutor-QBFT-0","class":"QbftBesuControllerBuilder","message":"Imported #116 / 0 tx / 0 pending / 0 (0.0%) gas / (0x017b30e4727e9d54ac3cba1edadf402abac92cb60fe0e3a0316f678e11d4014c)","throwable":""}
{"timestamp":"2025-07-11T06:24:00,023","container":"afa1f0f731a2","level":"INFO","thread":"BftProcessorExecutor-QBFT-0","class":"QbftBesuControllerBuilder","message":"Produced #117 / 0 tx / 0 pending / 0 (0.0%) gas / (0x5a994a54f8e8b256612c2c6a27e633e85e8b61766aaf2e657153b31eedd0878d)","throwable":""}
{"timestamp":"2025-07-11T06:24:08,107","container":"afa1f0f731a2","level":"INFO","thread":"BftProcessorExecutor-QBFT-0","class":"QbftBesuControllerBuilder","message":"Imported #118 / 0 tx / 0 pending / 0 (0.0%) gas / (0x2622a1868b4dd106183e010f1ca541923387fed66e1446a85b88291c24bf70f1)","throwable":""}
{"timestamp":"2025-07-11T06:24:16,024","container":"afa1f0f731a2","level":"INFO","thread":"BftProcessorExecutor-QBFT-0","class":"QbftBesuControllerBuilder","message":"Imported #119 / 0 tx / 0 pending / 0 (0.0%) gas / (0x30ef8d069fa42d33624028e3c67e66e7ab8094477a875fa0f3de5a1b84fee55e)","throwable":""}
{"timestamp":"2025-07-11T06:24:24,027","container":"afa1f0f731a2","level":"INFO","thread":"BftProcessorExecutor-QBFT-0","class":"QbftBesuControllerBuilder","message":"Imported #120 / 0 tx / 0 pending / 0 (0.0%) gas / (0xaa286ba588fa0d3923493a9176caffcd1a9186efd7ea7b6a7392dbb1b005929e)","throwable":""}
{"timestamp":"2025-07-11T06:24:32,027","container":"afa1f0f731a2","level":"INFO","thread":"BftProcessorExecutor-QBFT-0","class":"QbftBesuControllerBuilder","message":"Produced #121 / 0 tx / 0 pending / 0 (0.0%) gas / (0x3f55a8b8991b3212f43455bcc7f30339612712e375d571143ab5e9206224f7ab)","throwable":""}
{"timestamp":"2025-07-11T06:24:40,083","container":"afa1f0f731a2","level":"INFO","thread":"BftProcessorExecutor-QBFT-0","class":"QbftBesuControllerBuilder","message":"Imported #122 / 0 tx / 0 pending / 0 (0.0%) gas / (0x32431c15c188fc3a4c6dc7caf5d4350cc724ea69ddb5a5487fa8cbc45d2ff00a)","throwable":""}
{"timestamp":"2025-07-11T06:24:48,027","container":"afa1f0f731a2","level":"INFO","thread":"BftProcessorExecutor-QBFT-0","class":"QbftBesuControllerBuilder","message":"Imported #123 / 0 tx / 0 pending / 0 (0.0%) gas / (0x5f23499a0d2c8e18d59e98d6844f012b568ae6c16225f3c99359c004ce0e4157)","throwable":""}
{"timestamp":"2025-07-11T06:24:56,025","container":"afa1f0f731a2","level":"INFO","thread":"BftProcessorExecutor-QBFT-0","class":"QbftBesuControllerBuilder","message":"Imported #124 / 0 tx / 0 pending / 0 (0.0%) gas / (0xbd1e0b2cf1a1a7e9c116d33503b0c0128a60cba980873d3404a693e21a09c57d)","throwable":""}
{"timestamp":"2025-07-11T06:25:04,028","container":"afa1f0f731a2","level":"INFO","thread":"BftProcessorExecutor-QBFT-0","class":"QbftBesuControllerBuilder","message":"Produced #125 / 0 tx / 0 pending / 0 (0.0%) gas / (0x6d88da86e2f925f97b919afb8c9e2b0e1ce126f72ca28ca84b5eb112226479c9)","throwable":""}
{"timestamp":"2025-07-11T06:25:12,059","container":"afa1f0f731a2","level":"INFO","thread":"BftProcessorExecutor-QBFT-0","class":"QbftBesuControllerBuilder","message":"Imported #126 / 0 tx / 0 pending / 0 (0.0%) gas / (0xf7b75745e29e186f39dbca782c468d2bb8ee81ec2b532fb7d1303ff32f479801)","throwable":""}
{"timestamp":"2025-07-11T06:25:20,030","container":"afa1f0f731a2","level":"INFO","thread":"BftProcessorExecutor-QBFT-0","class":"QbftBesuControllerBuilder","message":"Imported #127 / 0 tx / 0 pending / 0 (0.0%) gas / (0xe64cca00c4a6644e9c1e4ad510095b71f1531b6e90f919532b930d479b7eebf2)","throwable":""}
{"timestamp":"2025-07-11T06:25:28,040","container":"afa1f0f731a2","level":"INFO","thread":"BftProcessorExecutor-QBFT-0","class":"QbftBesuControllerBuilder","message":"Imported #128 / 0 tx / 0 pending / 0 (0.0%) gas / (0xfb0f45510ac71c9486c88f62a47a35d4ab6248cec7aa6647e39cfe4ee4f81a19)","throwable":""}
{"timestamp":"2025-07-11T06:25:36,024","container":"afa1f0f731a2","level":"INFO","thread":"BftProcessorExecutor-QBFT-0","class":"QbftBesuControllerBuilder","message":"Produced #129 / 0 tx / 0 pending / 0 (0.0%) gas / (0xbf5691729ba5b6ba410261923a751caffd3f9d7d10b33b88a8cce087e532ae61)","throwable":""}
{"timestamp":"2025-07-11T06:25:44,071","container":"afa1f0f731a2","level":"INFO","thread":"BftProcessorExecutor-QBFT-0","class":"QbftBesuControllerBuilder","message":"Imported #130 / 0 tx / 0 pending / 0 (0.0%) gas / (0xf79e2e100d7202590cc1bbf98c48a4fa177e402594a835ad0d2c9c2fbc680f02)","throwable":""}
{"timestamp":"2025-07-11T06:25:52,029","container":"afa1f0f731a2","level":"INFO","thread":"BftProcessorExecutor-QBFT-0","class":"QbftBesuControllerBuilder","message":"Imported #131 / 0 tx / 0 pending / 0 (0.0%) gas / (0xce9a5d8f60308d9ebaa8bc526a59286e425ff67d990585a0753367c16c669a74)","throwable":""}
{"timestamp":"2025-07-11T06:26:00,027","container":"afa1f0f731a2","level":"INFO","thread":"BftProcessorExecutor-QBFT-0","class":"QbftBesuControllerBuilder","message":"Imported #132 / 0 tx / 0 pending / 0 (0.0%) gas / (0x2ceb6416a0284428f38cacf4a46398b73b6782da4984fcf493ea7b11359b23b0)","throwable":""}
{"timestamp":"2025-07-11T06:26:08,024","container":"afa1f0f731a2","level":"INFO","thread":"BftProcessorExecutor-QBFT-0","class":"QbftBesuControllerBuilder","message":"Produced #133 / 0 tx / 0 pending / 0 (0.0%) gas / (0xfe44d4f42ec248de9ad9676bcb926a5c4a3d6e4255e2eb7dc0e7ba492eec4e70)","throwable":""}
{"timestamp":"2025-07-11T06:26:16,033","container":"afa1f0f731a2","level":"INFO","thread":"BftProcessorExecutor-QBFT-0","class":"QbftBesuControllerBuilder","message":"Imported #134 / 0 tx / 0 pending / 0 (0.0%) gas / (0x41b0a29415c9d3a26161fe8951c326a727da94180024ea7c623c38e83522c0a5)","throwable":""}
{"timestamp":"2025-07-11T06:26:24,026","container":"afa1f0f731a2","level":"INFO","thread":"BftProcessorExecutor-QBFT-0","class":"QbftBesuControllerBuilder","message":"Imported #135 / 0 tx / 0 pending / 0 (0.0%) gas / (0x6351ecab998cce5dca6d4f296f76d92d6bacd72199930169f6c6b8d511c96c82)","throwable":""}
{"timestamp":"2025-07-11T06:26:32,019","container":"afa1f0f731a2","level":"INFO","thread":"BftProcessorExecutor-QBFT-0","class":"QbftBesuControllerBuilder","message":"Imported #136 / 0 tx / 0 pending / 0 (0.0%) gas / (0x4c070c37f51a5254ca7e9bb40fe16f78f108327fc44f98699fb6d7c1b1201292)","throwable":""}
{"timestamp":"2025-07-11T06:26:40,017","container":"afa1f0f731a2","level":"INFO","thread":"BftProcessorExecutor-QBFT-0","class":"QbftBesuControllerBuilder","message":"Produced #137 / 0 tx / 0 pending / 0 (0.0%) gas / (0xb54e50c66b4b0d6cc65363f734ebee47eca0804c6fddb9a1cea544806b60ea68)","throwable":""}
{"timestamp":"2025-07-11T06:26:48,034","container":"afa1f0f731a2","level":"INFO","thread":"BftProcessorExecutor-QBFT-0","class":"QbftBesuControllerBuilder","message":"Imported #138 / 0 tx / 0 pending / 0 (0.0%) gas / (0x886d17eb90608e5bcf8bfc01d8b1fbccaba58aa1412181b5abcf61d210a10dcd)","throwable":""}
{"timestamp":"2025-07-11T06:26:56,026","container":"afa1f0f731a2","level":"INFO","thread":"BftProcessorExecutor-QBFT-0","class":"QbftBesuControllerBuilder","message":"Imported #139 / 0 tx / 0 pending / 0 (0.0%) gas / (0xbef2be39919c42bb93c454161a0c9b741de9e3ce7a3994bd3126c8d2f469d63c)","throwable":""}
{"timestamp":"2025-07-11T06:27:04,027","container":"afa1f0f731a2","level":"INFO","thread":"BftProcessorExecutor-QBFT-0","class":"QbftBesuControllerBuilder","message":"Imported #140 / 0 tx / 0 pending / 0 (0.0%) gas / (0x53ee5dd29029dfc068aa76198f8adbc2ffdf971858247c848dbdde0cd79bd1e1)","throwable":""}
{"timestamp":"2025-07-11T06:27:12,027","container":"afa1f0f731a2","level":"INFO","thread":"BftProcessorExecutor-QBFT-0","class":"QbftBesuControllerBuilder","message":"Produced #141 / 0 tx / 0 pending / 0 (0.0%) gas / (0xb8309ae9d4834fa7b9847eaaaf39fa42fe3a90371a213bc505708d5480f503f7)","throwable":""}
{"timestamp":"2025-07-11T06:27:20,034","container":"afa1f0f731a2","level":"INFO","thread":"BftProcessorExecutor-QBFT-0","class":"QbftBesuControllerBuilder","message":"Imported #142 / 0 tx / 0 pending / 0 (0.0%) gas / (0xb9fc32702e987b3aa8558891163bf0e118ca1fc21c72e221bb50f1755ba66dcd)","throwable":""}
{"timestamp":"2025-07-11T06:27:28,030","container":"afa1f0f731a2","level":"INFO","thread":"BftProcessorExecutor-QBFT-0","class":"QbftBesuControllerBuilder","message":"Imported #143 / 0 tx / 0 pending / 0 (0.0%) gas / (0xe7b0d830a4576801b120e618add1bb68a970e26f9ab3e6215ebc0f3143ad2026)","throwable":""}
{"timestamp":"2025-07-11T06:27:36,029","container":"afa1f0f731a2","level":"INFO","thread":"BftProcessorExecutor-QBFT-0","class":"QbftBesuControllerBuilder","message":"Imported #144 / 0 tx / 0 pending / 0 (0.0%) gas / (0x041f769aa95ea90d911e8a0450587610690822c56b6c4c4173f1c56ae1714018)","throwable":""}
{"timestamp":"2025-07-11T06:27:44,026","container":"afa1f0f731a2","level":"INFO","thread":"BftProcessorExecutor-QBFT-0","class":"QbftBesuControllerBuilder","message":"Produced #145 / 0 tx / 0 pending / 0 (0.0%) gas / (0x503f02170ab487cc90321a89f47bd7b8f32cf9047b38d3c912358f3a50cc996e)","throwable":""}
{"timestamp":"2025-07-11T06:27:52,033","container":"afa1f0f731a2","level":"INFO","thread":"BftProcessorExecutor-QBFT-0","class":"QbftBesuControllerBuilder","message":"Imported #146 / 0 tx / 0 pending / 0 (0.0%) gas / (0xf7391b35295006c0c329dcbc500261e50af9f7fd05b643a34970a13b85b42524)","throwable":""}
{"timestamp":"2025-07-11T06:28:00,020","container":"afa1f0f731a2","level":"INFO","thread":"BftProcessorExecutor-QBFT-0","class":"QbftBesuControllerBuilder","message":"Imported #147 / 0 tx / 0 pending / 0 (0.0%) gas / (0x17cad27e05c29d837f2894e70399dbe8dd2160c9f6731588aac9c2763c4ad2f6)","throwable":""}
{"timestamp":"2025-07-11T06:28:08,022","container":"afa1f0f731a2","level":"INFO","thread":"BftProcessorExecutor-QBFT-0","class":"QbftBesuControllerBuilder","message":"Imported #148 / 0 tx / 0 pending / 0 (0.0%) gas / (0x0d8263cd5e7c78be695ccf72ac164f526fec45bb1519b5a11d80ee54f25d9e27)","throwable":""}
{"timestamp":"2025-07-11T06:28:16,023","container":"afa1f0f731a2","level":"INFO","thread":"BftProcessorExecutor-QBFT-0","class":"QbftBesuControllerBuilder","message":"Produced #149 / 0 tx / 0 pending / 0 (0.0%) gas / (0x0f3e12219f00582dea56ec6a6dae1ed269324a40d95424ced8a2db2a373a731b)","throwable":""}
{"timestamp":"2025-07-11T06:28:24,028","container":"afa1f0f731a2","level":"INFO","thread":"BftProcessorExecutor-QBFT-0","class":"QbftBesuControllerBuilder","message":"Imported #150 / 0 tx / 0 pending / 0 (0.0%) gas / (0xfdd2c1680503f59851fea4ba7e8d70d96890269c81845ee5e5094b3b37e36457)","throwable":""}
{"timestamp":"2025-07-11T06:28:32,020","container":"afa1f0f731a2","level":"INFO","thread":"BftProcessorExecutor-QBFT-0","class":"QbftBesuControllerBuilder","message":"Imported #151 / 0 tx / 0 pending / 0 (0.0%) gas / (0x3c966f194ee31789f3f331b8e0428bece7bfa3ef7cbf6792208d57b513d02df2)","throwable":""}
{"timestamp":"2025-07-11T06:28:40,023","container":"afa1f0f731a2","level":"INFO","thread":"BftProcessorExecutor-QBFT-0","class":"QbftBesuControllerBuilder","message":"Imported #152 / 0 tx / 0 pending / 0 (0.0%) gas / (0xe4c47f5929c3a011d53b76f3c5c995b297bfaae533327c85765f97e1c1843575)","throwable":""}
{"timestamp":"2025-07-11T06:28:48,024","container":"afa1f0f731a2","level":"INFO","thread":"BftProcessorExecutor-QBFT-0","class":"QbftBesuControllerBuilder","message":"Produced #153 / 0 tx / 0 pending / 0 (0.0%) gas / (0x8277726d23f1df7e0c17c200e6b03a339cda3030d3d0216fa1d744f2b9e86c96)","throwable":""}
{"timestamp":"2025-07-11T06:28:56,015","container":"afa1f0f731a2","level":"INFO","thread":"BftProcessorExecutor-QBFT-0","class":"QbftBesuControllerBuilder","message":"Imported #154 / 0 tx / 0 pending / 0 (0.0%) gas / (0xb05b85b5d43942d6153f019a3343183b3768b93599de423a2ca235bc39e273ec)","throwable":""}
{"timestamp":"2025-07-11T06:29:04,021","container":"afa1f0f731a2","level":"INFO","thread":"BftProcessorExecutor-QBFT-0","class":"QbftBesuControllerBuilder","message":"Imported #155 / 0 tx / 0 pending / 0 (0.0%) gas / (0x6f75ab1b0f188f05dc784ec618b3504b96f5f65768e47bdf97589de5aaf598c0)","throwable":""}
{"timestamp":"2025-07-11T06:29:12,022","container":"afa1f0f731a2","level":"INFO","thread":"BftProcessorExecutor-QBFT-0","class":"QbftBesuControllerBuilder","message":"Imported #156 / 0 tx / 0 pending / 0 (0.0%) gas / (0xc057e170d33fa57f1d3ae786917148c6582c28209c30004d7b139780640ffce6)","throwable":""}
{"timestamp":"2025-07-11T06:29:20,022","container":"afa1f0f731a2","level":"INFO","thread":"BftProcessorExecutor-QBFT-0","class":"QbftBesuControllerBuilder","message":"Produced #157 / 0 tx / 0 pending / 0 (0.0%) gas / (0x77bf1646c98832061b619bd746b22062cd1df9added29968b22b572093cd1ee0)","throwable":""}
{"timestamp":"2025-07-11T06:29:28,030","container":"afa1f0f731a2","level":"INFO","thread":"BftProcessorExecutor-QBFT-0","class":"QbftBesuControllerBuilder","message":"Imported #158 / 0 tx / 0 pending / 0 (0.0%) gas / (0xab56b6b4ebb798252b025ba4ec704f4455ce6195da87ca9399c5c9f73c9967ba)","throwable":""}
{"timestamp":"2025-07-11T06:29:36,029","container":"afa1f0f731a2","level":"INFO","thread":"BftProcessorExecutor-QBFT-0","class":"QbftBesuControllerBuilder","message":"Imported #159 / 0 tx / 0 pending / 0 (0.0%) gas / (0x2f859ee724b862b421758b584f07a7c519c62d77c5c106e100f01a85fa621e0c)","throwable":""}
{"timestamp":"2025-07-11T06:29:44,022","container":"afa1f0f731a2","level":"INFO","thread":"BftProcessorExecutor-QBFT-0","class":"QbftBesuControllerBuilder","message":"Imported #160 / 0 tx / 0 pending / 0 (0.0%) gas / (0x4177e26bf6c24d88e17204bdba8adf07b97f9498bf0698bb0331e2af41ae55aa)","throwable":""}
{"timestamp":"2025-07-11T06:29:52,025","container":"afa1f0f731a2","level":"INFO","thread":"BftProcessorExecutor-QBFT-0","class":"QbftBesuControllerBuilder","message":"Produced #161 / 0 tx / 0 pending / 0 (0.0%) gas / (0x4ea30f1ec2ac4845423fe3083222431d90f704a199617281a46511b83e1e65a4)","throwable":""}
{"timestamp":"2025-07-11T06:30:00,034","container":"afa1f0f731a2","level":"INFO","thread":"BftProcessorExecutor-QBFT-0","class":"QbftBesuControllerBuilder","message":"Imported #162 / 0 tx / 0 pending / 0 (0.0%) gas / (0x58a11fdce50dddcf06d085bb05e4410f7fda0e1ce5f02cb284c09db1d64f4089)","throwable":""}
{"timestamp":"2025-07-11T06:30:08,020","container":"afa1f0f731a2","level":"INFO","thread":"BftProcessorExecutor-QBFT-0","class":"QbftBesuControllerBuilder","message":"Imported #163 / 0 tx / 0 pending / 0 (0.0%) gas / (0x3edac1fdd4671722e2cfaf8de7baacb1c13e801b31eb9d82afb82b0b6e936ac5)","throwable":""}
{"timestamp":"2025-07-11T06:30:16,019","container":"afa1f0f731a2","level":"INFO","thread":"BftProcessorExecutor-QBFT-0","class":"QbftBesuControllerBuilder","message":"Imported #164 / 0 tx / 0 pending / 0 (0.0%) gas / (0xe8fd2ac376db3afd2326bc5e7ee9aa1e5054eb89279164f5d3cd50b97d4421d5)","throwable":""}
{"timestamp":"2025-07-11T06:30:24,022","container":"afa1f0f731a2","level":"INFO","thread":"BftProcessorExecutor-QBFT-0","class":"QbftBesuControllerBuilder","message":"Produced #165 / 0 tx / 0 pending / 0 (0.0%) gas / (0x288eb6483f14a46f803004e00a248ceeacfc29ee62396b3e7ec46884b675ce89)","throwable":""}
{"timestamp":"2025-07-11T06:30:32,043","container":"afa1f0f731a2","level":"INFO","thread":"BftProcessorExecutor-QBFT-0","class":"QbftBesuControllerBuilder","message":"Imported #166 / 0 tx / 0 pending / 0 (0.0%) gas / (0x356f4a10eea8f9ed5acaee88306e22609e988e468f3af9a76c8abbc582764909)","throwable":""}
{"timestamp":"2025-07-11T06:30:40,015","container":"afa1f0f731a2","level":"INFO","thread":"BftProcessorExecutor-QBFT-0","class":"QbftBesuControllerBuilder","message":"Imported #167 / 0 tx / 0 pending / 0 (0.0%) gas / (0x6b787e1b516d1699dd6dbd58cd6f37ebdc97cd24badcb964de1dd1f0db4031c3)","throwable":""}
{"timestamp":"2025-07-11T06:30:48,030","container":"afa1f0f731a2","level":"INFO","thread":"EthScheduler-Workers-0","class":"PersistBlockTask","message":"Block 168 (0xedc45d0835c2e3558230f707640731a9e7bbb6d9a78ca84031e350c503ebf4c5) is already imported","throwable":""}
{"timestamp":"2025-07-11T06:30:48,031","container":"afa1f0f731a2","level":"INFO","thread":"BftProcessorExecutor-QBFT-0","class":"QbftBesuControllerBuilder","message":"Imported #168 / 0 tx / 0 pending / 0 (0.0%) gas / (0xedc45d0835c2e3558230f707640731a9e7bbb6d9a78ca84031e350c503ebf4c5)","throwable":""}
{"timestamp":"2025-07-11T06:30:56,021","container":"afa1f0f731a2","level":"INFO","thread":"BftProcessorExecutor-QBFT-0","class":"QbftBesuControllerBuilder","message":"Produced #169 / 0 tx / 0 pending / 0 (0.0%) gas / (0xec1f4a7404a70e1873b835793874cbea8140340da2bed8d1eadbe7c4824b7a13)","throwable":""}
{"timestamp":"2025-07-11T06:31:04,039","container":"afa1f0f731a2","level":"INFO","thread":"BftProcessorExecutor-QBFT-0","class":"QbftBesuControllerBuilder","message":"Imported #170 / 0 tx / 0 pending / 0 (0.0%) gas / (0xa7e074c858ec6078d937ae908a8fe64252bc2098a9374286875dd0845c2c3dd2)","throwable":""}
{"timestamp":"2025-07-11T06:31:12,024","container":"afa1f0f731a2","level":"INFO","thread":"BftProcessorExecutor-QBFT-0","class":"QbftBesuControllerBuilder","message":"Imported #171 / 0 tx / 0 pending / 0 (0.0%) gas / (0x52291628af75e168a48d3705e497c9d6bc2d16ffbb9e48e5014472d32e03e117)","throwable":""}
{"timestamp":"2025-07-11T06:31:20,027","container":"afa1f0f731a2","level":"INFO","thread":"BftProcessorExecutor-QBFT-0","class":"QbftBesuControllerBuilder","message":"Imported #172 / 0 tx / 0 pending / 0 (0.0%) gas / (0xc7c1789d2fcafb1805824464be5a39dd8c5b821ccece965dc0c81977c0ceb9b3)","throwable":""}
{"timestamp":"2025-07-11T06:31:28,020","container":"afa1f0f731a2","level":"INFO","thread":"BftProcessorExecutor-QBFT-0","class":"QbftBesuControllerBuilder","message":"Produced #173 / 0 tx / 0 pending / 0 (0.0%) gas / (0xcc6b47a8162ff9afaa191574ebd2285e16165b31688dd1c9526af3fe2ecd66af)","throwable":""}
{"timestamp":"2025-07-11T06:31:36,026","container":"afa1f0f731a2","level":"INFO","thread":"BftProcessorExecutor-QBFT-0","class":"QbftBesuControllerBuilder","message":"Imported #174 / 0 tx / 0 pending / 0 (0.0%) gas / (0xd0d8bd92df7545f90fb694017c9967d38153c9ae5fc8caf0feb4df34baf1c57e)","throwable":""}
{"timestamp":"2025-07-11T06:31:44,028","container":"afa1f0f731a2","level":"INFO","thread":"BftProcessorExecutor-QBFT-0","class":"QbftBesuControllerBuilder","message":"Imported #175 / 0 tx / 0 pending / 0 (0.0%) gas / (0xca544634ac9b7aeabf9ff7a844539d5838abeccc069cc60d657bc532166e1e09)","throwable":""}
{"timestamp":"2025-07-11T06:31:52,035","container":"afa1f0f731a2","level":"INFO","thread":"BftProcessorExecutor-QBFT-0","class":"QbftBesuControllerBuilder","message":"Imported #176 / 0 tx / 0 pending / 0 (0.0%) gas / (0x2d36176463a90b51afbdbf31caab3574f197519f92f5b272e90bef22352ed345)","throwable":""}
{"timestamp":"2025-07-11T06:32:00,024","container":"afa1f0f731a2","level":"INFO","thread":"BftProcessorExecutor-QBFT-0","class":"QbftBesuControllerBuilder","message":"Produced #177 / 0 tx / 0 pending / 0 (0.0%) gas / (0x291989f1b80860bc421b750070d0a1ad1a2573dc5c6fcd6bbc2f6fc0f6bd8f82)","throwable":""}
{"timestamp":"2025-07-11T06:32:08,025","container":"afa1f0f731a2","level":"INFO","thread":"BftProcessorExecutor-QBFT-0","class":"QbftBesuControllerBuilder","message":"Imported #178 / 0 tx / 0 pending / 0 (0.0%) gas / (0x19c9abcb26a691b6b4d5617381bc70c3a5a2ef7980412768b0bebb8ff2deea83)","throwable":""}
{"timestamp":"2025-07-11T06:32:16,023","container":"afa1f0f731a2","level":"INFO","thread":"BftProcessorExecutor-QBFT-0","class":"QbftBesuControllerBuilder","message":"Imported #179 / 0 tx / 0 pending / 0 (0.0%) gas / (0x9b6cf2f960cf84a4a2505968f0d373142d88404996f32de5464ca676faaccb34)","throwable":""}
{"timestamp":"2025-07-11T06:32:24,022","container":"afa1f0f731a2","level":"INFO","thread":"BftProcessorExecutor-QBFT-0","class":"QbftBesuControllerBuilder","message":"Imported #180 / 0 tx / 0 pending / 0 (0.0%) gas / (0xe19fbf2155fc1140a176b702873eb44539ad7abb0482541c1ed4ac95b5530935)","throwable":""}
{"timestamp":"2025-07-11T06:32:32,010","container":"afa1f0f731a2","level":"INFO","thread":"BftProcessorExecutor-QBFT-0","class":"QbftBesuControllerBuilder","message":"Produced #181 / 0 tx / 0 pending / 0 (0.0%) gas / (0x2b1e9534b09382de42ca7ef589b16b8b0c56825501dea5a96ba5d739d5c76060)","throwable":""}
{"timestamp":"2025-07-11T06:32:40,027","container":"afa1f0f731a2","level":"INFO","thread":"BftProcessorExecutor-QBFT-0","class":"QbftBesuControllerBuilder","message":"Imported #182 / 0 tx / 0 pending / 0 (0.0%) gas / (0x8b58aea5ebfbad792fa1ab47beed92a0b1a3ac75080ab89910df71143a08bab6)","throwable":""}
{"timestamp":"2025-07-11T06:32:48,010","container":"afa1f0f731a2","level":"INFO","thread":"BftProcessorExecutor-QBFT-0","class":"QbftBesuControllerBuilder","message":"Imported #183 / 0 tx / 0 pending / 0 (0.0%) gas / (0x2d85c935dc7ea1df8dbf2ad707ed41eded99810493f919d2dcf8dac0ec67ee11)","throwable":""}
{"timestamp":"2025-07-11T06:32:56,020","container":"afa1f0f731a2","level":"INFO","thread":"BftProcessorExecutor-QBFT-0","class":"QbftBesuControllerBuilder","message":"Imported #184 / 0 tx / 0 pending / 0 (0.0%) gas / (0x9e3102d48b036b68a7d4b44786f0aacb0caa0b02deb44cdc12581df9ebc80fce)","throwable":""}
{"timestamp":"2025-07-11T06:33:04,026","container":"afa1f0f731a2","level":"INFO","thread":"BftProcessorExecutor-QBFT-0","class":"QbftBesuControllerBuilder","message":"Produced #185 / 0 tx / 0 pending / 0 (0.0%) gas / (0xdcd9b189dd7aa9ac61c189e95dc4fbc348c7ad6f6a4b21679de493019d19ad6a)","throwable":""}
{"timestamp":"2025-07-11T06:33:12,025","container":"afa1f0f731a2","level":"INFO","thread":"BftProcessorExecutor-QBFT-0","class":"QbftBesuControllerBuilder","message":"Imported #186 / 0 tx / 0 pending / 0 (0.0%) gas / (0x27a8d7eada5a593a52dc64b80bdc151464006f48375dafee74262c67dd0f23f3)","throwable":""}
{"timestamp":"2025-07-11T06:33:20,024","container":"afa1f0f731a2","level":"INFO","thread":"BftProcessorExecutor-QBFT-0","class":"QbftBesuControllerBuilder","message":"Imported #187 / 0 tx / 0 pending / 0 (0.0%) gas / (0xe13317fd739daef0a463cbba025400aa61d8ca5e571371f10aa1bdad6676cd49)","throwable":""}
{"timestamp":"2025-07-11T06:33:28,024","container":"afa1f0f731a2","level":"INFO","thread":"BftProcessorExecutor-QBFT-0","class":"QbftBesuControllerBuilder","message":"Imported #188 / 0 tx / 0 pending / 0 (0.0%) gas / (0x65689aafa403af32d0434305e8abc806ab0984e34b1cd3010a327515207ed0cd)","throwable":""}
{"timestamp":"2025-07-11T06:33:36,025","container":"afa1f0f731a2","level":"INFO","thread":"BftProcessorExecutor-QBFT-0","class":"QbftBesuControllerBuilder","message":"Produced #189 / 0 tx / 0 pending / 0 (0.0%) gas / (0xa25824eaabe03f130efcab252fd6cef6c1be4a545fe5c9526570dfbbe0fd788d)","throwable":""}
{"timestamp":"2025-07-11T06:33:44,015","container":"afa1f0f731a2","level":"INFO","thread":"BftProcessorExecutor-QBFT-0","class":"QbftBesuControllerBuilder","message":"Imported #190 / 0 tx / 0 pending / 0 (0.0%) gas / (0xa3ddcb146457b718d08ee0a3bbff4423fd6f694828365f8bf73d4799c504d899)","throwable":""}
{"timestamp":"2025-07-11T06:33:52,012","container":"afa1f0f731a2","level":"INFO","thread":"BftProcessorExecutor-QBFT-0","class":"QbftBesuControllerBuilder","message":"Imported #191 / 0 tx / 0 pending / 0 (0.0%) gas / (0x34d9f88e5a664c5636c028374e739ae02060ec53ef9757fd69a4d6aef87962e3)","throwable":""}
{"timestamp":"2025-07-11T06:34:00,044","container":"afa1f0f731a2","level":"INFO","thread":"BftProcessorExecutor-QBFT-0","class":"QbftBesuControllerBuilder","message":"Imported #192 / 0 tx / 0 pending / 0 (0.0%) gas / (0x292e65fb862bcc5c32b0ea97ffa303048b8b4acf8062727eb1d63576e3c66b30)","throwable":""}
{"timestamp":"2025-07-11T06:34:08,037","container":"afa1f0f731a2","level":"INFO","thread":"BftProcessorExecutor-QBFT-0","class":"QbftBesuControllerBuilder","message":"Produced #193 / 0 tx / 0 pending / 0 (0.0%) gas / (0x39c2ce28cd7877c45653e03bf7691bd505e6400d83c890b0aeb80051ed734aa6)","throwable":""}
{"timestamp":"2025-07-11T06:34:16,024","container":"afa1f0f731a2","level":"INFO","thread":"BftProcessorExecutor-QBFT-0","class":"QbftBesuControllerBuilder","message":"Imported #194 / 0 tx / 0 pending / 0 (0.0%) gas / (0xb0c03c5dc08f7d86d7708709f9a3281ca2c8ff74a43aa526c42caab28cd9c0bf)","throwable":""}
{"timestamp":"2025-07-11T06:34:24,011","container":"afa1f0f731a2","level":"INFO","thread":"BftProcessorExecutor-QBFT-0","class":"QbftBesuControllerBuilder","message":"Imported #195 / 0 tx / 0 pending / 0 (0.0%) gas / (0x619d09d775dffc7a7577f2dd2869baa38bebae4061724c29f93b760fbcf43afc)","throwable":""}
{"timestamp":"2025-07-11T06:34:32,020","container":"afa1f0f731a2","level":"INFO","thread":"BftProcessorExecutor-QBFT-0","class":"QbftBesuControllerBuilder","message":"Imported #196 / 0 tx / 0 pending / 0 (0.0%) gas / (0xf0bfa1b358dd41bc1b6093344a4a3576e318ca9c94a5fac7c7a6fbcb450a67e2)","throwable":""}
{"timestamp":"2025-07-11T06:34:40,018","container":"afa1f0f731a2","level":"INFO","thread":"BftProcessorExecutor-QBFT-0","class":"QbftBesuControllerBuilder","message":"Produced #197 / 0 tx / 0 pending / 0 (0.0%) gas / (0xd7944a3327e53b6a936f117e56e80cc7be9f6375a81aee8a1bee938c9e58461d)","throwable":""}
{"timestamp":"2025-07-11T06:34:48,028","container":"afa1f0f731a2","level":"INFO","thread":"BftProcessorExecutor-QBFT-0","class":"QbftBesuControllerBuilder","message":"Imported #198 / 0 tx / 0 pending / 0 (0.0%) gas / (0xcae7618bec146b90fbd8df9cd2835edd300afa96e6e84873a3ce1551d657d909)","throwable":""}
{"timestamp":"2025-07-11T06:34:56,027","container":"afa1f0f731a2","level":"INFO","thread":"BftProcessorExecutor-QBFT-0","class":"QbftBesuControllerBuilder","message":"Imported #199 / 0 tx / 0 pending / 0 (0.0%) gas / (0x798e8833e5f43e69995da91379ddd87efbec1c4c08fa18c513b36c797cc5ee47)","throwable":""}
{"timestamp":"2025-07-11T06:35:04,022","container":"afa1f0f731a2","level":"INFO","thread":"BftProcessorExecutor-QBFT-0","class":"QbftBesuControllerBuilder","message":"Imported #200 / 0 tx / 0 pending / 0 (0.0%) gas / (0x34933fe7edf3f3f88035be83182d9465dc487a6bea1014494357426c6524318b)","throwable":""}
{"timestamp":"2025-07-11T06:35:12,024","container":"afa1f0f731a2","level":"INFO","thread":"BftProcessorExecutor-QBFT-0","class":"QbftBesuControllerBuilder","message":"Produced #201 / 0 tx / 0 pending / 0 (0.0%) gas / (0x27ce1dd7261a85580f789f52891b069d77bd94a4ec90e70ba3b900b4518fc835)","throwable":""}
{"timestamp":"2025-07-11T06:35:20,028","container":"afa1f0f731a2","level":"INFO","thread":"BftProcessorExecutor-QBFT-0","class":"QbftBesuControllerBuilder","message":"Imported #202 / 0 tx / 0 pending / 0 (0.0%) gas / (0x50038df1f6f7543a993f7b14389873f336586464d3d6e2ffbe5b79be6b7d4986)","throwable":""}
{"timestamp":"2025-07-11T06:35:28,026","container":"afa1f0f731a2","level":"INFO","thread":"BftProcessorExecutor-QBFT-0","class":"QbftBesuControllerBuilder","message":"Imported #203 / 0 tx / 0 pending / 0 (0.0%) gas / (0x89e65433efbefc92c287a0b28288fc807d6a9a09647352307aca7f994d014465)","throwable":""}
{"timestamp":"2025-07-11T06:35:36,024","container":"afa1f0f731a2","level":"INFO","thread":"BftProcessorExecutor-QBFT-0","class":"QbftBesuControllerBuilder","message":"Imported #204 / 0 tx / 0 pending / 0 (0.0%) gas / (0x4ba8f80b2424caaaa29c67b5024f06b93c3a82952f25873fd726eaa59f37fef1)","throwable":""}
{"timestamp":"2025-07-11T06:35:44,042","container":"afa1f0f731a2","level":"INFO","thread":"BftProcessorExecutor-QBFT-0","class":"QbftBesuControllerBuilder","message":"Produced #205 / 0 tx / 0 pending / 0 (0.0%) gas / (0x67f268f1016437323101a98bc2b781258ed6fc48c8070356c6aa637870b0e11b)","throwable":""}
{"timestamp":"2025-07-11T06:35:52,030","container":"afa1f0f731a2","level":"INFO","thread":"BftProcessorExecutor-QBFT-0","class":"QbftBesuControllerBuilder","message":"Imported #206 / 0 tx / 0 pending / 0 (0.0%) gas / (0x352de3df4096629517b042038e87f42f595e902897fdcaecd5f5710dac99c22c)","throwable":""}
{"timestamp":"2025-07-11T06:36:00,026","container":"afa1f0f731a2","level":"INFO","thread":"BftProcessorExecutor-QBFT-0","class":"QbftBesuControllerBuilder","message":"Imported #207 / 0 tx / 0 pending / 0 (0.0%) gas / (0x2be8c1aa8b7055bfd16b42ff5dbe55cfc8dfc2f41fe4f8eafbff31e85e617d90)","throwable":""}
{"timestamp":"2025-07-11T06:36:08,024","container":"afa1f0f731a2","level":"INFO","thread":"BftProcessorExecutor-QBFT-0","class":"QbftBesuControllerBuilder","message":"Imported #208 / 0 tx / 0 pending / 0 (0.0%) gas / (0x172b75fe0dbe16bc00a22c987a431e6b14b82a429cfe47dfc8767937d7bf18b8)","throwable":""}
{"timestamp":"2025-07-11T06:36:16,024","container":"afa1f0f731a2","level":"INFO","thread":"BftProcessorExecutor-QBFT-0","class":"QbftBesuControllerBuilder","message":"Produced #209 / 0 tx / 0 pending / 0 (0.0%) gas / (0x4efb981cf40e85e6bfb0a771049aedfab76dbc9a3d3ab1028063e01d746db398)","throwable":""}
{"timestamp":"2025-07-11T06:36:24,028","container":"afa1f0f731a2","level":"INFO","thread":"BftProcessorExecutor-QBFT-0","class":"QbftBesuControllerBuilder","message":"Imported #210 / 0 tx / 0 pending / 0 (0.0%) gas / (0x20b2bc5350d6ac46f7658fedd102deff99dcf6a569890993ddd46fc18d491df9)","throwable":""}
{"timestamp":"2025-07-11T06:36:32,020","container":"afa1f0f731a2","level":"INFO","thread":"BftProcessorExecutor-QBFT-0","class":"QbftBesuControllerBuilder","message":"Imported #211 / 0 tx / 0 pending / 0 (0.0%) gas / (0x25b1b1f804f548a1c3e5aeebf561f3469c672843165062941c4bacf66196fcf4)","throwable":""}
{"timestamp":"2025-07-11T06:36:40,020","container":"afa1f0f731a2","level":"INFO","thread":"BftProcessorExecutor-QBFT-0","class":"QbftBesuControllerBuilder","message":"Imported #212 / 0 tx / 0 pending / 0 (0.0%) gas / (0x0f72e345a0c3be712e7ffb7a413aab2d7d261c3e20ae067281e9661dc95d7e0c)","throwable":""}
{"timestamp":"2025-07-11T06:36:48,020","container":"afa1f0f731a2","level":"INFO","thread":"BftProcessorExecutor-QBFT-0","class":"QbftBesuControllerBuilder","message":"Produced #213 / 0 tx / 0 pending / 0 (0.0%) gas / (0xbf651d694e73762137f716af2f1e4a4c0734644123ff4bcca6ecae1fedc11973)","throwable":""}
{"timestamp":"2025-07-11T06:36:56,024","container":"afa1f0f731a2","level":"INFO","thread":"BftProcessorExecutor-QBFT-0","class":"QbftBesuControllerBuilder","message":"Imported #214 / 0 tx / 0 pending / 0 (0.0%) gas / (0x36c7de3ef49081a5fe17e26168be488099c092a5bec9e99bbcee2e13376d74ed)","throwable":""}
{"timestamp":"2025-07-11T06:37:04,016","container":"afa1f0f731a2","level":"INFO","thread":"BftProcessorExecutor-QBFT-0","class":"QbftBesuControllerBuilder","message":"Imported #215 / 0 tx / 0 pending / 0 (0.0%) gas / (0xfc90c4e99c1016075c27137b180e09757b37034164f159e689886968356123d0)","throwable":""}
{"timestamp":"2025-07-11T06:37:12,023","container":"afa1f0f731a2","level":"INFO","thread":"BftProcessorExecutor-QBFT-0","class":"QbftBesuControllerBuilder","message":"Imported #216 / 0 tx / 0 pending / 0 (0.0%) gas / (0x30ffa230d9a1127bba0a523136a6c208348f0379e156c0b1a2ae425187fe452d)","throwable":""}
{"timestamp":"2025-07-11T06:37:20,021","container":"afa1f0f731a2","level":"INFO","thread":"BftProcessorExecutor-QBFT-0","class":"QbftBesuControllerBuilder","message":"Produced #217 / 0 tx / 0 pending / 0 (0.0%) gas / (0xb849e7a3ef79dc8a24db3e1dff4bb5d5e67c99bac130b8bc371c91b23c85d907)","throwable":""}
{"timestamp":"2025-07-11T06:37:28,024","container":"afa1f0f731a2","level":"INFO","thread":"BftProcessorExecutor-QBFT-0","class":"QbftBesuControllerBuilder","message":"Imported #218 / 0 tx / 0 pending / 0 (0.0%) gas / (0x136d0014a97b55cb2562057370332578deef2899e363bedebcd75d4f1d86cced)","throwable":""}
{"timestamp":"2025-07-11T06:37:36,025","container":"afa1f0f731a2","level":"INFO","thread":"BftProcessorExecutor-QBFT-0","class":"QbftBesuControllerBuilder","message":"Imported #219 / 0 tx / 0 pending / 0 (0.0%) gas / (0x55dbaa81d71e9fda414a3d9fc39b122f8e7a5bd72f72a2eeedb2698d8c1e45a5)","throwable":""}
{"timestamp":"2025-07-11T06:37:44,021","container":"afa1f0f731a2","level":"INFO","thread":"BftProcessorExecutor-QBFT-0","class":"QbftBesuControllerBuilder","message":"Imported #220 / 0 tx / 0 pending / 0 (0.0%) gas / (0x7d72ee3b6df19b304270ee59a543527d4be9c4817cf43d3542105a9d28c45168)","throwable":""}
{"timestamp":"2025-07-11T06:37:52,024","container":"afa1f0f731a2","level":"INFO","thread":"BftProcessorExecutor-QBFT-0","class":"QbftBesuControllerBuilder","message":"Produced #221 / 0 tx / 0 pending / 0 (0.0%) gas / (0x9d5b9dab7bb50f9113f1b763e5c1ef3fe72e15ae9aca620919de934fb2d8aa88)","throwable":""}
{"timestamp":"2025-07-11T06:38:00,015","container":"afa1f0f731a2","level":"INFO","thread":"BftProcessorExecutor-QBFT-0","class":"QbftBesuControllerBuilder","message":"Imported #222 / 0 tx / 0 pending / 0 (0.0%) gas / (0x3b6e5a520be57a5308dc8448960021e8251b172779d5c4d46e5805db9dadfe8d)","throwable":""}
{"timestamp":"2025-07-11T06:38:08,025","container":"afa1f0f731a2","level":"INFO","thread":"BftProcessorExecutor-QBFT-0","class":"QbftBesuControllerBuilder","message":"Imported #223 / 0 tx / 0 pending / 0 (0.0%) gas / (0x2e6549936d14770f0f8c14acd55ef6cced7e161f6ae61fbe80de2a9516d40def)","throwable":""}
{"timestamp":"2025-07-11T06:38:16,029","container":"afa1f0f731a2","level":"INFO","thread":"BftProcessorExecutor-QBFT-0","class":"QbftBesuControllerBuilder","message":"Imported #224 / 0 tx / 0 pending / 0 (0.0%) gas / (0x6dc140d253e73e770923d99523df8d58792aad25bec71ad4b8f8404080799ef8)","throwable":""}
{"timestamp":"2025-07-11T06:38:24,020","container":"afa1f0f731a2","level":"INFO","thread":"BftProcessorExecutor-QBFT-0","class":"QbftBesuControllerBuilder","message":"Produced #225 / 0 tx / 0 pending / 0 (0.0%) gas / (0x9146e46ca00fcb000d338bd6460327a82f5bb23bcb563bd173ee655c94cd0277)","throwable":""}
{"timestamp":"2025-07-11T06:38:32,023","container":"afa1f0f731a2","level":"INFO","thread":"BftProcessorExecutor-QBFT-0","class":"QbftBesuControllerBuilder","message":"Imported #226 / 0 tx / 0 pending / 0 (0.0%) gas / (0x87ba25b6a058a9b0f72c90d4ac1d588244e319fad1eb6ec3faa421cc55218fa7)","throwable":""}
{"timestamp":"2025-07-11T06:38:40,024","container":"afa1f0f731a2","level":"INFO","thread":"BftProcessorExecutor-QBFT-0","class":"QbftBesuControllerBuilder","message":"Imported #227 / 0 tx / 0 pending / 0 (0.0%) gas / (0x59100ca1c9d8f58e810846db9f2808c310337531a2b07220e32937d5af7eaf77)","throwable":""}
{"timestamp":"2025-07-11T06:38:48,019","container":"afa1f0f731a2","level":"INFO","thread":"BftProcessorExecutor-QBFT-0","class":"QbftBesuControllerBuilder","message":"Imported #228 / 0 tx / 0 pending / 0 (0.0%) gas / (0x8ea47a4c5353209305c94b1b3b64f8dfa0964871002f3626313ba0b414d24356)","throwable":""}
{"timestamp":"2025-07-11T06:38:56,022","container":"afa1f0f731a2","level":"INFO","thread":"BftProcessorExecutor-QBFT-0","class":"QbftBesuControllerBuilder","message":"Produced #229 / 0 tx / 0 pending / 0 (0.0%) gas / (0xb19c53ca42a564d2e30d94ab89ce4e0a9fa62bc5134d3fb45ed95d37d6c60c27)","throwable":""}
{"timestamp":"2025-07-11T06:39:04,020","container":"afa1f0f731a2","level":"INFO","thread":"BftProcessorExecutor-QBFT-0","class":"QbftBesuControllerBuilder","message":"Imported #230 / 0 tx / 0 pending / 0 (0.0%) gas / (0x9b192a872e706bf9d18177a05a023597fe4f397f86e2e0c878fa25adafce74e8)","throwable":""}
{"timestamp":"2025-07-11T06:39:12,027","container":"afa1f0f731a2","level":"INFO","thread":"BftProcessorExecutor-QBFT-0","class":"QbftBesuControllerBuilder","message":"Imported #231 / 0 tx / 0 pending / 0 (0.0%) gas / (0xebf2b057c683d90ea6e2e3cb063fe92e977a36463086bc30dc81182e9fab271d)","throwable":""}
{"timestamp":"2025-07-11T06:39:20,032","container":"afa1f0f731a2","level":"INFO","thread":"EthScheduler-Workers-0","class":"PersistBlockTask","message":"Block 232 (0x63c66375d9e8142f5e12a7cb1ad268911ed8f624475e89df25d880cc9fbb85d6) is already imported","throwable":""}
{"timestamp":"2025-07-11T06:39:20,034","container":"afa1f0f731a2","level":"INFO","thread":"BftProcessorExecutor-QBFT-0","class":"QbftBesuControllerBuilder","message":"Imported #232 / 0 tx / 0 pending / 0 (0.0%) gas / (0x63c66375d9e8142f5e12a7cb1ad268911ed8f624475e89df25d880cc9fbb85d6)","throwable":""}
{"timestamp":"2025-07-11T06:39:28,023","container":"afa1f0f731a2","level":"INFO","thread":"BftProcessorExecutor-QBFT-0","class":"QbftBesuControllerBuilder","message":"Produced #233 / 0 tx / 0 pending / 0 (0.0%) gas / (0xda85d8c3bcdc8ef8486837f5716470be76bff3062c217322c34bc8bbd268e37f)","throwable":""}
{"timestamp":"2025-07-11T06:39:36,052","container":"afa1f0f731a2","level":"INFO","thread":"BftProcessorExecutor-QBFT-0","class":"QbftBesuControllerBuilder","message":"Imported #234 / 0 tx / 0 pending / 0 (0.0%) gas / (0x058a455b43ca256651cb597d3a1834aa3e12e5eea869bf7f8ebc84ec2921f977)","throwable":""}
{"timestamp":"2025-07-11T06:39:44,019","container":"afa1f0f731a2","level":"INFO","thread":"BftProcessorExecutor-QBFT-0","class":"QbftBesuControllerBuilder","message":"Imported #235 / 0 tx / 0 pending / 0 (0.0%) gas / (0x995d3ebc6f1eb5c68c0dcefe67b792b10726ec6c8969e80ac76f34a6242aa90d)","throwable":""}
{"timestamp":"2025-07-11T06:39:52,020","container":"afa1f0f731a2","level":"INFO","thread":"BftProcessorExecutor-QBFT-0","class":"QbftBesuControllerBuilder","message":"Imported #236 / 0 tx / 0 pending / 0 (0.0%) gas / (0x7104aa232e573028771ddd7f3abc868905a823e9a8f4a4a466f4769dad1968bc)","throwable":""}
{"timestamp":"2025-07-11T06:40:00,027","container":"afa1f0f731a2","level":"INFO","thread":"BftProcessorExecutor-QBFT-0","class":"QbftBesuControllerBuilder","message":"Produced #237 / 0 tx / 0 pending / 0 (0.0%) gas / (0x226d1ad9b97092ae054d5ab901ba48e1c6645c8b9b72d2649acff04a7fcd63ac)","throwable":""}
{"timestamp":"2025-07-11T06:40:08,023","container":"afa1f0f731a2","level":"INFO","thread":"BftProcessorExecutor-QBFT-0","class":"QbftBesuControllerBuilder","message":"Imported #238 / 0 tx / 0 pending / 0 (0.0%) gas / (0x2ac1e4f63e121df9cceb4c0066c7eb033f64e3a893e6c7dbaed0a26633f6cb5f)","throwable":""}
{"timestamp":"2025-07-11T06:40:16,019","container":"afa1f0f731a2","level":"INFO","thread":"BftProcessorExecutor-QBFT-0","class":"QbftBesuControllerBuilder","message":"Imported #239 / 0 tx / 0 pending / 0 (0.0%) gas / (0xace370fc55dcf63cc7d023f85a43c8cf10e5714df0f4cd1cb46479a19f977037)","throwable":""}
{"timestamp":"2025-07-11T06:40:24,019","container":"afa1f0f731a2","level":"INFO","thread":"BftProcessorExecutor-QBFT-0","class":"QbftBesuControllerBuilder","message":"Imported #240 / 0 tx / 0 pending / 0 (0.0%) gas / (0xfc6ce87ab116f6629a306e65fd0cb4578083e146d53772a0bcb82d48dd922d53)","throwable":""}
{"timestamp":"2025-07-11T06:40:32,020","container":"afa1f0f731a2","level":"INFO","thread":"BftProcessorExecutor-QBFT-0","class":"QbftBesuControllerBuilder","message":"Produced #241 / 0 tx / 0 pending / 0 (0.0%) gas / (0x032b99ecf9ce2408bf28251c287bc304d82218cf1cca2766a0e305bd4111a411)","throwable":""}
{"timestamp":"2025-07-11T06:40:40,030","container":"afa1f0f731a2","level":"INFO","thread":"BftProcessorExecutor-QBFT-0","class":"QbftBesuControllerBuilder","message":"Imported #242 / 0 tx / 0 pending / 0 (0.0%) gas / (0xa38e75dffb7aaf26da38e521e2c5bb3071287aaa69cd28f0c58d9a1862de6971)","throwable":""}
{"timestamp":"2025-07-11T06:40:48,019","container":"afa1f0f731a2","level":"INFO","thread":"BftProcessorExecutor-QBFT-0","class":"QbftBesuControllerBuilder","message":"Imported #243 / 0 tx / 0 pending / 0 (0.0%) gas / (0xf32ee3e38280763fb9680cbf9332c390267dbf02b30740b714a20710210d2aa3)","throwable":""}
{"timestamp":"2025-07-11T06:40:56,021","container":"afa1f0f731a2","level":"INFO","thread":"BftProcessorExecutor-QBFT-0","class":"QbftBesuControllerBuilder","message":"Imported #244 / 0 tx / 0 pending / 0 (0.0%) gas / (0xbf9c54d1c8d532af8a3da1796e2f2c527dcc4b971c2f68b5355bd4669c9846c4)","throwable":""}
{"timestamp":"2025-07-11T06:41:04,023","container":"afa1f0f731a2","level":"INFO","thread":"BftProcessorExecutor-QBFT-0","class":"QbftBesuControllerBuilder","message":"Produced #245 / 0 tx / 0 pending / 0 (0.0%) gas / (0x02f88b72a8ec5b398f6808bc0c5e9ea4ce8aec01d8935bead85bdedbb84c2c72)","throwable":""}
{"timestamp":"2025-07-11T06:41:12,024","container":"afa1f0f731a2","level":"INFO","thread":"BftProcessorExecutor-QBFT-0","class":"QbftBesuControllerBuilder","message":"Imported #246 / 0 tx / 0 pending / 0 (0.0%) gas / (0x35392db7e821d49ccbce3703847de3674d91f7dfdda2ec247282d8b799dfd47c)","throwable":""}
{"timestamp":"2025-07-11T06:41:20,027","container":"afa1f0f731a2","level":"INFO","thread":"BftProcessorExecutor-QBFT-0","class":"QbftBesuControllerBuilder","message":"Imported #247 / 0 tx / 0 pending / 0 (0.0%) gas / (0x534d39839b6b24df7152542d63ca9296d0cf9ad048b19863660069d4b04c1aca)","throwable":""}
{"timestamp":"2025-07-11T06:41:28,026","container":"afa1f0f731a2","level":"INFO","thread":"BftProcessorExecutor-QBFT-0","class":"QbftBesuControllerBuilder","message":"Imported #248 / 0 tx / 0 pending / 0 (0.0%) gas / (0xfb25df0d096b125a2fdd4632c3f6b7617ca2435d007792e11c7f7523746af0aa)","throwable":""}
{"timestamp":"2025-07-11T06:41:36,024","container":"afa1f0f731a2","level":"INFO","thread":"BftProcessorExecutor-QBFT-0","class":"QbftBesuControllerBuilder","message":"Produced #249 / 0 tx / 0 pending / 0 (0.0%) gas / (0x2234c0df6f22efc121c52ee1f839d6d44ab9535ce77d25eec09daf4599000e71)","throwable":""}
{"timestamp":"2025-07-11T06:41:44,024","container":"afa1f0f731a2","level":"INFO","thread":"BftProcessorExecutor-QBFT-0","class":"QbftBesuControllerBuilder","message":"Imported #250 / 0 tx / 0 pending / 0 (0.0%) gas / (0xfecd7d3273581929486ccc2e42bce96968d3b772ec141d22b1712efa85cff7cd)","throwable":""}
{"timestamp":"2025-07-11T06:41:52,019","container":"afa1f0f731a2","level":"INFO","thread":"BftProcessorExecutor-QBFT-0","class":"QbftBesuControllerBuilder","message":"Imported #251 / 0 tx / 0 pending / 0 (0.0%) gas / (0x183b7888ad28d54cf1568b3bbfa456fca50acbbff40e9489a2d3003ef2b937c3)","throwable":""}
{"timestamp":"2025-07-11T06:42:00,028","container":"afa1f0f731a2","level":"INFO","thread":"BftProcessorExecutor-QBFT-0","class":"QbftBesuControllerBuilder","message":"Imported #252 / 0 tx / 0 pending / 0 (0.0%) gas / (0x7c9f2e5899e73d220334cd4fa6ab7694c30a1338908ed656280836a26ef0eab3)","throwable":""}
{"timestamp":"2025-07-11T06:42:08,022","container":"afa1f0f731a2","level":"INFO","thread":"BftProcessorExecutor-QBFT-0","class":"QbftBesuControllerBuilder","message":"Produced #253 / 0 tx / 0 pending / 0 (0.0%) gas / (0x1cee032f1434b5ce8aaa0182901a9cb9d53cc3789c91a6a5fe51a974500fa069)","throwable":""}
{"timestamp":"2025-07-11T06:42:16,027","container":"afa1f0f731a2","level":"INFO","thread":"BftProcessorExecutor-QBFT-0","class":"QbftBesuControllerBuilder","message":"Imported #254 / 0 tx / 0 pending / 0 (0.0%) gas / (0x52d6aa7002c8c6f627e12a54218a644419d5ce542b1c9be0940ce72d951bf04c)","throwable":""}
{"timestamp":"2025-07-11T06:42:24,025","container":"afa1f0f731a2","level":"INFO","thread":"BftProcessorExecutor-QBFT-0","class":"QbftBesuControllerBuilder","message":"Imported #255 / 0 tx / 0 pending / 0 (0.0%) gas / (0xdc79b2bc892ec3bd6b02f534885f2b6a85198c02cccdc43e824d47632fb964ab)","throwable":""}
{"timestamp":"2025-07-11T06:42:32,030","container":"afa1f0f731a2","level":"INFO","thread":"BftProcessorExecutor-QBFT-0","class":"QbftBesuControllerBuilder","message":"Imported #256 / 0 tx / 0 pending / 0 (0.0%) gas / (0xd33f5cf2e9b3c90a50640bbe5c86d7d725296ab668115ff59bcc9799a59d6de9)","throwable":""}
{"timestamp":"2025-07-11T06:42:40,022","container":"afa1f0f731a2","level":"INFO","thread":"BftProcessorExecutor-QBFT-0","class":"QbftBesuControllerBuilder","message":"Produced #257 / 0 tx / 0 pending / 0 (0.0%) gas / (0x6761a3dd00ff093034c0dd4b05d461f3c787ff3a6e45165baddf8f41b9e83781)","throwable":""}
{"timestamp":"2025-07-11T06:42:48,044","container":"afa1f0f731a2","level":"INFO","thread":"BftProcessorExecutor-QBFT-0","class":"QbftBesuControllerBuilder","message":"Imported #258 / 0 tx / 0 pending / 0 (0.0%) gas / (0xf683cd22ab7a2b6b6fbd08c7e0da8a930bdbc199c15c3967837b2ceccbb314ae)","throwable":""}
{"timestamp":"2025-07-11T06:42:56,023","container":"afa1f0f731a2","level":"INFO","thread":"BftProcessorExecutor-QBFT-0","class":"QbftBesuControllerBuilder","message":"Imported #259 / 0 tx / 0 pending / 0 (0.0%) gas / (0xb25a4da3bbea93889921d7fd2688e818b5cef8e5b2202186b21aed492332de63)","throwable":""}
{"timestamp":"2025-07-11T06:43:04,016","container":"afa1f0f731a2","level":"INFO","thread":"BftProcessorExecutor-QBFT-0","class":"QbftBesuControllerBuilder","message":"Imported #260 / 0 tx / 0 pending / 0 (0.0%) gas / (0x70cbd78109d485217a457e5f7dd5320e56272b5b078313f6b293b25ca515d9c3)","throwable":""}
{"timestamp":"2025-07-11T06:43:12,023","container":"afa1f0f731a2","level":"INFO","thread":"BftProcessorExecutor-QBFT-0","class":"QbftBesuControllerBuilder","message":"Produced #261 / 0 tx / 0 pending / 0 (0.0%) gas / (0x6e1661cf4b9af818bf35c960cb704f940b4415cf4eb10f2572ca13973c11d2b5)","throwable":""}
{"timestamp":"2025-07-11T06:43:20,026","container":"afa1f0f731a2","level":"INFO","thread":"BftProcessorExecutor-QBFT-0","class":"QbftBesuControllerBuilder","message":"Imported #262 / 0 tx / 0 pending / 0 (0.0%) gas / (0x205523fa4365c1d5165b546b873be8cea68b8dd5dc662cd842d7929f9af81793)","throwable":""}
{"timestamp":"2025-07-11T06:43:28,019","container":"afa1f0f731a2","level":"INFO","thread":"BftProcessorExecutor-QBFT-0","class":"QbftBesuControllerBuilder","message":"Imported #263 / 0 tx / 0 pending / 0 (0.0%) gas / (0x7f16ef6b277cf59c040f1ee5d63acb143a2d608d260c1adb14fea598beadb3de)","throwable":""}
{"timestamp":"2025-07-11T06:43:36,035","container":"afa1f0f731a2","level":"INFO","thread":"EthScheduler-Workers-0","class":"PersistBlockTask","message":"Block 264 (0x8175149b8ad86e1f5d2afa59b4fa5f2cb43cb67c69614450820bb1e6a0707545) is already imported","throwable":""}
{"timestamp":"2025-07-11T06:43:36,036","container":"afa1f0f731a2","level":"INFO","thread":"BftProcessorExecutor-QBFT-0","class":"QbftBesuControllerBuilder","message":"Imported #264 / 0 tx / 0 pending / 0 (0.0%) gas / (0x8175149b8ad86e1f5d2afa59b4fa5f2cb43cb67c69614450820bb1e6a0707545)","throwable":""}
{"timestamp":"2025-07-11T06:43:44,021","container":"afa1f0f731a2","level":"INFO","thread":"BftProcessorExecutor-QBFT-0","class":"QbftBesuControllerBuilder","message":"Produced #265 / 0 tx / 0 pending / 0 (0.0%) gas / (0xa8838b7324fc2aa8147d8164c21841c8dc1c9e1f67f56b59f102882899b935cf)","throwable":""}
{"timestamp":"2025-07-11T06:43:52,022","container":"afa1f0f731a2","level":"INFO","thread":"BftProcessorExecutor-QBFT-0","class":"QbftBesuControllerBuilder","message":"Imported #266 / 0 tx / 0 pending / 0 (0.0%) gas / (0x1b26348e4649d90df9e5afcbd1724d9f62c0a3d4b63c6d58269d5f711d3d92f7)","throwable":""}
{"timestamp":"2025-07-11T06:44:00,025","container":"afa1f0f731a2","level":"INFO","thread":"BftProcessorExecutor-QBFT-0","class":"QbftBesuControllerBuilder","message":"Imported #267 / 0 tx / 0 pending / 0 (0.0%) gas / (0x806a374a1f6e2813f90d3faae03fdec3230229472892b999400d3cf19932035e)","throwable":""}
{"timestamp":"2025-07-11T06:44:08,024","container":"afa1f0f731a2","level":"INFO","thread":"BftProcessorExecutor-QBFT-0","class":"QbftBesuControllerBuilder","message":"Imported #268 / 0 tx / 0 pending / 0 (0.0%) gas / (0xc2d0e307c5895b6f9e656971de0ae385b2934b38a01385e1973c7002279a8f87)","throwable":""}
{"timestamp":"2025-07-11T06:44:16,023","container":"afa1f0f731a2","level":"INFO","thread":"BftProcessorExecutor-QBFT-0","class":"QbftBesuControllerBuilder","message":"Produced #269 / 0 tx / 0 pending / 0 (0.0%) gas / (0x1fb0b80599039fcae6f7e243790e62c905797eb6d4d7a914a378a007898918fd)","throwable":""}
{"timestamp":"2025-07-11T06:44:24,025","container":"afa1f0f731a2","level":"INFO","thread":"BftProcessorExecutor-QBFT-0","class":"QbftBesuControllerBuilder","message":"Imported #270 / 0 tx / 0 pending / 0 (0.0%) gas / (0xb844ff3efd20fa6ca98edb208a00dd43488b72e198e2fbc871595f2d8278394d)","throwable":""}
{"timestamp":"2025-07-11T06:44:32,020","container":"afa1f0f731a2","level":"INFO","thread":"BftProcessorExecutor-QBFT-0","class":"QbftBesuControllerBuilder","message":"Imported #271 / 0 tx / 0 pending / 0 (0.0%) gas / (0x395d00d1d339c3b92bd0609137d052c4aac3c6955e222e82d01f4db0284fa2e5)","throwable":""}
{"timestamp":"2025-07-11T06:44:40,021","container":"afa1f0f731a2","level":"INFO","thread":"BftProcessorExecutor-QBFT-0","class":"QbftBesuControllerBuilder","message":"Imported #272 / 0 tx / 0 pending / 0 (0.0%) gas / (0xb6df82a40a27cd02440b995a17e656f73119b785e40e276bd74caac973138e95)","throwable":""}
{"timestamp":"2025-07-11T06:44:48,021","container":"afa1f0f731a2","level":"INFO","thread":"BftProcessorExecutor-QBFT-0","class":"QbftBesuControllerBuilder","message":"Produced #273 / 0 tx / 0 pending / 0 (0.0%) gas / (0x9464acfca2900503645787853883569ad9e1409bb822d4105c5666770cb3f4c4)","throwable":""}
{"timestamp":"2025-07-11T06:44:56,026","container":"afa1f0f731a2","level":"INFO","thread":"EthScheduler-Workers-0","class":"PersistBlockTask","message":"Imported #274 / 0 tx / 0 om / 0 (0.0%) gas / (0x950c3887f90c333fdc3f9930a47930da6fc5efd7dc19e7754136ac51a4eed864) in 0.002s. Peers: 3","throwable":""}
{"timestamp":"2025-07-11T06:44:56,026","container":"afa1f0f731a2","level":"INFO","thread":"BftProcessorExecutor-QBFT-0","class":"QbftBesuControllerBuilder","message":"Imported #274 / 0 tx / 0 pending / 0 (0.0%) gas / (0x950c3887f90c333fdc3f9930a47930da6fc5efd7dc19e7754136ac51a4eed864)","throwable":""}
{"timestamp":"2025-07-11T06:45:04,024","container":"afa1f0f731a2","level":"INFO","thread":"BftProcessorExecutor-QBFT-0","class":"QbftBesuControllerBuilder","message":"Imported #275 / 0 tx / 0 pending / 0 (0.0%) gas / (0x9dfe5cf0f6daf34119149d49cef8d78002de158d56c04b99eac4019afae37b43)","throwable":""}
{"timestamp":"2025-07-11T06:45:12,022","container":"afa1f0f731a2","level":"INFO","thread":"BftProcessorExecutor-QBFT-0","class":"QbftBesuControllerBuilder","message":"Imported #276 / 0 tx / 0 pending / 0 (0.0%) gas / (0x0ef6f87e255a217acfb990734a80ff606f99db0c8d34a4250adeb79770be7431)","throwable":""}
{"timestamp":"2025-07-11T06:45:20,026","container":"afa1f0f731a2","level":"INFO","thread":"BftProcessorExecutor-QBFT-0","class":"QbftBesuControllerBuilder","message":"Produced #277 / 0 tx / 0 pending / 0 (0.0%) gas / (0xf0065c051b9b4f5ddaa9cdb473892c8f3b9b51c34c2b45b8520470e32cfb48cd)","throwable":""}
{"timestamp":"2025-07-11T06:45:28,023","container":"afa1f0f731a2","level":"INFO","thread":"BftProcessorExecutor-QBFT-0","class":"QbftBesuControllerBuilder","message":"Imported #278 / 0 tx / 0 pending / 0 (0.0%) gas / (0xcd0854a1dda9e06f5cb31e488ee00a587679311b2d17232ee0ae141fb94e4065)","throwable":""}
{"timestamp":"2025-07-11T06:45:36,022","container":"afa1f0f731a2","level":"INFO","thread":"BftProcessorExecutor-QBFT-0","class":"QbftBesuControllerBuilder","message":"Imported #279 / 0 tx / 0 pending / 0 (0.0%) gas / (0x908bb19942bc11c2a0de968f1037451842ab62dca35ebcbacb7bdb60ee4143c0)","throwable":""}
{"timestamp":"2025-07-11T06:45:44,021","container":"afa1f0f731a2","level":"INFO","thread":"BftProcessorExecutor-QBFT-0","class":"QbftBesuControllerBuilder","message":"Imported #280 / 0 tx / 0 pending / 0 (0.0%) gas / (0x8641757e757c87aec647569cb1e0e2cefd79e1ee21044662cde43d6594381b0d)","throwable":""}
{"timestamp":"2025-07-11T06:45:52,014","container":"afa1f0f731a2","level":"INFO","thread":"BftProcessorExecutor-QBFT-0","class":"QbftBesuControllerBuilder","message":"Produced #281 / 1 tx / 0 pending / 296,480 (0.0%) gas / (0x7888ed00240a4e89ec5d73cd19797ad0eb2286b0ad3064a12b7f5c29964f3864)","throwable":""}
{"timestamp":"2025-07-11T06:46:00,031","container":"afa1f0f731a2","level":"INFO","thread":"BftProcessorExecutor-QBFT-0","class":"QbftBesuControllerBuilder","message":"Imported #282 / 1 tx / 0 pending / 5,000,000 (0.0%) gas / (0xa5472ac49bf4a2841c65f3d73077f1cdd25dc557a723aff0a01a1d1b53e9c2bd)","throwable":""}
{"timestamp":"2025-07-11T06:46:08,023","container":"afa1f0f731a2","level":"INFO","thread":"BftProcessorExecutor-QBFT-0","class":"QbftBesuControllerBuilder","message":"Imported #283 / 0 tx / 0 pending / 0 (0.0%) gas / (0xb1ac5dccc0b7ae342127ded4051c263be533b6d3e937f43ec895fc276a6df251)","throwable":""}
{"timestamp":"2025-07-11T06:46:16,021","container":"afa1f0f731a2","level":"INFO","thread":"BftProcessorExecutor-QBFT-0","class":"QbftBesuControllerBuilder","message":"Imported #284 / 0 tx / 0 pending / 0 (0.0%) gas / (0x3cdb87257fce96ddeab865dba4c19bb12ca6a51358d2a12394db7b1d6f61cd2e)","throwable":""}
{"timestamp":"2025-07-11T06:46:24,017","container":"afa1f0f731a2","level":"INFO","thread":"BftProcessorExecutor-QBFT-0","class":"QbftBesuControllerBuilder","message":"Produced #285 / 0 tx / 0 pending / 0 (0.0%) gas / (0xd2a4eea4f92ef36af83c37df6e85dbb932afe19555140c42a4b02a2c7d8aaa72)","throwable":""}
{"timestamp":"2025-07-11T06:46:32,030","container":"afa1f0f731a2","level":"INFO","thread":"BftProcessorExecutor-QBFT-0","class":"QbftBesuControllerBuilder","message":"Imported #286 / 0 tx / 0 pending / 0 (0.0%) gas / (0xca75742cf852684534053fd69bc12ce5596904c267b621b676b8cbcc36e80744)","throwable":""}
{"timestamp":"2025-07-11T06:46:40,019","container":"afa1f0f731a2","level":"INFO","thread":"BftProcessorExecutor-QBFT-0","class":"QbftBesuControllerBuilder","message":"Imported #287 / 0 tx / 0 pending / 0 (0.0%) gas / (0xcb1d21bfd38af852901bead338f07598ec639f8afdee708d4786c96da9c753f5)","throwable":""}
{"timestamp":"2025-07-11T06:46:48,019","container":"afa1f0f731a2","level":"INFO","thread":"BftProcessorExecutor-QBFT-0","class":"QbftBesuControllerBuilder","message":"Imported #288 / 0 tx / 0 pending / 0 (0.0%) gas / (0x85461dfa23f4bd158afb902403ae699b563b0fef408709d50601ea2776bf4b2f)","throwable":""}
{"timestamp":"2025-07-11T06:46:56,018","container":"afa1f0f731a2","level":"INFO","thread":"BftProcessorExecutor-QBFT-0","class":"QbftBesuControllerBuilder","message":"Produced #289 / 0 tx / 0 pending / 0 (0.0%) gas / (0x15bcdd9db48388d4a581da8a97d03996fda9a11b7b473f01535da2912b180f57)","throwable":""}
{"timestamp":"2025-07-11T06:47:04,029","container":"afa1f0f731a2","level":"INFO","thread":"BftProcessorExecutor-QBFT-0","class":"QbftBesuControllerBuilder","message":"Imported #290 / 0 tx / 0 pending / 0 (0.0%) gas / (0xef24bfcb389da288300ec08eccdf845b2e5c3c075904528a62ff559e18db5403)","throwable":""}
{"timestamp":"2025-07-11T06:47:12,021","container":"afa1f0f731a2","level":"INFO","thread":"BftProcessorExecutor-QBFT-0","class":"QbftBesuControllerBuilder","message":"Imported #291 / 0 tx / 0 pending / 0 (0.0%) gas / (0x1854ac072dcaf21c8b2ced353d8a34e34c8a643a9cbd1a8ecc6ab14ab70000d6)","throwable":""}
{"timestamp":"2025-07-11T06:47:20,026","container":"afa1f0f731a2","level":"INFO","thread":"BftProcessorExecutor-QBFT-0","class":"QbftBesuControllerBuilder","message":"Imported #292 / 0 tx / 0 pending / 0 (0.0%) gas / (0xfad3cf1d18a2730a4f658180fbb8ab7a024abc6b9faae861e64186fdb92e2ebb)","throwable":""}
{"timestamp":"2025-07-11T06:47:28,024","container":"afa1f0f731a2","level":"INFO","thread":"BftProcessorExecutor-QBFT-0","class":"QbftBesuControllerBuilder","message":"Produced #293 / 0 tx / 0 pending / 0 (0.0%) gas / (0xf96803c13ed105e34188240833abb6659c4253d6f58524e1b71649abcb6f2445)","throwable":""}
{"timestamp":"2025-07-11T06:47:36,031","container":"afa1f0f731a2","level":"INFO","thread":"BftProcessorExecutor-QBFT-0","class":"QbftBesuControllerBuilder","message":"Imported #294 / 0 tx / 0 pending / 0 (0.0%) gas / (0xe81cae8488d4cc972cadebc9e158731b7f016ac99f624628544127d8402015d9)","throwable":""}
{"timestamp":"2025-07-11T06:47:44,021","container":"afa1f0f731a2","level":"INFO","thread":"BftProcessorExecutor-QBFT-0","class":"QbftBesuControllerBuilder","message":"Imported #295 / 0 tx / 0 pending / 0 (0.0%) gas / (0xfbe6dd004436003ef18f4d55afe26c0dac346abc84bb206d5e8080f07b66b562)","throwable":""}
{"timestamp":"2025-07-11T06:47:52,019","container":"afa1f0f731a2","level":"INFO","thread":"BftProcessorExecutor-QBFT-0","class":"QbftBesuControllerBuilder","message":"Imported #296 / 0 tx / 0 pending / 0 (0.0%) gas / (0xfefb2c7544dc637bc26738d405631d83a773c02464165ddb0bb9f6ef527639e2)","throwable":""}
{"timestamp":"2025-07-11T06:48:00,023","container":"afa1f0f731a2","level":"INFO","thread":"BftProcessorExecutor-QBFT-0","class":"QbftBesuControllerBuilder","message":"Produced #297 / 0 tx / 0 pending / 0 (0.0%) gas / (0x1b4167c89e493aacd2c0817e62bef5d3495cdc652ed4cc80ae3c5d76fb765af2)","throwable":""}
{"timestamp":"2025-07-11T06:48:08,025","container":"afa1f0f731a2","level":"INFO","thread":"BftProcessorExecutor-QBFT-0","class":"QbftBesuControllerBuilder","message":"Imported #298 / 0 tx / 0 pending / 0 (0.0%) gas / (0x51696c56dd4deb59f3ed18c0a93d3e6dc9de4b7ea5636f466bcb1cd6b1466306)","throwable":""}
{"timestamp":"2025-07-11T06:48:16,018","container":"afa1f0f731a2","level":"INFO","thread":"BftProcessorExecutor-QBFT-0","class":"QbftBesuControllerBuilder","message":"Imported #299 / 0 tx / 0 pending / 0 (0.0%) gas / (0xa70abad1cf4eda690d4c7765b5ffdf0566b7687176afde1e8f9e93eb38763ff8)","throwable":""}
{"timestamp":"2025-07-11T06:48:24,019","container":"afa1f0f731a2","level":"INFO","thread":"BftProcessorExecutor-QBFT-0","class":"QbftBesuControllerBuilder","message":"Imported #300 / 0 tx / 0 pending / 0 (0.0%) gas / (0x071cc545cd4feeb04c015b9d609390dd216714fbdbb2c482a7e18266152f0309)","throwable":""}
{"timestamp":"2025-07-11T06:48:32,025","container":"afa1f0f731a2","level":"INFO","thread":"EthScheduler-Workers-0","class":"PersistBlockTask","message":"Block 301 (0x58ff2c2893f9fa421aa3be8af83f38af613abf711abb102e39aa4f9ac3db59d8) is already imported","throwable":""}
{"timestamp":"2025-07-11T06:48:32,026","container":"afa1f0f731a2","level":"INFO","thread":"BftProcessorExecutor-QBFT-0","class":"QbftBesuControllerBuilder","message":"Produced #301 / 0 tx / 0 pending / 0 (0.0%) gas / (0x58ff2c2893f9fa421aa3be8af83f38af613abf711abb102e39aa4f9ac3db59d8)","throwable":""}
{"timestamp":"2025-07-11T06:48:40,027","container":"afa1f0f731a2","level":"INFO","thread":"BftProcessorExecutor-QBFT-0","class":"QbftBesuControllerBuilder","message":"Imported #302 / 0 tx / 0 pending / 0 (0.0%) gas / (0xcb46dbf3ac58883009e741cd858ad5efc98470893805b33190e8e667d21fda2d)","throwable":""}
{"timestamp":"2025-07-11T06:48:48,021","container":"afa1f0f731a2","level":"INFO","thread":"BftProcessorExecutor-QBFT-0","class":"QbftBesuControllerBuilder","message":"Imported #303 / 0 tx / 0 pending / 0 (0.0%) gas / (0x566714a8380df1c55fc90fcd3ec9ea5179722ed923eedd4efc44636da6db9799)","throwable":""}
{"timestamp":"2025-07-11T06:48:56,023","container":"afa1f0f731a2","level":"INFO","thread":"BftProcessorExecutor-QBFT-0","class":"QbftBesuControllerBuilder","message":"Imported #304 / 0 tx / 0 pending / 0 (0.0%) gas / (0xbc905960e8ea1e3819161a98e1620613af1e383d8248345e4306814b06cd5c61)","throwable":""}
{"timestamp":"2025-07-11T06:49:04,015","container":"afa1f0f731a2","level":"INFO","thread":"EthScheduler-Workers-0","class":"PersistBlockTask","message":"Block 305 (0xdab62e19d1ca33d80073e26e730cda5be4416fd779817aeee47bc2925a819f31) is already imported","throwable":""}
{"timestamp":"2025-07-11T06:49:04,015","container":"afa1f0f731a2","level":"INFO","thread":"BftProcessorExecutor-QBFT-0","class":"QbftBesuControllerBuilder","message":"Produced #305 / 0 tx / 0 pending / 0 (0.0%) gas / (0xdab62e19d1ca33d80073e26e730cda5be4416fd779817aeee47bc2925a819f31)","throwable":""}
{"timestamp":"2025-07-11T06:49:12,024","container":"afa1f0f731a2","level":"INFO","thread":"BftProcessorExecutor-QBFT-0","class":"QbftBesuControllerBuilder","message":"Imported #306 / 0 tx / 0 pending / 0 (0.0%) gas / (0xd182e7792b3be417aeb1cb00f65b8c30db65a69ce8d222a7cf65560c90a8fb41)","throwable":""}
{"timestamp":"2025-07-11T06:49:20,030","container":"afa1f0f731a2","level":"INFO","thread":"BftProcessorExecutor-QBFT-0","class":"QbftBesuControllerBuilder","message":"Imported #307 / 1 tx / 0 pending / 296,480 (0.0%) gas / (0xca3918b33495cccc914671dac1a8798c07ef60af0aaa1a3952dcb2dbd45f96d0)","throwable":""}
{"timestamp":"2025-07-11T06:49:28,030","container":"afa1f0f731a2","level":"INFO","thread":"BftProcessorExecutor-QBFT-0","class":"QbftBesuControllerBuilder","message":"Imported #308 / 1 tx / 0 pending / 5,000,000 (0.0%) gas / (0xc56e6bc45293ed381135af1e72130daaa8c48c2fc34ca57cc170d625d2f7b557)","throwable":""}
{"timestamp":"2025-07-11T06:49:36,021","container":"afa1f0f731a2","level":"INFO","thread":"BftProcessorExecutor-QBFT-0","class":"QbftBesuControllerBuilder","message":"Produced #309 / 0 tx / 0 pending / 0 (0.0%) gas / (0x05032c2ba2e3f22d960978617ba257fcdf21a8a140341b9e1432c4dfbefb3df5)","throwable":""}
{"timestamp":"2025-07-11T06:49:44,020","container":"afa1f0f731a2","level":"INFO","thread":"BftProcessorExecutor-QBFT-0","class":"QbftBesuControllerBuilder","message":"Imported #310 / 0 tx / 0 pending / 0 (0.0%) gas / (0xefd44627884dbed711eb15cee405527eae9403a92b1ab8aaf2bb2c3823cb8521)","throwable":""}
{"timestamp":"2025-07-11T06:49:52,020","container":"afa1f0f731a2","level":"INFO","thread":"BftProcessorExecutor-QBFT-0","class":"QbftBesuControllerBuilder","message":"Imported #311 / 0 tx / 0 pending / 0 (0.0%) gas / (0x217cb1c415cd1ccaf30c1388abf937dc42bbc5b6d8387e35d878ba82360abac8)","throwable":""}
{"timestamp":"2025-07-11T06:50:00,023","container":"afa1f0f731a2","level":"INFO","thread":"BftProcessorExecutor-QBFT-0","class":"QbftBesuControllerBuilder","message":"Imported #312 / 0 tx / 0 pending / 0 (0.0%) gas / (0xe93656b5f40bd02ebdd600e36fb808cf619453e208a6409fe414d65ad78e917c)","throwable":""}
{"timestamp":"2025-07-11T06:50:08,021","container":"afa1f0f731a2","level":"INFO","thread":"BftProcessorExecutor-QBFT-0","class":"QbftBesuControllerBuilder","message":"Produced #313 / 0 tx / 0 pending / 0 (0.0%) gas / (0xc5041c8b76ccf5570ff14b55a6a862a01e4a968edec4707e4166bf6771d1e9e2)","throwable":""}
{"timestamp":"2025-07-11T06:50:10,022","container":"afa1f0f731a2","level":"INFO","thread":"BftProcessorExecutor-QBFT-0","class":"BftProcessor","message":"Shutting down BFT event processor","throwable":""}
{"timestamp":"2025-07-11T06:50:10,024","container":"afa1f0f731a2","level":"INFO","thread":"BesuCommand-Shutdown-Hook","class":"DefaultSynchronizer","message":"Stopping synchronizer","throwable":""}
{"timestamp":"2025-07-11T06:50:10,028","container":"afa1f0f731a2","level":"INFO","thread":"BesuCommand-Shutdown-Hook","class":"NetworkRunner","message":"Stopping Network.","throwable":""}
{"timestamp":"2025-07-11T06:50:10,053","container":"afa1f0f731a2","level":"INFO","thread":"BesuCommand-Shutdown-Hook","class":"EthProtocolManager","message":"Stopping eth Subprotocol.","throwable":""}
{"timestamp":"2025-07-11T06:50:10,153","container":"afa1f0f731a2","level":"INFO","thread":"BesuCommand-Shutdown-Hook","class":"EthProtocolManager","message":"eth Subprotocol stopped.","throwable":""}
{"timestamp":"2025-07-11T06:50:10,153","container":"afa1f0f731a2","level":"INFO","thread":"BesuCommand-Shutdown-Hook","class":"NetworkRunner","message":"Network stopped.","throwable":""}
{"timestamp":"2025-07-11T06:50:10,153","container":"afa1f0f731a2","level":"INFO","thread":"BesuCommand-Shutdown-Hook","class":"AutoTransactionLogBloomCachingService","message":"Shutting down Auto transaction logs caching service.","throwable":""}
{"timestamp":"2025-07-11T06:50:10,154","container":"afa1f0f731a2","level":"INFO","thread":"BesuCommand-Shutdown-Hook","class":"DockerNatManager","message":"Stopping docker NAT manager.","throwable":""}
