{"timestamp":"2025-07-04T12:00:22,382","container":"5f93daac00f1","level":"INFO","thread":"main","class":"Besu","message":"Starting Besu","throwable":""}
{"timestamp":"2025-07-04T12:00:23,259","container":"5f93daac00f1","level":"WARN","thread":"main","class":"Besu","message":"--min-gas-price has been ignored because --miner-enabled was not defined on the command line.","throwable":""}
{"timestamp":"2025-07-04T12:00:24,399","container":"5f93daac00f1","level":"INFO","thread":"main","class":"Besu","message":"
####################################################################################################
#                                                                                                  #
# Besu version 23.4.1                                                                              #
#                                                                                                  #
# Configuration:                                                                                   #
# Network: Custom genesis file specified                                                           #
# Network Id: 1337                                                                                 #
# Data storage: Forest                                                                             #
# Sync mode: Full                                                                                  #
# RPC HTTP APIs: EEA,WEB3,ETH,NET,TRACE,DEBUG,ADMIN,TXPOOL,PRIV,PERM,QBFT                          #
# RPC HTTP port: 8545                                                                              #
#                                                                                                  #
# Host:                                                                                            #
# Java: openjdk-java-17                                                                            #
# Maximum heap size: 3.84 GB                                                                       #
# OS: linux-x86_64                                                                                 #
# glibc: 2.35                                                                                      #
# jemalloc: 5.2.1-0-gea6b3e973b477b8061e0076bb257dbd7f3faa756                                      #
# Total memory: 15.35 GB                                                                           #
# CPU cores: 8                                                                                     #
#                                                                                                  #
####################################################################################################","throwable":""}
{"timestamp":"2025-07-04T12:00:24,400","container":"5f93daac00f1","level":"INFO","thread":"main","class":"Besu","message":"Connecting to 8 static nodes.","throwable":""}
{"timestamp":"2025-07-04T12:00:24,400","container":"5f93daac00f1","level":"INFO","thread":"main","class":"Besu","message":"Security Module: localfile","throwable":""}
{"timestamp":"2025-07-04T12:00:24,538","container":"5f93daac00f1","level":"INFO","thread":"main","class":"Besu","message":"Using the native implementation of alt bn128","throwable":""}
{"timestamp":"2025-07-04T12:00:24,685","container":"5f93daac00f1","level":"INFO","thread":"main","class":"Besu","message":"Using the native implementation of modexp","throwable":""}
{"timestamp":"2025-07-04T12:00:24,685","container":"5f93daac00f1","level":"INFO","thread":"main","class":"Besu","message":"Using the native implementation of the signature algorithm","throwable":""}
{"timestamp":"2025-07-04T12:00:24,706","container":"5f93daac00f1","level":"INFO","thread":"main","class":"Besu","message":"Using the native implementation of the blake2bf algorithm","throwable":""}
{"timestamp":"2025-07-04T12:00:24,744","container":"5f93daac00f1","level":"INFO","thread":"main","class":"RocksDBKeyValueStorageFactory","message":"No existing database detected at /opt/besu/data. Using version 1","throwable":""}
{"timestamp":"2025-07-04T12:00:26,279","container":"5f93daac00f1","level":"INFO","thread":"main","class":"KeyPairUtil","message":"Loaded public key 0x59cf0c623c582fa9b19bdf70fb6bade07f4ae32218dd4d1c7e2c7e65acf87da45cf2ab55d16d27360aafef17622c37c09db60d7680ebcc17b78867f4c05bcaa4 from /opt/besu/keys/nodekey","throwable":""}
{"timestamp":"2025-07-04T12:00:26,298","container":"5f93daac00f1","level":"WARN","thread":"main","class":"Besu","message":"Privacy is disabled. Cannot use EEA/PRIV API methods when not using Privacy.","throwable":""}
{"timestamp":"2025-07-04T12:00:26,758","container":"5f93daac00f1","level":"INFO","thread":"main","class":"ProtocolScheduleBuilder","message":"Protocol schedule created with milestones: [GrayGlacier: 0]","throwable":""}
{"timestamp":"2025-07-04T12:00:27,015","container":"5f93daac00f1","level":"INFO","thread":"main","class":"TransactionPoolFactory","message":"Enabling transaction pool","throwable":""}
{"timestamp":"2025-07-04T12:00:27,093","container":"5f93daac00f1","level":"INFO","thread":"main","class":"BesuControllerBuilder","message":"TTD difficulty is not present, creating initial sync phase for PoW","throwable":""}
{"timestamp":"2025-07-04T12:00:27,202","container":"5f93daac00f1","level":"INFO","thread":"main","class":"RunnerBuilder","message":"Detecting NAT service.","throwable":""}
{"timestamp":"2025-07-04T12:00:28,862","container":"5f93daac00f1","level":"INFO","thread":"main","class":"Runner","message":"Starting external services ... ","throwable":""}
{"timestamp":"2025-07-04T12:00:28,863","container":"5f93daac00f1","level":"INFO","thread":"main","class":"MetricsHttpService","message":"Starting metrics http service on 0.0.0.0:9545","throwable":""}
{"timestamp":"2025-07-04T12:00:29,064","container":"5f93daac00f1","level":"INFO","thread":"main","class":"JsonRpcHttpService","message":"Starting JSON-RPC service on 0.0.0.0:8545","throwable":""}
{"timestamp":"2025-07-04T12:00:29,088","container":"5f93daac00f1","level":"INFO","thread":"vert.x-eventloop-thread-1","class":"MetricsHttpService","message":"Metrics service started and listening on 0.0.0.0:9545","throwable":""}
{"timestamp":"2025-07-04T12:00:29,090","container":"5f93daac00f1","level":"INFO","thread":"vert.x-eventloop-thread-1","class":"JsonRpcHttpService","message":"JSON-RPC service started and listening on 0.0.0.0:8545","throwable":""}
{"timestamp":"2025-07-04T12:00:29,093","container":"5f93daac00f1","level":"INFO","thread":"main","class":"GraphQLHttpService","message":"Starting GraphQL HTTP service on 0.0.0.0:8547","throwable":""}
{"timestamp":"2025-07-04T12:00:29,096","container":"5f93daac00f1","level":"INFO","thread":"vert.x-eventloop-thread-1","class":"GraphQLHttpService","message":"GraphQL HTTP service started and listening on 0.0.0.0:8547","throwable":""}
{"timestamp":"2025-07-04T12:00:29,096","container":"5f93daac00f1","level":"INFO","thread":"main","class":"WebSocketService","message":"Starting Websocket service on 0.0.0.0:8546","throwable":""}
{"timestamp":"2025-07-04T12:00:29,099","container":"5f93daac00f1","level":"INFO","thread":"vert.x-eventloop-thread-1","class":"WebSocketService","message":"Websocket service started and listening on 0.0.0.0:8546","throwable":""}
{"timestamp":"2025-07-04T12:00:29,101","container":"5f93daac00f1","level":"INFO","thread":"main","class":"AutoTransactionLogBloomCachingService","message":"Starting auto transaction log bloom caching service.","throwable":""}
{"timestamp":"2025-07-04T12:00:29,103","container":"5f93daac00f1","level":"INFO","thread":"main","class":"LogBloomCacheMetadata","message":"Lookup cache metadata file in data directory: /opt/besu/data/caches","throwable":""}
{"timestamp":"2025-07-04T12:00:29,118","container":"5f93daac00f1","level":"INFO","thread":"main","class":"Runner","message":"Starting Ethereum main loop ... ","throwable":""}
{"timestamp":"2025-07-04T12:00:29,123","container":"5f93daac00f1","level":"INFO","thread":"main","class":"DockerNatManager","message":"Starting docker NAT manager.","throwable":""}
{"timestamp":"2025-07-04T12:00:29,143","container":"5f93daac00f1","level":"INFO","thread":"main","class":"NetworkRunner","message":"Starting Network.","throwable":""}
{"timestamp":"2025-07-04T12:00:29,181","container":"5f93daac00f1","level":"INFO","thread":"nioEventLoopGroup-2-1","class":"RlpxAgent","message":"P2P RLPx agent started and listening on /[0:0:0:0:0:0:0:0]:30303.","throwable":""}
{"timestamp":"2025-07-04T12:00:29,183","container":"5f93daac00f1","level":"INFO","thread":"main","class":"PeerDiscoveryAgent","message":"Starting peer discovery agent on host=0.0.0.0, port=30303","throwable":""}
{"timestamp":"2025-07-04T12:00:29,239","container":"5f93daac00f1","level":"INFO","thread":"vert.x-eventloop-thread-1","class":"VertxPeerDiscoveryAgent","message":"Started peer discovery agent successfully, on effective host=0:0:0:0:0:0:0:0%0 and port=30303","throwable":""}
{"timestamp":"2025-07-04T12:00:29,240","container":"5f93daac00f1","level":"INFO","thread":"vert.x-eventloop-thread-1","class":"PeerDiscoveryAgent","message":"P2P peer discovery agent started and listening on /[0:0:0:0:0:0:0:0%0]:30303","throwable":""}
{"timestamp":"2025-07-04T12:00:29,325","container":"5f93daac00f1","level":"INFO","thread":"vert.x-eventloop-thread-1","class":"PeerDiscoveryAgent","message":"Writing node record to disk. NodeRecord{seq=1, publicKey=0x0259cf0c623c582fa9b19bdf70fb6bade07f4ae32218dd4d1c7e2c7e65acf87da4, udpAddress=Optional[/10.0.0.203:30303], tcpAddress=Optional[/10.0.0.203:30303], asBase64=-Je4QBfoM2lffdoGQqJMkOWvYdubxTriFpM3HvZFKNZUKrW_ecfz8CMUlhcN6-6BeibqfXObpyEc_JdBwLO6SVjCxRcBg2V0aMfGhGpSrW2AgmlkgnY0gmlwhAoAAMuJc2VjcDI1NmsxoQJZzwxiPFgvqbGb33D7a63gf0rjIhjdTRx-LH5lrPh9pIN0Y3CCdl-DdWRwgnZf, nodeId=0x2a2fe7f9e880372cfd2bda0cce412f988377e31f4d0ff12d74df73b51c42d0ca, customFields={tcp=30303, udp=30303, ip=0x0a0000cb, eth=[[0x6a52ad6d, 0x]], id=V4, secp256k1=0x0259cf0c623c582fa9b19bdf70fb6bade07f4ae32218dd4d1c7e2c7e65acf87da4}}","throwable":""}
{"timestamp":"2025-07-04T12:00:29,454","container":"5f93daac00f1","level":"INFO","thread":"main","class":"DefaultP2PNetwork","message":"Enode URL enode://59cf0c623c582fa9b19bdf70fb6bade07f4ae32218dd4d1c7e2c7e65acf87da45cf2ab55d16d27360aafef17622c37c09db60d7680ebcc17b78867f4c05bcaa4@10.0.0.203:30303","throwable":""}
{"timestamp":"2025-07-04T12:00:29,455","container":"5f93daac00f1","level":"INFO","thread":"main","class":"DefaultP2PNetwork","message":"Node address 0xce412f988377e31f4d0ff12d74df73b51c42d0ca","throwable":""}
{"timestamp":"2025-07-04T12:00:29,597","container":"5f93daac00f1","level":"INFO","thread":"main","class":"NetworkRunner","message":"Supported capabilities: [eth/62, eth/63, eth/64, eth/65, eth/66, eth/67, eth/68], [istanbul/100], [snap/1]","throwable":""}
{"timestamp":"2025-07-04T12:00:29,604","container":"5f93daac00f1","level":"INFO","thread":"main","class":"DefaultSynchronizer","message":"Starting synchronizer.","throwable":""}
{"timestamp":"2025-07-04T12:00:29,606","container":"5f93daac00f1","level":"INFO","thread":"main","class":"TransactionPoolFactory","message":"Enabling transaction handling following initial sync","throwable":""}
{"timestamp":"2025-07-04T12:00:29,607","container":"5f93daac00f1","level":"INFO","thread":"main","class":"FullSyncDownloader","message":"Starting full sync.","throwable":""}
{"timestamp":"2025-07-04T12:00:29,609","container":"5f93daac00f1","level":"INFO","thread":"main","class":"FullSyncTargetManager","message":"Unable to find sync target. Currently checking 0 peers for usefulness","throwable":""}
{"timestamp":"2025-07-04T12:00:29,768","container":"5f93daac00f1","level":"INFO","thread":"main","class":"Runner","message":"Ethereum main loop is up.","throwable":""}
{"timestamp":"2025-07-04T12:00:33,100","container":"5f93daac00f1","level":"INFO","thread":"nioEventLoopGroup-3-10","class":"FullSyncTargetManager","message":"Unable to find sync target. Currently checking 1 peers for usefulness","throwable":""}
{"timestamp":"2025-07-04T12:00:33,967","container":"5f93daac00f1","level":"INFO","thread":"nioEventLoopGroup-3-1","class":"FullSyncTargetManager","message":"Unable to find sync target. Currently checking 2 peers for usefulness","throwable":""}
{"timestamp":"2025-07-04T12:00:34,419","container":"5f93daac00f1","level":"INFO","thread":"nioEventLoopGroup-3-2","class":"FullSyncTargetManager","message":"Unable to find sync target. Currently checking 3 peers for usefulness","throwable":""}
{"timestamp":"2025-07-04T12:00:39,423","container":"5f93daac00f1","level":"INFO","thread":"EthScheduler-Timer-0","class":"FullSyncTargetManager","message":"Unable to find sync target. Currently checking 3 peers for usefulness","throwable":""}
{"timestamp":"2025-07-04T12:00:40,573","container":"5f93daac00f1","level":"INFO","thread":"BftProcessorExecutor-QBFT-0","class":"QbftRound","message":"Importing proposed block to chain. round=ConsensusRoundIdentifier{Sequence=1, Round=1}, hash=0x0f4d4e4629e0ecd1d9dee06320790d4ee57b6fdfaf013fc50a02a76cff905e2b","throwable":""}
{"timestamp":"2025-07-04T12:00:40,604","container":"5f93daac00f1","level":"INFO","thread":"BftProcessorExecutor-QBFT-0","class":"QbftBesuControllerBuilder","message":"Imported #1 / 0 tx / 0 pending / 0 (0.0%) gas / (0x0f4d4e4629e0ecd1d9dee06320790d4ee57b6fdfaf013fc50a02a76cff905e2b)","throwable":""}
{"timestamp":"2025-07-04T12:00:44,425","container":"5f93daac00f1","level":"INFO","thread":"EthScheduler-Timer-0","class":"FullSyncTargetManager","message":"Unable to find sync target. Currently checking 3 peers for usefulness","throwable":""}
{"timestamp":"2025-07-04T12:00:46,087","container":"5f93daac00f1","level":"INFO","thread":"BftProcessorExecutor-QBFT-0","class":"QbftBesuControllerBuilder","message":"Imported #2 / 0 tx / 0 pending / 0 (0.0%) gas / (0x24eb4414b7aae845cc07c76e68029916f5ec3124f27b19eb270f38c2f0b25c65)","throwable":""}
{"timestamp":"2025-07-04T12:00:49,426","container":"5f93daac00f1","level":"INFO","thread":"EthScheduler-Timer-0","class":"FullSyncTargetManager","message":"Unable to find sync target. Currently checking 3 peers for usefulness","throwable":""}
{"timestamp":"2025-07-04T12:00:54,427","container":"5f93daac00f1","level":"INFO","thread":"EthScheduler-Timer-0","class":"FullSyncTargetManager","message":"Unable to find sync target. Currently checking 3 peers for usefulness","throwable":""}
{"timestamp":"2025-07-04T12:00:58,278","container":"5f93daac00f1","level":"INFO","thread":"BftProcessorExecutor-QBFT-0","class":"QbftBesuControllerBuilder","message":"Produced #3 / 0 tx / 0 pending / 0 (0.0%) gas / (0x09b9f2140d362cea25eb4a42842b97115a83fb2f25dbca125c02e876da0115bd)","throwable":""}
{"timestamp":"2025-07-04T12:01:02,072","container":"5f93daac00f1","level":"INFO","thread":"BftProcessorExecutor-QBFT-0","class":"QbftBesuControllerBuilder","message":"Imported #4 / 0 tx / 0 pending / 0 (0.0%) gas / (0x8c3895042827b4955460e48f3a71cf6b320696fe5e17f3e546974dde1e1bfcc9)","throwable":""}
{"timestamp":"2025-07-04T12:01:24,353","container":"5f93daac00f1","level":"INFO","thread":"BftProcessorExecutor-QBFT-0","class":"QbftRound","message":"Importing proposed block to chain. round=ConsensusRoundIdentifier{Sequence=5, Round=1}, hash=0x4629508acb33c7a6e90583b792957e930875e28902e3d7d634b1e7ac9704e450","throwable":""}
{"timestamp":"2025-07-04T12:01:24,366","container":"5f93daac00f1","level":"INFO","thread":"BftProcessorExecutor-QBFT-0","class":"QbftBesuControllerBuilder","message":"Imported #5 / 0 tx / 0 pending / 0 (0.0%) gas / (0x4629508acb33c7a6e90583b792957e930875e28902e3d7d634b1e7ac9704e450)","throwable":""}
{"timestamp":"2025-07-04T12:01:34,358","container":"5f93daac00f1","level":"INFO","thread":"BftProcessorExecutor-QBFT-0","class":"QbftBesuControllerBuilder","message":"Produced #6 / 0 tx / 0 pending / 0 (0.0%) gas / (0x59909900661dd07681236481c5ff4948d9173889610df5a9e2c2c0692c65bb2a)","throwable":""}
{"timestamp":"2025-07-04T12:01:40,056","container":"5f93daac00f1","level":"INFO","thread":"BftProcessorExecutor-QBFT-0","class":"QbftBesuControllerBuilder","message":"Imported #7 / 0 tx / 0 pending / 0 (0.0%) gas / (0x6164e2d508a5eb201f61b28bbde108b5b7b06f5a02be50f8de33f1182df6ebbc)","throwable":""}
{"timestamp":"2025-07-04T12:01:59,410","container":"5f93daac00f1","level":"INFO","thread":"BftProcessorExecutor-QBFT-0","class":"QbftRound","message":"Importing proposed block to chain. round=ConsensusRoundIdentifier{Sequence=8, Round=1}, hash=0x202380043a5e815af69e2b48628c4c44cd489ac03f23d358b7f4e5221ff2ac66","throwable":""}
{"timestamp":"2025-07-04T12:01:59,417","container":"5f93daac00f1","level":"INFO","thread":"BftProcessorExecutor-QBFT-0","class":"QbftBesuControllerBuilder","message":"Imported #8 / 0 tx / 0 pending / 0 (0.0%) gas / (0x202380043a5e815af69e2b48628c4c44cd489ac03f23d358b7f4e5221ff2ac66)","throwable":""}
{"timestamp":"2025-07-04T12:02:09,422","container":"5f93daac00f1","level":"INFO","thread":"BftProcessorExecutor-QBFT-0","class":"QbftBesuControllerBuilder","message":"Produced #9 / 0 tx / 0 pending / 0 (0.0%) gas / (0x3414ac99a992805a6f8f2f3d03713848aecc7589c68b4bbe0d97f1c4d6e2bc9b)","throwable":""}
{"timestamp":"2025-07-04T12:02:15,050","container":"5f93daac00f1","level":"INFO","thread":"BftProcessorExecutor-QBFT-0","class":"QbftBesuControllerBuilder","message":"Imported #10 / 0 tx / 0 pending / 0 (0.0%) gas / (0xf72527c3aaaec6f3eba31cdfc6fd905e1873191ec201cfa91a097fd97c65d794)","throwable":""}
{"timestamp":"2025-07-04T12:02:34,458","container":"5f93daac00f1","level":"INFO","thread":"BftProcessorExecutor-QBFT-0","class":"QbftRound","message":"Importing proposed block to chain. round=ConsensusRoundIdentifier{Sequence=11, Round=1}, hash=0x77334c52f8547e712d20fe6a7e69e1ac964107af0eb4b0acd170f0c47691b1f2","throwable":""}
{"timestamp":"2025-07-04T12:02:34,464","container":"5f93daac00f1","level":"INFO","thread":"BftProcessorExecutor-QBFT-0","class":"QbftBesuControllerBuilder","message":"Imported #11 / 0 tx / 0 pending / 0 (0.0%) gas / (0x77334c52f8547e712d20fe6a7e69e1ac964107af0eb4b0acd170f0c47691b1f2)","throwable":""}
{"timestamp":"2025-07-04T12:02:44,468","container":"5f93daac00f1","level":"INFO","thread":"BftProcessorExecutor-QBFT-0","class":"QbftBesuControllerBuilder","message":"Produced #12 / 0 tx / 0 pending / 0 (0.0%) gas / (0xa6669b5ba60e513d22868da1b334bc8d378f975656291560ed1e16aeb836b4cd)","throwable":""}
{"timestamp":"2025-07-04T12:02:50,048","container":"5f93daac00f1","level":"INFO","thread":"BftProcessorExecutor-QBFT-0","class":"QbftBesuControllerBuilder","message":"Imported #13 / 0 tx / 0 pending / 0 (0.0%) gas / (0x9a05870dac5817f6827e0b1ff72b99dd6c313a059bb2d0cfeb7e19c4b8f9c449)","throwable":""}
{"timestamp":"2025-07-04T12:03:09,499","container":"5f93daac00f1","level":"INFO","thread":"BftProcessorExecutor-QBFT-0","class":"QbftRound","message":"Importing proposed block to chain. round=ConsensusRoundIdentifier{Sequence=14, Round=1}, hash=0x0376bf34f7af0e8811f0504cd6e741aaf085031be4bca2393bfe207cf93d0327","throwable":""}
{"timestamp":"2025-07-04T12:03:09,505","container":"5f93daac00f1","level":"INFO","thread":"BftProcessorExecutor-QBFT-0","class":"QbftBesuControllerBuilder","message":"Imported #14 / 0 tx / 0 pending / 0 (0.0%) gas / (0x0376bf34f7af0e8811f0504cd6e741aaf085031be4bca2393bfe207cf93d0327)","throwable":""}
{"timestamp":"2025-07-04T12:03:19,492","container":"5f93daac00f1","level":"INFO","thread":"BftProcessorExecutor-QBFT-0","class":"QbftBesuControllerBuilder","message":"Produced #15 / 0 tx / 0 pending / 0 (0.0%) gas / (0xbc28edb6fbcb8fc162644bdca28781342f19aaca0757be1e11b548cc99441949)","throwable":""}
{"timestamp":"2025-07-04T12:03:19,497","container":"5f93daac00f1","level":"INFO","thread":"EthScheduler-Workers-0","class":"PersistBlockTask","message":"Block 15 (0xbc28edb6fbcb8fc162644bdca28781342f19aaca0757be1e11b548cc99441949) is already imported","throwable":""}
{"timestamp":"2025-07-04T12:03:25,059","container":"5f93daac00f1","level":"INFO","thread":"BftProcessorExecutor-QBFT-0","class":"QbftBesuControllerBuilder","message":"Imported #16 / 0 tx / 0 pending / 0 (0.0%) gas / (0x96367493f467b3d9117dcbbb996f93b7b313fe722d19ad48d15b442695369cb5)","throwable":""}
{"timestamp":"2025-07-04T12:03:44,544","container":"5f93daac00f1","level":"INFO","thread":"BftProcessorExecutor-QBFT-0","class":"QbftRound","message":"Importing proposed block to chain. round=ConsensusRoundIdentifier{Sequence=17, Round=1}, hash=0x040bb09bd6e1ab5c78d4878ece8ea90cfc64b640bd047ce28ff8f6bc6289df78","throwable":""}
{"timestamp":"2025-07-04T12:03:44,552","container":"5f93daac00f1","level":"INFO","thread":"BftProcessorExecutor-QBFT-0","class":"QbftBesuControllerBuilder","message":"Imported #17 / 0 tx / 0 pending / 0 (0.0%) gas / (0x040bb09bd6e1ab5c78d4878ece8ea90cfc64b640bd047ce28ff8f6bc6289df78)","throwable":""}
{"timestamp":"2025-07-04T12:03:54,546","container":"5f93daac00f1","level":"INFO","thread":"BftProcessorExecutor-QBFT-0","class":"QbftBesuControllerBuilder","message":"Produced #18 / 0 tx / 0 pending / 0 (0.0%) gas / (0x3067a022801cc32b916668f9f7a3b3219a8a3968ae3b8b4808df56be266615b4)","throwable":""}
{"timestamp":"2025-07-04T12:04:00,041","container":"5f93daac00f1","level":"INFO","thread":"BftProcessorExecutor-QBFT-0","class":"QbftBesuControllerBuilder","message":"Imported #19 / 0 tx / 0 pending / 0 (0.0%) gas / (0xcf11e722e0e81cf2f74e8f7a1a428218536327eab7da3752e1f13378bd10978a)","throwable":""}
{"timestamp":"2025-07-04T12:04:19,591","container":"5f93daac00f1","level":"INFO","thread":"BftProcessorExecutor-QBFT-0","class":"QbftRound","message":"Importing proposed block to chain. round=ConsensusRoundIdentifier{Sequence=20, Round=1}, hash=0x30f638d75ef451423e54c7c6540eb80e1d5ffe4b79bc7aefc2108b95bd91e9f6","throwable":""}
{"timestamp":"2025-07-04T12:04:19,599","container":"5f93daac00f1","level":"INFO","thread":"BftProcessorExecutor-QBFT-0","class":"QbftBesuControllerBuilder","message":"Imported #20 / 0 tx / 0 pending / 0 (0.0%) gas / (0x30f638d75ef451423e54c7c6540eb80e1d5ffe4b79bc7aefc2108b95bd91e9f6)","throwable":""}
{"timestamp":"2025-07-04T12:04:29,652","container":"5f93daac00f1","level":"INFO","thread":"BftProcessorExecutor-QBFT-0","class":"QbftBesuControllerBuilder","message":"Produced #21 / 0 tx / 0 pending / 0 (0.0%) gas / (0xadb271ae5b90f3bcaafca24ed787902fc45eb6cf0ad69194a1c67a8511b5a859)","throwable":""}
{"timestamp":"2025-07-04T12:04:35,042","container":"5f93daac00f1","level":"INFO","thread":"BftProcessorExecutor-QBFT-0","class":"QbftBesuControllerBuilder","message":"Imported #22 / 0 tx / 0 pending / 0 (0.0%) gas / (0x5f6a2dd5a32ed7eef180e5b7665d2e884e18d596f80f081860bdcfd3d8ce6008)","throwable":""}
{"timestamp":"2025-07-04T12:04:54,639","container":"5f93daac00f1","level":"INFO","thread":"BftProcessorExecutor-QBFT-0","class":"QbftRound","message":"Importing proposed block to chain. round=ConsensusRoundIdentifier{Sequence=23, Round=1}, hash=0xb5460837c265659bf6936775b3dc2019a1d08dceda451276b1dfeaae716bb971","throwable":""}
{"timestamp":"2025-07-04T12:04:54,648","container":"5f93daac00f1","level":"INFO","thread":"BftProcessorExecutor-QBFT-0","class":"QbftBesuControllerBuilder","message":"Imported #23 / 0 tx / 0 pending / 0 (0.0%) gas / (0xb5460837c265659bf6936775b3dc2019a1d08dceda451276b1dfeaae716bb971)","throwable":""}
{"timestamp":"2025-07-04T12:05:04,630","container":"5f93daac00f1","level":"INFO","thread":"BftProcessorExecutor-QBFT-0","class":"QbftBesuControllerBuilder","message":"Produced #24 / 0 tx / 0 pending / 0 (0.0%) gas / (0x7e2b305edb69c61560f6bd3e7fbd35be6c40f40e790bef8699b470150f53d9a7)","throwable":""}
{"timestamp":"2025-07-04T12:05:10,039","container":"5f93daac00f1","level":"INFO","thread":"BftProcessorExecutor-QBFT-0","class":"QbftBesuControllerBuilder","message":"Imported #25 / 0 tx / 0 pending / 0 (0.0%) gas / (0x83bcc74c8e549fde51d9e7c2804f72651a94e539417278c8927c0c6f1f6b6342)","throwable":""}
{"timestamp":"2025-07-04T12:05:29,801","container":"5f93daac00f1","level":"INFO","thread":"BftProcessorExecutor-QBFT-0","class":"QbftRound","message":"Importing proposed block to chain. round=ConsensusRoundIdentifier{Sequence=26, Round=1}, hash=0xb3696e214107926033e10c185e6b6743a5b9cdaea7b9eaf5e7772a5bae648c00","throwable":""}
{"timestamp":"2025-07-04T12:05:29,850","container":"5f93daac00f1","level":"INFO","thread":"BftProcessorExecutor-QBFT-0","class":"QbftBesuControllerBuilder","message":"Imported #26 / 1 tx / 0 pending / 2,000,000 (0.0%) gas / (0xb3696e214107926033e10c185e6b6743a5b9cdaea7b9eaf5e7772a5bae648c00)","throwable":""}
{"timestamp":"2025-07-04T12:05:39,776","container":"5f93daac00f1","level":"INFO","thread":"EthScheduler-Workers-0","class":"PersistBlockTask","message":"Block 27 (0xf3a864f6e3a542af0bd272d1554700901175090d5bdfb3571794bdc2c02acaec) is already imported","throwable":""}
{"timestamp":"2025-07-04T12:05:39,776","container":"5f93daac00f1","level":"INFO","thread":"BftProcessorExecutor-QBFT-0","class":"QbftBesuControllerBuilder","message":"Produced #27 / 0 tx / 0 pending / 0 (0.0%) gas / (0xf3a864f6e3a542af0bd272d1554700901175090d5bdfb3571794bdc2c02acaec)","throwable":""}
{"timestamp":"2025-07-04T12:05:45,059","container":"5f93daac00f1","level":"INFO","thread":"BftProcessorExecutor-QBFT-0","class":"QbftBesuControllerBuilder","message":"Imported #28 / 1 tx / 0 pending / 23,604 (0.0%) gas / (0x04bca4eb93df32a4cfb329edc8aab4158ebfe02b6d77d258c8fa1d2e203d086e)","throwable":""}
{"timestamp":"2025-07-04T12:06:05,799","container":"5f93daac00f1","level":"INFO","thread":"BftProcessorExecutor-QBFT-0","class":"QbftRound","message":"Importing proposed block to chain. round=ConsensusRoundIdentifier{Sequence=29, Round=1}, hash=0x4ad17379511c354b7d8fdc1cbcb25c3cf494bc8cf992c4877a86142623d12a6b","throwable":""}
{"timestamp":"2025-07-04T12:06:05,803","container":"5f93daac00f1","level":"INFO","thread":"BftProcessorExecutor-QBFT-0","class":"QbftBesuControllerBuilder","message":"Imported #29 / 0 tx / 0 pending / 0 (0.0%) gas / (0x4ad17379511c354b7d8fdc1cbcb25c3cf494bc8cf992c4877a86142623d12a6b)","throwable":""}
{"timestamp":"2025-07-04T12:06:15,814","container":"5f93daac00f1","level":"INFO","thread":"BftProcessorExecutor-QBFT-0","class":"QbftBesuControllerBuilder","message":"Produced #30 / 0 tx / 0 pending / 0 (0.0%) gas / (0x69031c45b7343e23f47102e435c44b1e506c2fc5567faaa5731d42ccaff1c9dd)","throwable":""}
{"timestamp":"2025-07-04T12:06:21,046","container":"5f93daac00f1","level":"INFO","thread":"BftProcessorExecutor-QBFT-0","class":"QbftBesuControllerBuilder","message":"Imported #31 / 0 tx / 0 pending / 0 (0.0%) gas / (0x4970539ee562aba4a89a0a00b72346b2b5eeb8c3d7f61a8454e61716e744a7cf)","throwable":""}
{"timestamp":"2025-07-04T12:06:40,829","container":"5f93daac00f1","level":"INFO","thread":"BftProcessorExecutor-QBFT-0","class":"QbftRound","message":"Importing proposed block to chain. round=ConsensusRoundIdentifier{Sequence=32, Round=1}, hash=0x8d02ffd352f8ced0c6cb9fbfb93c5b964be62f8eb89dfbf57f695a97004422e6","throwable":""}
{"timestamp":"2025-07-04T12:06:40,836","container":"5f93daac00f1","level":"INFO","thread":"BftProcessorExecutor-QBFT-0","class":"QbftBesuControllerBuilder","message":"Imported #32 / 0 tx / 0 pending / 0 (0.0%) gas / (0x8d02ffd352f8ced0c6cb9fbfb93c5b964be62f8eb89dfbf57f695a97004422e6)","throwable":""}
{"timestamp":"2025-07-04T12:06:50,842","container":"5f93daac00f1","level":"INFO","thread":"BftProcessorExecutor-QBFT-0","class":"QbftBesuControllerBuilder","message":"Produced #33 / 0 tx / 0 pending / 0 (0.0%) gas / (0x2b218cb8a2c7d98ebdcbbe1807ffd199989d85393c18e698374b152400850f9f)","throwable":""}
{"timestamp":"2025-07-04T12:06:56,039","container":"5f93daac00f1","level":"INFO","thread":"BftProcessorExecutor-QBFT-0","class":"QbftBesuControllerBuilder","message":"Imported #34 / 0 tx / 0 pending / 0 (0.0%) gas / (0xd851e4e414fa61387e4b5ebb7a957f57de16d0ee65a09f0f221c60493a201767)","throwable":""}
{"timestamp":"2025-07-04T12:07:15,889","container":"5f93daac00f1","level":"INFO","thread":"BftProcessorExecutor-QBFT-0","class":"QbftRound","message":"Importing proposed block to chain. round=ConsensusRoundIdentifier{Sequence=35, Round=1}, hash=0xad12b7b188e4d12f8d78509a2fe7c0669547eaa03144f1ac32abbfc572bee781","throwable":""}
{"timestamp":"2025-07-04T12:07:15,895","container":"5f93daac00f1","level":"INFO","thread":"BftProcessorExecutor-QBFT-0","class":"QbftBesuControllerBuilder","message":"Imported #35 / 0 tx / 0 pending / 0 (0.0%) gas / (0xad12b7b188e4d12f8d78509a2fe7c0669547eaa03144f1ac32abbfc572bee781)","throwable":""}
{"timestamp":"2025-07-04T12:07:23,037","container":"5f93daac00f1","level":"INFO","thread":"BftProcessorExecutor-QBFT-0","class":"QbftBesuControllerBuilder","message":"Produced #36 / 0 tx / 0 pending / 0 (0.0%) gas / (0xb4c1d8bec09e3110409fa0febadb15937734d8dea6550579ca9f138f46ee7664)","throwable":""}
{"timestamp":"2025-07-04T12:07:35,893","container":"5f93daac00f1","level":"INFO","thread":"BftProcessorExecutor-QBFT-0","class":"QbftBesuControllerBuilder","message":"Imported #37 / 0 tx / 0 pending / 0 (0.0%) gas / (0xae1b82e5826bcb740726fa4dd638cad0eebb69ebf3780119b06a1e32e320f5ba)","throwable":""}
{"timestamp":"2025-07-04T12:07:40,870","container":"5f93daac00f1","level":"INFO","thread":"EthScheduler-Workers-0","class":"PersistBlockTask","message":"Block 38 (0x390d806b05e46cf442f20a48ca547b5a9aa794ad1861669a43dd16edce53803b) is already imported","throwable":""}
{"timestamp":"2025-07-04T12:07:40,871","container":"5f93daac00f1","level":"INFO","thread":"BftProcessorExecutor-QBFT-0","class":"QbftBesuControllerBuilder","message":"Imported #38 / 0 tx / 0 pending / 0 (0.0%) gas / (0x390d806b05e46cf442f20a48ca547b5a9aa794ad1861669a43dd16edce53803b)","throwable":""}
{"timestamp":"2025-07-04T12:07:47,034","container":"5f93daac00f1","level":"INFO","thread":"BftProcessorExecutor-QBFT-0","class":"QbftBesuControllerBuilder","message":"Imported #39 / 0 tx / 0 pending / 0 (0.0%) gas / (0x60d665e7c121f2f7e901414ab2cafd907aaab54b0dd138b9f49316373d19da16)","throwable":""}
{"timestamp":"2025-07-04T12:07:55,935","container":"5f93daac00f1","level":"INFO","thread":"BftProcessorExecutor-QBFT-0","class":"QbftBesuControllerBuilder","message":"Produced #40 / 0 tx / 0 pending / 0 (0.0%) gas / (0x24b7f5aace7a6c9c9c32221199c662102696117816f3c2a5af627b17458d497e)","throwable":""}
{"timestamp":"2025-07-04T12:08:03,034","container":"5f93daac00f1","level":"INFO","thread":"BftProcessorExecutor-QBFT-0","class":"QbftBesuControllerBuilder","message":"Imported #41 / 0 tx / 0 pending / 0 (0.0%) gas / (0xf6bc2ad9c15277745e1c0153d470e7f6430141400dd64546c2c5f2d91c7f3ed3)","throwable":""}
{"timestamp":"2025-07-04T12:08:26,022","container":"5f93daac00f1","level":"INFO","thread":"BftProcessorExecutor-QBFT-0","class":"QbftRound","message":"Importing proposed block to chain. round=ConsensusRoundIdentifier{Sequence=42, Round=1}, hash=0x5799307687e0e82b8dfd59cfa9f576b29587665aee4157dd5e2f546dca1aaf5d","throwable":""}
{"timestamp":"2025-07-04T12:08:26,030","container":"5f93daac00f1","level":"INFO","thread":"BftProcessorExecutor-QBFT-0","class":"QbftBesuControllerBuilder","message":"Imported #42 / 0 tx / 0 pending / 0 (0.0%) gas / (0x5799307687e0e82b8dfd59cfa9f576b29587665aee4157dd5e2f546dca1aaf5d)","throwable":""}
{"timestamp":"2025-07-04T12:08:33,032","container":"5f93daac00f1","level":"INFO","thread":"BftProcessorExecutor-QBFT-0","class":"QbftBesuControllerBuilder","message":"Produced #43 / 0 tx / 0 pending / 0 (0.0%) gas / (0x017f575a9941b1906a821df026de0058fd3eafa69b673e1c1f5e8f93b5120f4c)","throwable":""}
{"timestamp":"2025-07-04T12:08:45,970","container":"5f93daac00f1","level":"INFO","thread":"BftProcessorExecutor-QBFT-0","class":"QbftBesuControllerBuilder","message":"Imported #44 / 0 tx / 0 pending / 0 (0.0%) gas / (0xa610efcd543e8ff01c601b4bfc69838a114d48576e27ccf0638e08c047b7aace)","throwable":""}
{"timestamp":"2025-07-04T12:08:50,816","container":"5f93daac00f1","level":"INFO","thread":"BftProcessorExecutor-QBFT-0","class":"QbftBesuControllerBuilder","message":"Imported #45 / 0 tx / 0 pending / 0 (0.0%) gas / (0xf40cbfec4da5a997c25531f24b945999ac5dc312faa56200e6c3d989de2c8a64)","throwable":""}
{"timestamp":"2025-07-04T12:08:57,022","container":"5f93daac00f1","level":"INFO","thread":"BftProcessorExecutor-QBFT-0","class":"QbftBesuControllerBuilder","message":"Imported #46 / 0 tx / 0 pending / 0 (0.0%) gas / (0x36579859f81af8f16867044c59d119390f4dfc7952bcca540684fbe6ee971750)","throwable":""}
{"timestamp":"2025-07-04T12:09:05,998","container":"5f93daac00f1","level":"INFO","thread":"BftProcessorExecutor-QBFT-0","class":"QbftBesuControllerBuilder","message":"Produced #47 / 0 tx / 0 pending / 0 (0.0%) gas / (0x43d3e63fe3c893c962fd91a3ef457c7def15bcb58c39cd011531894195e57817)","throwable":""}
{"timestamp":"2025-07-04T12:09:13,031","container":"5f93daac00f1","level":"INFO","thread":"BftProcessorExecutor-QBFT-0","class":"QbftBesuControllerBuilder","message":"Imported #48 / 0 tx / 0 pending / 0 (0.0%) gas / (0x3ee29d4d25b20fe1dfd8d80f157cd40a3156c4a21ae780f375d9ba043b576700)","throwable":""}
{"timestamp":"2025-07-04T12:09:36,014","container":"5f93daac00f1","level":"INFO","thread":"BftProcessorExecutor-QBFT-0","class":"QbftRound","message":"Importing proposed block to chain. round=ConsensusRoundIdentifier{Sequence=49, Round=1}, hash=0x62089282143524e9208d073f777be8d6950c993aec4f21b1ef499d53d19a35f0","throwable":""}
{"timestamp":"2025-07-04T12:09:36,024","container":"5f93daac00f1","level":"INFO","thread":"BftProcessorExecutor-QBFT-0","class":"QbftBesuControllerBuilder","message":"Imported #49 / 0 tx / 0 pending / 0 (0.0%) gas / (0x62089282143524e9208d073f777be8d6950c993aec4f21b1ef499d53d19a35f0)","throwable":""}
{"timestamp":"2025-07-04T12:09:43,031","container":"5f93daac00f1","level":"INFO","thread":"BftProcessorExecutor-QBFT-0","class":"QbftBesuControllerBuilder","message":"Produced #50 / 0 tx / 0 pending / 0 (0.0%) gas / (0xdeb4c6b67e68730d3af28a2572a967911c5f5ece64666f65d1ec873f52bc8cbe)","throwable":""}
{"timestamp":"2025-07-04T12:09:56,008","container":"5f93daac00f1","level":"INFO","thread":"BftProcessorExecutor-QBFT-0","class":"QbftBesuControllerBuilder","message":"Imported #51 / 0 tx / 0 pending / 0 (0.0%) gas / (0xbe3d2d2a9c71902f660028e73fb54d391d292604261e746e4a006923547e8e48)","throwable":""}
{"timestamp":"2025-07-04T12:10:00,806","container":"5f93daac00f1","level":"INFO","thread":"BftProcessorExecutor-QBFT-0","class":"QbftBesuControllerBuilder","message":"Imported #52 / 0 tx / 0 pending / 0 (0.0%) gas / (0xb9301e1fd8c66348a1999fea2e440a1f3097421aa82e1051c6c5dea052df4be9)","throwable":""}
{"timestamp":"2025-07-04T12:10:07,029","container":"5f93daac00f1","level":"INFO","thread":"BftProcessorExecutor-QBFT-0","class":"QbftBesuControllerBuilder","message":"Imported #53 / 0 tx / 0 pending / 0 (0.0%) gas / (0x87dc5240ed3af628c0582922151141da07f909355cd08c84e50bccbef2f1f8dc)","throwable":""}
{"timestamp":"2025-07-04T12:10:16,024","container":"5f93daac00f1","level":"INFO","thread":"BftProcessorExecutor-QBFT-0","class":"QbftBesuControllerBuilder","message":"Produced #54 / 0 tx / 0 pending / 0 (0.0%) gas / (0xbdb01b7d42a3d9695ebe0bd2a2180565f953af936d385c8a86d82f12a76e08fa)","throwable":""}
{"timestamp":"2025-07-04T12:10:23,026","container":"5f93daac00f1","level":"INFO","thread":"BftProcessorExecutor-QBFT-0","class":"QbftBesuControllerBuilder","message":"Imported #55 / 0 tx / 0 pending / 0 (0.0%) gas / (0x66b2156d65875eb61a4ec022a643b364defcdbf6536875ce80db629b06c7eacb)","throwable":""}
{"timestamp":"2025-07-04T12:10:46,057","container":"5f93daac00f1","level":"INFO","thread":"BftProcessorExecutor-QBFT-0","class":"QbftRound","message":"Importing proposed block to chain. round=ConsensusRoundIdentifier{Sequence=56, Round=1}, hash=0xed5714cf68b31a9960bd6e113ac5eea0f98096612830f30e4558929bc2aa0254","throwable":""}
{"timestamp":"2025-07-04T12:10:46,062","container":"5f93daac00f1","level":"INFO","thread":"BftProcessorExecutor-QBFT-0","class":"QbftBesuControllerBuilder","message":"Imported #56 / 0 tx / 0 pending / 0 (0.0%) gas / (0xed5714cf68b31a9960bd6e113ac5eea0f98096612830f30e4558929bc2aa0254)","throwable":""}
{"timestamp":"2025-07-04T12:10:56,063","container":"5f93daac00f1","level":"INFO","thread":"BftProcessorExecutor-QBFT-0","class":"QbftBesuControllerBuilder","message":"Produced #57 / 0 tx / 0 pending / 0 (0.0%) gas / (0x351e3c23f10718c220cd075209751d00077b4b80b60c10126d5c304441b8fc74)","throwable":""}
{"timestamp":"2025-07-04T12:11:02,019","container":"5f93daac00f1","level":"INFO","thread":"BftProcessorExecutor-QBFT-0","class":"QbftBesuControllerBuilder","message":"Imported #58 / 0 tx / 0 pending / 0 (0.0%) gas / (0x8006cad374cf72bce13db54448359943a3b6e99175471b314600c2c705364ead)","throwable":""}
{"timestamp":"2025-07-04T12:11:21,081","container":"5f93daac00f1","level":"INFO","thread":"BftProcessorExecutor-QBFT-0","class":"QbftRound","message":"Importing proposed block to chain. round=ConsensusRoundIdentifier{Sequence=59, Round=1}, hash=0xf7bb5d17516b231a85a3c7959f89b679d506be42d1066bf7c353a0ca96635956","throwable":""}
{"timestamp":"2025-07-04T12:11:21,085","container":"5f93daac00f1","level":"INFO","thread":"BftProcessorExecutor-QBFT-0","class":"QbftBesuControllerBuilder","message":"Imported #59 / 0 tx / 0 pending / 0 (0.0%) gas / (0xf7bb5d17516b231a85a3c7959f89b679d506be42d1066bf7c353a0ca96635956)","throwable":""}
{"timestamp":"2025-07-04T12:11:31,101","container":"5f93daac00f1","level":"INFO","thread":"BftProcessorExecutor-QBFT-0","class":"QbftBesuControllerBuilder","message":"Produced #60 / 0 tx / 0 pending / 0 (0.0%) gas / (0xbaf32ba8f124ee4ba5813219f98ca62125737a0008ff5442f8cffe43a210ec48)","throwable":""}
{"timestamp":"2025-07-04T12:11:37,026","container":"5f93daac00f1","level":"INFO","thread":"BftProcessorExecutor-QBFT-0","class":"QbftBesuControllerBuilder","message":"Imported #61 / 0 tx / 0 pending / 0 (0.0%) gas / (0x5ce750b47b589aceeb0a444f8080b21ecbeaa29ba340470667fef465b09ea3af)","throwable":""}
{"timestamp":"2025-07-04T12:11:56,121","container":"5f93daac00f1","level":"INFO","thread":"BftProcessorExecutor-QBFT-0","class":"QbftRound","message":"Importing proposed block to chain. round=ConsensusRoundIdentifier{Sequence=62, Round=1}, hash=0x191342a95480637052b259d6c52aae5e1cb5fbdfedb2d5ab830af41681869cfc","throwable":""}
{"timestamp":"2025-07-04T12:11:56,126","container":"5f93daac00f1","level":"INFO","thread":"BftProcessorExecutor-QBFT-0","class":"QbftBesuControllerBuilder","message":"Imported #62 / 0 tx / 0 pending / 0 (0.0%) gas / (0x191342a95480637052b259d6c52aae5e1cb5fbdfedb2d5ab830af41681869cfc)","throwable":""}
{"timestamp":"2025-07-04T12:12:06,119","container":"5f93daac00f1","level":"INFO","thread":"BftProcessorExecutor-QBFT-0","class":"QbftBesuControllerBuilder","message":"Produced #63 / 0 tx / 0 pending / 0 (0.0%) gas / (0xf4f5017344c65b269403025106fa626a2c1f46a01e0749c925353f4fd5aad585)","throwable":""}
{"timestamp":"2025-07-04T12:12:12,031","container":"5f93daac00f1","level":"INFO","thread":"BftProcessorExecutor-QBFT-0","class":"QbftBesuControllerBuilder","message":"Imported #64 / 0 tx / 0 pending / 0 (0.0%) gas / (0xe910f192305b521a47c6277016eb89fd2c6aaf5ca98d2bf51a54e625b381aefc)","throwable":""}
{"timestamp":"2025-07-04T12:12:31,123","container":"5f93daac00f1","level":"INFO","thread":"BftProcessorExecutor-QBFT-0","class":"QbftRound","message":"Importing proposed block to chain. round=ConsensusRoundIdentifier{Sequence=65, Round=1}, hash=0x6e25651f916da57cc7b8099e67397d95360c137f390dd7e92d07ad83d81f9d2e","throwable":""}
{"timestamp":"2025-07-04T12:12:31,125","container":"5f93daac00f1","level":"INFO","thread":"BftProcessorExecutor-QBFT-0","class":"QbftBesuControllerBuilder","message":"Imported #65 / 0 tx / 0 pending / 0 (0.0%) gas / (0x6e25651f916da57cc7b8099e67397d95360c137f390dd7e92d07ad83d81f9d2e)","throwable":""}
{"timestamp":"2025-07-04T12:12:41,129","container":"5f93daac00f1","level":"INFO","thread":"BftProcessorExecutor-QBFT-0","class":"QbftBesuControllerBuilder","message":"Produced #66 / 0 tx / 0 pending / 0 (0.0%) gas / (0x14fa7b69bfd799c30beca12c57f9820997bc872c8aaeb56cb81416bae7a1e7d0)","throwable":""}
{"timestamp":"2025-07-04T12:12:47,025","container":"5f93daac00f1","level":"INFO","thread":"BftProcessorExecutor-QBFT-0","class":"QbftBesuControllerBuilder","message":"Imported #67 / 0 tx / 0 pending / 0 (0.0%) gas / (0x679dcc9f5d1a41032738d758ffecdb136a02b25cb3b6b2810e568244b9089d50)","throwable":""}
{"timestamp":"2025-07-04T12:13:06,151","container":"5f93daac00f1","level":"INFO","thread":"BftProcessorExecutor-QBFT-0","class":"QbftRound","message":"Importing proposed block to chain. round=ConsensusRoundIdentifier{Sequence=68, Round=1}, hash=0x2aeb1aab078a94daaa0619c584ba112edbd980e6c9aaf60e0c575a85d46cb5b5","throwable":""}
{"timestamp":"2025-07-04T12:13:06,154","container":"5f93daac00f1","level":"INFO","thread":"BftProcessorExecutor-QBFT-0","class":"QbftBesuControllerBuilder","message":"Imported #68 / 0 tx / 0 pending / 0 (0.0%) gas / (0x2aeb1aab078a94daaa0619c584ba112edbd980e6c9aaf60e0c575a85d46cb5b5)","throwable":""}
{"timestamp":"2025-07-04T12:13:16,174","container":"5f93daac00f1","level":"INFO","thread":"BftProcessorExecutor-QBFT-0","class":"QbftBesuControllerBuilder","message":"Produced #69 / 0 tx / 0 pending / 0 (0.0%) gas / (0x53ab8da8a74fd4cdd22281f38ee6193ddee4db53555d7bee145f674c5ac651a5)","throwable":""}
{"timestamp":"2025-07-04T12:13:22,029","container":"5f93daac00f1","level":"INFO","thread":"BftProcessorExecutor-QBFT-0","class":"QbftBesuControllerBuilder","message":"Imported #70 / 0 tx / 0 pending / 0 (0.0%) gas / (0x40fd38bc8f33250c389912e2659ece7e75c24914d5c5545feff7fb103ece977c)","throwable":""}
{"timestamp":"2025-07-04T12:13:41,199","container":"5f93daac00f1","level":"INFO","thread":"BftProcessorExecutor-QBFT-0","class":"QbftRound","message":"Importing proposed block to chain. round=ConsensusRoundIdentifier{Sequence=71, Round=1}, hash=0x1368baf4b26b51cce7dd65d2ecb49875fb28b66c2e6bd048ac613f66677d357f","throwable":""}
{"timestamp":"2025-07-04T12:13:41,202","container":"5f93daac00f1","level":"INFO","thread":"BftProcessorExecutor-QBFT-0","class":"QbftBesuControllerBuilder","message":"Imported #71 / 0 tx / 0 pending / 0 (0.0%) gas / (0x1368baf4b26b51cce7dd65d2ecb49875fb28b66c2e6bd048ac613f66677d357f)","throwable":""}
{"timestamp":"2025-07-04T12:13:51,201","container":"5f93daac00f1","level":"INFO","thread":"BftProcessorExecutor-QBFT-0","class":"QbftBesuControllerBuilder","message":"Produced #72 / 0 tx / 0 pending / 0 (0.0%) gas / (0xac966c6391a30e7e758da2220a9412497f9c659776c45a1d5e69c3c2a209bd09)","throwable":""}
{"timestamp":"2025-07-04T12:13:57,025","container":"5f93daac00f1","level":"INFO","thread":"BftProcessorExecutor-QBFT-0","class":"QbftBesuControllerBuilder","message":"Imported #73 / 0 tx / 0 pending / 0 (0.0%) gas / (0xc1de45e3d26eed43a0a358e1f74f5c20ca1c965d1697f9708aebc7125c219475)","throwable":""}
{"timestamp":"2025-07-04T12:14:16,224","container":"5f93daac00f1","level":"INFO","thread":"BftProcessorExecutor-QBFT-0","class":"QbftRound","message":"Importing proposed block to chain. round=ConsensusRoundIdentifier{Sequence=74, Round=1}, hash=0xb1e61f2e7b94a8384e2c002d9144433b91055db1c595af23f5cfe97a144d2e1d","throwable":""}
{"timestamp":"2025-07-04T12:14:16,227","container":"5f93daac00f1","level":"INFO","thread":"BftProcessorExecutor-QBFT-0","class":"QbftBesuControllerBuilder","message":"Imported #74 / 0 tx / 0 pending / 0 (0.0%) gas / (0xb1e61f2e7b94a8384e2c002d9144433b91055db1c595af23f5cfe97a144d2e1d)","throwable":""}
{"timestamp":"2025-07-04T12:14:26,229","container":"5f93daac00f1","level":"INFO","thread":"EthScheduler-Workers-0","class":"PersistBlockTask","message":"Imported #75 / 0 tx / 0 om / 0 (0.0%) gas / (0xc066ed9f7213cb2a6c85c782f147bb28528d6dba2b55a8d98ce30c81effdcbd0) in 0.001s. Peers: 3","throwable":""}
{"timestamp":"2025-07-04T12:14:32,014","container":"5f93daac00f1","level":"INFO","thread":"BftProcessorExecutor-QBFT-0","class":"QbftBesuControllerBuilder","message":"Imported #76 / 0 tx / 0 pending / 0 (0.0%) gas / (0x1724ef9b6ed25c3d196c701b9f50eb8193911fcd865455de3f7758fcc6eab290)","throwable":""}
{"timestamp":"2025-07-04T12:14:51,233","container":"5f93daac00f1","level":"INFO","thread":"BftProcessorExecutor-QBFT-0","class":"QbftRound","message":"Importing proposed block to chain. round=ConsensusRoundIdentifier{Sequence=77, Round=1}, hash=0x5fcdf8996bde7755ecd7f8afacc1639b4a52e5d3a4440e71e5c55977b01f5162","throwable":""}
{"timestamp":"2025-07-04T12:14:51,235","container":"5f93daac00f1","level":"INFO","thread":"BftProcessorExecutor-QBFT-0","class":"QbftBesuControllerBuilder","message":"Imported #77 / 0 tx / 0 pending / 0 (0.0%) gas / (0x5fcdf8996bde7755ecd7f8afacc1639b4a52e5d3a4440e71e5c55977b01f5162)","throwable":""}
{"timestamp":"2025-07-04T12:15:01,235","container":"5f93daac00f1","level":"INFO","thread":"BftProcessorExecutor-QBFT-0","class":"QbftBesuControllerBuilder","message":"Produced #78 / 0 tx / 0 pending / 0 (0.0%) gas / (0x684f5e55c4d97c2151c28a96e5abe47d06197cb33e98da1e47984b1820ad644f)","throwable":""}
{"timestamp":"2025-07-04T12:15:07,025","container":"5f93daac00f1","level":"INFO","thread":"BftProcessorExecutor-QBFT-0","class":"QbftBesuControllerBuilder","message":"Imported #79 / 0 tx / 0 pending / 0 (0.0%) gas / (0x84796004ad31d5e1947c0743f0f801dc05980619c66f87b9070d3dfbeb0395c1)","throwable":""}
{"timestamp":"2025-07-04T12:15:26,279","container":"5f93daac00f1","level":"INFO","thread":"BftProcessorExecutor-QBFT-0","class":"QbftRound","message":"Importing proposed block to chain. round=ConsensusRoundIdentifier{Sequence=80, Round=1}, hash=0xf926ffaca3b776342d820befbb9dd3ac8ca0bed53633144351dd5ea03cf88d7f","throwable":""}
{"timestamp":"2025-07-04T12:15:26,282","container":"5f93daac00f1","level":"INFO","thread":"BftProcessorExecutor-QBFT-0","class":"QbftBesuControllerBuilder","message":"Imported #80 / 0 tx / 0 pending / 0 (0.0%) gas / (0xf926ffaca3b776342d820befbb9dd3ac8ca0bed53633144351dd5ea03cf88d7f)","throwable":""}
{"timestamp":"2025-07-04T12:15:36,251","container":"5f93daac00f1","level":"INFO","thread":"BftProcessorExecutor-QBFT-0","class":"QbftBesuControllerBuilder","message":"Produced #81 / 0 tx / 0 pending / 0 (0.0%) gas / (0xa7ad68dea4dfb80a86c295bf3bfe55cf30112dd696bc1ec6e887d24228c39d6e)","throwable":""}
{"timestamp":"2025-07-04T12:15:42,027","container":"5f93daac00f1","level":"INFO","thread":"BftProcessorExecutor-QBFT-0","class":"QbftBesuControllerBuilder","message":"Imported #82 / 0 tx / 0 pending / 0 (0.0%) gas / (0x53d2195c4f5c42a531a4f8dbaea5d6a7d6b3ed086b00b7cbdfa4b4e9369616bc)","throwable":""}
{"timestamp":"2025-07-04T12:16:01,263","container":"5f93daac00f1","level":"INFO","thread":"BftProcessorExecutor-QBFT-0","class":"QbftRound","message":"Importing proposed block to chain. round=ConsensusRoundIdentifier{Sequence=83, Round=1}, hash=0x98a19b37b50e197b8f26ab342e9650c1bb88b1cced6373e024ed1eeadbe617b4","throwable":""}
{"timestamp":"2025-07-04T12:16:01,265","container":"5f93daac00f1","level":"INFO","thread":"BftProcessorExecutor-QBFT-0","class":"QbftBesuControllerBuilder","message":"Imported #83 / 0 tx / 0 pending / 0 (0.0%) gas / (0x98a19b37b50e197b8f26ab342e9650c1bb88b1cced6373e024ed1eeadbe617b4)","throwable":""}
{"timestamp":"2025-07-04T12:16:11,289","container":"5f93daac00f1","level":"INFO","thread":"BftProcessorExecutor-QBFT-0","class":"QbftBesuControllerBuilder","message":"Produced #84 / 0 tx / 0 pending / 0 (0.0%) gas / (0x0f9720b561c546b58073751ac5d40a7bc8e741636ed81aa1a75a0f24e20ae58b)","throwable":""}
{"timestamp":"2025-07-04T12:16:17,029","container":"5f93daac00f1","level":"INFO","thread":"BftProcessorExecutor-QBFT-0","class":"QbftBesuControllerBuilder","message":"Imported #85 / 0 tx / 0 pending / 0 (0.0%) gas / (0x49d9c32a5b1f04a3049ba49a9d9378bc9c24a1ee6adda299349f56be486b4f91)","throwable":""}
{"timestamp":"2025-07-04T12:16:36,303","container":"5f93daac00f1","level":"INFO","thread":"BftProcessorExecutor-QBFT-0","class":"QbftRound","message":"Importing proposed block to chain. round=ConsensusRoundIdentifier{Sequence=86, Round=1}, hash=0xc39a3a3053fbfea027736e9307d0e1b486fcfe0ba14df92b6fe1d50227222579","throwable":""}
{"timestamp":"2025-07-04T12:16:36,306","container":"5f93daac00f1","level":"INFO","thread":"BftProcessorExecutor-QBFT-0","class":"QbftBesuControllerBuilder","message":"Imported #86 / 0 tx / 0 pending / 0 (0.0%) gas / (0xc39a3a3053fbfea027736e9307d0e1b486fcfe0ba14df92b6fe1d50227222579)","throwable":""}
{"timestamp":"2025-07-04T12:16:46,329","container":"5f93daac00f1","level":"INFO","thread":"BftProcessorExecutor-QBFT-0","class":"QbftBesuControllerBuilder","message":"Produced #87 / 0 tx / 0 pending / 0 (0.0%) gas / (0x3f317f352f48cd3075af8ca4d249d984af5f299d2ef1df7091002f9be2741bd0)","throwable":""}
{"timestamp":"2025-07-04T12:16:52,030","container":"5f93daac00f1","level":"INFO","thread":"BftProcessorExecutor-QBFT-0","class":"QbftBesuControllerBuilder","message":"Imported #88 / 0 tx / 0 pending / 0 (0.0%) gas / (0x9af97c43924305cb652781573a84b1940a6bce739e9d64c8584af863b382bb7b)","throwable":""}
{"timestamp":"2025-07-04T12:17:11,361","container":"5f93daac00f1","level":"INFO","thread":"BftProcessorExecutor-QBFT-0","class":"QbftRound","message":"Importing proposed block to chain. round=ConsensusRoundIdentifier{Sequence=89, Round=1}, hash=0x280f07189cdf004b3aa225eb286f73d5acdf8bde3194ed8a6d6c010e7c2e9248","throwable":""}
{"timestamp":"2025-07-04T12:17:11,365","container":"5f93daac00f1","level":"INFO","thread":"BftProcessorExecutor-QBFT-0","class":"QbftBesuControllerBuilder","message":"Imported #89 / 0 tx / 0 pending / 0 (0.0%) gas / (0x280f07189cdf004b3aa225eb286f73d5acdf8bde3194ed8a6d6c010e7c2e9248)","throwable":""}
{"timestamp":"2025-07-04T12:17:21,362","container":"5f93daac00f1","level":"INFO","thread":"BftProcessorExecutor-QBFT-0","class":"QbftBesuControllerBuilder","message":"Produced #90 / 0 tx / 0 pending / 0 (0.0%) gas / (0xa25cbc6c11301364f267ecc836d9a97785b60c9acdd5cad16546fb651ab2c65b)","throwable":""}
{"timestamp":"2025-07-04T12:17:27,025","container":"5f93daac00f1","level":"INFO","thread":"BftProcessorExecutor-QBFT-0","class":"QbftBesuControllerBuilder","message":"Imported #91 / 0 tx / 0 pending / 0 (0.0%) gas / (0x9e1c939feff3d9d6fd5828ee9f310d499815aa79f61e68ada95365f1c835d225)","throwable":""}
{"timestamp":"2025-07-04T12:17:46,393","container":"5f93daac00f1","level":"INFO","thread":"BftProcessorExecutor-QBFT-0","class":"QbftRound","message":"Importing proposed block to chain. round=ConsensusRoundIdentifier{Sequence=92, Round=1}, hash=0x8d09b2379f5248885f858a25a1e4ccb6fbb8927836a9809e16697ebb7def3f64","throwable":""}
{"timestamp":"2025-07-04T12:17:46,397","container":"5f93daac00f1","level":"INFO","thread":"BftProcessorExecutor-QBFT-0","class":"QbftBesuControllerBuilder","message":"Imported #92 / 0 tx / 0 pending / 0 (0.0%) gas / (0x8d09b2379f5248885f858a25a1e4ccb6fbb8927836a9809e16697ebb7def3f64)","throwable":""}
{"timestamp":"2025-07-04T12:17:56,415","container":"5f93daac00f1","level":"INFO","thread":"BftProcessorExecutor-QBFT-0","class":"QbftBesuControllerBuilder","message":"Produced #93 / 0 tx / 0 pending / 0 (0.0%) gas / (0xe7c3d0df4e45d29488b95138a8a02ea67db4237e020f4406c8638a16f8610988)","throwable":""}
{"timestamp":"2025-07-04T12:18:02,024","container":"5f93daac00f1","level":"INFO","thread":"BftProcessorExecutor-QBFT-0","class":"QbftBesuControllerBuilder","message":"Imported #94 / 0 tx / 0 pending / 0 (0.0%) gas / (0xe5d889ea607580a3d96246605cf48a09595661b450b827e5e51ee87f3846a73d)","throwable":""}
{"timestamp":"2025-07-04T12:18:21,413","container":"5f93daac00f1","level":"INFO","thread":"BftProcessorExecutor-QBFT-0","class":"QbftRound","message":"Importing proposed block to chain. round=ConsensusRoundIdentifier{Sequence=95, Round=1}, hash=0xb2f6ca8b02438e2eb483859a7e33e19e7ecfe05c6fcc60a15658d5e1a0bfe0f6","throwable":""}
{"timestamp":"2025-07-04T12:18:21,415","container":"5f93daac00f1","level":"INFO","thread":"BftProcessorExecutor-QBFT-0","class":"QbftBesuControllerBuilder","message":"Imported #95 / 0 tx / 0 pending / 0 (0.0%) gas / (0xb2f6ca8b02438e2eb483859a7e33e19e7ecfe05c6fcc60a15658d5e1a0bfe0f6)","throwable":""}
{"timestamp":"2025-07-04T12:18:31,432","container":"5f93daac00f1","level":"INFO","thread":"BftProcessorExecutor-QBFT-0","class":"QbftBesuControllerBuilder","message":"Produced #96 / 0 tx / 0 pending / 0 (0.0%) gas / (0x2cc7f55fe293a716d650e5cb8ad0f30c9c7892ca9e0e1c924560eed2b8fb3007)","throwable":""}
{"timestamp":"2025-07-04T12:18:37,025","container":"5f93daac00f1","level":"INFO","thread":"BftProcessorExecutor-QBFT-0","class":"QbftBesuControllerBuilder","message":"Imported #97 / 0 tx / 0 pending / 0 (0.0%) gas / (0x98090598821f9fa2f8703e5234e976834a6e597b1b38bf392a62a9aa88fba407)","throwable":""}
{"timestamp":"2025-07-04T12:18:56,480","container":"5f93daac00f1","level":"INFO","thread":"BftProcessorExecutor-QBFT-0","class":"QbftRound","message":"Importing proposed block to chain. round=ConsensusRoundIdentifier{Sequence=98, Round=1}, hash=0x9123903618fa54d03b1cbfaf4005c557cc25b01e389948235d4e9d1758aed2ac","throwable":""}
{"timestamp":"2025-07-04T12:18:56,486","container":"5f93daac00f1","level":"INFO","thread":"BftProcessorExecutor-QBFT-0","class":"QbftBesuControllerBuilder","message":"Imported #98 / 0 tx / 0 pending / 0 (0.0%) gas / (0x9123903618fa54d03b1cbfaf4005c557cc25b01e389948235d4e9d1758aed2ac)","throwable":""}
{"timestamp":"2025-07-04T12:19:06,457","container":"5f93daac00f1","level":"INFO","thread":"BftProcessorExecutor-QBFT-0","class":"QbftBesuControllerBuilder","message":"Produced #99 / 0 tx / 0 pending / 0 (0.0%) gas / (0x05b79253c7057ef9724e644ff9b56f5c38739a27e5f2e75b8d65ac4cf77e7f39)","throwable":""}
{"timestamp":"2025-07-04T12:19:12,033","container":"5f93daac00f1","level":"INFO","thread":"BftProcessorExecutor-QBFT-0","class":"QbftBesuControllerBuilder","message":"Imported #100 / 0 tx / 0 pending / 0 (0.0%) gas / (0x16c343170d022ba2ddf128f2920d0e95883f39daabcc0d9d253bc50d7199f245)","throwable":""}
{"timestamp":"2025-07-04T12:19:31,501","container":"5f93daac00f1","level":"INFO","thread":"BftProcessorExecutor-QBFT-0","class":"QbftRound","message":"Importing proposed block to chain. round=ConsensusRoundIdentifier{Sequence=101, Round=1}, hash=0xa11d4e4916925c0941c8772ad74b5a2fd245b29eaabc38aae7b9951e54d03ebd","throwable":""}
{"timestamp":"2025-07-04T12:19:31,505","container":"5f93daac00f1","level":"INFO","thread":"BftProcessorExecutor-QBFT-0","class":"QbftBesuControllerBuilder","message":"Imported #101 / 0 tx / 0 pending / 0 (0.0%) gas / (0xa11d4e4916925c0941c8772ad74b5a2fd245b29eaabc38aae7b9951e54d03ebd)","throwable":""}
{"timestamp":"2025-07-04T12:19:39,022","container":"5f93daac00f1","level":"INFO","thread":"BftProcessorExecutor-QBFT-0","class":"QbftBesuControllerBuilder","message":"Produced #102 / 0 tx / 0 pending / 0 (0.0%) gas / (0x1153a54e9feea9d28c8b8298ee9275aaadcf57daf2f75b5654e9bc03f4e75f6f)","throwable":""}
{"timestamp":"2025-07-04T12:19:51,493","container":"5f93daac00f1","level":"INFO","thread":"BftProcessorExecutor-QBFT-0","class":"QbftBesuControllerBuilder","message":"Imported #103 / 0 tx / 0 pending / 0 (0.0%) gas / (0x9cca03608f480ff198f06d706989b914789f39831f21743cd2bbb72bb04edeca)","throwable":""}
{"timestamp":"2025-07-04T12:19:56,505","container":"5f93daac00f1","level":"INFO","thread":"BftProcessorExecutor-QBFT-0","class":"QbftBesuControllerBuilder","message":"Imported #104 / 0 tx / 0 pending / 0 (0.0%) gas / (0x68f5808aad57e49016ef5e61a4bcf03454fc045120d6db9a6598e1b0fc4dec8e)","throwable":""}
{"timestamp":"2025-07-04T12:20:03,026","container":"5f93daac00f1","level":"INFO","thread":"BftProcessorExecutor-QBFT-0","class":"QbftBesuControllerBuilder","message":"Imported #105 / 0 tx / 0 pending / 0 (0.0%) gas / (0x1e9ef80099a0138d8de11ee5d7dc0f8f58307b2a87f9b37d4cc8e413dec12bbe)","throwable":""}
{"timestamp":"2025-07-04T12:20:11,520","container":"5f93daac00f1","level":"INFO","thread":"BftProcessorExecutor-QBFT-0","class":"QbftBesuControllerBuilder","message":"Produced #106 / 0 tx / 0 pending / 0 (0.0%) gas / (0xf9c420cd16f00ea3cb33058e02989f2ea062494e02ace09ca6ec085144bceae3)","throwable":""}
{"timestamp":"2025-07-04T12:20:19,025","container":"5f93daac00f1","level":"INFO","thread":"BftProcessorExecutor-QBFT-0","class":"QbftBesuControllerBuilder","message":"Imported #107 / 0 tx / 0 pending / 0 (0.0%) gas / (0xeeff9f49ecbba8858979c8c698aede61ac2d9b93dbc0e04c195de7e6ed3a7b4a)","throwable":""}
{"timestamp":"2025-07-04T12:20:41,552","container":"5f93daac00f1","level":"INFO","thread":"BftProcessorExecutor-QBFT-0","class":"QbftRound","message":"Importing proposed block to chain. round=ConsensusRoundIdentifier{Sequence=108, Round=1}, hash=0xbda4cba2c779559fc873defa341025f47f9c0cbbb8fabc5f30793539deac5cb5","throwable":""}
{"timestamp":"2025-07-04T12:20:41,556","container":"5f93daac00f1","level":"INFO","thread":"BftProcessorExecutor-QBFT-0","class":"QbftBesuControllerBuilder","message":"Imported #108 / 0 tx / 0 pending / 0 (0.0%) gas / (0xbda4cba2c779559fc873defa341025f47f9c0cbbb8fabc5f30793539deac5cb5)","throwable":""}
{"timestamp":"2025-07-04T12:20:49,027","container":"5f93daac00f1","level":"INFO","thread":"BftProcessorExecutor-QBFT-0","class":"QbftBesuControllerBuilder","message":"Produced #109 / 0 tx / 0 pending / 0 (0.0%) gas / (0x6d2192e0f7a9d3ad8ff49f7133bf231b3582fd41a883ac45e3f510f6c9157353)","throwable":""}
{"timestamp":"2025-07-04T12:21:01,535","container":"5f93daac00f1","level":"INFO","thread":"BftProcessorExecutor-QBFT-0","class":"QbftBesuControllerBuilder","message":"Imported #110 / 0 tx / 0 pending / 0 (0.0%) gas / (0x70f62af47de3ea736b983f0fea7d2bbd9f1c988c02aec21e219a085ad3a4cd23)","throwable":""}
{"timestamp":"2025-07-04T12:21:06,442","container":"5f93daac00f1","level":"INFO","thread":"BftProcessorExecutor-QBFT-0","class":"QbftBesuControllerBuilder","message":"Imported #111 / 0 tx / 0 pending / 0 (0.0%) gas / (0xd5881f5a05c8b99c3c286a8f59e7012d783a60844ae0550454ca1fd08cccfcb2)","throwable":""}
{"timestamp":"2025-07-04T12:21:13,024","container":"5f93daac00f1","level":"INFO","thread":"BftProcessorExecutor-QBFT-0","class":"QbftBesuControllerBuilder","message":"Imported #112 / 0 tx / 0 pending / 0 (0.0%) gas / (0x29c3b53abd6f1eb2e912869d472aab5e2726c8f8b4ea18346332b603d06fa320)","throwable":""}
{"timestamp":"2025-07-04T12:21:21,562","container":"5f93daac00f1","level":"INFO","thread":"BftProcessorExecutor-QBFT-0","class":"QbftBesuControllerBuilder","message":"Produced #113 / 0 tx / 0 pending / 0 (0.0%) gas / (0x1a7324972db6bbc340ec57fd3f17d12aa3b72c9d9e9253ad2f1588dbf1417cd7)","throwable":""}
{"timestamp":"2025-07-04T12:21:29,026","container":"5f93daac00f1","level":"INFO","thread":"BftProcessorExecutor-QBFT-0","class":"QbftBesuControllerBuilder","message":"Imported #114 / 0 tx / 0 pending / 0 (0.0%) gas / (0x9efa2f5071e13b7bc977210fdb28d2556650e32d5de37c480469df83188d0fc0)","throwable":""}
{"timestamp":"2025-07-04T12:21:51,578","container":"5f93daac00f1","level":"INFO","thread":"BftProcessorExecutor-QBFT-0","class":"QbftRound","message":"Importing proposed block to chain. round=ConsensusRoundIdentifier{Sequence=115, Round=1}, hash=0x7b5f8942d749f49b2263e18c6e9867b8dfe2d182ac5d689bc7b0f82aaab28c0c","throwable":""}
{"timestamp":"2025-07-04T12:21:51,580","container":"5f93daac00f1","level":"INFO","thread":"BftProcessorExecutor-QBFT-0","class":"QbftBesuControllerBuilder","message":"Imported #115 / 0 tx / 0 pending / 0 (0.0%) gas / (0x7b5f8942d749f49b2263e18c6e9867b8dfe2d182ac5d689bc7b0f82aaab28c0c)","throwable":""}
{"timestamp":"2025-07-04T12:21:59,022","container":"5f93daac00f1","level":"INFO","thread":"BftProcessorExecutor-QBFT-0","class":"QbftBesuControllerBuilder","message":"Produced #116 / 0 tx / 0 pending / 0 (0.0%) gas / (0x09411d3713536e5ed7d14a8c19c8cdceea61b0b38bef3ef59ebd86bc491b76bc)","throwable":""}
{"timestamp":"2025-07-04T12:22:11,605","container":"5f93daac00f1","level":"INFO","thread":"EthScheduler-Workers-0","class":"PersistBlockTask","message":"Imported #117 / 0 tx / 0 om / 0 (0.0%) gas / (0xe7e2b49c9b90bd18246a6b1fae61e0e128fdae27b2a93b75d600f0703b382fa4) in 0.003s. Peers: 3","throwable":""}
{"timestamp":"2025-07-04T12:22:11,605","container":"5f93daac00f1","level":"INFO","thread":"BftProcessorExecutor-QBFT-0","class":"QbftBesuControllerBuilder","message":"Imported #117 / 0 tx / 0 pending / 0 (0.0%) gas / (0xe7e2b49c9b90bd18246a6b1fae61e0e128fdae27b2a93b75d600f0703b382fa4)","throwable":""}
{"timestamp":"2025-07-04T12:22:16,417","container":"5f93daac00f1","level":"INFO","thread":"BftProcessorExecutor-QBFT-0","class":"QbftBesuControllerBuilder","message":"Imported #118 / 0 tx / 0 pending / 0 (0.0%) gas / (0x35fe3361e3c23e3ec5043041f4e74d85f917b5bf1fcd06562a1535bb892b66d1)","throwable":""}
{"timestamp":"2025-07-04T12:22:23,014","container":"5f93daac00f1","level":"INFO","thread":"BftProcessorExecutor-QBFT-0","class":"QbftBesuControllerBuilder","message":"Imported #119 / 0 tx / 0 pending / 0 (0.0%) gas / (0x83e0b9bc769815e63fb40a5688803da6d2780ec9429cefd990acf555d4fa905b)","throwable":""}
{"timestamp":"2025-07-04T12:22:31,627","container":"5f93daac00f1","level":"INFO","thread":"BftProcessorExecutor-QBFT-0","class":"QbftBesuControllerBuilder","message":"Produced #120 / 0 tx / 0 pending / 0 (0.0%) gas / (0x812bee2656f52533fde0634a777661153ea0b2f2560fbf7f2628e67f2a2b3634)","throwable":""}
{"timestamp":"2025-07-04T12:22:39,027","container":"5f93daac00f1","level":"INFO","thread":"BftProcessorExecutor-QBFT-0","class":"QbftBesuControllerBuilder","message":"Imported #121 / 0 tx / 0 pending / 0 (0.0%) gas / (0x3c0d61c73d40e57d7a63a259f5a3ee12a816a7d23c7abbd6aec87390f791d441)","throwable":""}
{"timestamp":"2025-07-04T12:23:01,649","container":"5f93daac00f1","level":"INFO","thread":"BftProcessorExecutor-QBFT-0","class":"QbftRound","message":"Importing proposed block to chain. round=ConsensusRoundIdentifier{Sequence=122, Round=1}, hash=0x383c417802f1c20e26e5f89a6ef07ee64216362f8c630284c5ea398379cb149d","throwable":""}
{"timestamp":"2025-07-04T12:23:01,652","container":"5f93daac00f1","level":"INFO","thread":"BftProcessorExecutor-QBFT-0","class":"QbftBesuControllerBuilder","message":"Imported #122 / 0 tx / 0 pending / 0 (0.0%) gas / (0x383c417802f1c20e26e5f89a6ef07ee64216362f8c630284c5ea398379cb149d)","throwable":""}
{"timestamp":"2025-07-04T12:23:09,022","container":"5f93daac00f1","level":"INFO","thread":"BftProcessorExecutor-QBFT-0","class":"QbftBesuControllerBuilder","message":"Produced #123 / 0 tx / 0 pending / 0 (0.0%) gas / (0x13c984411fbe600a33133b272202f18e62e7da40519d553cf6baebe2d7eeeae1)","throwable":""}
{"timestamp":"2025-07-04T12:23:21,659","container":"5f93daac00f1","level":"INFO","thread":"BftProcessorExecutor-QBFT-0","class":"QbftBesuControllerBuilder","message":"Imported #124 / 0 tx / 0 pending / 0 (0.0%) gas / (0x46689a88c9d6f231e5082509e734e328169d42e99903da377df287b89bd54afa)","throwable":""}
{"timestamp":"2025-07-04T12:23:26,383","container":"5f93daac00f1","level":"INFO","thread":"BftProcessorExecutor-QBFT-0","class":"QbftBesuControllerBuilder","message":"Imported #125 / 0 tx / 0 pending / 0 (0.0%) gas / (0x83fbbfc3e2804c10e1549165b614b3676f6e4005f1ce3f18b61ce6abd0f580ad)","throwable":""}
{"timestamp":"2025-07-04T12:23:33,040","container":"5f93daac00f1","level":"INFO","thread":"BftProcessorExecutor-QBFT-0","class":"QbftBesuControllerBuilder","message":"Imported #126 / 0 tx / 0 pending / 0 (0.0%) gas / (0xf5aac344fb100285851e2d76e7adb17c81dae2ad9e54c37ce6d556e63f88c2e5)","throwable":""}
{"timestamp":"2025-07-04T12:23:41,700","container":"5f93daac00f1","level":"INFO","thread":"BftProcessorExecutor-QBFT-0","class":"QbftBesuControllerBuilder","message":"Produced #127 / 0 tx / 0 pending / 0 (0.0%) gas / (0x984963fc1f4a7dce3e07890a43a664229494e135468bdb82ce594e924f9a9f07)","throwable":""}
{"timestamp":"2025-07-04T12:23:49,034","container":"5f93daac00f1","level":"INFO","thread":"BftProcessorExecutor-QBFT-0","class":"QbftBesuControllerBuilder","message":"Imported #128 / 0 tx / 0 pending / 0 (0.0%) gas / (0xe6c4028efa374da49410fe77430ffa05918cafa7e2e06d2dcdb65c7da21a8052)","throwable":""}
{"timestamp":"2025-07-04T12:24:11,702","container":"5f93daac00f1","level":"INFO","thread":"BftProcessorExecutor-QBFT-0","class":"QbftRound","message":"Importing proposed block to chain. round=ConsensusRoundIdentifier{Sequence=129, Round=1}, hash=0x92adfeffd6df74dfe03610bb110eb32e8da01d1ecd9a5210d993e1210d1363db","throwable":""}
{"timestamp":"2025-07-04T12:24:11,704","container":"5f93daac00f1","level":"INFO","thread":"EthScheduler-Workers-0","class":"PersistBlockTask","message":"Block 129 (0x92adfeffd6df74dfe03610bb110eb32e8da01d1ecd9a5210d993e1210d1363db) is already imported","throwable":""}
{"timestamp":"2025-07-04T12:24:11,706","container":"5f93daac00f1","level":"INFO","thread":"BftProcessorExecutor-QBFT-0","class":"QbftBesuControllerBuilder","message":"Imported #129 / 0 tx / 0 pending / 0 (0.0%) gas / (0x92adfeffd6df74dfe03610bb110eb32e8da01d1ecd9a5210d993e1210d1363db)","throwable":""}
{"timestamp":"2025-07-04T12:24:19,027","container":"5f93daac00f1","level":"INFO","thread":"BftProcessorExecutor-QBFT-0","class":"QbftBesuControllerBuilder","message":"Produced #130 / 0 tx / 0 pending / 0 (0.0%) gas / (0x7aac46f3c7cd365dbe0b0104d33389173552b3075c6f4722114df81713f98fee)","throwable":""}
{"timestamp":"2025-07-04T12:24:31,731","container":"5f93daac00f1","level":"INFO","thread":"BftProcessorExecutor-QBFT-0","class":"QbftBesuControllerBuilder","message":"Imported #131 / 0 tx / 0 pending / 0 (0.0%) gas / (0x7668b8e5510f0ae6247a7b22701886f94cb879b5df7ba8551cdf81d62cebe93a)","throwable":""}
{"timestamp":"2025-07-04T12:24:36,334","container":"5f93daac00f1","level":"INFO","thread":"BftProcessorExecutor-QBFT-0","class":"QbftBesuControllerBuilder","message":"Imported #132 / 0 tx / 0 pending / 0 (0.0%) gas / (0xf3ea04541d87d4017807bb5497ae246490fc4f676e0a13cc6511a77f60219e2d)","throwable":""}
{"timestamp":"2025-07-04T12:24:43,025","container":"5f93daac00f1","level":"INFO","thread":"BftProcessorExecutor-QBFT-0","class":"QbftBesuControllerBuilder","message":"Imported #133 / 0 tx / 0 pending / 0 (0.0%) gas / (0x22c9a85a665e180ca0e05fc31680609acefc425d590c6149716ff85e54dafe22)","throwable":""}
{"timestamp":"2025-07-04T12:24:51,732","container":"5f93daac00f1","level":"INFO","thread":"BftProcessorExecutor-QBFT-0","class":"QbftBesuControllerBuilder","message":"Produced #134 / 0 tx / 0 pending / 0 (0.0%) gas / (0xc8c5664b6051713bf571440cdd966d8f17146cb5be0510056d2c142cfec7e771)","throwable":""}
{"timestamp":"2025-07-04T12:24:59,024","container":"5f93daac00f1","level":"INFO","thread":"BftProcessorExecutor-QBFT-0","class":"QbftBesuControllerBuilder","message":"Imported #135 / 0 tx / 0 pending / 0 (0.0%) gas / (0x481d38ddc04eab197f7c2d57645dcbaa759d375a1bde94d40ee244e6c2edc30f)","throwable":""}
{"timestamp":"2025-07-04T12:25:21,772","container":"5f93daac00f1","level":"INFO","thread":"BftProcessorExecutor-QBFT-0","class":"QbftRound","message":"Importing proposed block to chain. round=ConsensusRoundIdentifier{Sequence=136, Round=1}, hash=0xef677bec250b74022808c6aec60f62a5d3677c8260389f0e5626dfeb26870ed8","throwable":""}
{"timestamp":"2025-07-04T12:25:21,774","container":"5f93daac00f1","level":"INFO","thread":"BftProcessorExecutor-QBFT-0","class":"QbftBesuControllerBuilder","message":"Imported #136 / 0 tx / 0 pending / 0 (0.0%) gas / (0xef677bec250b74022808c6aec60f62a5d3677c8260389f0e5626dfeb26870ed8)","throwable":""}
{"timestamp":"2025-07-04T12:25:29,024","container":"5f93daac00f1","level":"INFO","thread":"BftProcessorExecutor-QBFT-0","class":"QbftBesuControllerBuilder","message":"Produced #137 / 0 tx / 0 pending / 0 (0.0%) gas / (0x891bf3215e26839323f90c1d7dab92d8ffd2842d7c07ca8609de9e70f7a471ef)","throwable":""}
{"timestamp":"2025-07-04T12:25:41,801","container":"5f93daac00f1","level":"INFO","thread":"BftProcessorExecutor-QBFT-0","class":"QbftBesuControllerBuilder","message":"Imported #138 / 0 tx / 0 pending / 0 (0.0%) gas / (0xc946b52b292022c8856989f474a35b9354e863994619d05d203aaa187f55f72d)","throwable":""}
{"timestamp":"2025-07-04T12:25:46,348","container":"5f93daac00f1","level":"INFO","thread":"BftProcessorExecutor-QBFT-0","class":"QbftBesuControllerBuilder","message":"Imported #139 / 0 tx / 0 pending / 0 (0.0%) gas / (0x8cce5328b991a957cb139635de20b4c9fe67a7aff032e943903512fa05a85d92)","throwable":""}
{"timestamp":"2025-07-04T12:25:53,029","container":"5f93daac00f1","level":"INFO","thread":"BftProcessorExecutor-QBFT-0","class":"QbftBesuControllerBuilder","message":"Imported #140 / 0 tx / 0 pending / 0 (0.0%) gas / (0xa79a4d682b48ab4e6025bc3aa5dfb0875dccfbfbeaf931350337ac01da65e512)","throwable":""}
{"timestamp":"2025-07-04T12:26:01,797","container":"5f93daac00f1","level":"INFO","thread":"BftProcessorExecutor-QBFT-0","class":"QbftBesuControllerBuilder","message":"Produced #141 / 0 tx / 0 pending / 0 (0.0%) gas / (0x9e0eedadfb78ce68484aa9458852877724043d2c236c18c22975c6bc1ca3e617)","throwable":""}
{"timestamp":"2025-07-04T12:26:09,027","container":"5f93daac00f1","level":"INFO","thread":"BftProcessorExecutor-QBFT-0","class":"QbftBesuControllerBuilder","message":"Imported #142 / 0 tx / 0 pending / 0 (0.0%) gas / (0xa1eac7b13ee78c68d74e32a59d75a9cd5aa656e6cb99bfcfdc09eaae54ce1f9a)","throwable":""}
{"timestamp":"2025-07-04T12:26:31,818","container":"5f93daac00f1","level":"INFO","thread":"BftProcessorExecutor-QBFT-0","class":"QbftRound","message":"Importing proposed block to chain. round=ConsensusRoundIdentifier{Sequence=143, Round=1}, hash=0x098513ca3deabeb4e5c7305c6e1b61abba5cbb0e723fcb7c9c73147b45c7a09e","throwable":""}
{"timestamp":"2025-07-04T12:26:31,822","container":"5f93daac00f1","level":"INFO","thread":"BftProcessorExecutor-QBFT-0","class":"QbftBesuControllerBuilder","message":"Imported #143 / 0 tx / 0 pending / 0 (0.0%) gas / (0x098513ca3deabeb4e5c7305c6e1b61abba5cbb0e723fcb7c9c73147b45c7a09e)","throwable":""}
{"timestamp":"2025-07-04T12:26:39,014","container":"5f93daac00f1","level":"INFO","thread":"BftProcessorExecutor-QBFT-0","class":"QbftBesuControllerBuilder","message":"Produced #144 / 0 tx / 0 pending / 0 (0.0%) gas / (0x24b34b06ee41b8a102d498426eaa3d09f37b6a8b9f3f21d93513d577c0e7dae6)","throwable":""}
{"timestamp":"2025-07-04T12:26:51,988","container":"5f93daac00f1","level":"INFO","thread":"BftProcessorExecutor-QBFT-0","class":"QbftBesuControllerBuilder","message":"Imported #145 / 0 tx / 0 pending / 0 (0.0%) gas / (0xbdbeac5d2a9d72f587fdf1ea199a47c03742848ece61bc976870d20c3c617377)","throwable":""}
{"timestamp":"2025-07-04T12:26:56,267","container":"5f93daac00f1","level":"INFO","thread":"BftProcessorExecutor-QBFT-0","class":"QbftBesuControllerBuilder","message":"Imported #146 / 0 tx / 0 pending / 0 (0.0%) gas / (0x1c037f202019e5adbea6e8aed5b45e2799843293567d32210d990e275cbcf32b)","throwable":""}
{"timestamp":"2025-07-04T12:27:29,602","container":"5f93daac00f1","level":"INFO","thread":"EthScheduler-Timer-0","class":"FullSyncTargetManager","message":"Unable to find sync target. Currently checking 0 peers for usefulness","throwable":""}
{"timestamp":"2025-07-04T12:27:34,603","container":"5f93daac00f1","level":"INFO","thread":"EthScheduler-Timer-0","class":"FullSyncTargetManager","message":"Unable to find sync target. Currently checking 0 peers for usefulness","throwable":""}
{"timestamp":"2025-07-04T12:27:39,604","container":"5f93daac00f1","level":"INFO","thread":"EthScheduler-Timer-0","class":"FullSyncTargetManager","message":"Unable to find sync target. Currently checking 0 peers for usefulness","throwable":""}
{"timestamp":"2025-07-04T12:27:44,604","container":"5f93daac00f1","level":"INFO","thread":"EthScheduler-Timer-0","class":"FullSyncTargetManager","message":"Unable to find sync target. Currently checking 0 peers for usefulness","throwable":""}
{"timestamp":"2025-07-04T12:27:49,605","container":"5f93daac00f1","level":"INFO","thread":"EthScheduler-Timer-0","class":"FullSyncTargetManager","message":"Unable to find sync target. Currently checking 0 peers for usefulness","throwable":""}
{"timestamp":"2025-07-04T12:27:54,605","container":"5f93daac00f1","level":"INFO","thread":"EthScheduler-Timer-0","class":"FullSyncTargetManager","message":"Unable to find sync target. Currently checking 0 peers for usefulness","throwable":""}
{"timestamp":"2025-07-04T12:27:59,606","container":"5f93daac00f1","level":"INFO","thread":"EthScheduler-Timer-0","class":"FullSyncTargetManager","message":"Unable to find sync target. Currently checking 0 peers for usefulness","throwable":""}
{"timestamp":"2025-07-04T12:28:04,607","container":"5f93daac00f1","level":"INFO","thread":"EthScheduler-Timer-0","class":"FullSyncTargetManager","message":"Unable to find sync target. Currently checking 0 peers for usefulness","throwable":""}
{"timestamp":"2025-07-04T12:28:09,607","container":"5f93daac00f1","level":"INFO","thread":"EthScheduler-Timer-0","class":"FullSyncTargetManager","message":"Unable to find sync target. Currently checking 0 peers for usefulness","throwable":""}
{"timestamp":"2025-07-04T12:28:14,608","container":"5f93daac00f1","level":"INFO","thread":"EthScheduler-Timer-0","class":"FullSyncTargetManager","message":"Unable to find sync target. Currently checking 0 peers for usefulness","throwable":""}
{"timestamp":"2025-07-04T12:28:19,608","container":"5f93daac00f1","level":"INFO","thread":"EthScheduler-Timer-0","class":"FullSyncTargetManager","message":"Unable to find sync target. Currently checking 0 peers for usefulness","throwable":""}
{"timestamp":"2025-07-04T12:28:24,609","container":"5f93daac00f1","level":"INFO","thread":"EthScheduler-Timer-0","class":"FullSyncTargetManager","message":"Unable to find sync target. Currently checking 0 peers for usefulness","throwable":""}
{"timestamp":"2025-07-04T12:28:29,610","container":"5f93daac00f1","level":"INFO","thread":"EthScheduler-Timer-0","class":"FullSyncTargetManager","message":"Unable to find sync target. Currently checking 0 peers for usefulness","throwable":""}
{"timestamp":"2025-07-04T12:28:34,610","container":"5f93daac00f1","level":"INFO","thread":"EthScheduler-Timer-0","class":"FullSyncTargetManager","message":"Unable to find sync target. Currently checking 0 peers for usefulness","throwable":""}
{"timestamp":"2025-07-04T12:28:39,611","container":"5f93daac00f1","level":"INFO","thread":"EthScheduler-Timer-0","class":"FullSyncTargetManager","message":"Unable to find sync target. Currently checking 0 peers for usefulness","throwable":""}
{"timestamp":"2025-07-04T12:28:44,612","container":"5f93daac00f1","level":"INFO","thread":"EthScheduler-Timer-0","class":"FullSyncTargetManager","message":"Unable to find sync target. Currently checking 0 peers for usefulness","throwable":""}
{"timestamp":"2025-07-04T12:28:49,612","container":"5f93daac00f1","level":"INFO","thread":"EthScheduler-Timer-0","class":"FullSyncTargetManager","message":"Unable to find sync target. Currently checking 0 peers for usefulness","throwable":""}
{"timestamp":"2025-07-04T12:28:54,613","container":"5f93daac00f1","level":"INFO","thread":"EthScheduler-Timer-0","class":"FullSyncTargetManager","message":"Unable to find sync target. Currently checking 0 peers for usefulness","throwable":""}
{"timestamp":"2025-07-04T12:28:59,613","container":"5f93daac00f1","level":"INFO","thread":"EthScheduler-Timer-0","class":"FullSyncTargetManager","message":"Unable to find sync target. Currently checking 0 peers for usefulness","throwable":""}
{"timestamp":"2025-07-04T12:29:04,614","container":"5f93daac00f1","level":"INFO","thread":"EthScheduler-Timer-0","class":"FullSyncTargetManager","message":"Unable to find sync target. Currently checking 0 peers for usefulness","throwable":""}
{"timestamp":"2025-07-04T12:29:09,615","container":"5f93daac00f1","level":"INFO","thread":"EthScheduler-Timer-0","class":"FullSyncTargetManager","message":"Unable to find sync target. Currently checking 0 peers for usefulness","throwable":""}
{"timestamp":"2025-07-04T12:29:14,082","container":"5f93daac00f1","level":"INFO","thread":"nioEventLoopGroup-3-7","class":"FullSyncTargetManager","message":"Unable to find sync target. Currently checking 2 peers for usefulness","throwable":""}
{"timestamp":"2025-07-04T12:29:33,046","container":"5f93daac00f1","level":"INFO","thread":"BftProcessorExecutor-QBFT-0","class":"QbftRound","message":"Importing proposed block to chain. round=ConsensusRoundIdentifier{Sequence=147, Round=4}, hash=0x624f0c3300d4807ebf79cbc657d7a933e02646fc097b86d5b36bc7b2ebdc1d7c","throwable":""}
{"timestamp":"2025-07-04T12:29:33,049","container":"5f93daac00f1","level":"INFO","thread":"BftProcessorExecutor-QBFT-0","class":"QbftBesuControllerBuilder","message":"Imported #147 / 0 tx / 0 pending / 0 (0.0%) gas / (0x624f0c3300d4807ebf79cbc657d7a933e02646fc097b86d5b36bc7b2ebdc1d7c)","throwable":""}
{"timestamp":"2025-07-04T12:29:44,633","container":"5f93daac00f1","level":"INFO","thread":"BftProcessorExecutor-QBFT-0","class":"QbftBesuControllerBuilder","message":"Produced #148 / 0 tx / 0 pending / 0 (0.0%) gas / (0xd944cd8d94a3e0b1506ffff3d8bd717627ebecd9fa50c49750d9d37ad9b44780)","throwable":""}
{"timestamp":"2025-07-04T12:29:49,039","container":"5f93daac00f1","level":"INFO","thread":"BftProcessorExecutor-QBFT-0","class":"QbftBesuControllerBuilder","message":"Imported #149 / 0 tx / 0 pending / 0 (0.0%) gas / (0xcf9fe88d693c37e3bb419f2db84d875b1e1445063eabab4a55dafeca8433a282)","throwable":""}
{"timestamp":"2025-07-04T12:30:10,699","container":"5f93daac00f1","level":"INFO","thread":"BftProcessorExecutor-QBFT-0","class":"QbftRound","message":"Importing proposed block to chain. round=ConsensusRoundIdentifier{Sequence=150, Round=1}, hash=0x1f6137cc6088712b05100edff43c61a807d4611faf5ddacf3e4aeb1aac8c4b9e","throwable":""}
{"timestamp":"2025-07-04T12:30:10,704","container":"5f93daac00f1","level":"INFO","thread":"BftProcessorExecutor-QBFT-0","class":"QbftBesuControllerBuilder","message":"Imported #150 / 0 tx / 0 pending / 0 (0.0%) gas / (0x1f6137cc6088712b05100edff43c61a807d4611faf5ddacf3e4aeb1aac8c4b9e)","throwable":""}
{"timestamp":"2025-07-04T12:30:18,053","container":"5f93daac00f1","level":"INFO","thread":"BftProcessorExecutor-QBFT-0","class":"QbftBesuControllerBuilder","message":"Produced #151 / 0 tx / 0 pending / 0 (0.0%) gas / (0xe1e408c97df790da367fee4f7fe8cf5bd0ef8e5bd2f2412a5dcb5af8b396ec90)","throwable":""}
{"timestamp":"2025-07-04T12:30:30,761","container":"5f93daac00f1","level":"INFO","thread":"BftProcessorExecutor-QBFT-0","class":"QbftBesuControllerBuilder","message":"Imported #152 / 0 tx / 0 pending / 0 (0.0%) gas / (0x7c10c807ddc405b7637d3e500a1e5bcbed54bcdea77a1182179bc8967a639d07)","throwable":""}
{"timestamp":"2025-07-04T12:30:35,353","container":"5f93daac00f1","level":"INFO","thread":"BftProcessorExecutor-QBFT-0","class":"QbftBesuControllerBuilder","message":"Imported #153 / 0 tx / 0 pending / 0 (0.0%) gas / (0x1717a4d0b40c11c0a7931381c86349bb1869227c83bf0a8ea9b60f20509ad1b0)","throwable":""}
{"timestamp":"2025-07-04T12:30:42,036","container":"5f93daac00f1","level":"INFO","thread":"BftProcessorExecutor-QBFT-0","class":"QbftBesuControllerBuilder","message":"Imported #154 / 0 tx / 0 pending / 0 (0.0%) gas / (0xdb288231c83aaaa5efdc3915acbb1fce4bb2e79b2b10eccdf798f34e17ab50da)","throwable":""}
{"timestamp":"2025-07-04T12:30:50,800","container":"5f93daac00f1","level":"INFO","thread":"BftProcessorExecutor-QBFT-0","class":"QbftBesuControllerBuilder","message":"Produced #155 / 0 tx / 0 pending / 0 (0.0%) gas / (0x572ac41c87926773c081755bbcc2b1fc6e201f5645942876648b560364c04b56)","throwable":""}
{"timestamp":"2025-07-04T12:30:58,056","container":"5f93daac00f1","level":"INFO","thread":"BftProcessorExecutor-QBFT-0","class":"QbftBesuControllerBuilder","message":"Imported #156 / 0 tx / 0 pending / 0 (0.0%) gas / (0xa65f02ed545b2c4b401163c002f1b09c97007b95db2e142282821dfb20eb6039)","throwable":""}
{"timestamp":"2025-07-04T12:31:20,831","container":"5f93daac00f1","level":"INFO","thread":"BftProcessorExecutor-QBFT-0","class":"QbftRound","message":"Importing proposed block to chain. round=ConsensusRoundIdentifier{Sequence=157, Round=1}, hash=0xe0a95dac381709a25723e79a7992040e3c55f804a615c4a73bfba65dacd0da1a","throwable":""}
{"timestamp":"2025-07-04T12:31:20,835","container":"5f93daac00f1","level":"INFO","thread":"BftProcessorExecutor-QBFT-0","class":"QbftBesuControllerBuilder","message":"Imported #157 / 0 tx / 0 pending / 0 (0.0%) gas / (0xe0a95dac381709a25723e79a7992040e3c55f804a615c4a73bfba65dacd0da1a)","throwable":""}
{"timestamp":"2025-07-04T12:31:28,047","container":"5f93daac00f1","level":"INFO","thread":"BftProcessorExecutor-QBFT-0","class":"QbftBesuControllerBuilder","message":"Produced #158 / 0 tx / 0 pending / 0 (0.0%) gas / (0x61d25defad500861578c3d3976912653fa045a9546dcfda170c96eab8d0c7ac2)","throwable":""}
{"timestamp":"2025-07-04T12:31:40,859","container":"5f93daac00f1","level":"INFO","thread":"BftProcessorExecutor-QBFT-0","class":"QbftBesuControllerBuilder","message":"Imported #159 / 0 tx / 0 pending / 0 (0.0%) gas / (0x9ead3e04129f0ce563db7ac31805d5c88916bb5c7f2b071276f4dd59be641b1b)","throwable":""}
{"timestamp":"2025-07-04T12:31:45,310","container":"5f93daac00f1","level":"INFO","thread":"BftProcessorExecutor-QBFT-0","class":"QbftBesuControllerBuilder","message":"Imported #160 / 0 tx / 0 pending / 0 (0.0%) gas / (0xa1aa881d2bc1ff9dd3a4fff821bd5b331e54244c8fd007ad9f3a6b7d2824aace)","throwable":""}
{"timestamp":"2025-07-04T12:31:52,034","container":"5f93daac00f1","level":"INFO","thread":"BftProcessorExecutor-QBFT-0","class":"QbftBesuControllerBuilder","message":"Imported #161 / 0 tx / 0 pending / 0 (0.0%) gas / (0xede0feaba5accb6035f8873dd6bfd96bfb391d3254c6f28702bc283c7e7f29a4)","throwable":""}
{"timestamp":"2025-07-04T12:32:00,896","container":"5f93daac00f1","level":"INFO","thread":"BftProcessorExecutor-QBFT-0","class":"QbftBesuControllerBuilder","message":"Produced #162 / 0 tx / 0 pending / 0 (0.0%) gas / (0x790631306974f0ce3b31a3ba1b0dcb229ba44fb017850b896aadce8aa8085656)","throwable":""}
{"timestamp":"2025-07-04T12:32:08,041","container":"5f93daac00f1","level":"INFO","thread":"BftProcessorExecutor-QBFT-0","class":"QbftBesuControllerBuilder","message":"Imported #163 / 0 tx / 0 pending / 0 (0.0%) gas / (0x66eb6fae1bcb2b0caf614d599d13dfa7a80e3a002a43574eddc69a7ef4fa5e37)","throwable":""}
{"timestamp":"2025-07-04T12:32:30,916","container":"5f93daac00f1","level":"INFO","thread":"BftProcessorExecutor-QBFT-0","class":"QbftRound","message":"Importing proposed block to chain. round=ConsensusRoundIdentifier{Sequence=164, Round=1}, hash=0x5b09b6343b106bf04ee218fc33e7c32c478b31801a6e6545dbfe0b3684abf3c7","throwable":""}
{"timestamp":"2025-07-04T12:32:30,919","container":"5f93daac00f1","level":"INFO","thread":"BftProcessorExecutor-QBFT-0","class":"QbftBesuControllerBuilder","message":"Imported #164 / 0 tx / 0 pending / 0 (0.0%) gas / (0x5b09b6343b106bf04ee218fc33e7c32c478b31801a6e6545dbfe0b3684abf3c7)","throwable":""}
{"timestamp":"2025-07-04T12:32:38,027","container":"5f93daac00f1","level":"INFO","thread":"BftProcessorExecutor-QBFT-0","class":"QbftBesuControllerBuilder","message":"Produced #165 / 0 tx / 0 pending / 0 (0.0%) gas / (0x79929a07ca66dd344ed2c3fe98e5d1a0e38c315c0f4abe9ffc1ac83c65628631)","throwable":""}
{"timestamp":"2025-07-04T12:32:50,988","container":"5f93daac00f1","level":"INFO","thread":"BftProcessorExecutor-QBFT-0","class":"QbftBesuControllerBuilder","message":"Imported #166 / 0 tx / 0 pending / 0 (0.0%) gas / (0xa6466b9431c6adbf5f1f0bcd513a1ff47854d4b2080acdb806ec2d594778893f)","throwable":""}
{"timestamp":"2025-07-04T12:32:55,262","container":"5f93daac00f1","level":"INFO","thread":"BftProcessorExecutor-QBFT-0","class":"QbftBesuControllerBuilder","message":"Imported #167 / 0 tx / 0 pending / 0 (0.0%) gas / (0x7a428e34de21228f3b522ede4f22143995547b4837f4c19cc37ec43ebe091651)","throwable":""}
{"timestamp":"2025-07-04T12:33:02,033","container":"5f93daac00f1","level":"INFO","thread":"BftProcessorExecutor-QBFT-0","class":"QbftBesuControllerBuilder","message":"Imported #168 / 0 tx / 0 pending / 0 (0.0%) gas / (0x1f1f8cab07573d2645e46a15a70acccd7159a6b89f3005c5f1f09cb5a2e00f56)","throwable":""}
{"timestamp":"2025-07-04T12:33:11,040","container":"5f93daac00f1","level":"INFO","thread":"BftProcessorExecutor-QBFT-0","class":"QbftBesuControllerBuilder","message":"Produced #169 / 0 tx / 0 pending / 0 (0.0%) gas / (0x7206987385fe666b04a81c73498f046ec132f3ab9bfe2f27a13b91b6d15e931b)","throwable":""}
{"timestamp":"2025-07-04T12:33:18,029","container":"5f93daac00f1","level":"INFO","thread":"BftProcessorExecutor-QBFT-0","class":"QbftBesuControllerBuilder","message":"Imported #170 / 0 tx / 0 pending / 0 (0.0%) gas / (0x70a89cd43c4de8b4b1883afa8414665d5de82e2d5ba678915d2d07787c44a7be)","throwable":""}
{"timestamp":"2025-07-04T12:33:36,058","container":"5f93daac00f1","level":"INFO","thread":"BftProcessorExecutor-QBFT-0","class":"QbftRound","message":"Importing proposed block to chain. round=ConsensusRoundIdentifier{Sequence=171, Round=1}, hash=0x090eea52cdaaba179529cd9e37262df501ad16ccdddb12ef93ab9f53b5093142","throwable":""}
{"timestamp":"2025-07-04T12:33:36,061","container":"5f93daac00f1","level":"INFO","thread":"BftProcessorExecutor-QBFT-0","class":"QbftBesuControllerBuilder","message":"Imported #171 / 0 tx / 0 pending / 0 (0.0%) gas / (0x090eea52cdaaba179529cd9e37262df501ad16ccdddb12ef93ab9f53b5093142)","throwable":""}
{"timestamp":"2025-07-04T12:33:46,078","container":"5f93daac00f1","level":"INFO","thread":"BftProcessorExecutor-QBFT-0","class":"QbftBesuControllerBuilder","message":"Produced #172 / 0 tx / 0 pending / 0 (0.0%) gas / (0x5c79f60047868cc5c6711a1e7d1a7a85cef0e510ed4f1732f7ba341a5426b9e7)","throwable":""}
{"timestamp":"2025-07-04T12:33:52,030","container":"5f93daac00f1","level":"INFO","thread":"BftProcessorExecutor-QBFT-0","class":"QbftBesuControllerBuilder","message":"Imported #173 / 0 tx / 0 pending / 0 (0.0%) gas / (0x148009bc5b214eecb8a3ea0da359b877c43daa5a9131b88102d55c11bea1dc63)","throwable":""}
{"timestamp":"2025-07-04T12:34:11,107","container":"5f93daac00f1","level":"INFO","thread":"BftProcessorExecutor-QBFT-0","class":"QbftRound","message":"Importing proposed block to chain. round=ConsensusRoundIdentifier{Sequence=174, Round=1}, hash=0x2dddf13a04e67708bd78a23851ce508136023b98e0d0db649b7b7b48b8dd76f2","throwable":""}
{"timestamp":"2025-07-04T12:34:11,110","container":"5f93daac00f1","level":"INFO","thread":"BftProcessorExecutor-QBFT-0","class":"QbftBesuControllerBuilder","message":"Imported #174 / 0 tx / 0 pending / 0 (0.0%) gas / (0x2dddf13a04e67708bd78a23851ce508136023b98e0d0db649b7b7b48b8dd76f2)","throwable":""}
{"timestamp":"2025-07-04T12:34:21,124","container":"5f93daac00f1","level":"INFO","thread":"BftProcessorExecutor-QBFT-0","class":"QbftBesuControllerBuilder","message":"Produced #175 / 0 tx / 0 pending / 0 (0.0%) gas / (0x450993c9918af89a2b1a452b0d086b20a40e0e5a48ccd098a90908f39d05dea9)","throwable":""}
{"timestamp":"2025-07-04T12:34:27,017","container":"5f93daac00f1","level":"INFO","thread":"BftProcessorExecutor-QBFT-0","class":"QbftBesuControllerBuilder","message":"Imported #176 / 0 tx / 0 pending / 0 (0.0%) gas / (0x5ed57858667b2ce2d57d664b29f844faa801f1c1d2bfe8892579cf893bc4915c)","throwable":""}
{"timestamp":"2025-07-04T12:34:46,157","container":"5f93daac00f1","level":"INFO","thread":"BftProcessorExecutor-QBFT-0","class":"QbftRound","message":"Importing proposed block to chain. round=ConsensusRoundIdentifier{Sequence=177, Round=1}, hash=0xd52198ffff11d1f080c7e74a96f945b277e01772606ead5b44da87d9c936b5c4","throwable":""}
{"timestamp":"2025-07-04T12:34:46,170","container":"5f93daac00f1","level":"INFO","thread":"BftProcessorExecutor-QBFT-0","class":"QbftBesuControllerBuilder","message":"Imported #177 / 0 tx / 0 pending / 0 (0.0%) gas / (0xd52198ffff11d1f080c7e74a96f945b277e01772606ead5b44da87d9c936b5c4)","throwable":""}
{"timestamp":"2025-07-04T12:34:56,176","container":"5f93daac00f1","level":"INFO","thread":"BftProcessorExecutor-QBFT-0","class":"QbftBesuControllerBuilder","message":"Produced #178 / 0 tx / 0 pending / 0 (0.0%) gas / (0xd5d78d2303e3851f9fa8bca2933693674c7af45457ed5518e1ab32e7ce5fbeaf)","throwable":""}
{"timestamp":"2025-07-04T12:35:02,029","container":"5f93daac00f1","level":"INFO","thread":"BftProcessorExecutor-QBFT-0","class":"QbftBesuControllerBuilder","message":"Imported #179 / 0 tx / 0 pending / 0 (0.0%) gas / (0x0ab31b4029676586bcb362eff1a2bb225cb0bf16c751b2cd5c1e619d1a6302fe)","throwable":""}
{"timestamp":"2025-07-04T12:35:21,245","container":"5f93daac00f1","level":"INFO","thread":"BftProcessorExecutor-QBFT-0","class":"QbftRound","message":"Importing proposed block to chain. round=ConsensusRoundIdentifier{Sequence=180, Round=1}, hash=0xb1418aa0735174eb9111e6783ea4cd1f54e1f866d93dbe554c0dd67f30c38b39","throwable":""}
{"timestamp":"2025-07-04T12:35:21,248","container":"5f93daac00f1","level":"INFO","thread":"BftProcessorExecutor-QBFT-0","class":"QbftBesuControllerBuilder","message":"Imported #180 / 0 tx / 0 pending / 0 (0.0%) gas / (0xb1418aa0735174eb9111e6783ea4cd1f54e1f866d93dbe554c0dd67f30c38b39)","throwable":""}
{"timestamp":"2025-07-04T12:35:29,027","container":"5f93daac00f1","level":"INFO","thread":"BftProcessorExecutor-QBFT-0","class":"QbftBesuControllerBuilder","message":"Produced #181 / 0 tx / 0 pending / 0 (0.0%) gas / (0x169aa65dddc314113c948cf5a1543f6dc512a5f34dac9121fad80d2470b2efc1)","throwable":""}
{"timestamp":"2025-07-04T12:35:37,270","container":"5f93daac00f1","level":"INFO","thread":"BftProcessorExecutor-QBFT-0","class":"QbftBesuControllerBuilder","message":"Imported #182 / 0 tx / 0 pending / 0 (0.0%) gas / (0x4921ff1c1154a79badbdb0e2f1a8fead42c015231d56d77ac45d0dfef17cd1a5)","throwable":""}
{"timestamp":"2025-07-04T12:35:46,173","container":"5f93daac00f1","level":"INFO","thread":"BftProcessorExecutor-QBFT-0","class":"QbftBesuControllerBuilder","message":"Imported #183 / 0 tx / 0 pending / 0 (0.0%) gas / (0xa7304f783fe879dd09cb10e64aa1670d8c62dc15da3d66f14c4f841cf838c85b)","throwable":""}
{"timestamp":"2025-07-04T12:35:53,024","container":"5f93daac00f1","level":"INFO","thread":"BftProcessorExecutor-QBFT-0","class":"QbftBesuControllerBuilder","message":"Imported #184 / 0 tx / 0 pending / 0 (0.0%) gas / (0xac551fa5397712b2b2b011d3225594db791fadf547f1f0991563b548a0bbe5e7)","throwable":""}
{"timestamp":"2025-07-04T12:36:02,292","container":"5f93daac00f1","level":"INFO","thread":"BftProcessorExecutor-QBFT-0","class":"QbftBesuControllerBuilder","message":"Produced #185 / 0 tx / 0 pending / 0 (0.0%) gas / (0xb8e218ef29efcf318293155d67f61ae6211dfcef6e2c55088359c5eba8357c97)","throwable":""}
{"timestamp":"2025-07-04T12:36:09,013","container":"5f93daac00f1","level":"INFO","thread":"BftProcessorExecutor-QBFT-0","class":"QbftBesuControllerBuilder","message":"Imported #186 / 0 tx / 0 pending / 0 (0.0%) gas / (0x217aeea98ec2c38de3f52800f092287b8455e3f700f6dee20171b66ad7466c31)","throwable":""}
{"timestamp":"2025-07-04T12:36:27,319","container":"5f93daac00f1","level":"INFO","thread":"BftProcessorExecutor-QBFT-0","class":"QbftRound","message":"Importing proposed block to chain. round=ConsensusRoundIdentifier{Sequence=187, Round=1}, hash=0xeb017270f45d805c0b0ad1c4276048875420514dbef00ce55dc524babdd01a5b","throwable":""}
{"timestamp":"2025-07-04T12:36:27,323","container":"5f93daac00f1","level":"INFO","thread":"BftProcessorExecutor-QBFT-0","class":"QbftBesuControllerBuilder","message":"Imported #187 / 0 tx / 0 pending / 0 (0.0%) gas / (0xeb017270f45d805c0b0ad1c4276048875420514dbef00ce55dc524babdd01a5b)","throwable":""}
{"timestamp":"2025-07-04T12:36:35,017","container":"5f93daac00f1","level":"INFO","thread":"BftProcessorExecutor-QBFT-0","class":"QbftBesuControllerBuilder","message":"Produced #188 / 0 tx / 0 pending / 0 (0.0%) gas / (0x24ba7e4a55555db1b7af84df0ee340809e4dd083a76633be458c47eb876a1db9)","throwable":""}
{"timestamp":"2025-07-04T12:36:47,330","container":"5f93daac00f1","level":"INFO","thread":"BftProcessorExecutor-QBFT-0","class":"QbftBesuControllerBuilder","message":"Imported #189 / 0 tx / 0 pending / 0 (0.0%) gas / (0xaba4159eaf27ecc273f0ac8ac69a864ad73a0cae66ea5883bb3ad249973c1653)","throwable":""}
{"timestamp":"2025-07-04T12:36:52,153","container":"5f93daac00f1","level":"INFO","thread":"BftProcessorExecutor-QBFT-0","class":"QbftBesuControllerBuilder","message":"Imported #190 / 0 tx / 0 pending / 0 (0.0%) gas / (0xcd4c283b4a458f60481c8cb8298fc6d28c35c8d609df6a45dfdba27d081b6518)","throwable":""}
{"timestamp":"2025-07-04T12:36:59,017","container":"5f93daac00f1","level":"INFO","thread":"BftProcessorExecutor-QBFT-0","class":"QbftBesuControllerBuilder","message":"Imported #191 / 0 tx / 0 pending / 0 (0.0%) gas / (0xabfce68bf999a5ed204e5bcbc8cea63282304448e745fb68e4e6577d308cc8eb)","throwable":""}
{"timestamp":"2025-07-04T12:37:07,361","container":"5f93daac00f1","level":"INFO","thread":"BftProcessorExecutor-QBFT-0","class":"QbftBesuControllerBuilder","message":"Produced #192 / 0 tx / 0 pending / 0 (0.0%) gas / (0x5b3455b2d5cc3743e50f676b617c46bf0374fd5f3853d3b4a62d7b55af5fef87)","throwable":""}
{"timestamp":"2025-07-04T12:37:15,047","container":"5f93daac00f1","level":"INFO","thread":"BftProcessorExecutor-QBFT-0","class":"QbftBesuControllerBuilder","message":"Imported #193 / 0 tx / 0 pending / 0 (0.0%) gas / (0xcea1a9bff5636fa959d60cc17a43b80ce4654044befe54c0d826ee08544444c6)","throwable":""}
{"timestamp":"2025-07-04T12:37:37,374","container":"5f93daac00f1","level":"INFO","thread":"BftProcessorExecutor-QBFT-0","class":"QbftRound","message":"Importing proposed block to chain. round=ConsensusRoundIdentifier{Sequence=194, Round=1}, hash=0xacf8730c87afaa4e77e33905550b734af574b38b9aa3ffe3c23eee2d0de0507f","throwable":""}
{"timestamp":"2025-07-04T12:37:37,378","container":"5f93daac00f1","level":"INFO","thread":"BftProcessorExecutor-QBFT-0","class":"QbftBesuControllerBuilder","message":"Imported #194 / 0 tx / 0 pending / 0 (0.0%) gas / (0xacf8730c87afaa4e77e33905550b734af574b38b9aa3ffe3c23eee2d0de0507f)","throwable":""}
{"timestamp":"2025-07-04T12:37:45,023","container":"5f93daac00f1","level":"INFO","thread":"BftProcessorExecutor-QBFT-0","class":"QbftBesuControllerBuilder","message":"Produced #195 / 0 tx / 0 pending / 0 (0.0%) gas / (0x29dd21041d7374035dcbe3cd5d1b6f3e6bca5d099caa7ba7b9d1e8418eafaa1c)","throwable":""}
{"timestamp":"2025-07-04T12:37:57,394","container":"5f93daac00f1","level":"INFO","thread":"BftProcessorExecutor-QBFT-0","class":"QbftBesuControllerBuilder","message":"Imported #196 / 0 tx / 0 pending / 0 (0.0%) gas / (0x3e3ae615779892b64fb57d219863b9d020133954d0a3f2790ebd0a1af75e9b4a)","throwable":""}
{"timestamp":"2025-07-04T12:38:02,114","container":"5f93daac00f1","level":"INFO","thread":"BftProcessorExecutor-QBFT-0","class":"QbftBesuControllerBuilder","message":"Imported #197 / 0 tx / 0 pending / 0 (0.0%) gas / (0xf437ec115ee069910ba53cccea88931a00669c280de35a022161873953aaf195)","throwable":""}
{"timestamp":"2025-07-04T12:38:09,023","container":"5f93daac00f1","level":"INFO","thread":"BftProcessorExecutor-QBFT-0","class":"QbftBesuControllerBuilder","message":"Imported #198 / 0 tx / 0 pending / 0 (0.0%) gas / (0x6e786bd3e8c9ee0751db322d032839329de37af0d048de5bb288dd651ae9b0f0)","throwable":""}
{"timestamp":"2025-07-04T12:38:17,405","container":"5f93daac00f1","level":"INFO","thread":"BftProcessorExecutor-QBFT-0","class":"QbftBesuControllerBuilder","message":"Produced #199 / 0 tx / 0 pending / 0 (0.0%) gas / (0x72119ba3c90bd0fcc21e7b13e592765175c1201302747a2ae602fad2ea94389d)","throwable":""}
{"timestamp":"2025-07-04T12:38:25,025","container":"5f93daac00f1","level":"INFO","thread":"BftProcessorExecutor-QBFT-0","class":"QbftBesuControllerBuilder","message":"Imported #200 / 0 tx / 0 pending / 0 (0.0%) gas / (0xbb9ff67f7649ab57f21399f0ee93d0677b31ccfe331f9589416dd375649094f4)","throwable":""}
{"timestamp":"2025-07-04T12:38:47,442","container":"5f93daac00f1","level":"INFO","thread":"BftProcessorExecutor-QBFT-0","class":"QbftRound","message":"Importing proposed block to chain. round=ConsensusRoundIdentifier{Sequence=201, Round=1}, hash=0xae9ffff0578cf9ba607586525156209054277d221f6bd24648c2d63faca2ca58","throwable":""}
{"timestamp":"2025-07-04T12:38:47,460","container":"5f93daac00f1","level":"INFO","thread":"BftProcessorExecutor-QBFT-0","class":"QbftBesuControllerBuilder","message":"Imported #201 / 0 tx / 0 pending / 0 (0.0%) gas / (0xae9ffff0578cf9ba607586525156209054277d221f6bd24648c2d63faca2ca58)","throwable":""}
{"timestamp":"2025-07-04T12:38:55,024","container":"5f93daac00f1","level":"INFO","thread":"BftProcessorExecutor-QBFT-0","class":"QbftBesuControllerBuilder","message":"Produced #202 / 0 tx / 0 pending / 0 (0.0%) gas / (0x2694ef42bbb29bb38f37a00a75de7359afd0e20cf5c3f6400506372156c43f39)","throwable":""}
{"timestamp":"2025-07-04T12:39:07,446","container":"5f93daac00f1","level":"INFO","thread":"BftProcessorExecutor-QBFT-0","class":"QbftBesuControllerBuilder","message":"Imported #203 / 0 tx / 0 pending / 0 (0.0%) gas / (0xcecba6119a5e9f092218d3b753bba419ca4d4b0cceb10a88778158545f81bf60)","throwable":""}
{"timestamp":"2025-07-04T12:39:12,070","container":"5f93daac00f1","level":"INFO","thread":"BftProcessorExecutor-QBFT-0","class":"QbftBesuControllerBuilder","message":"Imported #204 / 0 tx / 0 pending / 0 (0.0%) gas / (0xb9a07b7cf431d7ca888e8d81ed28b2ea1bd81a1ef4e0e1abc3ae4e3a10184224)","throwable":""}
{"timestamp":"2025-07-04T12:39:19,026","container":"5f93daac00f1","level":"INFO","thread":"BftProcessorExecutor-QBFT-0","class":"QbftBesuControllerBuilder","message":"Imported #205 / 0 tx / 0 pending / 0 (0.0%) gas / (0x843122acafb4f940f9bece7e8c4dc1f82d3f5598d7b3f2fc292aea724d0ed762)","throwable":""}
{"timestamp":"2025-07-04T12:39:27,454","container":"5f93daac00f1","level":"INFO","thread":"BftProcessorExecutor-QBFT-0","class":"QbftBesuControllerBuilder","message":"Produced #206 / 0 tx / 0 pending / 0 (0.0%) gas / (0xb344eb804660e9a61443bdc3258643cc870d3152d397fa2b53cd69a2d923e7a8)","throwable":""}
{"timestamp":"2025-07-04T12:39:35,015","container":"5f93daac00f1","level":"INFO","thread":"BftProcessorExecutor-QBFT-0","class":"QbftBesuControllerBuilder","message":"Imported #207 / 0 tx / 0 pending / 0 (0.0%) gas / (0x050de164123a166a6bc8be64fd4ed8379f011c1df9de4b903d35bddabc4f0562)","throwable":""}
{"timestamp":"2025-07-04T12:39:57,497","container":"5f93daac00f1","level":"INFO","thread":"BftProcessorExecutor-QBFT-0","class":"QbftRound","message":"Importing proposed block to chain. round=ConsensusRoundIdentifier{Sequence=208, Round=1}, hash=0x74d22b7b23e3cb0ac9b143863830b56def52808e69b07737f16c3bfbfc7b6672","throwable":""}
{"timestamp":"2025-07-04T12:39:57,500","container":"5f93daac00f1","level":"INFO","thread":"BftProcessorExecutor-QBFT-0","class":"QbftBesuControllerBuilder","message":"Imported #208 / 0 tx / 0 pending / 0 (0.0%) gas / (0x74d22b7b23e3cb0ac9b143863830b56def52808e69b07737f16c3bfbfc7b6672)","throwable":""}
{"timestamp":"2025-07-04T12:40:05,023","container":"5f93daac00f1","level":"INFO","thread":"BftProcessorExecutor-QBFT-0","class":"QbftBesuControllerBuilder","message":"Produced #209 / 0 tx / 0 pending / 0 (0.0%) gas / (0xfcfe941f10102d8895858c352a77b02ebb1ba132ed84c107f37c7382557d080a)","throwable":""}
{"timestamp":"2025-07-04T12:40:13,022","container":"5f93daac00f1","level":"INFO","thread":"BftProcessorExecutor-QBFT-0","class":"QbftBesuControllerBuilder","message":"Imported #210 / 0 tx / 0 pending / 0 (0.0%) gas / (0x073982a180ac569088481fba358cdc8423109db37ba46429fec4f82274521f30)","throwable":""}
{"timestamp":"2025-07-04T12:40:22,045","container":"5f93daac00f1","level":"INFO","thread":"BftProcessorExecutor-QBFT-0","class":"QbftBesuControllerBuilder","message":"Imported #211 / 0 tx / 0 pending / 0 (0.0%) gas / (0xfbc4877685af9da709c2cc52d90a5432c936781320f4f963af03c8c04971b876)","throwable":""}
{"timestamp":"2025-07-04T12:40:29,021","container":"5f93daac00f1","level":"INFO","thread":"BftProcessorExecutor-QBFT-0","class":"QbftBesuControllerBuilder","message":"Imported #212 / 0 tx / 0 pending / 0 (0.0%) gas / (0x3efd187091a1c385f0a65a0f2834fbc47f66c34031c47e77cac6e3a65cf6a933)","throwable":""}
{"timestamp":"2025-07-04T12:40:37,012","container":"5f93daac00f1","level":"INFO","thread":"BftProcessorExecutor-QBFT-0","class":"QbftBesuControllerBuilder","message":"Produced #213 / 0 tx / 0 pending / 0 (0.0%) gas / (0xd24a2a4611e27f947f492bd6f734c204efbdfe6eaf476888052fbb0227a15fd1)","throwable":""}
{"timestamp":"2025-07-04T12:40:45,025","container":"5f93daac00f1","level":"INFO","thread":"BftProcessorExecutor-QBFT-0","class":"QbftBesuControllerBuilder","message":"Imported #214 / 0 tx / 0 pending / 0 (0.0%) gas / (0x96c77ad43df80ba3e7181120f6fcb69e51b387b3da8cda9b08b298c0b9ce0bcc)","throwable":""}
{"timestamp":"2025-07-04T12:40:54,030","container":"5f93daac00f1","level":"INFO","thread":"BftProcessorExecutor-QBFT-0","class":"QbftBesuControllerBuilder","message":"Imported #215 / 0 tx / 0 pending / 0 (0.0%) gas / (0xc1c16c38e93f9d7b9c044821f0237b0ccfb75371ce1d5acc1a9655d764f83d7e)","throwable":""}
{"timestamp":"2025-07-04T12:41:01,014","container":"5f93daac00f1","level":"INFO","thread":"BftProcessorExecutor-QBFT-0","class":"QbftBesuControllerBuilder","message":"Imported #216 / 0 tx / 0 pending / 0 (0.0%) gas / (0xa9c4786ba54808ffaf2225da92ae79e5399c087dac41bb44d6a4114edce9b72d)","throwable":""}
{"timestamp":"2025-07-04T12:41:09,016","container":"5f93daac00f1","level":"INFO","thread":"BftProcessorExecutor-QBFT-0","class":"QbftBesuControllerBuilder","message":"Produced #217 / 0 tx / 0 pending / 0 (0.0%) gas / (0xf5aa96bdb6728f094c5b0bac445cb608285952604fc3d5edf7ee895ad9bc8c5b)","throwable":""}
{"timestamp":"2025-07-04T12:41:17,020","container":"5f93daac00f1","level":"INFO","thread":"BftProcessorExecutor-QBFT-0","class":"QbftBesuControllerBuilder","message":"Imported #218 / 0 tx / 0 pending / 0 (0.0%) gas / (0xf2d357fe8c1b5a2d9f81b572d4d29e87ae44eeb00fa4fef1dbdb798c80440eb5)","throwable":""}
{"timestamp":"2025-07-04T12:41:26,016","container":"5f93daac00f1","level":"INFO","thread":"BftProcessorExecutor-QBFT-0","class":"QbftBesuControllerBuilder","message":"Imported #219 / 0 tx / 0 pending / 0 (0.0%) gas / (0xb14d4398941f9165fb898c8d6c880968a539ed87369dea3b8a242ddfb42eea4e)","throwable":""}
{"timestamp":"2025-07-04T12:41:33,022","container":"5f93daac00f1","level":"INFO","thread":"BftProcessorExecutor-QBFT-0","class":"QbftBesuControllerBuilder","message":"Imported #220 / 0 tx / 0 pending / 0 (0.0%) gas / (0x1c769cc63125bdfdcd0edf3683b69ac8c4e5826ce78296f4f939dba9cdaf71de)","throwable":""}
{"timestamp":"2025-07-04T12:41:41,055","container":"5f93daac00f1","level":"INFO","thread":"BftProcessorExecutor-QBFT-0","class":"QbftBesuControllerBuilder","message":"Produced #221 / 0 tx / 0 pending / 0 (0.0%) gas / (0xb2503570745e2643018b8cf0feb205f9fbe7c52b4c7bb072ff9369e5c150a2c4)","throwable":""}
{"timestamp":"2025-07-04T12:41:49,032","container":"5f93daac00f1","level":"INFO","thread":"BftProcessorExecutor-QBFT-0","class":"QbftBesuControllerBuilder","message":"Imported #222 / 0 tx / 0 pending / 0 (0.0%) gas / (0x9438bee754975bb443b05f8e4c4c5d37ca7e0af34925aa2a3c77e276744a0962)","throwable":""}
{"timestamp":"2025-07-04T12:41:57,975","container":"5f93daac00f1","level":"INFO","thread":"BftProcessorExecutor-QBFT-0","class":"QbftBesuControllerBuilder","message":"Imported #223 / 0 tx / 0 pending / 0 (0.0%) gas / (0x4beecb963f85557c394aeda772e1be06d3436f64961931a352ff0060d79e2ee5)","throwable":""}
{"timestamp":"2025-07-04T12:42:05,014","container":"5f93daac00f1","level":"INFO","thread":"BftProcessorExecutor-QBFT-0","class":"QbftBesuControllerBuilder","message":"Imported #224 / 0 tx / 0 pending / 0 (0.0%) gas / (0x846b035458122f6657006ee19c803a2ad7779e15d8069022d28120c7ea56a25a)","throwable":""}
{"timestamp":"2025-07-04T12:42:13,026","container":"5f93daac00f1","level":"INFO","thread":"BftProcessorExecutor-QBFT-0","class":"QbftBesuControllerBuilder","message":"Produced #225 / 0 tx / 0 pending / 0 (0.0%) gas / (0x2e6d89c5428e1c2c690e3778fad2fe43cbf8a033e402e12646f12c290ffe5f4a)","throwable":""}
{"timestamp":"2025-07-04T12:42:21,022","container":"5f93daac00f1","level":"INFO","thread":"BftProcessorExecutor-QBFT-0","class":"QbftBesuControllerBuilder","message":"Imported #226 / 0 tx / 0 pending / 0 (0.0%) gas / (0x3f92b78984399e1f925acdd24e4abe86bb9c8bc7b3e77d45707fccd7fd7081bc)","throwable":""}
{"timestamp":"2025-07-04T12:42:29,967","container":"5f93daac00f1","level":"INFO","thread":"BftProcessorExecutor-QBFT-0","class":"QbftBesuControllerBuilder","message":"Imported #227 / 0 tx / 0 pending / 0 (0.0%) gas / (0x9eb52319769487a110f394cd8027b34a56e6ceb10b9268388ac123c35b6b24ef)","throwable":""}
{"timestamp":"2025-07-04T12:42:37,020","container":"5f93daac00f1","level":"INFO","thread":"BftProcessorExecutor-QBFT-0","class":"QbftBesuControllerBuilder","message":"Imported #228 / 0 tx / 0 pending / 0 (0.0%) gas / (0x20b69837ad41e0f5901426eb57c5d600044d38befb376dccbe4c436e5131021c)","throwable":""}
{"timestamp":"2025-07-04T12:42:45,025","container":"5f93daac00f1","level":"INFO","thread":"BftProcessorExecutor-QBFT-0","class":"QbftBesuControllerBuilder","message":"Produced #229 / 0 tx / 0 pending / 0 (0.0%) gas / (0x8b9f0bd0228aff95b0e6e66924409f6e67844bad24fb6069a993fa382c324e9a)","throwable":""}
{"timestamp":"2025-07-04T12:42:53,019","container":"5f93daac00f1","level":"INFO","thread":"BftProcessorExecutor-QBFT-0","class":"QbftBesuControllerBuilder","message":"Imported #230 / 0 tx / 0 pending / 0 (0.0%) gas / (0x621cf29067fd51413f51250deede35c1226d50994c3322f846c4942f9df1b310)","throwable":""}
{"timestamp":"2025-07-04T12:43:01,955","container":"5f93daac00f1","level":"INFO","thread":"BftProcessorExecutor-QBFT-0","class":"QbftBesuControllerBuilder","message":"Imported #231 / 0 tx / 0 pending / 0 (0.0%) gas / (0x24f3c6e4de0ac4cea73d6f108009124179471218c92838412058c6a8d00d1f02)","throwable":""}
{"timestamp":"2025-07-04T12:43:09,020","container":"5f93daac00f1","level":"INFO","thread":"BftProcessorExecutor-QBFT-0","class":"QbftBesuControllerBuilder","message":"Imported #232 / 0 tx / 0 pending / 0 (0.0%) gas / (0xb654fa3908ba2bde2b0ada2b6aa73cc1ec7087b76a29f017d7462edddba93a22)","throwable":""}
{"timestamp":"2025-07-04T12:43:17,015","container":"5f93daac00f1","level":"INFO","thread":"BftProcessorExecutor-QBFT-0","class":"QbftBesuControllerBuilder","message":"Produced #233 / 0 tx / 0 pending / 0 (0.0%) gas / (0x803b179014e5276d2fd86c528dd208b0a8599426c415567272118579548509dd)","throwable":""}
{"timestamp":"2025-07-04T12:43:25,027","container":"5f93daac00f1","level":"INFO","thread":"BftProcessorExecutor-QBFT-0","class":"QbftBesuControllerBuilder","message":"Imported #234 / 0 tx / 0 pending / 0 (0.0%) gas / (0x3c614120fec18202bec6dd03454b6886dd893d7be526fc7192abe4049599555b)","throwable":""}
{"timestamp":"2025-07-04T12:43:33,948","container":"5f93daac00f1","level":"INFO","thread":"EthScheduler-Workers-0","class":"PersistBlockTask","message":"Block 235 (0xe6e945bb77d4e6a9fd66facb2c60adc376fbc50081933a5fb7d0380bc72a62b5) is already imported","throwable":""}
{"timestamp":"2025-07-04T12:43:33,948","container":"5f93daac00f1","level":"INFO","thread":"BftProcessorExecutor-QBFT-0","class":"QbftBesuControllerBuilder","message":"Imported #235 / 0 tx / 0 pending / 0 (0.0%) gas / (0xe6e945bb77d4e6a9fd66facb2c60adc376fbc50081933a5fb7d0380bc72a62b5)","throwable":""}
{"timestamp":"2025-07-04T12:43:41,025","container":"5f93daac00f1","level":"INFO","thread":"BftProcessorExecutor-QBFT-0","class":"QbftBesuControllerBuilder","message":"Imported #236 / 0 tx / 0 pending / 0 (0.0%) gas / (0xd7fca918bccc118f78430e5eb46df417957ef009afd6833ce9bafb70fa468e8a)","throwable":""}
{"timestamp":"2025-07-04T12:43:49,031","container":"5f93daac00f1","level":"INFO","thread":"BftProcessorExecutor-QBFT-0","class":"QbftBesuControllerBuilder","message":"Produced #237 / 0 tx / 0 pending / 0 (0.0%) gas / (0x4d6d850fe973c3d2a95dc07396fa7d95bdd6e9a5d13d4184caf195d27baf058a)","throwable":""}
{"timestamp":"2025-07-04T12:43:57,021","container":"5f93daac00f1","level":"INFO","thread":"BftProcessorExecutor-QBFT-0","class":"QbftBesuControllerBuilder","message":"Imported #238 / 0 tx / 0 pending / 0 (0.0%) gas / (0x68ed8bffd063dc137bf3c263c46a2cb412c14a13cbfc4e1872a35722ee66b8be)","throwable":""}
{"timestamp":"2025-07-04T12:44:05,920","container":"5f93daac00f1","level":"INFO","thread":"BftProcessorExecutor-QBFT-0","class":"QbftBesuControllerBuilder","message":"Imported #239 / 0 tx / 0 pending / 0 (0.0%) gas / (0x89a1c4730fc7db09e497ca29d8efa244007674528c22975a25ca285eaf57d838)","throwable":""}
{"timestamp":"2025-07-04T12:44:13,023","container":"5f93daac00f1","level":"INFO","thread":"BftProcessorExecutor-QBFT-0","class":"QbftBesuControllerBuilder","message":"Imported #240 / 0 tx / 0 pending / 0 (0.0%) gas / (0x1abaecfbf82e955c2b1f1297ef044ecfe29aa0e7f7849f6ad2f98a3b4ce4f841)","throwable":""}
{"timestamp":"2025-07-04T12:44:21,023","container":"5f93daac00f1","level":"INFO","thread":"BftProcessorExecutor-QBFT-0","class":"QbftBesuControllerBuilder","message":"Produced #241 / 0 tx / 0 pending / 0 (0.0%) gas / (0x36385b12aa8a57a6f49b90182d16312dd36c9f4d816483cb0d6c32a34e3194fc)","throwable":""}
{"timestamp":"2025-07-04T12:44:29,019","container":"5f93daac00f1","level":"INFO","thread":"BftProcessorExecutor-QBFT-0","class":"QbftBesuControllerBuilder","message":"Imported #242 / 0 tx / 0 pending / 0 (0.0%) gas / (0x7e696e439be2909000f440d2fe3216be82d5fe8f8f1060e386d02c7bb16f2685)","throwable":""}
{"timestamp":"2025-07-04T12:44:37,915","container":"5f93daac00f1","level":"INFO","thread":"BftProcessorExecutor-QBFT-0","class":"QbftBesuControllerBuilder","message":"Imported #243 / 0 tx / 0 pending / 0 (0.0%) gas / (0x71908234e7eb7c9ddc95aea48cae349b9059c977223db83894c8f76686879894)","throwable":""}
{"timestamp":"2025-07-04T12:44:45,025","container":"5f93daac00f1","level":"INFO","thread":"BftProcessorExecutor-QBFT-0","class":"QbftBesuControllerBuilder","message":"Imported #244 / 0 tx / 0 pending / 0 (0.0%) gas / (0x66ed52ff552c0e0c2148435f3d47abb4d80184a7e8ba4b4ae3326121d73c17b9)","throwable":""}
{"timestamp":"2025-07-04T12:44:53,018","container":"5f93daac00f1","level":"INFO","thread":"BftProcessorExecutor-QBFT-0","class":"QbftBesuControllerBuilder","message":"Produced #245 / 0 tx / 0 pending / 0 (0.0%) gas / (0xd2317dbcd332ac52a32d9dbcb25e589fd3d52988ffffba102094ce60ef663686)","throwable":""}
{"timestamp":"2025-07-04T12:45:01,046","container":"5f93daac00f1","level":"INFO","thread":"BftProcessorExecutor-QBFT-0","class":"QbftBesuControllerBuilder","message":"Imported #246 / 0 tx / 0 pending / 0 (0.0%) gas / (0x47a551f79db52c4679b89fffe41b7278da7b96f7e9ad31dbbc02529c0792bddf)","throwable":""}
{"timestamp":"2025-07-04T12:45:34,324","container":"5f93daac00f1","level":"INFO","thread":"EthScheduler-Timer-0","class":"FullSyncTargetManager","message":"Unable to find sync target. Currently checking 0 peers for usefulness","throwable":""}
{"timestamp":"2025-07-04T12:45:39,324","container":"5f93daac00f1","level":"INFO","thread":"EthScheduler-Timer-0","class":"FullSyncTargetManager","message":"Unable to find sync target. Currently checking 0 peers for usefulness","throwable":""}
{"timestamp":"2025-07-04T12:45:44,325","container":"5f93daac00f1","level":"INFO","thread":"EthScheduler-Timer-0","class":"FullSyncTargetManager","message":"Unable to find sync target. Currently checking 0 peers for usefulness","throwable":""}
{"timestamp":"2025-07-04T12:45:49,326","container":"5f93daac00f1","level":"INFO","thread":"EthScheduler-Timer-0","class":"FullSyncTargetManager","message":"Unable to find sync target. Currently checking 0 peers for usefulness","throwable":""}
{"timestamp":"2025-07-04T12:45:54,009","container":"5f93daac00f1","level":"INFO","thread":"BftProcessorExecutor-QBFT-0","class":"BftProcessor","message":"Shutting down BFT event processor","throwable":""}
{"timestamp":"2025-07-04T12:45:54,010","container":"5f93daac00f1","level":"INFO","thread":"BesuCommand-Shutdown-Hook","class":"DefaultSynchronizer","message":"Stopping synchronizer","throwable":""}
{"timestamp":"2025-07-04T12:45:54,013","container":"5f93daac00f1","level":"INFO","thread":"BesuCommand-Shutdown-Hook","class":"NetworkRunner","message":"Stopping Network.","throwable":""}
{"timestamp":"2025-07-04T12:45:54,026","container":"5f93daac00f1","level":"INFO","thread":"BesuCommand-Shutdown-Hook","class":"EthProtocolManager","message":"Stopping eth Subprotocol.","throwable":""}
{"timestamp":"2025-07-04T12:45:54,027","container":"5f93daac00f1","level":"INFO","thread":"BesuCommand-Shutdown-Hook","class":"EthProtocolManager","message":"eth Subprotocol stopped.","throwable":""}
{"timestamp":"2025-07-04T12:45:54,027","container":"5f93daac00f1","level":"INFO","thread":"BesuCommand-Shutdown-Hook","class":"NetworkRunner","message":"Network stopped.","throwable":""}
{"timestamp":"2025-07-04T12:45:54,028","container":"5f93daac00f1","level":"INFO","thread":"BesuCommand-Shutdown-Hook","class":"AutoTransactionLogBloomCachingService","message":"Shutting down Auto transaction logs caching service.","throwable":""}
{"timestamp":"2025-07-04T12:45:54,029","container":"5f93daac00f1","level":"INFO","thread":"BesuCommand-Shutdown-Hook","class":"DockerNatManager","message":"Stopping docker NAT manager.","throwable":""}
{"timestamp":"2025-07-10T22:07:28,352","container":"5f93daac00f1","level":"INFO","thread":"main","class":"Besu","message":"Starting Besu","throwable":""}
{"timestamp":"2025-07-10T22:07:28,995","container":"5f93daac00f1","level":"WARN","thread":"main","class":"Besu","message":"--min-gas-price has been ignored because --miner-enabled was not defined on the command line.","throwable":""}
{"timestamp":"2025-07-10T22:07:29,897","container":"5f93daac00f1","level":"INFO","thread":"main","class":"Besu","message":"
####################################################################################################
#                                                                                                  #
# Besu version 23.4.1                                                                              #
#                                                                                                  #
# Configuration:                                                                                   #
# Network: Custom genesis file specified                                                           #
# Network Id: 1337                                                                                 #
# Data storage: Forest                                                                             #
# Sync mode: Full                                                                                  #
# RPC HTTP APIs: EEA,WEB3,ETH,NET,TRACE,DEBUG,ADMIN,TXPOOL,PRIV,PERM,QBFT                          #
# RPC HTTP port: 8545                                                                              #
#                                                                                                  #
# Host:                                                                                            #
# Java: openjdk-java-17                                                                            #
# Maximum heap size: 3.84 GB                                                                       #
# OS: linux-x86_64                                                                                 #
# glibc: 2.35                                                                                      #
# jemalloc: 5.2.1-0-gea6b3e973b477b8061e0076bb257dbd7f3faa756                                      #
# Total memory: 15.35 GB                                                                           #
# CPU cores: 8                                                                                     #
#                                                                                                  #
####################################################################################################","throwable":""}
{"timestamp":"2025-07-10T22:07:29,898","container":"5f93daac00f1","level":"INFO","thread":"main","class":"Besu","message":"Connecting to 8 static nodes.","throwable":""}
{"timestamp":"2025-07-10T22:07:29,898","container":"5f93daac00f1","level":"INFO","thread":"main","class":"Besu","message":"Security Module: localfile","throwable":""}
{"timestamp":"2025-07-10T22:07:30,292","container":"5f93daac00f1","level":"INFO","thread":"main","class":"Besu","message":"Using the native implementation of alt bn128","throwable":""}
{"timestamp":"2025-07-10T22:07:30,334","container":"5f93daac00f1","level":"INFO","thread":"main","class":"Besu","message":"Using the native implementation of modexp","throwable":""}
{"timestamp":"2025-07-10T22:07:30,334","container":"5f93daac00f1","level":"INFO","thread":"main","class":"Besu","message":"Using the native implementation of the signature algorithm","throwable":""}
{"timestamp":"2025-07-10T22:07:30,338","container":"5f93daac00f1","level":"INFO","thread":"main","class":"Besu","message":"Using the native implementation of the blake2bf algorithm","throwable":""}
{"timestamp":"2025-07-10T22:07:30,359","container":"5f93daac00f1","level":"INFO","thread":"main","class":"DatabaseMetadata","message":"Lookup database metadata file in data directory: /opt/besu/data","throwable":""}
{"timestamp":"2025-07-10T22:07:30,401","container":"5f93daac00f1","level":"INFO","thread":"main","class":"RocksDBKeyValueStorageFactory","message":"Existing database detected at /opt/besu/data. Version 1. Compacting database...","throwable":""}
{"timestamp":"2025-07-10T22:07:31,489","container":"5f93daac00f1","level":"INFO","thread":"main","class":"KeyPairUtil","message":"Loaded public key 0x59cf0c623c582fa9b19bdf70fb6bade07f4ae32218dd4d1c7e2c7e65acf87da45cf2ab55d16d27360aafef17622c37c09db60d7680ebcc17b78867f4c05bcaa4 from /opt/besu/keys/nodekey","throwable":""}
{"timestamp":"2025-07-10T22:07:31,495","container":"5f93daac00f1","level":"WARN","thread":"main","class":"Besu","message":"Privacy is disabled. Cannot use EEA/PRIV API methods when not using Privacy.","throwable":""}
{"timestamp":"2025-07-10T22:07:31,940","container":"5f93daac00f1","level":"INFO","thread":"main","class":"ProtocolScheduleBuilder","message":"Protocol schedule created with milestones: [GrayGlacier: 0]","throwable":""}
{"timestamp":"2025-07-10T22:07:32,317","container":"5f93daac00f1","level":"INFO","thread":"main","class":"TransactionPoolFactory","message":"Enabling transaction pool","throwable":""}
{"timestamp":"2025-07-10T22:07:32,338","container":"5f93daac00f1","level":"INFO","thread":"main","class":"BesuControllerBuilder","message":"TTD difficulty is not present, creating initial sync phase for PoW","throwable":""}
{"timestamp":"2025-07-10T22:07:32,457","container":"5f93daac00f1","level":"INFO","thread":"main","class":"RunnerBuilder","message":"Detecting NAT service.","throwable":""}
{"timestamp":"2025-07-10T22:07:33,817","container":"5f93daac00f1","level":"INFO","thread":"main","class":"Runner","message":"Starting external services ... ","throwable":""}
{"timestamp":"2025-07-10T22:07:33,818","container":"5f93daac00f1","level":"INFO","thread":"main","class":"MetricsHttpService","message":"Starting metrics http service on 0.0.0.0:9545","throwable":""}
{"timestamp":"2025-07-10T22:07:34,137","container":"5f93daac00f1","level":"INFO","thread":"vert.x-eventloop-thread-1","class":"MetricsHttpService","message":"Metrics service started and listening on 0.0.0.0:9545","throwable":""}
{"timestamp":"2025-07-10T22:07:34,138","container":"5f93daac00f1","level":"INFO","thread":"main","class":"JsonRpcHttpService","message":"Starting JSON-RPC service on 0.0.0.0:8545","throwable":""}
{"timestamp":"2025-07-10T22:07:34,168","container":"5f93daac00f1","level":"INFO","thread":"vert.x-eventloop-thread-1","class":"JsonRpcHttpService","message":"JSON-RPC service started and listening on 0.0.0.0:8545","throwable":""}
{"timestamp":"2025-07-10T22:07:34,171","container":"5f93daac00f1","level":"INFO","thread":"main","class":"GraphQLHttpService","message":"Starting GraphQL HTTP service on 0.0.0.0:8547","throwable":""}
{"timestamp":"2025-07-10T22:07:34,178","container":"5f93daac00f1","level":"INFO","thread":"vert.x-eventloop-thread-1","class":"GraphQLHttpService","message":"GraphQL HTTP service started and listening on 0.0.0.0:8547","throwable":""}
{"timestamp":"2025-07-10T22:07:34,180","container":"5f93daac00f1","level":"INFO","thread":"main","class":"WebSocketService","message":"Starting Websocket service on 0.0.0.0:8546","throwable":""}
{"timestamp":"2025-07-10T22:07:34,202","container":"5f93daac00f1","level":"INFO","thread":"vert.x-eventloop-thread-1","class":"WebSocketService","message":"Websocket service started and listening on 0.0.0.0:8546","throwable":""}
{"timestamp":"2025-07-10T22:07:34,204","container":"5f93daac00f1","level":"INFO","thread":"main","class":"AutoTransactionLogBloomCachingService","message":"Starting auto transaction log bloom caching service.","throwable":""}
{"timestamp":"2025-07-10T22:07:34,205","container":"5f93daac00f1","level":"INFO","thread":"main","class":"LogBloomCacheMetadata","message":"Lookup cache metadata file in data directory: /opt/besu/data/caches","throwable":""}
{"timestamp":"2025-07-10T22:07:34,221","container":"5f93daac00f1","level":"INFO","thread":"main","class":"Runner","message":"Starting Ethereum main loop ... ","throwable":""}
{"timestamp":"2025-07-10T22:07:34,222","container":"5f93daac00f1","level":"INFO","thread":"main","class":"DockerNatManager","message":"Starting docker NAT manager.","throwable":""}
{"timestamp":"2025-07-10T22:07:34,258","container":"5f93daac00f1","level":"INFO","thread":"main","class":"NetworkRunner","message":"Starting Network.","throwable":""}
{"timestamp":"2025-07-10T22:07:34,283","container":"5f93daac00f1","level":"INFO","thread":"nioEventLoopGroup-2-1","class":"RlpxAgent","message":"P2P RLPx agent started and listening on /[0:0:0:0:0:0:0:0]:30303.","throwable":""}
{"timestamp":"2025-07-10T22:07:34,285","container":"5f93daac00f1","level":"INFO","thread":"main","class":"PeerDiscoveryAgent","message":"Starting peer discovery agent on host=0.0.0.0, port=30303","throwable":""}
{"timestamp":"2025-07-10T22:07:34,303","container":"5f93daac00f1","level":"INFO","thread":"vert.x-eventloop-thread-1","class":"VertxPeerDiscoveryAgent","message":"Started peer discovery agent successfully, on effective host=0:0:0:0:0:0:0:0%0 and port=30303","throwable":""}
{"timestamp":"2025-07-10T22:07:34,304","container":"5f93daac00f1","level":"INFO","thread":"vert.x-eventloop-thread-1","class":"PeerDiscoveryAgent","message":"P2P peer discovery agent started and listening on /[0:0:0:0:0:0:0:0%0]:30303","throwable":""}
{"timestamp":"2025-07-10T22:07:34,360","container":"5f93daac00f1","level":"INFO","thread":"vert.x-eventloop-thread-1","class":"PeerDiscoveryAgent","message":"Writing node record to disk. NodeRecord{seq=2, publicKey=0x0259cf0c623c582fa9b19bdf70fb6bade07f4ae32218dd4d1c7e2c7e65acf87da4, udpAddress=Optional[/10.0.0.203:30303], tcpAddress=Optional[/10.0.0.203:30303], asBase64=-Je4QDySKAMcsYrDvUTcm_MzOBQoVpAc3RmDOvPsGqqhyfNxEtDaA8K-EEzRJePjHncMHEc7N_CyaA7yHBe_I2WJ2CgCg2V0aMfGhGpSrW2AgmlkgnY0gmlwhAoAAMuJc2VjcDI1NmsxoQJZzwxiPFgvqbGb33D7a63gf0rjIhjdTRx-LH5lrPh9pIN0Y3CCdl-DdWRwgnZf, nodeId=0x2a2fe7f9e880372cfd2bda0cce412f988377e31f4d0ff12d74df73b51c42d0ca, customFields={tcp=30303, udp=30303, ip=0x0a0000cb, eth=[[0x6a52ad6d, 0x]], id=V4, secp256k1=0x0259cf0c623c582fa9b19bdf70fb6bade07f4ae32218dd4d1c7e2c7e65acf87da4}}","throwable":""}
{"timestamp":"2025-07-10T22:07:34,463","container":"5f93daac00f1","level":"INFO","thread":"main","class":"DefaultP2PNetwork","message":"Enode URL enode://59cf0c623c582fa9b19bdf70fb6bade07f4ae32218dd4d1c7e2c7e65acf87da45cf2ab55d16d27360aafef17622c37c09db60d7680ebcc17b78867f4c05bcaa4@10.0.0.203:30303","throwable":""}
{"timestamp":"2025-07-10T22:07:34,466","container":"5f93daac00f1","level":"INFO","thread":"main","class":"DefaultP2PNetwork","message":"Node address 0xce412f988377e31f4d0ff12d74df73b51c42d0ca","throwable":""}
{"timestamp":"2025-07-10T22:07:34,652","container":"5f93daac00f1","level":"INFO","thread":"main","class":"NetworkRunner","message":"Supported capabilities: [eth/62, eth/63, eth/64, eth/65, eth/66, eth/67, eth/68], [istanbul/100], [snap/1]","throwable":""}
{"timestamp":"2025-07-10T22:07:34,663","container":"5f93daac00f1","level":"INFO","thread":"main","class":"DefaultSynchronizer","message":"Starting synchronizer.","throwable":""}
{"timestamp":"2025-07-10T22:07:34,664","container":"5f93daac00f1","level":"INFO","thread":"main","class":"TransactionPoolFactory","message":"Enabling transaction handling following initial sync","throwable":""}
{"timestamp":"2025-07-10T22:07:34,666","container":"5f93daac00f1","level":"INFO","thread":"main","class":"FullSyncDownloader","message":"Starting full sync.","throwable":""}
{"timestamp":"2025-07-10T22:07:34,666","container":"5f93daac00f1","level":"INFO","thread":"main","class":"FullSyncTargetManager","message":"Unable to find sync target. Currently checking 0 peers for usefulness","throwable":""}
{"timestamp":"2025-07-10T22:07:34,962","container":"5f93daac00f1","level":"INFO","thread":"main","class":"Runner","message":"Ethereum main loop is up.","throwable":""}
{"timestamp":"2025-07-10T22:07:39,697","container":"5f93daac00f1","level":"INFO","thread":"EthScheduler-Timer-0","class":"FullSyncTargetManager","message":"Unable to find sync target. Currently checking 0 peers for usefulness","throwable":""}
{"timestamp":"2025-07-10T22:07:44,698","container":"5f93daac00f1","level":"INFO","thread":"EthScheduler-Timer-0","class":"FullSyncTargetManager","message":"Unable to find sync target. Currently checking 0 peers for usefulness","throwable":""}
{"timestamp":"2025-07-10T22:07:49,698","container":"5f93daac00f1","level":"INFO","thread":"EthScheduler-Timer-0","class":"FullSyncTargetManager","message":"Unable to find sync target. Currently checking 0 peers for usefulness","throwable":""}
{"timestamp":"2025-07-10T22:07:54,699","container":"5f93daac00f1","level":"INFO","thread":"EthScheduler-Timer-0","class":"FullSyncTargetManager","message":"Unable to find sync target. Currently checking 0 peers for usefulness","throwable":""}
{"timestamp":"2025-07-10T22:07:59,700","container":"5f93daac00f1","level":"INFO","thread":"EthScheduler-Timer-0","class":"FullSyncTargetManager","message":"Unable to find sync target. Currently checking 0 peers for usefulness","throwable":""}
{"timestamp":"2025-07-10T22:08:04,701","container":"5f93daac00f1","level":"INFO","thread":"EthScheduler-Timer-0","class":"FullSyncTargetManager","message":"Unable to find sync target. Currently checking 0 peers for usefulness","throwable":""}
{"timestamp":"2025-07-10T22:08:09,702","container":"5f93daac00f1","level":"INFO","thread":"EthScheduler-Timer-0","class":"FullSyncTargetManager","message":"Unable to find sync target. Currently checking 0 peers for usefulness","throwable":""}
{"timestamp":"2025-07-10T22:08:14,703","container":"5f93daac00f1","level":"INFO","thread":"EthScheduler-Timer-0","class":"FullSyncTargetManager","message":"Unable to find sync target. Currently checking 0 peers for usefulness","throwable":""}
{"timestamp":"2025-07-10T22:08:19,704","container":"5f93daac00f1","level":"INFO","thread":"EthScheduler-Timer-0","class":"FullSyncTargetManager","message":"Unable to find sync target. Currently checking 0 peers for usefulness","throwable":""}
{"timestamp":"2025-07-10T22:08:24,705","container":"5f93daac00f1","level":"INFO","thread":"EthScheduler-Timer-0","class":"FullSyncTargetManager","message":"Unable to find sync target. Currently checking 0 peers for usefulness","throwable":""}
{"timestamp":"2025-07-10T22:08:29,705","container":"5f93daac00f1","level":"INFO","thread":"EthScheduler-Timer-0","class":"FullSyncTargetManager","message":"Unable to find sync target. Currently checking 0 peers for usefulness","throwable":""}
{"timestamp":"2025-07-10T22:08:34,706","container":"5f93daac00f1","level":"INFO","thread":"EthScheduler-Timer-0","class":"FullSyncTargetManager","message":"Unable to find sync target. Currently checking 0 peers for usefulness","throwable":""}
{"timestamp":"2025-07-10T22:08:39,707","container":"5f93daac00f1","level":"INFO","thread":"EthScheduler-Timer-0","class":"FullSyncTargetManager","message":"Unable to find sync target. Currently checking 0 peers for usefulness","throwable":""}
{"timestamp":"2025-07-10T22:08:44,708","container":"5f93daac00f1","level":"INFO","thread":"EthScheduler-Timer-0","class":"FullSyncTargetManager","message":"Unable to find sync target. Currently checking 0 peers for usefulness","throwable":""}
{"timestamp":"2025-07-10T22:08:49,709","container":"5f93daac00f1","level":"INFO","thread":"EthScheduler-Timer-0","class":"FullSyncTargetManager","message":"Unable to find sync target. Currently checking 0 peers for usefulness","throwable":""}
{"timestamp":"2025-07-10T22:08:54,710","container":"5f93daac00f1","level":"INFO","thread":"EthScheduler-Timer-0","class":"FullSyncTargetManager","message":"Unable to find sync target. Currently checking 0 peers for usefulness","throwable":""}
{"timestamp":"2025-07-10T22:08:59,711","container":"5f93daac00f1","level":"INFO","thread":"EthScheduler-Timer-0","class":"FullSyncTargetManager","message":"Unable to find sync target. Currently checking 0 peers for usefulness","throwable":""}
{"timestamp":"2025-07-10T22:09:04,712","container":"5f93daac00f1","level":"INFO","thread":"EthScheduler-Timer-0","class":"FullSyncTargetManager","message":"Unable to find sync target. Currently checking 0 peers for usefulness","throwable":""}
{"timestamp":"2025-07-10T22:09:09,713","container":"5f93daac00f1","level":"INFO","thread":"EthScheduler-Timer-0","class":"FullSyncTargetManager","message":"Unable to find sync target. Currently checking 0 peers for usefulness","throwable":""}
{"timestamp":"2025-07-10T22:09:14,714","container":"5f93daac00f1","level":"INFO","thread":"EthScheduler-Timer-0","class":"FullSyncTargetManager","message":"Unable to find sync target. Currently checking 0 peers for usefulness","throwable":""}
{"timestamp":"2025-07-10T22:09:19,715","container":"5f93daac00f1","level":"INFO","thread":"EthScheduler-Timer-0","class":"FullSyncTargetManager","message":"Unable to find sync target. Currently checking 0 peers for usefulness","throwable":""}
{"timestamp":"2025-07-10T22:09:24,716","container":"5f93daac00f1","level":"INFO","thread":"EthScheduler-Timer-0","class":"FullSyncTargetManager","message":"Unable to find sync target. Currently checking 0 peers for usefulness","throwable":""}
{"timestamp":"2025-07-10T22:09:29,717","container":"5f93daac00f1","level":"INFO","thread":"EthScheduler-Timer-0","class":"FullSyncTargetManager","message":"Unable to find sync target. Currently checking 0 peers for usefulness","throwable":""}
{"timestamp":"2025-07-10T22:09:34,718","container":"5f93daac00f1","level":"INFO","thread":"EthScheduler-Timer-0","class":"FullSyncTargetManager","message":"Unable to find sync target. Currently checking 0 peers for usefulness","throwable":""}
{"timestamp":"2025-07-10T22:09:39,719","container":"5f93daac00f1","level":"INFO","thread":"EthScheduler-Timer-0","class":"FullSyncTargetManager","message":"Unable to find sync target. Currently checking 0 peers for usefulness","throwable":""}
{"timestamp":"2025-07-10T22:09:44,719","container":"5f93daac00f1","level":"INFO","thread":"EthScheduler-Timer-0","class":"FullSyncTargetManager","message":"Unable to find sync target. Currently checking 0 peers for usefulness","throwable":""}
{"timestamp":"2025-07-10T22:09:49,720","container":"5f93daac00f1","level":"INFO","thread":"EthScheduler-Timer-0","class":"FullSyncTargetManager","message":"Unable to find sync target. Currently checking 0 peers for usefulness","throwable":""}
{"timestamp":"2025-07-10T22:09:54,721","container":"5f93daac00f1","level":"INFO","thread":"EthScheduler-Timer-0","class":"FullSyncTargetManager","message":"Unable to find sync target. Currently checking 0 peers for usefulness","throwable":""}
{"timestamp":"2025-07-10T22:09:59,721","container":"5f93daac00f1","level":"INFO","thread":"EthScheduler-Timer-0","class":"FullSyncTargetManager","message":"Unable to find sync target. Currently checking 0 peers for usefulness","throwable":""}
{"timestamp":"2025-07-10T22:10:04,722","container":"5f93daac00f1","level":"INFO","thread":"EthScheduler-Timer-0","class":"FullSyncTargetManager","message":"Unable to find sync target. Currently checking 0 peers for usefulness","throwable":""}
{"timestamp":"2025-07-10T22:10:09,722","container":"5f93daac00f1","level":"INFO","thread":"EthScheduler-Timer-0","class":"FullSyncTargetManager","message":"Unable to find sync target. Currently checking 0 peers for usefulness","throwable":""}
{"timestamp":"2025-07-10T22:10:14,723","container":"5f93daac00f1","level":"INFO","thread":"EthScheduler-Timer-0","class":"FullSyncTargetManager","message":"Unable to find sync target. Currently checking 0 peers for usefulness","throwable":""}
{"timestamp":"2025-07-10T22:10:19,723","container":"5f93daac00f1","level":"INFO","thread":"EthScheduler-Timer-0","class":"FullSyncTargetManager","message":"Unable to find sync target. Currently checking 0 peers for usefulness","throwable":""}
{"timestamp":"2025-07-10T22:10:24,724","container":"5f93daac00f1","level":"INFO","thread":"EthScheduler-Timer-0","class":"FullSyncTargetManager","message":"Unable to find sync target. Currently checking 0 peers for usefulness","throwable":""}
{"timestamp":"2025-07-10T22:10:29,725","container":"5f93daac00f1","level":"INFO","thread":"EthScheduler-Timer-0","class":"FullSyncTargetManager","message":"Unable to find sync target. Currently checking 0 peers for usefulness","throwable":""}
{"timestamp":"2025-07-10T22:10:34,725","container":"5f93daac00f1","level":"INFO","thread":"EthScheduler-Timer-0","class":"FullSyncTargetManager","message":"Unable to find sync target. Currently checking 0 peers for usefulness","throwable":""}
{"timestamp":"2025-07-10T22:10:39,726","container":"5f93daac00f1","level":"INFO","thread":"EthScheduler-Timer-0","class":"FullSyncTargetManager","message":"Unable to find sync target. Currently checking 0 peers for usefulness","throwable":""}
{"timestamp":"2025-07-10T22:10:44,726","container":"5f93daac00f1","level":"INFO","thread":"EthScheduler-Timer-0","class":"FullSyncTargetManager","message":"Unable to find sync target. Currently checking 0 peers for usefulness","throwable":""}
{"timestamp":"2025-07-10T22:10:49,727","container":"5f93daac00f1","level":"INFO","thread":"EthScheduler-Timer-0","class":"FullSyncTargetManager","message":"Unable to find sync target. Currently checking 0 peers for usefulness","throwable":""}
{"timestamp":"2025-07-10T22:10:54,728","container":"5f93daac00f1","level":"INFO","thread":"EthScheduler-Timer-0","class":"FullSyncTargetManager","message":"Unable to find sync target. Currently checking 0 peers for usefulness","throwable":""}
{"timestamp":"2025-07-10T22:10:59,729","container":"5f93daac00f1","level":"INFO","thread":"EthScheduler-Timer-0","class":"FullSyncTargetManager","message":"Unable to find sync target. Currently checking 0 peers for usefulness","throwable":""}
{"timestamp":"2025-07-10T22:11:04,729","container":"5f93daac00f1","level":"INFO","thread":"EthScheduler-Timer-0","class":"FullSyncTargetManager","message":"Unable to find sync target. Currently checking 0 peers for usefulness","throwable":""}
{"timestamp":"2025-07-10T22:11:09,730","container":"5f93daac00f1","level":"INFO","thread":"EthScheduler-Timer-0","class":"FullSyncTargetManager","message":"Unable to find sync target. Currently checking 0 peers for usefulness","throwable":""}
{"timestamp":"2025-07-10T22:11:14,731","container":"5f93daac00f1","level":"INFO","thread":"EthScheduler-Timer-0","class":"FullSyncTargetManager","message":"Unable to find sync target. Currently checking 0 peers for usefulness","throwable":""}
{"timestamp":"2025-07-10T22:11:19,731","container":"5f93daac00f1","level":"INFO","thread":"EthScheduler-Timer-0","class":"FullSyncTargetManager","message":"Unable to find sync target. Currently checking 0 peers for usefulness","throwable":""}
{"timestamp":"2025-07-10T22:11:24,732","container":"5f93daac00f1","level":"INFO","thread":"EthScheduler-Timer-0","class":"FullSyncTargetManager","message":"Unable to find sync target. Currently checking 0 peers for usefulness","throwable":""}
{"timestamp":"2025-07-10T22:11:29,732","container":"5f93daac00f1","level":"INFO","thread":"EthScheduler-Timer-0","class":"FullSyncTargetManager","message":"Unable to find sync target. Currently checking 0 peers for usefulness","throwable":""}
{"timestamp":"2025-07-10T22:11:34,733","container":"5f93daac00f1","level":"INFO","thread":"EthScheduler-Timer-0","class":"FullSyncTargetManager","message":"Unable to find sync target. Currently checking 0 peers for usefulness","throwable":""}
{"timestamp":"2025-07-10T22:11:39,734","container":"5f93daac00f1","level":"INFO","thread":"EthScheduler-Timer-0","class":"FullSyncTargetManager","message":"Unable to find sync target. Currently checking 0 peers for usefulness","throwable":""}
{"timestamp":"2025-07-10T22:11:44,734","container":"5f93daac00f1","level":"INFO","thread":"EthScheduler-Timer-0","class":"FullSyncTargetManager","message":"Unable to find sync target. Currently checking 0 peers for usefulness","throwable":""}
{"timestamp":"2025-07-10T22:11:49,735","container":"5f93daac00f1","level":"INFO","thread":"EthScheduler-Timer-0","class":"FullSyncTargetManager","message":"Unable to find sync target. Currently checking 0 peers for usefulness","throwable":""}
{"timestamp":"2025-07-10T22:11:54,736","container":"5f93daac00f1","level":"INFO","thread":"EthScheduler-Timer-0","class":"FullSyncTargetManager","message":"Unable to find sync target. Currently checking 0 peers for usefulness","throwable":""}
{"timestamp":"2025-07-10T22:11:59,736","container":"5f93daac00f1","level":"INFO","thread":"EthScheduler-Timer-0","class":"FullSyncTargetManager","message":"Unable to find sync target. Currently checking 0 peers for usefulness","throwable":""}
{"timestamp":"2025-07-10T22:12:04,737","container":"5f93daac00f1","level":"INFO","thread":"EthScheduler-Timer-0","class":"FullSyncTargetManager","message":"Unable to find sync target. Currently checking 0 peers for usefulness","throwable":""}
{"timestamp":"2025-07-10T22:12:09,737","container":"5f93daac00f1","level":"INFO","thread":"EthScheduler-Timer-0","class":"FullSyncTargetManager","message":"Unable to find sync target. Currently checking 0 peers for usefulness","throwable":""}
{"timestamp":"2025-07-10T22:12:14,738","container":"5f93daac00f1","level":"INFO","thread":"EthScheduler-Timer-0","class":"FullSyncTargetManager","message":"Unable to find sync target. Currently checking 0 peers for usefulness","throwable":""}
{"timestamp":"2025-07-10T22:12:19,738","container":"5f93daac00f1","level":"INFO","thread":"EthScheduler-Timer-0","class":"FullSyncTargetManager","message":"Unable to find sync target. Currently checking 0 peers for usefulness","throwable":""}
{"timestamp":"2025-07-10T22:12:24,739","container":"5f93daac00f1","level":"INFO","thread":"EthScheduler-Timer-0","class":"FullSyncTargetManager","message":"Unable to find sync target. Currently checking 0 peers for usefulness","throwable":""}
{"timestamp":"2025-07-10T22:12:29,739","container":"5f93daac00f1","level":"INFO","thread":"EthScheduler-Timer-0","class":"FullSyncTargetManager","message":"Unable to find sync target. Currently checking 0 peers for usefulness","throwable":""}
{"timestamp":"2025-07-10T22:12:34,740","container":"5f93daac00f1","level":"INFO","thread":"EthScheduler-Timer-0","class":"FullSyncTargetManager","message":"Unable to find sync target. Currently checking 0 peers for usefulness","throwable":""}
{"timestamp":"2025-07-10T22:12:39,741","container":"5f93daac00f1","level":"INFO","thread":"EthScheduler-Timer-0","class":"FullSyncTargetManager","message":"Unable to find sync target. Currently checking 0 peers for usefulness","throwable":""}
{"timestamp":"2025-07-10T22:12:44,741","container":"5f93daac00f1","level":"INFO","thread":"EthScheduler-Timer-0","class":"FullSyncTargetManager","message":"Unable to find sync target. Currently checking 0 peers for usefulness","throwable":""}
{"timestamp":"2025-07-10T22:12:49,742","container":"5f93daac00f1","level":"INFO","thread":"EthScheduler-Timer-0","class":"FullSyncTargetManager","message":"Unable to find sync target. Currently checking 0 peers for usefulness","throwable":""}
{"timestamp":"2025-07-10T22:12:54,742","container":"5f93daac00f1","level":"INFO","thread":"EthScheduler-Timer-0","class":"FullSyncTargetManager","message":"Unable to find sync target. Currently checking 0 peers for usefulness","throwable":""}
{"timestamp":"2025-07-10T22:12:59,743","container":"5f93daac00f1","level":"INFO","thread":"EthScheduler-Timer-0","class":"FullSyncTargetManager","message":"Unable to find sync target. Currently checking 0 peers for usefulness","throwable":""}
{"timestamp":"2025-07-10T22:13:04,744","container":"5f93daac00f1","level":"INFO","thread":"EthScheduler-Timer-0","class":"FullSyncTargetManager","message":"Unable to find sync target. Currently checking 0 peers for usefulness","throwable":""}
{"timestamp":"2025-07-10T22:13:09,744","container":"5f93daac00f1","level":"INFO","thread":"EthScheduler-Timer-0","class":"FullSyncTargetManager","message":"Unable to find sync target. Currently checking 0 peers for usefulness","throwable":""}
{"timestamp":"2025-07-10T22:13:14,745","container":"5f93daac00f1","level":"INFO","thread":"EthScheduler-Timer-0","class":"FullSyncTargetManager","message":"Unable to find sync target. Currently checking 0 peers for usefulness","throwable":""}
{"timestamp":"2025-07-10T22:13:19,745","container":"5f93daac00f1","level":"INFO","thread":"EthScheduler-Timer-0","class":"FullSyncTargetManager","message":"Unable to find sync target. Currently checking 0 peers for usefulness","throwable":""}
{"timestamp":"2025-07-10T22:13:24,746","container":"5f93daac00f1","level":"INFO","thread":"EthScheduler-Timer-0","class":"FullSyncTargetManager","message":"Unable to find sync target. Currently checking 0 peers for usefulness","throwable":""}
{"timestamp":"2025-07-10T22:13:29,747","container":"5f93daac00f1","level":"INFO","thread":"EthScheduler-Timer-0","class":"FullSyncTargetManager","message":"Unable to find sync target. Currently checking 0 peers for usefulness","throwable":""}
{"timestamp":"2025-07-10T22:13:34,747","container":"5f93daac00f1","level":"INFO","thread":"EthScheduler-Timer-0","class":"FullSyncTargetManager","message":"Unable to find sync target. Currently checking 0 peers for usefulness","throwable":""}
{"timestamp":"2025-07-10T22:13:39,748","container":"5f93daac00f1","level":"INFO","thread":"EthScheduler-Timer-0","class":"FullSyncTargetManager","message":"Unable to find sync target. Currently checking 0 peers for usefulness","throwable":""}
{"timestamp":"2025-07-10T22:13:44,749","container":"5f93daac00f1","level":"INFO","thread":"EthScheduler-Timer-0","class":"FullSyncTargetManager","message":"Unable to find sync target. Currently checking 0 peers for usefulness","throwable":""}
{"timestamp":"2025-07-10T22:13:49,750","container":"5f93daac00f1","level":"INFO","thread":"EthScheduler-Timer-0","class":"FullSyncTargetManager","message":"Unable to find sync target. Currently checking 0 peers for usefulness","throwable":""}
{"timestamp":"2025-07-10T22:13:54,750","container":"5f93daac00f1","level":"INFO","thread":"EthScheduler-Timer-0","class":"FullSyncTargetManager","message":"Unable to find sync target. Currently checking 0 peers for usefulness","throwable":""}
{"timestamp":"2025-07-10T22:13:59,751","container":"5f93daac00f1","level":"INFO","thread":"EthScheduler-Timer-0","class":"FullSyncTargetManager","message":"Unable to find sync target. Currently checking 0 peers for usefulness","throwable":""}
{"timestamp":"2025-07-10T22:14:04,752","container":"5f93daac00f1","level":"INFO","thread":"EthScheduler-Timer-0","class":"FullSyncTargetManager","message":"Unable to find sync target. Currently checking 0 peers for usefulness","throwable":""}
{"timestamp":"2025-07-10T22:14:09,753","container":"5f93daac00f1","level":"INFO","thread":"EthScheduler-Timer-0","class":"FullSyncTargetManager","message":"Unable to find sync target. Currently checking 0 peers for usefulness","throwable":""}
{"timestamp":"2025-07-10T22:14:14,754","container":"5f93daac00f1","level":"INFO","thread":"EthScheduler-Timer-0","class":"FullSyncTargetManager","message":"Unable to find sync target. Currently checking 0 peers for usefulness","throwable":""}
{"timestamp":"2025-07-10T22:14:19,755","container":"5f93daac00f1","level":"INFO","thread":"EthScheduler-Timer-0","class":"FullSyncTargetManager","message":"Unable to find sync target. Currently checking 0 peers for usefulness","throwable":""}
{"timestamp":"2025-07-10T22:14:24,756","container":"5f93daac00f1","level":"INFO","thread":"EthScheduler-Timer-0","class":"FullSyncTargetManager","message":"Unable to find sync target. Currently checking 0 peers for usefulness","throwable":""}
{"timestamp":"2025-07-10T22:14:29,756","container":"5f93daac00f1","level":"INFO","thread":"EthScheduler-Timer-0","class":"FullSyncTargetManager","message":"Unable to find sync target. Currently checking 0 peers for usefulness","throwable":""}
{"timestamp":"2025-07-10T22:14:34,757","container":"5f93daac00f1","level":"INFO","thread":"EthScheduler-Timer-0","class":"FullSyncTargetManager","message":"Unable to find sync target. Currently checking 0 peers for usefulness","throwable":""}
{"timestamp":"2025-07-10T22:14:39,758","container":"5f93daac00f1","level":"INFO","thread":"EthScheduler-Timer-0","class":"FullSyncTargetManager","message":"Unable to find sync target. Currently checking 0 peers for usefulness","throwable":""}
{"timestamp":"2025-07-10T22:14:44,759","container":"5f93daac00f1","level":"INFO","thread":"EthScheduler-Timer-0","class":"FullSyncTargetManager","message":"Unable to find sync target. Currently checking 0 peers for usefulness","throwable":""}
{"timestamp":"2025-07-10T22:14:49,760","container":"5f93daac00f1","level":"INFO","thread":"EthScheduler-Timer-0","class":"FullSyncTargetManager","message":"Unable to find sync target. Currently checking 0 peers for usefulness","throwable":""}
{"timestamp":"2025-07-10T22:14:54,761","container":"5f93daac00f1","level":"INFO","thread":"EthScheduler-Timer-0","class":"FullSyncTargetManager","message":"Unable to find sync target. Currently checking 0 peers for usefulness","throwable":""}
{"timestamp":"2025-07-10T22:14:59,762","container":"5f93daac00f1","level":"INFO","thread":"EthScheduler-Timer-0","class":"FullSyncTargetManager","message":"Unable to find sync target. Currently checking 0 peers for usefulness","throwable":""}
{"timestamp":"2025-07-10T22:15:04,763","container":"5f93daac00f1","level":"INFO","thread":"EthScheduler-Timer-0","class":"FullSyncTargetManager","message":"Unable to find sync target. Currently checking 0 peers for usefulness","throwable":""}
{"timestamp":"2025-07-10T22:15:09,764","container":"5f93daac00f1","level":"INFO","thread":"EthScheduler-Timer-0","class":"FullSyncTargetManager","message":"Unable to find sync target. Currently checking 0 peers for usefulness","throwable":""}
{"timestamp":"2025-07-10T22:15:14,765","container":"5f93daac00f1","level":"INFO","thread":"EthScheduler-Timer-0","class":"FullSyncTargetManager","message":"Unable to find sync target. Currently checking 0 peers for usefulness","throwable":""}
{"timestamp":"2025-07-10T22:15:19,766","container":"5f93daac00f1","level":"INFO","thread":"EthScheduler-Timer-0","class":"FullSyncTargetManager","message":"Unable to find sync target. Currently checking 0 peers for usefulness","throwable":""}
{"timestamp":"2025-07-10T22:15:24,766","container":"5f93daac00f1","level":"INFO","thread":"EthScheduler-Timer-0","class":"FullSyncTargetManager","message":"Unable to find sync target. Currently checking 0 peers for usefulness","throwable":""}
{"timestamp":"2025-07-10T22:15:29,767","container":"5f93daac00f1","level":"INFO","thread":"EthScheduler-Timer-0","class":"FullSyncTargetManager","message":"Unable to find sync target. Currently checking 0 peers for usefulness","throwable":""}
{"timestamp":"2025-07-10T22:15:34,768","container":"5f93daac00f1","level":"INFO","thread":"EthScheduler-Timer-0","class":"FullSyncTargetManager","message":"Unable to find sync target. Currently checking 0 peers for usefulness","throwable":""}
{"timestamp":"2025-07-10T22:15:39,769","container":"5f93daac00f1","level":"INFO","thread":"EthScheduler-Timer-0","class":"FullSyncTargetManager","message":"Unable to find sync target. Currently checking 0 peers for usefulness","throwable":""}
{"timestamp":"2025-07-10T22:15:44,769","container":"5f93daac00f1","level":"INFO","thread":"EthScheduler-Timer-0","class":"FullSyncTargetManager","message":"Unable to find sync target. Currently checking 0 peers for usefulness","throwable":""}
{"timestamp":"2025-07-10T22:15:49,770","container":"5f93daac00f1","level":"INFO","thread":"EthScheduler-Timer-0","class":"FullSyncTargetManager","message":"Unable to find sync target. Currently checking 0 peers for usefulness","throwable":""}
{"timestamp":"2025-07-10T22:15:54,770","container":"5f93daac00f1","level":"INFO","thread":"EthScheduler-Timer-0","class":"FullSyncTargetManager","message":"Unable to find sync target. Currently checking 0 peers for usefulness","throwable":""}
{"timestamp":"2025-07-10T22:15:59,771","container":"5f93daac00f1","level":"INFO","thread":"EthScheduler-Timer-0","class":"FullSyncTargetManager","message":"Unable to find sync target. Currently checking 0 peers for usefulness","throwable":""}
{"timestamp":"2025-07-10T22:16:04,772","container":"5f93daac00f1","level":"INFO","thread":"EthScheduler-Timer-0","class":"FullSyncTargetManager","message":"Unable to find sync target. Currently checking 0 peers for usefulness","throwable":""}
{"timestamp":"2025-07-10T22:16:09,772","container":"5f93daac00f1","level":"INFO","thread":"EthScheduler-Timer-0","class":"FullSyncTargetManager","message":"Unable to find sync target. Currently checking 0 peers for usefulness","throwable":""}
{"timestamp":"2025-07-10T22:16:14,773","container":"5f93daac00f1","level":"INFO","thread":"EthScheduler-Timer-0","class":"FullSyncTargetManager","message":"Unable to find sync target. Currently checking 0 peers for usefulness","throwable":""}
{"timestamp":"2025-07-10T22:16:19,773","container":"5f93daac00f1","level":"INFO","thread":"EthScheduler-Timer-0","class":"FullSyncTargetManager","message":"Unable to find sync target. Currently checking 0 peers for usefulness","throwable":""}
{"timestamp":"2025-07-10T22:16:24,774","container":"5f93daac00f1","level":"INFO","thread":"EthScheduler-Timer-0","class":"FullSyncTargetManager","message":"Unable to find sync target. Currently checking 0 peers for usefulness","throwable":""}
{"timestamp":"2025-07-10T22:16:29,775","container":"5f93daac00f1","level":"INFO","thread":"EthScheduler-Timer-0","class":"FullSyncTargetManager","message":"Unable to find sync target. Currently checking 0 peers for usefulness","throwable":""}
{"timestamp":"2025-07-10T22:16:34,775","container":"5f93daac00f1","level":"INFO","thread":"EthScheduler-Timer-0","class":"FullSyncTargetManager","message":"Unable to find sync target. Currently checking 0 peers for usefulness","throwable":""}
{"timestamp":"2025-07-10T22:16:39,776","container":"5f93daac00f1","level":"INFO","thread":"EthScheduler-Timer-0","class":"FullSyncTargetManager","message":"Unable to find sync target. Currently checking 0 peers for usefulness","throwable":""}
{"timestamp":"2025-07-10T22:16:44,777","container":"5f93daac00f1","level":"INFO","thread":"EthScheduler-Timer-0","class":"FullSyncTargetManager","message":"Unable to find sync target. Currently checking 0 peers for usefulness","throwable":""}
{"timestamp":"2025-07-10T22:16:49,778","container":"5f93daac00f1","level":"INFO","thread":"EthScheduler-Timer-0","class":"FullSyncTargetManager","message":"Unable to find sync target. Currently checking 0 peers for usefulness","throwable":""}
{"timestamp":"2025-07-10T22:16:54,778","container":"5f93daac00f1","level":"INFO","thread":"EthScheduler-Timer-0","class":"FullSyncTargetManager","message":"Unable to find sync target. Currently checking 0 peers for usefulness","throwable":""}
{"timestamp":"2025-07-10T22:16:59,779","container":"5f93daac00f1","level":"INFO","thread":"EthScheduler-Timer-0","class":"FullSyncTargetManager","message":"Unable to find sync target. Currently checking 0 peers for usefulness","throwable":""}
{"timestamp":"2025-07-10T22:17:04,780","container":"5f93daac00f1","level":"INFO","thread":"EthScheduler-Timer-0","class":"FullSyncTargetManager","message":"Unable to find sync target. Currently checking 0 peers for usefulness","throwable":""}
{"timestamp":"2025-07-10T22:17:09,781","container":"5f93daac00f1","level":"INFO","thread":"EthScheduler-Timer-0","class":"FullSyncTargetManager","message":"Unable to find sync target. Currently checking 0 peers for usefulness","throwable":""}
{"timestamp":"2025-07-10T22:17:14,782","container":"5f93daac00f1","level":"INFO","thread":"EthScheduler-Timer-0","class":"FullSyncTargetManager","message":"Unable to find sync target. Currently checking 0 peers for usefulness","throwable":""}
{"timestamp":"2025-07-10T22:17:19,783","container":"5f93daac00f1","level":"INFO","thread":"EthScheduler-Timer-0","class":"FullSyncTargetManager","message":"Unable to find sync target. Currently checking 0 peers for usefulness","throwable":""}
{"timestamp":"2025-07-10T22:17:24,784","container":"5f93daac00f1","level":"INFO","thread":"EthScheduler-Timer-0","class":"FullSyncTargetManager","message":"Unable to find sync target. Currently checking 0 peers for usefulness","throwable":""}
{"timestamp":"2025-07-10T22:17:29,784","container":"5f93daac00f1","level":"INFO","thread":"EthScheduler-Timer-0","class":"FullSyncTargetManager","message":"Unable to find sync target. Currently checking 0 peers for usefulness","throwable":""}
{"timestamp":"2025-07-10T22:17:34,785","container":"5f93daac00f1","level":"INFO","thread":"EthScheduler-Timer-0","class":"FullSyncTargetManager","message":"Unable to find sync target. Currently checking 0 peers for usefulness","throwable":""}
{"timestamp":"2025-07-10T22:17:39,786","container":"5f93daac00f1","level":"INFO","thread":"EthScheduler-Timer-0","class":"FullSyncTargetManager","message":"Unable to find sync target. Currently checking 0 peers for usefulness","throwable":""}
{"timestamp":"2025-07-10T22:17:44,787","container":"5f93daac00f1","level":"INFO","thread":"EthScheduler-Timer-0","class":"FullSyncTargetManager","message":"Unable to find sync target. Currently checking 0 peers for usefulness","throwable":""}
{"timestamp":"2025-07-10T22:17:49,788","container":"5f93daac00f1","level":"INFO","thread":"EthScheduler-Timer-0","class":"FullSyncTargetManager","message":"Unable to find sync target. Currently checking 0 peers for usefulness","throwable":""}
{"timestamp":"2025-07-10T22:17:54,788","container":"5f93daac00f1","level":"INFO","thread":"EthScheduler-Timer-0","class":"FullSyncTargetManager","message":"Unable to find sync target. Currently checking 0 peers for usefulness","throwable":""}
{"timestamp":"2025-07-10T22:17:59,789","container":"5f93daac00f1","level":"INFO","thread":"EthScheduler-Timer-0","class":"FullSyncTargetManager","message":"Unable to find sync target. Currently checking 0 peers for usefulness","throwable":""}
{"timestamp":"2025-07-10T22:18:04,789","container":"5f93daac00f1","level":"INFO","thread":"EthScheduler-Timer-0","class":"FullSyncTargetManager","message":"Unable to find sync target. Currently checking 0 peers for usefulness","throwable":""}
{"timestamp":"2025-07-10T22:18:09,792","container":"5f93daac00f1","level":"INFO","thread":"EthScheduler-Timer-0","class":"FullSyncTargetManager","message":"Unable to find sync target. Currently checking 0 peers for usefulness","throwable":""}
{"timestamp":"2025-07-10T22:18:14,793","container":"5f93daac00f1","level":"INFO","thread":"EthScheduler-Timer-0","class":"FullSyncTargetManager","message":"Unable to find sync target. Currently checking 0 peers for usefulness","throwable":""}
{"timestamp":"2025-07-10T22:18:19,794","container":"5f93daac00f1","level":"INFO","thread":"EthScheduler-Timer-0","class":"FullSyncTargetManager","message":"Unable to find sync target. Currently checking 0 peers for usefulness","throwable":""}
{"timestamp":"2025-07-10T22:18:24,795","container":"5f93daac00f1","level":"INFO","thread":"EthScheduler-Timer-0","class":"FullSyncTargetManager","message":"Unable to find sync target. Currently checking 0 peers for usefulness","throwable":""}
{"timestamp":"2025-07-10T22:18:29,795","container":"5f93daac00f1","level":"INFO","thread":"EthScheduler-Timer-0","class":"FullSyncTargetManager","message":"Unable to find sync target. Currently checking 0 peers for usefulness","throwable":""}
{"timestamp":"2025-07-10T22:18:34,796","container":"5f93daac00f1","level":"INFO","thread":"EthScheduler-Timer-0","class":"FullSyncTargetManager","message":"Unable to find sync target. Currently checking 0 peers for usefulness","throwable":""}
{"timestamp":"2025-07-10T22:18:39,797","container":"5f93daac00f1","level":"INFO","thread":"EthScheduler-Timer-0","class":"FullSyncTargetManager","message":"Unable to find sync target. Currently checking 0 peers for usefulness","throwable":""}
{"timestamp":"2025-07-10T22:18:44,798","container":"5f93daac00f1","level":"INFO","thread":"EthScheduler-Timer-0","class":"FullSyncTargetManager","message":"Unable to find sync target. Currently checking 0 peers for usefulness","throwable":""}
{"timestamp":"2025-07-10T22:18:49,799","container":"5f93daac00f1","level":"INFO","thread":"EthScheduler-Timer-0","class":"FullSyncTargetManager","message":"Unable to find sync target. Currently checking 0 peers for usefulness","throwable":""}
{"timestamp":"2025-07-10T22:18:54,799","container":"5f93daac00f1","level":"INFO","thread":"EthScheduler-Timer-0","class":"FullSyncTargetManager","message":"Unable to find sync target. Currently checking 0 peers for usefulness","throwable":""}
{"timestamp":"2025-07-10T22:18:59,800","container":"5f93daac00f1","level":"INFO","thread":"EthScheduler-Timer-0","class":"FullSyncTargetManager","message":"Unable to find sync target. Currently checking 0 peers for usefulness","throwable":""}
{"timestamp":"2025-07-10T22:19:04,801","container":"5f93daac00f1","level":"INFO","thread":"EthScheduler-Timer-0","class":"FullSyncTargetManager","message":"Unable to find sync target. Currently checking 0 peers for usefulness","throwable":""}
{"timestamp":"2025-07-10T22:19:09,802","container":"5f93daac00f1","level":"INFO","thread":"EthScheduler-Timer-0","class":"FullSyncTargetManager","message":"Unable to find sync target. Currently checking 0 peers for usefulness","throwable":""}
{"timestamp":"2025-07-10T22:19:14,803","container":"5f93daac00f1","level":"INFO","thread":"EthScheduler-Timer-0","class":"FullSyncTargetManager","message":"Unable to find sync target. Currently checking 0 peers for usefulness","throwable":""}
{"timestamp":"2025-07-10T22:19:19,803","container":"5f93daac00f1","level":"INFO","thread":"EthScheduler-Timer-0","class":"FullSyncTargetManager","message":"Unable to find sync target. Currently checking 0 peers for usefulness","throwable":""}
{"timestamp":"2025-07-10T22:19:24,804","container":"5f93daac00f1","level":"INFO","thread":"EthScheduler-Timer-0","class":"FullSyncTargetManager","message":"Unable to find sync target. Currently checking 0 peers for usefulness","throwable":""}
{"timestamp":"2025-07-10T22:19:29,805","container":"5f93daac00f1","level":"INFO","thread":"EthScheduler-Timer-0","class":"FullSyncTargetManager","message":"Unable to find sync target. Currently checking 0 peers for usefulness","throwable":""}
{"timestamp":"2025-07-10T22:19:34,806","container":"5f93daac00f1","level":"INFO","thread":"EthScheduler-Timer-0","class":"FullSyncTargetManager","message":"Unable to find sync target. Currently checking 0 peers for usefulness","throwable":""}
{"timestamp":"2025-07-10T22:19:39,807","container":"5f93daac00f1","level":"INFO","thread":"EthScheduler-Timer-0","class":"FullSyncTargetManager","message":"Unable to find sync target. Currently checking 0 peers for usefulness","throwable":""}
{"timestamp":"2025-07-10T22:19:44,807","container":"5f93daac00f1","level":"INFO","thread":"EthScheduler-Timer-0","class":"FullSyncTargetManager","message":"Unable to find sync target. Currently checking 0 peers for usefulness","throwable":""}
{"timestamp":"2025-07-10T22:19:49,808","container":"5f93daac00f1","level":"INFO","thread":"EthScheduler-Timer-0","class":"FullSyncTargetManager","message":"Unable to find sync target. Currently checking 0 peers for usefulness","throwable":""}
{"timestamp":"2025-07-10T22:19:54,809","container":"5f93daac00f1","level":"INFO","thread":"EthScheduler-Timer-0","class":"FullSyncTargetManager","message":"Unable to find sync target. Currently checking 0 peers for usefulness","throwable":""}
{"timestamp":"2025-07-10T22:19:59,810","container":"5f93daac00f1","level":"INFO","thread":"EthScheduler-Timer-0","class":"FullSyncTargetManager","message":"Unable to find sync target. Currently checking 0 peers for usefulness","throwable":""}
{"timestamp":"2025-07-10T22:20:04,811","container":"5f93daac00f1","level":"INFO","thread":"EthScheduler-Timer-0","class":"FullSyncTargetManager","message":"Unable to find sync target. Currently checking 0 peers for usefulness","throwable":""}
{"timestamp":"2025-07-10T22:20:09,812","container":"5f93daac00f1","level":"INFO","thread":"EthScheduler-Timer-0","class":"FullSyncTargetManager","message":"Unable to find sync target. Currently checking 0 peers for usefulness","throwable":""}
{"timestamp":"2025-07-10T22:20:14,812","container":"5f93daac00f1","level":"INFO","thread":"EthScheduler-Timer-0","class":"FullSyncTargetManager","message":"Unable to find sync target. Currently checking 0 peers for usefulness","throwable":""}
{"timestamp":"2025-07-10T22:20:19,813","container":"5f93daac00f1","level":"INFO","thread":"EthScheduler-Timer-0","class":"FullSyncTargetManager","message":"Unable to find sync target. Currently checking 0 peers for usefulness","throwable":""}
{"timestamp":"2025-07-10T22:20:24,814","container":"5f93daac00f1","level":"INFO","thread":"EthScheduler-Timer-0","class":"FullSyncTargetManager","message":"Unable to find sync target. Currently checking 0 peers for usefulness","throwable":""}
{"timestamp":"2025-07-10T22:20:29,815","container":"5f93daac00f1","level":"INFO","thread":"EthScheduler-Timer-0","class":"FullSyncTargetManager","message":"Unable to find sync target. Currently checking 0 peers for usefulness","throwable":""}
{"timestamp":"2025-07-10T22:20:34,815","container":"5f93daac00f1","level":"INFO","thread":"EthScheduler-Timer-0","class":"FullSyncTargetManager","message":"Unable to find sync target. Currently checking 0 peers for usefulness","throwable":""}
{"timestamp":"2025-07-10T22:20:39,816","container":"5f93daac00f1","level":"INFO","thread":"EthScheduler-Timer-0","class":"FullSyncTargetManager","message":"Unable to find sync target. Currently checking 0 peers for usefulness","throwable":""}
{"timestamp":"2025-07-10T22:20:44,817","container":"5f93daac00f1","level":"INFO","thread":"EthScheduler-Timer-0","class":"FullSyncTargetManager","message":"Unable to find sync target. Currently checking 0 peers for usefulness","throwable":""}
{"timestamp":"2025-07-10T22:20:49,818","container":"5f93daac00f1","level":"INFO","thread":"EthScheduler-Timer-0","class":"FullSyncTargetManager","message":"Unable to find sync target. Currently checking 0 peers for usefulness","throwable":""}
{"timestamp":"2025-07-10T22:20:54,818","container":"5f93daac00f1","level":"INFO","thread":"EthScheduler-Timer-0","class":"FullSyncTargetManager","message":"Unable to find sync target. Currently checking 0 peers for usefulness","throwable":""}
{"timestamp":"2025-07-10T22:20:59,819","container":"5f93daac00f1","level":"INFO","thread":"EthScheduler-Timer-0","class":"FullSyncTargetManager","message":"Unable to find sync target. Currently checking 0 peers for usefulness","throwable":""}
{"timestamp":"2025-07-10T22:21:04,820","container":"5f93daac00f1","level":"INFO","thread":"EthScheduler-Timer-0","class":"FullSyncTargetManager","message":"Unable to find sync target. Currently checking 0 peers for usefulness","throwable":""}
{"timestamp":"2025-07-10T22:21:09,821","container":"5f93daac00f1","level":"INFO","thread":"EthScheduler-Timer-0","class":"FullSyncTargetManager","message":"Unable to find sync target. Currently checking 0 peers for usefulness","throwable":""}
{"timestamp":"2025-07-10T22:21:14,822","container":"5f93daac00f1","level":"INFO","thread":"EthScheduler-Timer-0","class":"FullSyncTargetManager","message":"Unable to find sync target. Currently checking 0 peers for usefulness","throwable":""}
{"timestamp":"2025-07-10T22:21:19,823","container":"5f93daac00f1","level":"INFO","thread":"EthScheduler-Timer-0","class":"FullSyncTargetManager","message":"Unable to find sync target. Currently checking 0 peers for usefulness","throwable":""}
{"timestamp":"2025-07-10T22:21:24,824","container":"5f93daac00f1","level":"INFO","thread":"EthScheduler-Timer-0","class":"FullSyncTargetManager","message":"Unable to find sync target. Currently checking 0 peers for usefulness","throwable":""}
{"timestamp":"2025-07-10T22:21:29,825","container":"5f93daac00f1","level":"INFO","thread":"EthScheduler-Timer-0","class":"FullSyncTargetManager","message":"Unable to find sync target. Currently checking 0 peers for usefulness","throwable":""}
{"timestamp":"2025-07-10T22:21:34,825","container":"5f93daac00f1","level":"INFO","thread":"EthScheduler-Timer-0","class":"FullSyncTargetManager","message":"Unable to find sync target. Currently checking 0 peers for usefulness","throwable":""}
{"timestamp":"2025-07-10T22:21:39,826","container":"5f93daac00f1","level":"INFO","thread":"EthScheduler-Timer-0","class":"FullSyncTargetManager","message":"Unable to find sync target. Currently checking 0 peers for usefulness","throwable":""}
{"timestamp":"2025-07-10T22:21:44,827","container":"5f93daac00f1","level":"INFO","thread":"EthScheduler-Timer-0","class":"FullSyncTargetManager","message":"Unable to find sync target. Currently checking 0 peers for usefulness","throwable":""}
{"timestamp":"2025-07-10T22:21:49,828","container":"5f93daac00f1","level":"INFO","thread":"EthScheduler-Timer-0","class":"FullSyncTargetManager","message":"Unable to find sync target. Currently checking 0 peers for usefulness","throwable":""}
{"timestamp":"2025-07-10T22:21:54,829","container":"5f93daac00f1","level":"INFO","thread":"EthScheduler-Timer-0","class":"FullSyncTargetManager","message":"Unable to find sync target. Currently checking 0 peers for usefulness","throwable":""}
{"timestamp":"2025-07-10T22:21:59,829","container":"5f93daac00f1","level":"INFO","thread":"EthScheduler-Timer-0","class":"FullSyncTargetManager","message":"Unable to find sync target. Currently checking 0 peers for usefulness","throwable":""}
{"timestamp":"2025-07-10T22:22:04,830","container":"5f93daac00f1","level":"INFO","thread":"EthScheduler-Timer-0","class":"FullSyncTargetManager","message":"Unable to find sync target. Currently checking 0 peers for usefulness","throwable":""}
{"timestamp":"2025-07-10T22:22:09,831","container":"5f93daac00f1","level":"INFO","thread":"EthScheduler-Timer-0","class":"FullSyncTargetManager","message":"Unable to find sync target. Currently checking 0 peers for usefulness","throwable":""}
{"timestamp":"2025-07-10T22:22:14,832","container":"5f93daac00f1","level":"INFO","thread":"EthScheduler-Timer-0","class":"FullSyncTargetManager","message":"Unable to find sync target. Currently checking 0 peers for usefulness","throwable":""}
{"timestamp":"2025-07-10T22:22:19,833","container":"5f93daac00f1","level":"INFO","thread":"EthScheduler-Timer-0","class":"FullSyncTargetManager","message":"Unable to find sync target. Currently checking 0 peers for usefulness","throwable":""}
{"timestamp":"2025-07-10T22:22:24,834","container":"5f93daac00f1","level":"INFO","thread":"EthScheduler-Timer-0","class":"FullSyncTargetManager","message":"Unable to find sync target. Currently checking 0 peers for usefulness","throwable":""}
{"timestamp":"2025-07-10T22:22:29,834","container":"5f93daac00f1","level":"INFO","thread":"EthScheduler-Timer-0","class":"FullSyncTargetManager","message":"Unable to find sync target. Currently checking 0 peers for usefulness","throwable":""}
{"timestamp":"2025-07-10T22:22:34,835","container":"5f93daac00f1","level":"INFO","thread":"EthScheduler-Timer-0","class":"FullSyncTargetManager","message":"Unable to find sync target. Currently checking 0 peers for usefulness","throwable":""}
{"timestamp":"2025-07-10T22:22:39,836","container":"5f93daac00f1","level":"INFO","thread":"EthScheduler-Timer-0","class":"FullSyncTargetManager","message":"Unable to find sync target. Currently checking 0 peers for usefulness","throwable":""}
{"timestamp":"2025-07-10T22:22:44,836","container":"5f93daac00f1","level":"INFO","thread":"EthScheduler-Timer-0","class":"FullSyncTargetManager","message":"Unable to find sync target. Currently checking 0 peers for usefulness","throwable":""}
{"timestamp":"2025-07-10T22:22:49,837","container":"5f93daac00f1","level":"INFO","thread":"EthScheduler-Timer-0","class":"FullSyncTargetManager","message":"Unable to find sync target. Currently checking 0 peers for usefulness","throwable":""}
{"timestamp":"2025-07-10T22:22:54,838","container":"5f93daac00f1","level":"INFO","thread":"EthScheduler-Timer-0","class":"FullSyncTargetManager","message":"Unable to find sync target. Currently checking 0 peers for usefulness","throwable":""}
{"timestamp":"2025-07-10T22:22:59,838","container":"5f93daac00f1","level":"INFO","thread":"EthScheduler-Timer-0","class":"FullSyncTargetManager","message":"Unable to find sync target. Currently checking 0 peers for usefulness","throwable":""}
{"timestamp":"2025-07-10T22:23:04,839","container":"5f93daac00f1","level":"INFO","thread":"EthScheduler-Timer-0","class":"FullSyncTargetManager","message":"Unable to find sync target. Currently checking 0 peers for usefulness","throwable":""}
{"timestamp":"2025-07-10T22:23:09,839","container":"5f93daac00f1","level":"INFO","thread":"EthScheduler-Timer-0","class":"FullSyncTargetManager","message":"Unable to find sync target. Currently checking 0 peers for usefulness","throwable":""}
{"timestamp":"2025-07-10T22:23:14,840","container":"5f93daac00f1","level":"INFO","thread":"EthScheduler-Timer-0","class":"FullSyncTargetManager","message":"Unable to find sync target. Currently checking 0 peers for usefulness","throwable":""}
{"timestamp":"2025-07-10T22:23:19,841","container":"5f93daac00f1","level":"INFO","thread":"EthScheduler-Timer-0","class":"FullSyncTargetManager","message":"Unable to find sync target. Currently checking 0 peers for usefulness","throwable":""}
{"timestamp":"2025-07-10T22:23:24,841","container":"5f93daac00f1","level":"INFO","thread":"EthScheduler-Timer-0","class":"FullSyncTargetManager","message":"Unable to find sync target. Currently checking 0 peers for usefulness","throwable":""}
{"timestamp":"2025-07-10T22:23:29,842","container":"5f93daac00f1","level":"INFO","thread":"EthScheduler-Timer-0","class":"FullSyncTargetManager","message":"Unable to find sync target. Currently checking 0 peers for usefulness","throwable":""}
{"timestamp":"2025-07-10T22:23:34,843","container":"5f93daac00f1","level":"INFO","thread":"EthScheduler-Timer-0","class":"FullSyncTargetManager","message":"Unable to find sync target. Currently checking 0 peers for usefulness","throwable":""}
{"timestamp":"2025-07-10T22:23:39,844","container":"5f93daac00f1","level":"INFO","thread":"EthScheduler-Timer-0","class":"FullSyncTargetManager","message":"Unable to find sync target. Currently checking 0 peers for usefulness","throwable":""}
{"timestamp":"2025-07-10T22:23:44,845","container":"5f93daac00f1","level":"INFO","thread":"EthScheduler-Timer-0","class":"FullSyncTargetManager","message":"Unable to find sync target. Currently checking 0 peers for usefulness","throwable":""}
{"timestamp":"2025-07-10T22:23:49,845","container":"5f93daac00f1","level":"INFO","thread":"EthScheduler-Timer-0","class":"FullSyncTargetManager","message":"Unable to find sync target. Currently checking 0 peers for usefulness","throwable":""}
{"timestamp":"2025-07-10T22:23:54,846","container":"5f93daac00f1","level":"INFO","thread":"EthScheduler-Timer-0","class":"FullSyncTargetManager","message":"Unable to find sync target. Currently checking 0 peers for usefulness","throwable":""}
{"timestamp":"2025-07-10T22:23:59,847","container":"5f93daac00f1","level":"INFO","thread":"EthScheduler-Timer-0","class":"FullSyncTargetManager","message":"Unable to find sync target. Currently checking 0 peers for usefulness","throwable":""}
{"timestamp":"2025-07-10T22:24:04,847","container":"5f93daac00f1","level":"INFO","thread":"EthScheduler-Timer-0","class":"FullSyncTargetManager","message":"Unable to find sync target. Currently checking 0 peers for usefulness","throwable":""}
{"timestamp":"2025-07-10T22:24:09,848","container":"5f93daac00f1","level":"INFO","thread":"EthScheduler-Timer-0","class":"FullSyncTargetManager","message":"Unable to find sync target. Currently checking 0 peers for usefulness","throwable":""}
{"timestamp":"2025-07-10T22:24:14,849","container":"5f93daac00f1","level":"INFO","thread":"EthScheduler-Timer-0","class":"FullSyncTargetManager","message":"Unable to find sync target. Currently checking 0 peers for usefulness","throwable":""}
{"timestamp":"2025-07-10T22:24:19,850","container":"5f93daac00f1","level":"INFO","thread":"EthScheduler-Timer-0","class":"FullSyncTargetManager","message":"Unable to find sync target. Currently checking 0 peers for usefulness","throwable":""}
{"timestamp":"2025-07-10T22:24:24,850","container":"5f93daac00f1","level":"INFO","thread":"EthScheduler-Timer-0","class":"FullSyncTargetManager","message":"Unable to find sync target. Currently checking 0 peers for usefulness","throwable":""}
{"timestamp":"2025-07-10T22:24:29,851","container":"5f93daac00f1","level":"INFO","thread":"EthScheduler-Timer-0","class":"FullSyncTargetManager","message":"Unable to find sync target. Currently checking 0 peers for usefulness","throwable":""}
{"timestamp":"2025-07-10T22:24:34,852","container":"5f93daac00f1","level":"INFO","thread":"EthScheduler-Timer-0","class":"FullSyncTargetManager","message":"Unable to find sync target. Currently checking 0 peers for usefulness","throwable":""}
{"timestamp":"2025-07-10T22:24:39,852","container":"5f93daac00f1","level":"INFO","thread":"EthScheduler-Timer-0","class":"FullSyncTargetManager","message":"Unable to find sync target. Currently checking 0 peers for usefulness","throwable":""}
{"timestamp":"2025-07-10T22:24:44,853","container":"5f93daac00f1","level":"INFO","thread":"EthScheduler-Timer-0","class":"FullSyncTargetManager","message":"Unable to find sync target. Currently checking 0 peers for usefulness","throwable":""}
{"timestamp":"2025-07-10T22:24:49,854","container":"5f93daac00f1","level":"INFO","thread":"EthScheduler-Timer-0","class":"FullSyncTargetManager","message":"Unable to find sync target. Currently checking 0 peers for usefulness","throwable":""}
{"timestamp":"2025-07-10T22:24:54,855","container":"5f93daac00f1","level":"INFO","thread":"EthScheduler-Timer-0","class":"FullSyncTargetManager","message":"Unable to find sync target. Currently checking 0 peers for usefulness","throwable":""}
{"timestamp":"2025-07-10T22:24:59,855","container":"5f93daac00f1","level":"INFO","thread":"EthScheduler-Timer-0","class":"FullSyncTargetManager","message":"Unable to find sync target. Currently checking 0 peers for usefulness","throwable":""}
{"timestamp":"2025-07-10T22:25:04,856","container":"5f93daac00f1","level":"INFO","thread":"EthScheduler-Timer-0","class":"FullSyncTargetManager","message":"Unable to find sync target. Currently checking 0 peers for usefulness","throwable":""}
{"timestamp":"2025-07-10T22:25:09,857","container":"5f93daac00f1","level":"INFO","thread":"EthScheduler-Timer-0","class":"FullSyncTargetManager","message":"Unable to find sync target. Currently checking 0 peers for usefulness","throwable":""}
{"timestamp":"2025-07-10T22:25:14,858","container":"5f93daac00f1","level":"INFO","thread":"EthScheduler-Timer-0","class":"FullSyncTargetManager","message":"Unable to find sync target. Currently checking 0 peers for usefulness","throwable":""}
{"timestamp":"2025-07-10T22:25:19,859","container":"5f93daac00f1","level":"INFO","thread":"EthScheduler-Timer-0","class":"FullSyncTargetManager","message":"Unable to find sync target. Currently checking 0 peers for usefulness","throwable":""}
{"timestamp":"2025-07-10T22:25:24,860","container":"5f93daac00f1","level":"INFO","thread":"EthScheduler-Timer-0","class":"FullSyncTargetManager","message":"Unable to find sync target. Currently checking 0 peers for usefulness","throwable":""}
{"timestamp":"2025-07-10T22:25:29,861","container":"5f93daac00f1","level":"INFO","thread":"EthScheduler-Timer-0","class":"FullSyncTargetManager","message":"Unable to find sync target. Currently checking 0 peers for usefulness","throwable":""}
{"timestamp":"2025-07-10T22:25:34,861","container":"5f93daac00f1","level":"INFO","thread":"EthScheduler-Timer-0","class":"FullSyncTargetManager","message":"Unable to find sync target. Currently checking 0 peers for usefulness","throwable":""}
{"timestamp":"2025-07-10T22:25:39,862","container":"5f93daac00f1","level":"INFO","thread":"EthScheduler-Timer-0","class":"FullSyncTargetManager","message":"Unable to find sync target. Currently checking 0 peers for usefulness","throwable":""}
{"timestamp":"2025-07-10T22:25:44,863","container":"5f93daac00f1","level":"INFO","thread":"EthScheduler-Timer-0","class":"FullSyncTargetManager","message":"Unable to find sync target. Currently checking 0 peers for usefulness","throwable":""}
{"timestamp":"2025-07-10T22:25:49,864","container":"5f93daac00f1","level":"INFO","thread":"EthScheduler-Timer-0","class":"FullSyncTargetManager","message":"Unable to find sync target. Currently checking 0 peers for usefulness","throwable":""}
{"timestamp":"2025-07-10T22:25:54,864","container":"5f93daac00f1","level":"INFO","thread":"EthScheduler-Timer-0","class":"FullSyncTargetManager","message":"Unable to find sync target. Currently checking 0 peers for usefulness","throwable":""}
{"timestamp":"2025-07-10T22:25:59,865","container":"5f93daac00f1","level":"INFO","thread":"EthScheduler-Timer-0","class":"FullSyncTargetManager","message":"Unable to find sync target. Currently checking 0 peers for usefulness","throwable":""}
{"timestamp":"2025-07-10T22:26:04,866","container":"5f93daac00f1","level":"INFO","thread":"EthScheduler-Timer-0","class":"FullSyncTargetManager","message":"Unable to find sync target. Currently checking 0 peers for usefulness","throwable":""}
{"timestamp":"2025-07-10T22:26:09,866","container":"5f93daac00f1","level":"INFO","thread":"EthScheduler-Timer-0","class":"FullSyncTargetManager","message":"Unable to find sync target. Currently checking 0 peers for usefulness","throwable":""}
{"timestamp":"2025-07-10T22:26:14,867","container":"5f93daac00f1","level":"INFO","thread":"EthScheduler-Timer-0","class":"FullSyncTargetManager","message":"Unable to find sync target. Currently checking 0 peers for usefulness","throwable":""}
{"timestamp":"2025-07-10T22:26:19,868","container":"5f93daac00f1","level":"INFO","thread":"EthScheduler-Timer-0","class":"FullSyncTargetManager","message":"Unable to find sync target. Currently checking 0 peers for usefulness","throwable":""}
{"timestamp":"2025-07-10T22:26:24,868","container":"5f93daac00f1","level":"INFO","thread":"EthScheduler-Timer-0","class":"FullSyncTargetManager","message":"Unable to find sync target. Currently checking 0 peers for usefulness","throwable":""}
{"timestamp":"2025-07-10T22:26:29,869","container":"5f93daac00f1","level":"INFO","thread":"EthScheduler-Timer-0","class":"FullSyncTargetManager","message":"Unable to find sync target. Currently checking 0 peers for usefulness","throwable":""}
{"timestamp":"2025-07-10T22:26:34,870","container":"5f93daac00f1","level":"INFO","thread":"EthScheduler-Timer-0","class":"FullSyncTargetManager","message":"Unable to find sync target. Currently checking 0 peers for usefulness","throwable":""}
{"timestamp":"2025-07-10T22:26:39,871","container":"5f93daac00f1","level":"INFO","thread":"EthScheduler-Timer-0","class":"FullSyncTargetManager","message":"Unable to find sync target. Currently checking 0 peers for usefulness","throwable":""}
{"timestamp":"2025-07-10T22:26:44,871","container":"5f93daac00f1","level":"INFO","thread":"EthScheduler-Timer-0","class":"FullSyncTargetManager","message":"Unable to find sync target. Currently checking 0 peers for usefulness","throwable":""}
{"timestamp":"2025-07-10T22:26:49,872","container":"5f93daac00f1","level":"INFO","thread":"EthScheduler-Timer-0","class":"FullSyncTargetManager","message":"Unable to find sync target. Currently checking 0 peers for usefulness","throwable":""}
{"timestamp":"2025-07-10T22:26:54,873","container":"5f93daac00f1","level":"INFO","thread":"EthScheduler-Timer-0","class":"FullSyncTargetManager","message":"Unable to find sync target. Currently checking 0 peers for usefulness","throwable":""}
{"timestamp":"2025-07-10T22:26:59,874","container":"5f93daac00f1","level":"INFO","thread":"EthScheduler-Timer-0","class":"FullSyncTargetManager","message":"Unable to find sync target. Currently checking 0 peers for usefulness","throwable":""}
{"timestamp":"2025-07-10T22:27:04,874","container":"5f93daac00f1","level":"INFO","thread":"EthScheduler-Timer-0","class":"FullSyncTargetManager","message":"Unable to find sync target. Currently checking 0 peers for usefulness","throwable":""}
{"timestamp":"2025-07-10T22:27:09,875","container":"5f93daac00f1","level":"INFO","thread":"EthScheduler-Timer-0","class":"FullSyncTargetManager","message":"Unable to find sync target. Currently checking 0 peers for usefulness","throwable":""}
{"timestamp":"2025-07-10T22:27:14,876","container":"5f93daac00f1","level":"INFO","thread":"EthScheduler-Timer-0","class":"FullSyncTargetManager","message":"Unable to find sync target. Currently checking 0 peers for usefulness","throwable":""}
{"timestamp":"2025-07-10T22:27:19,877","container":"5f93daac00f1","level":"INFO","thread":"EthScheduler-Timer-0","class":"FullSyncTargetManager","message":"Unable to find sync target. Currently checking 0 peers for usefulness","throwable":""}
{"timestamp":"2025-07-10T22:27:24,878","container":"5f93daac00f1","level":"INFO","thread":"EthScheduler-Timer-0","class":"FullSyncTargetManager","message":"Unable to find sync target. Currently checking 0 peers for usefulness","throwable":""}
{"timestamp":"2025-07-10T22:27:29,879","container":"5f93daac00f1","level":"INFO","thread":"EthScheduler-Timer-0","class":"FullSyncTargetManager","message":"Unable to find sync target. Currently checking 0 peers for usefulness","throwable":""}
{"timestamp":"2025-07-10T22:27:34,880","container":"5f93daac00f1","level":"INFO","thread":"EthScheduler-Timer-0","class":"FullSyncTargetManager","message":"Unable to find sync target. Currently checking 0 peers for usefulness","throwable":""}
{"timestamp":"2025-07-10T22:27:39,880","container":"5f93daac00f1","level":"INFO","thread":"EthScheduler-Timer-0","class":"FullSyncTargetManager","message":"Unable to find sync target. Currently checking 0 peers for usefulness","throwable":""}
{"timestamp":"2025-07-10T22:27:44,881","container":"5f93daac00f1","level":"INFO","thread":"EthScheduler-Timer-0","class":"FullSyncTargetManager","message":"Unable to find sync target. Currently checking 0 peers for usefulness","throwable":""}
{"timestamp":"2025-07-10T22:27:49,882","container":"5f93daac00f1","level":"INFO","thread":"EthScheduler-Timer-0","class":"FullSyncTargetManager","message":"Unable to find sync target. Currently checking 0 peers for usefulness","throwable":""}
{"timestamp":"2025-07-10T22:27:54,883","container":"5f93daac00f1","level":"INFO","thread":"EthScheduler-Timer-0","class":"FullSyncTargetManager","message":"Unable to find sync target. Currently checking 0 peers for usefulness","throwable":""}
{"timestamp":"2025-07-10T22:27:59,883","container":"5f93daac00f1","level":"INFO","thread":"EthScheduler-Timer-0","class":"FullSyncTargetManager","message":"Unable to find sync target. Currently checking 0 peers for usefulness","throwable":""}
{"timestamp":"2025-07-10T22:28:04,884","container":"5f93daac00f1","level":"INFO","thread":"EthScheduler-Timer-0","class":"FullSyncTargetManager","message":"Unable to find sync target. Currently checking 0 peers for usefulness","throwable":""}
{"timestamp":"2025-07-10T22:28:09,885","container":"5f93daac00f1","level":"INFO","thread":"EthScheduler-Timer-0","class":"FullSyncTargetManager","message":"Unable to find sync target. Currently checking 0 peers for usefulness","throwable":""}
{"timestamp":"2025-07-10T22:28:14,886","container":"5f93daac00f1","level":"INFO","thread":"EthScheduler-Timer-0","class":"FullSyncTargetManager","message":"Unable to find sync target. Currently checking 0 peers for usefulness","throwable":""}
{"timestamp":"2025-07-10T22:28:19,887","container":"5f93daac00f1","level":"INFO","thread":"EthScheduler-Timer-0","class":"FullSyncTargetManager","message":"Unable to find sync target. Currently checking 0 peers for usefulness","throwable":""}
{"timestamp":"2025-07-10T22:28:24,887","container":"5f93daac00f1","level":"INFO","thread":"EthScheduler-Timer-0","class":"FullSyncTargetManager","message":"Unable to find sync target. Currently checking 0 peers for usefulness","throwable":""}
{"timestamp":"2025-07-10T22:28:29,889","container":"5f93daac00f1","level":"INFO","thread":"EthScheduler-Timer-0","class":"FullSyncTargetManager","message":"Unable to find sync target. Currently checking 0 peers for usefulness","throwable":""}
{"timestamp":"2025-07-10T22:28:34,890","container":"5f93daac00f1","level":"INFO","thread":"EthScheduler-Timer-0","class":"FullSyncTargetManager","message":"Unable to find sync target. Currently checking 0 peers for usefulness","throwable":""}
{"timestamp":"2025-07-10T22:28:39,890","container":"5f93daac00f1","level":"INFO","thread":"EthScheduler-Timer-0","class":"FullSyncTargetManager","message":"Unable to find sync target. Currently checking 0 peers for usefulness","throwable":""}
{"timestamp":"2025-07-10T22:28:44,891","container":"5f93daac00f1","level":"INFO","thread":"EthScheduler-Timer-0","class":"FullSyncTargetManager","message":"Unable to find sync target. Currently checking 0 peers for usefulness","throwable":""}
{"timestamp":"2025-07-10T22:28:49,892","container":"5f93daac00f1","level":"INFO","thread":"EthScheduler-Timer-0","class":"FullSyncTargetManager","message":"Unable to find sync target. Currently checking 0 peers for usefulness","throwable":""}
{"timestamp":"2025-07-10T22:28:54,893","container":"5f93daac00f1","level":"INFO","thread":"EthScheduler-Timer-0","class":"FullSyncTargetManager","message":"Unable to find sync target. Currently checking 0 peers for usefulness","throwable":""}
{"timestamp":"2025-07-10T22:28:59,893","container":"5f93daac00f1","level":"INFO","thread":"EthScheduler-Timer-0","class":"FullSyncTargetManager","message":"Unable to find sync target. Currently checking 0 peers for usefulness","throwable":""}
{"timestamp":"2025-07-10T22:29:04,894","container":"5f93daac00f1","level":"INFO","thread":"EthScheduler-Timer-0","class":"FullSyncTargetManager","message":"Unable to find sync target. Currently checking 0 peers for usefulness","throwable":""}
{"timestamp":"2025-07-10T22:29:09,895","container":"5f93daac00f1","level":"INFO","thread":"EthScheduler-Timer-0","class":"FullSyncTargetManager","message":"Unable to find sync target. Currently checking 0 peers for usefulness","throwable":""}
{"timestamp":"2025-07-10T22:29:14,895","container":"5f93daac00f1","level":"INFO","thread":"EthScheduler-Timer-0","class":"FullSyncTargetManager","message":"Unable to find sync target. Currently checking 0 peers for usefulness","throwable":""}
{"timestamp":"2025-07-10T22:29:19,896","container":"5f93daac00f1","level":"INFO","thread":"EthScheduler-Timer-0","class":"FullSyncTargetManager","message":"Unable to find sync target. Currently checking 0 peers for usefulness","throwable":""}
{"timestamp":"2025-07-10T22:29:24,897","container":"5f93daac00f1","level":"INFO","thread":"EthScheduler-Timer-0","class":"FullSyncTargetManager","message":"Unable to find sync target. Currently checking 0 peers for usefulness","throwable":""}
{"timestamp":"2025-07-10T22:29:29,898","container":"5f93daac00f1","level":"INFO","thread":"EthScheduler-Timer-0","class":"FullSyncTargetManager","message":"Unable to find sync target. Currently checking 0 peers for usefulness","throwable":""}
{"timestamp":"2025-07-10T22:29:34,898","container":"5f93daac00f1","level":"INFO","thread":"EthScheduler-Timer-0","class":"FullSyncTargetManager","message":"Unable to find sync target. Currently checking 0 peers for usefulness","throwable":""}
{"timestamp":"2025-07-10T22:29:39,899","container":"5f93daac00f1","level":"INFO","thread":"EthScheduler-Timer-0","class":"FullSyncTargetManager","message":"Unable to find sync target. Currently checking 0 peers for usefulness","throwable":""}
{"timestamp":"2025-07-10T22:29:44,900","container":"5f93daac00f1","level":"INFO","thread":"EthScheduler-Timer-0","class":"FullSyncTargetManager","message":"Unable to find sync target. Currently checking 0 peers for usefulness","throwable":""}
{"timestamp":"2025-07-10T22:29:49,900","container":"5f93daac00f1","level":"INFO","thread":"EthScheduler-Timer-0","class":"FullSyncTargetManager","message":"Unable to find sync target. Currently checking 0 peers for usefulness","throwable":""}
{"timestamp":"2025-07-10T22:29:54,901","container":"5f93daac00f1","level":"INFO","thread":"EthScheduler-Timer-0","class":"FullSyncTargetManager","message":"Unable to find sync target. Currently checking 0 peers for usefulness","throwable":""}
{"timestamp":"2025-07-10T22:29:59,901","container":"5f93daac00f1","level":"INFO","thread":"EthScheduler-Timer-0","class":"FullSyncTargetManager","message":"Unable to find sync target. Currently checking 0 peers for usefulness","throwable":""}
{"timestamp":"2025-07-10T22:30:04,902","container":"5f93daac00f1","level":"INFO","thread":"EthScheduler-Timer-0","class":"FullSyncTargetManager","message":"Unable to find sync target. Currently checking 0 peers for usefulness","throwable":""}
{"timestamp":"2025-07-10T22:30:09,903","container":"5f93daac00f1","level":"INFO","thread":"EthScheduler-Timer-0","class":"FullSyncTargetManager","message":"Unable to find sync target. Currently checking 0 peers for usefulness","throwable":""}
{"timestamp":"2025-07-10T22:30:14,904","container":"5f93daac00f1","level":"INFO","thread":"EthScheduler-Timer-0","class":"FullSyncTargetManager","message":"Unable to find sync target. Currently checking 0 peers for usefulness","throwable":""}
{"timestamp":"2025-07-10T22:30:19,904","container":"5f93daac00f1","level":"INFO","thread":"EthScheduler-Timer-0","class":"FullSyncTargetManager","message":"Unable to find sync target. Currently checking 0 peers for usefulness","throwable":""}
{"timestamp":"2025-07-10T22:30:24,905","container":"5f93daac00f1","level":"INFO","thread":"EthScheduler-Timer-0","class":"FullSyncTargetManager","message":"Unable to find sync target. Currently checking 0 peers for usefulness","throwable":""}
{"timestamp":"2025-07-10T22:30:29,906","container":"5f93daac00f1","level":"INFO","thread":"EthScheduler-Timer-0","class":"FullSyncTargetManager","message":"Unable to find sync target. Currently checking 0 peers for usefulness","throwable":""}
{"timestamp":"2025-07-10T22:30:34,907","container":"5f93daac00f1","level":"INFO","thread":"EthScheduler-Timer-0","class":"FullSyncTargetManager","message":"Unable to find sync target. Currently checking 0 peers for usefulness","throwable":""}
{"timestamp":"2025-07-10T22:30:39,907","container":"5f93daac00f1","level":"INFO","thread":"EthScheduler-Timer-0","class":"FullSyncTargetManager","message":"Unable to find sync target. Currently checking 0 peers for usefulness","throwable":""}
{"timestamp":"2025-07-10T22:30:44,908","container":"5f93daac00f1","level":"INFO","thread":"EthScheduler-Timer-0","class":"FullSyncTargetManager","message":"Unable to find sync target. Currently checking 0 peers for usefulness","throwable":""}
{"timestamp":"2025-07-10T22:30:49,909","container":"5f93daac00f1","level":"INFO","thread":"EthScheduler-Timer-0","class":"FullSyncTargetManager","message":"Unable to find sync target. Currently checking 0 peers for usefulness","throwable":""}
{"timestamp":"2025-07-10T22:30:54,910","container":"5f93daac00f1","level":"INFO","thread":"EthScheduler-Timer-0","class":"FullSyncTargetManager","message":"Unable to find sync target. Currently checking 0 peers for usefulness","throwable":""}
{"timestamp":"2025-07-10T22:30:59,910","container":"5f93daac00f1","level":"INFO","thread":"EthScheduler-Timer-0","class":"FullSyncTargetManager","message":"Unable to find sync target. Currently checking 0 peers for usefulness","throwable":""}
{"timestamp":"2025-07-10T22:31:04,911","container":"5f93daac00f1","level":"INFO","thread":"EthScheduler-Timer-0","class":"FullSyncTargetManager","message":"Unable to find sync target. Currently checking 0 peers for usefulness","throwable":""}
{"timestamp":"2025-07-10T22:31:09,912","container":"5f93daac00f1","level":"INFO","thread":"EthScheduler-Timer-0","class":"FullSyncTargetManager","message":"Unable to find sync target. Currently checking 0 peers for usefulness","throwable":""}
{"timestamp":"2025-07-10T22:31:14,913","container":"5f93daac00f1","level":"INFO","thread":"EthScheduler-Timer-0","class":"FullSyncTargetManager","message":"Unable to find sync target. Currently checking 0 peers for usefulness","throwable":""}
{"timestamp":"2025-07-10T22:31:19,913","container":"5f93daac00f1","level":"INFO","thread":"EthScheduler-Timer-0","class":"FullSyncTargetManager","message":"Unable to find sync target. Currently checking 0 peers for usefulness","throwable":""}
{"timestamp":"2025-07-10T22:31:24,914","container":"5f93daac00f1","level":"INFO","thread":"EthScheduler-Timer-0","class":"FullSyncTargetManager","message":"Unable to find sync target. Currently checking 0 peers for usefulness","throwable":""}
{"timestamp":"2025-07-10T22:31:29,915","container":"5f93daac00f1","level":"INFO","thread":"EthScheduler-Timer-0","class":"FullSyncTargetManager","message":"Unable to find sync target. Currently checking 0 peers for usefulness","throwable":""}
{"timestamp":"2025-07-10T22:31:34,916","container":"5f93daac00f1","level":"INFO","thread":"EthScheduler-Timer-0","class":"FullSyncTargetManager","message":"Unable to find sync target. Currently checking 0 peers for usefulness","throwable":""}
{"timestamp":"2025-07-10T22:31:39,916","container":"5f93daac00f1","level":"INFO","thread":"EthScheduler-Timer-0","class":"FullSyncTargetManager","message":"Unable to find sync target. Currently checking 0 peers for usefulness","throwable":""}
{"timestamp":"2025-07-10T22:31:44,917","container":"5f93daac00f1","level":"INFO","thread":"EthScheduler-Timer-0","class":"FullSyncTargetManager","message":"Unable to find sync target. Currently checking 0 peers for usefulness","throwable":""}
{"timestamp":"2025-07-10T22:31:49,918","container":"5f93daac00f1","level":"INFO","thread":"EthScheduler-Timer-0","class":"FullSyncTargetManager","message":"Unable to find sync target. Currently checking 0 peers for usefulness","throwable":""}
{"timestamp":"2025-07-10T22:31:54,918","container":"5f93daac00f1","level":"INFO","thread":"EthScheduler-Timer-0","class":"FullSyncTargetManager","message":"Unable to find sync target. Currently checking 0 peers for usefulness","throwable":""}
{"timestamp":"2025-07-10T22:31:59,919","container":"5f93daac00f1","level":"INFO","thread":"EthScheduler-Timer-0","class":"FullSyncTargetManager","message":"Unable to find sync target. Currently checking 0 peers for usefulness","throwable":""}
{"timestamp":"2025-07-10T22:32:04,920","container":"5f93daac00f1","level":"INFO","thread":"EthScheduler-Timer-0","class":"FullSyncTargetManager","message":"Unable to find sync target. Currently checking 0 peers for usefulness","throwable":""}
{"timestamp":"2025-07-10T22:32:09,920","container":"5f93daac00f1","level":"INFO","thread":"EthScheduler-Timer-0","class":"FullSyncTargetManager","message":"Unable to find sync target. Currently checking 0 peers for usefulness","throwable":""}
{"timestamp":"2025-07-10T22:32:14,921","container":"5f93daac00f1","level":"INFO","thread":"EthScheduler-Timer-0","class":"FullSyncTargetManager","message":"Unable to find sync target. Currently checking 0 peers for usefulness","throwable":""}
{"timestamp":"2025-07-10T22:32:19,922","container":"5f93daac00f1","level":"INFO","thread":"EthScheduler-Timer-0","class":"FullSyncTargetManager","message":"Unable to find sync target. Currently checking 0 peers for usefulness","throwable":""}
{"timestamp":"2025-07-10T22:32:24,922","container":"5f93daac00f1","level":"INFO","thread":"EthScheduler-Timer-0","class":"FullSyncTargetManager","message":"Unable to find sync target. Currently checking 0 peers for usefulness","throwable":""}
{"timestamp":"2025-07-10T22:32:29,923","container":"5f93daac00f1","level":"INFO","thread":"EthScheduler-Timer-0","class":"FullSyncTargetManager","message":"Unable to find sync target. Currently checking 0 peers for usefulness","throwable":""}
{"timestamp":"2025-07-10T22:32:34,924","container":"5f93daac00f1","level":"INFO","thread":"EthScheduler-Timer-0","class":"FullSyncTargetManager","message":"Unable to find sync target. Currently checking 0 peers for usefulness","throwable":""}
{"timestamp":"2025-07-10T22:32:39,925","container":"5f93daac00f1","level":"INFO","thread":"EthScheduler-Timer-0","class":"FullSyncTargetManager","message":"Unable to find sync target. Currently checking 0 peers for usefulness","throwable":""}
{"timestamp":"2025-07-10T22:32:44,926","container":"5f93daac00f1","level":"INFO","thread":"EthScheduler-Timer-0","class":"FullSyncTargetManager","message":"Unable to find sync target. Currently checking 0 peers for usefulness","throwable":""}
{"timestamp":"2025-07-10T22:32:49,926","container":"5f93daac00f1","level":"INFO","thread":"EthScheduler-Timer-0","class":"FullSyncTargetManager","message":"Unable to find sync target. Currently checking 0 peers for usefulness","throwable":""}
{"timestamp":"2025-07-10T22:32:54,927","container":"5f93daac00f1","level":"INFO","thread":"EthScheduler-Timer-0","class":"FullSyncTargetManager","message":"Unable to find sync target. Currently checking 0 peers for usefulness","throwable":""}
{"timestamp":"2025-07-10T22:32:59,928","container":"5f93daac00f1","level":"INFO","thread":"EthScheduler-Timer-0","class":"FullSyncTargetManager","message":"Unable to find sync target. Currently checking 0 peers for usefulness","throwable":""}
{"timestamp":"2025-07-10T22:33:04,928","container":"5f93daac00f1","level":"INFO","thread":"EthScheduler-Timer-0","class":"FullSyncTargetManager","message":"Unable to find sync target. Currently checking 0 peers for usefulness","throwable":""}
{"timestamp":"2025-07-10T22:33:09,929","container":"5f93daac00f1","level":"INFO","thread":"EthScheduler-Timer-0","class":"FullSyncTargetManager","message":"Unable to find sync target. Currently checking 0 peers for usefulness","throwable":""}
{"timestamp":"2025-07-10T22:33:14,930","container":"5f93daac00f1","level":"INFO","thread":"EthScheduler-Timer-0","class":"FullSyncTargetManager","message":"Unable to find sync target. Currently checking 0 peers for usefulness","throwable":""}
{"timestamp":"2025-07-10T22:33:19,930","container":"5f93daac00f1","level":"INFO","thread":"EthScheduler-Timer-0","class":"FullSyncTargetManager","message":"Unable to find sync target. Currently checking 0 peers for usefulness","throwable":""}
{"timestamp":"2025-07-10T22:33:24,931","container":"5f93daac00f1","level":"INFO","thread":"EthScheduler-Timer-0","class":"FullSyncTargetManager","message":"Unable to find sync target. Currently checking 0 peers for usefulness","throwable":""}
{"timestamp":"2025-07-10T22:33:29,932","container":"5f93daac00f1","level":"INFO","thread":"EthScheduler-Timer-0","class":"FullSyncTargetManager","message":"Unable to find sync target. Currently checking 0 peers for usefulness","throwable":""}
{"timestamp":"2025-07-10T22:33:34,933","container":"5f93daac00f1","level":"INFO","thread":"EthScheduler-Timer-0","class":"FullSyncTargetManager","message":"Unable to find sync target. Currently checking 0 peers for usefulness","throwable":""}
{"timestamp":"2025-07-10T22:33:39,933","container":"5f93daac00f1","level":"INFO","thread":"EthScheduler-Timer-0","class":"FullSyncTargetManager","message":"Unable to find sync target. Currently checking 0 peers for usefulness","throwable":""}
{"timestamp":"2025-07-10T22:33:44,934","container":"5f93daac00f1","level":"INFO","thread":"EthScheduler-Timer-0","class":"FullSyncTargetManager","message":"Unable to find sync target. Currently checking 0 peers for usefulness","throwable":""}
{"timestamp":"2025-07-10T22:33:49,934","container":"5f93daac00f1","level":"INFO","thread":"EthScheduler-Timer-0","class":"FullSyncTargetManager","message":"Unable to find sync target. Currently checking 0 peers for usefulness","throwable":""}
{"timestamp":"2025-07-10T22:33:54,935","container":"5f93daac00f1","level":"INFO","thread":"EthScheduler-Timer-0","class":"FullSyncTargetManager","message":"Unable to find sync target. Currently checking 0 peers for usefulness","throwable":""}
{"timestamp":"2025-07-10T22:33:59,936","container":"5f93daac00f1","level":"INFO","thread":"EthScheduler-Timer-0","class":"FullSyncTargetManager","message":"Unable to find sync target. Currently checking 0 peers for usefulness","throwable":""}
{"timestamp":"2025-07-10T22:34:04,936","container":"5f93daac00f1","level":"INFO","thread":"EthScheduler-Timer-0","class":"FullSyncTargetManager","message":"Unable to find sync target. Currently checking 0 peers for usefulness","throwable":""}
{"timestamp":"2025-07-10T22:34:09,937","container":"5f93daac00f1","level":"INFO","thread":"EthScheduler-Timer-0","class":"FullSyncTargetManager","message":"Unable to find sync target. Currently checking 0 peers for usefulness","throwable":""}
{"timestamp":"2025-07-10T22:34:14,937","container":"5f93daac00f1","level":"INFO","thread":"EthScheduler-Timer-0","class":"FullSyncTargetManager","message":"Unable to find sync target. Currently checking 0 peers for usefulness","throwable":""}
{"timestamp":"2025-07-10T22:34:19,938","container":"5f93daac00f1","level":"INFO","thread":"EthScheduler-Timer-0","class":"FullSyncTargetManager","message":"Unable to find sync target. Currently checking 0 peers for usefulness","throwable":""}
{"timestamp":"2025-07-10T22:34:24,938","container":"5f93daac00f1","level":"INFO","thread":"EthScheduler-Timer-0","class":"FullSyncTargetManager","message":"Unable to find sync target. Currently checking 0 peers for usefulness","throwable":""}
{"timestamp":"2025-07-10T22:34:29,939","container":"5f93daac00f1","level":"INFO","thread":"EthScheduler-Timer-0","class":"FullSyncTargetManager","message":"Unable to find sync target. Currently checking 0 peers for usefulness","throwable":""}
{"timestamp":"2025-07-10T22:34:34,940","container":"5f93daac00f1","level":"INFO","thread":"EthScheduler-Timer-0","class":"FullSyncTargetManager","message":"Unable to find sync target. Currently checking 0 peers for usefulness","throwable":""}
{"timestamp":"2025-07-10T22:34:39,940","container":"5f93daac00f1","level":"INFO","thread":"EthScheduler-Timer-0","class":"FullSyncTargetManager","message":"Unable to find sync target. Currently checking 0 peers for usefulness","throwable":""}
{"timestamp":"2025-07-10T22:34:44,941","container":"5f93daac00f1","level":"INFO","thread":"EthScheduler-Timer-0","class":"FullSyncTargetManager","message":"Unable to find sync target. Currently checking 0 peers for usefulness","throwable":""}
{"timestamp":"2025-07-10T22:34:49,941","container":"5f93daac00f1","level":"INFO","thread":"EthScheduler-Timer-0","class":"FullSyncTargetManager","message":"Unable to find sync target. Currently checking 0 peers for usefulness","throwable":""}
{"timestamp":"2025-07-10T22:34:54,942","container":"5f93daac00f1","level":"INFO","thread":"EthScheduler-Timer-0","class":"FullSyncTargetManager","message":"Unable to find sync target. Currently checking 0 peers for usefulness","throwable":""}
{"timestamp":"2025-07-10T22:34:59,943","container":"5f93daac00f1","level":"INFO","thread":"EthScheduler-Timer-0","class":"FullSyncTargetManager","message":"Unable to find sync target. Currently checking 0 peers for usefulness","throwable":""}
{"timestamp":"2025-07-10T22:35:04,943","container":"5f93daac00f1","level":"INFO","thread":"EthScheduler-Timer-0","class":"FullSyncTargetManager","message":"Unable to find sync target. Currently checking 0 peers for usefulness","throwable":""}
{"timestamp":"2025-07-10T22:35:09,944","container":"5f93daac00f1","level":"INFO","thread":"EthScheduler-Timer-0","class":"FullSyncTargetManager","message":"Unable to find sync target. Currently checking 0 peers for usefulness","throwable":""}
{"timestamp":"2025-07-10T22:35:14,944","container":"5f93daac00f1","level":"INFO","thread":"EthScheduler-Timer-0","class":"FullSyncTargetManager","message":"Unable to find sync target. Currently checking 0 peers for usefulness","throwable":""}
{"timestamp":"2025-07-10T22:35:19,945","container":"5f93daac00f1","level":"INFO","thread":"EthScheduler-Timer-0","class":"FullSyncTargetManager","message":"Unable to find sync target. Currently checking 0 peers for usefulness","throwable":""}
{"timestamp":"2025-07-10T22:35:24,946","container":"5f93daac00f1","level":"INFO","thread":"EthScheduler-Timer-0","class":"FullSyncTargetManager","message":"Unable to find sync target. Currently checking 0 peers for usefulness","throwable":""}
{"timestamp":"2025-07-10T22:35:29,947","container":"5f93daac00f1","level":"INFO","thread":"EthScheduler-Timer-0","class":"FullSyncTargetManager","message":"Unable to find sync target. Currently checking 0 peers for usefulness","throwable":""}
{"timestamp":"2025-07-10T22:35:34,947","container":"5f93daac00f1","level":"INFO","thread":"EthScheduler-Timer-0","class":"FullSyncTargetManager","message":"Unable to find sync target. Currently checking 0 peers for usefulness","throwable":""}
{"timestamp":"2025-07-10T22:35:39,948","container":"5f93daac00f1","level":"INFO","thread":"EthScheduler-Timer-0","class":"FullSyncTargetManager","message":"Unable to find sync target. Currently checking 0 peers for usefulness","throwable":""}
{"timestamp":"2025-07-10T22:35:44,948","container":"5f93daac00f1","level":"INFO","thread":"EthScheduler-Timer-0","class":"FullSyncTargetManager","message":"Unable to find sync target. Currently checking 0 peers for usefulness","throwable":""}
{"timestamp":"2025-07-10T22:35:49,949","container":"5f93daac00f1","level":"INFO","thread":"EthScheduler-Timer-0","class":"FullSyncTargetManager","message":"Unable to find sync target. Currently checking 0 peers for usefulness","throwable":""}
{"timestamp":"2025-07-10T22:35:54,950","container":"5f93daac00f1","level":"INFO","thread":"EthScheduler-Timer-0","class":"FullSyncTargetManager","message":"Unable to find sync target. Currently checking 0 peers for usefulness","throwable":""}
{"timestamp":"2025-07-10T22:35:59,950","container":"5f93daac00f1","level":"INFO","thread":"EthScheduler-Timer-0","class":"FullSyncTargetManager","message":"Unable to find sync target. Currently checking 0 peers for usefulness","throwable":""}
{"timestamp":"2025-07-10T22:36:04,951","container":"5f93daac00f1","level":"INFO","thread":"EthScheduler-Timer-0","class":"FullSyncTargetManager","message":"Unable to find sync target. Currently checking 0 peers for usefulness","throwable":""}
{"timestamp":"2025-07-10T22:36:09,952","container":"5f93daac00f1","level":"INFO","thread":"EthScheduler-Timer-0","class":"FullSyncTargetManager","message":"Unable to find sync target. Currently checking 0 peers for usefulness","throwable":""}
{"timestamp":"2025-07-10T22:36:14,952","container":"5f93daac00f1","level":"INFO","thread":"EthScheduler-Timer-0","class":"FullSyncTargetManager","message":"Unable to find sync target. Currently checking 0 peers for usefulness","throwable":""}
{"timestamp":"2025-07-10T22:36:19,952","container":"5f93daac00f1","level":"INFO","thread":"EthScheduler-Timer-0","class":"FullSyncTargetManager","message":"Unable to find sync target. Currently checking 0 peers for usefulness","throwable":""}
{"timestamp":"2025-07-10T22:36:24,953","container":"5f93daac00f1","level":"INFO","thread":"EthScheduler-Timer-0","class":"FullSyncTargetManager","message":"Unable to find sync target. Currently checking 0 peers for usefulness","throwable":""}
{"timestamp":"2025-07-10T22:36:29,954","container":"5f93daac00f1","level":"INFO","thread":"EthScheduler-Timer-0","class":"FullSyncTargetManager","message":"Unable to find sync target. Currently checking 0 peers for usefulness","throwable":""}
{"timestamp":"2025-07-10T22:36:34,954","container":"5f93daac00f1","level":"INFO","thread":"EthScheduler-Timer-0","class":"FullSyncTargetManager","message":"Unable to find sync target. Currently checking 0 peers for usefulness","throwable":""}
{"timestamp":"2025-07-10T22:36:39,955","container":"5f93daac00f1","level":"INFO","thread":"EthScheduler-Timer-0","class":"FullSyncTargetManager","message":"Unable to find sync target. Currently checking 0 peers for usefulness","throwable":""}
{"timestamp":"2025-07-10T22:36:44,956","container":"5f93daac00f1","level":"INFO","thread":"EthScheduler-Timer-0","class":"FullSyncTargetManager","message":"Unable to find sync target. Currently checking 0 peers for usefulness","throwable":""}
{"timestamp":"2025-07-10T22:36:49,956","container":"5f93daac00f1","level":"INFO","thread":"EthScheduler-Timer-0","class":"FullSyncTargetManager","message":"Unable to find sync target. Currently checking 0 peers for usefulness","throwable":""}
{"timestamp":"2025-07-10T22:36:54,957","container":"5f93daac00f1","level":"INFO","thread":"EthScheduler-Timer-0","class":"FullSyncTargetManager","message":"Unable to find sync target. Currently checking 0 peers for usefulness","throwable":""}
{"timestamp":"2025-07-10T22:36:59,958","container":"5f93daac00f1","level":"INFO","thread":"EthScheduler-Timer-0","class":"FullSyncTargetManager","message":"Unable to find sync target. Currently checking 0 peers for usefulness","throwable":""}
{"timestamp":"2025-07-10T22:37:04,959","container":"5f93daac00f1","level":"INFO","thread":"EthScheduler-Timer-0","class":"FullSyncTargetManager","message":"Unable to find sync target. Currently checking 0 peers for usefulness","throwable":""}
{"timestamp":"2025-07-10T22:37:09,959","container":"5f93daac00f1","level":"INFO","thread":"EthScheduler-Timer-0","class":"FullSyncTargetManager","message":"Unable to find sync target. Currently checking 0 peers for usefulness","throwable":""}
{"timestamp":"2025-07-10T22:37:14,960","container":"5f93daac00f1","level":"INFO","thread":"EthScheduler-Timer-0","class":"FullSyncTargetManager","message":"Unable to find sync target. Currently checking 0 peers for usefulness","throwable":""}
{"timestamp":"2025-07-10T22:37:19,961","container":"5f93daac00f1","level":"INFO","thread":"EthScheduler-Timer-0","class":"FullSyncTargetManager","message":"Unable to find sync target. Currently checking 0 peers for usefulness","throwable":""}
{"timestamp":"2025-07-10T22:37:24,962","container":"5f93daac00f1","level":"INFO","thread":"EthScheduler-Timer-0","class":"FullSyncTargetManager","message":"Unable to find sync target. Currently checking 0 peers for usefulness","throwable":""}
{"timestamp":"2025-07-10T22:37:29,962","container":"5f93daac00f1","level":"INFO","thread":"EthScheduler-Timer-0","class":"FullSyncTargetManager","message":"Unable to find sync target. Currently checking 0 peers for usefulness","throwable":""}
{"timestamp":"2025-07-10T22:37:34,963","container":"5f93daac00f1","level":"INFO","thread":"EthScheduler-Timer-0","class":"FullSyncTargetManager","message":"Unable to find sync target. Currently checking 0 peers for usefulness","throwable":""}
{"timestamp":"2025-07-10T22:37:39,964","container":"5f93daac00f1","level":"INFO","thread":"EthScheduler-Timer-0","class":"FullSyncTargetManager","message":"Unable to find sync target. Currently checking 0 peers for usefulness","throwable":""}
{"timestamp":"2025-07-10T22:37:44,965","container":"5f93daac00f1","level":"INFO","thread":"EthScheduler-Timer-0","class":"FullSyncTargetManager","message":"Unable to find sync target. Currently checking 0 peers for usefulness","throwable":""}
{"timestamp":"2025-07-10T22:37:49,965","container":"5f93daac00f1","level":"INFO","thread":"EthScheduler-Timer-0","class":"FullSyncTargetManager","message":"Unable to find sync target. Currently checking 0 peers for usefulness","throwable":""}
{"timestamp":"2025-07-10T22:37:54,966","container":"5f93daac00f1","level":"INFO","thread":"EthScheduler-Timer-0","class":"FullSyncTargetManager","message":"Unable to find sync target. Currently checking 0 peers for usefulness","throwable":""}
{"timestamp":"2025-07-10T22:37:59,967","container":"5f93daac00f1","level":"INFO","thread":"EthScheduler-Timer-0","class":"FullSyncTargetManager","message":"Unable to find sync target. Currently checking 0 peers for usefulness","throwable":""}
{"timestamp":"2025-07-10T22:38:04,967","container":"5f93daac00f1","level":"INFO","thread":"EthScheduler-Timer-0","class":"FullSyncTargetManager","message":"Unable to find sync target. Currently checking 0 peers for usefulness","throwable":""}
{"timestamp":"2025-07-10T22:38:09,968","container":"5f93daac00f1","level":"INFO","thread":"EthScheduler-Timer-0","class":"FullSyncTargetManager","message":"Unable to find sync target. Currently checking 0 peers for usefulness","throwable":""}
{"timestamp":"2025-07-10T22:38:14,969","container":"5f93daac00f1","level":"INFO","thread":"EthScheduler-Timer-0","class":"FullSyncTargetManager","message":"Unable to find sync target. Currently checking 0 peers for usefulness","throwable":""}
{"timestamp":"2025-07-10T22:38:19,970","container":"5f93daac00f1","level":"INFO","thread":"EthScheduler-Timer-0","class":"FullSyncTargetManager","message":"Unable to find sync target. Currently checking 0 peers for usefulness","throwable":""}
{"timestamp":"2025-07-10T22:38:24,970","container":"5f93daac00f1","level":"INFO","thread":"EthScheduler-Timer-0","class":"FullSyncTargetManager","message":"Unable to find sync target. Currently checking 0 peers for usefulness","throwable":""}
{"timestamp":"2025-07-10T22:38:29,971","container":"5f93daac00f1","level":"INFO","thread":"EthScheduler-Timer-0","class":"FullSyncTargetManager","message":"Unable to find sync target. Currently checking 0 peers for usefulness","throwable":""}
{"timestamp":"2025-07-10T22:38:34,972","container":"5f93daac00f1","level":"INFO","thread":"EthScheduler-Timer-0","class":"FullSyncTargetManager","message":"Unable to find sync target. Currently checking 0 peers for usefulness","throwable":""}
{"timestamp":"2025-07-10T22:38:39,972","container":"5f93daac00f1","level":"INFO","thread":"EthScheduler-Timer-0","class":"FullSyncTargetManager","message":"Unable to find sync target. Currently checking 0 peers for usefulness","throwable":""}
{"timestamp":"2025-07-10T22:38:44,973","container":"5f93daac00f1","level":"INFO","thread":"EthScheduler-Timer-0","class":"FullSyncTargetManager","message":"Unable to find sync target. Currently checking 0 peers for usefulness","throwable":""}
{"timestamp":"2025-07-10T22:38:49,974","container":"5f93daac00f1","level":"INFO","thread":"EthScheduler-Timer-0","class":"FullSyncTargetManager","message":"Unable to find sync target. Currently checking 0 peers for usefulness","throwable":""}
{"timestamp":"2025-07-10T22:38:54,974","container":"5f93daac00f1","level":"INFO","thread":"EthScheduler-Timer-0","class":"FullSyncTargetManager","message":"Unable to find sync target. Currently checking 0 peers for usefulness","throwable":""}
{"timestamp":"2025-07-10T22:38:59,975","container":"5f93daac00f1","level":"INFO","thread":"EthScheduler-Timer-0","class":"FullSyncTargetManager","message":"Unable to find sync target. Currently checking 0 peers for usefulness","throwable":""}
{"timestamp":"2025-07-10T22:39:04,976","container":"5f93daac00f1","level":"INFO","thread":"EthScheduler-Timer-0","class":"FullSyncTargetManager","message":"Unable to find sync target. Currently checking 0 peers for usefulness","throwable":""}
{"timestamp":"2025-07-10T22:39:09,976","container":"5f93daac00f1","level":"INFO","thread":"EthScheduler-Timer-0","class":"FullSyncTargetManager","message":"Unable to find sync target. Currently checking 0 peers for usefulness","throwable":""}
{"timestamp":"2025-07-10T22:39:14,977","container":"5f93daac00f1","level":"INFO","thread":"EthScheduler-Timer-0","class":"FullSyncTargetManager","message":"Unable to find sync target. Currently checking 0 peers for usefulness","throwable":""}
{"timestamp":"2025-07-10T22:39:19,978","container":"5f93daac00f1","level":"INFO","thread":"EthScheduler-Timer-0","class":"FullSyncTargetManager","message":"Unable to find sync target. Currently checking 0 peers for usefulness","throwable":""}
{"timestamp":"2025-07-10T22:39:24,979","container":"5f93daac00f1","level":"INFO","thread":"EthScheduler-Timer-0","class":"FullSyncTargetManager","message":"Unable to find sync target. Currently checking 0 peers for usefulness","throwable":""}
{"timestamp":"2025-07-10T22:39:29,979","container":"5f93daac00f1","level":"INFO","thread":"EthScheduler-Timer-0","class":"FullSyncTargetManager","message":"Unable to find sync target. Currently checking 0 peers for usefulness","throwable":""}
{"timestamp":"2025-07-10T22:39:34,980","container":"5f93daac00f1","level":"INFO","thread":"EthScheduler-Timer-0","class":"FullSyncTargetManager","message":"Unable to find sync target. Currently checking 0 peers for usefulness","throwable":""}
{"timestamp":"2025-07-10T22:39:39,981","container":"5f93daac00f1","level":"INFO","thread":"EthScheduler-Timer-0","class":"FullSyncTargetManager","message":"Unable to find sync target. Currently checking 0 peers for usefulness","throwable":""}
{"timestamp":"2025-07-10T22:39:44,982","container":"5f93daac00f1","level":"INFO","thread":"EthScheduler-Timer-0","class":"FullSyncTargetManager","message":"Unable to find sync target. Currently checking 0 peers for usefulness","throwable":""}
{"timestamp":"2025-07-10T22:39:49,983","container":"5f93daac00f1","level":"INFO","thread":"EthScheduler-Timer-0","class":"FullSyncTargetManager","message":"Unable to find sync target. Currently checking 0 peers for usefulness","throwable":""}
{"timestamp":"2025-07-10T22:39:54,983","container":"5f93daac00f1","level":"INFO","thread":"EthScheduler-Timer-0","class":"FullSyncTargetManager","message":"Unable to find sync target. Currently checking 0 peers for usefulness","throwable":""}
{"timestamp":"2025-07-10T22:39:59,984","container":"5f93daac00f1","level":"INFO","thread":"EthScheduler-Timer-0","class":"FullSyncTargetManager","message":"Unable to find sync target. Currently checking 0 peers for usefulness","throwable":""}
{"timestamp":"2025-07-10T22:40:04,985","container":"5f93daac00f1","level":"INFO","thread":"EthScheduler-Timer-0","class":"FullSyncTargetManager","message":"Unable to find sync target. Currently checking 0 peers for usefulness","throwable":""}
{"timestamp":"2025-07-10T22:40:09,985","container":"5f93daac00f1","level":"INFO","thread":"EthScheduler-Timer-0","class":"FullSyncTargetManager","message":"Unable to find sync target. Currently checking 0 peers for usefulness","throwable":""}
{"timestamp":"2025-07-10T22:40:14,986","container":"5f93daac00f1","level":"INFO","thread":"EthScheduler-Timer-0","class":"FullSyncTargetManager","message":"Unable to find sync target. Currently checking 0 peers for usefulness","throwable":""}
{"timestamp":"2025-07-10T22:40:19,987","container":"5f93daac00f1","level":"INFO","thread":"EthScheduler-Timer-0","class":"FullSyncTargetManager","message":"Unable to find sync target. Currently checking 0 peers for usefulness","throwable":""}
{"timestamp":"2025-07-10T22:40:24,988","container":"5f93daac00f1","level":"INFO","thread":"EthScheduler-Timer-0","class":"FullSyncTargetManager","message":"Unable to find sync target. Currently checking 0 peers for usefulness","throwable":""}
{"timestamp":"2025-07-10T22:40:29,988","container":"5f93daac00f1","level":"INFO","thread":"EthScheduler-Timer-0","class":"FullSyncTargetManager","message":"Unable to find sync target. Currently checking 0 peers for usefulness","throwable":""}
{"timestamp":"2025-07-10T22:40:34,989","container":"5f93daac00f1","level":"INFO","thread":"EthScheduler-Timer-0","class":"FullSyncTargetManager","message":"Unable to find sync target. Currently checking 0 peers for usefulness","throwable":""}
{"timestamp":"2025-07-10T22:40:39,990","container":"5f93daac00f1","level":"INFO","thread":"EthScheduler-Timer-0","class":"FullSyncTargetManager","message":"Unable to find sync target. Currently checking 0 peers for usefulness","throwable":""}
{"timestamp":"2025-07-10T22:40:44,990","container":"5f93daac00f1","level":"INFO","thread":"EthScheduler-Timer-0","class":"FullSyncTargetManager","message":"Unable to find sync target. Currently checking 0 peers for usefulness","throwable":""}
{"timestamp":"2025-07-10T22:40:49,991","container":"5f93daac00f1","level":"INFO","thread":"EthScheduler-Timer-0","class":"FullSyncTargetManager","message":"Unable to find sync target. Currently checking 0 peers for usefulness","throwable":""}
{"timestamp":"2025-07-10T22:40:54,992","container":"5f93daac00f1","level":"INFO","thread":"EthScheduler-Timer-0","class":"FullSyncTargetManager","message":"Unable to find sync target. Currently checking 0 peers for usefulness","throwable":""}
{"timestamp":"2025-07-10T22:40:59,992","container":"5f93daac00f1","level":"INFO","thread":"EthScheduler-Timer-0","class":"FullSyncTargetManager","message":"Unable to find sync target. Currently checking 0 peers for usefulness","throwable":""}
{"timestamp":"2025-07-10T22:41:04,993","container":"5f93daac00f1","level":"INFO","thread":"EthScheduler-Timer-0","class":"FullSyncTargetManager","message":"Unable to find sync target. Currently checking 0 peers for usefulness","throwable":""}
{"timestamp":"2025-07-10T22:41:09,994","container":"5f93daac00f1","level":"INFO","thread":"EthScheduler-Timer-0","class":"FullSyncTargetManager","message":"Unable to find sync target. Currently checking 0 peers for usefulness","throwable":""}
{"timestamp":"2025-07-10T22:41:14,995","container":"5f93daac00f1","level":"INFO","thread":"EthScheduler-Timer-0","class":"FullSyncTargetManager","message":"Unable to find sync target. Currently checking 0 peers for usefulness","throwable":""}
{"timestamp":"2025-07-10T22:41:19,995","container":"5f93daac00f1","level":"INFO","thread":"EthScheduler-Timer-0","class":"FullSyncTargetManager","message":"Unable to find sync target. Currently checking 0 peers for usefulness","throwable":""}
{"timestamp":"2025-07-10T22:41:24,996","container":"5f93daac00f1","level":"INFO","thread":"EthScheduler-Timer-0","class":"FullSyncTargetManager","message":"Unable to find sync target. Currently checking 0 peers for usefulness","throwable":""}
{"timestamp":"2025-07-10T22:41:29,997","container":"5f93daac00f1","level":"INFO","thread":"EthScheduler-Timer-0","class":"FullSyncTargetManager","message":"Unable to find sync target. Currently checking 0 peers for usefulness","throwable":""}
{"timestamp":"2025-07-10T22:41:34,997","container":"5f93daac00f1","level":"INFO","thread":"EthScheduler-Timer-0","class":"FullSyncTargetManager","message":"Unable to find sync target. Currently checking 0 peers for usefulness","throwable":""}
{"timestamp":"2025-07-10T22:41:39,998","container":"5f93daac00f1","level":"INFO","thread":"EthScheduler-Timer-0","class":"FullSyncTargetManager","message":"Unable to find sync target. Currently checking 0 peers for usefulness","throwable":""}
{"timestamp":"2025-07-10T22:41:44,999","container":"5f93daac00f1","level":"INFO","thread":"EthScheduler-Timer-0","class":"FullSyncTargetManager","message":"Unable to find sync target. Currently checking 0 peers for usefulness","throwable":""}
{"timestamp":"2025-07-10T22:41:49,999","container":"5f93daac00f1","level":"INFO","thread":"EthScheduler-Timer-0","class":"FullSyncTargetManager","message":"Unable to find sync target. Currently checking 0 peers for usefulness","throwable":""}
{"timestamp":"2025-07-10T22:41:55,000","container":"5f93daac00f1","level":"INFO","thread":"EthScheduler-Timer-0","class":"FullSyncTargetManager","message":"Unable to find sync target. Currently checking 0 peers for usefulness","throwable":""}
{"timestamp":"2025-07-10T22:42:00,001","container":"5f93daac00f1","level":"INFO","thread":"EthScheduler-Timer-0","class":"FullSyncTargetManager","message":"Unable to find sync target. Currently checking 0 peers for usefulness","throwable":""}
{"timestamp":"2025-07-10T22:42:05,001","container":"5f93daac00f1","level":"INFO","thread":"EthScheduler-Timer-0","class":"FullSyncTargetManager","message":"Unable to find sync target. Currently checking 0 peers for usefulness","throwable":""}
{"timestamp":"2025-07-10T22:42:10,002","container":"5f93daac00f1","level":"INFO","thread":"EthScheduler-Timer-0","class":"FullSyncTargetManager","message":"Unable to find sync target. Currently checking 0 peers for usefulness","throwable":""}
{"timestamp":"2025-07-10T22:42:15,003","container":"5f93daac00f1","level":"INFO","thread":"EthScheduler-Timer-0","class":"FullSyncTargetManager","message":"Unable to find sync target. Currently checking 0 peers for usefulness","throwable":""}
{"timestamp":"2025-07-10T22:42:20,003","container":"5f93daac00f1","level":"INFO","thread":"EthScheduler-Timer-0","class":"FullSyncTargetManager","message":"Unable to find sync target. Currently checking 0 peers for usefulness","throwable":""}
{"timestamp":"2025-07-10T22:42:25,004","container":"5f93daac00f1","level":"INFO","thread":"EthScheduler-Timer-0","class":"FullSyncTargetManager","message":"Unable to find sync target. Currently checking 0 peers for usefulness","throwable":""}
{"timestamp":"2025-07-10T22:42:30,005","container":"5f93daac00f1","level":"INFO","thread":"EthScheduler-Timer-0","class":"FullSyncTargetManager","message":"Unable to find sync target. Currently checking 0 peers for usefulness","throwable":""}
{"timestamp":"2025-07-10T22:42:35,005","container":"5f93daac00f1","level":"INFO","thread":"EthScheduler-Timer-0","class":"FullSyncTargetManager","message":"Unable to find sync target. Currently checking 0 peers for usefulness","throwable":""}
{"timestamp":"2025-07-10T22:42:40,006","container":"5f93daac00f1","level":"INFO","thread":"EthScheduler-Timer-0","class":"FullSyncTargetManager","message":"Unable to find sync target. Currently checking 0 peers for usefulness","throwable":""}
{"timestamp":"2025-07-10T22:42:45,007","container":"5f93daac00f1","level":"INFO","thread":"EthScheduler-Timer-0","class":"FullSyncTargetManager","message":"Unable to find sync target. Currently checking 0 peers for usefulness","throwable":""}
{"timestamp":"2025-07-10T22:42:50,007","container":"5f93daac00f1","level":"INFO","thread":"EthScheduler-Timer-0","class":"FullSyncTargetManager","message":"Unable to find sync target. Currently checking 0 peers for usefulness","throwable":""}
{"timestamp":"2025-07-10T22:42:55,008","container":"5f93daac00f1","level":"INFO","thread":"EthScheduler-Timer-0","class":"FullSyncTargetManager","message":"Unable to find sync target. Currently checking 0 peers for usefulness","throwable":""}
{"timestamp":"2025-07-10T22:43:00,008","container":"5f93daac00f1","level":"INFO","thread":"EthScheduler-Timer-0","class":"FullSyncTargetManager","message":"Unable to find sync target. Currently checking 0 peers for usefulness","throwable":""}
{"timestamp":"2025-07-10T22:43:05,009","container":"5f93daac00f1","level":"INFO","thread":"EthScheduler-Timer-0","class":"FullSyncTargetManager","message":"Unable to find sync target. Currently checking 0 peers for usefulness","throwable":""}
{"timestamp":"2025-07-10T22:43:10,010","container":"5f93daac00f1","level":"INFO","thread":"EthScheduler-Timer-0","class":"FullSyncTargetManager","message":"Unable to find sync target. Currently checking 0 peers for usefulness","throwable":""}
{"timestamp":"2025-07-10T22:43:15,010","container":"5f93daac00f1","level":"INFO","thread":"EthScheduler-Timer-0","class":"FullSyncTargetManager","message":"Unable to find sync target. Currently checking 0 peers for usefulness","throwable":""}
{"timestamp":"2025-07-10T22:43:20,011","container":"5f93daac00f1","level":"INFO","thread":"EthScheduler-Timer-0","class":"FullSyncTargetManager","message":"Unable to find sync target. Currently checking 0 peers for usefulness","throwable":""}
{"timestamp":"2025-07-10T22:43:25,012","container":"5f93daac00f1","level":"INFO","thread":"EthScheduler-Timer-0","class":"FullSyncTargetManager","message":"Unable to find sync target. Currently checking 0 peers for usefulness","throwable":""}
{"timestamp":"2025-07-10T22:43:30,012","container":"5f93daac00f1","level":"INFO","thread":"EthScheduler-Timer-0","class":"FullSyncTargetManager","message":"Unable to find sync target. Currently checking 0 peers for usefulness","throwable":""}
{"timestamp":"2025-07-10T22:43:35,013","container":"5f93daac00f1","level":"INFO","thread":"EthScheduler-Timer-0","class":"FullSyncTargetManager","message":"Unable to find sync target. Currently checking 0 peers for usefulness","throwable":""}
{"timestamp":"2025-07-10T22:43:40,014","container":"5f93daac00f1","level":"INFO","thread":"EthScheduler-Timer-0","class":"FullSyncTargetManager","message":"Unable to find sync target. Currently checking 0 peers for usefulness","throwable":""}
{"timestamp":"2025-07-10T22:43:45,014","container":"5f93daac00f1","level":"INFO","thread":"EthScheduler-Timer-0","class":"FullSyncTargetManager","message":"Unable to find sync target. Currently checking 0 peers for usefulness","throwable":""}
{"timestamp":"2025-07-10T22:43:50,015","container":"5f93daac00f1","level":"INFO","thread":"EthScheduler-Timer-0","class":"FullSyncTargetManager","message":"Unable to find sync target. Currently checking 0 peers for usefulness","throwable":""}
{"timestamp":"2025-07-10T22:43:55,015","container":"5f93daac00f1","level":"INFO","thread":"EthScheduler-Timer-0","class":"FullSyncTargetManager","message":"Unable to find sync target. Currently checking 0 peers for usefulness","throwable":""}
{"timestamp":"2025-07-10T22:44:00,016","container":"5f93daac00f1","level":"INFO","thread":"EthScheduler-Timer-0","class":"FullSyncTargetManager","message":"Unable to find sync target. Currently checking 0 peers for usefulness","throwable":""}
{"timestamp":"2025-07-10T22:44:05,017","container":"5f93daac00f1","level":"INFO","thread":"EthScheduler-Timer-0","class":"FullSyncTargetManager","message":"Unable to find sync target. Currently checking 0 peers for usefulness","throwable":""}
{"timestamp":"2025-07-10T22:44:10,017","container":"5f93daac00f1","level":"INFO","thread":"EthScheduler-Timer-0","class":"FullSyncTargetManager","message":"Unable to find sync target. Currently checking 0 peers for usefulness","throwable":""}
{"timestamp":"2025-07-10T22:44:15,018","container":"5f93daac00f1","level":"INFO","thread":"EthScheduler-Timer-0","class":"FullSyncTargetManager","message":"Unable to find sync target. Currently checking 0 peers for usefulness","throwable":""}
{"timestamp":"2025-07-10T22:44:20,019","container":"5f93daac00f1","level":"INFO","thread":"EthScheduler-Timer-0","class":"FullSyncTargetManager","message":"Unable to find sync target. Currently checking 0 peers for usefulness","throwable":""}
{"timestamp":"2025-07-10T22:44:25,019","container":"5f93daac00f1","level":"INFO","thread":"EthScheduler-Timer-0","class":"FullSyncTargetManager","message":"Unable to find sync target. Currently checking 0 peers for usefulness","throwable":""}
{"timestamp":"2025-07-10T22:44:30,020","container":"5f93daac00f1","level":"INFO","thread":"EthScheduler-Timer-0","class":"FullSyncTargetManager","message":"Unable to find sync target. Currently checking 0 peers for usefulness","throwable":""}
{"timestamp":"2025-07-10T22:44:35,020","container":"5f93daac00f1","level":"INFO","thread":"EthScheduler-Timer-0","class":"FullSyncTargetManager","message":"Unable to find sync target. Currently checking 0 peers for usefulness","throwable":""}
{"timestamp":"2025-07-10T22:44:40,021","container":"5f93daac00f1","level":"INFO","thread":"EthScheduler-Timer-0","class":"FullSyncTargetManager","message":"Unable to find sync target. Currently checking 0 peers for usefulness","throwable":""}
{"timestamp":"2025-07-10T22:44:45,021","container":"5f93daac00f1","level":"INFO","thread":"EthScheduler-Timer-0","class":"FullSyncTargetManager","message":"Unable to find sync target. Currently checking 0 peers for usefulness","throwable":""}
{"timestamp":"2025-07-10T22:44:50,022","container":"5f93daac00f1","level":"INFO","thread":"EthScheduler-Timer-0","class":"FullSyncTargetManager","message":"Unable to find sync target. Currently checking 0 peers for usefulness","throwable":""}
{"timestamp":"2025-07-10T22:44:55,022","container":"5f93daac00f1","level":"INFO","thread":"EthScheduler-Timer-0","class":"FullSyncTargetManager","message":"Unable to find sync target. Currently checking 0 peers for usefulness","throwable":""}
{"timestamp":"2025-07-10T22:45:00,023","container":"5f93daac00f1","level":"INFO","thread":"EthScheduler-Timer-0","class":"FullSyncTargetManager","message":"Unable to find sync target. Currently checking 0 peers for usefulness","throwable":""}
{"timestamp":"2025-07-10T22:45:05,024","container":"5f93daac00f1","level":"INFO","thread":"EthScheduler-Timer-0","class":"FullSyncTargetManager","message":"Unable to find sync target. Currently checking 0 peers for usefulness","throwable":""}
{"timestamp":"2025-07-10T22:45:10,024","container":"5f93daac00f1","level":"INFO","thread":"EthScheduler-Timer-0","class":"FullSyncTargetManager","message":"Unable to find sync target. Currently checking 0 peers for usefulness","throwable":""}
{"timestamp":"2025-07-10T22:45:15,025","container":"5f93daac00f1","level":"INFO","thread":"EthScheduler-Timer-0","class":"FullSyncTargetManager","message":"Unable to find sync target. Currently checking 0 peers for usefulness","throwable":""}
{"timestamp":"2025-07-10T22:45:20,025","container":"5f93daac00f1","level":"INFO","thread":"EthScheduler-Timer-0","class":"FullSyncTargetManager","message":"Unable to find sync target. Currently checking 0 peers for usefulness","throwable":""}
{"timestamp":"2025-07-10T22:45:25,026","container":"5f93daac00f1","level":"INFO","thread":"EthScheduler-Timer-0","class":"FullSyncTargetManager","message":"Unable to find sync target. Currently checking 0 peers for usefulness","throwable":""}
{"timestamp":"2025-07-10T22:45:30,026","container":"5f93daac00f1","level":"INFO","thread":"EthScheduler-Timer-0","class":"FullSyncTargetManager","message":"Unable to find sync target. Currently checking 0 peers for usefulness","throwable":""}
{"timestamp":"2025-07-10T22:45:35,027","container":"5f93daac00f1","level":"INFO","thread":"EthScheduler-Timer-0","class":"FullSyncTargetManager","message":"Unable to find sync target. Currently checking 0 peers for usefulness","throwable":""}
{"timestamp":"2025-07-10T22:45:40,028","container":"5f93daac00f1","level":"INFO","thread":"EthScheduler-Timer-0","class":"FullSyncTargetManager","message":"Unable to find sync target. Currently checking 0 peers for usefulness","throwable":""}
{"timestamp":"2025-07-10T22:45:45,028","container":"5f93daac00f1","level":"INFO","thread":"EthScheduler-Timer-0","class":"FullSyncTargetManager","message":"Unable to find sync target. Currently checking 0 peers for usefulness","throwable":""}
{"timestamp":"2025-07-10T22:45:50,029","container":"5f93daac00f1","level":"INFO","thread":"EthScheduler-Timer-0","class":"FullSyncTargetManager","message":"Unable to find sync target. Currently checking 0 peers for usefulness","throwable":""}
{"timestamp":"2025-07-10T22:45:55,030","container":"5f93daac00f1","level":"INFO","thread":"EthScheduler-Timer-0","class":"FullSyncTargetManager","message":"Unable to find sync target. Currently checking 0 peers for usefulness","throwable":""}
{"timestamp":"2025-07-10T22:46:00,030","container":"5f93daac00f1","level":"INFO","thread":"EthScheduler-Timer-0","class":"FullSyncTargetManager","message":"Unable to find sync target. Currently checking 0 peers for usefulness","throwable":""}
{"timestamp":"2025-07-10T22:46:05,031","container":"5f93daac00f1","level":"INFO","thread":"EthScheduler-Timer-0","class":"FullSyncTargetManager","message":"Unable to find sync target. Currently checking 0 peers for usefulness","throwable":""}
{"timestamp":"2025-07-10T22:46:10,031","container":"5f93daac00f1","level":"INFO","thread":"EthScheduler-Timer-0","class":"FullSyncTargetManager","message":"Unable to find sync target. Currently checking 0 peers for usefulness","throwable":""}
{"timestamp":"2025-07-10T22:46:15,032","container":"5f93daac00f1","level":"INFO","thread":"EthScheduler-Timer-0","class":"FullSyncTargetManager","message":"Unable to find sync target. Currently checking 0 peers for usefulness","throwable":""}
{"timestamp":"2025-07-10T22:46:20,032","container":"5f93daac00f1","level":"INFO","thread":"EthScheduler-Timer-0","class":"FullSyncTargetManager","message":"Unable to find sync target. Currently checking 0 peers for usefulness","throwable":""}
{"timestamp":"2025-07-10T22:46:25,033","container":"5f93daac00f1","level":"INFO","thread":"EthScheduler-Timer-0","class":"FullSyncTargetManager","message":"Unable to find sync target. Currently checking 0 peers for usefulness","throwable":""}
{"timestamp":"2025-07-10T22:46:30,033","container":"5f93daac00f1","level":"INFO","thread":"EthScheduler-Timer-0","class":"FullSyncTargetManager","message":"Unable to find sync target. Currently checking 0 peers for usefulness","throwable":""}
{"timestamp":"2025-07-10T22:46:35,034","container":"5f93daac00f1","level":"INFO","thread":"EthScheduler-Timer-0","class":"FullSyncTargetManager","message":"Unable to find sync target. Currently checking 0 peers for usefulness","throwable":""}
{"timestamp":"2025-07-10T22:46:40,035","container":"5f93daac00f1","level":"INFO","thread":"EthScheduler-Timer-0","class":"FullSyncTargetManager","message":"Unable to find sync target. Currently checking 0 peers for usefulness","throwable":""}
{"timestamp":"2025-07-10T22:46:45,036","container":"5f93daac00f1","level":"INFO","thread":"EthScheduler-Timer-0","class":"FullSyncTargetManager","message":"Unable to find sync target. Currently checking 0 peers for usefulness","throwable":""}
{"timestamp":"2025-07-10T22:46:50,036","container":"5f93daac00f1","level":"INFO","thread":"EthScheduler-Timer-0","class":"FullSyncTargetManager","message":"Unable to find sync target. Currently checking 0 peers for usefulness","throwable":""}
{"timestamp":"2025-07-10T22:46:55,037","container":"5f93daac00f1","level":"INFO","thread":"EthScheduler-Timer-0","class":"FullSyncTargetManager","message":"Unable to find sync target. Currently checking 0 peers for usefulness","throwable":""}
{"timestamp":"2025-07-10T22:47:00,037","container":"5f93daac00f1","level":"INFO","thread":"EthScheduler-Timer-0","class":"FullSyncTargetManager","message":"Unable to find sync target. Currently checking 0 peers for usefulness","throwable":""}
{"timestamp":"2025-07-10T22:47:05,038","container":"5f93daac00f1","level":"INFO","thread":"EthScheduler-Timer-0","class":"FullSyncTargetManager","message":"Unable to find sync target. Currently checking 0 peers for usefulness","throwable":""}
{"timestamp":"2025-07-10T22:47:10,039","container":"5f93daac00f1","level":"INFO","thread":"EthScheduler-Timer-0","class":"FullSyncTargetManager","message":"Unable to find sync target. Currently checking 0 peers for usefulness","throwable":""}
{"timestamp":"2025-07-10T22:47:15,039","container":"5f93daac00f1","level":"INFO","thread":"EthScheduler-Timer-0","class":"FullSyncTargetManager","message":"Unable to find sync target. Currently checking 0 peers for usefulness","throwable":""}
{"timestamp":"2025-07-10T22:47:20,040","container":"5f93daac00f1","level":"INFO","thread":"EthScheduler-Timer-0","class":"FullSyncTargetManager","message":"Unable to find sync target. Currently checking 0 peers for usefulness","throwable":""}
{"timestamp":"2025-07-10T22:47:25,041","container":"5f93daac00f1","level":"INFO","thread":"EthScheduler-Timer-0","class":"FullSyncTargetManager","message":"Unable to find sync target. Currently checking 0 peers for usefulness","throwable":""}
{"timestamp":"2025-07-10T22:47:30,042","container":"5f93daac00f1","level":"INFO","thread":"EthScheduler-Timer-0","class":"FullSyncTargetManager","message":"Unable to find sync target. Currently checking 0 peers for usefulness","throwable":""}
{"timestamp":"2025-07-10T22:47:35,042","container":"5f93daac00f1","level":"INFO","thread":"EthScheduler-Timer-0","class":"FullSyncTargetManager","message":"Unable to find sync target. Currently checking 0 peers for usefulness","throwable":""}
{"timestamp":"2025-07-10T22:47:40,043","container":"5f93daac00f1","level":"INFO","thread":"EthScheduler-Timer-0","class":"FullSyncTargetManager","message":"Unable to find sync target. Currently checking 0 peers for usefulness","throwable":""}
{"timestamp":"2025-07-10T22:47:45,044","container":"5f93daac00f1","level":"INFO","thread":"EthScheduler-Timer-0","class":"FullSyncTargetManager","message":"Unable to find sync target. Currently checking 0 peers for usefulness","throwable":""}
{"timestamp":"2025-07-10T22:47:50,044","container":"5f93daac00f1","level":"INFO","thread":"EthScheduler-Timer-0","class":"FullSyncTargetManager","message":"Unable to find sync target. Currently checking 0 peers for usefulness","throwable":""}
{"timestamp":"2025-07-10T22:47:55,045","container":"5f93daac00f1","level":"INFO","thread":"EthScheduler-Timer-0","class":"FullSyncTargetManager","message":"Unable to find sync target. Currently checking 0 peers for usefulness","throwable":""}
{"timestamp":"2025-07-10T22:48:00,046","container":"5f93daac00f1","level":"INFO","thread":"EthScheduler-Timer-0","class":"FullSyncTargetManager","message":"Unable to find sync target. Currently checking 0 peers for usefulness","throwable":""}
{"timestamp":"2025-07-10T22:48:05,046","container":"5f93daac00f1","level":"INFO","thread":"EthScheduler-Timer-0","class":"FullSyncTargetManager","message":"Unable to find sync target. Currently checking 0 peers for usefulness","throwable":""}
{"timestamp":"2025-07-10T22:48:10,047","container":"5f93daac00f1","level":"INFO","thread":"EthScheduler-Timer-0","class":"FullSyncTargetManager","message":"Unable to find sync target. Currently checking 0 peers for usefulness","throwable":""}
{"timestamp":"2025-07-10T22:48:15,048","container":"5f93daac00f1","level":"INFO","thread":"EthScheduler-Timer-0","class":"FullSyncTargetManager","message":"Unable to find sync target. Currently checking 0 peers for usefulness","throwable":""}
{"timestamp":"2025-07-10T22:48:20,048","container":"5f93daac00f1","level":"INFO","thread":"EthScheduler-Timer-0","class":"FullSyncTargetManager","message":"Unable to find sync target. Currently checking 0 peers for usefulness","throwable":""}
{"timestamp":"2025-07-10T22:48:25,049","container":"5f93daac00f1","level":"INFO","thread":"EthScheduler-Timer-0","class":"FullSyncTargetManager","message":"Unable to find sync target. Currently checking 0 peers for usefulness","throwable":""}
{"timestamp":"2025-07-10T22:48:30,050","container":"5f93daac00f1","level":"INFO","thread":"EthScheduler-Timer-0","class":"FullSyncTargetManager","message":"Unable to find sync target. Currently checking 0 peers for usefulness","throwable":""}
{"timestamp":"2025-07-10T22:48:35,050","container":"5f93daac00f1","level":"INFO","thread":"EthScheduler-Timer-0","class":"FullSyncTargetManager","message":"Unable to find sync target. Currently checking 0 peers for usefulness","throwable":""}
{"timestamp":"2025-07-10T22:48:40,051","container":"5f93daac00f1","level":"INFO","thread":"EthScheduler-Timer-0","class":"FullSyncTargetManager","message":"Unable to find sync target. Currently checking 0 peers for usefulness","throwable":""}
{"timestamp":"2025-07-10T22:48:45,051","container":"5f93daac00f1","level":"INFO","thread":"EthScheduler-Timer-0","class":"FullSyncTargetManager","message":"Unable to find sync target. Currently checking 0 peers for usefulness","throwable":""}
{"timestamp":"2025-07-10T22:48:50,052","container":"5f93daac00f1","level":"INFO","thread":"EthScheduler-Timer-0","class":"FullSyncTargetManager","message":"Unable to find sync target. Currently checking 0 peers for usefulness","throwable":""}
{"timestamp":"2025-07-10T22:48:55,053","container":"5f93daac00f1","level":"INFO","thread":"EthScheduler-Timer-0","class":"FullSyncTargetManager","message":"Unable to find sync target. Currently checking 0 peers for usefulness","throwable":""}
{"timestamp":"2025-07-10T22:49:00,053","container":"5f93daac00f1","level":"INFO","thread":"EthScheduler-Timer-0","class":"FullSyncTargetManager","message":"Unable to find sync target. Currently checking 0 peers for usefulness","throwable":""}
{"timestamp":"2025-07-10T22:49:05,054","container":"5f93daac00f1","level":"INFO","thread":"EthScheduler-Timer-0","class":"FullSyncTargetManager","message":"Unable to find sync target. Currently checking 0 peers for usefulness","throwable":""}
{"timestamp":"2025-07-10T22:49:10,055","container":"5f93daac00f1","level":"INFO","thread":"EthScheduler-Timer-0","class":"FullSyncTargetManager","message":"Unable to find sync target. Currently checking 0 peers for usefulness","throwable":""}
{"timestamp":"2025-07-10T22:49:15,055","container":"5f93daac00f1","level":"INFO","thread":"EthScheduler-Timer-0","class":"FullSyncTargetManager","message":"Unable to find sync target. Currently checking 0 peers for usefulness","throwable":""}
{"timestamp":"2025-07-10T22:49:20,056","container":"5f93daac00f1","level":"INFO","thread":"EthScheduler-Timer-0","class":"FullSyncTargetManager","message":"Unable to find sync target. Currently checking 0 peers for usefulness","throwable":""}
{"timestamp":"2025-07-10T22:49:25,057","container":"5f93daac00f1","level":"INFO","thread":"EthScheduler-Timer-0","class":"FullSyncTargetManager","message":"Unable to find sync target. Currently checking 0 peers for usefulness","throwable":""}
{"timestamp":"2025-07-10T22:49:30,057","container":"5f93daac00f1","level":"INFO","thread":"EthScheduler-Timer-0","class":"FullSyncTargetManager","message":"Unable to find sync target. Currently checking 0 peers for usefulness","throwable":""}
{"timestamp":"2025-07-10T22:49:35,058","container":"5f93daac00f1","level":"INFO","thread":"EthScheduler-Timer-0","class":"FullSyncTargetManager","message":"Unable to find sync target. Currently checking 0 peers for usefulness","throwable":""}
{"timestamp":"2025-07-10T22:49:40,058","container":"5f93daac00f1","level":"INFO","thread":"EthScheduler-Timer-0","class":"FullSyncTargetManager","message":"Unable to find sync target. Currently checking 0 peers for usefulness","throwable":""}
{"timestamp":"2025-07-10T22:49:45,059","container":"5f93daac00f1","level":"INFO","thread":"EthScheduler-Timer-0","class":"FullSyncTargetManager","message":"Unable to find sync target. Currently checking 0 peers for usefulness","throwable":""}
{"timestamp":"2025-07-10T22:49:50,059","container":"5f93daac00f1","level":"INFO","thread":"EthScheduler-Timer-0","class":"FullSyncTargetManager","message":"Unable to find sync target. Currently checking 0 peers for usefulness","throwable":""}
{"timestamp":"2025-07-10T22:49:55,060","container":"5f93daac00f1","level":"INFO","thread":"EthScheduler-Timer-0","class":"FullSyncTargetManager","message":"Unable to find sync target. Currently checking 0 peers for usefulness","throwable":""}
{"timestamp":"2025-07-10T22:50:00,061","container":"5f93daac00f1","level":"INFO","thread":"EthScheduler-Timer-0","class":"FullSyncTargetManager","message":"Unable to find sync target. Currently checking 0 peers for usefulness","throwable":""}
{"timestamp":"2025-07-10T22:50:05,061","container":"5f93daac00f1","level":"INFO","thread":"EthScheduler-Timer-0","class":"FullSyncTargetManager","message":"Unable to find sync target. Currently checking 0 peers for usefulness","throwable":""}
{"timestamp":"2025-07-10T22:50:10,062","container":"5f93daac00f1","level":"INFO","thread":"EthScheduler-Timer-0","class":"FullSyncTargetManager","message":"Unable to find sync target. Currently checking 0 peers for usefulness","throwable":""}
{"timestamp":"2025-07-10T22:50:15,063","container":"5f93daac00f1","level":"INFO","thread":"EthScheduler-Timer-0","class":"FullSyncTargetManager","message":"Unable to find sync target. Currently checking 0 peers for usefulness","throwable":""}
{"timestamp":"2025-07-10T22:50:20,063","container":"5f93daac00f1","level":"INFO","thread":"EthScheduler-Timer-0","class":"FullSyncTargetManager","message":"Unable to find sync target. Currently checking 0 peers for usefulness","throwable":""}
{"timestamp":"2025-07-10T22:50:25,064","container":"5f93daac00f1","level":"INFO","thread":"EthScheduler-Timer-0","class":"FullSyncTargetManager","message":"Unable to find sync target. Currently checking 0 peers for usefulness","throwable":""}
{"timestamp":"2025-07-10T22:50:30,065","container":"5f93daac00f1","level":"INFO","thread":"EthScheduler-Timer-0","class":"FullSyncTargetManager","message":"Unable to find sync target. Currently checking 0 peers for usefulness","throwable":""}
{"timestamp":"2025-07-10T22:50:35,065","container":"5f93daac00f1","level":"INFO","thread":"EthScheduler-Timer-0","class":"FullSyncTargetManager","message":"Unable to find sync target. Currently checking 0 peers for usefulness","throwable":""}
{"timestamp":"2025-07-10T22:50:40,066","container":"5f93daac00f1","level":"INFO","thread":"EthScheduler-Timer-0","class":"FullSyncTargetManager","message":"Unable to find sync target. Currently checking 0 peers for usefulness","throwable":""}
{"timestamp":"2025-07-10T22:50:45,067","container":"5f93daac00f1","level":"INFO","thread":"EthScheduler-Timer-0","class":"FullSyncTargetManager","message":"Unable to find sync target. Currently checking 0 peers for usefulness","throwable":""}
{"timestamp":"2025-07-10T22:50:50,067","container":"5f93daac00f1","level":"INFO","thread":"EthScheduler-Timer-0","class":"FullSyncTargetManager","message":"Unable to find sync target. Currently checking 0 peers for usefulness","throwable":""}
{"timestamp":"2025-07-10T22:50:55,068","container":"5f93daac00f1","level":"INFO","thread":"EthScheduler-Timer-0","class":"FullSyncTargetManager","message":"Unable to find sync target. Currently checking 0 peers for usefulness","throwable":""}
{"timestamp":"2025-07-10T22:51:00,068","container":"5f93daac00f1","level":"INFO","thread":"EthScheduler-Timer-0","class":"FullSyncTargetManager","message":"Unable to find sync target. Currently checking 0 peers for usefulness","throwable":""}
{"timestamp":"2025-07-10T22:51:05,069","container":"5f93daac00f1","level":"INFO","thread":"EthScheduler-Timer-0","class":"FullSyncTargetManager","message":"Unable to find sync target. Currently checking 0 peers for usefulness","throwable":""}
{"timestamp":"2025-07-10T22:51:10,070","container":"5f93daac00f1","level":"INFO","thread":"EthScheduler-Timer-0","class":"FullSyncTargetManager","message":"Unable to find sync target. Currently checking 0 peers for usefulness","throwable":""}
{"timestamp":"2025-07-10T22:51:15,070","container":"5f93daac00f1","level":"INFO","thread":"EthScheduler-Timer-0","class":"FullSyncTargetManager","message":"Unable to find sync target. Currently checking 0 peers for usefulness","throwable":""}
{"timestamp":"2025-07-10T22:51:20,071","container":"5f93daac00f1","level":"INFO","thread":"EthScheduler-Timer-0","class":"FullSyncTargetManager","message":"Unable to find sync target. Currently checking 0 peers for usefulness","throwable":""}
{"timestamp":"2025-07-10T22:51:25,072","container":"5f93daac00f1","level":"INFO","thread":"EthScheduler-Timer-0","class":"FullSyncTargetManager","message":"Unable to find sync target. Currently checking 0 peers for usefulness","throwable":""}
{"timestamp":"2025-07-10T22:51:30,072","container":"5f93daac00f1","level":"INFO","thread":"EthScheduler-Timer-0","class":"FullSyncTargetManager","message":"Unable to find sync target. Currently checking 0 peers for usefulness","throwable":""}
{"timestamp":"2025-07-10T22:51:35,073","container":"5f93daac00f1","level":"INFO","thread":"EthScheduler-Timer-0","class":"FullSyncTargetManager","message":"Unable to find sync target. Currently checking 0 peers for usefulness","throwable":""}
{"timestamp":"2025-07-10T22:51:40,074","container":"5f93daac00f1","level":"INFO","thread":"EthScheduler-Timer-0","class":"FullSyncTargetManager","message":"Unable to find sync target. Currently checking 0 peers for usefulness","throwable":""}
{"timestamp":"2025-07-10T22:51:45,074","container":"5f93daac00f1","level":"INFO","thread":"EthScheduler-Timer-0","class":"FullSyncTargetManager","message":"Unable to find sync target. Currently checking 0 peers for usefulness","throwable":""}
{"timestamp":"2025-07-10T22:51:50,075","container":"5f93daac00f1","level":"INFO","thread":"EthScheduler-Timer-0","class":"FullSyncTargetManager","message":"Unable to find sync target. Currently checking 0 peers for usefulness","throwable":""}
{"timestamp":"2025-07-10T22:51:55,075","container":"5f93daac00f1","level":"INFO","thread":"EthScheduler-Timer-0","class":"FullSyncTargetManager","message":"Unable to find sync target. Currently checking 0 peers for usefulness","throwable":""}
{"timestamp":"2025-07-10T22:52:00,076","container":"5f93daac00f1","level":"INFO","thread":"EthScheduler-Timer-0","class":"FullSyncTargetManager","message":"Unable to find sync target. Currently checking 0 peers for usefulness","throwable":""}
{"timestamp":"2025-07-10T22:52:05,077","container":"5f93daac00f1","level":"INFO","thread":"EthScheduler-Timer-0","class":"FullSyncTargetManager","message":"Unable to find sync target. Currently checking 0 peers for usefulness","throwable":""}
{"timestamp":"2025-07-10T22:52:10,077","container":"5f93daac00f1","level":"INFO","thread":"EthScheduler-Timer-0","class":"FullSyncTargetManager","message":"Unable to find sync target. Currently checking 0 peers for usefulness","throwable":""}
{"timestamp":"2025-07-10T22:52:15,078","container":"5f93daac00f1","level":"INFO","thread":"EthScheduler-Timer-0","class":"FullSyncTargetManager","message":"Unable to find sync target. Currently checking 0 peers for usefulness","throwable":""}
{"timestamp":"2025-07-10T22:52:20,078","container":"5f93daac00f1","level":"INFO","thread":"EthScheduler-Timer-0","class":"FullSyncTargetManager","message":"Unable to find sync target. Currently checking 0 peers for usefulness","throwable":""}
{"timestamp":"2025-07-10T22:52:25,079","container":"5f93daac00f1","level":"INFO","thread":"EthScheduler-Timer-0","class":"FullSyncTargetManager","message":"Unable to find sync target. Currently checking 0 peers for usefulness","throwable":""}
{"timestamp":"2025-07-10T22:52:30,079","container":"5f93daac00f1","level":"INFO","thread":"EthScheduler-Timer-0","class":"FullSyncTargetManager","message":"Unable to find sync target. Currently checking 0 peers for usefulness","throwable":""}
{"timestamp":"2025-07-10T22:52:35,080","container":"5f93daac00f1","level":"INFO","thread":"EthScheduler-Timer-0","class":"FullSyncTargetManager","message":"Unable to find sync target. Currently checking 0 peers for usefulness","throwable":""}
{"timestamp":"2025-07-10T22:52:40,080","container":"5f93daac00f1","level":"INFO","thread":"EthScheduler-Timer-0","class":"FullSyncTargetManager","message":"Unable to find sync target. Currently checking 0 peers for usefulness","throwable":""}
{"timestamp":"2025-07-10T22:52:45,081","container":"5f93daac00f1","level":"INFO","thread":"EthScheduler-Timer-0","class":"FullSyncTargetManager","message":"Unable to find sync target. Currently checking 0 peers for usefulness","throwable":""}
{"timestamp":"2025-07-10T22:52:50,081","container":"5f93daac00f1","level":"INFO","thread":"EthScheduler-Timer-0","class":"FullSyncTargetManager","message":"Unable to find sync target. Currently checking 0 peers for usefulness","throwable":""}
{"timestamp":"2025-07-10T22:52:55,082","container":"5f93daac00f1","level":"INFO","thread":"EthScheduler-Timer-0","class":"FullSyncTargetManager","message":"Unable to find sync target. Currently checking 0 peers for usefulness","throwable":""}
{"timestamp":"2025-07-10T22:53:00,082","container":"5f93daac00f1","level":"INFO","thread":"EthScheduler-Timer-0","class":"FullSyncTargetManager","message":"Unable to find sync target. Currently checking 0 peers for usefulness","throwable":""}
{"timestamp":"2025-07-10T22:53:05,083","container":"5f93daac00f1","level":"INFO","thread":"EthScheduler-Timer-0","class":"FullSyncTargetManager","message":"Unable to find sync target. Currently checking 0 peers for usefulness","throwable":""}
{"timestamp":"2025-07-10T22:53:10,083","container":"5f93daac00f1","level":"INFO","thread":"EthScheduler-Timer-0","class":"FullSyncTargetManager","message":"Unable to find sync target. Currently checking 0 peers for usefulness","throwable":""}
{"timestamp":"2025-07-10T22:53:15,084","container":"5f93daac00f1","level":"INFO","thread":"EthScheduler-Timer-0","class":"FullSyncTargetManager","message":"Unable to find sync target. Currently checking 0 peers for usefulness","throwable":""}
{"timestamp":"2025-07-10T22:53:20,085","container":"5f93daac00f1","level":"INFO","thread":"EthScheduler-Timer-0","class":"FullSyncTargetManager","message":"Unable to find sync target. Currently checking 0 peers for usefulness","throwable":""}
{"timestamp":"2025-07-10T22:53:25,085","container":"5f93daac00f1","level":"INFO","thread":"EthScheduler-Timer-0","class":"FullSyncTargetManager","message":"Unable to find sync target. Currently checking 0 peers for usefulness","throwable":""}
{"timestamp":"2025-07-10T22:53:30,086","container":"5f93daac00f1","level":"INFO","thread":"EthScheduler-Timer-0","class":"FullSyncTargetManager","message":"Unable to find sync target. Currently checking 0 peers for usefulness","throwable":""}
{"timestamp":"2025-07-10T22:53:35,086","container":"5f93daac00f1","level":"INFO","thread":"EthScheduler-Timer-0","class":"FullSyncTargetManager","message":"Unable to find sync target. Currently checking 0 peers for usefulness","throwable":""}
{"timestamp":"2025-07-10T22:53:40,087","container":"5f93daac00f1","level":"INFO","thread":"EthScheduler-Timer-0","class":"FullSyncTargetManager","message":"Unable to find sync target. Currently checking 0 peers for usefulness","throwable":""}
{"timestamp":"2025-07-10T22:53:45,088","container":"5f93daac00f1","level":"INFO","thread":"EthScheduler-Timer-0","class":"FullSyncTargetManager","message":"Unable to find sync target. Currently checking 0 peers for usefulness","throwable":""}
{"timestamp":"2025-07-10T22:53:50,088","container":"5f93daac00f1","level":"INFO","thread":"EthScheduler-Timer-0","class":"FullSyncTargetManager","message":"Unable to find sync target. Currently checking 0 peers for usefulness","throwable":""}
{"timestamp":"2025-07-10T22:53:55,089","container":"5f93daac00f1","level":"INFO","thread":"EthScheduler-Timer-0","class":"FullSyncTargetManager","message":"Unable to find sync target. Currently checking 0 peers for usefulness","throwable":""}
{"timestamp":"2025-07-10T22:54:00,089","container":"5f93daac00f1","level":"INFO","thread":"EthScheduler-Timer-0","class":"FullSyncTargetManager","message":"Unable to find sync target. Currently checking 0 peers for usefulness","throwable":""}
{"timestamp":"2025-07-10T22:54:05,090","container":"5f93daac00f1","level":"INFO","thread":"EthScheduler-Timer-0","class":"FullSyncTargetManager","message":"Unable to find sync target. Currently checking 0 peers for usefulness","throwable":""}
{"timestamp":"2025-07-10T22:54:10,091","container":"5f93daac00f1","level":"INFO","thread":"EthScheduler-Timer-0","class":"FullSyncTargetManager","message":"Unable to find sync target. Currently checking 0 peers for usefulness","throwable":""}
{"timestamp":"2025-07-10T22:54:15,092","container":"5f93daac00f1","level":"INFO","thread":"EthScheduler-Timer-0","class":"FullSyncTargetManager","message":"Unable to find sync target. Currently checking 0 peers for usefulness","throwable":""}
{"timestamp":"2025-07-10T22:54:20,092","container":"5f93daac00f1","level":"INFO","thread":"EthScheduler-Timer-0","class":"FullSyncTargetManager","message":"Unable to find sync target. Currently checking 0 peers for usefulness","throwable":""}
{"timestamp":"2025-07-10T22:54:25,093","container":"5f93daac00f1","level":"INFO","thread":"EthScheduler-Timer-0","class":"FullSyncTargetManager","message":"Unable to find sync target. Currently checking 0 peers for usefulness","throwable":""}
{"timestamp":"2025-07-10T22:54:30,093","container":"5f93daac00f1","level":"INFO","thread":"EthScheduler-Timer-0","class":"FullSyncTargetManager","message":"Unable to find sync target. Currently checking 0 peers for usefulness","throwable":""}
{"timestamp":"2025-07-10T22:54:35,094","container":"5f93daac00f1","level":"INFO","thread":"EthScheduler-Timer-0","class":"FullSyncTargetManager","message":"Unable to find sync target. Currently checking 0 peers for usefulness","throwable":""}
{"timestamp":"2025-07-10T22:54:40,094","container":"5f93daac00f1","level":"INFO","thread":"EthScheduler-Timer-0","class":"FullSyncTargetManager","message":"Unable to find sync target. Currently checking 0 peers for usefulness","throwable":""}
{"timestamp":"2025-07-10T22:54:45,095","container":"5f93daac00f1","level":"INFO","thread":"EthScheduler-Timer-0","class":"FullSyncTargetManager","message":"Unable to find sync target. Currently checking 0 peers for usefulness","throwable":""}
{"timestamp":"2025-07-10T22:54:50,095","container":"5f93daac00f1","level":"INFO","thread":"EthScheduler-Timer-0","class":"FullSyncTargetManager","message":"Unable to find sync target. Currently checking 0 peers for usefulness","throwable":""}
{"timestamp":"2025-07-10T22:54:55,096","container":"5f93daac00f1","level":"INFO","thread":"EthScheduler-Timer-0","class":"FullSyncTargetManager","message":"Unable to find sync target. Currently checking 0 peers for usefulness","throwable":""}
{"timestamp":"2025-07-10T22:55:00,097","container":"5f93daac00f1","level":"INFO","thread":"EthScheduler-Timer-0","class":"FullSyncTargetManager","message":"Unable to find sync target. Currently checking 0 peers for usefulness","throwable":""}
{"timestamp":"2025-07-10T22:55:05,097","container":"5f93daac00f1","level":"INFO","thread":"EthScheduler-Timer-0","class":"FullSyncTargetManager","message":"Unable to find sync target. Currently checking 0 peers for usefulness","throwable":""}
{"timestamp":"2025-07-10T22:55:10,098","container":"5f93daac00f1","level":"INFO","thread":"EthScheduler-Timer-0","class":"FullSyncTargetManager","message":"Unable to find sync target. Currently checking 0 peers for usefulness","throwable":""}
{"timestamp":"2025-07-10T22:55:15,098","container":"5f93daac00f1","level":"INFO","thread":"EthScheduler-Timer-0","class":"FullSyncTargetManager","message":"Unable to find sync target. Currently checking 0 peers for usefulness","throwable":""}
{"timestamp":"2025-07-10T22:55:20,099","container":"5f93daac00f1","level":"INFO","thread":"EthScheduler-Timer-0","class":"FullSyncTargetManager","message":"Unable to find sync target. Currently checking 0 peers for usefulness","throwable":""}
{"timestamp":"2025-07-10T22:55:25,099","container":"5f93daac00f1","level":"INFO","thread":"EthScheduler-Timer-0","class":"FullSyncTargetManager","message":"Unable to find sync target. Currently checking 0 peers for usefulness","throwable":""}
{"timestamp":"2025-07-10T22:55:30,100","container":"5f93daac00f1","level":"INFO","thread":"EthScheduler-Timer-0","class":"FullSyncTargetManager","message":"Unable to find sync target. Currently checking 0 peers for usefulness","throwable":""}
{"timestamp":"2025-07-10T22:55:35,100","container":"5f93daac00f1","level":"INFO","thread":"EthScheduler-Timer-0","class":"FullSyncTargetManager","message":"Unable to find sync target. Currently checking 0 peers for usefulness","throwable":""}
{"timestamp":"2025-07-10T22:55:40,101","container":"5f93daac00f1","level":"INFO","thread":"EthScheduler-Timer-0","class":"FullSyncTargetManager","message":"Unable to find sync target. Currently checking 0 peers for usefulness","throwable":""}
{"timestamp":"2025-07-10T22:55:45,101","container":"5f93daac00f1","level":"INFO","thread":"EthScheduler-Timer-0","class":"FullSyncTargetManager","message":"Unable to find sync target. Currently checking 0 peers for usefulness","throwable":""}
{"timestamp":"2025-07-10T22:55:50,102","container":"5f93daac00f1","level":"INFO","thread":"EthScheduler-Timer-0","class":"FullSyncTargetManager","message":"Unable to find sync target. Currently checking 0 peers for usefulness","throwable":""}
{"timestamp":"2025-07-10T22:55:55,103","container":"5f93daac00f1","level":"INFO","thread":"EthScheduler-Timer-0","class":"FullSyncTargetManager","message":"Unable to find sync target. Currently checking 0 peers for usefulness","throwable":""}
{"timestamp":"2025-07-10T22:56:00,103","container":"5f93daac00f1","level":"INFO","thread":"EthScheduler-Timer-0","class":"FullSyncTargetManager","message":"Unable to find sync target. Currently checking 0 peers for usefulness","throwable":""}
{"timestamp":"2025-07-10T22:56:05,104","container":"5f93daac00f1","level":"INFO","thread":"EthScheduler-Timer-0","class":"FullSyncTargetManager","message":"Unable to find sync target. Currently checking 0 peers for usefulness","throwable":""}
{"timestamp":"2025-07-10T22:56:10,104","container":"5f93daac00f1","level":"INFO","thread":"EthScheduler-Timer-0","class":"FullSyncTargetManager","message":"Unable to find sync target. Currently checking 0 peers for usefulness","throwable":""}
{"timestamp":"2025-07-10T22:56:15,105","container":"5f93daac00f1","level":"INFO","thread":"EthScheduler-Timer-0","class":"FullSyncTargetManager","message":"Unable to find sync target. Currently checking 0 peers for usefulness","throwable":""}
{"timestamp":"2025-07-10T22:56:20,105","container":"5f93daac00f1","level":"INFO","thread":"EthScheduler-Timer-0","class":"FullSyncTargetManager","message":"Unable to find sync target. Currently checking 0 peers for usefulness","throwable":""}
{"timestamp":"2025-07-10T22:56:25,106","container":"5f93daac00f1","level":"INFO","thread":"EthScheduler-Timer-0","class":"FullSyncTargetManager","message":"Unable to find sync target. Currently checking 0 peers for usefulness","throwable":""}
{"timestamp":"2025-07-10T22:56:30,107","container":"5f93daac00f1","level":"INFO","thread":"EthScheduler-Timer-0","class":"FullSyncTargetManager","message":"Unable to find sync target. Currently checking 0 peers for usefulness","throwable":""}
{"timestamp":"2025-07-10T22:56:35,107","container":"5f93daac00f1","level":"INFO","thread":"EthScheduler-Timer-0","class":"FullSyncTargetManager","message":"Unable to find sync target. Currently checking 0 peers for usefulness","throwable":""}
{"timestamp":"2025-07-10T22:56:40,108","container":"5f93daac00f1","level":"INFO","thread":"EthScheduler-Timer-0","class":"FullSyncTargetManager","message":"Unable to find sync target. Currently checking 0 peers for usefulness","throwable":""}
{"timestamp":"2025-07-10T22:56:45,109","container":"5f93daac00f1","level":"INFO","thread":"EthScheduler-Timer-0","class":"FullSyncTargetManager","message":"Unable to find sync target. Currently checking 0 peers for usefulness","throwable":""}
{"timestamp":"2025-07-10T22:56:50,109","container":"5f93daac00f1","level":"INFO","thread":"EthScheduler-Timer-0","class":"FullSyncTargetManager","message":"Unable to find sync target. Currently checking 0 peers for usefulness","throwable":""}
{"timestamp":"2025-07-10T22:56:55,110","container":"5f93daac00f1","level":"INFO","thread":"EthScheduler-Timer-0","class":"FullSyncTargetManager","message":"Unable to find sync target. Currently checking 0 peers for usefulness","throwable":""}
{"timestamp":"2025-07-10T22:57:00,110","container":"5f93daac00f1","level":"INFO","thread":"EthScheduler-Timer-0","class":"FullSyncTargetManager","message":"Unable to find sync target. Currently checking 0 peers for usefulness","throwable":""}
{"timestamp":"2025-07-10T22:57:05,111","container":"5f93daac00f1","level":"INFO","thread":"EthScheduler-Timer-0","class":"FullSyncTargetManager","message":"Unable to find sync target. Currently checking 0 peers for usefulness","throwable":""}
{"timestamp":"2025-07-10T22:57:10,112","container":"5f93daac00f1","level":"INFO","thread":"EthScheduler-Timer-0","class":"FullSyncTargetManager","message":"Unable to find sync target. Currently checking 0 peers for usefulness","throwable":""}
{"timestamp":"2025-07-10T22:57:15,112","container":"5f93daac00f1","level":"INFO","thread":"EthScheduler-Timer-0","class":"FullSyncTargetManager","message":"Unable to find sync target. Currently checking 0 peers for usefulness","throwable":""}
{"timestamp":"2025-07-10T22:57:20,113","container":"5f93daac00f1","level":"INFO","thread":"EthScheduler-Timer-0","class":"FullSyncTargetManager","message":"Unable to find sync target. Currently checking 0 peers for usefulness","throwable":""}
{"timestamp":"2025-07-10T22:57:25,114","container":"5f93daac00f1","level":"INFO","thread":"EthScheduler-Timer-0","class":"FullSyncTargetManager","message":"Unable to find sync target. Currently checking 0 peers for usefulness","throwable":""}
{"timestamp":"2025-07-10T22:57:30,114","container":"5f93daac00f1","level":"INFO","thread":"EthScheduler-Timer-0","class":"FullSyncTargetManager","message":"Unable to find sync target. Currently checking 0 peers for usefulness","throwable":""}
{"timestamp":"2025-07-10T22:57:35,115","container":"5f93daac00f1","level":"INFO","thread":"EthScheduler-Timer-0","class":"FullSyncTargetManager","message":"Unable to find sync target. Currently checking 0 peers for usefulness","throwable":""}
{"timestamp":"2025-07-10T22:57:40,116","container":"5f93daac00f1","level":"INFO","thread":"EthScheduler-Timer-0","class":"FullSyncTargetManager","message":"Unable to find sync target. Currently checking 0 peers for usefulness","throwable":""}
{"timestamp":"2025-07-10T22:57:45,116","container":"5f93daac00f1","level":"INFO","thread":"EthScheduler-Timer-0","class":"FullSyncTargetManager","message":"Unable to find sync target. Currently checking 0 peers for usefulness","throwable":""}
{"timestamp":"2025-07-10T22:57:50,117","container":"5f93daac00f1","level":"INFO","thread":"EthScheduler-Timer-0","class":"FullSyncTargetManager","message":"Unable to find sync target. Currently checking 0 peers for usefulness","throwable":""}
{"timestamp":"2025-07-10T22:57:55,117","container":"5f93daac00f1","level":"INFO","thread":"EthScheduler-Timer-0","class":"FullSyncTargetManager","message":"Unable to find sync target. Currently checking 0 peers for usefulness","throwable":""}
{"timestamp":"2025-07-10T22:58:00,117","container":"5f93daac00f1","level":"INFO","thread":"EthScheduler-Timer-0","class":"FullSyncTargetManager","message":"Unable to find sync target. Currently checking 0 peers for usefulness","throwable":""}
{"timestamp":"2025-07-10T22:58:05,118","container":"5f93daac00f1","level":"INFO","thread":"EthScheduler-Timer-0","class":"FullSyncTargetManager","message":"Unable to find sync target. Currently checking 0 peers for usefulness","throwable":""}
{"timestamp":"2025-07-10T22:58:10,119","container":"5f93daac00f1","level":"INFO","thread":"EthScheduler-Timer-0","class":"FullSyncTargetManager","message":"Unable to find sync target. Currently checking 0 peers for usefulness","throwable":""}
{"timestamp":"2025-07-10T22:58:15,119","container":"5f93daac00f1","level":"INFO","thread":"EthScheduler-Timer-0","class":"FullSyncTargetManager","message":"Unable to find sync target. Currently checking 0 peers for usefulness","throwable":""}
{"timestamp":"2025-07-10T22:58:20,120","container":"5f93daac00f1","level":"INFO","thread":"EthScheduler-Timer-0","class":"FullSyncTargetManager","message":"Unable to find sync target. Currently checking 0 peers for usefulness","throwable":""}
{"timestamp":"2025-07-10T22:58:25,120","container":"5f93daac00f1","level":"INFO","thread":"EthScheduler-Timer-0","class":"FullSyncTargetManager","message":"Unable to find sync target. Currently checking 0 peers for usefulness","throwable":""}
{"timestamp":"2025-07-10T22:58:30,121","container":"5f93daac00f1","level":"INFO","thread":"EthScheduler-Timer-0","class":"FullSyncTargetManager","message":"Unable to find sync target. Currently checking 0 peers for usefulness","throwable":""}
{"timestamp":"2025-07-10T22:58:35,121","container":"5f93daac00f1","level":"INFO","thread":"EthScheduler-Timer-0","class":"FullSyncTargetManager","message":"Unable to find sync target. Currently checking 0 peers for usefulness","throwable":""}
{"timestamp":"2025-07-10T22:58:40,122","container":"5f93daac00f1","level":"INFO","thread":"EthScheduler-Timer-0","class":"FullSyncTargetManager","message":"Unable to find sync target. Currently checking 0 peers for usefulness","throwable":""}
{"timestamp":"2025-07-10T22:58:45,122","container":"5f93daac00f1","level":"INFO","thread":"EthScheduler-Timer-0","class":"FullSyncTargetManager","message":"Unable to find sync target. Currently checking 0 peers for usefulness","throwable":""}
{"timestamp":"2025-07-10T22:58:50,123","container":"5f93daac00f1","level":"INFO","thread":"EthScheduler-Timer-0","class":"FullSyncTargetManager","message":"Unable to find sync target. Currently checking 0 peers for usefulness","throwable":""}
{"timestamp":"2025-07-10T22:58:55,124","container":"5f93daac00f1","level":"INFO","thread":"EthScheduler-Timer-0","class":"FullSyncTargetManager","message":"Unable to find sync target. Currently checking 0 peers for usefulness","throwable":""}
{"timestamp":"2025-07-10T22:59:00,124","container":"5f93daac00f1","level":"INFO","thread":"EthScheduler-Timer-0","class":"FullSyncTargetManager","message":"Unable to find sync target. Currently checking 0 peers for usefulness","throwable":""}
{"timestamp":"2025-07-10T22:59:05,125","container":"5f93daac00f1","level":"INFO","thread":"EthScheduler-Timer-0","class":"FullSyncTargetManager","message":"Unable to find sync target. Currently checking 0 peers for usefulness","throwable":""}
{"timestamp":"2025-07-10T22:59:10,125","container":"5f93daac00f1","level":"INFO","thread":"EthScheduler-Timer-0","class":"FullSyncTargetManager","message":"Unable to find sync target. Currently checking 0 peers for usefulness","throwable":""}
{"timestamp":"2025-07-10T22:59:15,126","container":"5f93daac00f1","level":"INFO","thread":"EthScheduler-Timer-0","class":"FullSyncTargetManager","message":"Unable to find sync target. Currently checking 0 peers for usefulness","throwable":""}
{"timestamp":"2025-07-10T22:59:20,126","container":"5f93daac00f1","level":"INFO","thread":"EthScheduler-Timer-0","class":"FullSyncTargetManager","message":"Unable to find sync target. Currently checking 0 peers for usefulness","throwable":""}
{"timestamp":"2025-07-10T22:59:25,127","container":"5f93daac00f1","level":"INFO","thread":"EthScheduler-Timer-0","class":"FullSyncTargetManager","message":"Unable to find sync target. Currently checking 0 peers for usefulness","throwable":""}
{"timestamp":"2025-07-10T22:59:30,128","container":"5f93daac00f1","level":"INFO","thread":"EthScheduler-Timer-0","class":"FullSyncTargetManager","message":"Unable to find sync target. Currently checking 0 peers for usefulness","throwable":""}
{"timestamp":"2025-07-10T22:59:35,128","container":"5f93daac00f1","level":"INFO","thread":"EthScheduler-Timer-0","class":"FullSyncTargetManager","message":"Unable to find sync target. Currently checking 0 peers for usefulness","throwable":""}
{"timestamp":"2025-07-10T22:59:40,129","container":"5f93daac00f1","level":"INFO","thread":"EthScheduler-Timer-0","class":"FullSyncTargetManager","message":"Unable to find sync target. Currently checking 0 peers for usefulness","throwable":""}
{"timestamp":"2025-07-10T22:59:45,129","container":"5f93daac00f1","level":"INFO","thread":"EthScheduler-Timer-0","class":"FullSyncTargetManager","message":"Unable to find sync target. Currently checking 0 peers for usefulness","throwable":""}
{"timestamp":"2025-07-10T22:59:50,130","container":"5f93daac00f1","level":"INFO","thread":"EthScheduler-Timer-0","class":"FullSyncTargetManager","message":"Unable to find sync target. Currently checking 0 peers for usefulness","throwable":""}
{"timestamp":"2025-07-10T22:59:55,130","container":"5f93daac00f1","level":"INFO","thread":"EthScheduler-Timer-0","class":"FullSyncTargetManager","message":"Unable to find sync target. Currently checking 0 peers for usefulness","throwable":""}
{"timestamp":"2025-07-10T23:00:00,131","container":"5f93daac00f1","level":"INFO","thread":"EthScheduler-Timer-0","class":"FullSyncTargetManager","message":"Unable to find sync target. Currently checking 0 peers for usefulness","throwable":""}
{"timestamp":"2025-07-10T23:00:05,132","container":"5f93daac00f1","level":"INFO","thread":"EthScheduler-Timer-0","class":"FullSyncTargetManager","message":"Unable to find sync target. Currently checking 0 peers for usefulness","throwable":""}
{"timestamp":"2025-07-10T23:00:10,132","container":"5f93daac00f1","level":"INFO","thread":"EthScheduler-Timer-0","class":"FullSyncTargetManager","message":"Unable to find sync target. Currently checking 0 peers for usefulness","throwable":""}
{"timestamp":"2025-07-10T23:00:15,133","container":"5f93daac00f1","level":"INFO","thread":"EthScheduler-Timer-0","class":"FullSyncTargetManager","message":"Unable to find sync target. Currently checking 0 peers for usefulness","throwable":""}
{"timestamp":"2025-07-10T23:00:20,133","container":"5f93daac00f1","level":"INFO","thread":"EthScheduler-Timer-0","class":"FullSyncTargetManager","message":"Unable to find sync target. Currently checking 0 peers for usefulness","throwable":""}
{"timestamp":"2025-07-10T23:00:25,134","container":"5f93daac00f1","level":"INFO","thread":"EthScheduler-Timer-0","class":"FullSyncTargetManager","message":"Unable to find sync target. Currently checking 0 peers for usefulness","throwable":""}
{"timestamp":"2025-07-10T23:00:30,135","container":"5f93daac00f1","level":"INFO","thread":"EthScheduler-Timer-0","class":"FullSyncTargetManager","message":"Unable to find sync target. Currently checking 0 peers for usefulness","throwable":""}
{"timestamp":"2025-07-10T23:00:35,135","container":"5f93daac00f1","level":"INFO","thread":"EthScheduler-Timer-0","class":"FullSyncTargetManager","message":"Unable to find sync target. Currently checking 0 peers for usefulness","throwable":""}
{"timestamp":"2025-07-10T23:00:40,136","container":"5f93daac00f1","level":"INFO","thread":"EthScheduler-Timer-0","class":"FullSyncTargetManager","message":"Unable to find sync target. Currently checking 0 peers for usefulness","throwable":""}
{"timestamp":"2025-07-10T23:00:45,136","container":"5f93daac00f1","level":"INFO","thread":"EthScheduler-Timer-0","class":"FullSyncTargetManager","message":"Unable to find sync target. Currently checking 0 peers for usefulness","throwable":""}
{"timestamp":"2025-07-10T23:00:50,137","container":"5f93daac00f1","level":"INFO","thread":"EthScheduler-Timer-0","class":"FullSyncTargetManager","message":"Unable to find sync target. Currently checking 0 peers for usefulness","throwable":""}
{"timestamp":"2025-07-10T23:00:55,138","container":"5f93daac00f1","level":"INFO","thread":"EthScheduler-Timer-0","class":"FullSyncTargetManager","message":"Unable to find sync target. Currently checking 0 peers for usefulness","throwable":""}
{"timestamp":"2025-07-10T23:01:00,139","container":"5f93daac00f1","level":"INFO","thread":"EthScheduler-Timer-0","class":"FullSyncTargetManager","message":"Unable to find sync target. Currently checking 0 peers for usefulness","throwable":""}
{"timestamp":"2025-07-10T23:01:05,139","container":"5f93daac00f1","level":"INFO","thread":"EthScheduler-Timer-0","class":"FullSyncTargetManager","message":"Unable to find sync target. Currently checking 0 peers for usefulness","throwable":""}
{"timestamp":"2025-07-10T23:01:10,140","container":"5f93daac00f1","level":"INFO","thread":"EthScheduler-Timer-0","class":"FullSyncTargetManager","message":"Unable to find sync target. Currently checking 0 peers for usefulness","throwable":""}
{"timestamp":"2025-07-10T23:01:15,140","container":"5f93daac00f1","level":"INFO","thread":"EthScheduler-Timer-0","class":"FullSyncTargetManager","message":"Unable to find sync target. Currently checking 0 peers for usefulness","throwable":""}
{"timestamp":"2025-07-10T23:01:20,141","container":"5f93daac00f1","level":"INFO","thread":"EthScheduler-Timer-0","class":"FullSyncTargetManager","message":"Unable to find sync target. Currently checking 0 peers for usefulness","throwable":""}
{"timestamp":"2025-07-10T23:01:25,141","container":"5f93daac00f1","level":"INFO","thread":"EthScheduler-Timer-0","class":"FullSyncTargetManager","message":"Unable to find sync target. Currently checking 0 peers for usefulness","throwable":""}
{"timestamp":"2025-07-10T23:01:30,142","container":"5f93daac00f1","level":"INFO","thread":"EthScheduler-Timer-0","class":"FullSyncTargetManager","message":"Unable to find sync target. Currently checking 0 peers for usefulness","throwable":""}
{"timestamp":"2025-07-10T23:01:35,142","container":"5f93daac00f1","level":"INFO","thread":"EthScheduler-Timer-0","class":"FullSyncTargetManager","message":"Unable to find sync target. Currently checking 0 peers for usefulness","throwable":""}
{"timestamp":"2025-07-10T23:01:40,142","container":"5f93daac00f1","level":"INFO","thread":"EthScheduler-Timer-0","class":"FullSyncTargetManager","message":"Unable to find sync target. Currently checking 0 peers for usefulness","throwable":""}
{"timestamp":"2025-07-10T23:01:45,143","container":"5f93daac00f1","level":"INFO","thread":"EthScheduler-Timer-0","class":"FullSyncTargetManager","message":"Unable to find sync target. Currently checking 0 peers for usefulness","throwable":""}
{"timestamp":"2025-07-10T23:01:50,143","container":"5f93daac00f1","level":"INFO","thread":"EthScheduler-Timer-0","class":"FullSyncTargetManager","message":"Unable to find sync target. Currently checking 0 peers for usefulness","throwable":""}
{"timestamp":"2025-07-10T23:01:55,144","container":"5f93daac00f1","level":"INFO","thread":"EthScheduler-Timer-0","class":"FullSyncTargetManager","message":"Unable to find sync target. Currently checking 0 peers for usefulness","throwable":""}
{"timestamp":"2025-07-10T23:02:00,144","container":"5f93daac00f1","level":"INFO","thread":"EthScheduler-Timer-0","class":"FullSyncTargetManager","message":"Unable to find sync target. Currently checking 0 peers for usefulness","throwable":""}
{"timestamp":"2025-07-10T23:02:05,145","container":"5f93daac00f1","level":"INFO","thread":"EthScheduler-Timer-0","class":"FullSyncTargetManager","message":"Unable to find sync target. Currently checking 0 peers for usefulness","throwable":""}
{"timestamp":"2025-07-10T23:02:10,145","container":"5f93daac00f1","level":"INFO","thread":"EthScheduler-Timer-0","class":"FullSyncTargetManager","message":"Unable to find sync target. Currently checking 0 peers for usefulness","throwable":""}
{"timestamp":"2025-07-10T23:02:15,146","container":"5f93daac00f1","level":"INFO","thread":"EthScheduler-Timer-0","class":"FullSyncTargetManager","message":"Unable to find sync target. Currently checking 0 peers for usefulness","throwable":""}
{"timestamp":"2025-07-10T23:02:20,146","container":"5f93daac00f1","level":"INFO","thread":"EthScheduler-Timer-0","class":"FullSyncTargetManager","message":"Unable to find sync target. Currently checking 0 peers for usefulness","throwable":""}
{"timestamp":"2025-07-10T23:02:25,147","container":"5f93daac00f1","level":"INFO","thread":"EthScheduler-Timer-0","class":"FullSyncTargetManager","message":"Unable to find sync target. Currently checking 0 peers for usefulness","throwable":""}
{"timestamp":"2025-07-10T23:02:30,147","container":"5f93daac00f1","level":"INFO","thread":"EthScheduler-Timer-0","class":"FullSyncTargetManager","message":"Unable to find sync target. Currently checking 0 peers for usefulness","throwable":""}
{"timestamp":"2025-07-10T23:02:35,148","container":"5f93daac00f1","level":"INFO","thread":"EthScheduler-Timer-0","class":"FullSyncTargetManager","message":"Unable to find sync target. Currently checking 0 peers for usefulness","throwable":""}
{"timestamp":"2025-07-10T23:02:40,148","container":"5f93daac00f1","level":"INFO","thread":"EthScheduler-Timer-0","class":"FullSyncTargetManager","message":"Unable to find sync target. Currently checking 0 peers for usefulness","throwable":""}
{"timestamp":"2025-07-10T23:02:45,148","container":"5f93daac00f1","level":"INFO","thread":"EthScheduler-Timer-0","class":"FullSyncTargetManager","message":"Unable to find sync target. Currently checking 0 peers for usefulness","throwable":""}
{"timestamp":"2025-07-10T23:02:50,149","container":"5f93daac00f1","level":"INFO","thread":"EthScheduler-Timer-0","class":"FullSyncTargetManager","message":"Unable to find sync target. Currently checking 0 peers for usefulness","throwable":""}
{"timestamp":"2025-07-10T23:02:55,149","container":"5f93daac00f1","level":"INFO","thread":"EthScheduler-Timer-0","class":"FullSyncTargetManager","message":"Unable to find sync target. Currently checking 0 peers for usefulness","throwable":""}
{"timestamp":"2025-07-10T23:03:00,150","container":"5f93daac00f1","level":"INFO","thread":"EthScheduler-Timer-0","class":"FullSyncTargetManager","message":"Unable to find sync target. Currently checking 0 peers for usefulness","throwable":""}
{"timestamp":"2025-07-10T23:03:05,150","container":"5f93daac00f1","level":"INFO","thread":"EthScheduler-Timer-0","class":"FullSyncTargetManager","message":"Unable to find sync target. Currently checking 0 peers for usefulness","throwable":""}
{"timestamp":"2025-07-10T23:03:10,151","container":"5f93daac00f1","level":"INFO","thread":"EthScheduler-Timer-0","class":"FullSyncTargetManager","message":"Unable to find sync target. Currently checking 0 peers for usefulness","throwable":""}
{"timestamp":"2025-07-10T23:03:15,151","container":"5f93daac00f1","level":"INFO","thread":"EthScheduler-Timer-0","class":"FullSyncTargetManager","message":"Unable to find sync target. Currently checking 0 peers for usefulness","throwable":""}
{"timestamp":"2025-07-10T23:03:20,151","container":"5f93daac00f1","level":"INFO","thread":"EthScheduler-Timer-0","class":"FullSyncTargetManager","message":"Unable to find sync target. Currently checking 0 peers for usefulness","throwable":""}
{"timestamp":"2025-07-10T23:03:25,152","container":"5f93daac00f1","level":"INFO","thread":"EthScheduler-Timer-0","class":"FullSyncTargetManager","message":"Unable to find sync target. Currently checking 0 peers for usefulness","throwable":""}
{"timestamp":"2025-07-10T23:03:30,152","container":"5f93daac00f1","level":"INFO","thread":"EthScheduler-Timer-0","class":"FullSyncTargetManager","message":"Unable to find sync target. Currently checking 0 peers for usefulness","throwable":""}
{"timestamp":"2025-07-10T23:03:35,153","container":"5f93daac00f1","level":"INFO","thread":"EthScheduler-Timer-0","class":"FullSyncTargetManager","message":"Unable to find sync target. Currently checking 0 peers for usefulness","throwable":""}
{"timestamp":"2025-07-10T23:03:40,153","container":"5f93daac00f1","level":"INFO","thread":"EthScheduler-Timer-0","class":"FullSyncTargetManager","message":"Unable to find sync target. Currently checking 0 peers for usefulness","throwable":""}
{"timestamp":"2025-07-10T23:03:45,154","container":"5f93daac00f1","level":"INFO","thread":"EthScheduler-Timer-0","class":"FullSyncTargetManager","message":"Unable to find sync target. Currently checking 0 peers for usefulness","throwable":""}
{"timestamp":"2025-07-10T23:03:50,154","container":"5f93daac00f1","level":"INFO","thread":"EthScheduler-Timer-0","class":"FullSyncTargetManager","message":"Unable to find sync target. Currently checking 0 peers for usefulness","throwable":""}
{"timestamp":"2025-07-10T23:03:55,155","container":"5f93daac00f1","level":"INFO","thread":"EthScheduler-Timer-0","class":"FullSyncTargetManager","message":"Unable to find sync target. Currently checking 0 peers for usefulness","throwable":""}
{"timestamp":"2025-07-10T23:04:00,156","container":"5f93daac00f1","level":"INFO","thread":"EthScheduler-Timer-0","class":"FullSyncTargetManager","message":"Unable to find sync target. Currently checking 0 peers for usefulness","throwable":""}
{"timestamp":"2025-07-10T23:04:05,156","container":"5f93daac00f1","level":"INFO","thread":"EthScheduler-Timer-0","class":"FullSyncTargetManager","message":"Unable to find sync target. Currently checking 0 peers for usefulness","throwable":""}
{"timestamp":"2025-07-10T23:04:10,157","container":"5f93daac00f1","level":"INFO","thread":"EthScheduler-Timer-0","class":"FullSyncTargetManager","message":"Unable to find sync target. Currently checking 0 peers for usefulness","throwable":""}
{"timestamp":"2025-07-10T23:04:15,157","container":"5f93daac00f1","level":"INFO","thread":"EthScheduler-Timer-0","class":"FullSyncTargetManager","message":"Unable to find sync target. Currently checking 0 peers for usefulness","throwable":""}
{"timestamp":"2025-07-10T23:04:20,158","container":"5f93daac00f1","level":"INFO","thread":"EthScheduler-Timer-0","class":"FullSyncTargetManager","message":"Unable to find sync target. Currently checking 0 peers for usefulness","throwable":""}
{"timestamp":"2025-07-10T23:04:25,158","container":"5f93daac00f1","level":"INFO","thread":"EthScheduler-Timer-0","class":"FullSyncTargetManager","message":"Unable to find sync target. Currently checking 0 peers for usefulness","throwable":""}
{"timestamp":"2025-07-10T23:04:30,159","container":"5f93daac00f1","level":"INFO","thread":"EthScheduler-Timer-0","class":"FullSyncTargetManager","message":"Unable to find sync target. Currently checking 0 peers for usefulness","throwable":""}
{"timestamp":"2025-07-10T23:04:35,159","container":"5f93daac00f1","level":"INFO","thread":"EthScheduler-Timer-0","class":"FullSyncTargetManager","message":"Unable to find sync target. Currently checking 0 peers for usefulness","throwable":""}
{"timestamp":"2025-07-10T23:04:40,160","container":"5f93daac00f1","level":"INFO","thread":"EthScheduler-Timer-0","class":"FullSyncTargetManager","message":"Unable to find sync target. Currently checking 0 peers for usefulness","throwable":""}
{"timestamp":"2025-07-10T23:04:45,161","container":"5f93daac00f1","level":"INFO","thread":"EthScheduler-Timer-0","class":"FullSyncTargetManager","message":"Unable to find sync target. Currently checking 0 peers for usefulness","throwable":""}
{"timestamp":"2025-07-10T23:04:50,161","container":"5f93daac00f1","level":"INFO","thread":"EthScheduler-Timer-0","class":"FullSyncTargetManager","message":"Unable to find sync target. Currently checking 0 peers for usefulness","throwable":""}
{"timestamp":"2025-07-10T23:04:55,162","container":"5f93daac00f1","level":"INFO","thread":"EthScheduler-Timer-0","class":"FullSyncTargetManager","message":"Unable to find sync target. Currently checking 0 peers for usefulness","throwable":""}
{"timestamp":"2025-07-10T23:05:00,162","container":"5f93daac00f1","level":"INFO","thread":"EthScheduler-Timer-0","class":"FullSyncTargetManager","message":"Unable to find sync target. Currently checking 0 peers for usefulness","throwable":""}
{"timestamp":"2025-07-10T23:05:05,162","container":"5f93daac00f1","level":"INFO","thread":"EthScheduler-Timer-0","class":"FullSyncTargetManager","message":"Unable to find sync target. Currently checking 0 peers for usefulness","throwable":""}
{"timestamp":"2025-07-10T23:05:10,163","container":"5f93daac00f1","level":"INFO","thread":"EthScheduler-Timer-0","class":"FullSyncTargetManager","message":"Unable to find sync target. Currently checking 0 peers for usefulness","throwable":""}
{"timestamp":"2025-07-10T23:05:15,163","container":"5f93daac00f1","level":"INFO","thread":"EthScheduler-Timer-0","class":"FullSyncTargetManager","message":"Unable to find sync target. Currently checking 0 peers for usefulness","throwable":""}
{"timestamp":"2025-07-10T23:05:20,164","container":"5f93daac00f1","level":"INFO","thread":"EthScheduler-Timer-0","class":"FullSyncTargetManager","message":"Unable to find sync target. Currently checking 0 peers for usefulness","throwable":""}
{"timestamp":"2025-07-10T23:05:25,164","container":"5f93daac00f1","level":"INFO","thread":"EthScheduler-Timer-0","class":"FullSyncTargetManager","message":"Unable to find sync target. Currently checking 0 peers for usefulness","throwable":""}
{"timestamp":"2025-07-10T23:05:30,165","container":"5f93daac00f1","level":"INFO","thread":"EthScheduler-Timer-0","class":"FullSyncTargetManager","message":"Unable to find sync target. Currently checking 0 peers for usefulness","throwable":""}
{"timestamp":"2025-07-10T23:05:35,165","container":"5f93daac00f1","level":"INFO","thread":"EthScheduler-Timer-0","class":"FullSyncTargetManager","message":"Unable to find sync target. Currently checking 0 peers for usefulness","throwable":""}
{"timestamp":"2025-07-10T23:05:40,166","container":"5f93daac00f1","level":"INFO","thread":"EthScheduler-Timer-0","class":"FullSyncTargetManager","message":"Unable to find sync target. Currently checking 0 peers for usefulness","throwable":""}
{"timestamp":"2025-07-10T23:05:45,167","container":"5f93daac00f1","level":"INFO","thread":"EthScheduler-Timer-0","class":"FullSyncTargetManager","message":"Unable to find sync target. Currently checking 0 peers for usefulness","throwable":""}
{"timestamp":"2025-07-10T23:05:50,168","container":"5f93daac00f1","level":"INFO","thread":"EthScheduler-Timer-0","class":"FullSyncTargetManager","message":"Unable to find sync target. Currently checking 0 peers for usefulness","throwable":""}
{"timestamp":"2025-07-10T23:05:55,168","container":"5f93daac00f1","level":"INFO","thread":"EthScheduler-Timer-0","class":"FullSyncTargetManager","message":"Unable to find sync target. Currently checking 0 peers for usefulness","throwable":""}
{"timestamp":"2025-07-10T23:06:00,168","container":"5f93daac00f1","level":"INFO","thread":"EthScheduler-Timer-0","class":"FullSyncTargetManager","message":"Unable to find sync target. Currently checking 0 peers for usefulness","throwable":""}
{"timestamp":"2025-07-10T23:06:05,169","container":"5f93daac00f1","level":"INFO","thread":"EthScheduler-Timer-0","class":"FullSyncTargetManager","message":"Unable to find sync target. Currently checking 0 peers for usefulness","throwable":""}
{"timestamp":"2025-07-10T23:06:10,169","container":"5f93daac00f1","level":"INFO","thread":"EthScheduler-Timer-0","class":"FullSyncTargetManager","message":"Unable to find sync target. Currently checking 0 peers for usefulness","throwable":""}
{"timestamp":"2025-07-10T23:06:15,170","container":"5f93daac00f1","level":"INFO","thread":"EthScheduler-Timer-0","class":"FullSyncTargetManager","message":"Unable to find sync target. Currently checking 0 peers for usefulness","throwable":""}
{"timestamp":"2025-07-10T23:06:20,170","container":"5f93daac00f1","level":"INFO","thread":"EthScheduler-Timer-0","class":"FullSyncTargetManager","message":"Unable to find sync target. Currently checking 0 peers for usefulness","throwable":""}
{"timestamp":"2025-07-10T23:06:25,171","container":"5f93daac00f1","level":"INFO","thread":"EthScheduler-Timer-0","class":"FullSyncTargetManager","message":"Unable to find sync target. Currently checking 0 peers for usefulness","throwable":""}
{"timestamp":"2025-07-10T23:06:30,171","container":"5f93daac00f1","level":"INFO","thread":"EthScheduler-Timer-0","class":"FullSyncTargetManager","message":"Unable to find sync target. Currently checking 0 peers for usefulness","throwable":""}
{"timestamp":"2025-07-10T23:06:35,172","container":"5f93daac00f1","level":"INFO","thread":"EthScheduler-Timer-0","class":"FullSyncTargetManager","message":"Unable to find sync target. Currently checking 0 peers for usefulness","throwable":""}
{"timestamp":"2025-07-10T23:06:40,172","container":"5f93daac00f1","level":"INFO","thread":"EthScheduler-Timer-0","class":"FullSyncTargetManager","message":"Unable to find sync target. Currently checking 0 peers for usefulness","throwable":""}
{"timestamp":"2025-07-10T23:06:45,173","container":"5f93daac00f1","level":"INFO","thread":"EthScheduler-Timer-0","class":"FullSyncTargetManager","message":"Unable to find sync target. Currently checking 0 peers for usefulness","throwable":""}
{"timestamp":"2025-07-10T23:06:50,173","container":"5f93daac00f1","level":"INFO","thread":"EthScheduler-Timer-0","class":"FullSyncTargetManager","message":"Unable to find sync target. Currently checking 0 peers for usefulness","throwable":""}
{"timestamp":"2025-07-10T23:06:55,173","container":"5f93daac00f1","level":"INFO","thread":"EthScheduler-Timer-0","class":"FullSyncTargetManager","message":"Unable to find sync target. Currently checking 0 peers for usefulness","throwable":""}
{"timestamp":"2025-07-10T23:07:00,174","container":"5f93daac00f1","level":"INFO","thread":"EthScheduler-Timer-0","class":"FullSyncTargetManager","message":"Unable to find sync target. Currently checking 0 peers for usefulness","throwable":""}
{"timestamp":"2025-07-10T23:07:05,174","container":"5f93daac00f1","level":"INFO","thread":"EthScheduler-Timer-0","class":"FullSyncTargetManager","message":"Unable to find sync target. Currently checking 0 peers for usefulness","throwable":""}
{"timestamp":"2025-07-10T23:07:10,175","container":"5f93daac00f1","level":"INFO","thread":"EthScheduler-Timer-0","class":"FullSyncTargetManager","message":"Unable to find sync target. Currently checking 0 peers for usefulness","throwable":""}
{"timestamp":"2025-07-10T23:07:15,175","container":"5f93daac00f1","level":"INFO","thread":"EthScheduler-Timer-0","class":"FullSyncTargetManager","message":"Unable to find sync target. Currently checking 0 peers for usefulness","throwable":""}
{"timestamp":"2025-07-10T23:07:20,176","container":"5f93daac00f1","level":"INFO","thread":"EthScheduler-Timer-0","class":"FullSyncTargetManager","message":"Unable to find sync target. Currently checking 0 peers for usefulness","throwable":""}
{"timestamp":"2025-07-10T23:07:25,176","container":"5f93daac00f1","level":"INFO","thread":"EthScheduler-Timer-0","class":"FullSyncTargetManager","message":"Unable to find sync target. Currently checking 0 peers for usefulness","throwable":""}
{"timestamp":"2025-07-10T23:07:30,177","container":"5f93daac00f1","level":"INFO","thread":"EthScheduler-Timer-0","class":"FullSyncTargetManager","message":"Unable to find sync target. Currently checking 0 peers for usefulness","throwable":""}
{"timestamp":"2025-07-10T23:07:35,177","container":"5f93daac00f1","level":"INFO","thread":"EthScheduler-Timer-0","class":"FullSyncTargetManager","message":"Unable to find sync target. Currently checking 0 peers for usefulness","throwable":""}
{"timestamp":"2025-07-10T23:07:40,178","container":"5f93daac00f1","level":"INFO","thread":"EthScheduler-Timer-0","class":"FullSyncTargetManager","message":"Unable to find sync target. Currently checking 0 peers for usefulness","throwable":""}
{"timestamp":"2025-07-10T23:07:45,178","container":"5f93daac00f1","level":"INFO","thread":"EthScheduler-Timer-0","class":"FullSyncTargetManager","message":"Unable to find sync target. Currently checking 0 peers for usefulness","throwable":""}
{"timestamp":"2025-07-10T23:07:50,179","container":"5f93daac00f1","level":"INFO","thread":"EthScheduler-Timer-0","class":"FullSyncTargetManager","message":"Unable to find sync target. Currently checking 0 peers for usefulness","throwable":""}
{"timestamp":"2025-07-10T23:07:55,179","container":"5f93daac00f1","level":"INFO","thread":"EthScheduler-Timer-0","class":"FullSyncTargetManager","message":"Unable to find sync target. Currently checking 0 peers for usefulness","throwable":""}
{"timestamp":"2025-07-10T23:08:00,180","container":"5f93daac00f1","level":"INFO","thread":"EthScheduler-Timer-0","class":"FullSyncTargetManager","message":"Unable to find sync target. Currently checking 0 peers for usefulness","throwable":""}
{"timestamp":"2025-07-10T23:08:05,180","container":"5f93daac00f1","level":"INFO","thread":"EthScheduler-Timer-0","class":"FullSyncTargetManager","message":"Unable to find sync target. Currently checking 0 peers for usefulness","throwable":""}
{"timestamp":"2025-07-10T23:08:10,181","container":"5f93daac00f1","level":"INFO","thread":"EthScheduler-Timer-0","class":"FullSyncTargetManager","message":"Unable to find sync target. Currently checking 0 peers for usefulness","throwable":""}
{"timestamp":"2025-07-10T23:08:15,181","container":"5f93daac00f1","level":"INFO","thread":"EthScheduler-Timer-0","class":"FullSyncTargetManager","message":"Unable to find sync target. Currently checking 0 peers for usefulness","throwable":""}
{"timestamp":"2025-07-10T23:08:20,182","container":"5f93daac00f1","level":"INFO","thread":"EthScheduler-Timer-0","class":"FullSyncTargetManager","message":"Unable to find sync target. Currently checking 0 peers for usefulness","throwable":""}
{"timestamp":"2025-07-10T23:08:25,182","container":"5f93daac00f1","level":"INFO","thread":"EthScheduler-Timer-0","class":"FullSyncTargetManager","message":"Unable to find sync target. Currently checking 0 peers for usefulness","throwable":""}
{"timestamp":"2025-07-10T23:08:30,183","container":"5f93daac00f1","level":"INFO","thread":"EthScheduler-Timer-0","class":"FullSyncTargetManager","message":"Unable to find sync target. Currently checking 0 peers for usefulness","throwable":""}
{"timestamp":"2025-07-10T23:08:35,184","container":"5f93daac00f1","level":"INFO","thread":"EthScheduler-Timer-0","class":"FullSyncTargetManager","message":"Unable to find sync target. Currently checking 0 peers for usefulness","throwable":""}
{"timestamp":"2025-07-10T23:08:40,184","container":"5f93daac00f1","level":"INFO","thread":"EthScheduler-Timer-0","class":"FullSyncTargetManager","message":"Unable to find sync target. Currently checking 0 peers for usefulness","throwable":""}
{"timestamp":"2025-07-10T23:08:45,185","container":"5f93daac00f1","level":"INFO","thread":"EthScheduler-Timer-0","class":"FullSyncTargetManager","message":"Unable to find sync target. Currently checking 0 peers for usefulness","throwable":""}
{"timestamp":"2025-07-10T23:08:50,185","container":"5f93daac00f1","level":"INFO","thread":"EthScheduler-Timer-0","class":"FullSyncTargetManager","message":"Unable to find sync target. Currently checking 0 peers for usefulness","throwable":""}
{"timestamp":"2025-07-10T23:08:55,186","container":"5f93daac00f1","level":"INFO","thread":"EthScheduler-Timer-0","class":"FullSyncTargetManager","message":"Unable to find sync target. Currently checking 0 peers for usefulness","throwable":""}
{"timestamp":"2025-07-10T23:09:00,186","container":"5f93daac00f1","level":"INFO","thread":"EthScheduler-Timer-0","class":"FullSyncTargetManager","message":"Unable to find sync target. Currently checking 0 peers for usefulness","throwable":""}
{"timestamp":"2025-07-10T23:09:05,187","container":"5f93daac00f1","level":"INFO","thread":"EthScheduler-Timer-0","class":"FullSyncTargetManager","message":"Unable to find sync target. Currently checking 0 peers for usefulness","throwable":""}
{"timestamp":"2025-07-10T23:09:10,187","container":"5f93daac00f1","level":"INFO","thread":"EthScheduler-Timer-0","class":"FullSyncTargetManager","message":"Unable to find sync target. Currently checking 0 peers for usefulness","throwable":""}
{"timestamp":"2025-07-10T23:09:15,188","container":"5f93daac00f1","level":"INFO","thread":"EthScheduler-Timer-0","class":"FullSyncTargetManager","message":"Unable to find sync target. Currently checking 0 peers for usefulness","throwable":""}
{"timestamp":"2025-07-10T23:09:20,188","container":"5f93daac00f1","level":"INFO","thread":"EthScheduler-Timer-0","class":"FullSyncTargetManager","message":"Unable to find sync target. Currently checking 0 peers for usefulness","throwable":""}
{"timestamp":"2025-07-10T23:09:25,188","container":"5f93daac00f1","level":"INFO","thread":"EthScheduler-Timer-0","class":"FullSyncTargetManager","message":"Unable to find sync target. Currently checking 0 peers for usefulness","throwable":""}
{"timestamp":"2025-07-10T23:09:30,189","container":"5f93daac00f1","level":"INFO","thread":"EthScheduler-Timer-0","class":"FullSyncTargetManager","message":"Unable to find sync target. Currently checking 0 peers for usefulness","throwable":""}
{"timestamp":"2025-07-10T23:09:35,189","container":"5f93daac00f1","level":"INFO","thread":"EthScheduler-Timer-0","class":"FullSyncTargetManager","message":"Unable to find sync target. Currently checking 0 peers for usefulness","throwable":""}
{"timestamp":"2025-07-10T23:09:40,190","container":"5f93daac00f1","level":"INFO","thread":"EthScheduler-Timer-0","class":"FullSyncTargetManager","message":"Unable to find sync target. Currently checking 0 peers for usefulness","throwable":""}
{"timestamp":"2025-07-10T23:09:45,190","container":"5f93daac00f1","level":"INFO","thread":"EthScheduler-Timer-0","class":"FullSyncTargetManager","message":"Unable to find sync target. Currently checking 0 peers for usefulness","throwable":""}
{"timestamp":"2025-07-10T23:09:50,191","container":"5f93daac00f1","level":"INFO","thread":"EthScheduler-Timer-0","class":"FullSyncTargetManager","message":"Unable to find sync target. Currently checking 0 peers for usefulness","throwable":""}
{"timestamp":"2025-07-10T23:09:55,191","container":"5f93daac00f1","level":"INFO","thread":"EthScheduler-Timer-0","class":"FullSyncTargetManager","message":"Unable to find sync target. Currently checking 0 peers for usefulness","throwable":""}
{"timestamp":"2025-07-10T23:10:00,192","container":"5f93daac00f1","level":"INFO","thread":"EthScheduler-Timer-0","class":"FullSyncTargetManager","message":"Unable to find sync target. Currently checking 0 peers for usefulness","throwable":""}
{"timestamp":"2025-07-10T23:10:05,192","container":"5f93daac00f1","level":"INFO","thread":"EthScheduler-Timer-0","class":"FullSyncTargetManager","message":"Unable to find sync target. Currently checking 0 peers for usefulness","throwable":""}
{"timestamp":"2025-07-10T23:10:10,193","container":"5f93daac00f1","level":"INFO","thread":"EthScheduler-Timer-0","class":"FullSyncTargetManager","message":"Unable to find sync target. Currently checking 0 peers for usefulness","throwable":""}
{"timestamp":"2025-07-10T23:10:15,193","container":"5f93daac00f1","level":"INFO","thread":"EthScheduler-Timer-0","class":"FullSyncTargetManager","message":"Unable to find sync target. Currently checking 0 peers for usefulness","throwable":""}
{"timestamp":"2025-07-10T23:10:20,194","container":"5f93daac00f1","level":"INFO","thread":"EthScheduler-Timer-0","class":"FullSyncTargetManager","message":"Unable to find sync target. Currently checking 0 peers for usefulness","throwable":""}
{"timestamp":"2025-07-10T23:10:25,194","container":"5f93daac00f1","level":"INFO","thread":"EthScheduler-Timer-0","class":"FullSyncTargetManager","message":"Unable to find sync target. Currently checking 0 peers for usefulness","throwable":""}
{"timestamp":"2025-07-10T23:10:30,195","container":"5f93daac00f1","level":"INFO","thread":"EthScheduler-Timer-0","class":"FullSyncTargetManager","message":"Unable to find sync target. Currently checking 0 peers for usefulness","throwable":""}
{"timestamp":"2025-07-10T23:10:35,195","container":"5f93daac00f1","level":"INFO","thread":"EthScheduler-Timer-0","class":"FullSyncTargetManager","message":"Unable to find sync target. Currently checking 0 peers for usefulness","throwable":""}
{"timestamp":"2025-07-10T23:10:40,196","container":"5f93daac00f1","level":"INFO","thread":"EthScheduler-Timer-0","class":"FullSyncTargetManager","message":"Unable to find sync target. Currently checking 0 peers for usefulness","throwable":""}
{"timestamp":"2025-07-10T23:10:45,196","container":"5f93daac00f1","level":"INFO","thread":"EthScheduler-Timer-0","class":"FullSyncTargetManager","message":"Unable to find sync target. Currently checking 0 peers for usefulness","throwable":""}
{"timestamp":"2025-07-10T23:10:50,197","container":"5f93daac00f1","level":"INFO","thread":"EthScheduler-Timer-0","class":"FullSyncTargetManager","message":"Unable to find sync target. Currently checking 0 peers for usefulness","throwable":""}
{"timestamp":"2025-07-10T23:10:55,197","container":"5f93daac00f1","level":"INFO","thread":"EthScheduler-Timer-0","class":"FullSyncTargetManager","message":"Unable to find sync target. Currently checking 0 peers for usefulness","throwable":""}
{"timestamp":"2025-07-10T23:11:00,198","container":"5f93daac00f1","level":"INFO","thread":"EthScheduler-Timer-0","class":"FullSyncTargetManager","message":"Unable to find sync target. Currently checking 0 peers for usefulness","throwable":""}
{"timestamp":"2025-07-10T23:11:05,199","container":"5f93daac00f1","level":"INFO","thread":"EthScheduler-Timer-0","class":"FullSyncTargetManager","message":"Unable to find sync target. Currently checking 0 peers for usefulness","throwable":""}
{"timestamp":"2025-07-10T23:11:10,199","container":"5f93daac00f1","level":"INFO","thread":"EthScheduler-Timer-0","class":"FullSyncTargetManager","message":"Unable to find sync target. Currently checking 0 peers for usefulness","throwable":""}
{"timestamp":"2025-07-10T23:11:15,200","container":"5f93daac00f1","level":"INFO","thread":"EthScheduler-Timer-0","class":"FullSyncTargetManager","message":"Unable to find sync target. Currently checking 0 peers for usefulness","throwable":""}
{"timestamp":"2025-07-10T23:11:20,200","container":"5f93daac00f1","level":"INFO","thread":"EthScheduler-Timer-0","class":"FullSyncTargetManager","message":"Unable to find sync target. Currently checking 0 peers for usefulness","throwable":""}
{"timestamp":"2025-07-10T23:11:25,201","container":"5f93daac00f1","level":"INFO","thread":"EthScheduler-Timer-0","class":"FullSyncTargetManager","message":"Unable to find sync target. Currently checking 0 peers for usefulness","throwable":""}
{"timestamp":"2025-07-10T23:11:30,201","container":"5f93daac00f1","level":"INFO","thread":"EthScheduler-Timer-0","class":"FullSyncTargetManager","message":"Unable to find sync target. Currently checking 0 peers for usefulness","throwable":""}
{"timestamp":"2025-07-10T23:11:35,202","container":"5f93daac00f1","level":"INFO","thread":"EthScheduler-Timer-0","class":"FullSyncTargetManager","message":"Unable to find sync target. Currently checking 0 peers for usefulness","throwable":""}
{"timestamp":"2025-07-10T23:11:40,202","container":"5f93daac00f1","level":"INFO","thread":"EthScheduler-Timer-0","class":"FullSyncTargetManager","message":"Unable to find sync target. Currently checking 0 peers for usefulness","throwable":""}
{"timestamp":"2025-07-10T23:11:45,203","container":"5f93daac00f1","level":"INFO","thread":"EthScheduler-Timer-0","class":"FullSyncTargetManager","message":"Unable to find sync target. Currently checking 0 peers for usefulness","throwable":""}
{"timestamp":"2025-07-10T23:11:50,203","container":"5f93daac00f1","level":"INFO","thread":"EthScheduler-Timer-0","class":"FullSyncTargetManager","message":"Unable to find sync target. Currently checking 0 peers for usefulness","throwable":""}
{"timestamp":"2025-07-10T23:11:55,204","container":"5f93daac00f1","level":"INFO","thread":"EthScheduler-Timer-0","class":"FullSyncTargetManager","message":"Unable to find sync target. Currently checking 0 peers for usefulness","throwable":""}
{"timestamp":"2025-07-10T23:12:00,204","container":"5f93daac00f1","level":"INFO","thread":"EthScheduler-Timer-0","class":"FullSyncTargetManager","message":"Unable to find sync target. Currently checking 0 peers for usefulness","throwable":""}
{"timestamp":"2025-07-10T23:12:05,205","container":"5f93daac00f1","level":"INFO","thread":"EthScheduler-Timer-0","class":"FullSyncTargetManager","message":"Unable to find sync target. Currently checking 0 peers for usefulness","throwable":""}
{"timestamp":"2025-07-10T23:12:10,206","container":"5f93daac00f1","level":"INFO","thread":"EthScheduler-Timer-0","class":"FullSyncTargetManager","message":"Unable to find sync target. Currently checking 0 peers for usefulness","throwable":""}
{"timestamp":"2025-07-10T23:12:15,206","container":"5f93daac00f1","level":"INFO","thread":"EthScheduler-Timer-0","class":"FullSyncTargetManager","message":"Unable to find sync target. Currently checking 0 peers for usefulness","throwable":""}
{"timestamp":"2025-07-10T23:12:20,207","container":"5f93daac00f1","level":"INFO","thread":"EthScheduler-Timer-0","class":"FullSyncTargetManager","message":"Unable to find sync target. Currently checking 0 peers for usefulness","throwable":""}
{"timestamp":"2025-07-10T23:12:25,207","container":"5f93daac00f1","level":"INFO","thread":"EthScheduler-Timer-0","class":"FullSyncTargetManager","message":"Unable to find sync target. Currently checking 0 peers for usefulness","throwable":""}
{"timestamp":"2025-07-10T23:12:30,208","container":"5f93daac00f1","level":"INFO","thread":"EthScheduler-Timer-0","class":"FullSyncTargetManager","message":"Unable to find sync target. Currently checking 0 peers for usefulness","throwable":""}
{"timestamp":"2025-07-10T23:12:35,208","container":"5f93daac00f1","level":"INFO","thread":"EthScheduler-Timer-0","class":"FullSyncTargetManager","message":"Unable to find sync target. Currently checking 0 peers for usefulness","throwable":""}
{"timestamp":"2025-07-10T23:12:40,209","container":"5f93daac00f1","level":"INFO","thread":"EthScheduler-Timer-0","class":"FullSyncTargetManager","message":"Unable to find sync target. Currently checking 0 peers for usefulness","throwable":""}
{"timestamp":"2025-07-10T23:12:45,209","container":"5f93daac00f1","level":"INFO","thread":"EthScheduler-Timer-0","class":"FullSyncTargetManager","message":"Unable to find sync target. Currently checking 0 peers for usefulness","throwable":""}
{"timestamp":"2025-07-10T23:12:50,209","container":"5f93daac00f1","level":"INFO","thread":"EthScheduler-Timer-0","class":"FullSyncTargetManager","message":"Unable to find sync target. Currently checking 0 peers for usefulness","throwable":""}
{"timestamp":"2025-07-10T23:12:55,210","container":"5f93daac00f1","level":"INFO","thread":"EthScheduler-Timer-0","class":"FullSyncTargetManager","message":"Unable to find sync target. Currently checking 0 peers for usefulness","throwable":""}
{"timestamp":"2025-07-10T23:13:00,210","container":"5f93daac00f1","level":"INFO","thread":"EthScheduler-Timer-0","class":"FullSyncTargetManager","message":"Unable to find sync target. Currently checking 0 peers for usefulness","throwable":""}
{"timestamp":"2025-07-10T23:13:05,211","container":"5f93daac00f1","level":"INFO","thread":"EthScheduler-Timer-0","class":"FullSyncTargetManager","message":"Unable to find sync target. Currently checking 0 peers for usefulness","throwable":""}
{"timestamp":"2025-07-10T23:13:10,211","container":"5f93daac00f1","level":"INFO","thread":"EthScheduler-Timer-0","class":"FullSyncTargetManager","message":"Unable to find sync target. Currently checking 0 peers for usefulness","throwable":""}
{"timestamp":"2025-07-10T23:13:15,212","container":"5f93daac00f1","level":"INFO","thread":"EthScheduler-Timer-0","class":"FullSyncTargetManager","message":"Unable to find sync target. Currently checking 0 peers for usefulness","throwable":""}
{"timestamp":"2025-07-10T23:13:20,212","container":"5f93daac00f1","level":"INFO","thread":"EthScheduler-Timer-0","class":"FullSyncTargetManager","message":"Unable to find sync target. Currently checking 0 peers for usefulness","throwable":""}
{"timestamp":"2025-07-10T23:13:25,213","container":"5f93daac00f1","level":"INFO","thread":"EthScheduler-Timer-0","class":"FullSyncTargetManager","message":"Unable to find sync target. Currently checking 0 peers for usefulness","throwable":""}
{"timestamp":"2025-07-10T23:13:30,213","container":"5f93daac00f1","level":"INFO","thread":"EthScheduler-Timer-0","class":"FullSyncTargetManager","message":"Unable to find sync target. Currently checking 0 peers for usefulness","throwable":""}
{"timestamp":"2025-07-10T23:13:35,214","container":"5f93daac00f1","level":"INFO","thread":"EthScheduler-Timer-0","class":"FullSyncTargetManager","message":"Unable to find sync target. Currently checking 0 peers for usefulness","throwable":""}
{"timestamp":"2025-07-10T23:13:40,214","container":"5f93daac00f1","level":"INFO","thread":"EthScheduler-Timer-0","class":"FullSyncTargetManager","message":"Unable to find sync target. Currently checking 0 peers for usefulness","throwable":""}
{"timestamp":"2025-07-10T23:13:45,215","container":"5f93daac00f1","level":"INFO","thread":"EthScheduler-Timer-0","class":"FullSyncTargetManager","message":"Unable to find sync target. Currently checking 0 peers for usefulness","throwable":""}
{"timestamp":"2025-07-10T23:13:50,215","container":"5f93daac00f1","level":"INFO","thread":"EthScheduler-Timer-0","class":"FullSyncTargetManager","message":"Unable to find sync target. Currently checking 0 peers for usefulness","throwable":""}
{"timestamp":"2025-07-10T23:13:55,216","container":"5f93daac00f1","level":"INFO","thread":"EthScheduler-Timer-0","class":"FullSyncTargetManager","message":"Unable to find sync target. Currently checking 0 peers for usefulness","throwable":""}
{"timestamp":"2025-07-10T23:14:00,216","container":"5f93daac00f1","level":"INFO","thread":"EthScheduler-Timer-0","class":"FullSyncTargetManager","message":"Unable to find sync target. Currently checking 0 peers for usefulness","throwable":""}
{"timestamp":"2025-07-10T23:14:05,217","container":"5f93daac00f1","level":"INFO","thread":"EthScheduler-Timer-0","class":"FullSyncTargetManager","message":"Unable to find sync target. Currently checking 0 peers for usefulness","throwable":""}
{"timestamp":"2025-07-10T23:14:10,217","container":"5f93daac00f1","level":"INFO","thread":"EthScheduler-Timer-0","class":"FullSyncTargetManager","message":"Unable to find sync target. Currently checking 0 peers for usefulness","throwable":""}
{"timestamp":"2025-07-10T23:14:15,218","container":"5f93daac00f1","level":"INFO","thread":"EthScheduler-Timer-0","class":"FullSyncTargetManager","message":"Unable to find sync target. Currently checking 0 peers for usefulness","throwable":""}
{"timestamp":"2025-07-10T23:14:20,218","container":"5f93daac00f1","level":"INFO","thread":"EthScheduler-Timer-0","class":"FullSyncTargetManager","message":"Unable to find sync target. Currently checking 0 peers for usefulness","throwable":""}
{"timestamp":"2025-07-10T23:14:25,219","container":"5f93daac00f1","level":"INFO","thread":"EthScheduler-Timer-0","class":"FullSyncTargetManager","message":"Unable to find sync target. Currently checking 0 peers for usefulness","throwable":""}
{"timestamp":"2025-07-10T23:14:30,220","container":"5f93daac00f1","level":"INFO","thread":"EthScheduler-Timer-0","class":"FullSyncTargetManager","message":"Unable to find sync target. Currently checking 0 peers for usefulness","throwable":""}
{"timestamp":"2025-07-10T23:14:35,220","container":"5f93daac00f1","level":"INFO","thread":"EthScheduler-Timer-0","class":"FullSyncTargetManager","message":"Unable to find sync target. Currently checking 0 peers for usefulness","throwable":""}
{"timestamp":"2025-07-10T23:14:40,220","container":"5f93daac00f1","level":"INFO","thread":"EthScheduler-Timer-0","class":"FullSyncTargetManager","message":"Unable to find sync target. Currently checking 0 peers for usefulness","throwable":""}
{"timestamp":"2025-07-10T23:14:45,221","container":"5f93daac00f1","level":"INFO","thread":"EthScheduler-Timer-0","class":"FullSyncTargetManager","message":"Unable to find sync target. Currently checking 0 peers for usefulness","throwable":""}
{"timestamp":"2025-07-10T23:14:50,221","container":"5f93daac00f1","level":"INFO","thread":"EthScheduler-Timer-0","class":"FullSyncTargetManager","message":"Unable to find sync target. Currently checking 0 peers for usefulness","throwable":""}
{"timestamp":"2025-07-10T23:14:55,222","container":"5f93daac00f1","level":"INFO","thread":"EthScheduler-Timer-0","class":"FullSyncTargetManager","message":"Unable to find sync target. Currently checking 0 peers for usefulness","throwable":""}
{"timestamp":"2025-07-10T23:15:00,222","container":"5f93daac00f1","level":"INFO","thread":"EthScheduler-Timer-0","class":"FullSyncTargetManager","message":"Unable to find sync target. Currently checking 0 peers for usefulness","throwable":""}
{"timestamp":"2025-07-10T23:15:05,223","container":"5f93daac00f1","level":"INFO","thread":"EthScheduler-Timer-0","class":"FullSyncTargetManager","message":"Unable to find sync target. Currently checking 0 peers for usefulness","throwable":""}
{"timestamp":"2025-07-10T23:15:10,223","container":"5f93daac00f1","level":"INFO","thread":"EthScheduler-Timer-0","class":"FullSyncTargetManager","message":"Unable to find sync target. Currently checking 0 peers for usefulness","throwable":""}
{"timestamp":"2025-07-10T23:15:15,224","container":"5f93daac00f1","level":"INFO","thread":"EthScheduler-Timer-0","class":"FullSyncTargetManager","message":"Unable to find sync target. Currently checking 0 peers for usefulness","throwable":""}
{"timestamp":"2025-07-10T23:15:20,224","container":"5f93daac00f1","level":"INFO","thread":"EthScheduler-Timer-0","class":"FullSyncTargetManager","message":"Unable to find sync target. Currently checking 0 peers for usefulness","throwable":""}
{"timestamp":"2025-07-10T23:15:25,225","container":"5f93daac00f1","level":"INFO","thread":"EthScheduler-Timer-0","class":"FullSyncTargetManager","message":"Unable to find sync target. Currently checking 0 peers for usefulness","throwable":""}
{"timestamp":"2025-07-10T23:15:30,225","container":"5f93daac00f1","level":"INFO","thread":"EthScheduler-Timer-0","class":"FullSyncTargetManager","message":"Unable to find sync target. Currently checking 0 peers for usefulness","throwable":""}
{"timestamp":"2025-07-10T23:15:35,225","container":"5f93daac00f1","level":"INFO","thread":"EthScheduler-Timer-0","class":"FullSyncTargetManager","message":"Unable to find sync target. Currently checking 0 peers for usefulness","throwable":""}
{"timestamp":"2025-07-10T23:15:40,226","container":"5f93daac00f1","level":"INFO","thread":"EthScheduler-Timer-0","class":"FullSyncTargetManager","message":"Unable to find sync target. Currently checking 0 peers for usefulness","throwable":""}
{"timestamp":"2025-07-10T23:15:45,227","container":"5f93daac00f1","level":"INFO","thread":"EthScheduler-Timer-0","class":"FullSyncTargetManager","message":"Unable to find sync target. Currently checking 0 peers for usefulness","throwable":""}
{"timestamp":"2025-07-10T23:15:50,227","container":"5f93daac00f1","level":"INFO","thread":"EthScheduler-Timer-0","class":"FullSyncTargetManager","message":"Unable to find sync target. Currently checking 0 peers for usefulness","throwable":""}
{"timestamp":"2025-07-10T23:15:55,227","container":"5f93daac00f1","level":"INFO","thread":"EthScheduler-Timer-0","class":"FullSyncTargetManager","message":"Unable to find sync target. Currently checking 0 peers for usefulness","throwable":""}
{"timestamp":"2025-07-10T23:16:00,228","container":"5f93daac00f1","level":"INFO","thread":"EthScheduler-Timer-0","class":"FullSyncTargetManager","message":"Unable to find sync target. Currently checking 0 peers for usefulness","throwable":""}
{"timestamp":"2025-07-10T23:16:05,228","container":"5f93daac00f1","level":"INFO","thread":"EthScheduler-Timer-0","class":"FullSyncTargetManager","message":"Unable to find sync target. Currently checking 0 peers for usefulness","throwable":""}
{"timestamp":"2025-07-10T23:16:10,229","container":"5f93daac00f1","level":"INFO","thread":"EthScheduler-Timer-0","class":"FullSyncTargetManager","message":"Unable to find sync target. Currently checking 0 peers for usefulness","throwable":""}
{"timestamp":"2025-07-10T23:16:15,229","container":"5f93daac00f1","level":"INFO","thread":"EthScheduler-Timer-0","class":"FullSyncTargetManager","message":"Unable to find sync target. Currently checking 0 peers for usefulness","throwable":""}
{"timestamp":"2025-07-10T23:16:20,229","container":"5f93daac00f1","level":"INFO","thread":"EthScheduler-Timer-0","class":"FullSyncTargetManager","message":"Unable to find sync target. Currently checking 0 peers for usefulness","throwable":""}
{"timestamp":"2025-07-10T23:16:25,230","container":"5f93daac00f1","level":"INFO","thread":"EthScheduler-Timer-0","class":"FullSyncTargetManager","message":"Unable to find sync target. Currently checking 0 peers for usefulness","throwable":""}
{"timestamp":"2025-07-10T23:16:30,231","container":"5f93daac00f1","level":"INFO","thread":"EthScheduler-Timer-0","class":"FullSyncTargetManager","message":"Unable to find sync target. Currently checking 0 peers for usefulness","throwable":""}
{"timestamp":"2025-07-10T23:16:35,231","container":"5f93daac00f1","level":"INFO","thread":"EthScheduler-Timer-0","class":"FullSyncTargetManager","message":"Unable to find sync target. Currently checking 0 peers for usefulness","throwable":""}
{"timestamp":"2025-07-10T23:16:40,231","container":"5f93daac00f1","level":"INFO","thread":"EthScheduler-Timer-0","class":"FullSyncTargetManager","message":"Unable to find sync target. Currently checking 0 peers for usefulness","throwable":""}
{"timestamp":"2025-07-10T23:16:45,232","container":"5f93daac00f1","level":"INFO","thread":"EthScheduler-Timer-0","class":"FullSyncTargetManager","message":"Unable to find sync target. Currently checking 0 peers for usefulness","throwable":""}
{"timestamp":"2025-07-10T23:16:50,232","container":"5f93daac00f1","level":"INFO","thread":"EthScheduler-Timer-0","class":"FullSyncTargetManager","message":"Unable to find sync target. Currently checking 0 peers for usefulness","throwable":""}
{"timestamp":"2025-07-10T23:16:55,233","container":"5f93daac00f1","level":"INFO","thread":"EthScheduler-Timer-0","class":"FullSyncTargetManager","message":"Unable to find sync target. Currently checking 0 peers for usefulness","throwable":""}
{"timestamp":"2025-07-10T23:17:00,233","container":"5f93daac00f1","level":"INFO","thread":"EthScheduler-Timer-0","class":"FullSyncTargetManager","message":"Unable to find sync target. Currently checking 0 peers for usefulness","throwable":""}
{"timestamp":"2025-07-10T23:17:05,234","container":"5f93daac00f1","level":"INFO","thread":"EthScheduler-Timer-0","class":"FullSyncTargetManager","message":"Unable to find sync target. Currently checking 0 peers for usefulness","throwable":""}
{"timestamp":"2025-07-10T23:17:10,234","container":"5f93daac00f1","level":"INFO","thread":"EthScheduler-Timer-0","class":"FullSyncTargetManager","message":"Unable to find sync target. Currently checking 0 peers for usefulness","throwable":""}
{"timestamp":"2025-07-10T23:17:15,235","container":"5f93daac00f1","level":"INFO","thread":"EthScheduler-Timer-0","class":"FullSyncTargetManager","message":"Unable to find sync target. Currently checking 0 peers for usefulness","throwable":""}
{"timestamp":"2025-07-10T23:17:20,235","container":"5f93daac00f1","level":"INFO","thread":"EthScheduler-Timer-0","class":"FullSyncTargetManager","message":"Unable to find sync target. Currently checking 0 peers for usefulness","throwable":""}
{"timestamp":"2025-07-10T23:17:25,236","container":"5f93daac00f1","level":"INFO","thread":"EthScheduler-Timer-0","class":"FullSyncTargetManager","message":"Unable to find sync target. Currently checking 0 peers for usefulness","throwable":""}
{"timestamp":"2025-07-10T23:17:30,236","container":"5f93daac00f1","level":"INFO","thread":"EthScheduler-Timer-0","class":"FullSyncTargetManager","message":"Unable to find sync target. Currently checking 0 peers for usefulness","throwable":""}
{"timestamp":"2025-07-10T23:17:35,237","container":"5f93daac00f1","level":"INFO","thread":"EthScheduler-Timer-0","class":"FullSyncTargetManager","message":"Unable to find sync target. Currently checking 0 peers for usefulness","throwable":""}
{"timestamp":"2025-07-10T23:17:40,237","container":"5f93daac00f1","level":"INFO","thread":"EthScheduler-Timer-0","class":"FullSyncTargetManager","message":"Unable to find sync target. Currently checking 0 peers for usefulness","throwable":""}
{"timestamp":"2025-07-10T23:17:45,238","container":"5f93daac00f1","level":"INFO","thread":"EthScheduler-Timer-0","class":"FullSyncTargetManager","message":"Unable to find sync target. Currently checking 0 peers for usefulness","throwable":""}
{"timestamp":"2025-07-10T23:17:50,238","container":"5f93daac00f1","level":"INFO","thread":"EthScheduler-Timer-0","class":"FullSyncTargetManager","message":"Unable to find sync target. Currently checking 0 peers for usefulness","throwable":""}
{"timestamp":"2025-07-10T23:17:55,239","container":"5f93daac00f1","level":"INFO","thread":"EthScheduler-Timer-0","class":"FullSyncTargetManager","message":"Unable to find sync target. Currently checking 0 peers for usefulness","throwable":""}
{"timestamp":"2025-07-10T23:18:00,239","container":"5f93daac00f1","level":"INFO","thread":"EthScheduler-Timer-0","class":"FullSyncTargetManager","message":"Unable to find sync target. Currently checking 0 peers for usefulness","throwable":""}
{"timestamp":"2025-07-10T23:18:05,240","container":"5f93daac00f1","level":"INFO","thread":"EthScheduler-Timer-0","class":"FullSyncTargetManager","message":"Unable to find sync target. Currently checking 0 peers for usefulness","throwable":""}
{"timestamp":"2025-07-10T23:18:10,240","container":"5f93daac00f1","level":"INFO","thread":"EthScheduler-Timer-0","class":"FullSyncTargetManager","message":"Unable to find sync target. Currently checking 0 peers for usefulness","throwable":""}
{"timestamp":"2025-07-10T23:18:15,241","container":"5f93daac00f1","level":"INFO","thread":"EthScheduler-Timer-0","class":"FullSyncTargetManager","message":"Unable to find sync target. Currently checking 0 peers for usefulness","throwable":""}
{"timestamp":"2025-07-10T23:18:20,241","container":"5f93daac00f1","level":"INFO","thread":"EthScheduler-Timer-0","class":"FullSyncTargetManager","message":"Unable to find sync target. Currently checking 0 peers for usefulness","throwable":""}
{"timestamp":"2025-07-10T23:18:25,242","container":"5f93daac00f1","level":"INFO","thread":"EthScheduler-Timer-0","class":"FullSyncTargetManager","message":"Unable to find sync target. Currently checking 0 peers for usefulness","throwable":""}
{"timestamp":"2025-07-10T23:18:30,242","container":"5f93daac00f1","level":"INFO","thread":"EthScheduler-Timer-0","class":"FullSyncTargetManager","message":"Unable to find sync target. Currently checking 0 peers for usefulness","throwable":""}
{"timestamp":"2025-07-10T23:18:35,243","container":"5f93daac00f1","level":"INFO","thread":"EthScheduler-Timer-0","class":"FullSyncTargetManager","message":"Unable to find sync target. Currently checking 0 peers for usefulness","throwable":""}
{"timestamp":"2025-07-10T23:18:40,243","container":"5f93daac00f1","level":"INFO","thread":"EthScheduler-Timer-0","class":"FullSyncTargetManager","message":"Unable to find sync target. Currently checking 0 peers for usefulness","throwable":""}
{"timestamp":"2025-07-10T23:18:45,244","container":"5f93daac00f1","level":"INFO","thread":"EthScheduler-Timer-0","class":"FullSyncTargetManager","message":"Unable to find sync target. Currently checking 0 peers for usefulness","throwable":""}
{"timestamp":"2025-07-10T23:18:50,244","container":"5f93daac00f1","level":"INFO","thread":"EthScheduler-Timer-0","class":"FullSyncTargetManager","message":"Unable to find sync target. Currently checking 0 peers for usefulness","throwable":""}
{"timestamp":"2025-07-10T23:18:55,245","container":"5f93daac00f1","level":"INFO","thread":"EthScheduler-Timer-0","class":"FullSyncTargetManager","message":"Unable to find sync target. Currently checking 0 peers for usefulness","throwable":""}
{"timestamp":"2025-07-10T23:19:00,245","container":"5f93daac00f1","level":"INFO","thread":"EthScheduler-Timer-0","class":"FullSyncTargetManager","message":"Unable to find sync target. Currently checking 0 peers for usefulness","throwable":""}
{"timestamp":"2025-07-10T23:19:05,246","container":"5f93daac00f1","level":"INFO","thread":"EthScheduler-Timer-0","class":"FullSyncTargetManager","message":"Unable to find sync target. Currently checking 0 peers for usefulness","throwable":""}
{"timestamp":"2025-07-10T23:19:10,246","container":"5f93daac00f1","level":"INFO","thread":"EthScheduler-Timer-0","class":"FullSyncTargetManager","message":"Unable to find sync target. Currently checking 0 peers for usefulness","throwable":""}
{"timestamp":"2025-07-10T23:19:15,247","container":"5f93daac00f1","level":"INFO","thread":"EthScheduler-Timer-0","class":"FullSyncTargetManager","message":"Unable to find sync target. Currently checking 0 peers for usefulness","throwable":""}
{"timestamp":"2025-07-10T23:19:20,247","container":"5f93daac00f1","level":"INFO","thread":"EthScheduler-Timer-0","class":"FullSyncTargetManager","message":"Unable to find sync target. Currently checking 0 peers for usefulness","throwable":""}
{"timestamp":"2025-07-10T23:19:25,248","container":"5f93daac00f1","level":"INFO","thread":"EthScheduler-Timer-0","class":"FullSyncTargetManager","message":"Unable to find sync target. Currently checking 0 peers for usefulness","throwable":""}
{"timestamp":"2025-07-10T23:19:30,248","container":"5f93daac00f1","level":"INFO","thread":"EthScheduler-Timer-0","class":"FullSyncTargetManager","message":"Unable to find sync target. Currently checking 0 peers for usefulness","throwable":""}
{"timestamp":"2025-07-10T23:19:35,248","container":"5f93daac00f1","level":"INFO","thread":"EthScheduler-Timer-0","class":"FullSyncTargetManager","message":"Unable to find sync target. Currently checking 0 peers for usefulness","throwable":""}
{"timestamp":"2025-07-10T23:19:40,249","container":"5f93daac00f1","level":"INFO","thread":"EthScheduler-Timer-0","class":"FullSyncTargetManager","message":"Unable to find sync target. Currently checking 0 peers for usefulness","throwable":""}
{"timestamp":"2025-07-10T23:19:45,249","container":"5f93daac00f1","level":"INFO","thread":"EthScheduler-Timer-0","class":"FullSyncTargetManager","message":"Unable to find sync target. Currently checking 0 peers for usefulness","throwable":""}
{"timestamp":"2025-07-10T23:19:50,250","container":"5f93daac00f1","level":"INFO","thread":"EthScheduler-Timer-0","class":"FullSyncTargetManager","message":"Unable to find sync target. Currently checking 0 peers for usefulness","throwable":""}
{"timestamp":"2025-07-10T23:19:55,250","container":"5f93daac00f1","level":"INFO","thread":"EthScheduler-Timer-0","class":"FullSyncTargetManager","message":"Unable to find sync target. Currently checking 0 peers for usefulness","throwable":""}
{"timestamp":"2025-07-10T23:20:00,251","container":"5f93daac00f1","level":"INFO","thread":"EthScheduler-Timer-0","class":"FullSyncTargetManager","message":"Unable to find sync target. Currently checking 0 peers for usefulness","throwable":""}
{"timestamp":"2025-07-10T23:20:05,251","container":"5f93daac00f1","level":"INFO","thread":"EthScheduler-Timer-0","class":"FullSyncTargetManager","message":"Unable to find sync target. Currently checking 0 peers for usefulness","throwable":""}
{"timestamp":"2025-07-10T23:20:10,252","container":"5f93daac00f1","level":"INFO","thread":"EthScheduler-Timer-0","class":"FullSyncTargetManager","message":"Unable to find sync target. Currently checking 0 peers for usefulness","throwable":""}
{"timestamp":"2025-07-10T23:20:15,252","container":"5f93daac00f1","level":"INFO","thread":"EthScheduler-Timer-0","class":"FullSyncTargetManager","message":"Unable to find sync target. Currently checking 0 peers for usefulness","throwable":""}
{"timestamp":"2025-07-10T23:20:20,252","container":"5f93daac00f1","level":"INFO","thread":"EthScheduler-Timer-0","class":"FullSyncTargetManager","message":"Unable to find sync target. Currently checking 0 peers for usefulness","throwable":""}
{"timestamp":"2025-07-10T23:20:25,253","container":"5f93daac00f1","level":"INFO","thread":"EthScheduler-Timer-0","class":"FullSyncTargetManager","message":"Unable to find sync target. Currently checking 0 peers for usefulness","throwable":""}
{"timestamp":"2025-07-10T23:20:30,253","container":"5f93daac00f1","level":"INFO","thread":"EthScheduler-Timer-0","class":"FullSyncTargetManager","message":"Unable to find sync target. Currently checking 0 peers for usefulness","throwable":""}
{"timestamp":"2025-07-10T23:20:35,254","container":"5f93daac00f1","level":"INFO","thread":"EthScheduler-Timer-0","class":"FullSyncTargetManager","message":"Unable to find sync target. Currently checking 0 peers for usefulness","throwable":""}
{"timestamp":"2025-07-10T23:20:40,254","container":"5f93daac00f1","level":"INFO","thread":"EthScheduler-Timer-0","class":"FullSyncTargetManager","message":"Unable to find sync target. Currently checking 0 peers for usefulness","throwable":""}
{"timestamp":"2025-07-10T23:20:45,255","container":"5f93daac00f1","level":"INFO","thread":"EthScheduler-Timer-0","class":"FullSyncTargetManager","message":"Unable to find sync target. Currently checking 0 peers for usefulness","throwable":""}
{"timestamp":"2025-07-10T23:20:50,255","container":"5f93daac00f1","level":"INFO","thread":"EthScheduler-Timer-0","class":"FullSyncTargetManager","message":"Unable to find sync target. Currently checking 0 peers for usefulness","throwable":""}
{"timestamp":"2025-07-10T23:20:55,256","container":"5f93daac00f1","level":"INFO","thread":"EthScheduler-Timer-0","class":"FullSyncTargetManager","message":"Unable to find sync target. Currently checking 0 peers for usefulness","throwable":""}
{"timestamp":"2025-07-10T23:21:00,256","container":"5f93daac00f1","level":"INFO","thread":"EthScheduler-Timer-0","class":"FullSyncTargetManager","message":"Unable to find sync target. Currently checking 0 peers for usefulness","throwable":""}
{"timestamp":"2025-07-10T23:21:05,257","container":"5f93daac00f1","level":"INFO","thread":"EthScheduler-Timer-0","class":"FullSyncTargetManager","message":"Unable to find sync target. Currently checking 0 peers for usefulness","throwable":""}
{"timestamp":"2025-07-10T23:21:10,257","container":"5f93daac00f1","level":"INFO","thread":"EthScheduler-Timer-0","class":"FullSyncTargetManager","message":"Unable to find sync target. Currently checking 0 peers for usefulness","throwable":""}
{"timestamp":"2025-07-10T23:21:15,258","container":"5f93daac00f1","level":"INFO","thread":"EthScheduler-Timer-0","class":"FullSyncTargetManager","message":"Unable to find sync target. Currently checking 0 peers for usefulness","throwable":""}
{"timestamp":"2025-07-10T23:21:20,258","container":"5f93daac00f1","level":"INFO","thread":"EthScheduler-Timer-0","class":"FullSyncTargetManager","message":"Unable to find sync target. Currently checking 0 peers for usefulness","throwable":""}
{"timestamp":"2025-07-10T23:21:25,259","container":"5f93daac00f1","level":"INFO","thread":"EthScheduler-Timer-0","class":"FullSyncTargetManager","message":"Unable to find sync target. Currently checking 0 peers for usefulness","throwable":""}
{"timestamp":"2025-07-10T23:21:30,259","container":"5f93daac00f1","level":"INFO","thread":"EthScheduler-Timer-0","class":"FullSyncTargetManager","message":"Unable to find sync target. Currently checking 0 peers for usefulness","throwable":""}
{"timestamp":"2025-07-10T23:21:35,260","container":"5f93daac00f1","level":"INFO","thread":"EthScheduler-Timer-0","class":"FullSyncTargetManager","message":"Unable to find sync target. Currently checking 0 peers for usefulness","throwable":""}
{"timestamp":"2025-07-10T23:21:40,260","container":"5f93daac00f1","level":"INFO","thread":"EthScheduler-Timer-0","class":"FullSyncTargetManager","message":"Unable to find sync target. Currently checking 0 peers for usefulness","throwable":""}
{"timestamp":"2025-07-10T23:21:45,261","container":"5f93daac00f1","level":"INFO","thread":"EthScheduler-Timer-0","class":"FullSyncTargetManager","message":"Unable to find sync target. Currently checking 0 peers for usefulness","throwable":""}
{"timestamp":"2025-07-10T23:21:50,261","container":"5f93daac00f1","level":"INFO","thread":"EthScheduler-Timer-0","class":"FullSyncTargetManager","message":"Unable to find sync target. Currently checking 0 peers for usefulness","throwable":""}
{"timestamp":"2025-07-10T23:21:55,262","container":"5f93daac00f1","level":"INFO","thread":"EthScheduler-Timer-0","class":"FullSyncTargetManager","message":"Unable to find sync target. Currently checking 0 peers for usefulness","throwable":""}
{"timestamp":"2025-07-10T23:22:00,262","container":"5f93daac00f1","level":"INFO","thread":"EthScheduler-Timer-0","class":"FullSyncTargetManager","message":"Unable to find sync target. Currently checking 0 peers for usefulness","throwable":""}
{"timestamp":"2025-07-10T23:22:05,263","container":"5f93daac00f1","level":"INFO","thread":"EthScheduler-Timer-0","class":"FullSyncTargetManager","message":"Unable to find sync target. Currently checking 0 peers for usefulness","throwable":""}
{"timestamp":"2025-07-10T23:22:10,263","container":"5f93daac00f1","level":"INFO","thread":"EthScheduler-Timer-0","class":"FullSyncTargetManager","message":"Unable to find sync target. Currently checking 0 peers for usefulness","throwable":""}
{"timestamp":"2025-07-10T23:22:15,264","container":"5f93daac00f1","level":"INFO","thread":"EthScheduler-Timer-0","class":"FullSyncTargetManager","message":"Unable to find sync target. Currently checking 0 peers for usefulness","throwable":""}
{"timestamp":"2025-07-10T23:22:20,264","container":"5f93daac00f1","level":"INFO","thread":"EthScheduler-Timer-0","class":"FullSyncTargetManager","message":"Unable to find sync target. Currently checking 0 peers for usefulness","throwable":""}
{"timestamp":"2025-07-10T23:22:25,265","container":"5f93daac00f1","level":"INFO","thread":"EthScheduler-Timer-0","class":"FullSyncTargetManager","message":"Unable to find sync target. Currently checking 0 peers for usefulness","throwable":""}
{"timestamp":"2025-07-10T23:22:30,265","container":"5f93daac00f1","level":"INFO","thread":"EthScheduler-Timer-0","class":"FullSyncTargetManager","message":"Unable to find sync target. Currently checking 0 peers for usefulness","throwable":""}
{"timestamp":"2025-07-10T23:22:35,265","container":"5f93daac00f1","level":"INFO","thread":"EthScheduler-Timer-0","class":"FullSyncTargetManager","message":"Unable to find sync target. Currently checking 0 peers for usefulness","throwable":""}
{"timestamp":"2025-07-10T23:22:40,266","container":"5f93daac00f1","level":"INFO","thread":"EthScheduler-Timer-0","class":"FullSyncTargetManager","message":"Unable to find sync target. Currently checking 0 peers for usefulness","throwable":""}
{"timestamp":"2025-07-10T23:22:45,266","container":"5f93daac00f1","level":"INFO","thread":"EthScheduler-Timer-0","class":"FullSyncTargetManager","message":"Unable to find sync target. Currently checking 0 peers for usefulness","throwable":""}
{"timestamp":"2025-07-10T23:22:50,267","container":"5f93daac00f1","level":"INFO","thread":"EthScheduler-Timer-0","class":"FullSyncTargetManager","message":"Unable to find sync target. Currently checking 0 peers for usefulness","throwable":""}
{"timestamp":"2025-07-10T23:22:55,267","container":"5f93daac00f1","level":"INFO","thread":"EthScheduler-Timer-0","class":"FullSyncTargetManager","message":"Unable to find sync target. Currently checking 0 peers for usefulness","throwable":""}
{"timestamp":"2025-07-10T23:23:00,268","container":"5f93daac00f1","level":"INFO","thread":"EthScheduler-Timer-0","class":"FullSyncTargetManager","message":"Unable to find sync target. Currently checking 0 peers for usefulness","throwable":""}
{"timestamp":"2025-07-10T23:23:05,268","container":"5f93daac00f1","level":"INFO","thread":"EthScheduler-Timer-0","class":"FullSyncTargetManager","message":"Unable to find sync target. Currently checking 0 peers for usefulness","throwable":""}
{"timestamp":"2025-07-10T23:23:10,268","container":"5f93daac00f1","level":"INFO","thread":"EthScheduler-Timer-0","class":"FullSyncTargetManager","message":"Unable to find sync target. Currently checking 0 peers for usefulness","throwable":""}
{"timestamp":"2025-07-10T23:23:15,269","container":"5f93daac00f1","level":"INFO","thread":"EthScheduler-Timer-0","class":"FullSyncTargetManager","message":"Unable to find sync target. Currently checking 0 peers for usefulness","throwable":""}
{"timestamp":"2025-07-10T23:23:20,269","container":"5f93daac00f1","level":"INFO","thread":"EthScheduler-Timer-0","class":"FullSyncTargetManager","message":"Unable to find sync target. Currently checking 0 peers for usefulness","throwable":""}
{"timestamp":"2025-07-10T23:23:25,270","container":"5f93daac00f1","level":"INFO","thread":"EthScheduler-Timer-0","class":"FullSyncTargetManager","message":"Unable to find sync target. Currently checking 0 peers for usefulness","throwable":""}
{"timestamp":"2025-07-10T23:23:30,270","container":"5f93daac00f1","level":"INFO","thread":"EthScheduler-Timer-0","class":"FullSyncTargetManager","message":"Unable to find sync target. Currently checking 0 peers for usefulness","throwable":""}
{"timestamp":"2025-07-10T23:23:35,271","container":"5f93daac00f1","level":"INFO","thread":"EthScheduler-Timer-0","class":"FullSyncTargetManager","message":"Unable to find sync target. Currently checking 0 peers for usefulness","throwable":""}
{"timestamp":"2025-07-10T23:23:40,271","container":"5f93daac00f1","level":"INFO","thread":"EthScheduler-Timer-0","class":"FullSyncTargetManager","message":"Unable to find sync target. Currently checking 0 peers for usefulness","throwable":""}
{"timestamp":"2025-07-10T23:23:45,272","container":"5f93daac00f1","level":"INFO","thread":"EthScheduler-Timer-0","class":"FullSyncTargetManager","message":"Unable to find sync target. Currently checking 0 peers for usefulness","throwable":""}
{"timestamp":"2025-07-10T23:23:50,272","container":"5f93daac00f1","level":"INFO","thread":"EthScheduler-Timer-0","class":"FullSyncTargetManager","message":"Unable to find sync target. Currently checking 0 peers for usefulness","throwable":""}
{"timestamp":"2025-07-10T23:23:55,273","container":"5f93daac00f1","level":"INFO","thread":"EthScheduler-Timer-0","class":"FullSyncTargetManager","message":"Unable to find sync target. Currently checking 0 peers for usefulness","throwable":""}
{"timestamp":"2025-07-10T23:24:00,273","container":"5f93daac00f1","level":"INFO","thread":"EthScheduler-Timer-0","class":"FullSyncTargetManager","message":"Unable to find sync target. Currently checking 0 peers for usefulness","throwable":""}
{"timestamp":"2025-07-10T23:24:05,274","container":"5f93daac00f1","level":"INFO","thread":"EthScheduler-Timer-0","class":"FullSyncTargetManager","message":"Unable to find sync target. Currently checking 0 peers for usefulness","throwable":""}
{"timestamp":"2025-07-10T23:24:10,274","container":"5f93daac00f1","level":"INFO","thread":"EthScheduler-Timer-0","class":"FullSyncTargetManager","message":"Unable to find sync target. Currently checking 0 peers for usefulness","throwable":""}
{"timestamp":"2025-07-10T23:24:15,275","container":"5f93daac00f1","level":"INFO","thread":"EthScheduler-Timer-0","class":"FullSyncTargetManager","message":"Unable to find sync target. Currently checking 0 peers for usefulness","throwable":""}
{"timestamp":"2025-07-10T23:24:20,275","container":"5f93daac00f1","level":"INFO","thread":"EthScheduler-Timer-0","class":"FullSyncTargetManager","message":"Unable to find sync target. Currently checking 0 peers for usefulness","throwable":""}
{"timestamp":"2025-07-10T23:24:25,276","container":"5f93daac00f1","level":"INFO","thread":"EthScheduler-Timer-0","class":"FullSyncTargetManager","message":"Unable to find sync target. Currently checking 0 peers for usefulness","throwable":""}
{"timestamp":"2025-07-10T23:24:30,276","container":"5f93daac00f1","level":"INFO","thread":"EthScheduler-Timer-0","class":"FullSyncTargetManager","message":"Unable to find sync target. Currently checking 0 peers for usefulness","throwable":""}
{"timestamp":"2025-07-10T23:24:35,277","container":"5f93daac00f1","level":"INFO","thread":"EthScheduler-Timer-0","class":"FullSyncTargetManager","message":"Unable to find sync target. Currently checking 0 peers for usefulness","throwable":""}
{"timestamp":"2025-07-10T23:24:40,277","container":"5f93daac00f1","level":"INFO","thread":"EthScheduler-Timer-0","class":"FullSyncTargetManager","message":"Unable to find sync target. Currently checking 0 peers for usefulness","throwable":""}
{"timestamp":"2025-07-10T23:24:45,278","container":"5f93daac00f1","level":"INFO","thread":"EthScheduler-Timer-0","class":"FullSyncTargetManager","message":"Unable to find sync target. Currently checking 0 peers for usefulness","throwable":""}
{"timestamp":"2025-07-10T23:24:50,279","container":"5f93daac00f1","level":"INFO","thread":"EthScheduler-Timer-0","class":"FullSyncTargetManager","message":"Unable to find sync target. Currently checking 0 peers for usefulness","throwable":""}
{"timestamp":"2025-07-10T23:24:55,279","container":"5f93daac00f1","level":"INFO","thread":"EthScheduler-Timer-0","class":"FullSyncTargetManager","message":"Unable to find sync target. Currently checking 0 peers for usefulness","throwable":""}
{"timestamp":"2025-07-10T23:25:00,280","container":"5f93daac00f1","level":"INFO","thread":"EthScheduler-Timer-0","class":"FullSyncTargetManager","message":"Unable to find sync target. Currently checking 0 peers for usefulness","throwable":""}
{"timestamp":"2025-07-10T23:25:05,280","container":"5f93daac00f1","level":"INFO","thread":"EthScheduler-Timer-0","class":"FullSyncTargetManager","message":"Unable to find sync target. Currently checking 0 peers for usefulness","throwable":""}
{"timestamp":"2025-07-10T23:25:10,280","container":"5f93daac00f1","level":"INFO","thread":"EthScheduler-Timer-0","class":"FullSyncTargetManager","message":"Unable to find sync target. Currently checking 0 peers for usefulness","throwable":""}
{"timestamp":"2025-07-10T23:25:15,281","container":"5f93daac00f1","level":"INFO","thread":"EthScheduler-Timer-0","class":"FullSyncTargetManager","message":"Unable to find sync target. Currently checking 0 peers for usefulness","throwable":""}
{"timestamp":"2025-07-10T23:25:20,281","container":"5f93daac00f1","level":"INFO","thread":"EthScheduler-Timer-0","class":"FullSyncTargetManager","message":"Unable to find sync target. Currently checking 0 peers for usefulness","throwable":""}
{"timestamp":"2025-07-10T23:25:25,282","container":"5f93daac00f1","level":"INFO","thread":"EthScheduler-Timer-0","class":"FullSyncTargetManager","message":"Unable to find sync target. Currently checking 0 peers for usefulness","throwable":""}
{"timestamp":"2025-07-10T23:25:30,282","container":"5f93daac00f1","level":"INFO","thread":"EthScheduler-Timer-0","class":"FullSyncTargetManager","message":"Unable to find sync target. Currently checking 0 peers for usefulness","throwable":""}
{"timestamp":"2025-07-10T23:25:35,283","container":"5f93daac00f1","level":"INFO","thread":"EthScheduler-Timer-0","class":"FullSyncTargetManager","message":"Unable to find sync target. Currently checking 0 peers for usefulness","throwable":""}
{"timestamp":"2025-07-10T23:25:40,283","container":"5f93daac00f1","level":"INFO","thread":"EthScheduler-Timer-0","class":"FullSyncTargetManager","message":"Unable to find sync target. Currently checking 0 peers for usefulness","throwable":""}
{"timestamp":"2025-07-10T23:25:45,284","container":"5f93daac00f1","level":"INFO","thread":"EthScheduler-Timer-0","class":"FullSyncTargetManager","message":"Unable to find sync target. Currently checking 0 peers for usefulness","throwable":""}
{"timestamp":"2025-07-10T23:25:50,284","container":"5f93daac00f1","level":"INFO","thread":"EthScheduler-Timer-0","class":"FullSyncTargetManager","message":"Unable to find sync target. Currently checking 0 peers for usefulness","throwable":""}
{"timestamp":"2025-07-10T23:25:55,285","container":"5f93daac00f1","level":"INFO","thread":"EthScheduler-Timer-0","class":"FullSyncTargetManager","message":"Unable to find sync target. Currently checking 0 peers for usefulness","throwable":""}
{"timestamp":"2025-07-10T23:26:00,285","container":"5f93daac00f1","level":"INFO","thread":"EthScheduler-Timer-0","class":"FullSyncTargetManager","message":"Unable to find sync target. Currently checking 0 peers for usefulness","throwable":""}
{"timestamp":"2025-07-10T23:26:05,286","container":"5f93daac00f1","level":"INFO","thread":"EthScheduler-Timer-0","class":"FullSyncTargetManager","message":"Unable to find sync target. Currently checking 0 peers for usefulness","throwable":""}
{"timestamp":"2025-07-10T23:26:10,286","container":"5f93daac00f1","level":"INFO","thread":"EthScheduler-Timer-0","class":"FullSyncTargetManager","message":"Unable to find sync target. Currently checking 0 peers for usefulness","throwable":""}
{"timestamp":"2025-07-10T23:26:15,287","container":"5f93daac00f1","level":"INFO","thread":"EthScheduler-Timer-0","class":"FullSyncTargetManager","message":"Unable to find sync target. Currently checking 0 peers for usefulness","throwable":""}
{"timestamp":"2025-07-10T23:26:20,287","container":"5f93daac00f1","level":"INFO","thread":"EthScheduler-Timer-0","class":"FullSyncTargetManager","message":"Unable to find sync target. Currently checking 0 peers for usefulness","throwable":""}
{"timestamp":"2025-07-10T23:26:25,288","container":"5f93daac00f1","level":"INFO","thread":"EthScheduler-Timer-0","class":"FullSyncTargetManager","message":"Unable to find sync target. Currently checking 0 peers for usefulness","throwable":""}
{"timestamp":"2025-07-10T23:26:30,288","container":"5f93daac00f1","level":"INFO","thread":"EthScheduler-Timer-0","class":"FullSyncTargetManager","message":"Unable to find sync target. Currently checking 0 peers for usefulness","throwable":""}
{"timestamp":"2025-07-10T23:26:35,289","container":"5f93daac00f1","level":"INFO","thread":"EthScheduler-Timer-0","class":"FullSyncTargetManager","message":"Unable to find sync target. Currently checking 0 peers for usefulness","throwable":""}
{"timestamp":"2025-07-10T23:26:40,289","container":"5f93daac00f1","level":"INFO","thread":"EthScheduler-Timer-0","class":"FullSyncTargetManager","message":"Unable to find sync target. Currently checking 0 peers for usefulness","throwable":""}
{"timestamp":"2025-07-10T23:26:45,289","container":"5f93daac00f1","level":"INFO","thread":"EthScheduler-Timer-0","class":"FullSyncTargetManager","message":"Unable to find sync target. Currently checking 0 peers for usefulness","throwable":""}
{"timestamp":"2025-07-10T23:26:50,290","container":"5f93daac00f1","level":"INFO","thread":"EthScheduler-Timer-0","class":"FullSyncTargetManager","message":"Unable to find sync target. Currently checking 0 peers for usefulness","throwable":""}
{"timestamp":"2025-07-10T23:26:55,291","container":"5f93daac00f1","level":"INFO","thread":"EthScheduler-Timer-0","class":"FullSyncTargetManager","message":"Unable to find sync target. Currently checking 0 peers for usefulness","throwable":""}
{"timestamp":"2025-07-10T23:27:00,291","container":"5f93daac00f1","level":"INFO","thread":"EthScheduler-Timer-0","class":"FullSyncTargetManager","message":"Unable to find sync target. Currently checking 0 peers for usefulness","throwable":""}
{"timestamp":"2025-07-10T23:27:05,292","container":"5f93daac00f1","level":"INFO","thread":"EthScheduler-Timer-0","class":"FullSyncTargetManager","message":"Unable to find sync target. Currently checking 0 peers for usefulness","throwable":""}
{"timestamp":"2025-07-10T23:27:10,292","container":"5f93daac00f1","level":"INFO","thread":"EthScheduler-Timer-0","class":"FullSyncTargetManager","message":"Unable to find sync target. Currently checking 0 peers for usefulness","throwable":""}
{"timestamp":"2025-07-10T23:27:15,293","container":"5f93daac00f1","level":"INFO","thread":"EthScheduler-Timer-0","class":"FullSyncTargetManager","message":"Unable to find sync target. Currently checking 0 peers for usefulness","throwable":""}
{"timestamp":"2025-07-10T23:27:20,293","container":"5f93daac00f1","level":"INFO","thread":"EthScheduler-Timer-0","class":"FullSyncTargetManager","message":"Unable to find sync target. Currently checking 0 peers for usefulness","throwable":""}
{"timestamp":"2025-07-10T23:27:25,293","container":"5f93daac00f1","level":"INFO","thread":"EthScheduler-Timer-0","class":"FullSyncTargetManager","message":"Unable to find sync target. Currently checking 0 peers for usefulness","throwable":""}
{"timestamp":"2025-07-10T23:27:30,294","container":"5f93daac00f1","level":"INFO","thread":"EthScheduler-Timer-0","class":"FullSyncTargetManager","message":"Unable to find sync target. Currently checking 0 peers for usefulness","throwable":""}
{"timestamp":"2025-07-10T23:27:35,295","container":"5f93daac00f1","level":"INFO","thread":"EthScheduler-Timer-0","class":"FullSyncTargetManager","message":"Unable to find sync target. Currently checking 0 peers for usefulness","throwable":""}
{"timestamp":"2025-07-10T23:27:40,295","container":"5f93daac00f1","level":"INFO","thread":"EthScheduler-Timer-0","class":"FullSyncTargetManager","message":"Unable to find sync target. Currently checking 0 peers for usefulness","throwable":""}
{"timestamp":"2025-07-10T23:27:45,296","container":"5f93daac00f1","level":"INFO","thread":"EthScheduler-Timer-0","class":"FullSyncTargetManager","message":"Unable to find sync target. Currently checking 0 peers for usefulness","throwable":""}
{"timestamp":"2025-07-10T23:27:50,296","container":"5f93daac00f1","level":"INFO","thread":"EthScheduler-Timer-0","class":"FullSyncTargetManager","message":"Unable to find sync target. Currently checking 0 peers for usefulness","throwable":""}
{"timestamp":"2025-07-10T23:27:55,296","container":"5f93daac00f1","level":"INFO","thread":"EthScheduler-Timer-0","class":"FullSyncTargetManager","message":"Unable to find sync target. Currently checking 0 peers for usefulness","throwable":""}
{"timestamp":"2025-07-10T23:28:00,297","container":"5f93daac00f1","level":"INFO","thread":"EthScheduler-Timer-0","class":"FullSyncTargetManager","message":"Unable to find sync target. Currently checking 0 peers for usefulness","throwable":""}
{"timestamp":"2025-07-10T23:28:05,297","container":"5f93daac00f1","level":"INFO","thread":"EthScheduler-Timer-0","class":"FullSyncTargetManager","message":"Unable to find sync target. Currently checking 0 peers for usefulness","throwable":""}
{"timestamp":"2025-07-10T23:28:10,298","container":"5f93daac00f1","level":"INFO","thread":"EthScheduler-Timer-0","class":"FullSyncTargetManager","message":"Unable to find sync target. Currently checking 0 peers for usefulness","throwable":""}
{"timestamp":"2025-07-10T23:28:15,298","container":"5f93daac00f1","level":"INFO","thread":"EthScheduler-Timer-0","class":"FullSyncTargetManager","message":"Unable to find sync target. Currently checking 0 peers for usefulness","throwable":""}
{"timestamp":"2025-07-10T23:28:20,299","container":"5f93daac00f1","level":"INFO","thread":"EthScheduler-Timer-0","class":"FullSyncTargetManager","message":"Unable to find sync target. Currently checking 0 peers for usefulness","throwable":""}
{"timestamp":"2025-07-10T23:28:25,299","container":"5f93daac00f1","level":"INFO","thread":"EthScheduler-Timer-0","class":"FullSyncTargetManager","message":"Unable to find sync target. Currently checking 0 peers for usefulness","throwable":""}
{"timestamp":"2025-07-10T23:28:30,300","container":"5f93daac00f1","level":"INFO","thread":"EthScheduler-Timer-0","class":"FullSyncTargetManager","message":"Unable to find sync target. Currently checking 0 peers for usefulness","throwable":""}
{"timestamp":"2025-07-10T23:28:35,300","container":"5f93daac00f1","level":"INFO","thread":"EthScheduler-Timer-0","class":"FullSyncTargetManager","message":"Unable to find sync target. Currently checking 0 peers for usefulness","throwable":""}
{"timestamp":"2025-07-10T23:28:40,301","container":"5f93daac00f1","level":"INFO","thread":"EthScheduler-Timer-0","class":"FullSyncTargetManager","message":"Unable to find sync target. Currently checking 0 peers for usefulness","throwable":""}
{"timestamp":"2025-07-10T23:28:45,302","container":"5f93daac00f1","level":"INFO","thread":"EthScheduler-Timer-0","class":"FullSyncTargetManager","message":"Unable to find sync target. Currently checking 0 peers for usefulness","throwable":""}
{"timestamp":"2025-07-10T23:28:50,302","container":"5f93daac00f1","level":"INFO","thread":"EthScheduler-Timer-0","class":"FullSyncTargetManager","message":"Unable to find sync target. Currently checking 0 peers for usefulness","throwable":""}
{"timestamp":"2025-07-10T23:28:55,303","container":"5f93daac00f1","level":"INFO","thread":"EthScheduler-Timer-0","class":"FullSyncTargetManager","message":"Unable to find sync target. Currently checking 0 peers for usefulness","throwable":""}
{"timestamp":"2025-07-10T23:29:00,303","container":"5f93daac00f1","level":"INFO","thread":"EthScheduler-Timer-0","class":"FullSyncTargetManager","message":"Unable to find sync target. Currently checking 0 peers for usefulness","throwable":""}
{"timestamp":"2025-07-10T23:29:05,304","container":"5f93daac00f1","level":"INFO","thread":"EthScheduler-Timer-0","class":"FullSyncTargetManager","message":"Unable to find sync target. Currently checking 0 peers for usefulness","throwable":""}
{"timestamp":"2025-07-10T23:29:10,304","container":"5f93daac00f1","level":"INFO","thread":"EthScheduler-Timer-0","class":"FullSyncTargetManager","message":"Unable to find sync target. Currently checking 0 peers for usefulness","throwable":""}
{"timestamp":"2025-07-10T23:29:15,305","container":"5f93daac00f1","level":"INFO","thread":"EthScheduler-Timer-0","class":"FullSyncTargetManager","message":"Unable to find sync target. Currently checking 0 peers for usefulness","throwable":""}
{"timestamp":"2025-07-10T23:29:20,305","container":"5f93daac00f1","level":"INFO","thread":"EthScheduler-Timer-0","class":"FullSyncTargetManager","message":"Unable to find sync target. Currently checking 0 peers for usefulness","throwable":""}
{"timestamp":"2025-07-10T23:29:25,306","container":"5f93daac00f1","level":"INFO","thread":"EthScheduler-Timer-0","class":"FullSyncTargetManager","message":"Unable to find sync target. Currently checking 0 peers for usefulness","throwable":""}
{"timestamp":"2025-07-10T23:29:30,306","container":"5f93daac00f1","level":"INFO","thread":"EthScheduler-Timer-0","class":"FullSyncTargetManager","message":"Unable to find sync target. Currently checking 0 peers for usefulness","throwable":""}
{"timestamp":"2025-07-10T23:29:35,307","container":"5f93daac00f1","level":"INFO","thread":"EthScheduler-Timer-0","class":"FullSyncTargetManager","message":"Unable to find sync target. Currently checking 0 peers for usefulness","throwable":""}
{"timestamp":"2025-07-10T23:29:40,307","container":"5f93daac00f1","level":"INFO","thread":"EthScheduler-Timer-0","class":"FullSyncTargetManager","message":"Unable to find sync target. Currently checking 0 peers for usefulness","throwable":""}
{"timestamp":"2025-07-10T23:29:45,308","container":"5f93daac00f1","level":"INFO","thread":"EthScheduler-Timer-0","class":"FullSyncTargetManager","message":"Unable to find sync target. Currently checking 0 peers for usefulness","throwable":""}
{"timestamp":"2025-07-10T23:29:50,308","container":"5f93daac00f1","level":"INFO","thread":"EthScheduler-Timer-0","class":"FullSyncTargetManager","message":"Unable to find sync target. Currently checking 0 peers for usefulness","throwable":""}
{"timestamp":"2025-07-10T23:29:55,309","container":"5f93daac00f1","level":"INFO","thread":"EthScheduler-Timer-0","class":"FullSyncTargetManager","message":"Unable to find sync target. Currently checking 0 peers for usefulness","throwable":""}
{"timestamp":"2025-07-10T23:30:00,309","container":"5f93daac00f1","level":"INFO","thread":"EthScheduler-Timer-0","class":"FullSyncTargetManager","message":"Unable to find sync target. Currently checking 0 peers for usefulness","throwable":""}
{"timestamp":"2025-07-10T23:30:05,310","container":"5f93daac00f1","level":"INFO","thread":"EthScheduler-Timer-0","class":"FullSyncTargetManager","message":"Unable to find sync target. Currently checking 0 peers for usefulness","throwable":""}
{"timestamp":"2025-07-10T23:30:10,310","container":"5f93daac00f1","level":"INFO","thread":"EthScheduler-Timer-0","class":"FullSyncTargetManager","message":"Unable to find sync target. Currently checking 0 peers for usefulness","throwable":""}
{"timestamp":"2025-07-10T23:30:15,310","container":"5f93daac00f1","level":"INFO","thread":"EthScheduler-Timer-0","class":"FullSyncTargetManager","message":"Unable to find sync target. Currently checking 0 peers for usefulness","throwable":""}
{"timestamp":"2025-07-10T23:30:20,311","container":"5f93daac00f1","level":"INFO","thread":"EthScheduler-Timer-0","class":"FullSyncTargetManager","message":"Unable to find sync target. Currently checking 0 peers for usefulness","throwable":""}
{"timestamp":"2025-07-10T23:30:25,311","container":"5f93daac00f1","level":"INFO","thread":"EthScheduler-Timer-0","class":"FullSyncTargetManager","message":"Unable to find sync target. Currently checking 0 peers for usefulness","throwable":""}
{"timestamp":"2025-07-10T23:30:30,312","container":"5f93daac00f1","level":"INFO","thread":"EthScheduler-Timer-0","class":"FullSyncTargetManager","message":"Unable to find sync target. Currently checking 0 peers for usefulness","throwable":""}
{"timestamp":"2025-07-10T23:30:35,312","container":"5f93daac00f1","level":"INFO","thread":"EthScheduler-Timer-0","class":"FullSyncTargetManager","message":"Unable to find sync target. Currently checking 0 peers for usefulness","throwable":""}
{"timestamp":"2025-07-10T23:30:40,313","container":"5f93daac00f1","level":"INFO","thread":"EthScheduler-Timer-0","class":"FullSyncTargetManager","message":"Unable to find sync target. Currently checking 0 peers for usefulness","throwable":""}
{"timestamp":"2025-07-10T23:30:45,313","container":"5f93daac00f1","level":"INFO","thread":"EthScheduler-Timer-0","class":"FullSyncTargetManager","message":"Unable to find sync target. Currently checking 0 peers for usefulness","throwable":""}
{"timestamp":"2025-07-10T23:30:50,313","container":"5f93daac00f1","level":"INFO","thread":"EthScheduler-Timer-0","class":"FullSyncTargetManager","message":"Unable to find sync target. Currently checking 0 peers for usefulness","throwable":""}
{"timestamp":"2025-07-10T23:30:55,314","container":"5f93daac00f1","level":"INFO","thread":"EthScheduler-Timer-0","class":"FullSyncTargetManager","message":"Unable to find sync target. Currently checking 0 peers for usefulness","throwable":""}
{"timestamp":"2025-07-10T23:31:00,314","container":"5f93daac00f1","level":"INFO","thread":"EthScheduler-Timer-0","class":"FullSyncTargetManager","message":"Unable to find sync target. Currently checking 0 peers for usefulness","throwable":""}
{"timestamp":"2025-07-10T23:31:05,315","container":"5f93daac00f1","level":"INFO","thread":"EthScheduler-Timer-0","class":"FullSyncTargetManager","message":"Unable to find sync target. Currently checking 0 peers for usefulness","throwable":""}
{"timestamp":"2025-07-10T23:31:10,315","container":"5f93daac00f1","level":"INFO","thread":"EthScheduler-Timer-0","class":"FullSyncTargetManager","message":"Unable to find sync target. Currently checking 0 peers for usefulness","throwable":""}
{"timestamp":"2025-07-10T23:31:15,316","container":"5f93daac00f1","level":"INFO","thread":"EthScheduler-Timer-0","class":"FullSyncTargetManager","message":"Unable to find sync target. Currently checking 0 peers for usefulness","throwable":""}
{"timestamp":"2025-07-10T23:31:20,316","container":"5f93daac00f1","level":"INFO","thread":"EthScheduler-Timer-0","class":"FullSyncTargetManager","message":"Unable to find sync target. Currently checking 0 peers for usefulness","throwable":""}
{"timestamp":"2025-07-10T23:31:25,317","container":"5f93daac00f1","level":"INFO","thread":"EthScheduler-Timer-0","class":"FullSyncTargetManager","message":"Unable to find sync target. Currently checking 0 peers for usefulness","throwable":""}
{"timestamp":"2025-07-10T23:31:30,317","container":"5f93daac00f1","level":"INFO","thread":"EthScheduler-Timer-0","class":"FullSyncTargetManager","message":"Unable to find sync target. Currently checking 0 peers for usefulness","throwable":""}
{"timestamp":"2025-07-10T23:31:35,317","container":"5f93daac00f1","level":"INFO","thread":"EthScheduler-Timer-0","class":"FullSyncTargetManager","message":"Unable to find sync target. Currently checking 0 peers for usefulness","throwable":""}
{"timestamp":"2025-07-10T23:31:40,318","container":"5f93daac00f1","level":"INFO","thread":"EthScheduler-Timer-0","class":"FullSyncTargetManager","message":"Unable to find sync target. Currently checking 0 peers for usefulness","throwable":""}
{"timestamp":"2025-07-10T23:31:45,318","container":"5f93daac00f1","level":"INFO","thread":"EthScheduler-Timer-0","class":"FullSyncTargetManager","message":"Unable to find sync target. Currently checking 0 peers for usefulness","throwable":""}
{"timestamp":"2025-07-10T23:31:50,319","container":"5f93daac00f1","level":"INFO","thread":"EthScheduler-Timer-0","class":"FullSyncTargetManager","message":"Unable to find sync target. Currently checking 0 peers for usefulness","throwable":""}
{"timestamp":"2025-07-10T23:31:55,319","container":"5f93daac00f1","level":"INFO","thread":"EthScheduler-Timer-0","class":"FullSyncTargetManager","message":"Unable to find sync target. Currently checking 0 peers for usefulness","throwable":""}
{"timestamp":"2025-07-10T23:32:00,319","container":"5f93daac00f1","level":"INFO","thread":"EthScheduler-Timer-0","class":"FullSyncTargetManager","message":"Unable to find sync target. Currently checking 0 peers for usefulness","throwable":""}
{"timestamp":"2025-07-10T23:32:05,320","container":"5f93daac00f1","level":"INFO","thread":"EthScheduler-Timer-0","class":"FullSyncTargetManager","message":"Unable to find sync target. Currently checking 0 peers for usefulness","throwable":""}
{"timestamp":"2025-07-10T23:32:10,320","container":"5f93daac00f1","level":"INFO","thread":"EthScheduler-Timer-0","class":"FullSyncTargetManager","message":"Unable to find sync target. Currently checking 0 peers for usefulness","throwable":""}
{"timestamp":"2025-07-10T23:32:15,320","container":"5f93daac00f1","level":"INFO","thread":"EthScheduler-Timer-0","class":"FullSyncTargetManager","message":"Unable to find sync target. Currently checking 0 peers for usefulness","throwable":""}
{"timestamp":"2025-07-10T23:32:20,321","container":"5f93daac00f1","level":"INFO","thread":"EthScheduler-Timer-0","class":"FullSyncTargetManager","message":"Unable to find sync target. Currently checking 0 peers for usefulness","throwable":""}
{"timestamp":"2025-07-10T23:32:25,321","container":"5f93daac00f1","level":"INFO","thread":"EthScheduler-Timer-0","class":"FullSyncTargetManager","message":"Unable to find sync target. Currently checking 0 peers for usefulness","throwable":""}
{"timestamp":"2025-07-10T23:32:30,322","container":"5f93daac00f1","level":"INFO","thread":"EthScheduler-Timer-0","class":"FullSyncTargetManager","message":"Unable to find sync target. Currently checking 0 peers for usefulness","throwable":""}
{"timestamp":"2025-07-10T23:32:35,322","container":"5f93daac00f1","level":"INFO","thread":"EthScheduler-Timer-0","class":"FullSyncTargetManager","message":"Unable to find sync target. Currently checking 0 peers for usefulness","throwable":""}
{"timestamp":"2025-07-10T23:32:40,323","container":"5f93daac00f1","level":"INFO","thread":"EthScheduler-Timer-0","class":"FullSyncTargetManager","message":"Unable to find sync target. Currently checking 0 peers for usefulness","throwable":""}
{"timestamp":"2025-07-10T23:32:45,323","container":"5f93daac00f1","level":"INFO","thread":"EthScheduler-Timer-0","class":"FullSyncTargetManager","message":"Unable to find sync target. Currently checking 0 peers for usefulness","throwable":""}
{"timestamp":"2025-07-10T23:32:50,324","container":"5f93daac00f1","level":"INFO","thread":"EthScheduler-Timer-0","class":"FullSyncTargetManager","message":"Unable to find sync target. Currently checking 0 peers for usefulness","throwable":""}
{"timestamp":"2025-07-10T23:32:55,324","container":"5f93daac00f1","level":"INFO","thread":"EthScheduler-Timer-0","class":"FullSyncTargetManager","message":"Unable to find sync target. Currently checking 0 peers for usefulness","throwable":""}
{"timestamp":"2025-07-10T23:33:00,325","container":"5f93daac00f1","level":"INFO","thread":"EthScheduler-Timer-0","class":"FullSyncTargetManager","message":"Unable to find sync target. Currently checking 0 peers for usefulness","throwable":""}
{"timestamp":"2025-07-10T23:33:05,325","container":"5f93daac00f1","level":"INFO","thread":"EthScheduler-Timer-0","class":"FullSyncTargetManager","message":"Unable to find sync target. Currently checking 0 peers for usefulness","throwable":""}
{"timestamp":"2025-07-10T23:33:10,325","container":"5f93daac00f1","level":"INFO","thread":"EthScheduler-Timer-0","class":"FullSyncTargetManager","message":"Unable to find sync target. Currently checking 0 peers for usefulness","throwable":""}
{"timestamp":"2025-07-10T23:33:15,326","container":"5f93daac00f1","level":"INFO","thread":"EthScheduler-Timer-0","class":"FullSyncTargetManager","message":"Unable to find sync target. Currently checking 0 peers for usefulness","throwable":""}
{"timestamp":"2025-07-10T23:33:20,326","container":"5f93daac00f1","level":"INFO","thread":"EthScheduler-Timer-0","class":"FullSyncTargetManager","message":"Unable to find sync target. Currently checking 0 peers for usefulness","throwable":""}
{"timestamp":"2025-07-10T23:33:25,327","container":"5f93daac00f1","level":"INFO","thread":"EthScheduler-Timer-0","class":"FullSyncTargetManager","message":"Unable to find sync target. Currently checking 0 peers for usefulness","throwable":""}
{"timestamp":"2025-07-10T23:33:30,327","container":"5f93daac00f1","level":"INFO","thread":"EthScheduler-Timer-0","class":"FullSyncTargetManager","message":"Unable to find sync target. Currently checking 0 peers for usefulness","throwable":""}
{"timestamp":"2025-07-10T23:33:35,328","container":"5f93daac00f1","level":"INFO","thread":"EthScheduler-Timer-0","class":"FullSyncTargetManager","message":"Unable to find sync target. Currently checking 0 peers for usefulness","throwable":""}
{"timestamp":"2025-07-10T23:33:40,328","container":"5f93daac00f1","level":"INFO","thread":"EthScheduler-Timer-0","class":"FullSyncTargetManager","message":"Unable to find sync target. Currently checking 0 peers for usefulness","throwable":""}
{"timestamp":"2025-07-10T23:33:45,329","container":"5f93daac00f1","level":"INFO","thread":"EthScheduler-Timer-0","class":"FullSyncTargetManager","message":"Unable to find sync target. Currently checking 0 peers for usefulness","throwable":""}
{"timestamp":"2025-07-10T23:33:50,329","container":"5f93daac00f1","level":"INFO","thread":"EthScheduler-Timer-0","class":"FullSyncTargetManager","message":"Unable to find sync target. Currently checking 0 peers for usefulness","throwable":""}
{"timestamp":"2025-07-10T23:33:55,329","container":"5f93daac00f1","level":"INFO","thread":"EthScheduler-Timer-0","class":"FullSyncTargetManager","message":"Unable to find sync target. Currently checking 0 peers for usefulness","throwable":""}
{"timestamp":"2025-07-10T23:34:00,330","container":"5f93daac00f1","level":"INFO","thread":"EthScheduler-Timer-0","class":"FullSyncTargetManager","message":"Unable to find sync target. Currently checking 0 peers for usefulness","throwable":""}
{"timestamp":"2025-07-10T23:34:05,330","container":"5f93daac00f1","level":"INFO","thread":"EthScheduler-Timer-0","class":"FullSyncTargetManager","message":"Unable to find sync target. Currently checking 0 peers for usefulness","throwable":""}
{"timestamp":"2025-07-10T23:34:10,331","container":"5f93daac00f1","level":"INFO","thread":"EthScheduler-Timer-0","class":"FullSyncTargetManager","message":"Unable to find sync target. Currently checking 0 peers for usefulness","throwable":""}
{"timestamp":"2025-07-10T23:34:15,331","container":"5f93daac00f1","level":"INFO","thread":"EthScheduler-Timer-0","class":"FullSyncTargetManager","message":"Unable to find sync target. Currently checking 0 peers for usefulness","throwable":""}
{"timestamp":"2025-07-10T23:34:20,332","container":"5f93daac00f1","level":"INFO","thread":"EthScheduler-Timer-0","class":"FullSyncTargetManager","message":"Unable to find sync target. Currently checking 0 peers for usefulness","throwable":""}
{"timestamp":"2025-07-10T23:34:25,332","container":"5f93daac00f1","level":"INFO","thread":"EthScheduler-Timer-0","class":"FullSyncTargetManager","message":"Unable to find sync target. Currently checking 0 peers for usefulness","throwable":""}
{"timestamp":"2025-07-10T23:34:30,332","container":"5f93daac00f1","level":"INFO","thread":"EthScheduler-Timer-0","class":"FullSyncTargetManager","message":"Unable to find sync target. Currently checking 0 peers for usefulness","throwable":""}
{"timestamp":"2025-07-10T23:34:35,333","container":"5f93daac00f1","level":"INFO","thread":"EthScheduler-Timer-0","class":"FullSyncTargetManager","message":"Unable to find sync target. Currently checking 0 peers for usefulness","throwable":""}
{"timestamp":"2025-07-10T23:34:40,333","container":"5f93daac00f1","level":"INFO","thread":"EthScheduler-Timer-0","class":"FullSyncTargetManager","message":"Unable to find sync target. Currently checking 0 peers for usefulness","throwable":""}
{"timestamp":"2025-07-10T23:34:45,333","container":"5f93daac00f1","level":"INFO","thread":"EthScheduler-Timer-0","class":"FullSyncTargetManager","message":"Unable to find sync target. Currently checking 0 peers for usefulness","throwable":""}
{"timestamp":"2025-07-10T23:34:50,334","container":"5f93daac00f1","level":"INFO","thread":"EthScheduler-Timer-0","class":"FullSyncTargetManager","message":"Unable to find sync target. Currently checking 0 peers for usefulness","throwable":""}
{"timestamp":"2025-07-10T23:34:55,334","container":"5f93daac00f1","level":"INFO","thread":"EthScheduler-Timer-0","class":"FullSyncTargetManager","message":"Unable to find sync target. Currently checking 0 peers for usefulness","throwable":""}
{"timestamp":"2025-07-10T23:35:00,335","container":"5f93daac00f1","level":"INFO","thread":"EthScheduler-Timer-0","class":"FullSyncTargetManager","message":"Unable to find sync target. Currently checking 0 peers for usefulness","throwable":""}
{"timestamp":"2025-07-10T23:35:05,335","container":"5f93daac00f1","level":"INFO","thread":"EthScheduler-Timer-0","class":"FullSyncTargetManager","message":"Unable to find sync target. Currently checking 0 peers for usefulness","throwable":""}
{"timestamp":"2025-07-10T23:35:10,335","container":"5f93daac00f1","level":"INFO","thread":"EthScheduler-Timer-0","class":"FullSyncTargetManager","message":"Unable to find sync target. Currently checking 0 peers for usefulness","throwable":""}
{"timestamp":"2025-07-10T23:35:15,336","container":"5f93daac00f1","level":"INFO","thread":"EthScheduler-Timer-0","class":"FullSyncTargetManager","message":"Unable to find sync target. Currently checking 0 peers for usefulness","throwable":""}
{"timestamp":"2025-07-10T23:35:20,336","container":"5f93daac00f1","level":"INFO","thread":"EthScheduler-Timer-0","class":"FullSyncTargetManager","message":"Unable to find sync target. Currently checking 0 peers for usefulness","throwable":""}
{"timestamp":"2025-07-10T23:35:25,337","container":"5f93daac00f1","level":"INFO","thread":"EthScheduler-Timer-0","class":"FullSyncTargetManager","message":"Unable to find sync target. Currently checking 0 peers for usefulness","throwable":""}
{"timestamp":"2025-07-10T23:35:30,337","container":"5f93daac00f1","level":"INFO","thread":"EthScheduler-Timer-0","class":"FullSyncTargetManager","message":"Unable to find sync target. Currently checking 0 peers for usefulness","throwable":""}
{"timestamp":"2025-07-10T23:35:35,338","container":"5f93daac00f1","level":"INFO","thread":"EthScheduler-Timer-0","class":"FullSyncTargetManager","message":"Unable to find sync target. Currently checking 0 peers for usefulness","throwable":""}
{"timestamp":"2025-07-10T23:35:40,338","container":"5f93daac00f1","level":"INFO","thread":"EthScheduler-Timer-0","class":"FullSyncTargetManager","message":"Unable to find sync target. Currently checking 0 peers for usefulness","throwable":""}
{"timestamp":"2025-07-10T23:35:45,339","container":"5f93daac00f1","level":"INFO","thread":"EthScheduler-Timer-0","class":"FullSyncTargetManager","message":"Unable to find sync target. Currently checking 0 peers for usefulness","throwable":""}
{"timestamp":"2025-07-10T23:35:50,339","container":"5f93daac00f1","level":"INFO","thread":"EthScheduler-Timer-0","class":"FullSyncTargetManager","message":"Unable to find sync target. Currently checking 0 peers for usefulness","throwable":""}
{"timestamp":"2025-07-10T23:35:55,340","container":"5f93daac00f1","level":"INFO","thread":"EthScheduler-Timer-0","class":"FullSyncTargetManager","message":"Unable to find sync target. Currently checking 0 peers for usefulness","throwable":""}
{"timestamp":"2025-07-10T23:36:00,340","container":"5f93daac00f1","level":"INFO","thread":"EthScheduler-Timer-0","class":"FullSyncTargetManager","message":"Unable to find sync target. Currently checking 0 peers for usefulness","throwable":""}
{"timestamp":"2025-07-10T23:36:05,341","container":"5f93daac00f1","level":"INFO","thread":"EthScheduler-Timer-0","class":"FullSyncTargetManager","message":"Unable to find sync target. Currently checking 0 peers for usefulness","throwable":""}
{"timestamp":"2025-07-10T23:36:10,341","container":"5f93daac00f1","level":"INFO","thread":"EthScheduler-Timer-0","class":"FullSyncTargetManager","message":"Unable to find sync target. Currently checking 0 peers for usefulness","throwable":""}
{"timestamp":"2025-07-10T23:36:15,342","container":"5f93daac00f1","level":"INFO","thread":"EthScheduler-Timer-0","class":"FullSyncTargetManager","message":"Unable to find sync target. Currently checking 0 peers for usefulness","throwable":""}
{"timestamp":"2025-07-10T23:36:20,342","container":"5f93daac00f1","level":"INFO","thread":"EthScheduler-Timer-0","class":"FullSyncTargetManager","message":"Unable to find sync target. Currently checking 0 peers for usefulness","throwable":""}
{"timestamp":"2025-07-10T23:36:25,343","container":"5f93daac00f1","level":"INFO","thread":"EthScheduler-Timer-0","class":"FullSyncTargetManager","message":"Unable to find sync target. Currently checking 0 peers for usefulness","throwable":""}
{"timestamp":"2025-07-10T23:36:30,343","container":"5f93daac00f1","level":"INFO","thread":"EthScheduler-Timer-0","class":"FullSyncTargetManager","message":"Unable to find sync target. Currently checking 0 peers for usefulness","throwable":""}
{"timestamp":"2025-07-10T23:36:35,343","container":"5f93daac00f1","level":"INFO","thread":"EthScheduler-Timer-0","class":"FullSyncTargetManager","message":"Unable to find sync target. Currently checking 0 peers for usefulness","throwable":""}
{"timestamp":"2025-07-10T23:36:40,344","container":"5f93daac00f1","level":"INFO","thread":"EthScheduler-Timer-0","class":"FullSyncTargetManager","message":"Unable to find sync target. Currently checking 0 peers for usefulness","throwable":""}
{"timestamp":"2025-07-10T23:36:45,344","container":"5f93daac00f1","level":"INFO","thread":"EthScheduler-Timer-0","class":"FullSyncTargetManager","message":"Unable to find sync target. Currently checking 0 peers for usefulness","throwable":""}
{"timestamp":"2025-07-10T23:36:50,344","container":"5f93daac00f1","level":"INFO","thread":"EthScheduler-Timer-0","class":"FullSyncTargetManager","message":"Unable to find sync target. Currently checking 0 peers for usefulness","throwable":""}
{"timestamp":"2025-07-10T23:36:55,345","container":"5f93daac00f1","level":"INFO","thread":"EthScheduler-Timer-0","class":"FullSyncTargetManager","message":"Unable to find sync target. Currently checking 0 peers for usefulness","throwable":""}
{"timestamp":"2025-07-10T23:37:00,345","container":"5f93daac00f1","level":"INFO","thread":"EthScheduler-Timer-0","class":"FullSyncTargetManager","message":"Unable to find sync target. Currently checking 0 peers for usefulness","throwable":""}
{"timestamp":"2025-07-10T23:37:05,346","container":"5f93daac00f1","level":"INFO","thread":"EthScheduler-Timer-0","class":"FullSyncTargetManager","message":"Unable to find sync target. Currently checking 0 peers for usefulness","throwable":""}
{"timestamp":"2025-07-10T23:37:10,346","container":"5f93daac00f1","level":"INFO","thread":"EthScheduler-Timer-0","class":"FullSyncTargetManager","message":"Unable to find sync target. Currently checking 0 peers for usefulness","throwable":""}
{"timestamp":"2025-07-10T23:37:15,346","container":"5f93daac00f1","level":"INFO","thread":"EthScheduler-Timer-0","class":"FullSyncTargetManager","message":"Unable to find sync target. Currently checking 0 peers for usefulness","throwable":""}
{"timestamp":"2025-07-10T23:37:20,346","container":"5f93daac00f1","level":"INFO","thread":"EthScheduler-Timer-0","class":"FullSyncTargetManager","message":"Unable to find sync target. Currently checking 0 peers for usefulness","throwable":""}
{"timestamp":"2025-07-10T23:37:25,347","container":"5f93daac00f1","level":"INFO","thread":"EthScheduler-Timer-0","class":"FullSyncTargetManager","message":"Unable to find sync target. Currently checking 0 peers for usefulness","throwable":""}
{"timestamp":"2025-07-10T23:37:30,347","container":"5f93daac00f1","level":"INFO","thread":"EthScheduler-Timer-0","class":"FullSyncTargetManager","message":"Unable to find sync target. Currently checking 0 peers for usefulness","throwable":""}
{"timestamp":"2025-07-10T23:37:35,348","container":"5f93daac00f1","level":"INFO","thread":"EthScheduler-Timer-0","class":"FullSyncTargetManager","message":"Unable to find sync target. Currently checking 0 peers for usefulness","throwable":""}
{"timestamp":"2025-07-10T23:37:40,348","container":"5f93daac00f1","level":"INFO","thread":"EthScheduler-Timer-0","class":"FullSyncTargetManager","message":"Unable to find sync target. Currently checking 0 peers for usefulness","throwable":""}
{"timestamp":"2025-07-10T23:37:45,349","container":"5f93daac00f1","level":"INFO","thread":"EthScheduler-Timer-0","class":"FullSyncTargetManager","message":"Unable to find sync target. Currently checking 0 peers for usefulness","throwable":""}
{"timestamp":"2025-07-10T23:37:50,349","container":"5f93daac00f1","level":"INFO","thread":"EthScheduler-Timer-0","class":"FullSyncTargetManager","message":"Unable to find sync target. Currently checking 0 peers for usefulness","throwable":""}
{"timestamp":"2025-07-10T23:37:55,349","container":"5f93daac00f1","level":"INFO","thread":"EthScheduler-Timer-0","class":"FullSyncTargetManager","message":"Unable to find sync target. Currently checking 0 peers for usefulness","throwable":""}
{"timestamp":"2025-07-10T23:38:00,350","container":"5f93daac00f1","level":"INFO","thread":"EthScheduler-Timer-0","class":"FullSyncTargetManager","message":"Unable to find sync target. Currently checking 0 peers for usefulness","throwable":""}
{"timestamp":"2025-07-10T23:38:05,350","container":"5f93daac00f1","level":"INFO","thread":"EthScheduler-Timer-0","class":"FullSyncTargetManager","message":"Unable to find sync target. Currently checking 0 peers for usefulness","throwable":""}
{"timestamp":"2025-07-10T23:38:10,351","container":"5f93daac00f1","level":"INFO","thread":"EthScheduler-Timer-0","class":"FullSyncTargetManager","message":"Unable to find sync target. Currently checking 0 peers for usefulness","throwable":""}
{"timestamp":"2025-07-10T23:38:15,351","container":"5f93daac00f1","level":"INFO","thread":"EthScheduler-Timer-0","class":"FullSyncTargetManager","message":"Unable to find sync target. Currently checking 0 peers for usefulness","throwable":""}
{"timestamp":"2025-07-10T23:38:20,352","container":"5f93daac00f1","level":"INFO","thread":"EthScheduler-Timer-0","class":"FullSyncTargetManager","message":"Unable to find sync target. Currently checking 0 peers for usefulness","throwable":""}
{"timestamp":"2025-07-10T23:38:25,352","container":"5f93daac00f1","level":"INFO","thread":"EthScheduler-Timer-0","class":"FullSyncTargetManager","message":"Unable to find sync target. Currently checking 0 peers for usefulness","throwable":""}
{"timestamp":"2025-07-10T23:38:30,352","container":"5f93daac00f1","level":"INFO","thread":"EthScheduler-Timer-0","class":"FullSyncTargetManager","message":"Unable to find sync target. Currently checking 0 peers for usefulness","throwable":""}
{"timestamp":"2025-07-10T23:38:35,353","container":"5f93daac00f1","level":"INFO","thread":"EthScheduler-Timer-0","class":"FullSyncTargetManager","message":"Unable to find sync target. Currently checking 0 peers for usefulness","throwable":""}
{"timestamp":"2025-07-10T23:38:40,353","container":"5f93daac00f1","level":"INFO","thread":"EthScheduler-Timer-0","class":"FullSyncTargetManager","message":"Unable to find sync target. Currently checking 0 peers for usefulness","throwable":""}
{"timestamp":"2025-07-10T23:38:45,354","container":"5f93daac00f1","level":"INFO","thread":"EthScheduler-Timer-0","class":"FullSyncTargetManager","message":"Unable to find sync target. Currently checking 0 peers for usefulness","throwable":""}
{"timestamp":"2025-07-10T23:38:50,354","container":"5f93daac00f1","level":"INFO","thread":"EthScheduler-Timer-0","class":"FullSyncTargetManager","message":"Unable to find sync target. Currently checking 0 peers for usefulness","throwable":""}
{"timestamp":"2025-07-10T23:38:55,355","container":"5f93daac00f1","level":"INFO","thread":"EthScheduler-Timer-0","class":"FullSyncTargetManager","message":"Unable to find sync target. Currently checking 0 peers for usefulness","throwable":""}
{"timestamp":"2025-07-10T23:39:00,355","container":"5f93daac00f1","level":"INFO","thread":"EthScheduler-Timer-0","class":"FullSyncTargetManager","message":"Unable to find sync target. Currently checking 0 peers for usefulness","throwable":""}
{"timestamp":"2025-07-10T23:39:05,356","container":"5f93daac00f1","level":"INFO","thread":"EthScheduler-Timer-0","class":"FullSyncTargetManager","message":"Unable to find sync target. Currently checking 0 peers for usefulness","throwable":""}
{"timestamp":"2025-07-10T23:39:10,356","container":"5f93daac00f1","level":"INFO","thread":"EthScheduler-Timer-0","class":"FullSyncTargetManager","message":"Unable to find sync target. Currently checking 0 peers for usefulness","throwable":""}
{"timestamp":"2025-07-10T23:39:15,356","container":"5f93daac00f1","level":"INFO","thread":"EthScheduler-Timer-0","class":"FullSyncTargetManager","message":"Unable to find sync target. Currently checking 0 peers for usefulness","throwable":""}
{"timestamp":"2025-07-10T23:39:20,357","container":"5f93daac00f1","level":"INFO","thread":"EthScheduler-Timer-0","class":"FullSyncTargetManager","message":"Unable to find sync target. Currently checking 0 peers for usefulness","throwable":""}
{"timestamp":"2025-07-10T23:39:25,357","container":"5f93daac00f1","level":"INFO","thread":"EthScheduler-Timer-0","class":"FullSyncTargetManager","message":"Unable to find sync target. Currently checking 0 peers for usefulness","throwable":""}
{"timestamp":"2025-07-10T23:39:30,358","container":"5f93daac00f1","level":"INFO","thread":"EthScheduler-Timer-0","class":"FullSyncTargetManager","message":"Unable to find sync target. Currently checking 0 peers for usefulness","throwable":""}
{"timestamp":"2025-07-10T23:39:35,358","container":"5f93daac00f1","level":"INFO","thread":"EthScheduler-Timer-0","class":"FullSyncTargetManager","message":"Unable to find sync target. Currently checking 0 peers for usefulness","throwable":""}
{"timestamp":"2025-07-10T23:39:40,359","container":"5f93daac00f1","level":"INFO","thread":"EthScheduler-Timer-0","class":"FullSyncTargetManager","message":"Unable to find sync target. Currently checking 0 peers for usefulness","throwable":""}
{"timestamp":"2025-07-10T23:39:45,359","container":"5f93daac00f1","level":"INFO","thread":"EthScheduler-Timer-0","class":"FullSyncTargetManager","message":"Unable to find sync target. Currently checking 0 peers for usefulness","throwable":""}
{"timestamp":"2025-07-10T23:39:50,360","container":"5f93daac00f1","level":"INFO","thread":"EthScheduler-Timer-0","class":"FullSyncTargetManager","message":"Unable to find sync target. Currently checking 0 peers for usefulness","throwable":""}
{"timestamp":"2025-07-10T23:39:55,360","container":"5f93daac00f1","level":"INFO","thread":"EthScheduler-Timer-0","class":"FullSyncTargetManager","message":"Unable to find sync target. Currently checking 0 peers for usefulness","throwable":""}
{"timestamp":"2025-07-10T23:40:00,361","container":"5f93daac00f1","level":"INFO","thread":"EthScheduler-Timer-0","class":"FullSyncTargetManager","message":"Unable to find sync target. Currently checking 0 peers for usefulness","throwable":""}
{"timestamp":"2025-07-10T23:40:05,361","container":"5f93daac00f1","level":"INFO","thread":"EthScheduler-Timer-0","class":"FullSyncTargetManager","message":"Unable to find sync target. Currently checking 0 peers for usefulness","throwable":""}
{"timestamp":"2025-07-10T23:40:10,362","container":"5f93daac00f1","level":"INFO","thread":"EthScheduler-Timer-0","class":"FullSyncTargetManager","message":"Unable to find sync target. Currently checking 0 peers for usefulness","throwable":""}
{"timestamp":"2025-07-10T23:40:15,362","container":"5f93daac00f1","level":"INFO","thread":"EthScheduler-Timer-0","class":"FullSyncTargetManager","message":"Unable to find sync target. Currently checking 0 peers for usefulness","throwable":""}
{"timestamp":"2025-07-10T23:40:20,363","container":"5f93daac00f1","level":"INFO","thread":"EthScheduler-Timer-0","class":"FullSyncTargetManager","message":"Unable to find sync target. Currently checking 0 peers for usefulness","throwable":""}
{"timestamp":"2025-07-10T23:40:25,363","container":"5f93daac00f1","level":"INFO","thread":"EthScheduler-Timer-0","class":"FullSyncTargetManager","message":"Unable to find sync target. Currently checking 0 peers for usefulness","throwable":""}
{"timestamp":"2025-07-10T23:40:30,364","container":"5f93daac00f1","level":"INFO","thread":"EthScheduler-Timer-0","class":"FullSyncTargetManager","message":"Unable to find sync target. Currently checking 0 peers for usefulness","throwable":""}
{"timestamp":"2025-07-10T23:40:35,364","container":"5f93daac00f1","level":"INFO","thread":"EthScheduler-Timer-0","class":"FullSyncTargetManager","message":"Unable to find sync target. Currently checking 0 peers for usefulness","throwable":""}
{"timestamp":"2025-07-10T23:40:40,365","container":"5f93daac00f1","level":"INFO","thread":"EthScheduler-Timer-0","class":"FullSyncTargetManager","message":"Unable to find sync target. Currently checking 0 peers for usefulness","throwable":""}
{"timestamp":"2025-07-10T23:40:45,365","container":"5f93daac00f1","level":"INFO","thread":"EthScheduler-Timer-0","class":"FullSyncTargetManager","message":"Unable to find sync target. Currently checking 0 peers for usefulness","throwable":""}
{"timestamp":"2025-07-10T23:40:50,366","container":"5f93daac00f1","level":"INFO","thread":"EthScheduler-Timer-0","class":"FullSyncTargetManager","message":"Unable to find sync target. Currently checking 0 peers for usefulness","throwable":""}
{"timestamp":"2025-07-10T23:40:55,366","container":"5f93daac00f1","level":"INFO","thread":"EthScheduler-Timer-0","class":"FullSyncTargetManager","message":"Unable to find sync target. Currently checking 0 peers for usefulness","throwable":""}
{"timestamp":"2025-07-10T23:41:00,367","container":"5f93daac00f1","level":"INFO","thread":"EthScheduler-Timer-0","class":"FullSyncTargetManager","message":"Unable to find sync target. Currently checking 0 peers for usefulness","throwable":""}
{"timestamp":"2025-07-10T23:41:05,367","container":"5f93daac00f1","level":"INFO","thread":"EthScheduler-Timer-0","class":"FullSyncTargetManager","message":"Unable to find sync target. Currently checking 0 peers for usefulness","throwable":""}
{"timestamp":"2025-07-10T23:41:10,367","container":"5f93daac00f1","level":"INFO","thread":"EthScheduler-Timer-0","class":"FullSyncTargetManager","message":"Unable to find sync target. Currently checking 0 peers for usefulness","throwable":""}
{"timestamp":"2025-07-10T23:41:15,368","container":"5f93daac00f1","level":"INFO","thread":"EthScheduler-Timer-0","class":"FullSyncTargetManager","message":"Unable to find sync target. Currently checking 0 peers for usefulness","throwable":""}
{"timestamp":"2025-07-10T23:41:20,368","container":"5f93daac00f1","level":"INFO","thread":"EthScheduler-Timer-0","class":"FullSyncTargetManager","message":"Unable to find sync target. Currently checking 0 peers for usefulness","throwable":""}
{"timestamp":"2025-07-10T23:41:25,369","container":"5f93daac00f1","level":"INFO","thread":"EthScheduler-Timer-0","class":"FullSyncTargetManager","message":"Unable to find sync target. Currently checking 0 peers for usefulness","throwable":""}
{"timestamp":"2025-07-10T23:41:30,369","container":"5f93daac00f1","level":"INFO","thread":"EthScheduler-Timer-0","class":"FullSyncTargetManager","message":"Unable to find sync target. Currently checking 0 peers for usefulness","throwable":""}
{"timestamp":"2025-07-10T23:41:35,370","container":"5f93daac00f1","level":"INFO","thread":"EthScheduler-Timer-0","class":"FullSyncTargetManager","message":"Unable to find sync target. Currently checking 0 peers for usefulness","throwable":""}
{"timestamp":"2025-07-10T23:41:40,370","container":"5f93daac00f1","level":"INFO","thread":"EthScheduler-Timer-0","class":"FullSyncTargetManager","message":"Unable to find sync target. Currently checking 0 peers for usefulness","throwable":""}
{"timestamp":"2025-07-10T23:41:45,370","container":"5f93daac00f1","level":"INFO","thread":"EthScheduler-Timer-0","class":"FullSyncTargetManager","message":"Unable to find sync target. Currently checking 0 peers for usefulness","throwable":""}
{"timestamp":"2025-07-10T23:41:50,371","container":"5f93daac00f1","level":"INFO","thread":"EthScheduler-Timer-0","class":"FullSyncTargetManager","message":"Unable to find sync target. Currently checking 0 peers for usefulness","throwable":""}
{"timestamp":"2025-07-10T23:41:55,371","container":"5f93daac00f1","level":"INFO","thread":"EthScheduler-Timer-0","class":"FullSyncTargetManager","message":"Unable to find sync target. Currently checking 0 peers for usefulness","throwable":""}
{"timestamp":"2025-07-10T23:42:00,371","container":"5f93daac00f1","level":"INFO","thread":"EthScheduler-Timer-0","class":"FullSyncTargetManager","message":"Unable to find sync target. Currently checking 0 peers for usefulness","throwable":""}
{"timestamp":"2025-07-10T23:42:05,372","container":"5f93daac00f1","level":"INFO","thread":"EthScheduler-Timer-0","class":"FullSyncTargetManager","message":"Unable to find sync target. Currently checking 0 peers for usefulness","throwable":""}
{"timestamp":"2025-07-10T23:42:10,372","container":"5f93daac00f1","level":"INFO","thread":"EthScheduler-Timer-0","class":"FullSyncTargetManager","message":"Unable to find sync target. Currently checking 0 peers for usefulness","throwable":""}
{"timestamp":"2025-07-10T23:42:15,373","container":"5f93daac00f1","level":"INFO","thread":"EthScheduler-Timer-0","class":"FullSyncTargetManager","message":"Unable to find sync target. Currently checking 0 peers for usefulness","throwable":""}
{"timestamp":"2025-07-10T23:42:20,373","container":"5f93daac00f1","level":"INFO","thread":"EthScheduler-Timer-0","class":"FullSyncTargetManager","message":"Unable to find sync target. Currently checking 0 peers for usefulness","throwable":""}
{"timestamp":"2025-07-10T23:42:25,374","container":"5f93daac00f1","level":"INFO","thread":"EthScheduler-Timer-0","class":"FullSyncTargetManager","message":"Unable to find sync target. Currently checking 0 peers for usefulness","throwable":""}
{"timestamp":"2025-07-10T23:42:30,374","container":"5f93daac00f1","level":"INFO","thread":"EthScheduler-Timer-0","class":"FullSyncTargetManager","message":"Unable to find sync target. Currently checking 0 peers for usefulness","throwable":""}
{"timestamp":"2025-07-10T23:42:35,375","container":"5f93daac00f1","level":"INFO","thread":"EthScheduler-Timer-0","class":"FullSyncTargetManager","message":"Unable to find sync target. Currently checking 0 peers for usefulness","throwable":""}
{"timestamp":"2025-07-10T23:42:40,375","container":"5f93daac00f1","level":"INFO","thread":"EthScheduler-Timer-0","class":"FullSyncTargetManager","message":"Unable to find sync target. Currently checking 0 peers for usefulness","throwable":""}
{"timestamp":"2025-07-10T23:42:45,376","container":"5f93daac00f1","level":"INFO","thread":"EthScheduler-Timer-0","class":"FullSyncTargetManager","message":"Unable to find sync target. Currently checking 0 peers for usefulness","throwable":""}
{"timestamp":"2025-07-10T23:42:50,376","container":"5f93daac00f1","level":"INFO","thread":"EthScheduler-Timer-0","class":"FullSyncTargetManager","message":"Unable to find sync target. Currently checking 0 peers for usefulness","throwable":""}
{"timestamp":"2025-07-10T23:42:55,376","container":"5f93daac00f1","level":"INFO","thread":"EthScheduler-Timer-0","class":"FullSyncTargetManager","message":"Unable to find sync target. Currently checking 0 peers for usefulness","throwable":""}
{"timestamp":"2025-07-10T23:43:00,377","container":"5f93daac00f1","level":"INFO","thread":"EthScheduler-Timer-0","class":"FullSyncTargetManager","message":"Unable to find sync target. Currently checking 0 peers for usefulness","throwable":""}
{"timestamp":"2025-07-10T23:43:05,377","container":"5f93daac00f1","level":"INFO","thread":"EthScheduler-Timer-0","class":"FullSyncTargetManager","message":"Unable to find sync target. Currently checking 0 peers for usefulness","throwable":""}
{"timestamp":"2025-07-10T23:43:10,377","container":"5f93daac00f1","level":"INFO","thread":"EthScheduler-Timer-0","class":"FullSyncTargetManager","message":"Unable to find sync target. Currently checking 0 peers for usefulness","throwable":""}
{"timestamp":"2025-07-10T23:43:15,378","container":"5f93daac00f1","level":"INFO","thread":"EthScheduler-Timer-0","class":"FullSyncTargetManager","message":"Unable to find sync target. Currently checking 0 peers for usefulness","throwable":""}
{"timestamp":"2025-07-10T23:43:20,378","container":"5f93daac00f1","level":"INFO","thread":"EthScheduler-Timer-0","class":"FullSyncTargetManager","message":"Unable to find sync target. Currently checking 0 peers for usefulness","throwable":""}
{"timestamp":"2025-07-10T23:43:25,378","container":"5f93daac00f1","level":"INFO","thread":"EthScheduler-Timer-0","class":"FullSyncTargetManager","message":"Unable to find sync target. Currently checking 0 peers for usefulness","throwable":""}
{"timestamp":"2025-07-10T23:43:30,379","container":"5f93daac00f1","level":"INFO","thread":"EthScheduler-Timer-0","class":"FullSyncTargetManager","message":"Unable to find sync target. Currently checking 0 peers for usefulness","throwable":""}
{"timestamp":"2025-07-10T23:43:35,379","container":"5f93daac00f1","level":"INFO","thread":"EthScheduler-Timer-0","class":"FullSyncTargetManager","message":"Unable to find sync target. Currently checking 0 peers for usefulness","throwable":""}
{"timestamp":"2025-07-10T23:43:40,379","container":"5f93daac00f1","level":"INFO","thread":"EthScheduler-Timer-0","class":"FullSyncTargetManager","message":"Unable to find sync target. Currently checking 0 peers for usefulness","throwable":""}
{"timestamp":"2025-07-10T23:43:45,380","container":"5f93daac00f1","level":"INFO","thread":"EthScheduler-Timer-0","class":"FullSyncTargetManager","message":"Unable to find sync target. Currently checking 0 peers for usefulness","throwable":""}
{"timestamp":"2025-07-10T23:43:50,380","container":"5f93daac00f1","level":"INFO","thread":"EthScheduler-Timer-0","class":"FullSyncTargetManager","message":"Unable to find sync target. Currently checking 0 peers for usefulness","throwable":""}
{"timestamp":"2025-07-10T23:43:55,381","container":"5f93daac00f1","level":"INFO","thread":"EthScheduler-Timer-0","class":"FullSyncTargetManager","message":"Unable to find sync target. Currently checking 0 peers for usefulness","throwable":""}
{"timestamp":"2025-07-10T23:44:00,381","container":"5f93daac00f1","level":"INFO","thread":"EthScheduler-Timer-0","class":"FullSyncTargetManager","message":"Unable to find sync target. Currently checking 0 peers for usefulness","throwable":""}
{"timestamp":"2025-07-10T23:44:05,381","container":"5f93daac00f1","level":"INFO","thread":"EthScheduler-Timer-0","class":"FullSyncTargetManager","message":"Unable to find sync target. Currently checking 0 peers for usefulness","throwable":""}
{"timestamp":"2025-07-10T23:44:10,382","container":"5f93daac00f1","level":"INFO","thread":"EthScheduler-Timer-0","class":"FullSyncTargetManager","message":"Unable to find sync target. Currently checking 0 peers for usefulness","throwable":""}
{"timestamp":"2025-07-10T23:44:15,382","container":"5f93daac00f1","level":"INFO","thread":"EthScheduler-Timer-0","class":"FullSyncTargetManager","message":"Unable to find sync target. Currently checking 0 peers for usefulness","throwable":""}
{"timestamp":"2025-07-10T23:44:20,382","container":"5f93daac00f1","level":"INFO","thread":"EthScheduler-Timer-0","class":"FullSyncTargetManager","message":"Unable to find sync target. Currently checking 0 peers for usefulness","throwable":""}
{"timestamp":"2025-07-10T23:44:25,382","container":"5f93daac00f1","level":"INFO","thread":"EthScheduler-Timer-0","class":"FullSyncTargetManager","message":"Unable to find sync target. Currently checking 0 peers for usefulness","throwable":""}
{"timestamp":"2025-07-10T23:44:30,383","container":"5f93daac00f1","level":"INFO","thread":"EthScheduler-Timer-0","class":"FullSyncTargetManager","message":"Unable to find sync target. Currently checking 0 peers for usefulness","throwable":""}
{"timestamp":"2025-07-10T23:44:35,383","container":"5f93daac00f1","level":"INFO","thread":"EthScheduler-Timer-0","class":"FullSyncTargetManager","message":"Unable to find sync target. Currently checking 0 peers for usefulness","throwable":""}
{"timestamp":"2025-07-10T23:44:40,384","container":"5f93daac00f1","level":"INFO","thread":"EthScheduler-Timer-0","class":"FullSyncTargetManager","message":"Unable to find sync target. Currently checking 0 peers for usefulness","throwable":""}
{"timestamp":"2025-07-10T23:44:45,384","container":"5f93daac00f1","level":"INFO","thread":"EthScheduler-Timer-0","class":"FullSyncTargetManager","message":"Unable to find sync target. Currently checking 0 peers for usefulness","throwable":""}
{"timestamp":"2025-07-10T23:44:50,384","container":"5f93daac00f1","level":"INFO","thread":"EthScheduler-Timer-0","class":"FullSyncTargetManager","message":"Unable to find sync target. Currently checking 0 peers for usefulness","throwable":""}
{"timestamp":"2025-07-10T23:44:55,384","container":"5f93daac00f1","level":"INFO","thread":"EthScheduler-Timer-0","class":"FullSyncTargetManager","message":"Unable to find sync target. Currently checking 0 peers for usefulness","throwable":""}
{"timestamp":"2025-07-10T23:45:00,385","container":"5f93daac00f1","level":"INFO","thread":"EthScheduler-Timer-0","class":"FullSyncTargetManager","message":"Unable to find sync target. Currently checking 0 peers for usefulness","throwable":""}
{"timestamp":"2025-07-10T23:45:05,385","container":"5f93daac00f1","level":"INFO","thread":"EthScheduler-Timer-0","class":"FullSyncTargetManager","message":"Unable to find sync target. Currently checking 0 peers for usefulness","throwable":""}
{"timestamp":"2025-07-10T23:45:10,385","container":"5f93daac00f1","level":"INFO","thread":"EthScheduler-Timer-0","class":"FullSyncTargetManager","message":"Unable to find sync target. Currently checking 0 peers for usefulness","throwable":""}
{"timestamp":"2025-07-10T23:45:15,386","container":"5f93daac00f1","level":"INFO","thread":"EthScheduler-Timer-0","class":"FullSyncTargetManager","message":"Unable to find sync target. Currently checking 0 peers for usefulness","throwable":""}
{"timestamp":"2025-07-10T23:45:20,386","container":"5f93daac00f1","level":"INFO","thread":"EthScheduler-Timer-0","class":"FullSyncTargetManager","message":"Unable to find sync target. Currently checking 0 peers for usefulness","throwable":""}
{"timestamp":"2025-07-10T23:45:25,387","container":"5f93daac00f1","level":"INFO","thread":"EthScheduler-Timer-0","class":"FullSyncTargetManager","message":"Unable to find sync target. Currently checking 0 peers for usefulness","throwable":""}
{"timestamp":"2025-07-10T23:45:30,387","container":"5f93daac00f1","level":"INFO","thread":"EthScheduler-Timer-0","class":"FullSyncTargetManager","message":"Unable to find sync target. Currently checking 0 peers for usefulness","throwable":""}
{"timestamp":"2025-07-10T23:45:35,388","container":"5f93daac00f1","level":"INFO","thread":"EthScheduler-Timer-0","class":"FullSyncTargetManager","message":"Unable to find sync target. Currently checking 0 peers for usefulness","throwable":""}
{"timestamp":"2025-07-10T23:45:40,388","container":"5f93daac00f1","level":"INFO","thread":"EthScheduler-Timer-0","class":"FullSyncTargetManager","message":"Unable to find sync target. Currently checking 0 peers for usefulness","throwable":""}
{"timestamp":"2025-07-10T23:45:45,388","container":"5f93daac00f1","level":"INFO","thread":"EthScheduler-Timer-0","class":"FullSyncTargetManager","message":"Unable to find sync target. Currently checking 0 peers for usefulness","throwable":""}
{"timestamp":"2025-07-10T23:45:50,389","container":"5f93daac00f1","level":"INFO","thread":"EthScheduler-Timer-0","class":"FullSyncTargetManager","message":"Unable to find sync target. Currently checking 0 peers for usefulness","throwable":""}
{"timestamp":"2025-07-10T23:45:55,389","container":"5f93daac00f1","level":"INFO","thread":"EthScheduler-Timer-0","class":"FullSyncTargetManager","message":"Unable to find sync target. Currently checking 0 peers for usefulness","throwable":""}
{"timestamp":"2025-07-10T23:46:00,390","container":"5f93daac00f1","level":"INFO","thread":"EthScheduler-Timer-0","class":"FullSyncTargetManager","message":"Unable to find sync target. Currently checking 0 peers for usefulness","throwable":""}
{"timestamp":"2025-07-10T23:46:05,390","container":"5f93daac00f1","level":"INFO","thread":"EthScheduler-Timer-0","class":"FullSyncTargetManager","message":"Unable to find sync target. Currently checking 0 peers for usefulness","throwable":""}
{"timestamp":"2025-07-10T23:46:10,391","container":"5f93daac00f1","level":"INFO","thread":"EthScheduler-Timer-0","class":"FullSyncTargetManager","message":"Unable to find sync target. Currently checking 0 peers for usefulness","throwable":""}
{"timestamp":"2025-07-10T23:46:15,391","container":"5f93daac00f1","level":"INFO","thread":"EthScheduler-Timer-0","class":"FullSyncTargetManager","message":"Unable to find sync target. Currently checking 0 peers for usefulness","throwable":""}
{"timestamp":"2025-07-10T23:46:20,391","container":"5f93daac00f1","level":"INFO","thread":"EthScheduler-Timer-0","class":"FullSyncTargetManager","message":"Unable to find sync target. Currently checking 0 peers for usefulness","throwable":""}
{"timestamp":"2025-07-10T23:46:25,392","container":"5f93daac00f1","level":"INFO","thread":"EthScheduler-Timer-0","class":"FullSyncTargetManager","message":"Unable to find sync target. Currently checking 0 peers for usefulness","throwable":""}
{"timestamp":"2025-07-10T23:46:30,392","container":"5f93daac00f1","level":"INFO","thread":"EthScheduler-Timer-0","class":"FullSyncTargetManager","message":"Unable to find sync target. Currently checking 0 peers for usefulness","throwable":""}
{"timestamp":"2025-07-10T23:46:35,393","container":"5f93daac00f1","level":"INFO","thread":"EthScheduler-Timer-0","class":"FullSyncTargetManager","message":"Unable to find sync target. Currently checking 0 peers for usefulness","throwable":""}
{"timestamp":"2025-07-10T23:46:40,393","container":"5f93daac00f1","level":"INFO","thread":"EthScheduler-Timer-0","class":"FullSyncTargetManager","message":"Unable to find sync target. Currently checking 0 peers for usefulness","throwable":""}
{"timestamp":"2025-07-10T23:46:45,393","container":"5f93daac00f1","level":"INFO","thread":"EthScheduler-Timer-0","class":"FullSyncTargetManager","message":"Unable to find sync target. Currently checking 0 peers for usefulness","throwable":""}
{"timestamp":"2025-07-10T23:46:50,394","container":"5f93daac00f1","level":"INFO","thread":"EthScheduler-Timer-0","class":"FullSyncTargetManager","message":"Unable to find sync target. Currently checking 0 peers for usefulness","throwable":""}
{"timestamp":"2025-07-10T23:46:55,394","container":"5f93daac00f1","level":"INFO","thread":"EthScheduler-Timer-0","class":"FullSyncTargetManager","message":"Unable to find sync target. Currently checking 0 peers for usefulness","throwable":""}
{"timestamp":"2025-07-10T23:47:00,395","container":"5f93daac00f1","level":"INFO","thread":"EthScheduler-Timer-0","class":"FullSyncTargetManager","message":"Unable to find sync target. Currently checking 0 peers for usefulness","throwable":""}
{"timestamp":"2025-07-10T23:47:05,395","container":"5f93daac00f1","level":"INFO","thread":"EthScheduler-Timer-0","class":"FullSyncTargetManager","message":"Unable to find sync target. Currently checking 0 peers for usefulness","throwable":""}
{"timestamp":"2025-07-10T23:47:10,396","container":"5f93daac00f1","level":"INFO","thread":"EthScheduler-Timer-0","class":"FullSyncTargetManager","message":"Unable to find sync target. Currently checking 0 peers for usefulness","throwable":""}
{"timestamp":"2025-07-10T23:47:15,396","container":"5f93daac00f1","level":"INFO","thread":"EthScheduler-Timer-0","class":"FullSyncTargetManager","message":"Unable to find sync target. Currently checking 0 peers for usefulness","throwable":""}
{"timestamp":"2025-07-10T23:47:20,396","container":"5f93daac00f1","level":"INFO","thread":"EthScheduler-Timer-0","class":"FullSyncTargetManager","message":"Unable to find sync target. Currently checking 0 peers for usefulness","throwable":""}
{"timestamp":"2025-07-10T23:47:25,397","container":"5f93daac00f1","level":"INFO","thread":"EthScheduler-Timer-0","class":"FullSyncTargetManager","message":"Unable to find sync target. Currently checking 0 peers for usefulness","throwable":""}
{"timestamp":"2025-07-10T23:47:30,397","container":"5f93daac00f1","level":"INFO","thread":"EthScheduler-Timer-0","class":"FullSyncTargetManager","message":"Unable to find sync target. Currently checking 0 peers for usefulness","throwable":""}
{"timestamp":"2025-07-10T23:47:35,398","container":"5f93daac00f1","level":"INFO","thread":"EthScheduler-Timer-0","class":"FullSyncTargetManager","message":"Unable to find sync target. Currently checking 0 peers for usefulness","throwable":""}
{"timestamp":"2025-07-10T23:47:40,398","container":"5f93daac00f1","level":"INFO","thread":"EthScheduler-Timer-0","class":"FullSyncTargetManager","message":"Unable to find sync target. Currently checking 0 peers for usefulness","throwable":""}
{"timestamp":"2025-07-10T23:47:45,399","container":"5f93daac00f1","level":"INFO","thread":"EthScheduler-Timer-0","class":"FullSyncTargetManager","message":"Unable to find sync target. Currently checking 0 peers for usefulness","throwable":""}
{"timestamp":"2025-07-10T23:47:50,399","container":"5f93daac00f1","level":"INFO","thread":"EthScheduler-Timer-0","class":"FullSyncTargetManager","message":"Unable to find sync target. Currently checking 0 peers for usefulness","throwable":""}
{"timestamp":"2025-07-10T23:47:55,400","container":"5f93daac00f1","level":"INFO","thread":"EthScheduler-Timer-0","class":"FullSyncTargetManager","message":"Unable to find sync target. Currently checking 0 peers for usefulness","throwable":""}
{"timestamp":"2025-07-10T23:48:00,400","container":"5f93daac00f1","level":"INFO","thread":"EthScheduler-Timer-0","class":"FullSyncTargetManager","message":"Unable to find sync target. Currently checking 0 peers for usefulness","throwable":""}
{"timestamp":"2025-07-10T23:48:05,400","container":"5f93daac00f1","level":"INFO","thread":"EthScheduler-Timer-0","class":"FullSyncTargetManager","message":"Unable to find sync target. Currently checking 0 peers for usefulness","throwable":""}
{"timestamp":"2025-07-10T23:48:10,401","container":"5f93daac00f1","level":"INFO","thread":"EthScheduler-Timer-0","class":"FullSyncTargetManager","message":"Unable to find sync target. Currently checking 0 peers for usefulness","throwable":""}
{"timestamp":"2025-07-10T23:48:15,401","container":"5f93daac00f1","level":"INFO","thread":"EthScheduler-Timer-0","class":"FullSyncTargetManager","message":"Unable to find sync target. Currently checking 0 peers for usefulness","throwable":""}
{"timestamp":"2025-07-10T23:48:20,402","container":"5f93daac00f1","level":"INFO","thread":"EthScheduler-Timer-0","class":"FullSyncTargetManager","message":"Unable to find sync target. Currently checking 0 peers for usefulness","throwable":""}
{"timestamp":"2025-07-10T23:48:25,402","container":"5f93daac00f1","level":"INFO","thread":"EthScheduler-Timer-0","class":"FullSyncTargetManager","message":"Unable to find sync target. Currently checking 0 peers for usefulness","throwable":""}
{"timestamp":"2025-07-10T23:48:30,403","container":"5f93daac00f1","level":"INFO","thread":"EthScheduler-Timer-0","class":"FullSyncTargetManager","message":"Unable to find sync target. Currently checking 0 peers for usefulness","throwable":""}
{"timestamp":"2025-07-10T23:48:35,403","container":"5f93daac00f1","level":"INFO","thread":"EthScheduler-Timer-0","class":"FullSyncTargetManager","message":"Unable to find sync target. Currently checking 0 peers for usefulness","throwable":""}
{"timestamp":"2025-07-10T23:48:40,404","container":"5f93daac00f1","level":"INFO","thread":"EthScheduler-Timer-0","class":"FullSyncTargetManager","message":"Unable to find sync target. Currently checking 0 peers for usefulness","throwable":""}
{"timestamp":"2025-07-10T23:48:45,404","container":"5f93daac00f1","level":"INFO","thread":"EthScheduler-Timer-0","class":"FullSyncTargetManager","message":"Unable to find sync target. Currently checking 0 peers for usefulness","throwable":""}
{"timestamp":"2025-07-10T23:48:50,405","container":"5f93daac00f1","level":"INFO","thread":"EthScheduler-Timer-0","class":"FullSyncTargetManager","message":"Unable to find sync target. Currently checking 0 peers for usefulness","throwable":""}
{"timestamp":"2025-07-10T23:48:55,405","container":"5f93daac00f1","level":"INFO","thread":"EthScheduler-Timer-0","class":"FullSyncTargetManager","message":"Unable to find sync target. Currently checking 0 peers for usefulness","throwable":""}
{"timestamp":"2025-07-10T23:49:00,406","container":"5f93daac00f1","level":"INFO","thread":"EthScheduler-Timer-0","class":"FullSyncTargetManager","message":"Unable to find sync target. Currently checking 0 peers for usefulness","throwable":""}
{"timestamp":"2025-07-10T23:49:05,406","container":"5f93daac00f1","level":"INFO","thread":"EthScheduler-Timer-0","class":"FullSyncTargetManager","message":"Unable to find sync target. Currently checking 0 peers for usefulness","throwable":""}
{"timestamp":"2025-07-10T23:49:10,407","container":"5f93daac00f1","level":"INFO","thread":"EthScheduler-Timer-0","class":"FullSyncTargetManager","message":"Unable to find sync target. Currently checking 0 peers for usefulness","throwable":""}
{"timestamp":"2025-07-10T23:49:15,407","container":"5f93daac00f1","level":"INFO","thread":"EthScheduler-Timer-0","class":"FullSyncTargetManager","message":"Unable to find sync target. Currently checking 0 peers for usefulness","throwable":""}
{"timestamp":"2025-07-10T23:49:20,408","container":"5f93daac00f1","level":"INFO","thread":"EthScheduler-Timer-0","class":"FullSyncTargetManager","message":"Unable to find sync target. Currently checking 0 peers for usefulness","throwable":""}
{"timestamp":"2025-07-10T23:49:25,408","container":"5f93daac00f1","level":"INFO","thread":"EthScheduler-Timer-0","class":"FullSyncTargetManager","message":"Unable to find sync target. Currently checking 0 peers for usefulness","throwable":""}
{"timestamp":"2025-07-10T23:49:30,408","container":"5f93daac00f1","level":"INFO","thread":"EthScheduler-Timer-0","class":"FullSyncTargetManager","message":"Unable to find sync target. Currently checking 0 peers for usefulness","throwable":""}
{"timestamp":"2025-07-10T23:49:35,409","container":"5f93daac00f1","level":"INFO","thread":"EthScheduler-Timer-0","class":"FullSyncTargetManager","message":"Unable to find sync target. Currently checking 0 peers for usefulness","throwable":""}
{"timestamp":"2025-07-10T23:49:40,409","container":"5f93daac00f1","level":"INFO","thread":"EthScheduler-Timer-0","class":"FullSyncTargetManager","message":"Unable to find sync target. Currently checking 0 peers for usefulness","throwable":""}
{"timestamp":"2025-07-10T23:49:45,410","container":"5f93daac00f1","level":"INFO","thread":"EthScheduler-Timer-0","class":"FullSyncTargetManager","message":"Unable to find sync target. Currently checking 0 peers for usefulness","throwable":""}
{"timestamp":"2025-07-10T23:49:50,410","container":"5f93daac00f1","level":"INFO","thread":"EthScheduler-Timer-0","class":"FullSyncTargetManager","message":"Unable to find sync target. Currently checking 0 peers for usefulness","throwable":""}
{"timestamp":"2025-07-10T23:49:55,411","container":"5f93daac00f1","level":"INFO","thread":"EthScheduler-Timer-0","class":"FullSyncTargetManager","message":"Unable to find sync target. Currently checking 0 peers for usefulness","throwable":""}
{"timestamp":"2025-07-10T23:50:00,411","container":"5f93daac00f1","level":"INFO","thread":"EthScheduler-Timer-0","class":"FullSyncTargetManager","message":"Unable to find sync target. Currently checking 0 peers for usefulness","throwable":""}
{"timestamp":"2025-07-10T23:50:05,412","container":"5f93daac00f1","level":"INFO","thread":"EthScheduler-Timer-0","class":"FullSyncTargetManager","message":"Unable to find sync target. Currently checking 0 peers for usefulness","throwable":""}
{"timestamp":"2025-07-10T23:50:10,412","container":"5f93daac00f1","level":"INFO","thread":"EthScheduler-Timer-0","class":"FullSyncTargetManager","message":"Unable to find sync target. Currently checking 0 peers for usefulness","throwable":""}
{"timestamp":"2025-07-10T23:50:15,413","container":"5f93daac00f1","level":"INFO","thread":"EthScheduler-Timer-0","class":"FullSyncTargetManager","message":"Unable to find sync target. Currently checking 0 peers for usefulness","throwable":""}
{"timestamp":"2025-07-10T23:50:20,413","container":"5f93daac00f1","level":"INFO","thread":"EthScheduler-Timer-0","class":"FullSyncTargetManager","message":"Unable to find sync target. Currently checking 0 peers for usefulness","throwable":""}
{"timestamp":"2025-07-10T23:50:25,414","container":"5f93daac00f1","level":"INFO","thread":"EthScheduler-Timer-0","class":"FullSyncTargetManager","message":"Unable to find sync target. Currently checking 0 peers for usefulness","throwable":""}
{"timestamp":"2025-07-10T23:50:30,414","container":"5f93daac00f1","level":"INFO","thread":"EthScheduler-Timer-0","class":"FullSyncTargetManager","message":"Unable to find sync target. Currently checking 0 peers for usefulness","throwable":""}
{"timestamp":"2025-07-10T23:50:35,415","container":"5f93daac00f1","level":"INFO","thread":"EthScheduler-Timer-0","class":"FullSyncTargetManager","message":"Unable to find sync target. Currently checking 0 peers for usefulness","throwable":""}
{"timestamp":"2025-07-10T23:50:40,415","container":"5f93daac00f1","level":"INFO","thread":"EthScheduler-Timer-0","class":"FullSyncTargetManager","message":"Unable to find sync target. Currently checking 0 peers for usefulness","throwable":""}
{"timestamp":"2025-07-10T23:50:45,416","container":"5f93daac00f1","level":"INFO","thread":"EthScheduler-Timer-0","class":"FullSyncTargetManager","message":"Unable to find sync target. Currently checking 0 peers for usefulness","throwable":""}
{"timestamp":"2025-07-10T23:50:50,416","container":"5f93daac00f1","level":"INFO","thread":"EthScheduler-Timer-0","class":"FullSyncTargetManager","message":"Unable to find sync target. Currently checking 0 peers for usefulness","throwable":""}
{"timestamp":"2025-07-10T23:50:55,417","container":"5f93daac00f1","level":"INFO","thread":"EthScheduler-Timer-0","class":"FullSyncTargetManager","message":"Unable to find sync target. Currently checking 0 peers for usefulness","throwable":""}
{"timestamp":"2025-07-10T23:51:00,417","container":"5f93daac00f1","level":"INFO","thread":"EthScheduler-Timer-0","class":"FullSyncTargetManager","message":"Unable to find sync target. Currently checking 0 peers for usefulness","throwable":""}
{"timestamp":"2025-07-10T23:51:05,417","container":"5f93daac00f1","level":"INFO","thread":"EthScheduler-Timer-0","class":"FullSyncTargetManager","message":"Unable to find sync target. Currently checking 0 peers for usefulness","throwable":""}
{"timestamp":"2025-07-10T23:51:10,418","container":"5f93daac00f1","level":"INFO","thread":"EthScheduler-Timer-0","class":"FullSyncTargetManager","message":"Unable to find sync target. Currently checking 0 peers for usefulness","throwable":""}
{"timestamp":"2025-07-10T23:51:15,418","container":"5f93daac00f1","level":"INFO","thread":"EthScheduler-Timer-0","class":"FullSyncTargetManager","message":"Unable to find sync target. Currently checking 0 peers for usefulness","throwable":""}
{"timestamp":"2025-07-10T23:51:20,419","container":"5f93daac00f1","level":"INFO","thread":"EthScheduler-Timer-0","class":"FullSyncTargetManager","message":"Unable to find sync target. Currently checking 0 peers for usefulness","throwable":""}
{"timestamp":"2025-07-10T23:51:25,420","container":"5f93daac00f1","level":"INFO","thread":"EthScheduler-Timer-0","class":"FullSyncTargetManager","message":"Unable to find sync target. Currently checking 0 peers for usefulness","throwable":""}
{"timestamp":"2025-07-10T23:51:30,420","container":"5f93daac00f1","level":"INFO","thread":"EthScheduler-Timer-0","class":"FullSyncTargetManager","message":"Unable to find sync target. Currently checking 0 peers for usefulness","throwable":""}
{"timestamp":"2025-07-10T23:51:35,420","container":"5f93daac00f1","level":"INFO","thread":"EthScheduler-Timer-0","class":"FullSyncTargetManager","message":"Unable to find sync target. Currently checking 0 peers for usefulness","throwable":""}
{"timestamp":"2025-07-10T23:51:40,421","container":"5f93daac00f1","level":"INFO","thread":"EthScheduler-Timer-0","class":"FullSyncTargetManager","message":"Unable to find sync target. Currently checking 0 peers for usefulness","throwable":""}
{"timestamp":"2025-07-10T23:51:45,421","container":"5f93daac00f1","level":"INFO","thread":"EthScheduler-Timer-0","class":"FullSyncTargetManager","message":"Unable to find sync target. Currently checking 0 peers for usefulness","throwable":""}
{"timestamp":"2025-07-10T23:51:50,422","container":"5f93daac00f1","level":"INFO","thread":"EthScheduler-Timer-0","class":"FullSyncTargetManager","message":"Unable to find sync target. Currently checking 0 peers for usefulness","throwable":""}
{"timestamp":"2025-07-10T23:51:55,422","container":"5f93daac00f1","level":"INFO","thread":"EthScheduler-Timer-0","class":"FullSyncTargetManager","message":"Unable to find sync target. Currently checking 0 peers for usefulness","throwable":""}
{"timestamp":"2025-07-10T23:52:00,423","container":"5f93daac00f1","level":"INFO","thread":"EthScheduler-Timer-0","class":"FullSyncTargetManager","message":"Unable to find sync target. Currently checking 0 peers for usefulness","throwable":""}
{"timestamp":"2025-07-10T23:52:05,423","container":"5f93daac00f1","level":"INFO","thread":"EthScheduler-Timer-0","class":"FullSyncTargetManager","message":"Unable to find sync target. Currently checking 0 peers for usefulness","throwable":""}
{"timestamp":"2025-07-10T23:52:10,424","container":"5f93daac00f1","level":"INFO","thread":"EthScheduler-Timer-0","class":"FullSyncTargetManager","message":"Unable to find sync target. Currently checking 0 peers for usefulness","throwable":""}
{"timestamp":"2025-07-10T23:52:15,424","container":"5f93daac00f1","level":"INFO","thread":"EthScheduler-Timer-0","class":"FullSyncTargetManager","message":"Unable to find sync target. Currently checking 0 peers for usefulness","throwable":""}
{"timestamp":"2025-07-10T23:52:20,425","container":"5f93daac00f1","level":"INFO","thread":"EthScheduler-Timer-0","class":"FullSyncTargetManager","message":"Unable to find sync target. Currently checking 0 peers for usefulness","throwable":""}
{"timestamp":"2025-07-10T23:52:25,425","container":"5f93daac00f1","level":"INFO","thread":"EthScheduler-Timer-0","class":"FullSyncTargetManager","message":"Unable to find sync target. Currently checking 0 peers for usefulness","throwable":""}
{"timestamp":"2025-07-10T23:52:30,426","container":"5f93daac00f1","level":"INFO","thread":"EthScheduler-Timer-0","class":"FullSyncTargetManager","message":"Unable to find sync target. Currently checking 0 peers for usefulness","throwable":""}
{"timestamp":"2025-07-10T23:52:35,426","container":"5f93daac00f1","level":"INFO","thread":"EthScheduler-Timer-0","class":"FullSyncTargetManager","message":"Unable to find sync target. Currently checking 0 peers for usefulness","throwable":""}
{"timestamp":"2025-07-10T23:52:40,427","container":"5f93daac00f1","level":"INFO","thread":"EthScheduler-Timer-0","class":"FullSyncTargetManager","message":"Unable to find sync target. Currently checking 0 peers for usefulness","throwable":""}
{"timestamp":"2025-07-10T23:52:45,427","container":"5f93daac00f1","level":"INFO","thread":"EthScheduler-Timer-0","class":"FullSyncTargetManager","message":"Unable to find sync target. Currently checking 0 peers for usefulness","throwable":""}
{"timestamp":"2025-07-10T23:52:50,428","container":"5f93daac00f1","level":"INFO","thread":"EthScheduler-Timer-0","class":"FullSyncTargetManager","message":"Unable to find sync target. Currently checking 0 peers for usefulness","throwable":""}
{"timestamp":"2025-07-10T23:52:55,428","container":"5f93daac00f1","level":"INFO","thread":"EthScheduler-Timer-0","class":"FullSyncTargetManager","message":"Unable to find sync target. Currently checking 0 peers for usefulness","throwable":""}
{"timestamp":"2025-07-10T23:53:00,429","container":"5f93daac00f1","level":"INFO","thread":"EthScheduler-Timer-0","class":"FullSyncTargetManager","message":"Unable to find sync target. Currently checking 0 peers for usefulness","throwable":""}
{"timestamp":"2025-07-10T23:53:05,429","container":"5f93daac00f1","level":"INFO","thread":"EthScheduler-Timer-0","class":"FullSyncTargetManager","message":"Unable to find sync target. Currently checking 0 peers for usefulness","throwable":""}
{"timestamp":"2025-07-10T23:53:10,430","container":"5f93daac00f1","level":"INFO","thread":"EthScheduler-Timer-0","class":"FullSyncTargetManager","message":"Unable to find sync target. Currently checking 0 peers for usefulness","throwable":""}
{"timestamp":"2025-07-10T23:53:15,430","container":"5f93daac00f1","level":"INFO","thread":"EthScheduler-Timer-0","class":"FullSyncTargetManager","message":"Unable to find sync target. Currently checking 0 peers for usefulness","throwable":""}
{"timestamp":"2025-07-10T23:53:20,431","container":"5f93daac00f1","level":"INFO","thread":"EthScheduler-Timer-0","class":"FullSyncTargetManager","message":"Unable to find sync target. Currently checking 0 peers for usefulness","throwable":""}
{"timestamp":"2025-07-10T23:53:25,431","container":"5f93daac00f1","level":"INFO","thread":"EthScheduler-Timer-0","class":"FullSyncTargetManager","message":"Unable to find sync target. Currently checking 0 peers for usefulness","throwable":""}
{"timestamp":"2025-07-10T23:53:30,432","container":"5f93daac00f1","level":"INFO","thread":"EthScheduler-Timer-0","class":"FullSyncTargetManager","message":"Unable to find sync target. Currently checking 0 peers for usefulness","throwable":""}
{"timestamp":"2025-07-10T23:53:35,432","container":"5f93daac00f1","level":"INFO","thread":"EthScheduler-Timer-0","class":"FullSyncTargetManager","message":"Unable to find sync target. Currently checking 0 peers for usefulness","throwable":""}
{"timestamp":"2025-07-10T23:53:40,432","container":"5f93daac00f1","level":"INFO","thread":"EthScheduler-Timer-0","class":"FullSyncTargetManager","message":"Unable to find sync target. Currently checking 0 peers for usefulness","throwable":""}
{"timestamp":"2025-07-10T23:53:45,433","container":"5f93daac00f1","level":"INFO","thread":"EthScheduler-Timer-0","class":"FullSyncTargetManager","message":"Unable to find sync target. Currently checking 0 peers for usefulness","throwable":""}
{"timestamp":"2025-07-10T23:53:50,433","container":"5f93daac00f1","level":"INFO","thread":"EthScheduler-Timer-0","class":"FullSyncTargetManager","message":"Unable to find sync target. Currently checking 0 peers for usefulness","throwable":""}
{"timestamp":"2025-07-10T23:53:55,434","container":"5f93daac00f1","level":"INFO","thread":"EthScheduler-Timer-0","class":"FullSyncTargetManager","message":"Unable to find sync target. Currently checking 0 peers for usefulness","throwable":""}
{"timestamp":"2025-07-10T23:54:00,434","container":"5f93daac00f1","level":"INFO","thread":"EthScheduler-Timer-0","class":"FullSyncTargetManager","message":"Unable to find sync target. Currently checking 0 peers for usefulness","throwable":""}
{"timestamp":"2025-07-10T23:54:05,435","container":"5f93daac00f1","level":"INFO","thread":"EthScheduler-Timer-0","class":"FullSyncTargetManager","message":"Unable to find sync target. Currently checking 0 peers for usefulness","throwable":""}
{"timestamp":"2025-07-10T23:54:10,435","container":"5f93daac00f1","level":"INFO","thread":"EthScheduler-Timer-0","class":"FullSyncTargetManager","message":"Unable to find sync target. Currently checking 0 peers for usefulness","throwable":""}
{"timestamp":"2025-07-10T23:54:15,435","container":"5f93daac00f1","level":"INFO","thread":"EthScheduler-Timer-0","class":"FullSyncTargetManager","message":"Unable to find sync target. Currently checking 0 peers for usefulness","throwable":""}
{"timestamp":"2025-07-10T23:54:20,436","container":"5f93daac00f1","level":"INFO","thread":"EthScheduler-Timer-0","class":"FullSyncTargetManager","message":"Unable to find sync target. Currently checking 0 peers for usefulness","throwable":""}
{"timestamp":"2025-07-10T23:54:25,436","container":"5f93daac00f1","level":"INFO","thread":"EthScheduler-Timer-0","class":"FullSyncTargetManager","message":"Unable to find sync target. Currently checking 0 peers for usefulness","throwable":""}
{"timestamp":"2025-07-10T23:54:30,437","container":"5f93daac00f1","level":"INFO","thread":"EthScheduler-Timer-0","class":"FullSyncTargetManager","message":"Unable to find sync target. Currently checking 0 peers for usefulness","throwable":""}
{"timestamp":"2025-07-10T23:54:35,437","container":"5f93daac00f1","level":"INFO","thread":"EthScheduler-Timer-0","class":"FullSyncTargetManager","message":"Unable to find sync target. Currently checking 0 peers for usefulness","throwable":""}
{"timestamp":"2025-07-10T23:54:40,438","container":"5f93daac00f1","level":"INFO","thread":"EthScheduler-Timer-0","class":"FullSyncTargetManager","message":"Unable to find sync target. Currently checking 0 peers for usefulness","throwable":""}
{"timestamp":"2025-07-10T23:54:45,438","container":"5f93daac00f1","level":"INFO","thread":"EthScheduler-Timer-0","class":"FullSyncTargetManager","message":"Unable to find sync target. Currently checking 0 peers for usefulness","throwable":""}
{"timestamp":"2025-07-10T23:54:50,439","container":"5f93daac00f1","level":"INFO","thread":"EthScheduler-Timer-0","class":"FullSyncTargetManager","message":"Unable to find sync target. Currently checking 0 peers for usefulness","throwable":""}
{"timestamp":"2025-07-10T23:54:55,439","container":"5f93daac00f1","level":"INFO","thread":"EthScheduler-Timer-0","class":"FullSyncTargetManager","message":"Unable to find sync target. Currently checking 0 peers for usefulness","throwable":""}
{"timestamp":"2025-07-10T23:55:00,440","container":"5f93daac00f1","level":"INFO","thread":"EthScheduler-Timer-0","class":"FullSyncTargetManager","message":"Unable to find sync target. Currently checking 0 peers for usefulness","throwable":""}
{"timestamp":"2025-07-10T23:55:05,440","container":"5f93daac00f1","level":"INFO","thread":"EthScheduler-Timer-0","class":"FullSyncTargetManager","message":"Unable to find sync target. Currently checking 0 peers for usefulness","throwable":""}
{"timestamp":"2025-07-10T23:55:10,441","container":"5f93daac00f1","level":"INFO","thread":"EthScheduler-Timer-0","class":"FullSyncTargetManager","message":"Unable to find sync target. Currently checking 0 peers for usefulness","throwable":""}
{"timestamp":"2025-07-10T23:55:15,441","container":"5f93daac00f1","level":"INFO","thread":"EthScheduler-Timer-0","class":"FullSyncTargetManager","message":"Unable to find sync target. Currently checking 0 peers for usefulness","throwable":""}
{"timestamp":"2025-07-10T23:55:20,442","container":"5f93daac00f1","level":"INFO","thread":"EthScheduler-Timer-0","class":"FullSyncTargetManager","message":"Unable to find sync target. Currently checking 0 peers for usefulness","throwable":""}
{"timestamp":"2025-07-10T23:55:25,442","container":"5f93daac00f1","level":"INFO","thread":"EthScheduler-Timer-0","class":"FullSyncTargetManager","message":"Unable to find sync target. Currently checking 0 peers for usefulness","throwable":""}
{"timestamp":"2025-07-10T23:55:30,443","container":"5f93daac00f1","level":"INFO","thread":"EthScheduler-Timer-0","class":"FullSyncTargetManager","message":"Unable to find sync target. Currently checking 0 peers for usefulness","throwable":""}
{"timestamp":"2025-07-10T23:55:35,443","container":"5f93daac00f1","level":"INFO","thread":"EthScheduler-Timer-0","class":"FullSyncTargetManager","message":"Unable to find sync target. Currently checking 0 peers for usefulness","throwable":""}
{"timestamp":"2025-07-10T23:55:40,444","container":"5f93daac00f1","level":"INFO","thread":"EthScheduler-Timer-0","class":"FullSyncTargetManager","message":"Unable to find sync target. Currently checking 0 peers for usefulness","throwable":""}
{"timestamp":"2025-07-10T23:55:45,444","container":"5f93daac00f1","level":"INFO","thread":"EthScheduler-Timer-0","class":"FullSyncTargetManager","message":"Unable to find sync target. Currently checking 0 peers for usefulness","throwable":""}
{"timestamp":"2025-07-10T23:55:50,445","container":"5f93daac00f1","level":"INFO","thread":"EthScheduler-Timer-0","class":"FullSyncTargetManager","message":"Unable to find sync target. Currently checking 0 peers for usefulness","throwable":""}
{"timestamp":"2025-07-10T23:55:55,445","container":"5f93daac00f1","level":"INFO","thread":"EthScheduler-Timer-0","class":"FullSyncTargetManager","message":"Unable to find sync target. Currently checking 0 peers for usefulness","throwable":""}
{"timestamp":"2025-07-10T23:56:00,445","container":"5f93daac00f1","level":"INFO","thread":"EthScheduler-Timer-0","class":"FullSyncTargetManager","message":"Unable to find sync target. Currently checking 0 peers for usefulness","throwable":""}
{"timestamp":"2025-07-10T23:56:05,446","container":"5f93daac00f1","level":"INFO","thread":"EthScheduler-Timer-0","class":"FullSyncTargetManager","message":"Unable to find sync target. Currently checking 0 peers for usefulness","throwable":""}
{"timestamp":"2025-07-10T23:56:10,446","container":"5f93daac00f1","level":"INFO","thread":"EthScheduler-Timer-0","class":"FullSyncTargetManager","message":"Unable to find sync target. Currently checking 0 peers for usefulness","throwable":""}
{"timestamp":"2025-07-10T23:56:15,447","container":"5f93daac00f1","level":"INFO","thread":"EthScheduler-Timer-0","class":"FullSyncTargetManager","message":"Unable to find sync target. Currently checking 0 peers for usefulness","throwable":""}
{"timestamp":"2025-07-10T23:56:20,447","container":"5f93daac00f1","level":"INFO","thread":"EthScheduler-Timer-0","class":"FullSyncTargetManager","message":"Unable to find sync target. Currently checking 0 peers for usefulness","throwable":""}
{"timestamp":"2025-07-10T23:56:25,448","container":"5f93daac00f1","level":"INFO","thread":"EthScheduler-Timer-0","class":"FullSyncTargetManager","message":"Unable to find sync target. Currently checking 0 peers for usefulness","throwable":""}
{"timestamp":"2025-07-10T23:56:30,448","container":"5f93daac00f1","level":"INFO","thread":"EthScheduler-Timer-0","class":"FullSyncTargetManager","message":"Unable to find sync target. Currently checking 0 peers for usefulness","throwable":""}
{"timestamp":"2025-07-10T23:56:35,449","container":"5f93daac00f1","level":"INFO","thread":"EthScheduler-Timer-0","class":"FullSyncTargetManager","message":"Unable to find sync target. Currently checking 0 peers for usefulness","throwable":""}
{"timestamp":"2025-07-10T23:56:40,449","container":"5f93daac00f1","level":"INFO","thread":"EthScheduler-Timer-0","class":"FullSyncTargetManager","message":"Unable to find sync target. Currently checking 0 peers for usefulness","throwable":""}
{"timestamp":"2025-07-10T23:56:45,449","container":"5f93daac00f1","level":"INFO","thread":"EthScheduler-Timer-0","class":"FullSyncTargetManager","message":"Unable to find sync target. Currently checking 0 peers for usefulness","throwable":""}
{"timestamp":"2025-07-10T23:56:50,450","container":"5f93daac00f1","level":"INFO","thread":"EthScheduler-Timer-0","class":"FullSyncTargetManager","message":"Unable to find sync target. Currently checking 0 peers for usefulness","throwable":""}
{"timestamp":"2025-07-10T23:56:55,450","container":"5f93daac00f1","level":"INFO","thread":"EthScheduler-Timer-0","class":"FullSyncTargetManager","message":"Unable to find sync target. Currently checking 0 peers for usefulness","throwable":""}
{"timestamp":"2025-07-10T23:57:00,451","container":"5f93daac00f1","level":"INFO","thread":"EthScheduler-Timer-0","class":"FullSyncTargetManager","message":"Unable to find sync target. Currently checking 0 peers for usefulness","throwable":""}
{"timestamp":"2025-07-10T23:57:05,451","container":"5f93daac00f1","level":"INFO","thread":"EthScheduler-Timer-0","class":"FullSyncTargetManager","message":"Unable to find sync target. Currently checking 0 peers for usefulness","throwable":""}
{"timestamp":"2025-07-10T23:57:10,452","container":"5f93daac00f1","level":"INFO","thread":"EthScheduler-Timer-0","class":"FullSyncTargetManager","message":"Unable to find sync target. Currently checking 0 peers for usefulness","throwable":""}
{"timestamp":"2025-07-10T23:57:15,452","container":"5f93daac00f1","level":"INFO","thread":"EthScheduler-Timer-0","class":"FullSyncTargetManager","message":"Unable to find sync target. Currently checking 0 peers for usefulness","throwable":""}
{"timestamp":"2025-07-10T23:57:20,452","container":"5f93daac00f1","level":"INFO","thread":"EthScheduler-Timer-0","class":"FullSyncTargetManager","message":"Unable to find sync target. Currently checking 0 peers for usefulness","throwable":""}
{"timestamp":"2025-07-10T23:57:25,453","container":"5f93daac00f1","level":"INFO","thread":"EthScheduler-Timer-0","class":"FullSyncTargetManager","message":"Unable to find sync target. Currently checking 0 peers for usefulness","throwable":""}
{"timestamp":"2025-07-10T23:57:30,453","container":"5f93daac00f1","level":"INFO","thread":"EthScheduler-Timer-0","class":"FullSyncTargetManager","message":"Unable to find sync target. Currently checking 0 peers for usefulness","throwable":""}
{"timestamp":"2025-07-10T23:57:35,454","container":"5f93daac00f1","level":"INFO","thread":"EthScheduler-Timer-0","class":"FullSyncTargetManager","message":"Unable to find sync target. Currently checking 0 peers for usefulness","throwable":""}
{"timestamp":"2025-07-10T23:57:40,455","container":"5f93daac00f1","level":"INFO","thread":"EthScheduler-Timer-0","class":"FullSyncTargetManager","message":"Unable to find sync target. Currently checking 0 peers for usefulness","throwable":""}
{"timestamp":"2025-07-10T23:57:43,988","container":"5f93daac00f1","level":"INFO","thread":"BftProcessorExecutor-QBFT-0","class":"BftProcessor","message":"Shutting down BFT event processor","throwable":""}
{"timestamp":"2025-07-10T23:57:43,990","container":"5f93daac00f1","level":"INFO","thread":"BesuCommand-Shutdown-Hook","class":"DefaultSynchronizer","message":"Stopping synchronizer","throwable":""}
{"timestamp":"2025-07-10T23:57:43,994","container":"5f93daac00f1","level":"INFO","thread":"BesuCommand-Shutdown-Hook","class":"NetworkRunner","message":"Stopping Network.","throwable":""}
{"timestamp":"2025-07-10T23:57:43,998","container":"5f93daac00f1","level":"INFO","thread":"BesuCommand-Shutdown-Hook","class":"EthProtocolManager","message":"Stopping eth Subprotocol.","throwable":""}
{"timestamp":"2025-07-10T23:57:44,002","container":"5f93daac00f1","level":"INFO","thread":"BesuCommand-Shutdown-Hook","class":"EthProtocolManager","message":"eth Subprotocol stopped.","throwable":""}
{"timestamp":"2025-07-10T23:57:44,003","container":"5f93daac00f1","level":"INFO","thread":"BesuCommand-Shutdown-Hook","class":"NetworkRunner","message":"Network stopped.","throwable":""}
{"timestamp":"2025-07-10T23:57:44,003","container":"5f93daac00f1","level":"INFO","thread":"BesuCommand-Shutdown-Hook","class":"AutoTransactionLogBloomCachingService","message":"Shutting down Auto transaction logs caching service.","throwable":""}
{"timestamp":"2025-07-10T23:57:44,003","container":"5f93daac00f1","level":"INFO","thread":"BesuCommand-Shutdown-Hook","class":"DockerNatManager","message":"Stopping docker NAT manager.","throwable":""}
{"timestamp":"2025-07-11T05:21:57,479","container":"5f93daac00f1","level":"INFO","thread":"main","class":"Besu","message":"Starting Besu","throwable":""}
{"timestamp":"2025-07-11T05:21:57,993","container":"5f93daac00f1","level":"WARN","thread":"main","class":"Besu","message":"--min-gas-price has been ignored because --miner-enabled was not defined on the command line.","throwable":""}
{"timestamp":"2025-07-11T05:21:58,970","container":"5f93daac00f1","level":"INFO","thread":"main","class":"Besu","message":"
####################################################################################################
#                                                                                                  #
# Besu version 23.4.1                                                                              #
#                                                                                                  #
# Configuration:                                                                                   #
# Network: Custom genesis file specified                                                           #
# Network Id: 1337                                                                                 #
# Data storage: Forest                                                                             #
# Sync mode: Full                                                                                  #
# RPC HTTP APIs: EEA,WEB3,ETH,NET,TRACE,DEBUG,ADMIN,TXPOOL,PRIV,PERM,QBFT                          #
# RPC HTTP port: 8545                                                                              #
#                                                                                                  #
# Host:                                                                                            #
# Java: openjdk-java-17                                                                            #
# Maximum heap size: 3.84 GB                                                                       #
# OS: linux-x86_64                                                                                 #
# glibc: 2.35                                                                                      #
# jemalloc: 5.2.1-0-gea6b3e973b477b8061e0076bb257dbd7f3faa756                                      #
# Total memory: 15.35 GB                                                                           #
# CPU cores: 8                                                                                     #
#                                                                                                  #
####################################################################################################","throwable":""}
{"timestamp":"2025-07-11T05:21:58,971","container":"5f93daac00f1","level":"INFO","thread":"main","class":"Besu","message":"Connecting to 8 static nodes.","throwable":""}
{"timestamp":"2025-07-11T05:21:58,971","container":"5f93daac00f1","level":"INFO","thread":"main","class":"Besu","message":"Security Module: localfile","throwable":""}
{"timestamp":"2025-07-11T05:21:59,037","container":"5f93daac00f1","level":"INFO","thread":"main","class":"Besu","message":"Using the native implementation of alt bn128","throwable":""}
{"timestamp":"2025-07-11T05:21:59,113","container":"5f93daac00f1","level":"INFO","thread":"main","class":"Besu","message":"Using the native implementation of modexp","throwable":""}
{"timestamp":"2025-07-11T05:21:59,114","container":"5f93daac00f1","level":"INFO","thread":"main","class":"Besu","message":"Using the native implementation of the signature algorithm","throwable":""}
{"timestamp":"2025-07-11T05:21:59,118","container":"5f93daac00f1","level":"INFO","thread":"main","class":"Besu","message":"Using the native implementation of the blake2bf algorithm","throwable":""}
{"timestamp":"2025-07-11T05:21:59,161","container":"5f93daac00f1","level":"INFO","thread":"main","class":"DatabaseMetadata","message":"Lookup database metadata file in data directory: /opt/besu/data","throwable":""}
{"timestamp":"2025-07-11T05:21:59,264","container":"5f93daac00f1","level":"INFO","thread":"main","class":"RocksDBKeyValueStorageFactory","message":"Existing database detected at /opt/besu/data. Version 1. Compacting database...","throwable":""}
{"timestamp":"2025-07-11T05:21:59,995","container":"5f93daac00f1","level":"INFO","thread":"main","class":"KeyPairUtil","message":"Loaded public key 0x59cf0c623c582fa9b19bdf70fb6bade07f4ae32218dd4d1c7e2c7e65acf87da45cf2ab55d16d27360aafef17622c37c09db60d7680ebcc17b78867f4c05bcaa4 from /opt/besu/keys/nodekey","throwable":""}
{"timestamp":"2025-07-11T05:22:00,011","container":"5f93daac00f1","level":"WARN","thread":"main","class":"Besu","message":"Privacy is disabled. Cannot use EEA/PRIV API methods when not using Privacy.","throwable":""}
{"timestamp":"2025-07-11T05:22:00,366","container":"5f93daac00f1","level":"INFO","thread":"main","class":"ProtocolScheduleBuilder","message":"Protocol schedule created with milestones: [GrayGlacier: 0]","throwable":""}
{"timestamp":"2025-07-11T05:22:00,649","container":"5f93daac00f1","level":"INFO","thread":"main","class":"TransactionPoolFactory","message":"Enabling transaction pool","throwable":""}
{"timestamp":"2025-07-11T05:22:00,671","container":"5f93daac00f1","level":"INFO","thread":"main","class":"BesuControllerBuilder","message":"TTD difficulty is not present, creating initial sync phase for PoW","throwable":""}
{"timestamp":"2025-07-11T05:22:00,795","container":"5f93daac00f1","level":"INFO","thread":"main","class":"RunnerBuilder","message":"Detecting NAT service.","throwable":""}
{"timestamp":"2025-07-11T05:22:01,935","container":"5f93daac00f1","level":"INFO","thread":"main","class":"Runner","message":"Starting external services ... ","throwable":""}
{"timestamp":"2025-07-11T05:22:01,936","container":"5f93daac00f1","level":"INFO","thread":"main","class":"MetricsHttpService","message":"Starting metrics http service on 0.0.0.0:9545","throwable":""}
{"timestamp":"2025-07-11T05:22:02,269","container":"5f93daac00f1","level":"INFO","thread":"main","class":"JsonRpcHttpService","message":"Starting JSON-RPC service on 0.0.0.0:8545","throwable":""}
{"timestamp":"2025-07-11T05:22:02,270","container":"5f93daac00f1","level":"INFO","thread":"vert.x-eventloop-thread-1","class":"MetricsHttpService","message":"Metrics service started and listening on 0.0.0.0:9545","throwable":""}
{"timestamp":"2025-07-11T05:22:02,291","container":"5f93daac00f1","level":"INFO","thread":"vert.x-eventloop-thread-1","class":"JsonRpcHttpService","message":"JSON-RPC service started and listening on 0.0.0.0:8545","throwable":""}
{"timestamp":"2025-07-11T05:22:02,295","container":"5f93daac00f1","level":"INFO","thread":"main","class":"GraphQLHttpService","message":"Starting GraphQL HTTP service on 0.0.0.0:8547","throwable":""}
{"timestamp":"2025-07-11T05:22:02,313","container":"5f93daac00f1","level":"INFO","thread":"vert.x-eventloop-thread-1","class":"GraphQLHttpService","message":"GraphQL HTTP service started and listening on 0.0.0.0:8547","throwable":""}
{"timestamp":"2025-07-11T05:22:02,314","container":"5f93daac00f1","level":"INFO","thread":"main","class":"WebSocketService","message":"Starting Websocket service on 0.0.0.0:8546","throwable":""}
{"timestamp":"2025-07-11T05:22:02,317","container":"5f93daac00f1","level":"INFO","thread":"vert.x-eventloop-thread-1","class":"WebSocketService","message":"Websocket service started and listening on 0.0.0.0:8546","throwable":""}
{"timestamp":"2025-07-11T05:22:02,334","container":"5f93daac00f1","level":"INFO","thread":"main","class":"AutoTransactionLogBloomCachingService","message":"Starting auto transaction log bloom caching service.","throwable":""}
{"timestamp":"2025-07-11T05:22:02,335","container":"5f93daac00f1","level":"INFO","thread":"main","class":"LogBloomCacheMetadata","message":"Lookup cache metadata file in data directory: /opt/besu/data/caches","throwable":""}
{"timestamp":"2025-07-11T05:22:02,378","container":"5f93daac00f1","level":"INFO","thread":"main","class":"Runner","message":"Starting Ethereum main loop ... ","throwable":""}
{"timestamp":"2025-07-11T05:22:02,379","container":"5f93daac00f1","level":"INFO","thread":"main","class":"DockerNatManager","message":"Starting docker NAT manager.","throwable":""}
{"timestamp":"2025-07-11T05:22:02,540","container":"5f93daac00f1","level":"INFO","thread":"main","class":"NetworkRunner","message":"Starting Network.","throwable":""}
{"timestamp":"2025-07-11T05:22:02,602","container":"5f93daac00f1","level":"INFO","thread":"nioEventLoopGroup-2-1","class":"RlpxAgent","message":"P2P RLPx agent started and listening on /[0:0:0:0:0:0:0:0]:30303.","throwable":""}
{"timestamp":"2025-07-11T05:22:02,604","container":"5f93daac00f1","level":"INFO","thread":"main","class":"PeerDiscoveryAgent","message":"Starting peer discovery agent on host=0.0.0.0, port=30303","throwable":""}
{"timestamp":"2025-07-11T05:22:02,633","container":"5f93daac00f1","level":"INFO","thread":"vert.x-eventloop-thread-1","class":"VertxPeerDiscoveryAgent","message":"Started peer discovery agent successfully, on effective host=0:0:0:0:0:0:0:0%0 and port=30303","throwable":""}
{"timestamp":"2025-07-11T05:22:02,636","container":"5f93daac00f1","level":"INFO","thread":"main","class":"PeerDiscoveryAgent","message":"P2P peer discovery agent started and listening on /[0:0:0:0:0:0:0:0%0]:30303","throwable":""}
{"timestamp":"2025-07-11T05:22:02,762","container":"5f93daac00f1","level":"INFO","thread":"main","class":"PeerDiscoveryAgent","message":"Writing node record to disk. NodeRecord{seq=3, publicKey=0x0259cf0c623c582fa9b19bdf70fb6bade07f4ae32218dd4d1c7e2c7e65acf87da4, udpAddress=Optional[/10.0.0.203:30303], tcpAddress=Optional[/10.0.0.203:30303], asBase64=-Je4QMkAgOaIYm0vW-LwWIyBNGbg-9MVEZN5IpKXmg3jd8HzWLUa4m3ZEVKYB6VSe7IG92H2RDv4FWgnzHmWYTlkDU4Dg2V0aMfGhGpSrW2AgmlkgnY0gmlwhAoAAMuJc2VjcDI1NmsxoQJZzwxiPFgvqbGb33D7a63gf0rjIhjdTRx-LH5lrPh9pIN0Y3CCdl-DdWRwgnZf, nodeId=0x2a2fe7f9e880372cfd2bda0cce412f988377e31f4d0ff12d74df73b51c42d0ca, customFields={tcp=30303, udp=30303, ip=0x0a0000cb, eth=[[0x6a52ad6d, 0x]], id=V4, secp256k1=0x0259cf0c623c582fa9b19bdf70fb6bade07f4ae32218dd4d1c7e2c7e65acf87da4}}","throwable":""}
{"timestamp":"2025-07-11T05:22:02,863","container":"5f93daac00f1","level":"INFO","thread":"main","class":"DefaultP2PNetwork","message":"Enode URL enode://59cf0c623c582fa9b19bdf70fb6bade07f4ae32218dd4d1c7e2c7e65acf87da45cf2ab55d16d27360aafef17622c37c09db60d7680ebcc17b78867f4c05bcaa4@10.0.0.203:30303","throwable":""}
{"timestamp":"2025-07-11T05:22:02,863","container":"5f93daac00f1","level":"INFO","thread":"main","class":"DefaultP2PNetwork","message":"Node address 0xce412f988377e31f4d0ff12d74df73b51c42d0ca","throwable":""}
{"timestamp":"2025-07-11T05:22:02,957","container":"5f93daac00f1","level":"INFO","thread":"main","class":"NetworkRunner","message":"Supported capabilities: [eth/62, eth/63, eth/64, eth/65, eth/66, eth/67, eth/68], [istanbul/100], [snap/1]","throwable":""}
{"timestamp":"2025-07-11T05:22:02,957","container":"5f93daac00f1","level":"INFO","thread":"main","class":"DefaultSynchronizer","message":"Starting synchronizer.","throwable":""}
{"timestamp":"2025-07-11T05:22:02,970","container":"5f93daac00f1","level":"INFO","thread":"main","class":"TransactionPoolFactory","message":"Enabling transaction handling following initial sync","throwable":""}
{"timestamp":"2025-07-11T05:22:02,971","container":"5f93daac00f1","level":"INFO","thread":"main","class":"FullSyncDownloader","message":"Starting full sync.","throwable":""}
{"timestamp":"2025-07-11T05:22:02,973","container":"5f93daac00f1","level":"INFO","thread":"main","class":"FullSyncTargetManager","message":"Unable to find sync target. Currently checking 0 peers for usefulness","throwable":""}
{"timestamp":"2025-07-11T05:22:03,373","container":"5f93daac00f1","level":"INFO","thread":"main","class":"Runner","message":"Ethereum main loop is up.","throwable":""}
{"timestamp":"2025-07-11T05:22:07,996","container":"5f93daac00f1","level":"INFO","thread":"EthScheduler-Timer-0","class":"FullSyncTargetManager","message":"Unable to find sync target. Currently checking 0 peers for usefulness","throwable":""}
{"timestamp":"2025-07-11T05:22:12,997","container":"5f93daac00f1","level":"INFO","thread":"EthScheduler-Timer-0","class":"FullSyncTargetManager","message":"Unable to find sync target. Currently checking 0 peers for usefulness","throwable":""}
{"timestamp":"2025-07-11T05:22:17,998","container":"5f93daac00f1","level":"INFO","thread":"EthScheduler-Timer-0","class":"FullSyncTargetManager","message":"Unable to find sync target. Currently checking 0 peers for usefulness","throwable":""}
{"timestamp":"2025-07-11T05:22:22,999","container":"5f93daac00f1","level":"INFO","thread":"EthScheduler-Timer-0","class":"FullSyncTargetManager","message":"Unable to find sync target. Currently checking 0 peers for usefulness","throwable":""}
{"timestamp":"2025-07-11T05:22:28,000","container":"5f93daac00f1","level":"INFO","thread":"EthScheduler-Timer-0","class":"FullSyncTargetManager","message":"Unable to find sync target. Currently checking 0 peers for usefulness","throwable":""}
{"timestamp":"2025-07-11T05:22:33,001","container":"5f93daac00f1","level":"INFO","thread":"EthScheduler-Timer-0","class":"FullSyncTargetManager","message":"Unable to find sync target. Currently checking 0 peers for usefulness","throwable":""}
{"timestamp":"2025-07-11T05:22:38,002","container":"5f93daac00f1","level":"INFO","thread":"EthScheduler-Timer-0","class":"FullSyncTargetManager","message":"Unable to find sync target. Currently checking 0 peers for usefulness","throwable":""}
{"timestamp":"2025-07-11T05:22:43,002","container":"5f93daac00f1","level":"INFO","thread":"EthScheduler-Timer-0","class":"FullSyncTargetManager","message":"Unable to find sync target. Currently checking 0 peers for usefulness","throwable":""}
{"timestamp":"2025-07-11T05:22:48,003","container":"5f93daac00f1","level":"INFO","thread":"EthScheduler-Timer-0","class":"FullSyncTargetManager","message":"Unable to find sync target. Currently checking 0 peers for usefulness","throwable":""}
{"timestamp":"2025-07-11T05:22:53,004","container":"5f93daac00f1","level":"INFO","thread":"EthScheduler-Timer-0","class":"FullSyncTargetManager","message":"Unable to find sync target. Currently checking 0 peers for usefulness","throwable":""}
{"timestamp":"2025-07-11T05:22:58,005","container":"5f93daac00f1","level":"INFO","thread":"EthScheduler-Timer-0","class":"FullSyncTargetManager","message":"Unable to find sync target. Currently checking 0 peers for usefulness","throwable":""}
{"timestamp":"2025-07-11T05:23:01,097","container":"5f93daac00f1","level":"INFO","thread":"nioEventLoopGroup-3-10","class":"FullSyncTargetManager","message":"Unable to find sync target. Currently checking 1 peers for usefulness","throwable":""}
{"timestamp":"2025-07-11T05:23:13,925","container":"5f93daac00f1","level":"INFO","thread":"BftProcessorExecutor-QBFT-0","class":"QbftRound","message":"Importing proposed block to chain. round=ConsensusRoundIdentifier{Sequence=247, Round=3}, hash=0x54b9efcf8a1f787c1d412f8fed1a9fb2218fc3c3a41a70d53be7196d000fc765","throwable":""}
{"timestamp":"2025-07-11T05:23:13,969","container":"5f93daac00f1","level":"INFO","thread":"BftProcessorExecutor-QBFT-0","class":"QbftBesuControllerBuilder","message":"Imported #247 / 0 tx / 0 pending / 0 (0.0%) gas / (0x54b9efcf8a1f787c1d412f8fed1a9fb2218fc3c3a41a70d53be7196d000fc765)","throwable":""}
{"timestamp":"2025-07-11T05:23:22,965","container":"5f93daac00f1","level":"INFO","thread":"BftProcessorExecutor-QBFT-0","class":"QbftBesuControllerBuilder","message":"Imported #248 / 0 tx / 0 pending / 0 (0.0%) gas / (0x2f47aea0d9929bbacd43a801bc6e59f662c5834e9e827c8d33578dacc81ba634)","throwable":""}
{"timestamp":"2025-07-11T05:23:29,078","container":"5f93daac00f1","level":"INFO","thread":"BftProcessorExecutor-QBFT-0","class":"QbftBesuControllerBuilder","message":"Imported #249 / 0 tx / 0 pending / 0 (0.0%) gas / (0x94586effb8ae0641184eb1a3fc524238db4873735b8e17c36e50e452b7c2c7e6)","throwable":""}
{"timestamp":"2025-07-11T05:23:41,330","container":"5f93daac00f1","level":"INFO","thread":"BftProcessorExecutor-QBFT-0","class":"QbftBesuControllerBuilder","message":"Produced #250 / 0 tx / 0 pending / 0 (0.0%) gas / (0x0c7969bcaa838af53af3d544ddbea229032d0e1fc6f6183cd7e80ce4a4b13630)","throwable":""}
{"timestamp":"2025-07-11T05:23:45,059","container":"5f93daac00f1","level":"INFO","thread":"BftProcessorExecutor-QBFT-0","class":"QbftBesuControllerBuilder","message":"Imported #251 / 0 tx / 0 pending / 0 (0.0%) gas / (0xbcead054c5144f847b4ec30bb9b3790030b4fbdb535f7907ec2f11126fc1c355)","throwable":""}
{"timestamp":"2025-07-11T05:23:56,700","container":"5f93daac00f1","level":"INFO","thread":"EthScheduler-Timer-0","class":"FullSyncTargetManager","message":"Unable to find sync target. Currently checking 0 peers for usefulness","throwable":""}
{"timestamp":"2025-07-11T05:24:01,701","container":"5f93daac00f1","level":"INFO","thread":"EthScheduler-Timer-0","class":"FullSyncTargetManager","message":"Unable to find sync target. Currently checking 0 peers for usefulness","throwable":""}
{"timestamp":"2025-07-11T05:24:06,702","container":"5f93daac00f1","level":"INFO","thread":"EthScheduler-Timer-0","class":"FullSyncTargetManager","message":"Unable to find sync target. Currently checking 0 peers for usefulness","throwable":""}
{"timestamp":"2025-07-11T05:24:07,507","container":"5f93daac00f1","level":"INFO","thread":"BftProcessorExecutor-QBFT-0","class":"BftProcessor","message":"Shutting down BFT event processor","throwable":""}
{"timestamp":"2025-07-11T05:24:07,509","container":"5f93daac00f1","level":"INFO","thread":"BesuCommand-Shutdown-Hook","class":"DefaultSynchronizer","message":"Stopping synchronizer","throwable":""}
{"timestamp":"2025-07-11T05:24:07,512","container":"5f93daac00f1","level":"INFO","thread":"BesuCommand-Shutdown-Hook","class":"NetworkRunner","message":"Stopping Network.","throwable":""}
{"timestamp":"2025-07-11T05:24:07,524","container":"5f93daac00f1","level":"INFO","thread":"BesuCommand-Shutdown-Hook","class":"EthProtocolManager","message":"Stopping eth Subprotocol.","throwable":""}
{"timestamp":"2025-07-11T05:24:07,526","container":"5f93daac00f1","level":"INFO","thread":"BesuCommand-Shutdown-Hook","class":"EthProtocolManager","message":"eth Subprotocol stopped.","throwable":""}
{"timestamp":"2025-07-11T05:24:07,526","container":"5f93daac00f1","level":"INFO","thread":"BesuCommand-Shutdown-Hook","class":"NetworkRunner","message":"Network stopped.","throwable":""}
{"timestamp":"2025-07-11T05:24:07,527","container":"5f93daac00f1","level":"INFO","thread":"BesuCommand-Shutdown-Hook","class":"AutoTransactionLogBloomCachingService","message":"Shutting down Auto transaction logs caching service.","throwable":""}
{"timestamp":"2025-07-11T05:24:07,528","container":"5f93daac00f1","level":"INFO","thread":"BesuCommand-Shutdown-Hook","class":"DockerNatManager","message":"Stopping docker NAT manager.","throwable":""}
